2026-06-08 23:32:38,853 INFO run_start result_path=outputs/experimentation_fixed/results/results.csv resume=False rerun_failed=False completed=0 total=2640 device=cpu
2026-06-08 23:34:19,602 INFO row_complete 1/2640 dataset=erdos_renyi perturbation=edge_addition_deletion alpha=0.0 seed=0 workflow=structural_statistics_mmd status=success
2026-06-08 23:34:19,604 INFO row_complete 2/2640 dataset=erdos_renyi perturbation=edge_addition_deletion alpha=0.0 seed=0 workflow=wl_subtree_kernel_mmd status=success
2026-06-08 23:34:19,605 INFO row_complete 3/2640 dataset=erdos_renyi perturbation=edge_addition_deletion alpha=0.0 seed=0 workflow=netlsd_spectral_signatures status=success
2026-06-08 23:34:19,605 INFO row_complete 4/2640 dataset=erdos_renyi perturbation=edge_addition_deletion alpha=0.0 seed=0 workflow=diversity_curves_shortest_path status=success
2026-06-08 23:35:52,187 INFO row_complete 5/2640 dataset=erdos_renyi perturbation=edge_addition_deletion alpha=0.1 seed=0 workflow=structural_statistics_mmd status=success
2026-06-08 23:35:52,189 INFO row_complete 6/2640 dataset=erdos_renyi perturbation=edge_addition_deletion alpha=0.1 seed=0 workflow=wl_subtree_kernel_mmd status=success
2026-06-08 23:35:52,192 INFO row_complete 7/2640 dataset=erdos_renyi perturbation=edge_addition_deletion alpha=0.1 seed=0 workflow=netlsd_spectral_signatures status=success
2026-06-08 23:35:52,193 INFO row_complete 8/2640 dataset=erdos_renyi perturbation=edge_addition_deletion alpha=0.1 seed=0 workflow=diversity_curves_shortest_path status=success
2026-06-08 23:37:25,213 INFO row_complete 9/2640 dataset=erdos_renyi perturbation=edge_addition_deletion alpha=0.2 seed=0 workflow=structural_statistics_mmd status=success
2026-06-08 23:37:25,215 INFO row_complete 10/2640 dataset=erdos_renyi perturbation=edge_addition_deletion alpha=0.2 seed=0 workflow=wl_subtree_kernel_mmd status=success
2026-06-08 23:37:25,216 INFO row_complete 11/2640 dataset=erdos_renyi perturbation=edge_addition_deletion alpha=0.2 seed=0 workflow=netlsd_spectral_signatures status=success
2026-06-08 23:37:25,217 INFO row_complete 12/2640 dataset=erdos_renyi perturbation=edge_addition_deletion alpha=0.2 seed=0 workflow=diversity_curves_shortest_path status=success
2026-06-08 23:38:58,661 INFO row_complete 13/2640 dataset=erdos_renyi perturbation=edge_addition_deletion alpha=0.3 seed=0 workflow=structural_statistics_mmd status=success
2026-06-08 23:38:58,663 INFO row_complete 14/2640 dataset=erdos_renyi perturbation=edge_addition_deletion alpha=0.3 seed=0 workflow=wl_subtree_kernel_mmd status=success
2026-06-08 23:38:58,664 INFO row_complete 15/2640 dataset=erdos_renyi perturbation=edge_addition_deletion alpha=0.3 seed=0 workflow=netlsd_spectral_signatures status=success
2026-06-08 23:38:58,664 INFO row_complete 16/2640 dataset=erdos_renyi perturbation=edge_addition_deletion alpha=0.3 seed=0 workflow=diversity_curves_shortest_path status=success
2026-06-08 23:40:31,809 INFO row_complete 17/2640 dataset=erdos_renyi perturbation=edge_addition_deletion alpha=0.4 seed=0 workflow=structural_statistics_mmd status=success
2026-06-08 23:40:31,811 INFO row_complete 18/2640 dataset=erdos_renyi perturbation=edge_addition_deletion alpha=0.4 seed=0 workflow=wl_subtree_kernel_mmd status=success
2026-06-08 23:40:31,813 INFO row_complete 19/2640 dataset=erdos_renyi perturbation=edge_addition_deletion alpha=0.4 seed=0 workflow=netlsd_spectral_signatures status=success
2026-06-08 23:40:31,816 INFO row_complete 20/2640 dataset=erdos_renyi perturbation=edge_addition_deletion alpha=0.4 seed=0 workflow=diversity_curves_shortest_path status=success
2026-06-08 23:42:05,158 INFO row_complete 21/2640 dataset=erdos_renyi perturbation=edge_addition_deletion alpha=0.5 seed=0 workflow=structural_statistics_mmd status=success
2026-06-08 23:42:05,160 INFO row_complete 22/2640 dataset=erdos_renyi perturbation=edge_addition_deletion alpha=0.5 seed=0 workflow=wl_subtree_kernel_mmd status=success
2026-06-08 23:42:05,161 INFO row_complete 23/2640 dataset=erdos_renyi perturbation=edge_addition_deletion alpha=0.5 seed=0 workflow=netlsd_spectral_signatures status=success
2026-06-08 23:42:05,163 INFO row_complete 24/2640 dataset=erdos_renyi perturbation=edge_addition_deletion alpha=0.5 seed=0 workflow=diversity_curves_shortest_path status=success
2026-06-08 23:43:39,084 INFO row_complete 25/2640 dataset=erdos_renyi perturbation=edge_addition_deletion alpha=0.6 seed=0 workflow=structural_statistics_mmd status=success
2026-06-08 23:43:39,085 INFO row_complete 26/2640 dataset=erdos_renyi perturbation=edge_addition_deletion alpha=0.6 seed=0 workflow=wl_subtree_kernel_mmd status=success
2026-06-08 23:43:39,086 INFO row_complete 27/2640 dataset=erdos_renyi perturbation=edge_addition_deletion alpha=0.6 seed=0 workflow=netlsd_spectral_signatures status=success
2026-06-08 23:43:39,087 INFO row_complete 28/2640 dataset=erdos_renyi perturbation=edge_addition_deletion alpha=0.6 seed=0 workflow=diversity_curves_shortest_path status=success
2026-06-08 23:45:12,541 INFO row_complete 29/2640 dataset=erdos_renyi perturbation=edge_addition_deletion alpha=0.7 seed=0 workflow=structural_statistics_mmd status=success
2026-06-08 23:45:12,542 INFO row_complete 30/2640 dataset=erdos_renyi perturbation=edge_addition_deletion alpha=0.7 seed=0 workflow=wl_subtree_kernel_mmd status=success
2026-06-08 23:45:12,544 INFO row_complete 31/2640 dataset=erdos_renyi perturbation=edge_addition_deletion alpha=0.7 seed=0 workflow=netlsd_spectral_signatures status=success
2026-06-08 23:45:12,545 INFO row_complete 32/2640 dataset=erdos_renyi perturbation=edge_addition_deletion alpha=0.7 seed=0 workflow=diversity_curves_shortest_path status=success
2026-06-08 23:46:46,506 INFO row_complete 33/2640 dataset=erdos_renyi perturbation=edge_addition_deletion alpha=0.8 seed=0 workflow=structural_statistics_mmd status=success
2026-06-08 23:46:46,508 INFO row_complete 34/2640 dataset=erdos_renyi perturbation=edge_addition_deletion alpha=0.8 seed=0 workflow=wl_subtree_kernel_mmd status=success
2026-06-08 23:46:46,509 INFO row_complete 35/2640 dataset=erdos_renyi perturbation=edge_addition_deletion alpha=0.8 seed=0 workflow=netlsd_spectral_signatures status=success
2026-06-08 23:46:46,511 INFO row_complete 36/2640 dataset=erdos_renyi perturbation=edge_addition_deletion alpha=0.8 seed=0 workflow=diversity_curves_shortest_path status=success
2026-06-08 23:48:19,901 INFO row_complete 37/2640 dataset=erdos_renyi perturbation=edge_addition_deletion alpha=0.9 seed=0 workflow=structural_statistics_mmd status=success
2026-06-08 23:48:19,902 INFO row_complete 38/2640 dataset=erdos_renyi perturbation=edge_addition_deletion alpha=0.9 seed=0 workflow=wl_subtree_kernel_mmd status=success
2026-06-08 23:48:19,903 INFO row_complete 39/2640 dataset=erdos_renyi perturbation=edge_addition_deletion alpha=0.9 seed=0 workflow=netlsd_spectral_signatures status=success
2026-06-08 23:48:19,904 INFO row_complete 40/2640 dataset=erdos_renyi perturbation=edge_addition_deletion alpha=0.9 seed=0 workflow=diversity_curves_shortest_path status=success
2026-06-08 23:49:53,074 INFO row_complete 41/2640 dataset=erdos_renyi perturbation=edge_addition_deletion alpha=1.0 seed=0 workflow=structural_statistics_mmd status=success
2026-06-08 23:49:53,075 INFO row_complete 42/2640 dataset=erdos_renyi perturbation=edge_addition_deletion alpha=1.0 seed=0 workflow=wl_subtree_kernel_mmd status=success
2026-06-08 23:49:53,076 INFO row_complete 43/2640 dataset=erdos_renyi perturbation=edge_addition_deletion alpha=1.0 seed=0 workflow=netlsd_spectral_signatures status=success
2026-06-08 23:49:53,077 INFO row_complete 44/2640 dataset=erdos_renyi perturbation=edge_addition_deletion alpha=1.0 seed=0 workflow=diversity_curves_shortest_path status=success
2026-06-08 23:51:26,762 INFO row_complete 45/2640 dataset=erdos_renyi perturbation=triangle_injection_removal alpha=0.0 seed=0 workflow=structural_statistics_mmd status=success
2026-06-08 23:51:26,763 INFO row_complete 46/2640 dataset=erdos_renyi perturbation=triangle_injection_removal alpha=0.0 seed=0 workflow=wl_subtree_kernel_mmd status=success
2026-06-08 23:51:26,764 INFO row_complete 47/2640 dataset=erdos_renyi perturbation=triangle_injection_removal alpha=0.0 seed=0 workflow=netlsd_spectral_signatures status=success
2026-06-08 23:51:26,766 INFO row_complete 48/2640 dataset=erdos_renyi perturbation=triangle_injection_removal alpha=0.0 seed=0 workflow=diversity_curves_shortest_path status=success
2026-06-08 23:53:00,884 INFO row_complete 49/2640 dataset=erdos_renyi perturbation=triangle_injection_removal alpha=0.1 seed=0 workflow=structural_statistics_mmd status=success
2026-06-08 23:53:00,886 INFO row_complete 50/2640 dataset=erdos_renyi perturbation=triangle_injection_removal alpha=0.1 seed=0 workflow=wl_subtree_kernel_mmd status=success
2026-06-08 23:53:00,887 INFO row_complete 51/2640 dataset=erdos_renyi perturbation=triangle_injection_removal alpha=0.1 seed=0 workflow=netlsd_spectral_signatures status=success
2026-06-08 23:53:00,888 INFO row_complete 52/2640 dataset=erdos_renyi perturbation=triangle_injection_removal alpha=0.1 seed=0 workflow=diversity_curves_shortest_path status=success
2026-06-08 23:54:34,852 INFO row_complete 53/2640 dataset=erdos_renyi perturbation=triangle_injection_removal alpha=0.2 seed=0 workflow=structural_statistics_mmd status=success
2026-06-08 23:54:34,853 INFO row_complete 54/2640 dataset=erdos_renyi perturbation=triangle_injection_removal alpha=0.2 seed=0 workflow=wl_subtree_kernel_mmd status=success
2026-06-08 23:54:34,854 INFO row_complete 55/2640 dataset=erdos_renyi perturbation=triangle_injection_removal alpha=0.2 seed=0 workflow=netlsd_spectral_signatures status=success
2026-06-08 23:54:34,855 INFO row_complete 56/2640 dataset=erdos_renyi perturbation=triangle_injection_removal alpha=0.2 seed=0 workflow=diversity_curves_shortest_path status=success
2026-06-08 23:56:08,962 INFO row_complete 57/2640 dataset=erdos_renyi perturbation=triangle_injection_removal alpha=0.3 seed=0 workflow=structural_statistics_mmd status=success
2026-06-08 23:56:08,965 INFO row_complete 58/2640 dataset=erdos_renyi perturbation=triangle_injection_removal alpha=0.3 seed=0 workflow=wl_subtree_kernel_mmd status=success
2026-06-08 23:56:08,966 INFO row_complete 59/2640 dataset=erdos_renyi perturbation=triangle_injection_removal alpha=0.3 seed=0 workflow=netlsd_spectral_signatures status=success
2026-06-08 23:56:08,967 INFO row_complete 60/2640 dataset=erdos_renyi perturbation=triangle_injection_removal alpha=0.3 seed=0 workflow=diversity_curves_shortest_path status=success
2026-06-08 23:57:43,103 INFO row_complete 61/2640 dataset=erdos_renyi perturbation=triangle_injection_removal alpha=0.4 seed=0 workflow=structural_statistics_mmd status=success
2026-06-08 23:57:43,104 INFO row_complete 62/2640 dataset=erdos_renyi perturbation=triangle_injection_removal alpha=0.4 seed=0 workflow=wl_subtree_kernel_mmd status=success
2026-06-08 23:57:43,105 INFO row_complete 63/2640 dataset=erdos_renyi perturbation=triangle_injection_removal alpha=0.4 seed=0 workflow=netlsd_spectral_signatures status=success
2026-06-08 23:57:43,106 INFO row_complete 64/2640 dataset=erdos_renyi perturbation=triangle_injection_removal alpha=0.4 seed=0 workflow=diversity_curves_shortest_path status=success
2026-06-08 23:59:17,782 INFO row_complete 65/2640 dataset=erdos_renyi perturbation=triangle_injection_removal alpha=0.5 seed=0 workflow=structural_statistics_mmd status=success
2026-06-08 23:59:17,783 INFO row_complete 66/2640 dataset=erdos_renyi perturbation=triangle_injection_removal alpha=0.5 seed=0 workflow=wl_subtree_kernel_mmd status=success
2026-06-08 23:59:17,784 INFO row_complete 67/2640 dataset=erdos_renyi perturbation=triangle_injection_removal alpha=0.5 seed=0 workflow=netlsd_spectral_signatures status=success
2026-06-08 23:59:17,785 INFO row_complete 68/2640 dataset=erdos_renyi perturbation=triangle_injection_removal alpha=0.5 seed=0 workflow=diversity_curves_shortest_path status=success
2026-06-09 00:00:52,270 INFO row_complete 69/2640 dataset=erdos_renyi perturbation=triangle_injection_removal alpha=0.6 seed=0 workflow=structural_statistics_mmd status=success
2026-06-09 00:00:52,271 INFO row_complete 70/2640 dataset=erdos_renyi perturbation=triangle_injection_removal alpha=0.6 seed=0 workflow=wl_subtree_kernel_mmd status=success
2026-06-09 00:00:52,272 INFO row_complete 71/2640 dataset=erdos_renyi perturbation=triangle_injection_removal alpha=0.6 seed=0 workflow=netlsd_spectral_signatures status=success
2026-06-09 00:00:52,273 INFO row_complete 72/2640 dataset=erdos_renyi perturbation=triangle_injection_removal alpha=0.6 seed=0 workflow=diversity_curves_shortest_path status=success
2026-06-09 00:02:26,643 INFO row_complete 73/2640 dataset=erdos_renyi perturbation=triangle_injection_removal alpha=0.7 seed=0 workflow=structural_statistics_mmd status=success
2026-06-09 00:02:26,645 INFO row_complete 74/2640 dataset=erdos_renyi perturbation=triangle_injection_removal alpha=0.7 seed=0 workflow=wl_subtree_kernel_mmd status=success
2026-06-09 00:02:26,646 INFO row_complete 75/2640 dataset=erdos_renyi perturbation=triangle_injection_removal alpha=0.7 seed=0 workflow=netlsd_spectral_signatures status=success
2026-06-09 00:02:26,647 INFO row_complete 76/2640 dataset=erdos_renyi perturbation=triangle_injection_removal alpha=0.7 seed=0 workflow=diversity_curves_shortest_path status=success
2026-06-09 00:04:01,001 INFO row_complete 77/2640 dataset=erdos_renyi perturbation=triangle_injection_removal alpha=0.8 seed=0 workflow=structural_statistics_mmd status=success
2026-06-09 00:04:01,002 INFO row_complete 78/2640 dataset=erdos_renyi perturbation=triangle_injection_removal alpha=0.8 seed=0 workflow=wl_subtree_kernel_mmd status=success
2026-06-09 00:04:01,003 INFO row_complete 79/2640 dataset=erdos_renyi perturbation=triangle_injection_removal alpha=0.8 seed=0 workflow=netlsd_spectral_signatures status=success
2026-06-09 00:04:01,004 INFO row_complete 80/2640 dataset=erdos_renyi perturbation=triangle_injection_removal alpha=0.8 seed=0 workflow=diversity_curves_shortest_path status=success
2026-06-09 00:05:35,256 INFO row_complete 81/2640 dataset=erdos_renyi perturbation=triangle_injection_removal alpha=0.9 seed=0 workflow=structural_statistics_mmd status=success
2026-06-09 00:05:35,258 INFO row_complete 82/2640 dataset=erdos_renyi perturbation=triangle_injection_removal alpha=0.9 seed=0 workflow=wl_subtree_kernel_mmd status=success
2026-06-09 00:05:35,259 INFO row_complete 83/2640 dataset=erdos_renyi perturbation=triangle_injection_removal alpha=0.9 seed=0 workflow=netlsd_spectral_signatures status=success
2026-06-09 00:05:35,260 INFO row_complete 84/2640 dataset=erdos_renyi perturbation=triangle_injection_removal alpha=0.9 seed=0 workflow=diversity_curves_shortest_path status=success
2026-06-09 00:07:09,914 INFO row_complete 85/2640 dataset=erdos_renyi perturbation=triangle_injection_removal alpha=1.0 seed=0 workflow=structural_statistics_mmd status=success
2026-06-09 00:07:09,916 INFO row_complete 86/2640 dataset=erdos_renyi perturbation=triangle_injection_removal alpha=1.0 seed=0 workflow=wl_subtree_kernel_mmd status=success
2026-06-09 00:07:09,918 INFO row_complete 87/2640 dataset=erdos_renyi perturbation=triangle_injection_removal alpha=1.0 seed=0 workflow=netlsd_spectral_signatures status=success
2026-06-09 00:07:09,919 INFO row_complete 88/2640 dataset=erdos_renyi perturbation=triangle_injection_removal alpha=1.0 seed=0 workflow=diversity_curves_shortest_path status=success
2026-06-09 00:07:09,938 INFO row_complete 89/2640 dataset=erdos_renyi perturbation=community_weakening alpha=0.0 seed=0 workflow=structural_statistics_mmd status=skipped
2026-06-09 00:07:09,939 INFO row_complete 90/2640 dataset=erdos_renyi perturbation=community_weakening alpha=0.0 seed=0 workflow=wl_subtree_kernel_mmd status=skipped
2026-06-09 00:07:09,940 INFO row_complete 91/2640 dataset=erdos_renyi perturbation=community_weakening alpha=0.0 seed=0 workflow=netlsd_spectral_signatures status=skipped
2026-06-09 00:07:09,941 INFO row_complete 92/2640 dataset=erdos_renyi perturbation=community_weakening alpha=0.0 seed=0 workflow=diversity_curves_shortest_path status=skipped
2026-06-09 00:07:09,957 INFO row_complete 93/2640 dataset=erdos_renyi perturbation=community_weakening alpha=0.1 seed=0 workflow=structural_statistics_mmd status=skipped
2026-06-09 00:07:09,958 INFO row_complete 94/2640 dataset=erdos_renyi perturbation=community_weakening alpha=0.1 seed=0 workflow=wl_subtree_kernel_mmd status=skipped
2026-06-09 00:07:09,959 INFO row_complete 95/2640 dataset=erdos_renyi perturbation=community_weakening alpha=0.1 seed=0 workflow=netlsd_spectral_signatures status=skipped
2026-06-09 00:07:09,960 INFO row_complete 96/2640 dataset=erdos_renyi perturbation=community_weakening alpha=0.1 seed=0 workflow=diversity_curves_shortest_path status=skipped
2026-06-09 00:07:09,982 INFO row_complete 97/2640 dataset=erdos_renyi perturbation=community_weakening alpha=0.2 seed=0 workflow=structural_statistics_mmd status=skipped
2026-06-09 00:07:09,983 INFO row_complete 98/2640 dataset=erdos_renyi perturbation=community_weakening alpha=0.2 seed=0 workflow=wl_subtree_kernel_mmd status=skipped
2026-06-09 00:07:09,984 INFO row_complete 99/2640 dataset=erdos_renyi perturbation=community_weakening alpha=0.2 seed=0 workflow=netlsd_spectral_signatures status=skipped
2026-06-09 00:07:09,985 INFO row_complete 100/2640 dataset=erdos_renyi perturbation=community_weakening alpha=0.2 seed=0 workflow=diversity_curves_shortest_path status=skipped
2026-06-09 00:07:10,000 INFO row_complete 101/2640 dataset=erdos_renyi perturbation=community_weakening alpha=0.3 seed=0 workflow=structural_statistics_mmd status=skipped
2026-06-09 00:07:10,001 INFO row_complete 102/2640 dataset=erdos_renyi perturbation=community_weakening alpha=0.3 seed=0 workflow=wl_subtree_kernel_mmd status=skipped
2026-06-09 00:07:10,002 INFO row_complete 103/2640 dataset=erdos_renyi perturbation=community_weakening alpha=0.3 seed=0 workflow=netlsd_spectral_signatures status=skipped
2026-06-09 00:07:10,003 INFO row_complete 104/2640 dataset=erdos_renyi perturbation=community_weakening alpha=0.3 seed=0 workflow=diversity_curves_shortest_path status=skipped
2026-06-09 00:07:10,018 INFO row_complete 105/2640 dataset=erdos_renyi perturbation=community_weakening alpha=0.4 seed=0 workflow=structural_statistics_mmd status=skipped
2026-06-09 00:07:10,019 INFO row_complete 106/2640 dataset=erdos_renyi perturbation=community_weakening alpha=0.4 seed=0 workflow=wl_subtree_kernel_mmd status=skipped
2026-06-09 00:07:10,020 INFO row_complete 107/2640 dataset=erdos_renyi perturbation=community_weakening alpha=0.4 seed=0 workflow=netlsd_spectral_signatures status=skipped
2026-06-09 00:07:10,021 INFO row_complete 108/2640 dataset=erdos_renyi perturbation=community_weakening alpha=0.4 seed=0 workflow=diversity_curves_shortest_path status=skipped
2026-06-09 00:07:10,036 INFO row_complete 109/2640 dataset=erdos_renyi perturbation=community_weakening alpha=0.5 seed=0 workflow=structural_statistics_mmd status=skipped
2026-06-09 00:07:10,037 INFO row_complete 110/2640 dataset=erdos_renyi perturbation=community_weakening alpha=0.5 seed=0 workflow=wl_subtree_kernel_mmd status=skipped
2026-06-09 00:07:10,038 INFO row_complete 111/2640 dataset=erdos_renyi perturbation=community_weakening alpha=0.5 seed=0 workflow=netlsd_spectral_signatures status=skipped
2026-06-09 00:07:10,039 INFO row_complete 112/2640 dataset=erdos_renyi perturbation=community_weakening alpha=0.5 seed=0 workflow=diversity_curves_shortest_path status=skipped
2026-06-09 00:07:10,055 INFO row_complete 113/2640 dataset=erdos_renyi perturbation=community_weakening alpha=0.6 seed=0 workflow=structural_statistics_mmd status=skipped
2026-06-09 00:07:10,056 INFO row_complete 114/2640 dataset=erdos_renyi perturbation=community_weakening alpha=0.6 seed=0 workflow=wl_subtree_kernel_mmd status=skipped
2026-06-09 00:07:10,057 INFO row_complete 115/2640 dataset=erdos_renyi perturbation=community_weakening alpha=0.6 seed=0 workflow=netlsd_spectral_signatures status=skipped
2026-06-09 00:07:10,058 INFO row_complete 116/2640 dataset=erdos_renyi perturbation=community_weakening alpha=0.6 seed=0 workflow=diversity_curves_shortest_path status=skipped
2026-06-09 00:07:10,073 INFO row_complete 117/2640 dataset=erdos_renyi perturbation=community_weakening alpha=0.7 seed=0 workflow=structural_statistics_mmd status=skipped
2026-06-09 00:07:10,074 INFO row_complete 118/2640 dataset=erdos_renyi perturbation=community_weakening alpha=0.7 seed=0 workflow=wl_subtree_kernel_mmd status=skipped
2026-06-09 00:07:10,075 INFO row_complete 119/2640 dataset=erdos_renyi perturbation=community_weakening alpha=0.7 seed=0 workflow=netlsd_spectral_signatures status=skipped
2026-06-09 00:07:10,076 INFO row_complete 120/2640 dataset=erdos_renyi perturbation=community_weakening alpha=0.7 seed=0 workflow=diversity_curves_shortest_path status=skipped
2026-06-09 00:07:10,091 INFO row_complete 121/2640 dataset=erdos_renyi perturbation=community_weakening alpha=0.8 seed=0 workflow=structural_statistics_mmd status=skipped
2026-06-09 00:07:10,092 INFO row_complete 122/2640 dataset=erdos_renyi perturbation=community_weakening alpha=0.8 seed=0 workflow=wl_subtree_kernel_mmd status=skipped
2026-06-09 00:07:10,093 INFO row_complete 123/2640 dataset=erdos_renyi perturbation=community_weakening alpha=0.8 seed=0 workflow=netlsd_spectral_signatures status=skipped
2026-06-09 00:07:10,094 INFO row_complete 124/2640 dataset=erdos_renyi perturbation=community_weakening alpha=0.8 seed=0 workflow=diversity_curves_shortest_path status=skipped
2026-06-09 00:07:10,110 INFO row_complete 125/2640 dataset=erdos_renyi perturbation=community_weakening alpha=0.9 seed=0 workflow=structural_statistics_mmd status=skipped
2026-06-09 00:07:10,110 INFO row_complete 126/2640 dataset=erdos_renyi perturbation=community_weakening alpha=0.9 seed=0 workflow=wl_subtree_kernel_mmd status=skipped
2026-06-09 00:07:10,111 INFO row_complete 127/2640 dataset=erdos_renyi perturbation=community_weakening alpha=0.9 seed=0 workflow=netlsd_spectral_signatures status=skipped
2026-06-09 00:07:10,112 INFO row_complete 128/2640 dataset=erdos_renyi perturbation=community_weakening alpha=0.9 seed=0 workflow=diversity_curves_shortest_path status=skipped
2026-06-09 00:07:10,129 INFO row_complete 129/2640 dataset=erdos_renyi perturbation=community_weakening alpha=1.0 seed=0 workflow=structural_statistics_mmd status=skipped
2026-06-09 00:07:10,130 INFO row_complete 130/2640 dataset=erdos_renyi perturbation=community_weakening alpha=1.0 seed=0 workflow=wl_subtree_kernel_mmd status=skipped
2026-06-09 00:07:10,130 INFO row_complete 131/2640 dataset=erdos_renyi perturbation=community_weakening alpha=1.0 seed=0 workflow=netlsd_spectral_signatures status=skipped
2026-06-09 00:07:10,131 INFO row_complete 132/2640 dataset=erdos_renyi perturbation=community_weakening alpha=1.0 seed=0 workflow=diversity_curves_shortest_path status=skipped
2026-06-09 00:08:44,160 INFO row_complete 133/2640 dataset=erdos_renyi perturbation=hub_modification alpha=0.0 seed=0 workflow=structural_statistics_mmd status=success
2026-06-09 00:08:44,161 INFO row_complete 134/2640 dataset=erdos_renyi perturbation=hub_modification alpha=0.0 seed=0 workflow=wl_subtree_kernel_mmd status=success
2026-06-09 00:08:44,162 INFO row_complete 135/2640 dataset=erdos_renyi perturbation=hub_modification alpha=0.0 seed=0 workflow=netlsd_spectral_signatures status=success
2026-06-09 00:08:44,163 INFO row_complete 136/2640 dataset=erdos_renyi perturbation=hub_modification alpha=0.0 seed=0 workflow=diversity_curves_shortest_path status=success
2026-06-09 00:10:18,464 INFO row_complete 137/2640 dataset=erdos_renyi perturbation=hub_modification alpha=0.1 seed=0 workflow=structural_statistics_mmd status=success
2026-06-09 00:10:18,465 INFO row_complete 138/2640 dataset=erdos_renyi perturbation=hub_modification alpha=0.1 seed=0 workflow=wl_subtree_kernel_mmd status=success
2026-06-09 00:10:18,466 INFO row_complete 139/2640 dataset=erdos_renyi perturbation=hub_modification alpha=0.1 seed=0 workflow=netlsd_spectral_signatures status=success
2026-06-09 00:10:18,467 INFO row_complete 140/2640 dataset=erdos_renyi perturbation=hub_modification alpha=0.1 seed=0 workflow=diversity_curves_shortest_path status=success
2026-06-09 00:11:52,874 INFO row_complete 141/2640 dataset=erdos_renyi perturbation=hub_modification alpha=0.2 seed=0 workflow=structural_statistics_mmd status=success
2026-06-09 00:11:52,875 INFO row_complete 142/2640 dataset=erdos_renyi perturbation=hub_modification alpha=0.2 seed=0 workflow=wl_subtree_kernel_mmd status=success
2026-06-09 00:11:52,876 INFO row_complete 143/2640 dataset=erdos_renyi perturbation=hub_modification alpha=0.2 seed=0 workflow=netlsd_spectral_signatures status=success
2026-06-09 00:11:52,877 INFO row_complete 144/2640 dataset=erdos_renyi perturbation=hub_modification alpha=0.2 seed=0 workflow=diversity_curves_shortest_path status=success
2026-06-09 00:13:26,599 INFO row_complete 145/2640 dataset=erdos_renyi perturbation=hub_modification alpha=0.3 seed=0 workflow=structural_statistics_mmd status=success
2026-06-09 00:13:26,601 INFO row_complete 146/2640 dataset=erdos_renyi perturbation=hub_modification alpha=0.3 seed=0 workflow=wl_subtree_kernel_mmd status=success
2026-06-09 00:13:26,602 INFO row_complete 147/2640 dataset=erdos_renyi perturbation=hub_modification alpha=0.3 seed=0 workflow=netlsd_spectral_signatures status=success
2026-06-09 00:13:26,603 INFO row_complete 148/2640 dataset=erdos_renyi perturbation=hub_modification alpha=0.3 seed=0 workflow=diversity_curves_shortest_path status=success
2026-06-09 00:15:00,588 INFO row_complete 149/2640 dataset=erdos_renyi perturbation=hub_modification alpha=0.4 seed=0 workflow=structural_statistics_mmd status=success
2026-06-09 00:15:00,590 INFO row_complete 150/2640 dataset=erdos_renyi perturbation=hub_modification alpha=0.4 seed=0 workflow=wl_subtree_kernel_mmd status=success
2026-06-09 00:15:00,593 INFO row_complete 151/2640 dataset=erdos_renyi perturbation=hub_modification alpha=0.4 seed=0 workflow=netlsd_spectral_signatures status=success
2026-06-09 00:15:00,595 INFO row_complete 152/2640 dataset=erdos_renyi perturbation=hub_modification alpha=0.4 seed=0 workflow=diversity_curves_shortest_path status=success
2026-06-09 00:16:34,576 INFO row_complete 153/2640 dataset=erdos_renyi perturbation=hub_modification alpha=0.5 seed=0 workflow=structural_statistics_mmd status=success
2026-06-09 00:16:34,578 INFO row_complete 154/2640 dataset=erdos_renyi perturbation=hub_modification alpha=0.5 seed=0 workflow=wl_subtree_kernel_mmd status=success
2026-06-09 00:16:34,579 INFO row_complete 155/2640 dataset=erdos_renyi perturbation=hub_modification alpha=0.5 seed=0 workflow=netlsd_spectral_signatures status=success
2026-06-09 00:16:34,580 INFO row_complete 156/2640 dataset=erdos_renyi perturbation=hub_modification alpha=0.5 seed=0 workflow=diversity_curves_shortest_path status=success
2026-06-09 00:18:08,508 INFO row_complete 157/2640 dataset=erdos_renyi perturbation=hub_modification alpha=0.6 seed=0 workflow=structural_statistics_mmd status=success
2026-06-09 00:18:08,509 INFO row_complete 158/2640 dataset=erdos_renyi perturbation=hub_modification alpha=0.6 seed=0 workflow=wl_subtree_kernel_mmd status=success
2026-06-09 00:18:08,510 INFO row_complete 159/2640 dataset=erdos_renyi perturbation=hub_modification alpha=0.6 seed=0 workflow=netlsd_spectral_signatures status=success
2026-06-09 00:18:08,511 INFO row_complete 160/2640 dataset=erdos_renyi perturbation=hub_modification alpha=0.6 seed=0 workflow=diversity_curves_shortest_path status=success
2026-06-09 00:19:42,335 INFO row_complete 161/2640 dataset=erdos_renyi perturbation=hub_modification alpha=0.7 seed=0 workflow=structural_statistics_mmd status=success
2026-06-09 00:19:42,338 INFO row_complete 162/2640 dataset=erdos_renyi perturbation=hub_modification alpha=0.7 seed=0 workflow=wl_subtree_kernel_mmd status=success
2026-06-09 00:19:42,339 INFO row_complete 163/2640 dataset=erdos_renyi perturbation=hub_modification alpha=0.7 seed=0 workflow=netlsd_spectral_signatures status=success
2026-06-09 00:19:42,340 INFO row_complete 164/2640 dataset=erdos_renyi perturbation=hub_modification alpha=0.7 seed=0 workflow=diversity_curves_shortest_path status=success
2026-06-09 00:21:16,248 INFO row_complete 165/2640 dataset=erdos_renyi perturbation=hub_modification alpha=0.8 seed=0 workflow=structural_statistics_mmd status=success
2026-06-09 00:21:16,249 INFO row_complete 166/2640 dataset=erdos_renyi perturbation=hub_modification alpha=0.8 seed=0 workflow=wl_subtree_kernel_mmd status=success
2026-06-09 00:21:16,250 INFO row_complete 167/2640 dataset=erdos_renyi perturbation=hub_modification alpha=0.8 seed=0 workflow=netlsd_spectral_signatures status=success
2026-06-09 00:21:16,251 INFO row_complete 168/2640 dataset=erdos_renyi perturbation=hub_modification alpha=0.8 seed=0 workflow=diversity_curves_shortest_path status=success
2026-06-09 00:22:49,858 INFO row_complete 169/2640 dataset=erdos_renyi perturbation=hub_modification alpha=0.9 seed=0 workflow=structural_statistics_mmd status=success
2026-06-09 00:22:49,859 INFO row_complete 170/2640 dataset=erdos_renyi perturbation=hub_modification alpha=0.9 seed=0 workflow=wl_subtree_kernel_mmd status=success
2026-06-09 00:22:49,859 INFO row_complete 171/2640 dataset=erdos_renyi perturbation=hub_modification alpha=0.9 seed=0 workflow=netlsd_spectral_signatures status=success
2026-06-09 00:22:49,860 INFO row_complete 172/2640 dataset=erdos_renyi perturbation=hub_modification alpha=0.9 seed=0 workflow=diversity_curves_shortest_path status=success
2026-06-09 00:24:23,582 INFO row_complete 173/2640 dataset=erdos_renyi perturbation=hub_modification alpha=1.0 seed=0 workflow=structural_statistics_mmd status=success
2026-06-09 00:24:23,584 INFO row_complete 174/2640 dataset=erdos_renyi perturbation=hub_modification alpha=1.0 seed=0 workflow=wl_subtree_kernel_mmd status=success
2026-06-09 00:24:23,586 INFO row_complete 175/2640 dataset=erdos_renyi perturbation=hub_modification alpha=1.0 seed=0 workflow=netlsd_spectral_signatures status=success
2026-06-09 00:24:23,587 INFO row_complete 176/2640 dataset=erdos_renyi perturbation=hub_modification alpha=1.0 seed=0 workflow=diversity_curves_shortest_path status=success
2026-06-09 00:25:54,147 INFO row_complete 177/2640 dataset=stochastic_block_model perturbation=edge_addition_deletion alpha=0.0 seed=0 workflow=structural_statistics_mmd status=success
2026-06-09 00:25:54,148 INFO row_complete 178/2640 dataset=stochastic_block_model perturbation=edge_addition_deletion alpha=0.0 seed=0 workflow=wl_subtree_kernel_mmd status=success
2026-06-09 00:25:54,150 INFO row_complete 179/2640 dataset=stochastic_block_model perturbation=edge_addition_deletion alpha=0.0 seed=0 workflow=netlsd_spectral_signatures status=success
2026-06-09 00:25:54,151 INFO row_complete 180/2640 dataset=stochastic_block_model perturbation=edge_addition_deletion alpha=0.0 seed=0 workflow=diversity_curves_shortest_path status=success
2026-06-09 00:27:24,682 INFO row_complete 181/2640 dataset=stochastic_block_model perturbation=edge_addition_deletion alpha=0.1 seed=0 workflow=structural_statistics_mmd status=success
2026-06-09 00:27:24,707 INFO row_complete 182/2640 dataset=stochastic_block_model perturbation=edge_addition_deletion alpha=0.1 seed=0 workflow=wl_subtree_kernel_mmd status=success
2026-06-09 00:27:24,731 INFO row_complete 183/2640 dataset=stochastic_block_model perturbation=edge_addition_deletion alpha=0.1 seed=0 workflow=netlsd_spectral_signatures status=success
2026-06-09 00:27:24,754 INFO row_complete 184/2640 dataset=stochastic_block_model perturbation=edge_addition_deletion alpha=0.1 seed=0 workflow=diversity_curves_shortest_path status=success
2026-06-09 00:28:55,111 INFO row_complete 185/2640 dataset=stochastic_block_model perturbation=edge_addition_deletion alpha=0.2 seed=0 workflow=structural_statistics_mmd status=success
2026-06-09 00:28:55,113 INFO row_complete 186/2640 dataset=stochastic_block_model perturbation=edge_addition_deletion alpha=0.2 seed=0 workflow=wl_subtree_kernel_mmd status=success
2026-06-09 00:28:55,114 INFO row_complete 187/2640 dataset=stochastic_block_model perturbation=edge_addition_deletion alpha=0.2 seed=0 workflow=netlsd_spectral_signatures status=success
2026-06-09 00:28:55,115 INFO row_complete 188/2640 dataset=stochastic_block_model perturbation=edge_addition_deletion alpha=0.2 seed=0 workflow=diversity_curves_shortest_path status=success
2026-06-09 00:30:25,813 INFO row_complete 189/2640 dataset=stochastic_block_model perturbation=edge_addition_deletion alpha=0.3 seed=0 workflow=structural_statistics_mmd status=success
2026-06-09 00:30:25,814 INFO row_complete 190/2640 dataset=stochastic_block_model perturbation=edge_addition_deletion alpha=0.3 seed=0 workflow=wl_subtree_kernel_mmd status=success
2026-06-09 00:30:25,815 INFO row_complete 191/2640 dataset=stochastic_block_model perturbation=edge_addition_deletion alpha=0.3 seed=0 workflow=netlsd_spectral_signatures status=success
2026-06-09 00:30:25,816 INFO row_complete 192/2640 dataset=stochastic_block_model perturbation=edge_addition_deletion alpha=0.3 seed=0 workflow=diversity_curves_shortest_path status=success
2026-06-09 00:31:56,578 INFO row_complete 193/2640 dataset=stochastic_block_model perturbation=edge_addition_deletion alpha=0.4 seed=0 workflow=structural_statistics_mmd status=success
2026-06-09 00:31:56,582 INFO row_complete 194/2640 dataset=stochastic_block_model perturbation=edge_addition_deletion alpha=0.4 seed=0 workflow=wl_subtree_kernel_mmd status=success
2026-06-09 00:31:56,584 INFO row_complete 195/2640 dataset=stochastic_block_model perturbation=edge_addition_deletion alpha=0.4 seed=0 workflow=netlsd_spectral_signatures status=success
2026-06-09 00:31:56,585 INFO row_complete 196/2640 dataset=stochastic_block_model perturbation=edge_addition_deletion alpha=0.4 seed=0 workflow=diversity_curves_shortest_path status=success
2026-06-09 00:33:27,215 INFO row_complete 197/2640 dataset=stochastic_block_model perturbation=edge_addition_deletion alpha=0.5 seed=0 workflow=structural_statistics_mmd status=success
2026-06-09 00:33:27,218 INFO row_complete 198/2640 dataset=stochastic_block_model perturbation=edge_addition_deletion alpha=0.5 seed=0 workflow=wl_subtree_kernel_mmd status=success
2026-06-09 00:33:27,219 INFO row_complete 199/2640 dataset=stochastic_block_model perturbation=edge_addition_deletion alpha=0.5 seed=0 workflow=netlsd_spectral_signatures status=success
2026-06-09 00:33:27,220 INFO row_complete 200/2640 dataset=stochastic_block_model perturbation=edge_addition_deletion alpha=0.5 seed=0 workflow=diversity_curves_shortest_path status=success
2026-06-09 00:34:57,768 INFO row_complete 201/2640 dataset=stochastic_block_model perturbation=edge_addition_deletion alpha=0.6 seed=0 workflow=structural_statistics_mmd status=success
2026-06-09 00:34:57,771 INFO row_complete 202/2640 dataset=stochastic_block_model perturbation=edge_addition_deletion alpha=0.6 seed=0 workflow=wl_subtree_kernel_mmd status=success
2026-06-09 00:34:57,774 INFO row_complete 203/2640 dataset=stochastic_block_model perturbation=edge_addition_deletion alpha=0.6 seed=0 workflow=netlsd_spectral_signatures status=success
2026-06-09 00:34:57,777 INFO row_complete 204/2640 dataset=stochastic_block_model perturbation=edge_addition_deletion alpha=0.6 seed=0 workflow=diversity_curves_shortest_path status=success
2026-06-09 00:36:28,420 INFO row_complete 205/2640 dataset=stochastic_block_model perturbation=edge_addition_deletion alpha=0.7 seed=0 workflow=structural_statistics_mmd status=success
2026-06-09 00:36:28,421 INFO row_complete 206/2640 dataset=stochastic_block_model perturbation=edge_addition_deletion alpha=0.7 seed=0 workflow=wl_subtree_kernel_mmd status=success
2026-06-09 00:36:28,422 INFO row_complete 207/2640 dataset=stochastic_block_model perturbation=edge_addition_deletion alpha=0.7 seed=0 workflow=netlsd_spectral_signatures status=success
2026-06-09 00:36:28,423 INFO row_complete 208/2640 dataset=stochastic_block_model perturbation=edge_addition_deletion alpha=0.7 seed=0 workflow=diversity_curves_shortest_path status=success
2026-06-09 00:37:59,028 INFO row_complete 209/2640 dataset=stochastic_block_model perturbation=edge_addition_deletion alpha=0.8 seed=0 workflow=structural_statistics_mmd status=success
2026-06-09 00:37:59,031 INFO row_complete 210/2640 dataset=stochastic_block_model perturbation=edge_addition_deletion alpha=0.8 seed=0 workflow=wl_subtree_kernel_mmd status=success
2026-06-09 00:37:59,032 INFO row_complete 211/2640 dataset=stochastic_block_model perturbation=edge_addition_deletion alpha=0.8 seed=0 workflow=netlsd_spectral_signatures status=success
2026-06-09 00:37:59,032 INFO row_complete 212/2640 dataset=stochastic_block_model perturbation=edge_addition_deletion alpha=0.8 seed=0 workflow=diversity_curves_shortest_path status=success
2026-06-09 00:39:29,568 INFO row_complete 213/2640 dataset=stochastic_block_model perturbation=edge_addition_deletion alpha=0.9 seed=0 workflow=structural_statistics_mmd status=success
2026-06-09 00:39:29,569 INFO row_complete 214/2640 dataset=stochastic_block_model perturbation=edge_addition_deletion alpha=0.9 seed=0 workflow=wl_subtree_kernel_mmd status=success
2026-06-09 00:39:29,570 INFO row_complete 215/2640 dataset=stochastic_block_model perturbation=edge_addition_deletion alpha=0.9 seed=0 workflow=netlsd_spectral_signatures status=success
2026-06-09 00:39:29,571 INFO row_complete 216/2640 dataset=stochastic_block_model perturbation=edge_addition_deletion alpha=0.9 seed=0 workflow=diversity_curves_shortest_path status=success
2026-06-09 00:41:00,203 INFO row_complete 217/2640 dataset=stochastic_block_model perturbation=edge_addition_deletion alpha=1.0 seed=0 workflow=structural_statistics_mmd status=success
2026-06-09 00:41:00,205 INFO row_complete 218/2640 dataset=stochastic_block_model perturbation=edge_addition_deletion alpha=1.0 seed=0 workflow=wl_subtree_kernel_mmd status=success
2026-06-09 00:41:00,206 INFO row_complete 219/2640 dataset=stochastic_block_model perturbation=edge_addition_deletion alpha=1.0 seed=0 workflow=netlsd_spectral_signatures status=success
2026-06-09 00:41:00,206 INFO row_complete 220/2640 dataset=stochastic_block_model perturbation=edge_addition_deletion alpha=1.0 seed=0 workflow=diversity_curves_shortest_path status=success
2026-06-09 00:42:31,613 INFO row_complete 221/2640 dataset=stochastic_block_model perturbation=triangle_injection_removal alpha=0.0 seed=0 workflow=structural_statistics_mmd status=success
2026-06-09 00:42:31,615 INFO row_complete 222/2640 dataset=stochastic_block_model perturbation=triangle_injection_removal alpha=0.0 seed=0 workflow=wl_subtree_kernel_mmd status=success
2026-06-09 00:42:31,616 INFO row_complete 223/2640 dataset=stochastic_block_model perturbation=triangle_injection_removal alpha=0.0 seed=0 workflow=netlsd_spectral_signatures status=success
2026-06-09 00:42:31,616 INFO row_complete 224/2640 dataset=stochastic_block_model perturbation=triangle_injection_removal alpha=0.0 seed=0 workflow=diversity_curves_shortest_path status=success
2026-06-09 00:44:02,254 INFO row_complete 225/2640 dataset=stochastic_block_model perturbation=triangle_injection_removal alpha=0.1 seed=0 workflow=structural_statistics_mmd status=success
2026-06-09 00:44:02,256 INFO row_complete 226/2640 dataset=stochastic_block_model perturbation=triangle_injection_removal alpha=0.1 seed=0 workflow=wl_subtree_kernel_mmd status=success
2026-06-09 00:44:02,257 INFO row_complete 227/2640 dataset=stochastic_block_model perturbation=triangle_injection_removal alpha=0.1 seed=0 workflow=netlsd_spectral_signatures status=success
2026-06-09 00:44:02,258 INFO row_complete 228/2640 dataset=stochastic_block_model perturbation=triangle_injection_removal alpha=0.1 seed=0 workflow=diversity_curves_shortest_path status=success
2026-06-09 00:45:33,036 INFO row_complete 229/2640 dataset=stochastic_block_model perturbation=triangle_injection_removal alpha=0.2 seed=0 workflow=structural_statistics_mmd status=success
2026-06-09 00:45:33,038 INFO row_complete 230/2640 dataset=stochastic_block_model perturbation=triangle_injection_removal alpha=0.2 seed=0 workflow=wl_subtree_kernel_mmd status=success
2026-06-09 00:45:33,039 INFO row_complete 231/2640 dataset=stochastic_block_model perturbation=triangle_injection_removal alpha=0.2 seed=0 workflow=netlsd_spectral_signatures status=success
2026-06-09 00:45:33,040 INFO row_complete 232/2640 dataset=stochastic_block_model perturbation=triangle_injection_removal alpha=0.2 seed=0 workflow=diversity_curves_shortest_path status=success
2026-06-09 00:47:03,745 INFO row_complete 233/2640 dataset=stochastic_block_model perturbation=triangle_injection_removal alpha=0.3 seed=0 workflow=structural_statistics_mmd status=success
2026-06-09 00:47:03,746 INFO row_complete 234/2640 dataset=stochastic_block_model perturbation=triangle_injection_removal alpha=0.3 seed=0 workflow=wl_subtree_kernel_mmd status=success
2026-06-09 00:47:03,747 INFO row_complete 235/2640 dataset=stochastic_block_model perturbation=triangle_injection_removal alpha=0.3 seed=0 workflow=netlsd_spectral_signatures status=success
2026-06-09 00:47:03,748 INFO row_complete 236/2640 dataset=stochastic_block_model perturbation=triangle_injection_removal alpha=0.3 seed=0 workflow=diversity_curves_shortest_path status=success
2026-06-09 00:48:34,351 INFO row_complete 237/2640 dataset=stochastic_block_model perturbation=triangle_injection_removal alpha=0.4 seed=0 workflow=structural_statistics_mmd status=success
2026-06-09 00:48:34,352 INFO row_complete 238/2640 dataset=stochastic_block_model perturbation=triangle_injection_removal alpha=0.4 seed=0 workflow=wl_subtree_kernel_mmd status=success
2026-06-09 00:48:34,353 INFO row_complete 239/2640 dataset=stochastic_block_model perturbation=triangle_injection_removal alpha=0.4 seed=0 workflow=netlsd_spectral_signatures status=success
2026-06-09 00:48:34,354 INFO row_complete 240/2640 dataset=stochastic_block_model perturbation=triangle_injection_removal alpha=0.4 seed=0 workflow=diversity_curves_shortest_path status=success
2026-06-09 00:50:04,548 INFO row_complete 241/2640 dataset=stochastic_block_model perturbation=triangle_injection_removal alpha=0.5 seed=0 workflow=structural_statistics_mmd status=success
2026-06-09 00:50:04,549 INFO row_complete 242/2640 dataset=stochastic_block_model perturbation=triangle_injection_removal alpha=0.5 seed=0 workflow=wl_subtree_kernel_mmd status=success
2026-06-09 00:50:04,550 INFO row_complete 243/2640 dataset=stochastic_block_model perturbation=triangle_injection_removal alpha=0.5 seed=0 workflow=netlsd_spectral_signatures status=success
2026-06-09 00:50:04,551 INFO row_complete 244/2640 dataset=stochastic_block_model perturbation=triangle_injection_removal alpha=0.5 seed=0 workflow=diversity_curves_shortest_path status=success
2026-06-09 00:51:35,055 INFO row_complete 245/2640 dataset=stochastic_block_model perturbation=triangle_injection_removal alpha=0.6 seed=0 workflow=structural_statistics_mmd status=success
2026-06-09 00:51:35,056 INFO row_complete 246/2640 dataset=stochastic_block_model perturbation=triangle_injection_removal alpha=0.6 seed=0 workflow=wl_subtree_kernel_mmd status=success
2026-06-09 00:51:35,057 INFO row_complete 247/2640 dataset=stochastic_block_model perturbation=triangle_injection_removal alpha=0.6 seed=0 workflow=netlsd_spectral_signatures status=success
2026-06-09 00:51:35,059 INFO row_complete 248/2640 dataset=stochastic_block_model perturbation=triangle_injection_removal alpha=0.6 seed=0 workflow=diversity_curves_shortest_path status=success
2026-06-09 00:53:05,817 INFO row_complete 249/2640 dataset=stochastic_block_model perturbation=triangle_injection_removal alpha=0.7 seed=0 workflow=structural_statistics_mmd status=success
2026-06-09 00:53:05,818 INFO row_complete 250/2640 dataset=stochastic_block_model perturbation=triangle_injection_removal alpha=0.7 seed=0 workflow=wl_subtree_kernel_mmd status=success
2026-06-09 00:53:05,819 INFO row_complete 251/2640 dataset=stochastic_block_model perturbation=triangle_injection_removal alpha=0.7 seed=0 workflow=netlsd_spectral_signatures status=success
2026-06-09 00:53:05,820 INFO row_complete 252/2640 dataset=stochastic_block_model perturbation=triangle_injection_removal alpha=0.7 seed=0 workflow=diversity_curves_shortest_path status=success
2026-06-09 00:54:36,458 INFO row_complete 253/2640 dataset=stochastic_block_model perturbation=triangle_injection_removal alpha=0.8 seed=0 workflow=structural_statistics_mmd status=success
2026-06-09 00:54:36,460 INFO row_complete 254/2640 dataset=stochastic_block_model perturbation=triangle_injection_removal alpha=0.8 seed=0 workflow=wl_subtree_kernel_mmd status=success
2026-06-09 00:54:36,461 INFO row_complete 255/2640 dataset=stochastic_block_model perturbation=triangle_injection_removal alpha=0.8 seed=0 workflow=netlsd_spectral_signatures status=success
2026-06-09 00:54:36,462 INFO row_complete 256/2640 dataset=stochastic_block_model perturbation=triangle_injection_removal alpha=0.8 seed=0 workflow=diversity_curves_shortest_path status=success
2026-06-09 00:56:07,039 INFO row_complete 257/2640 dataset=stochastic_block_model perturbation=triangle_injection_removal alpha=0.9 seed=0 workflow=structural_statistics_mmd status=success
2026-06-09 00:56:07,040 INFO row_complete 258/2640 dataset=stochastic_block_model perturbation=triangle_injection_removal alpha=0.9 seed=0 workflow=wl_subtree_kernel_mmd status=success
2026-06-09 00:56:07,041 INFO row_complete 259/2640 dataset=stochastic_block_model perturbation=triangle_injection_removal alpha=0.9 seed=0 workflow=netlsd_spectral_signatures status=success
2026-06-09 00:56:07,042 INFO row_complete 260/2640 dataset=stochastic_block_model perturbation=triangle_injection_removal alpha=0.9 seed=0 workflow=diversity_curves_shortest_path status=success
2026-06-09 00:57:37,495 INFO row_complete 261/2640 dataset=stochastic_block_model perturbation=triangle_injection_removal alpha=1.0 seed=0 workflow=structural_statistics_mmd status=success
2026-06-09 00:57:37,497 INFO row_complete 262/2640 dataset=stochastic_block_model perturbation=triangle_injection_removal alpha=1.0 seed=0 workflow=wl_subtree_kernel_mmd status=success
2026-06-09 00:57:37,498 INFO row_complete 263/2640 dataset=stochastic_block_model perturbation=triangle_injection_removal alpha=1.0 seed=0 workflow=netlsd_spectral_signatures status=success
2026-06-09 00:57:37,499 INFO row_complete 264/2640 dataset=stochastic_block_model perturbation=triangle_injection_removal alpha=1.0 seed=0 workflow=diversity_curves_shortest_path status=success
2026-06-09 00:59:08,186 INFO row_complete 265/2640 dataset=stochastic_block_model perturbation=community_weakening alpha=0.0 seed=0 workflow=structural_statistics_mmd status=success
2026-06-09 00:59:08,210 INFO row_complete 266/2640 dataset=stochastic_block_model perturbation=community_weakening alpha=0.0 seed=0 workflow=wl_subtree_kernel_mmd status=success
2026-06-09 00:59:08,230 INFO row_complete 267/2640 dataset=stochastic_block_model perturbation=community_weakening alpha=0.0 seed=0 workflow=netlsd_spectral_signatures status=success
2026-06-09 00:59:08,231 INFO row_complete 268/2640 dataset=stochastic_block_model perturbation=community_weakening alpha=0.0 seed=0 workflow=diversity_curves_shortest_path status=success
2026-06-09 01:00:38,720 INFO row_complete 269/2640 dataset=stochastic_block_model perturbation=community_weakening alpha=0.1 seed=0 workflow=structural_statistics_mmd status=success
2026-06-09 01:00:38,722 INFO row_complete 270/2640 dataset=stochastic_block_model perturbation=community_weakening alpha=0.1 seed=0 workflow=wl_subtree_kernel_mmd status=success
2026-06-09 01:00:38,723 INFO row_complete 271/2640 dataset=stochastic_block_model perturbation=community_weakening alpha=0.1 seed=0 workflow=netlsd_spectral_signatures status=success
2026-06-09 01:00:38,724 INFO row_complete 272/2640 dataset=stochastic_block_model perturbation=community_weakening alpha=0.1 seed=0 workflow=diversity_curves_shortest_path status=success
2026-06-09 01:02:09,422 INFO row_complete 273/2640 dataset=stochastic_block_model perturbation=community_weakening alpha=0.2 seed=0 workflow=structural_statistics_mmd status=success
2026-06-09 01:02:09,424 INFO row_complete 274/2640 dataset=stochastic_block_model perturbation=community_weakening alpha=0.2 seed=0 workflow=wl_subtree_kernel_mmd status=success
2026-06-09 01:02:09,426 INFO row_complete 275/2640 dataset=stochastic_block_model perturbation=community_weakening alpha=0.2 seed=0 workflow=netlsd_spectral_signatures status=success
2026-06-09 01:02:09,426 INFO row_complete 276/2640 dataset=stochastic_block_model perturbation=community_weakening alpha=0.2 seed=0 workflow=diversity_curves_shortest_path status=success
2026-06-09 01:03:39,922 INFO row_complete 277/2640 dataset=stochastic_block_model perturbation=community_weakening alpha=0.3 seed=0 workflow=structural_statistics_mmd status=success
2026-06-09 01:03:39,923 INFO row_complete 278/2640 dataset=stochastic_block_model perturbation=community_weakening alpha=0.3 seed=0 workflow=wl_subtree_kernel_mmd status=success
2026-06-09 01:03:39,924 INFO row_complete 279/2640 dataset=stochastic_block_model perturbation=community_weakening alpha=0.3 seed=0 workflow=netlsd_spectral_signatures status=success
2026-06-09 01:03:39,925 INFO row_complete 280/2640 dataset=stochastic_block_model perturbation=community_weakening alpha=0.3 seed=0 workflow=diversity_curves_shortest_path status=success
2026-06-09 01:05:10,389 INFO row_complete 281/2640 dataset=stochastic_block_model perturbation=community_weakening alpha=0.4 seed=0 workflow=structural_statistics_mmd status=success
2026-06-09 01:05:10,391 INFO row_complete 282/2640 dataset=stochastic_block_model perturbation=community_weakening alpha=0.4 seed=0 workflow=wl_subtree_kernel_mmd status=success
2026-06-09 01:05:10,392 INFO row_complete 283/2640 dataset=stochastic_block_model perturbation=community_weakening alpha=0.4 seed=0 workflow=netlsd_spectral_signatures status=success
2026-06-09 01:05:10,393 INFO row_complete 284/2640 dataset=stochastic_block_model perturbation=community_weakening alpha=0.4 seed=0 workflow=diversity_curves_shortest_path status=success
2026-06-09 01:06:40,852 INFO row_complete 285/2640 dataset=stochastic_block_model perturbation=community_weakening alpha=0.5 seed=0 workflow=structural_statistics_mmd status=success
2026-06-09 01:06:40,854 INFO row_complete 286/2640 dataset=stochastic_block_model perturbation=community_weakening alpha=0.5 seed=0 workflow=wl_subtree_kernel_mmd status=success
2026-06-09 01:06:40,854 INFO row_complete 287/2640 dataset=stochastic_block_model perturbation=community_weakening alpha=0.5 seed=0 workflow=netlsd_spectral_signatures status=success
2026-06-09 01:06:40,855 INFO row_complete 288/2640 dataset=stochastic_block_model perturbation=community_weakening alpha=0.5 seed=0 workflow=diversity_curves_shortest_path status=success
2026-06-09 01:08:11,452 INFO row_complete 289/2640 dataset=stochastic_block_model perturbation=community_weakening alpha=0.6 seed=0 workflow=structural_statistics_mmd status=success
2026-06-09 01:08:11,453 INFO row_complete 290/2640 dataset=stochastic_block_model perturbation=community_weakening alpha=0.6 seed=0 workflow=wl_subtree_kernel_mmd status=success
2026-06-09 01:08:11,454 INFO row_complete 291/2640 dataset=stochastic_block_model perturbation=community_weakening alpha=0.6 seed=0 workflow=netlsd_spectral_signatures status=success
2026-06-09 01:08:11,455 INFO row_complete 292/2640 dataset=stochastic_block_model perturbation=community_weakening alpha=0.6 seed=0 workflow=diversity_curves_shortest_path status=success
2026-06-09 01:09:42,164 INFO row_complete 293/2640 dataset=stochastic_block_model perturbation=community_weakening alpha=0.7 seed=0 workflow=structural_statistics_mmd status=success
2026-06-09 01:09:42,165 INFO row_complete 294/2640 dataset=stochastic_block_model perturbation=community_weakening alpha=0.7 seed=0 workflow=wl_subtree_kernel_mmd status=success
2026-06-09 01:09:42,166 INFO row_complete 295/2640 dataset=stochastic_block_model perturbation=community_weakening alpha=0.7 seed=0 workflow=netlsd_spectral_signatures status=success
2026-06-09 01:09:42,167 INFO row_complete 296/2640 dataset=stochastic_block_model perturbation=community_weakening alpha=0.7 seed=0 workflow=diversity_curves_shortest_path status=success
2026-06-09 01:11:13,084 INFO row_complete 297/2640 dataset=stochastic_block_model perturbation=community_weakening alpha=0.8 seed=0 workflow=structural_statistics_mmd status=success
2026-06-09 01:11:13,085 INFO row_complete 298/2640 dataset=stochastic_block_model perturbation=community_weakening alpha=0.8 seed=0 workflow=wl_subtree_kernel_mmd status=success
2026-06-09 01:11:13,086 INFO row_complete 299/2640 dataset=stochastic_block_model perturbation=community_weakening alpha=0.8 seed=0 workflow=netlsd_spectral_signatures status=success
2026-06-09 01:11:13,087 INFO row_complete 300/2640 dataset=stochastic_block_model perturbation=community_weakening alpha=0.8 seed=0 workflow=diversity_curves_shortest_path status=success
2026-06-09 01:12:43,596 INFO row_complete 301/2640 dataset=stochastic_block_model perturbation=community_weakening alpha=0.9 seed=0 workflow=structural_statistics_mmd status=success
2026-06-09 01:12:43,597 INFO row_complete 302/2640 dataset=stochastic_block_model perturbation=community_weakening alpha=0.9 seed=0 workflow=wl_subtree_kernel_mmd status=success
2026-06-09 01:12:43,598 INFO row_complete 303/2640 dataset=stochastic_block_model perturbation=community_weakening alpha=0.9 seed=0 workflow=netlsd_spectral_signatures status=success
2026-06-09 01:12:43,598 INFO row_complete 304/2640 dataset=stochastic_block_model perturbation=community_weakening alpha=0.9 seed=0 workflow=diversity_curves_shortest_path status=success
2026-06-09 01:14:14,000 INFO row_complete 305/2640 dataset=stochastic_block_model perturbation=community_weakening alpha=1.0 seed=0 workflow=structural_statistics_mmd status=success
2026-06-09 01:14:14,001 INFO row_complete 306/2640 dataset=stochastic_block_model perturbation=community_weakening alpha=1.0 seed=0 workflow=wl_subtree_kernel_mmd status=success
2026-06-09 01:14:14,002 INFO row_complete 307/2640 dataset=stochastic_block_model perturbation=community_weakening alpha=1.0 seed=0 workflow=netlsd_spectral_signatures status=success
2026-06-09 01:14:14,003 INFO row_complete 308/2640 dataset=stochastic_block_model perturbation=community_weakening alpha=1.0 seed=0 workflow=diversity_curves_shortest_path status=success
2026-06-09 01:15:44,222 INFO row_complete 309/2640 dataset=stochastic_block_model perturbation=hub_modification alpha=0.0 seed=0 workflow=structural_statistics_mmd status=success
2026-06-09 01:15:44,224 INFO row_complete 310/2640 dataset=stochastic_block_model perturbation=hub_modification alpha=0.0 seed=0 workflow=wl_subtree_kernel_mmd status=success
2026-06-09 01:15:44,225 INFO row_complete 311/2640 dataset=stochastic_block_model perturbation=hub_modification alpha=0.0 seed=0 workflow=netlsd_spectral_signatures status=success
2026-06-09 01:15:44,226 INFO row_complete 312/2640 dataset=stochastic_block_model perturbation=hub_modification alpha=0.0 seed=0 workflow=diversity_curves_shortest_path status=success
2026-06-09 01:17:14,550 INFO row_complete 313/2640 dataset=stochastic_block_model perturbation=hub_modification alpha=0.1 seed=0 workflow=structural_statistics_mmd status=success
2026-06-09 01:17:14,552 INFO row_complete 314/2640 dataset=stochastic_block_model perturbation=hub_modification alpha=0.1 seed=0 workflow=wl_subtree_kernel_mmd status=success
2026-06-09 01:17:14,553 INFO row_complete 315/2640 dataset=stochastic_block_model perturbation=hub_modification alpha=0.1 seed=0 workflow=netlsd_spectral_signatures status=success
2026-06-09 01:17:14,554 INFO row_complete 316/2640 dataset=stochastic_block_model perturbation=hub_modification alpha=0.1 seed=0 workflow=diversity_curves_shortest_path status=success
2026-06-09 01:18:44,770 INFO row_complete 317/2640 dataset=stochastic_block_model perturbation=hub_modification alpha=0.2 seed=0 workflow=structural_statistics_mmd status=success
2026-06-09 01:18:44,771 INFO row_complete 318/2640 dataset=stochastic_block_model perturbation=hub_modification alpha=0.2 seed=0 workflow=wl_subtree_kernel_mmd status=success
2026-06-09 01:18:44,772 INFO row_complete 319/2640 dataset=stochastic_block_model perturbation=hub_modification alpha=0.2 seed=0 workflow=netlsd_spectral_signatures status=success
2026-06-09 01:18:44,773 INFO row_complete 320/2640 dataset=stochastic_block_model perturbation=hub_modification alpha=0.2 seed=0 workflow=diversity_curves_shortest_path status=success
2026-06-09 01:20:14,833 INFO row_complete 321/2640 dataset=stochastic_block_model perturbation=hub_modification alpha=0.3 seed=0 workflow=structural_statistics_mmd status=success
2026-06-09 01:20:14,835 INFO row_complete 322/2640 dataset=stochastic_block_model perturbation=hub_modification alpha=0.3 seed=0 workflow=wl_subtree_kernel_mmd status=success
2026-06-09 01:20:14,838 INFO row_complete 323/2640 dataset=stochastic_block_model perturbation=hub_modification alpha=0.3 seed=0 workflow=netlsd_spectral_signatures status=success
2026-06-09 01:20:14,840 INFO row_complete 324/2640 dataset=stochastic_block_model perturbation=hub_modification alpha=0.3 seed=0 workflow=diversity_curves_shortest_path status=success
2026-06-09 01:21:45,282 INFO row_complete 325/2640 dataset=stochastic_block_model perturbation=hub_modification alpha=0.4 seed=0 workflow=structural_statistics_mmd status=success
2026-06-09 01:21:45,283 INFO row_complete 326/2640 dataset=stochastic_block_model perturbation=hub_modification alpha=0.4 seed=0 workflow=wl_subtree_kernel_mmd status=success
2026-06-09 01:21:45,284 INFO row_complete 327/2640 dataset=stochastic_block_model perturbation=hub_modification alpha=0.4 seed=0 workflow=netlsd_spectral_signatures status=success
2026-06-09 01:21:45,284 INFO row_complete 328/2640 dataset=stochastic_block_model perturbation=hub_modification alpha=0.4 seed=0 workflow=diversity_curves_shortest_path status=success
2026-06-09 01:23:15,565 INFO row_complete 329/2640 dataset=stochastic_block_model perturbation=hub_modification alpha=0.5 seed=0 workflow=structural_statistics_mmd status=success
2026-06-09 01:23:15,566 INFO row_complete 330/2640 dataset=stochastic_block_model perturbation=hub_modification alpha=0.5 seed=0 workflow=wl_subtree_kernel_mmd status=success
2026-06-09 01:23:15,566 INFO row_complete 331/2640 dataset=stochastic_block_model perturbation=hub_modification alpha=0.5 seed=0 workflow=netlsd_spectral_signatures status=success
2026-06-09 01:23:15,567 INFO row_complete 332/2640 dataset=stochastic_block_model perturbation=hub_modification alpha=0.5 seed=0 workflow=diversity_curves_shortest_path status=success
2026-06-09 01:24:45,770 INFO row_complete 333/2640 dataset=stochastic_block_model perturbation=hub_modification alpha=0.6 seed=0 workflow=structural_statistics_mmd status=success
2026-06-09 01:24:45,773 INFO row_complete 334/2640 dataset=stochastic_block_model perturbation=hub_modification alpha=0.6 seed=0 workflow=wl_subtree_kernel_mmd status=success
2026-06-09 01:24:45,776 INFO row_complete 335/2640 dataset=stochastic_block_model perturbation=hub_modification alpha=0.6 seed=0 workflow=netlsd_spectral_signatures status=success
2026-06-09 01:24:45,779 INFO row_complete 336/2640 dataset=stochastic_block_model perturbation=hub_modification alpha=0.6 seed=0 workflow=diversity_curves_shortest_path status=success
2026-06-09 01:26:16,089 INFO row_complete 337/2640 dataset=stochastic_block_model perturbation=hub_modification alpha=0.7 seed=0 workflow=structural_statistics_mmd status=success
2026-06-09 01:26:16,091 INFO row_complete 338/2640 dataset=stochastic_block_model perturbation=hub_modification alpha=0.7 seed=0 workflow=wl_subtree_kernel_mmd status=success
2026-06-09 01:26:16,093 INFO row_complete 339/2640 dataset=stochastic_block_model perturbation=hub_modification alpha=0.7 seed=0 workflow=netlsd_spectral_signatures status=success
2026-06-09 01:26:16,095 INFO row_complete 340/2640 dataset=stochastic_block_model perturbation=hub_modification alpha=0.7 seed=0 workflow=diversity_curves_shortest_path status=success
2026-06-09 01:27:46,383 INFO row_complete 341/2640 dataset=stochastic_block_model perturbation=hub_modification alpha=0.8 seed=0 workflow=structural_statistics_mmd status=success
2026-06-09 01:27:46,384 INFO row_complete 342/2640 dataset=stochastic_block_model perturbation=hub_modification alpha=0.8 seed=0 workflow=wl_subtree_kernel_mmd status=success
2026-06-09 01:27:46,385 INFO row_complete 343/2640 dataset=stochastic_block_model perturbation=hub_modification alpha=0.8 seed=0 workflow=netlsd_spectral_signatures status=success
2026-06-09 01:27:46,386 INFO row_complete 344/2640 dataset=stochastic_block_model perturbation=hub_modification alpha=0.8 seed=0 workflow=diversity_curves_shortest_path status=success
2026-06-09 01:29:16,713 INFO row_complete 345/2640 dataset=stochastic_block_model perturbation=hub_modification alpha=0.9 seed=0 workflow=structural_statistics_mmd status=success
2026-06-09 01:29:16,714 INFO row_complete 346/2640 dataset=stochastic_block_model perturbation=hub_modification alpha=0.9 seed=0 workflow=wl_subtree_kernel_mmd status=success
2026-06-09 01:29:16,715 INFO row_complete 347/2640 dataset=stochastic_block_model perturbation=hub_modification alpha=0.9 seed=0 workflow=netlsd_spectral_signatures status=success
2026-06-09 01:29:16,716 INFO row_complete 348/2640 dataset=stochastic_block_model perturbation=hub_modification alpha=0.9 seed=0 workflow=diversity_curves_shortest_path status=success
2026-06-09 01:30:47,269 INFO row_complete 349/2640 dataset=stochastic_block_model perturbation=hub_modification alpha=1.0 seed=0 workflow=structural_statistics_mmd status=success
2026-06-09 01:30:47,270 INFO row_complete 350/2640 dataset=stochastic_block_model perturbation=hub_modification alpha=1.0 seed=0 workflow=wl_subtree_kernel_mmd status=success
2026-06-09 01:30:47,271 INFO row_complete 351/2640 dataset=stochastic_block_model perturbation=hub_modification alpha=1.0 seed=0 workflow=netlsd_spectral_signatures status=success
2026-06-09 01:30:47,272 INFO row_complete 352/2640 dataset=stochastic_block_model perturbation=hub_modification alpha=1.0 seed=0 workflow=diversity_curves_shortest_path status=success
2026-06-09 01:32:14,998 INFO row_complete 353/2640 dataset=barabasi_albert perturbation=edge_addition_deletion alpha=0.0 seed=0 workflow=structural_statistics_mmd status=success
2026-06-09 01:32:15,000 INFO row_complete 354/2640 dataset=barabasi_albert perturbation=edge_addition_deletion alpha=0.0 seed=0 workflow=wl_subtree_kernel_mmd status=success
2026-06-09 01:32:15,000 INFO row_complete 355/2640 dataset=barabasi_albert perturbation=edge_addition_deletion alpha=0.0 seed=0 workflow=netlsd_spectral_signatures status=success
2026-06-09 01:32:15,001 INFO row_complete 356/2640 dataset=barabasi_albert perturbation=edge_addition_deletion alpha=0.0 seed=0 workflow=diversity_curves_shortest_path status=success
2026-06-09 01:33:43,146 INFO row_complete 357/2640 dataset=barabasi_albert perturbation=edge_addition_deletion alpha=0.1 seed=0 workflow=structural_statistics_mmd status=success
2026-06-09 01:33:43,148 INFO row_complete 358/2640 dataset=barabasi_albert perturbation=edge_addition_deletion alpha=0.1 seed=0 workflow=wl_subtree_kernel_mmd status=success
2026-06-09 01:33:43,150 INFO row_complete 359/2640 dataset=barabasi_albert perturbation=edge_addition_deletion alpha=0.1 seed=0 workflow=netlsd_spectral_signatures status=success
2026-06-09 01:33:43,151 INFO row_complete 360/2640 dataset=barabasi_albert perturbation=edge_addition_deletion alpha=0.1 seed=0 workflow=diversity_curves_shortest_path status=success
2026-06-09 01:35:10,997 INFO row_complete 361/2640 dataset=barabasi_albert perturbation=edge_addition_deletion alpha=0.2 seed=0 workflow=structural_statistics_mmd status=success
2026-06-09 01:35:10,998 INFO row_complete 362/2640 dataset=barabasi_albert perturbation=edge_addition_deletion alpha=0.2 seed=0 workflow=wl_subtree_kernel_mmd status=success
2026-06-09 01:35:10,999 INFO row_complete 363/2640 dataset=barabasi_albert perturbation=edge_addition_deletion alpha=0.2 seed=0 workflow=netlsd_spectral_signatures status=success
2026-06-09 01:35:11,000 INFO row_complete 364/2640 dataset=barabasi_albert perturbation=edge_addition_deletion alpha=0.2 seed=0 workflow=diversity_curves_shortest_path status=success
2026-06-09 01:36:38,636 INFO row_complete 365/2640 dataset=barabasi_albert perturbation=edge_addition_deletion alpha=0.3 seed=0 workflow=structural_statistics_mmd status=success
2026-06-09 01:36:38,638 INFO row_complete 366/2640 dataset=barabasi_albert perturbation=edge_addition_deletion alpha=0.3 seed=0 workflow=wl_subtree_kernel_mmd status=success
2026-06-09 01:36:38,640 INFO row_complete 367/2640 dataset=barabasi_albert perturbation=edge_addition_deletion alpha=0.3 seed=0 workflow=netlsd_spectral_signatures status=success
2026-06-09 01:36:38,640 INFO row_complete 368/2640 dataset=barabasi_albert perturbation=edge_addition_deletion alpha=0.3 seed=0 workflow=diversity_curves_shortest_path status=success
2026-06-09 01:38:06,616 INFO row_complete 369/2640 dataset=barabasi_albert perturbation=edge_addition_deletion alpha=0.4 seed=0 workflow=structural_statistics_mmd status=success
2026-06-09 01:38:06,617 INFO row_complete 370/2640 dataset=barabasi_albert perturbation=edge_addition_deletion alpha=0.4 seed=0 workflow=wl_subtree_kernel_mmd status=success
2026-06-09 01:38:06,618 INFO row_complete 371/2640 dataset=barabasi_albert perturbation=edge_addition_deletion alpha=0.4 seed=0 workflow=netlsd_spectral_signatures status=success
2026-06-09 01:38:06,619 INFO row_complete 372/2640 dataset=barabasi_albert perturbation=edge_addition_deletion alpha=0.4 seed=0 workflow=diversity_curves_shortest_path status=success
2026-06-09 01:39:34,367 INFO row_complete 373/2640 dataset=barabasi_albert perturbation=edge_addition_deletion alpha=0.5 seed=0 workflow=structural_statistics_mmd status=success
2026-06-09 01:39:34,368 INFO row_complete 374/2640 dataset=barabasi_albert perturbation=edge_addition_deletion alpha=0.5 seed=0 workflow=wl_subtree_kernel_mmd status=success
2026-06-09 01:39:34,369 INFO row_complete 375/2640 dataset=barabasi_albert perturbation=edge_addition_deletion alpha=0.5 seed=0 workflow=netlsd_spectral_signatures status=success
2026-06-09 01:39:34,370 INFO row_complete 376/2640 dataset=barabasi_albert perturbation=edge_addition_deletion alpha=0.5 seed=0 workflow=diversity_curves_shortest_path status=success
2026-06-09 01:41:02,004 INFO row_complete 377/2640 dataset=barabasi_albert perturbation=edge_addition_deletion alpha=0.6 seed=0 workflow=structural_statistics_mmd status=success
2026-06-09 01:41:02,006 INFO row_complete 378/2640 dataset=barabasi_albert perturbation=edge_addition_deletion alpha=0.6 seed=0 workflow=wl_subtree_kernel_mmd status=success
2026-06-09 01:41:02,006 INFO row_complete 379/2640 dataset=barabasi_albert perturbation=edge_addition_deletion alpha=0.6 seed=0 workflow=netlsd_spectral_signatures status=success
2026-06-09 01:41:02,007 INFO row_complete 380/2640 dataset=barabasi_albert perturbation=edge_addition_deletion alpha=0.6 seed=0 workflow=diversity_curves_shortest_path status=success
2026-06-09 01:42:29,827 INFO row_complete 381/2640 dataset=barabasi_albert perturbation=edge_addition_deletion alpha=0.7 seed=0 workflow=structural_statistics_mmd status=success
2026-06-09 01:42:29,829 INFO row_complete 382/2640 dataset=barabasi_albert perturbation=edge_addition_deletion alpha=0.7 seed=0 workflow=wl_subtree_kernel_mmd status=success
2026-06-09 01:42:29,830 INFO row_complete 383/2640 dataset=barabasi_albert perturbation=edge_addition_deletion alpha=0.7 seed=0 workflow=netlsd_spectral_signatures status=success
2026-06-09 01:42:29,831 INFO row_complete 384/2640 dataset=barabasi_albert perturbation=edge_addition_deletion alpha=0.7 seed=0 workflow=diversity_curves_shortest_path status=success
2026-06-09 01:43:58,594 INFO row_complete 385/2640 dataset=barabasi_albert perturbation=edge_addition_deletion alpha=0.8 seed=0 workflow=structural_statistics_mmd status=success
2026-06-09 01:43:58,597 INFO row_complete 386/2640 dataset=barabasi_albert perturbation=edge_addition_deletion alpha=0.8 seed=0 workflow=wl_subtree_kernel_mmd status=success
2026-06-09 01:43:58,598 INFO row_complete 387/2640 dataset=barabasi_albert perturbation=edge_addition_deletion alpha=0.8 seed=0 workflow=netlsd_spectral_signatures status=success
2026-06-09 01:43:58,599 INFO row_complete 388/2640 dataset=barabasi_albert perturbation=edge_addition_deletion alpha=0.8 seed=0 workflow=diversity_curves_shortest_path status=success
2026-06-09 01:45:27,090 INFO row_complete 389/2640 dataset=barabasi_albert perturbation=edge_addition_deletion alpha=0.9 seed=0 workflow=structural_statistics_mmd status=success
2026-06-09 01:45:27,091 INFO row_complete 390/2640 dataset=barabasi_albert perturbation=edge_addition_deletion alpha=0.9 seed=0 workflow=wl_subtree_kernel_mmd status=success
2026-06-09 01:45:27,092 INFO row_complete 391/2640 dataset=barabasi_albert perturbation=edge_addition_deletion alpha=0.9 seed=0 workflow=netlsd_spectral_signatures status=success
2026-06-09 01:45:27,093 INFO row_complete 392/2640 dataset=barabasi_albert perturbation=edge_addition_deletion alpha=0.9 seed=0 workflow=diversity_curves_shortest_path status=success
2026-06-09 01:46:55,098 INFO row_complete 393/2640 dataset=barabasi_albert perturbation=edge_addition_deletion alpha=1.0 seed=0 workflow=structural_statistics_mmd status=success
2026-06-09 01:46:55,101 INFO row_complete 394/2640 dataset=barabasi_albert perturbation=edge_addition_deletion alpha=1.0 seed=0 workflow=wl_subtree_kernel_mmd status=success
2026-06-09 01:46:55,102 INFO row_complete 395/2640 dataset=barabasi_albert perturbation=edge_addition_deletion alpha=1.0 seed=0 workflow=netlsd_spectral_signatures status=success
2026-06-09 01:46:55,103 INFO row_complete 396/2640 dataset=barabasi_albert perturbation=edge_addition_deletion alpha=1.0 seed=0 workflow=diversity_curves_shortest_path status=success
2026-06-09 01:48:23,543 INFO row_complete 397/2640 dataset=barabasi_albert perturbation=triangle_injection_removal alpha=0.0 seed=0 workflow=structural_statistics_mmd status=success
2026-06-09 01:48:23,544 INFO row_complete 398/2640 dataset=barabasi_albert perturbation=triangle_injection_removal alpha=0.0 seed=0 workflow=wl_subtree_kernel_mmd status=success
2026-06-09 01:48:23,545 INFO row_complete 399/2640 dataset=barabasi_albert perturbation=triangle_injection_removal alpha=0.0 seed=0 workflow=netlsd_spectral_signatures status=success
2026-06-09 01:48:23,546 INFO row_complete 400/2640 dataset=barabasi_albert perturbation=triangle_injection_removal alpha=0.0 seed=0 workflow=diversity_curves_shortest_path status=success
2026-06-09 01:49:51,520 INFO row_complete 401/2640 dataset=barabasi_albert perturbation=triangle_injection_removal alpha=0.1 seed=0 workflow=structural_statistics_mmd status=success
2026-06-09 01:49:51,522 INFO row_complete 402/2640 dataset=barabasi_albert perturbation=triangle_injection_removal alpha=0.1 seed=0 workflow=wl_subtree_kernel_mmd status=success
2026-06-09 01:49:51,524 INFO row_complete 403/2640 dataset=barabasi_albert perturbation=triangle_injection_removal alpha=0.1 seed=0 workflow=netlsd_spectral_signatures status=success
2026-06-09 01:49:51,527 INFO row_complete 404/2640 dataset=barabasi_albert perturbation=triangle_injection_removal alpha=0.1 seed=0 workflow=diversity_curves_shortest_path status=success
2026-06-09 01:51:19,752 INFO row_complete 405/2640 dataset=barabasi_albert perturbation=triangle_injection_removal alpha=0.2 seed=0 workflow=structural_statistics_mmd status=success
2026-06-09 01:51:19,753 INFO row_complete 406/2640 dataset=barabasi_albert perturbation=triangle_injection_removal alpha=0.2 seed=0 workflow=wl_subtree_kernel_mmd status=success
2026-06-09 01:51:19,754 INFO row_complete 407/2640 dataset=barabasi_albert perturbation=triangle_injection_removal alpha=0.2 seed=0 workflow=netlsd_spectral_signatures status=success
2026-06-09 01:51:19,755 INFO row_complete 408/2640 dataset=barabasi_albert perturbation=triangle_injection_removal alpha=0.2 seed=0 workflow=diversity_curves_shortest_path status=success
2026-06-09 01:52:47,996 INFO row_complete 409/2640 dataset=barabasi_albert perturbation=triangle_injection_removal alpha=0.3 seed=0 workflow=structural_statistics_mmd status=success
2026-06-09 01:52:47,997 INFO row_complete 410/2640 dataset=barabasi_albert perturbation=triangle_injection_removal alpha=0.3 seed=0 workflow=wl_subtree_kernel_mmd status=success
2026-06-09 01:52:47,998 INFO row_complete 411/2640 dataset=barabasi_albert perturbation=triangle_injection_removal alpha=0.3 seed=0 workflow=netlsd_spectral_signatures status=success
2026-06-09 01:52:47,999 INFO row_complete 412/2640 dataset=barabasi_albert perturbation=triangle_injection_removal alpha=0.3 seed=0 workflow=diversity_curves_shortest_path status=success
2026-06-09 01:54:16,166 INFO row_complete 413/2640 dataset=barabasi_albert perturbation=triangle_injection_removal alpha=0.4 seed=0 workflow=structural_statistics_mmd status=success
2026-06-09 01:54:16,168 INFO row_complete 414/2640 dataset=barabasi_albert perturbation=triangle_injection_removal alpha=0.4 seed=0 workflow=wl_subtree_kernel_mmd status=success
2026-06-09 01:54:16,169 INFO row_complete 415/2640 dataset=barabasi_albert perturbation=triangle_injection_removal alpha=0.4 seed=0 workflow=netlsd_spectral_signatures status=success
2026-06-09 01:54:16,170 INFO row_complete 416/2640 dataset=barabasi_albert perturbation=triangle_injection_removal alpha=0.4 seed=0 workflow=diversity_curves_shortest_path status=success
2026-06-09 01:55:44,466 INFO row_complete 417/2640 dataset=barabasi_albert perturbation=triangle_injection_removal alpha=0.5 seed=0 workflow=structural_statistics_mmd status=success
2026-06-09 01:55:44,469 INFO row_complete 418/2640 dataset=barabasi_albert perturbation=triangle_injection_removal alpha=0.5 seed=0 workflow=wl_subtree_kernel_mmd status=success
2026-06-09 01:55:44,471 INFO row_complete 419/2640 dataset=barabasi_albert perturbation=triangle_injection_removal alpha=0.5 seed=0 workflow=netlsd_spectral_signatures status=success
2026-06-09 01:55:44,473 INFO row_complete 420/2640 dataset=barabasi_albert perturbation=triangle_injection_removal alpha=0.5 seed=0 workflow=diversity_curves_shortest_path status=success
2026-06-09 01:57:12,402 INFO row_complete 421/2640 dataset=barabasi_albert perturbation=triangle_injection_removal alpha=0.6 seed=0 workflow=structural_statistics_mmd status=success
2026-06-09 01:57:12,403 INFO row_complete 422/2640 dataset=barabasi_albert perturbation=triangle_injection_removal alpha=0.6 seed=0 workflow=wl_subtree_kernel_mmd status=success
2026-06-09 01:57:12,404 INFO row_complete 423/2640 dataset=barabasi_albert perturbation=triangle_injection_removal alpha=0.6 seed=0 workflow=netlsd_spectral_signatures status=success
2026-06-09 01:57:12,405 INFO row_complete 424/2640 dataset=barabasi_albert perturbation=triangle_injection_removal alpha=0.6 seed=0 workflow=diversity_curves_shortest_path status=success
2026-06-09 01:58:40,696 INFO row_complete 425/2640 dataset=barabasi_albert perturbation=triangle_injection_removal alpha=0.7 seed=0 workflow=structural_statistics_mmd status=success
2026-06-09 01:58:40,697 INFO row_complete 426/2640 dataset=barabasi_albert perturbation=triangle_injection_removal alpha=0.7 seed=0 workflow=wl_subtree_kernel_mmd status=success
2026-06-09 01:58:40,697 INFO row_complete 427/2640 dataset=barabasi_albert perturbation=triangle_injection_removal alpha=0.7 seed=0 workflow=netlsd_spectral_signatures status=success
2026-06-09 01:58:40,698 INFO row_complete 428/2640 dataset=barabasi_albert perturbation=triangle_injection_removal alpha=0.7 seed=0 workflow=diversity_curves_shortest_path status=success
2026-06-09 02:00:08,774 INFO row_complete 429/2640 dataset=barabasi_albert perturbation=triangle_injection_removal alpha=0.8 seed=0 workflow=structural_statistics_mmd status=success
2026-06-09 02:00:08,775 INFO row_complete 430/2640 dataset=barabasi_albert perturbation=triangle_injection_removal alpha=0.8 seed=0 workflow=wl_subtree_kernel_mmd status=success
2026-06-09 02:00:08,776 INFO row_complete 431/2640 dataset=barabasi_albert perturbation=triangle_injection_removal alpha=0.8 seed=0 workflow=netlsd_spectral_signatures status=success
2026-06-09 02:00:08,777 INFO row_complete 432/2640 dataset=barabasi_albert perturbation=triangle_injection_removal alpha=0.8 seed=0 workflow=diversity_curves_shortest_path status=success
2026-06-09 02:01:36,847 INFO row_complete 433/2640 dataset=barabasi_albert perturbation=triangle_injection_removal alpha=0.9 seed=0 workflow=structural_statistics_mmd status=success
2026-06-09 02:01:36,850 INFO row_complete 434/2640 dataset=barabasi_albert perturbation=triangle_injection_removal alpha=0.9 seed=0 workflow=wl_subtree_kernel_mmd status=success
2026-06-09 02:01:36,852 INFO row_complete 435/2640 dataset=barabasi_albert perturbation=triangle_injection_removal alpha=0.9 seed=0 workflow=netlsd_spectral_signatures status=success
2026-06-09 02:01:36,854 INFO row_complete 436/2640 dataset=barabasi_albert perturbation=triangle_injection_removal alpha=0.9 seed=0 workflow=diversity_curves_shortest_path status=success
2026-06-09 02:03:06,800 INFO row_complete 437/2640 dataset=barabasi_albert perturbation=triangle_injection_removal alpha=1.0 seed=0 workflow=structural_statistics_mmd status=success
2026-06-09 02:03:06,802 INFO row_complete 438/2640 dataset=barabasi_albert perturbation=triangle_injection_removal alpha=1.0 seed=0 workflow=wl_subtree_kernel_mmd status=success
2026-06-09 02:03:06,803 INFO row_complete 439/2640 dataset=barabasi_albert perturbation=triangle_injection_removal alpha=1.0 seed=0 workflow=netlsd_spectral_signatures status=success
2026-06-09 02:03:06,805 INFO row_complete 440/2640 dataset=barabasi_albert perturbation=triangle_injection_removal alpha=1.0 seed=0 workflow=diversity_curves_shortest_path status=success
2026-06-09 02:03:06,819 INFO row_complete 441/2640 dataset=barabasi_albert perturbation=community_weakening alpha=0.0 seed=0 workflow=structural_statistics_mmd status=skipped
2026-06-09 02:03:06,820 INFO row_complete 442/2640 dataset=barabasi_albert perturbation=community_weakening alpha=0.0 seed=0 workflow=wl_subtree_kernel_mmd status=skipped
2026-06-09 02:03:06,821 INFO row_complete 443/2640 dataset=barabasi_albert perturbation=community_weakening alpha=0.0 seed=0 workflow=netlsd_spectral_signatures status=skipped
2026-06-09 02:03:06,822 INFO row_complete 444/2640 dataset=barabasi_albert perturbation=community_weakening alpha=0.0 seed=0 workflow=diversity_curves_shortest_path status=skipped
2026-06-09 02:03:06,837 INFO row_complete 445/2640 dataset=barabasi_albert perturbation=community_weakening alpha=0.1 seed=0 workflow=structural_statistics_mmd status=skipped
2026-06-09 02:03:06,838 INFO row_complete 446/2640 dataset=barabasi_albert perturbation=community_weakening alpha=0.1 seed=0 workflow=wl_subtree_kernel_mmd status=skipped
2026-06-09 02:03:06,839 INFO row_complete 447/2640 dataset=barabasi_albert perturbation=community_weakening alpha=0.1 seed=0 workflow=netlsd_spectral_signatures status=skipped
2026-06-09 02:03:06,840 INFO row_complete 448/2640 dataset=barabasi_albert perturbation=community_weakening alpha=0.1 seed=0 workflow=diversity_curves_shortest_path status=skipped
2026-06-09 02:03:06,850 INFO row_complete 449/2640 dataset=barabasi_albert perturbation=community_weakening alpha=0.2 seed=0 workflow=structural_statistics_mmd status=skipped
2026-06-09 02:03:06,851 INFO row_complete 450/2640 dataset=barabasi_albert perturbation=community_weakening alpha=0.2 seed=0 workflow=wl_subtree_kernel_mmd status=skipped
2026-06-09 02:03:06,852 INFO row_complete 451/2640 dataset=barabasi_albert perturbation=community_weakening alpha=0.2 seed=0 workflow=netlsd_spectral_signatures status=skipped
2026-06-09 02:03:06,853 INFO row_complete 452/2640 dataset=barabasi_albert perturbation=community_weakening alpha=0.2 seed=0 workflow=diversity_curves_shortest_path status=skipped
2026-06-09 02:03:06,863 INFO row_complete 453/2640 dataset=barabasi_albert perturbation=community_weakening alpha=0.3 seed=0 workflow=structural_statistics_mmd status=skipped
2026-06-09 02:03:06,864 INFO row_complete 454/2640 dataset=barabasi_albert perturbation=community_weakening alpha=0.3 seed=0 workflow=wl_subtree_kernel_mmd status=skipped
2026-06-09 02:03:06,865 INFO row_complete 455/2640 dataset=barabasi_albert perturbation=community_weakening alpha=0.3 seed=0 workflow=netlsd_spectral_signatures status=skipped
2026-06-09 02:03:06,866 INFO row_complete 456/2640 dataset=barabasi_albert perturbation=community_weakening alpha=0.3 seed=0 workflow=diversity_curves_shortest_path status=skipped
2026-06-09 02:03:06,876 INFO row_complete 457/2640 dataset=barabasi_albert perturbation=community_weakening alpha=0.4 seed=0 workflow=structural_statistics_mmd status=skipped
2026-06-09 02:03:06,877 INFO row_complete 458/2640 dataset=barabasi_albert perturbation=community_weakening alpha=0.4 seed=0 workflow=wl_subtree_kernel_mmd status=skipped
2026-06-09 02:03:06,878 INFO row_complete 459/2640 dataset=barabasi_albert perturbation=community_weakening alpha=0.4 seed=0 workflow=netlsd_spectral_signatures status=skipped
2026-06-09 02:03:06,879 INFO row_complete 460/2640 dataset=barabasi_albert perturbation=community_weakening alpha=0.4 seed=0 workflow=diversity_curves_shortest_path status=skipped
2026-06-09 02:03:06,891 INFO row_complete 461/2640 dataset=barabasi_albert perturbation=community_weakening alpha=0.5 seed=0 workflow=structural_statistics_mmd status=skipped
2026-06-09 02:03:06,892 INFO row_complete 462/2640 dataset=barabasi_albert perturbation=community_weakening alpha=0.5 seed=0 workflow=wl_subtree_kernel_mmd status=skipped
2026-06-09 02:03:06,893 INFO row_complete 463/2640 dataset=barabasi_albert perturbation=community_weakening alpha=0.5 seed=0 workflow=netlsd_spectral_signatures status=skipped
2026-06-09 02:03:06,894 INFO row_complete 464/2640 dataset=barabasi_albert perturbation=community_weakening alpha=0.5 seed=0 workflow=diversity_curves_shortest_path status=skipped
2026-06-09 02:03:06,905 INFO row_complete 465/2640 dataset=barabasi_albert perturbation=community_weakening alpha=0.6 seed=0 workflow=structural_statistics_mmd status=skipped
2026-06-09 02:03:06,906 INFO row_complete 466/2640 dataset=barabasi_albert perturbation=community_weakening alpha=0.6 seed=0 workflow=wl_subtree_kernel_mmd status=skipped
2026-06-09 02:03:06,907 INFO row_complete 467/2640 dataset=barabasi_albert perturbation=community_weakening alpha=0.6 seed=0 workflow=netlsd_spectral_signatures status=skipped
2026-06-09 02:03:06,908 INFO row_complete 468/2640 dataset=barabasi_albert perturbation=community_weakening alpha=0.6 seed=0 workflow=diversity_curves_shortest_path status=skipped
2026-06-09 02:03:06,918 INFO row_complete 469/2640 dataset=barabasi_albert perturbation=community_weakening alpha=0.7 seed=0 workflow=structural_statistics_mmd status=skipped
2026-06-09 02:03:06,919 INFO row_complete 470/2640 dataset=barabasi_albert perturbation=community_weakening alpha=0.7 seed=0 workflow=wl_subtree_kernel_mmd status=skipped
2026-06-09 02:03:06,920 INFO row_complete 471/2640 dataset=barabasi_albert perturbation=community_weakening alpha=0.7 seed=0 workflow=netlsd_spectral_signatures status=skipped
2026-06-09 02:03:06,920 INFO row_complete 472/2640 dataset=barabasi_albert perturbation=community_weakening alpha=0.7 seed=0 workflow=diversity_curves_shortest_path status=skipped
2026-06-09 02:03:06,931 INFO row_complete 473/2640 dataset=barabasi_albert perturbation=community_weakening alpha=0.8 seed=0 workflow=structural_statistics_mmd status=skipped
2026-06-09 02:03:06,932 INFO row_complete 474/2640 dataset=barabasi_albert perturbation=community_weakening alpha=0.8 seed=0 workflow=wl_subtree_kernel_mmd status=skipped
2026-06-09 02:03:06,933 INFO row_complete 475/2640 dataset=barabasi_albert perturbation=community_weakening alpha=0.8 seed=0 workflow=netlsd_spectral_signatures status=skipped
2026-06-09 02:03:06,934 INFO row_complete 476/2640 dataset=barabasi_albert perturbation=community_weakening alpha=0.8 seed=0 workflow=diversity_curves_shortest_path status=skipped
2026-06-09 02:03:06,945 INFO row_complete 477/2640 dataset=barabasi_albert perturbation=community_weakening alpha=0.9 seed=0 workflow=structural_statistics_mmd status=skipped
2026-06-09 02:03:06,946 INFO row_complete 478/2640 dataset=barabasi_albert perturbation=community_weakening alpha=0.9 seed=0 workflow=wl_subtree_kernel_mmd status=skipped
2026-06-09 02:03:06,947 INFO row_complete 479/2640 dataset=barabasi_albert perturbation=community_weakening alpha=0.9 seed=0 workflow=netlsd_spectral_signatures status=skipped
2026-06-09 02:03:06,948 INFO row_complete 480/2640 dataset=barabasi_albert perturbation=community_weakening alpha=0.9 seed=0 workflow=diversity_curves_shortest_path status=skipped
2026-06-09 02:03:06,962 INFO row_complete 481/2640 dataset=barabasi_albert perturbation=community_weakening alpha=1.0 seed=0 workflow=structural_statistics_mmd status=skipped
2026-06-09 02:03:06,963 INFO row_complete 482/2640 dataset=barabasi_albert perturbation=community_weakening alpha=1.0 seed=0 workflow=wl_subtree_kernel_mmd status=skipped
2026-06-09 02:03:06,964 INFO row_complete 483/2640 dataset=barabasi_albert perturbation=community_weakening alpha=1.0 seed=0 workflow=netlsd_spectral_signatures status=skipped
2026-06-09 02:03:06,965 INFO row_complete 484/2640 dataset=barabasi_albert perturbation=community_weakening alpha=1.0 seed=0 workflow=diversity_curves_shortest_path status=skipped
2026-06-09 02:04:35,181 INFO row_complete 485/2640 dataset=barabasi_albert perturbation=hub_modification alpha=0.0 seed=0 workflow=structural_statistics_mmd status=success
2026-06-09 02:04:35,182 INFO row_complete 486/2640 dataset=barabasi_albert perturbation=hub_modification alpha=0.0 seed=0 workflow=wl_subtree_kernel_mmd status=success
2026-06-09 02:04:35,183 INFO row_complete 487/2640 dataset=barabasi_albert perturbation=hub_modification alpha=0.0 seed=0 workflow=netlsd_spectral_signatures status=success
2026-06-09 02:04:35,184 INFO row_complete 488/2640 dataset=barabasi_albert perturbation=hub_modification alpha=0.0 seed=0 workflow=diversity_curves_shortest_path status=success
2026-06-09 02:06:02,977 INFO row_complete 489/2640 dataset=barabasi_albert perturbation=hub_modification alpha=0.1 seed=0 workflow=structural_statistics_mmd status=success
2026-06-09 02:06:02,978 INFO row_complete 490/2640 dataset=barabasi_albert perturbation=hub_modification alpha=0.1 seed=0 workflow=wl_subtree_kernel_mmd status=success
2026-06-09 02:06:02,979 INFO row_complete 491/2640 dataset=barabasi_albert perturbation=hub_modification alpha=0.1 seed=0 workflow=netlsd_spectral_signatures status=success
2026-06-09 02:06:02,980 INFO row_complete 492/2640 dataset=barabasi_albert perturbation=hub_modification alpha=0.1 seed=0 workflow=diversity_curves_shortest_path status=success
2026-06-09 02:07:30,656 INFO row_complete 493/2640 dataset=barabasi_albert perturbation=hub_modification alpha=0.2 seed=0 workflow=structural_statistics_mmd status=success
2026-06-09 02:07:30,659 INFO row_complete 494/2640 dataset=barabasi_albert perturbation=hub_modification alpha=0.2 seed=0 workflow=wl_subtree_kernel_mmd status=success
2026-06-09 02:07:30,660 INFO row_complete 495/2640 dataset=barabasi_albert perturbation=hub_modification alpha=0.2 seed=0 workflow=netlsd_spectral_signatures status=success
2026-06-09 02:07:30,661 INFO row_complete 496/2640 dataset=barabasi_albert perturbation=hub_modification alpha=0.2 seed=0 workflow=diversity_curves_shortest_path status=success
2026-06-09 02:08:58,414 INFO row_complete 497/2640 dataset=barabasi_albert perturbation=hub_modification alpha=0.3 seed=0 workflow=structural_statistics_mmd status=success
2026-06-09 02:08:58,418 INFO row_complete 498/2640 dataset=barabasi_albert perturbation=hub_modification alpha=0.3 seed=0 workflow=wl_subtree_kernel_mmd status=success
2026-06-09 02:08:58,421 INFO row_complete 499/2640 dataset=barabasi_albert perturbation=hub_modification alpha=0.3 seed=0 workflow=netlsd_spectral_signatures status=success
2026-06-09 02:08:58,422 INFO row_complete 500/2640 dataset=barabasi_albert perturbation=hub_modification alpha=0.3 seed=0 workflow=diversity_curves_shortest_path status=success
2026-06-09 02:10:25,995 INFO row_complete 501/2640 dataset=barabasi_albert perturbation=hub_modification alpha=0.4 seed=0 workflow=structural_statistics_mmd status=success
2026-06-09 02:10:25,996 INFO row_complete 502/2640 dataset=barabasi_albert perturbation=hub_modification alpha=0.4 seed=0 workflow=wl_subtree_kernel_mmd status=success
2026-06-09 02:10:25,997 INFO row_complete 503/2640 dataset=barabasi_albert perturbation=hub_modification alpha=0.4 seed=0 workflow=netlsd_spectral_signatures status=success
2026-06-09 02:10:25,998 INFO row_complete 504/2640 dataset=barabasi_albert perturbation=hub_modification alpha=0.4 seed=0 workflow=diversity_curves_shortest_path status=success
2026-06-09 02:11:53,524 INFO row_complete 505/2640 dataset=barabasi_albert perturbation=hub_modification alpha=0.5 seed=0 workflow=structural_statistics_mmd status=success
2026-06-09 02:11:53,525 INFO row_complete 506/2640 dataset=barabasi_albert perturbation=hub_modification alpha=0.5 seed=0 workflow=wl_subtree_kernel_mmd status=success
2026-06-09 02:11:53,526 INFO row_complete 507/2640 dataset=barabasi_albert perturbation=hub_modification alpha=0.5 seed=0 workflow=netlsd_spectral_signatures status=success
2026-06-09 02:11:53,527 INFO row_complete 508/2640 dataset=barabasi_albert perturbation=hub_modification alpha=0.5 seed=0 workflow=diversity_curves_shortest_path status=success
2026-06-09 02:13:20,982 INFO row_complete 509/2640 dataset=barabasi_albert perturbation=hub_modification alpha=0.6 seed=0 workflow=structural_statistics_mmd status=success
2026-06-09 02:13:20,984 INFO row_complete 510/2640 dataset=barabasi_albert perturbation=hub_modification alpha=0.6 seed=0 workflow=wl_subtree_kernel_mmd status=success
2026-06-09 02:13:20,985 INFO row_complete 511/2640 dataset=barabasi_albert perturbation=hub_modification alpha=0.6 seed=0 workflow=netlsd_spectral_signatures status=success
2026-06-09 02:13:20,986 INFO row_complete 512/2640 dataset=barabasi_albert perturbation=hub_modification alpha=0.6 seed=0 workflow=diversity_curves_shortest_path status=success
2026-06-09 02:14:48,484 INFO row_complete 513/2640 dataset=barabasi_albert perturbation=hub_modification alpha=0.7 seed=0 workflow=structural_statistics_mmd status=success
2026-06-09 02:14:48,487 INFO row_complete 514/2640 dataset=barabasi_albert perturbation=hub_modification alpha=0.7 seed=0 workflow=wl_subtree_kernel_mmd status=success
2026-06-09 02:14:48,490 INFO row_complete 515/2640 dataset=barabasi_albert perturbation=hub_modification alpha=0.7 seed=0 workflow=netlsd_spectral_signatures status=success
2026-06-09 02:14:48,492 INFO row_complete 516/2640 dataset=barabasi_albert perturbation=hub_modification alpha=0.7 seed=0 workflow=diversity_curves_shortest_path status=success
2026-06-09 02:16:16,127 INFO row_complete 517/2640 dataset=barabasi_albert perturbation=hub_modification alpha=0.8 seed=0 workflow=structural_statistics_mmd status=success
2026-06-09 02:16:16,128 INFO row_complete 518/2640 dataset=barabasi_albert perturbation=hub_modification alpha=0.8 seed=0 workflow=wl_subtree_kernel_mmd status=success
2026-06-09 02:16:16,129 INFO row_complete 519/2640 dataset=barabasi_albert perturbation=hub_modification alpha=0.8 seed=0 workflow=netlsd_spectral_signatures status=success
2026-06-09 02:16:16,130 INFO row_complete 520/2640 dataset=barabasi_albert perturbation=hub_modification alpha=0.8 seed=0 workflow=diversity_curves_shortest_path status=success
2026-06-09 02:17:43,795 INFO row_complete 521/2640 dataset=barabasi_albert perturbation=hub_modification alpha=0.9 seed=0 workflow=structural_statistics_mmd status=success
2026-06-09 02:17:43,796 INFO row_complete 522/2640 dataset=barabasi_albert perturbation=hub_modification alpha=0.9 seed=0 workflow=wl_subtree_kernel_mmd status=success
2026-06-09 02:17:43,797 INFO row_complete 523/2640 dataset=barabasi_albert perturbation=hub_modification alpha=0.9 seed=0 workflow=netlsd_spectral_signatures status=success
2026-06-09 02:17:43,798 INFO row_complete 524/2640 dataset=barabasi_albert perturbation=hub_modification alpha=0.9 seed=0 workflow=diversity_curves_shortest_path status=success
2026-06-09 02:19:11,432 INFO row_complete 525/2640 dataset=barabasi_albert perturbation=hub_modification alpha=1.0 seed=0 workflow=structural_statistics_mmd status=success
2026-06-09 02:19:11,433 INFO row_complete 526/2640 dataset=barabasi_albert perturbation=hub_modification alpha=1.0 seed=0 workflow=wl_subtree_kernel_mmd status=success
2026-06-09 02:19:11,434 INFO row_complete 527/2640 dataset=barabasi_albert perturbation=hub_modification alpha=1.0 seed=0 workflow=netlsd_spectral_signatures status=success
2026-06-09 02:19:11,435 INFO row_complete 528/2640 dataset=barabasi_albert perturbation=hub_modification alpha=1.0 seed=0 workflow=diversity_curves_shortest_path status=success
2026-06-09 02:20:45,205 INFO row_complete 529/2640 dataset=erdos_renyi perturbation=edge_addition_deletion alpha=0.0 seed=1 workflow=structural_statistics_mmd status=success
2026-06-09 02:20:45,206 INFO row_complete 530/2640 dataset=erdos_renyi perturbation=edge_addition_deletion alpha=0.0 seed=1 workflow=wl_subtree_kernel_mmd status=success
2026-06-09 02:20:45,207 INFO row_complete 531/2640 dataset=erdos_renyi perturbation=edge_addition_deletion alpha=0.0 seed=1 workflow=netlsd_spectral_signatures status=success
2026-06-09 02:20:45,208 INFO row_complete 532/2640 dataset=erdos_renyi perturbation=edge_addition_deletion alpha=0.0 seed=1 workflow=diversity_curves_shortest_path status=success
2026-06-09 02:22:18,755 INFO row_complete 533/2640 dataset=erdos_renyi perturbation=edge_addition_deletion alpha=0.1 seed=1 workflow=structural_statistics_mmd status=success
2026-06-09 02:22:18,758 INFO row_complete 534/2640 dataset=erdos_renyi perturbation=edge_addition_deletion alpha=0.1 seed=1 workflow=wl_subtree_kernel_mmd status=success
2026-06-09 02:22:18,759 INFO row_complete 535/2640 dataset=erdos_renyi perturbation=edge_addition_deletion alpha=0.1 seed=1 workflow=netlsd_spectral_signatures status=success
2026-06-09 02:22:18,760 INFO row_complete 536/2640 dataset=erdos_renyi perturbation=edge_addition_deletion alpha=0.1 seed=1 workflow=diversity_curves_shortest_path status=success
2026-06-09 02:23:52,953 INFO row_complete 537/2640 dataset=erdos_renyi perturbation=edge_addition_deletion alpha=0.2 seed=1 workflow=structural_statistics_mmd status=success
2026-06-09 02:23:52,955 INFO row_complete 538/2640 dataset=erdos_renyi perturbation=edge_addition_deletion alpha=0.2 seed=1 workflow=wl_subtree_kernel_mmd status=success
2026-06-09 02:23:52,956 INFO row_complete 539/2640 dataset=erdos_renyi perturbation=edge_addition_deletion alpha=0.2 seed=1 workflow=netlsd_spectral_signatures status=success
2026-06-09 02:23:52,957 INFO row_complete 540/2640 dataset=erdos_renyi perturbation=edge_addition_deletion alpha=0.2 seed=1 workflow=diversity_curves_shortest_path status=success
2026-06-09 02:25:26,624 INFO row_complete 541/2640 dataset=erdos_renyi perturbation=edge_addition_deletion alpha=0.3 seed=1 workflow=structural_statistics_mmd status=success
2026-06-09 02:25:26,627 INFO row_complete 542/2640 dataset=erdos_renyi perturbation=edge_addition_deletion alpha=0.3 seed=1 workflow=wl_subtree_kernel_mmd status=success
2026-06-09 02:25:26,629 INFO row_complete 543/2640 dataset=erdos_renyi perturbation=edge_addition_deletion alpha=0.3 seed=1 workflow=netlsd_spectral_signatures status=success
2026-06-09 02:25:26,630 INFO row_complete 544/2640 dataset=erdos_renyi perturbation=edge_addition_deletion alpha=0.3 seed=1 workflow=diversity_curves_shortest_path status=success
2026-06-09 02:27:00,328 INFO row_complete 545/2640 dataset=erdos_renyi perturbation=edge_addition_deletion alpha=0.4 seed=1 workflow=structural_statistics_mmd status=success
2026-06-09 02:27:00,331 INFO row_complete 546/2640 dataset=erdos_renyi perturbation=edge_addition_deletion alpha=0.4 seed=1 workflow=wl_subtree_kernel_mmd status=success
2026-06-09 02:27:00,332 INFO row_complete 547/2640 dataset=erdos_renyi perturbation=edge_addition_deletion alpha=0.4 seed=1 workflow=netlsd_spectral_signatures status=success
2026-06-09 02:27:00,333 INFO row_complete 548/2640 dataset=erdos_renyi perturbation=edge_addition_deletion alpha=0.4 seed=1 workflow=diversity_curves_shortest_path status=success
2026-06-09 02:28:33,824 INFO row_complete 549/2640 dataset=erdos_renyi perturbation=edge_addition_deletion alpha=0.5 seed=1 workflow=structural_statistics_mmd status=success
2026-06-09 02:28:33,826 INFO row_complete 550/2640 dataset=erdos_renyi perturbation=edge_addition_deletion alpha=0.5 seed=1 workflow=wl_subtree_kernel_mmd status=success
2026-06-09 02:28:33,827 INFO row_complete 551/2640 dataset=erdos_renyi perturbation=edge_addition_deletion alpha=0.5 seed=1 workflow=netlsd_spectral_signatures status=success
2026-06-09 02:28:33,828 INFO row_complete 552/2640 dataset=erdos_renyi perturbation=edge_addition_deletion alpha=0.5 seed=1 workflow=diversity_curves_shortest_path status=success
2026-06-09 02:30:07,798 INFO row_complete 553/2640 dataset=erdos_renyi perturbation=edge_addition_deletion alpha=0.6 seed=1 workflow=structural_statistics_mmd status=success
2026-06-09 02:30:07,800 INFO row_complete 554/2640 dataset=erdos_renyi perturbation=edge_addition_deletion alpha=0.6 seed=1 workflow=wl_subtree_kernel_mmd status=success
2026-06-09 02:30:07,801 INFO row_complete 555/2640 dataset=erdos_renyi perturbation=edge_addition_deletion alpha=0.6 seed=1 workflow=netlsd_spectral_signatures status=success
2026-06-09 02:30:07,802 INFO row_complete 556/2640 dataset=erdos_renyi perturbation=edge_addition_deletion alpha=0.6 seed=1 workflow=diversity_curves_shortest_path status=success
2026-06-09 02:31:41,410 INFO row_complete 557/2640 dataset=erdos_renyi perturbation=edge_addition_deletion alpha=0.7 seed=1 workflow=structural_statistics_mmd status=success
2026-06-09 02:31:41,411 INFO row_complete 558/2640 dataset=erdos_renyi perturbation=edge_addition_deletion alpha=0.7 seed=1 workflow=wl_subtree_kernel_mmd status=success
2026-06-09 02:31:41,412 INFO row_complete 559/2640 dataset=erdos_renyi perturbation=edge_addition_deletion alpha=0.7 seed=1 workflow=netlsd_spectral_signatures status=success
2026-06-09 02:31:41,413 INFO row_complete 560/2640 dataset=erdos_renyi perturbation=edge_addition_deletion alpha=0.7 seed=1 workflow=diversity_curves_shortest_path status=success
2026-06-09 02:33:15,162 INFO row_complete 561/2640 dataset=erdos_renyi perturbation=edge_addition_deletion alpha=0.8 seed=1 workflow=structural_statistics_mmd status=success
2026-06-09 02:33:15,163 INFO row_complete 562/2640 dataset=erdos_renyi perturbation=edge_addition_deletion alpha=0.8 seed=1 workflow=wl_subtree_kernel_mmd status=success
2026-06-09 02:33:15,164 INFO row_complete 563/2640 dataset=erdos_renyi perturbation=edge_addition_deletion alpha=0.8 seed=1 workflow=netlsd_spectral_signatures status=success
2026-06-09 02:33:15,165 INFO row_complete 564/2640 dataset=erdos_renyi perturbation=edge_addition_deletion alpha=0.8 seed=1 workflow=diversity_curves_shortest_path status=success
2026-06-09 02:34:49,518 INFO row_complete 565/2640 dataset=erdos_renyi perturbation=edge_addition_deletion alpha=0.9 seed=1 workflow=structural_statistics_mmd status=success
2026-06-09 02:34:49,519 INFO row_complete 566/2640 dataset=erdos_renyi perturbation=edge_addition_deletion alpha=0.9 seed=1 workflow=wl_subtree_kernel_mmd status=success
2026-06-09 02:34:49,520 INFO row_complete 567/2640 dataset=erdos_renyi perturbation=edge_addition_deletion alpha=0.9 seed=1 workflow=netlsd_spectral_signatures status=success
2026-06-09 02:34:49,521 INFO row_complete 568/2640 dataset=erdos_renyi perturbation=edge_addition_deletion alpha=0.9 seed=1 workflow=diversity_curves_shortest_path status=success
2026-06-09 02:36:23,830 INFO row_complete 569/2640 dataset=erdos_renyi perturbation=edge_addition_deletion alpha=1.0 seed=1 workflow=structural_statistics_mmd status=success
2026-06-09 02:36:23,831 INFO row_complete 570/2640 dataset=erdos_renyi perturbation=edge_addition_deletion alpha=1.0 seed=1 workflow=wl_subtree_kernel_mmd status=success
2026-06-09 02:36:23,832 INFO row_complete 571/2640 dataset=erdos_renyi perturbation=edge_addition_deletion alpha=1.0 seed=1 workflow=netlsd_spectral_signatures status=success
2026-06-09 02:36:23,833 INFO row_complete 572/2640 dataset=erdos_renyi perturbation=edge_addition_deletion alpha=1.0 seed=1 workflow=diversity_curves_shortest_path status=success
2026-06-09 02:37:57,205 INFO row_complete 573/2640 dataset=erdos_renyi perturbation=triangle_injection_removal alpha=0.0 seed=1 workflow=structural_statistics_mmd status=success
2026-06-09 02:37:57,206 INFO row_complete 574/2640 dataset=erdos_renyi perturbation=triangle_injection_removal alpha=0.0 seed=1 workflow=wl_subtree_kernel_mmd status=success
2026-06-09 02:37:57,207 INFO row_complete 575/2640 dataset=erdos_renyi perturbation=triangle_injection_removal alpha=0.0 seed=1 workflow=netlsd_spectral_signatures status=success
2026-06-09 02:37:57,208 INFO row_complete 576/2640 dataset=erdos_renyi perturbation=triangle_injection_removal alpha=0.0 seed=1 workflow=diversity_curves_shortest_path status=success
2026-06-09 02:39:31,131 INFO row_complete 577/2640 dataset=erdos_renyi perturbation=triangle_injection_removal alpha=0.1 seed=1 workflow=structural_statistics_mmd status=success
2026-06-09 02:39:31,133 INFO row_complete 578/2640 dataset=erdos_renyi perturbation=triangle_injection_removal alpha=0.1 seed=1 workflow=wl_subtree_kernel_mmd status=success
2026-06-09 02:39:31,134 INFO row_complete 579/2640 dataset=erdos_renyi perturbation=triangle_injection_removal alpha=0.1 seed=1 workflow=netlsd_spectral_signatures status=success
2026-06-09 02:39:31,134 INFO row_complete 580/2640 dataset=erdos_renyi perturbation=triangle_injection_removal alpha=0.1 seed=1 workflow=diversity_curves_shortest_path status=success
2026-06-09 02:41:04,888 INFO row_complete 581/2640 dataset=erdos_renyi perturbation=triangle_injection_removal alpha=0.2 seed=1 workflow=structural_statistics_mmd status=success
2026-06-09 02:41:04,889 INFO row_complete 582/2640 dataset=erdos_renyi perturbation=triangle_injection_removal alpha=0.2 seed=1 workflow=wl_subtree_kernel_mmd status=success
2026-06-09 02:41:04,890 INFO row_complete 583/2640 dataset=erdos_renyi perturbation=triangle_injection_removal alpha=0.2 seed=1 workflow=netlsd_spectral_signatures status=success
2026-06-09 02:41:04,891 INFO row_complete 584/2640 dataset=erdos_renyi perturbation=triangle_injection_removal alpha=0.2 seed=1 workflow=diversity_curves_shortest_path status=success
2026-06-09 02:42:38,720 INFO row_complete 585/2640 dataset=erdos_renyi perturbation=triangle_injection_removal alpha=0.3 seed=1 workflow=structural_statistics_mmd status=success
2026-06-09 02:42:38,723 INFO row_complete 586/2640 dataset=erdos_renyi perturbation=triangle_injection_removal alpha=0.3 seed=1 workflow=wl_subtree_kernel_mmd status=success
2026-06-09 02:42:38,724 INFO row_complete 587/2640 dataset=erdos_renyi perturbation=triangle_injection_removal alpha=0.3 seed=1 workflow=netlsd_spectral_signatures status=success
2026-06-09 02:42:38,725 INFO row_complete 588/2640 dataset=erdos_renyi perturbation=triangle_injection_removal alpha=0.3 seed=1 workflow=diversity_curves_shortest_path status=success
2026-06-09 02:44:12,510 INFO row_complete 589/2640 dataset=erdos_renyi perturbation=triangle_injection_removal alpha=0.4 seed=1 workflow=structural_statistics_mmd status=success
2026-06-09 02:44:12,512 INFO row_complete 590/2640 dataset=erdos_renyi perturbation=triangle_injection_removal alpha=0.4 seed=1 workflow=wl_subtree_kernel_mmd status=success
2026-06-09 02:44:12,512 INFO row_complete 591/2640 dataset=erdos_renyi perturbation=triangle_injection_removal alpha=0.4 seed=1 workflow=netlsd_spectral_signatures status=success
2026-06-09 02:44:12,513 INFO row_complete 592/2640 dataset=erdos_renyi perturbation=triangle_injection_removal alpha=0.4 seed=1 workflow=diversity_curves_shortest_path status=success
2026-06-09 02:45:46,640 INFO row_complete 593/2640 dataset=erdos_renyi perturbation=triangle_injection_removal alpha=0.5 seed=1 workflow=structural_statistics_mmd status=success
2026-06-09 02:45:46,642 INFO row_complete 594/2640 dataset=erdos_renyi perturbation=triangle_injection_removal alpha=0.5 seed=1 workflow=wl_subtree_kernel_mmd status=success
2026-06-09 02:45:46,643 INFO row_complete 595/2640 dataset=erdos_renyi perturbation=triangle_injection_removal alpha=0.5 seed=1 workflow=netlsd_spectral_signatures status=success
2026-06-09 02:45:46,644 INFO row_complete 596/2640 dataset=erdos_renyi perturbation=triangle_injection_removal alpha=0.5 seed=1 workflow=diversity_curves_shortest_path status=success
2026-06-09 02:47:20,848 INFO row_complete 597/2640 dataset=erdos_renyi perturbation=triangle_injection_removal alpha=0.6 seed=1 workflow=structural_statistics_mmd status=success
2026-06-09 02:47:20,850 INFO row_complete 598/2640 dataset=erdos_renyi perturbation=triangle_injection_removal alpha=0.6 seed=1 workflow=wl_subtree_kernel_mmd status=success
2026-06-09 02:47:20,853 INFO row_complete 599/2640 dataset=erdos_renyi perturbation=triangle_injection_removal alpha=0.6 seed=1 workflow=netlsd_spectral_signatures status=success
2026-06-09 02:47:20,855 INFO row_complete 600/2640 dataset=erdos_renyi perturbation=triangle_injection_removal alpha=0.6 seed=1 workflow=diversity_curves_shortest_path status=success
2026-06-09 02:48:54,668 INFO row_complete 601/2640 dataset=erdos_renyi perturbation=triangle_injection_removal alpha=0.7 seed=1 workflow=structural_statistics_mmd status=success
2026-06-09 02:48:54,672 INFO row_complete 602/2640 dataset=erdos_renyi perturbation=triangle_injection_removal alpha=0.7 seed=1 workflow=wl_subtree_kernel_mmd status=success
2026-06-09 02:48:54,673 INFO row_complete 603/2640 dataset=erdos_renyi perturbation=triangle_injection_removal alpha=0.7 seed=1 workflow=netlsd_spectral_signatures status=success
2026-06-09 02:48:54,675 INFO row_complete 604/2640 dataset=erdos_renyi perturbation=triangle_injection_removal alpha=0.7 seed=1 workflow=diversity_curves_shortest_path status=success
2026-06-09 02:50:28,632 INFO row_complete 605/2640 dataset=erdos_renyi perturbation=triangle_injection_removal alpha=0.8 seed=1 workflow=structural_statistics_mmd status=success
2026-06-09 02:50:28,636 INFO row_complete 606/2640 dataset=erdos_renyi perturbation=triangle_injection_removal alpha=0.8 seed=1 workflow=wl_subtree_kernel_mmd status=success
2026-06-09 02:50:28,639 INFO row_complete 607/2640 dataset=erdos_renyi perturbation=triangle_injection_removal alpha=0.8 seed=1 workflow=netlsd_spectral_signatures status=success
2026-06-09 02:50:28,642 INFO row_complete 608/2640 dataset=erdos_renyi perturbation=triangle_injection_removal alpha=0.8 seed=1 workflow=diversity_curves_shortest_path status=success
2026-06-09 02:52:02,654 INFO row_complete 609/2640 dataset=erdos_renyi perturbation=triangle_injection_removal alpha=0.9 seed=1 workflow=structural_statistics_mmd status=success
2026-06-09 02:52:02,656 INFO row_complete 610/2640 dataset=erdos_renyi perturbation=triangle_injection_removal alpha=0.9 seed=1 workflow=wl_subtree_kernel_mmd status=success
2026-06-09 02:52:02,657 INFO row_complete 611/2640 dataset=erdos_renyi perturbation=triangle_injection_removal alpha=0.9 seed=1 workflow=netlsd_spectral_signatures status=success
2026-06-09 02:52:02,657 INFO row_complete 612/2640 dataset=erdos_renyi perturbation=triangle_injection_removal alpha=0.9 seed=1 workflow=diversity_curves_shortest_path status=success
2026-06-09 02:53:36,740 INFO row_complete 613/2640 dataset=erdos_renyi perturbation=triangle_injection_removal alpha=1.0 seed=1 workflow=structural_statistics_mmd status=success
2026-06-09 02:53:36,741 INFO row_complete 614/2640 dataset=erdos_renyi perturbation=triangle_injection_removal alpha=1.0 seed=1 workflow=wl_subtree_kernel_mmd status=success
2026-06-09 02:53:36,742 INFO row_complete 615/2640 dataset=erdos_renyi perturbation=triangle_injection_removal alpha=1.0 seed=1 workflow=netlsd_spectral_signatures status=success
2026-06-09 02:53:36,743 INFO row_complete 616/2640 dataset=erdos_renyi perturbation=triangle_injection_removal alpha=1.0 seed=1 workflow=diversity_curves_shortest_path status=success
2026-06-09 02:53:36,760 INFO row_complete 617/2640 dataset=erdos_renyi perturbation=community_weakening alpha=0.0 seed=1 workflow=structural_statistics_mmd status=skipped
2026-06-09 02:53:36,761 INFO row_complete 618/2640 dataset=erdos_renyi perturbation=community_weakening alpha=0.0 seed=1 workflow=wl_subtree_kernel_mmd status=skipped
2026-06-09 02:53:36,762 INFO row_complete 619/2640 dataset=erdos_renyi perturbation=community_weakening alpha=0.0 seed=1 workflow=netlsd_spectral_signatures status=skipped
2026-06-09 02:53:36,763 INFO row_complete 620/2640 dataset=erdos_renyi perturbation=community_weakening alpha=0.0 seed=1 workflow=diversity_curves_shortest_path status=skipped
2026-06-09 02:53:36,784 INFO row_complete 621/2640 dataset=erdos_renyi perturbation=community_weakening alpha=0.1 seed=1 workflow=structural_statistics_mmd status=skipped
2026-06-09 02:53:36,785 INFO row_complete 622/2640 dataset=erdos_renyi perturbation=community_weakening alpha=0.1 seed=1 workflow=wl_subtree_kernel_mmd status=skipped
2026-06-09 02:53:36,786 INFO row_complete 623/2640 dataset=erdos_renyi perturbation=community_weakening alpha=0.1 seed=1 workflow=netlsd_spectral_signatures status=skipped
2026-06-09 02:53:36,787 INFO row_complete 624/2640 dataset=erdos_renyi perturbation=community_weakening alpha=0.1 seed=1 workflow=diversity_curves_shortest_path status=skipped
2026-06-09 02:53:36,804 INFO row_complete 625/2640 dataset=erdos_renyi perturbation=community_weakening alpha=0.2 seed=1 workflow=structural_statistics_mmd status=skipped
2026-06-09 02:53:36,805 INFO row_complete 626/2640 dataset=erdos_renyi perturbation=community_weakening alpha=0.2 seed=1 workflow=wl_subtree_kernel_mmd status=skipped
2026-06-09 02:53:36,805 INFO row_complete 627/2640 dataset=erdos_renyi perturbation=community_weakening alpha=0.2 seed=1 workflow=netlsd_spectral_signatures status=skipped
2026-06-09 02:53:36,806 INFO row_complete 628/2640 dataset=erdos_renyi perturbation=community_weakening alpha=0.2 seed=1 workflow=diversity_curves_shortest_path status=skipped
2026-06-09 02:53:36,822 INFO row_complete 629/2640 dataset=erdos_renyi perturbation=community_weakening alpha=0.3 seed=1 workflow=structural_statistics_mmd status=skipped
2026-06-09 02:53:36,823 INFO row_complete 630/2640 dataset=erdos_renyi perturbation=community_weakening alpha=0.3 seed=1 workflow=wl_subtree_kernel_mmd status=skipped
2026-06-09 02:53:36,824 INFO row_complete 631/2640 dataset=erdos_renyi perturbation=community_weakening alpha=0.3 seed=1 workflow=netlsd_spectral_signatures status=skipped
2026-06-09 02:53:36,825 INFO row_complete 632/2640 dataset=erdos_renyi perturbation=community_weakening alpha=0.3 seed=1 workflow=diversity_curves_shortest_path status=skipped
2026-06-09 02:53:36,840 INFO row_complete 633/2640 dataset=erdos_renyi perturbation=community_weakening alpha=0.4 seed=1 workflow=structural_statistics_mmd status=skipped
2026-06-09 02:53:36,841 INFO row_complete 634/2640 dataset=erdos_renyi perturbation=community_weakening alpha=0.4 seed=1 workflow=wl_subtree_kernel_mmd status=skipped
2026-06-09 02:53:36,842 INFO row_complete 635/2640 dataset=erdos_renyi perturbation=community_weakening alpha=0.4 seed=1 workflow=netlsd_spectral_signatures status=skipped
2026-06-09 02:53:36,843 INFO row_complete 636/2640 dataset=erdos_renyi perturbation=community_weakening alpha=0.4 seed=1 workflow=diversity_curves_shortest_path status=skipped
2026-06-09 02:53:36,858 INFO row_complete 637/2640 dataset=erdos_renyi perturbation=community_weakening alpha=0.5 seed=1 workflow=structural_statistics_mmd status=skipped
2026-06-09 02:53:36,859 INFO row_complete 638/2640 dataset=erdos_renyi perturbation=community_weakening alpha=0.5 seed=1 workflow=wl_subtree_kernel_mmd status=skipped
2026-06-09 02:53:36,860 INFO row_complete 639/2640 dataset=erdos_renyi perturbation=community_weakening alpha=0.5 seed=1 workflow=netlsd_spectral_signatures status=skipped
2026-06-09 02:53:36,861 INFO row_complete 640/2640 dataset=erdos_renyi perturbation=community_weakening alpha=0.5 seed=1 workflow=diversity_curves_shortest_path status=skipped
2026-06-09 02:53:36,877 INFO row_complete 641/2640 dataset=erdos_renyi perturbation=community_weakening alpha=0.6 seed=1 workflow=structural_statistics_mmd status=skipped
2026-06-09 02:53:36,879 INFO row_complete 642/2640 dataset=erdos_renyi perturbation=community_weakening alpha=0.6 seed=1 workflow=wl_subtree_kernel_mmd status=skipped
2026-06-09 02:53:36,879 INFO row_complete 643/2640 dataset=erdos_renyi perturbation=community_weakening alpha=0.6 seed=1 workflow=netlsd_spectral_signatures status=skipped
2026-06-09 02:53:36,880 INFO row_complete 644/2640 dataset=erdos_renyi perturbation=community_weakening alpha=0.6 seed=1 workflow=diversity_curves_shortest_path status=skipped
2026-06-09 02:53:36,896 INFO row_complete 645/2640 dataset=erdos_renyi perturbation=community_weakening alpha=0.7 seed=1 workflow=structural_statistics_mmd status=skipped
2026-06-09 02:53:36,896 INFO row_complete 646/2640 dataset=erdos_renyi perturbation=community_weakening alpha=0.7 seed=1 workflow=wl_subtree_kernel_mmd status=skipped
2026-06-09 02:53:36,897 INFO row_complete 647/2640 dataset=erdos_renyi perturbation=community_weakening alpha=0.7 seed=1 workflow=netlsd_spectral_signatures status=skipped
2026-06-09 02:53:36,898 INFO row_complete 648/2640 dataset=erdos_renyi perturbation=community_weakening alpha=0.7 seed=1 workflow=diversity_curves_shortest_path status=skipped
2026-06-09 02:53:36,913 INFO row_complete 649/2640 dataset=erdos_renyi perturbation=community_weakening alpha=0.8 seed=1 workflow=structural_statistics_mmd status=skipped
2026-06-09 02:53:36,921 INFO row_complete 650/2640 dataset=erdos_renyi perturbation=community_weakening alpha=0.8 seed=1 workflow=wl_subtree_kernel_mmd status=skipped
2026-06-09 02:53:36,922 INFO row_complete 651/2640 dataset=erdos_renyi perturbation=community_weakening alpha=0.8 seed=1 workflow=netlsd_spectral_signatures status=skipped
2026-06-09 02:53:36,923 INFO row_complete 652/2640 dataset=erdos_renyi perturbation=community_weakening alpha=0.8 seed=1 workflow=diversity_curves_shortest_path status=skipped
2026-06-09 02:53:36,940 INFO row_complete 653/2640 dataset=erdos_renyi perturbation=community_weakening alpha=0.9 seed=1 workflow=structural_statistics_mmd status=skipped
2026-06-09 02:53:36,941 INFO row_complete 654/2640 dataset=erdos_renyi perturbation=community_weakening alpha=0.9 seed=1 workflow=wl_subtree_kernel_mmd status=skipped
2026-06-09 02:53:36,941 INFO row_complete 655/2640 dataset=erdos_renyi perturbation=community_weakening alpha=0.9 seed=1 workflow=netlsd_spectral_signatures status=skipped
2026-06-09 02:53:36,942 INFO row_complete 656/2640 dataset=erdos_renyi perturbation=community_weakening alpha=0.9 seed=1 workflow=diversity_curves_shortest_path status=skipped
2026-06-09 02:53:36,964 INFO row_complete 657/2640 dataset=erdos_renyi perturbation=community_weakening alpha=1.0 seed=1 workflow=structural_statistics_mmd status=skipped
2026-06-09 02:53:36,965 INFO row_complete 658/2640 dataset=erdos_renyi perturbation=community_weakening alpha=1.0 seed=1 workflow=wl_subtree_kernel_mmd status=skipped
2026-06-09 02:53:36,966 INFO row_complete 659/2640 dataset=erdos_renyi perturbation=community_weakening alpha=1.0 seed=1 workflow=netlsd_spectral_signatures status=skipped
2026-06-09 02:53:36,967 INFO row_complete 660/2640 dataset=erdos_renyi perturbation=community_weakening alpha=1.0 seed=1 workflow=diversity_curves_shortest_path status=skipped
2026-06-09 02:55:11,520 INFO row_complete 661/2640 dataset=erdos_renyi perturbation=hub_modification alpha=0.0 seed=1 workflow=structural_statistics_mmd status=success
2026-06-09 02:55:11,522 INFO row_complete 662/2640 dataset=erdos_renyi perturbation=hub_modification alpha=0.0 seed=1 workflow=wl_subtree_kernel_mmd status=success
2026-06-09 02:55:11,523 INFO row_complete 663/2640 dataset=erdos_renyi perturbation=hub_modification alpha=0.0 seed=1 workflow=netlsd_spectral_signatures status=success
2026-06-09 02:55:11,524 INFO row_complete 664/2640 dataset=erdos_renyi perturbation=hub_modification alpha=0.0 seed=1 workflow=diversity_curves_shortest_path status=success
2026-06-09 02:56:45,247 INFO row_complete 665/2640 dataset=erdos_renyi perturbation=hub_modification alpha=0.1 seed=1 workflow=structural_statistics_mmd status=success
2026-06-09 02:56:45,248 INFO row_complete 666/2640 dataset=erdos_renyi perturbation=hub_modification alpha=0.1 seed=1 workflow=wl_subtree_kernel_mmd status=success
2026-06-09 02:56:45,249 INFO row_complete 667/2640 dataset=erdos_renyi perturbation=hub_modification alpha=0.1 seed=1 workflow=netlsd_spectral_signatures status=success
2026-06-09 02:56:45,250 INFO row_complete 668/2640 dataset=erdos_renyi perturbation=hub_modification alpha=0.1 seed=1 workflow=diversity_curves_shortest_path status=success
2026-06-09 02:58:19,104 INFO row_complete 669/2640 dataset=erdos_renyi perturbation=hub_modification alpha=0.2 seed=1 workflow=structural_statistics_mmd status=success
2026-06-09 02:58:19,107 INFO row_complete 670/2640 dataset=erdos_renyi perturbation=hub_modification alpha=0.2 seed=1 workflow=wl_subtree_kernel_mmd status=success
2026-06-09 02:58:19,108 INFO row_complete 671/2640 dataset=erdos_renyi perturbation=hub_modification alpha=0.2 seed=1 workflow=netlsd_spectral_signatures status=success
2026-06-09 02:58:19,109 INFO row_complete 672/2640 dataset=erdos_renyi perturbation=hub_modification alpha=0.2 seed=1 workflow=diversity_curves_shortest_path status=success
2026-06-09 02:59:52,946 INFO row_complete 673/2640 dataset=erdos_renyi perturbation=hub_modification alpha=0.3 seed=1 workflow=structural_statistics_mmd status=success
2026-06-09 02:59:52,948 INFO row_complete 674/2640 dataset=erdos_renyi perturbation=hub_modification alpha=0.3 seed=1 workflow=wl_subtree_kernel_mmd status=success
2026-06-09 02:59:52,949 INFO row_complete 675/2640 dataset=erdos_renyi perturbation=hub_modification alpha=0.3 seed=1 workflow=netlsd_spectral_signatures status=success
2026-06-09 02:59:52,950 INFO row_complete 676/2640 dataset=erdos_renyi perturbation=hub_modification alpha=0.3 seed=1 workflow=diversity_curves_shortest_path status=success
2026-06-09 03:01:26,761 INFO row_complete 677/2640 dataset=erdos_renyi perturbation=hub_modification alpha=0.4 seed=1 workflow=structural_statistics_mmd status=success
2026-06-09 03:01:26,762 INFO row_complete 678/2640 dataset=erdos_renyi perturbation=hub_modification alpha=0.4 seed=1 workflow=wl_subtree_kernel_mmd status=success
2026-06-09 03:01:26,763 INFO row_complete 679/2640 dataset=erdos_renyi perturbation=hub_modification alpha=0.4 seed=1 workflow=netlsd_spectral_signatures status=success
2026-06-09 03:01:26,764 INFO row_complete 680/2640 dataset=erdos_renyi perturbation=hub_modification alpha=0.4 seed=1 workflow=diversity_curves_shortest_path status=success
2026-06-09 03:03:01,301 INFO row_complete 681/2640 dataset=erdos_renyi perturbation=hub_modification alpha=0.5 seed=1 workflow=structural_statistics_mmd status=success
2026-06-09 03:03:01,302 INFO row_complete 682/2640 dataset=erdos_renyi perturbation=hub_modification alpha=0.5 seed=1 workflow=wl_subtree_kernel_mmd status=success
2026-06-09 03:03:01,303 INFO row_complete 683/2640 dataset=erdos_renyi perturbation=hub_modification alpha=0.5 seed=1 workflow=netlsd_spectral_signatures status=success
2026-06-09 03:03:01,304 INFO row_complete 684/2640 dataset=erdos_renyi perturbation=hub_modification alpha=0.5 seed=1 workflow=diversity_curves_shortest_path status=success
2026-06-09 03:04:34,940 INFO row_complete 685/2640 dataset=erdos_renyi perturbation=hub_modification alpha=0.6 seed=1 workflow=structural_statistics_mmd status=success
2026-06-09 03:04:34,941 INFO row_complete 686/2640 dataset=erdos_renyi perturbation=hub_modification alpha=0.6 seed=1 workflow=wl_subtree_kernel_mmd status=success
2026-06-09 03:04:34,942 INFO row_complete 687/2640 dataset=erdos_renyi perturbation=hub_modification alpha=0.6 seed=1 workflow=netlsd_spectral_signatures status=success
2026-06-09 03:04:34,943 INFO row_complete 688/2640 dataset=erdos_renyi perturbation=hub_modification alpha=0.6 seed=1 workflow=diversity_curves_shortest_path status=success
2026-06-09 03:06:08,687 INFO row_complete 689/2640 dataset=erdos_renyi perturbation=hub_modification alpha=0.7 seed=1 workflow=structural_statistics_mmd status=success
2026-06-09 03:06:08,688 INFO row_complete 690/2640 dataset=erdos_renyi perturbation=hub_modification alpha=0.7 seed=1 workflow=wl_subtree_kernel_mmd status=success
2026-06-09 03:06:08,689 INFO row_complete 691/2640 dataset=erdos_renyi perturbation=hub_modification alpha=0.7 seed=1 workflow=netlsd_spectral_signatures status=success
2026-06-09 03:06:08,690 INFO row_complete 692/2640 dataset=erdos_renyi perturbation=hub_modification alpha=0.7 seed=1 workflow=diversity_curves_shortest_path status=success
2026-06-09 03:07:42,455 INFO row_complete 693/2640 dataset=erdos_renyi perturbation=hub_modification alpha=0.8 seed=1 workflow=structural_statistics_mmd status=success
2026-06-09 03:07:42,458 INFO row_complete 694/2640 dataset=erdos_renyi perturbation=hub_modification alpha=0.8 seed=1 workflow=wl_subtree_kernel_mmd status=success
2026-06-09 03:07:42,460 INFO row_complete 695/2640 dataset=erdos_renyi perturbation=hub_modification alpha=0.8 seed=1 workflow=netlsd_spectral_signatures status=success
2026-06-09 03:07:42,461 INFO row_complete 696/2640 dataset=erdos_renyi perturbation=hub_modification alpha=0.8 seed=1 workflow=diversity_curves_shortest_path status=success
2026-06-09 03:09:16,223 INFO row_complete 697/2640 dataset=erdos_renyi perturbation=hub_modification alpha=0.9 seed=1 workflow=structural_statistics_mmd status=success
2026-06-09 03:09:16,226 INFO row_complete 698/2640 dataset=erdos_renyi perturbation=hub_modification alpha=0.9 seed=1 workflow=wl_subtree_kernel_mmd status=success
2026-06-09 03:09:16,227 INFO row_complete 699/2640 dataset=erdos_renyi perturbation=hub_modification alpha=0.9 seed=1 workflow=netlsd_spectral_signatures status=success
2026-06-09 03:09:16,228 INFO row_complete 700/2640 dataset=erdos_renyi perturbation=hub_modification alpha=0.9 seed=1 workflow=diversity_curves_shortest_path status=success
2026-06-09 03:10:49,867 INFO row_complete 701/2640 dataset=erdos_renyi perturbation=hub_modification alpha=1.0 seed=1 workflow=structural_statistics_mmd status=success
2026-06-09 03:10:49,869 INFO row_complete 702/2640 dataset=erdos_renyi perturbation=hub_modification alpha=1.0 seed=1 workflow=wl_subtree_kernel_mmd status=success
2026-06-09 03:10:49,872 INFO row_complete 703/2640 dataset=erdos_renyi perturbation=hub_modification alpha=1.0 seed=1 workflow=netlsd_spectral_signatures status=success
2026-06-09 03:10:49,875 INFO row_complete 704/2640 dataset=erdos_renyi perturbation=hub_modification alpha=1.0 seed=1 workflow=diversity_curves_shortest_path status=success
2026-06-09 03:12:20,571 INFO row_complete 705/2640 dataset=stochastic_block_model perturbation=edge_addition_deletion alpha=0.0 seed=1 workflow=structural_statistics_mmd status=success
2026-06-09 03:12:20,573 INFO row_complete 706/2640 dataset=stochastic_block_model perturbation=edge_addition_deletion alpha=0.0 seed=1 workflow=wl_subtree_kernel_mmd status=success
2026-06-09 03:12:20,574 INFO row_complete 707/2640 dataset=stochastic_block_model perturbation=edge_addition_deletion alpha=0.0 seed=1 workflow=netlsd_spectral_signatures status=success
2026-06-09 03:12:20,574 INFO row_complete 708/2640 dataset=stochastic_block_model perturbation=edge_addition_deletion alpha=0.0 seed=1 workflow=diversity_curves_shortest_path status=success
2026-06-09 03:13:51,129 INFO row_complete 709/2640 dataset=stochastic_block_model perturbation=edge_addition_deletion alpha=0.1 seed=1 workflow=structural_statistics_mmd status=success
2026-06-09 03:13:51,132 INFO row_complete 710/2640 dataset=stochastic_block_model perturbation=edge_addition_deletion alpha=0.1 seed=1 workflow=wl_subtree_kernel_mmd status=success
2026-06-09 03:13:51,133 INFO row_complete 711/2640 dataset=stochastic_block_model perturbation=edge_addition_deletion alpha=0.1 seed=1 workflow=netlsd_spectral_signatures status=success
2026-06-09 03:13:51,134 INFO row_complete 712/2640 dataset=stochastic_block_model perturbation=edge_addition_deletion alpha=0.1 seed=1 workflow=diversity_curves_shortest_path status=success
2026-06-09 03:15:21,771 INFO row_complete 713/2640 dataset=stochastic_block_model perturbation=edge_addition_deletion alpha=0.2 seed=1 workflow=structural_statistics_mmd status=success
2026-06-09 03:15:21,774 INFO row_complete 714/2640 dataset=stochastic_block_model perturbation=edge_addition_deletion alpha=0.2 seed=1 workflow=wl_subtree_kernel_mmd status=success
2026-06-09 03:15:21,775 INFO row_complete 715/2640 dataset=stochastic_block_model perturbation=edge_addition_deletion alpha=0.2 seed=1 workflow=netlsd_spectral_signatures status=success
2026-06-09 03:15:21,776 INFO row_complete 716/2640 dataset=stochastic_block_model perturbation=edge_addition_deletion alpha=0.2 seed=1 workflow=diversity_curves_shortest_path status=success
2026-06-09 03:16:52,424 INFO row_complete 717/2640 dataset=stochastic_block_model perturbation=edge_addition_deletion alpha=0.3 seed=1 workflow=structural_statistics_mmd status=success
2026-06-09 03:16:52,426 INFO row_complete 718/2640 dataset=stochastic_block_model perturbation=edge_addition_deletion alpha=0.3 seed=1 workflow=wl_subtree_kernel_mmd status=success
2026-06-09 03:16:52,427 INFO row_complete 719/2640 dataset=stochastic_block_model perturbation=edge_addition_deletion alpha=0.3 seed=1 workflow=netlsd_spectral_signatures status=success
2026-06-09 03:16:52,428 INFO row_complete 720/2640 dataset=stochastic_block_model perturbation=edge_addition_deletion alpha=0.3 seed=1 workflow=diversity_curves_shortest_path status=success
2026-06-09 03:18:23,128 INFO row_complete 721/2640 dataset=stochastic_block_model perturbation=edge_addition_deletion alpha=0.4 seed=1 workflow=structural_statistics_mmd status=success
2026-06-09 03:18:23,130 INFO row_complete 722/2640 dataset=stochastic_block_model perturbation=edge_addition_deletion alpha=0.4 seed=1 workflow=wl_subtree_kernel_mmd status=success
2026-06-09 03:18:23,132 INFO row_complete 723/2640 dataset=stochastic_block_model perturbation=edge_addition_deletion alpha=0.4 seed=1 workflow=netlsd_spectral_signatures status=success
2026-06-09 03:18:23,134 INFO row_complete 724/2640 dataset=stochastic_block_model perturbation=edge_addition_deletion alpha=0.4 seed=1 workflow=diversity_curves_shortest_path status=success
2026-06-09 03:19:53,903 INFO row_complete 725/2640 dataset=stochastic_block_model perturbation=edge_addition_deletion alpha=0.5 seed=1 workflow=structural_statistics_mmd status=success
2026-06-09 03:19:53,905 INFO row_complete 726/2640 dataset=stochastic_block_model perturbation=edge_addition_deletion alpha=0.5 seed=1 workflow=wl_subtree_kernel_mmd status=success
2026-06-09 03:19:53,906 INFO row_complete 727/2640 dataset=stochastic_block_model perturbation=edge_addition_deletion alpha=0.5 seed=1 workflow=netlsd_spectral_signatures status=success
2026-06-09 03:19:53,907 INFO row_complete 728/2640 dataset=stochastic_block_model perturbation=edge_addition_deletion alpha=0.5 seed=1 workflow=diversity_curves_shortest_path status=success
2026-06-09 03:21:24,592 INFO row_complete 729/2640 dataset=stochastic_block_model perturbation=edge_addition_deletion alpha=0.6 seed=1 workflow=structural_statistics_mmd status=success
2026-06-09 03:21:24,593 INFO row_complete 730/2640 dataset=stochastic_block_model perturbation=edge_addition_deletion alpha=0.6 seed=1 workflow=wl_subtree_kernel_mmd status=success
2026-06-09 03:21:24,594 INFO row_complete 731/2640 dataset=stochastic_block_model perturbation=edge_addition_deletion alpha=0.6 seed=1 workflow=netlsd_spectral_signatures status=success
2026-06-09 03:21:24,595 INFO row_complete 732/2640 dataset=stochastic_block_model perturbation=edge_addition_deletion alpha=0.6 seed=1 workflow=diversity_curves_shortest_path status=success
2026-06-09 03:22:56,127 INFO row_complete 733/2640 dataset=stochastic_block_model perturbation=edge_addition_deletion alpha=0.7 seed=1 workflow=structural_statistics_mmd status=success
2026-06-09 03:22:56,128 INFO row_complete 734/2640 dataset=stochastic_block_model perturbation=edge_addition_deletion alpha=0.7 seed=1 workflow=wl_subtree_kernel_mmd status=success
2026-06-09 03:22:56,129 INFO row_complete 735/2640 dataset=stochastic_block_model perturbation=edge_addition_deletion alpha=0.7 seed=1 workflow=netlsd_spectral_signatures status=success
2026-06-09 03:22:56,130 INFO row_complete 736/2640 dataset=stochastic_block_model perturbation=edge_addition_deletion alpha=0.7 seed=1 workflow=diversity_curves_shortest_path status=success
2026-06-09 03:24:26,822 INFO row_complete 737/2640 dataset=stochastic_block_model perturbation=edge_addition_deletion alpha=0.8 seed=1 workflow=structural_statistics_mmd status=success
2026-06-09 03:24:26,824 INFO row_complete 738/2640 dataset=stochastic_block_model perturbation=edge_addition_deletion alpha=0.8 seed=1 workflow=wl_subtree_kernel_mmd status=success
2026-06-09 03:24:26,825 INFO row_complete 739/2640 dataset=stochastic_block_model perturbation=edge_addition_deletion alpha=0.8 seed=1 workflow=netlsd_spectral_signatures status=success
2026-06-09 03:24:26,826 INFO row_complete 740/2640 dataset=stochastic_block_model perturbation=edge_addition_deletion alpha=0.8 seed=1 workflow=diversity_curves_shortest_path status=success
2026-06-09 03:25:57,580 INFO row_complete 741/2640 dataset=stochastic_block_model perturbation=edge_addition_deletion alpha=0.9 seed=1 workflow=structural_statistics_mmd status=success
2026-06-09 03:25:57,581 INFO row_complete 742/2640 dataset=stochastic_block_model perturbation=edge_addition_deletion alpha=0.9 seed=1 workflow=wl_subtree_kernel_mmd status=success
2026-06-09 03:25:57,582 INFO row_complete 743/2640 dataset=stochastic_block_model perturbation=edge_addition_deletion alpha=0.9 seed=1 workflow=netlsd_spectral_signatures status=success
2026-06-09 03:25:57,583 INFO row_complete 744/2640 dataset=stochastic_block_model perturbation=edge_addition_deletion alpha=0.9 seed=1 workflow=diversity_curves_shortest_path status=success
2026-06-09 03:27:28,112 INFO row_complete 745/2640 dataset=stochastic_block_model perturbation=edge_addition_deletion alpha=1.0 seed=1 workflow=structural_statistics_mmd status=success
2026-06-09 03:27:28,113 INFO row_complete 746/2640 dataset=stochastic_block_model perturbation=edge_addition_deletion alpha=1.0 seed=1 workflow=wl_subtree_kernel_mmd status=success
2026-06-09 03:27:28,114 INFO row_complete 747/2640 dataset=stochastic_block_model perturbation=edge_addition_deletion alpha=1.0 seed=1 workflow=netlsd_spectral_signatures status=success
2026-06-09 03:27:28,115 INFO row_complete 748/2640 dataset=stochastic_block_model perturbation=edge_addition_deletion alpha=1.0 seed=1 workflow=diversity_curves_shortest_path status=success
2026-06-09 03:28:58,590 INFO row_complete 749/2640 dataset=stochastic_block_model perturbation=triangle_injection_removal alpha=0.0 seed=1 workflow=structural_statistics_mmd status=success
2026-06-09 03:28:58,591 INFO row_complete 750/2640 dataset=stochastic_block_model perturbation=triangle_injection_removal alpha=0.0 seed=1 workflow=wl_subtree_kernel_mmd status=success
2026-06-09 03:28:58,592 INFO row_complete 751/2640 dataset=stochastic_block_model perturbation=triangle_injection_removal alpha=0.0 seed=1 workflow=netlsd_spectral_signatures status=success
2026-06-09 03:28:58,592 INFO row_complete 752/2640 dataset=stochastic_block_model perturbation=triangle_injection_removal alpha=0.0 seed=1 workflow=diversity_curves_shortest_path status=success
2026-06-09 03:30:29,531 INFO row_complete 753/2640 dataset=stochastic_block_model perturbation=triangle_injection_removal alpha=0.1 seed=1 workflow=structural_statistics_mmd status=success
2026-06-09 03:30:29,532 INFO row_complete 754/2640 dataset=stochastic_block_model perturbation=triangle_injection_removal alpha=0.1 seed=1 workflow=wl_subtree_kernel_mmd status=success
2026-06-09 03:30:29,533 INFO row_complete 755/2640 dataset=stochastic_block_model perturbation=triangle_injection_removal alpha=0.1 seed=1 workflow=netlsd_spectral_signatures status=success
2026-06-09 03:30:29,533 INFO row_complete 756/2640 dataset=stochastic_block_model perturbation=triangle_injection_removal alpha=0.1 seed=1 workflow=diversity_curves_shortest_path status=success
2026-06-09 03:32:00,577 INFO row_complete 757/2640 dataset=stochastic_block_model perturbation=triangle_injection_removal alpha=0.2 seed=1 workflow=structural_statistics_mmd status=success
2026-06-09 03:32:00,578 INFO row_complete 758/2640 dataset=stochastic_block_model perturbation=triangle_injection_removal alpha=0.2 seed=1 workflow=wl_subtree_kernel_mmd status=success
2026-06-09 03:32:00,579 INFO row_complete 759/2640 dataset=stochastic_block_model perturbation=triangle_injection_removal alpha=0.2 seed=1 workflow=netlsd_spectral_signatures status=success
2026-06-09 03:32:00,580 INFO row_complete 760/2640 dataset=stochastic_block_model perturbation=triangle_injection_removal alpha=0.2 seed=1 workflow=diversity_curves_shortest_path status=success
2026-06-09 03:33:32,316 INFO row_complete 761/2640 dataset=stochastic_block_model perturbation=triangle_injection_removal alpha=0.3 seed=1 workflow=structural_statistics_mmd status=success
2026-06-09 03:33:32,319 INFO row_complete 762/2640 dataset=stochastic_block_model perturbation=triangle_injection_removal alpha=0.3 seed=1 workflow=wl_subtree_kernel_mmd status=success
2026-06-09 03:33:32,322 INFO row_complete 763/2640 dataset=stochastic_block_model perturbation=triangle_injection_removal alpha=0.3 seed=1 workflow=netlsd_spectral_signatures status=success
2026-06-09 03:33:32,324 INFO row_complete 764/2640 dataset=stochastic_block_model perturbation=triangle_injection_removal alpha=0.3 seed=1 workflow=diversity_curves_shortest_path status=success
2026-06-09 03:35:03,324 INFO row_complete 765/2640 dataset=stochastic_block_model perturbation=triangle_injection_removal alpha=0.4 seed=1 workflow=structural_statistics_mmd status=success
2026-06-09 03:35:03,327 INFO row_complete 766/2640 dataset=stochastic_block_model perturbation=triangle_injection_removal alpha=0.4 seed=1 workflow=wl_subtree_kernel_mmd status=success
2026-06-09 03:35:03,328 INFO row_complete 767/2640 dataset=stochastic_block_model perturbation=triangle_injection_removal alpha=0.4 seed=1 workflow=netlsd_spectral_signatures status=success
2026-06-09 03:35:03,329 INFO row_complete 768/2640 dataset=stochastic_block_model perturbation=triangle_injection_removal alpha=0.4 seed=1 workflow=diversity_curves_shortest_path status=success
2026-06-09 03:36:34,335 INFO row_complete 769/2640 dataset=stochastic_block_model perturbation=triangle_injection_removal alpha=0.5 seed=1 workflow=structural_statistics_mmd status=success
2026-06-09 03:36:34,337 INFO row_complete 770/2640 dataset=stochastic_block_model perturbation=triangle_injection_removal alpha=0.5 seed=1 workflow=wl_subtree_kernel_mmd status=success
2026-06-09 03:36:34,338 INFO row_complete 771/2640 dataset=stochastic_block_model perturbation=triangle_injection_removal alpha=0.5 seed=1 workflow=netlsd_spectral_signatures status=success
2026-06-09 03:36:34,339 INFO row_complete 772/2640 dataset=stochastic_block_model perturbation=triangle_injection_removal alpha=0.5 seed=1 workflow=diversity_curves_shortest_path status=success
2026-06-09 03:38:05,238 INFO row_complete 773/2640 dataset=stochastic_block_model perturbation=triangle_injection_removal alpha=0.6 seed=1 workflow=structural_statistics_mmd status=success
2026-06-09 03:38:05,239 INFO row_complete 774/2640 dataset=stochastic_block_model perturbation=triangle_injection_removal alpha=0.6 seed=1 workflow=wl_subtree_kernel_mmd status=success
2026-06-09 03:38:05,240 INFO row_complete 775/2640 dataset=stochastic_block_model perturbation=triangle_injection_removal alpha=0.6 seed=1 workflow=netlsd_spectral_signatures status=success
2026-06-09 03:38:05,241 INFO row_complete 776/2640 dataset=stochastic_block_model perturbation=triangle_injection_removal alpha=0.6 seed=1 workflow=diversity_curves_shortest_path status=success
2026-06-09 03:39:36,122 INFO row_complete 777/2640 dataset=stochastic_block_model perturbation=triangle_injection_removal alpha=0.7 seed=1 workflow=structural_statistics_mmd status=success
2026-06-09 03:39:36,123 INFO row_complete 778/2640 dataset=stochastic_block_model perturbation=triangle_injection_removal alpha=0.7 seed=1 workflow=wl_subtree_kernel_mmd status=success
2026-06-09 03:39:36,124 INFO row_complete 779/2640 dataset=stochastic_block_model perturbation=triangle_injection_removal alpha=0.7 seed=1 workflow=netlsd_spectral_signatures status=success
2026-06-09 03:39:36,125 INFO row_complete 780/2640 dataset=stochastic_block_model perturbation=triangle_injection_removal alpha=0.7 seed=1 workflow=diversity_curves_shortest_path status=success
2026-06-09 03:41:07,002 INFO row_complete 781/2640 dataset=stochastic_block_model perturbation=triangle_injection_removal alpha=0.8 seed=1 workflow=structural_statistics_mmd status=success
2026-06-09 03:41:07,003 INFO row_complete 782/2640 dataset=stochastic_block_model perturbation=triangle_injection_removal alpha=0.8 seed=1 workflow=wl_subtree_kernel_mmd status=success
2026-06-09 03:41:07,004 INFO row_complete 783/2640 dataset=stochastic_block_model perturbation=triangle_injection_removal alpha=0.8 seed=1 workflow=netlsd_spectral_signatures status=success
2026-06-09 03:41:07,005 INFO row_complete 784/2640 dataset=stochastic_block_model perturbation=triangle_injection_removal alpha=0.8 seed=1 workflow=diversity_curves_shortest_path status=success
2026-06-09 03:42:37,858 INFO row_complete 785/2640 dataset=stochastic_block_model perturbation=triangle_injection_removal alpha=0.9 seed=1 workflow=structural_statistics_mmd status=success
2026-06-09 03:42:37,861 INFO row_complete 786/2640 dataset=stochastic_block_model perturbation=triangle_injection_removal alpha=0.9 seed=1 workflow=wl_subtree_kernel_mmd status=success
2026-06-09 03:42:37,864 INFO row_complete 787/2640 dataset=stochastic_block_model perturbation=triangle_injection_removal alpha=0.9 seed=1 workflow=netlsd_spectral_signatures status=success
2026-06-09 03:42:37,865 INFO row_complete 788/2640 dataset=stochastic_block_model perturbation=triangle_injection_removal alpha=0.9 seed=1 workflow=diversity_curves_shortest_path status=success
2026-06-09 03:44:09,063 INFO row_complete 789/2640 dataset=stochastic_block_model perturbation=triangle_injection_removal alpha=1.0 seed=1 workflow=structural_statistics_mmd status=success
2026-06-09 03:44:09,066 INFO row_complete 790/2640 dataset=stochastic_block_model perturbation=triangle_injection_removal alpha=1.0 seed=1 workflow=wl_subtree_kernel_mmd status=success
2026-06-09 03:44:09,067 INFO row_complete 791/2640 dataset=stochastic_block_model perturbation=triangle_injection_removal alpha=1.0 seed=1 workflow=netlsd_spectral_signatures status=success
2026-06-09 03:44:09,069 INFO row_complete 792/2640 dataset=stochastic_block_model perturbation=triangle_injection_removal alpha=1.0 seed=1 workflow=diversity_curves_shortest_path status=success
2026-06-09 03:45:40,125 INFO row_complete 793/2640 dataset=stochastic_block_model perturbation=community_weakening alpha=0.0 seed=1 workflow=structural_statistics_mmd status=success
2026-06-09 03:45:40,128 INFO row_complete 794/2640 dataset=stochastic_block_model perturbation=community_weakening alpha=0.0 seed=1 workflow=wl_subtree_kernel_mmd status=success
2026-06-09 03:45:40,130 INFO row_complete 795/2640 dataset=stochastic_block_model perturbation=community_weakening alpha=0.0 seed=1 workflow=netlsd_spectral_signatures status=success
2026-06-09 03:45:40,132 INFO row_complete 796/2640 dataset=stochastic_block_model perturbation=community_weakening alpha=0.0 seed=1 workflow=diversity_curves_shortest_path status=success
2026-06-09 03:47:10,839 INFO row_complete 797/2640 dataset=stochastic_block_model perturbation=community_weakening alpha=0.1 seed=1 workflow=structural_statistics_mmd status=success
2026-06-09 03:47:10,841 INFO row_complete 798/2640 dataset=stochastic_block_model perturbation=community_weakening alpha=0.1 seed=1 workflow=wl_subtree_kernel_mmd status=success
2026-06-09 03:47:10,843 INFO row_complete 799/2640 dataset=stochastic_block_model perturbation=community_weakening alpha=0.1 seed=1 workflow=netlsd_spectral_signatures status=success
2026-06-09 03:47:10,844 INFO row_complete 800/2640 dataset=stochastic_block_model perturbation=community_weakening alpha=0.1 seed=1 workflow=diversity_curves_shortest_path status=success
2026-06-09 03:48:41,616 INFO row_complete 801/2640 dataset=stochastic_block_model perturbation=community_weakening alpha=0.2 seed=1 workflow=structural_statistics_mmd status=success
2026-06-09 03:48:41,617 INFO row_complete 802/2640 dataset=stochastic_block_model perturbation=community_weakening alpha=0.2 seed=1 workflow=wl_subtree_kernel_mmd status=success
2026-06-09 03:48:41,619 INFO row_complete 803/2640 dataset=stochastic_block_model perturbation=community_weakening alpha=0.2 seed=1 workflow=netlsd_spectral_signatures status=success
2026-06-09 03:48:41,620 INFO row_complete 804/2640 dataset=stochastic_block_model perturbation=community_weakening alpha=0.2 seed=1 workflow=diversity_curves_shortest_path status=success
2026-06-09 03:50:12,439 INFO row_complete 805/2640 dataset=stochastic_block_model perturbation=community_weakening alpha=0.3 seed=1 workflow=structural_statistics_mmd status=success
2026-06-09 03:50:12,441 INFO row_complete 806/2640 dataset=stochastic_block_model perturbation=community_weakening alpha=0.3 seed=1 workflow=wl_subtree_kernel_mmd status=success
2026-06-09 03:50:12,441 INFO row_complete 807/2640 dataset=stochastic_block_model perturbation=community_weakening alpha=0.3 seed=1 workflow=netlsd_spectral_signatures status=success
2026-06-09 03:50:12,442 INFO row_complete 808/2640 dataset=stochastic_block_model perturbation=community_weakening alpha=0.3 seed=1 workflow=diversity_curves_shortest_path status=success
2026-06-09 03:51:43,096 INFO row_complete 809/2640 dataset=stochastic_block_model perturbation=community_weakening alpha=0.4 seed=1 workflow=structural_statistics_mmd status=success
2026-06-09 03:51:43,097 INFO row_complete 810/2640 dataset=stochastic_block_model perturbation=community_weakening alpha=0.4 seed=1 workflow=wl_subtree_kernel_mmd status=success
2026-06-09 03:51:43,098 INFO row_complete 811/2640 dataset=stochastic_block_model perturbation=community_weakening alpha=0.4 seed=1 workflow=netlsd_spectral_signatures status=success
2026-06-09 03:51:43,099 INFO row_complete 812/2640 dataset=stochastic_block_model perturbation=community_weakening alpha=0.4 seed=1 workflow=diversity_curves_shortest_path status=success
2026-06-09 03:53:13,741 INFO row_complete 813/2640 dataset=stochastic_block_model perturbation=community_weakening alpha=0.5 seed=1 workflow=structural_statistics_mmd status=success
2026-06-09 03:53:13,743 INFO row_complete 814/2640 dataset=stochastic_block_model perturbation=community_weakening alpha=0.5 seed=1 workflow=wl_subtree_kernel_mmd status=success
2026-06-09 03:53:13,744 INFO row_complete 815/2640 dataset=stochastic_block_model perturbation=community_weakening alpha=0.5 seed=1 workflow=netlsd_spectral_signatures status=success
2026-06-09 03:53:13,745 INFO row_complete 816/2640 dataset=stochastic_block_model perturbation=community_weakening alpha=0.5 seed=1 workflow=diversity_curves_shortest_path status=success
2026-06-09 03:54:44,564 INFO row_complete 817/2640 dataset=stochastic_block_model perturbation=community_weakening alpha=0.6 seed=1 workflow=structural_statistics_mmd status=success
2026-06-09 03:54:44,565 INFO row_complete 818/2640 dataset=stochastic_block_model perturbation=community_weakening alpha=0.6 seed=1 workflow=wl_subtree_kernel_mmd status=success
2026-06-09 03:54:44,566 INFO row_complete 819/2640 dataset=stochastic_block_model perturbation=community_weakening alpha=0.6 seed=1 workflow=netlsd_spectral_signatures status=success
2026-06-09 03:54:44,567 INFO row_complete 820/2640 dataset=stochastic_block_model perturbation=community_weakening alpha=0.6 seed=1 workflow=diversity_curves_shortest_path status=success
2026-06-09 03:56:17,867 INFO row_complete 821/2640 dataset=stochastic_block_model perturbation=community_weakening alpha=0.7 seed=1 workflow=structural_statistics_mmd status=success
2026-06-09 03:56:17,868 INFO row_complete 822/2640 dataset=stochastic_block_model perturbation=community_weakening alpha=0.7 seed=1 workflow=wl_subtree_kernel_mmd status=success
2026-06-09 03:56:17,870 INFO row_complete 823/2640 dataset=stochastic_block_model perturbation=community_weakening alpha=0.7 seed=1 workflow=netlsd_spectral_signatures status=success
2026-06-09 03:56:17,871 INFO row_complete 824/2640 dataset=stochastic_block_model perturbation=community_weakening alpha=0.7 seed=1 workflow=diversity_curves_shortest_path status=success
2026-06-09 03:57:48,611 INFO row_complete 825/2640 dataset=stochastic_block_model perturbation=community_weakening alpha=0.8 seed=1 workflow=structural_statistics_mmd status=success
2026-06-09 03:57:48,613 INFO row_complete 826/2640 dataset=stochastic_block_model perturbation=community_weakening alpha=0.8 seed=1 workflow=wl_subtree_kernel_mmd status=success
2026-06-09 03:57:48,614 INFO row_complete 827/2640 dataset=stochastic_block_model perturbation=community_weakening alpha=0.8 seed=1 workflow=netlsd_spectral_signatures status=success
2026-06-09 03:57:48,615 INFO row_complete 828/2640 dataset=stochastic_block_model perturbation=community_weakening alpha=0.8 seed=1 workflow=diversity_curves_shortest_path status=success
2026-06-09 03:59:19,311 INFO row_complete 829/2640 dataset=stochastic_block_model perturbation=community_weakening alpha=0.9 seed=1 workflow=structural_statistics_mmd status=success
2026-06-09 03:59:19,313 INFO row_complete 830/2640 dataset=stochastic_block_model perturbation=community_weakening alpha=0.9 seed=1 workflow=wl_subtree_kernel_mmd status=success
2026-06-09 03:59:19,314 INFO row_complete 831/2640 dataset=stochastic_block_model perturbation=community_weakening alpha=0.9 seed=1 workflow=netlsd_spectral_signatures status=success
2026-06-09 03:59:19,315 INFO row_complete 832/2640 dataset=stochastic_block_model perturbation=community_weakening alpha=0.9 seed=1 workflow=diversity_curves_shortest_path status=success
2026-06-09 04:00:49,938 INFO row_complete 833/2640 dataset=stochastic_block_model perturbation=community_weakening alpha=1.0 seed=1 workflow=structural_statistics_mmd status=success
2026-06-09 04:00:49,939 INFO row_complete 834/2640 dataset=stochastic_block_model perturbation=community_weakening alpha=1.0 seed=1 workflow=wl_subtree_kernel_mmd status=success
2026-06-09 04:00:49,940 INFO row_complete 835/2640 dataset=stochastic_block_model perturbation=community_weakening alpha=1.0 seed=1 workflow=netlsd_spectral_signatures status=success
2026-06-09 04:00:49,941 INFO row_complete 836/2640 dataset=stochastic_block_model perturbation=community_weakening alpha=1.0 seed=1 workflow=diversity_curves_shortest_path status=success
2026-06-09 04:02:20,607 INFO row_complete 837/2640 dataset=stochastic_block_model perturbation=hub_modification alpha=0.0 seed=1 workflow=structural_statistics_mmd status=success
2026-06-09 04:02:20,609 INFO row_complete 838/2640 dataset=stochastic_block_model perturbation=hub_modification alpha=0.0 seed=1 workflow=wl_subtree_kernel_mmd status=success
2026-06-09 04:02:20,613 INFO row_complete 839/2640 dataset=stochastic_block_model perturbation=hub_modification alpha=0.0 seed=1 workflow=netlsd_spectral_signatures status=success
2026-06-09 04:02:20,614 INFO row_complete 840/2640 dataset=stochastic_block_model perturbation=hub_modification alpha=0.0 seed=1 workflow=diversity_curves_shortest_path status=success
2026-06-09 04:03:51,554 INFO row_complete 841/2640 dataset=stochastic_block_model perturbation=hub_modification alpha=0.1 seed=1 workflow=structural_statistics_mmd status=success
2026-06-09 04:03:51,555 INFO row_complete 842/2640 dataset=stochastic_block_model perturbation=hub_modification alpha=0.1 seed=1 workflow=wl_subtree_kernel_mmd status=success
2026-06-09 04:03:51,556 INFO row_complete 843/2640 dataset=stochastic_block_model perturbation=hub_modification alpha=0.1 seed=1 workflow=netlsd_spectral_signatures status=success
2026-06-09 04:03:51,557 INFO row_complete 844/2640 dataset=stochastic_block_model perturbation=hub_modification alpha=0.1 seed=1 workflow=diversity_curves_shortest_path status=success
2026-06-09 04:05:22,158 INFO row_complete 845/2640 dataset=stochastic_block_model perturbation=hub_modification alpha=0.2 seed=1 workflow=structural_statistics_mmd status=success
2026-06-09 04:05:22,159 INFO row_complete 846/2640 dataset=stochastic_block_model perturbation=hub_modification alpha=0.2 seed=1 workflow=wl_subtree_kernel_mmd status=success
2026-06-09 04:05:22,161 INFO row_complete 847/2640 dataset=stochastic_block_model perturbation=hub_modification alpha=0.2 seed=1 workflow=netlsd_spectral_signatures status=success
2026-06-09 04:05:22,162 INFO row_complete 848/2640 dataset=stochastic_block_model perturbation=hub_modification alpha=0.2 seed=1 workflow=diversity_curves_shortest_path status=success
2026-06-09 04:06:52,633 INFO row_complete 849/2640 dataset=stochastic_block_model perturbation=hub_modification alpha=0.3 seed=1 workflow=structural_statistics_mmd status=success
2026-06-09 04:06:52,634 INFO row_complete 850/2640 dataset=stochastic_block_model perturbation=hub_modification alpha=0.3 seed=1 workflow=wl_subtree_kernel_mmd status=success
2026-06-09 04:06:52,635 INFO row_complete 851/2640 dataset=stochastic_block_model perturbation=hub_modification alpha=0.3 seed=1 workflow=netlsd_spectral_signatures status=success
2026-06-09 04:06:52,636 INFO row_complete 852/2640 dataset=stochastic_block_model perturbation=hub_modification alpha=0.3 seed=1 workflow=diversity_curves_shortest_path status=success
2026-06-09 04:08:23,331 INFO row_complete 853/2640 dataset=stochastic_block_model perturbation=hub_modification alpha=0.4 seed=1 workflow=structural_statistics_mmd status=success
2026-06-09 04:08:23,333 INFO row_complete 854/2640 dataset=stochastic_block_model perturbation=hub_modification alpha=0.4 seed=1 workflow=wl_subtree_kernel_mmd status=success
2026-06-09 04:08:23,334 INFO row_complete 855/2640 dataset=stochastic_block_model perturbation=hub_modification alpha=0.4 seed=1 workflow=netlsd_spectral_signatures status=success
2026-06-09 04:08:23,335 INFO row_complete 856/2640 dataset=stochastic_block_model perturbation=hub_modification alpha=0.4 seed=1 workflow=diversity_curves_shortest_path status=success
2026-06-09 04:09:53,868 INFO row_complete 857/2640 dataset=stochastic_block_model perturbation=hub_modification alpha=0.5 seed=1 workflow=structural_statistics_mmd status=success
2026-06-09 04:09:53,869 INFO row_complete 858/2640 dataset=stochastic_block_model perturbation=hub_modification alpha=0.5 seed=1 workflow=wl_subtree_kernel_mmd status=success
2026-06-09 04:09:53,870 INFO row_complete 859/2640 dataset=stochastic_block_model perturbation=hub_modification alpha=0.5 seed=1 workflow=netlsd_spectral_signatures status=success
2026-06-09 04:09:53,871 INFO row_complete 860/2640 dataset=stochastic_block_model perturbation=hub_modification alpha=0.5 seed=1 workflow=diversity_curves_shortest_path status=success
2026-06-09 04:11:24,709 INFO row_complete 861/2640 dataset=stochastic_block_model perturbation=hub_modification alpha=0.6 seed=1 workflow=structural_statistics_mmd status=success
2026-06-09 04:11:24,710 INFO row_complete 862/2640 dataset=stochastic_block_model perturbation=hub_modification alpha=0.6 seed=1 workflow=wl_subtree_kernel_mmd status=success
2026-06-09 04:11:24,711 INFO row_complete 863/2640 dataset=stochastic_block_model perturbation=hub_modification alpha=0.6 seed=1 workflow=netlsd_spectral_signatures status=success
2026-06-09 04:11:24,712 INFO row_complete 864/2640 dataset=stochastic_block_model perturbation=hub_modification alpha=0.6 seed=1 workflow=diversity_curves_shortest_path status=success
2026-06-09 04:12:55,499 INFO row_complete 865/2640 dataset=stochastic_block_model perturbation=hub_modification alpha=0.7 seed=1 workflow=structural_statistics_mmd status=success
2026-06-09 04:12:55,500 INFO row_complete 866/2640 dataset=stochastic_block_model perturbation=hub_modification alpha=0.7 seed=1 workflow=wl_subtree_kernel_mmd status=success
2026-06-09 04:12:55,501 INFO row_complete 867/2640 dataset=stochastic_block_model perturbation=hub_modification alpha=0.7 seed=1 workflow=netlsd_spectral_signatures status=success
2026-06-09 04:12:55,501 INFO row_complete 868/2640 dataset=stochastic_block_model perturbation=hub_modification alpha=0.7 seed=1 workflow=diversity_curves_shortest_path status=success
2026-06-09 04:14:26,271 INFO row_complete 869/2640 dataset=stochastic_block_model perturbation=hub_modification alpha=0.8 seed=1 workflow=structural_statistics_mmd status=success
2026-06-09 04:14:26,272 INFO row_complete 870/2640 dataset=stochastic_block_model perturbation=hub_modification alpha=0.8 seed=1 workflow=wl_subtree_kernel_mmd status=success
2026-06-09 04:14:26,273 INFO row_complete 871/2640 dataset=stochastic_block_model perturbation=hub_modification alpha=0.8 seed=1 workflow=netlsd_spectral_signatures status=success
2026-06-09 04:14:26,274 INFO row_complete 872/2640 dataset=stochastic_block_model perturbation=hub_modification alpha=0.8 seed=1 workflow=diversity_curves_shortest_path status=success
2026-06-09 04:15:56,817 INFO row_complete 873/2640 dataset=stochastic_block_model perturbation=hub_modification alpha=0.9 seed=1 workflow=structural_statistics_mmd status=success
2026-06-09 04:15:56,818 INFO row_complete 874/2640 dataset=stochastic_block_model perturbation=hub_modification alpha=0.9 seed=1 workflow=wl_subtree_kernel_mmd status=success
2026-06-09 04:15:56,819 INFO row_complete 875/2640 dataset=stochastic_block_model perturbation=hub_modification alpha=0.9 seed=1 workflow=netlsd_spectral_signatures status=success
2026-06-09 04:15:56,820 INFO row_complete 876/2640 dataset=stochastic_block_model perturbation=hub_modification alpha=0.9 seed=1 workflow=diversity_curves_shortest_path status=success
2026-06-09 04:17:27,405 INFO row_complete 877/2640 dataset=stochastic_block_model perturbation=hub_modification alpha=1.0 seed=1 workflow=structural_statistics_mmd status=success
2026-06-09 04:17:27,406 INFO row_complete 878/2640 dataset=stochastic_block_model perturbation=hub_modification alpha=1.0 seed=1 workflow=wl_subtree_kernel_mmd status=success
2026-06-09 04:17:27,407 INFO row_complete 879/2640 dataset=stochastic_block_model perturbation=hub_modification alpha=1.0 seed=1 workflow=netlsd_spectral_signatures status=success
2026-06-09 04:17:27,408 INFO row_complete 880/2640 dataset=stochastic_block_model perturbation=hub_modification alpha=1.0 seed=1 workflow=diversity_curves_shortest_path status=success
2026-06-09 04:18:55,440 INFO row_complete 881/2640 dataset=barabasi_albert perturbation=edge_addition_deletion alpha=0.0 seed=1 workflow=structural_statistics_mmd status=success
2026-06-09 04:18:55,441 INFO row_complete 882/2640 dataset=barabasi_albert perturbation=edge_addition_deletion alpha=0.0 seed=1 workflow=wl_subtree_kernel_mmd status=success
2026-06-09 04:18:55,442 INFO row_complete 883/2640 dataset=barabasi_albert perturbation=edge_addition_deletion alpha=0.0 seed=1 workflow=netlsd_spectral_signatures status=success
2026-06-09 04:18:55,443 INFO row_complete 884/2640 dataset=barabasi_albert perturbation=edge_addition_deletion alpha=0.0 seed=1 workflow=diversity_curves_shortest_path status=success
2026-06-09 04:20:23,705 INFO row_complete 885/2640 dataset=barabasi_albert perturbation=edge_addition_deletion alpha=0.1 seed=1 workflow=structural_statistics_mmd status=success
2026-06-09 04:20:23,707 INFO row_complete 886/2640 dataset=barabasi_albert perturbation=edge_addition_deletion alpha=0.1 seed=1 workflow=wl_subtree_kernel_mmd status=success
2026-06-09 04:20:23,709 INFO row_complete 887/2640 dataset=barabasi_albert perturbation=edge_addition_deletion alpha=0.1 seed=1 workflow=netlsd_spectral_signatures status=success
2026-06-09 04:20:23,710 INFO row_complete 888/2640 dataset=barabasi_albert perturbation=edge_addition_deletion alpha=0.1 seed=1 workflow=diversity_curves_shortest_path status=success
2026-06-09 04:21:51,772 INFO row_complete 889/2640 dataset=barabasi_albert perturbation=edge_addition_deletion alpha=0.2 seed=1 workflow=structural_statistics_mmd status=success
2026-06-09 04:21:51,773 INFO row_complete 890/2640 dataset=barabasi_albert perturbation=edge_addition_deletion alpha=0.2 seed=1 workflow=wl_subtree_kernel_mmd status=success
2026-06-09 04:21:51,774 INFO row_complete 891/2640 dataset=barabasi_albert perturbation=edge_addition_deletion alpha=0.2 seed=1 workflow=netlsd_spectral_signatures status=success
2026-06-09 04:21:51,775 INFO row_complete 892/2640 dataset=barabasi_albert perturbation=edge_addition_deletion alpha=0.2 seed=1 workflow=diversity_curves_shortest_path status=success
2026-06-09 04:23:19,815 INFO row_complete 893/2640 dataset=barabasi_albert perturbation=edge_addition_deletion alpha=0.3 seed=1 workflow=structural_statistics_mmd status=success
2026-06-09 04:23:19,816 INFO row_complete 894/2640 dataset=barabasi_albert perturbation=edge_addition_deletion alpha=0.3 seed=1 workflow=wl_subtree_kernel_mmd status=success
2026-06-09 04:23:19,817 INFO row_complete 895/2640 dataset=barabasi_albert perturbation=edge_addition_deletion alpha=0.3 seed=1 workflow=netlsd_spectral_signatures status=success
2026-06-09 04:23:19,817 INFO row_complete 896/2640 dataset=barabasi_albert perturbation=edge_addition_deletion alpha=0.3 seed=1 workflow=diversity_curves_shortest_path status=success
2026-06-09 04:24:47,720 INFO row_complete 897/2640 dataset=barabasi_albert perturbation=edge_addition_deletion alpha=0.4 seed=1 workflow=structural_statistics_mmd status=success
2026-06-09 04:24:47,721 INFO row_complete 898/2640 dataset=barabasi_albert perturbation=edge_addition_deletion alpha=0.4 seed=1 workflow=wl_subtree_kernel_mmd status=success
2026-06-09 04:24:47,722 INFO row_complete 899/2640 dataset=barabasi_albert perturbation=edge_addition_deletion alpha=0.4 seed=1 workflow=netlsd_spectral_signatures status=success
2026-06-09 04:24:47,722 INFO row_complete 900/2640 dataset=barabasi_albert perturbation=edge_addition_deletion alpha=0.4 seed=1 workflow=diversity_curves_shortest_path status=success
2026-06-09 04:26:15,629 INFO row_complete 901/2640 dataset=barabasi_albert perturbation=edge_addition_deletion alpha=0.5 seed=1 workflow=structural_statistics_mmd status=success
2026-06-09 04:26:15,630 INFO row_complete 902/2640 dataset=barabasi_albert perturbation=edge_addition_deletion alpha=0.5 seed=1 workflow=wl_subtree_kernel_mmd status=success
2026-06-09 04:26:15,633 INFO row_complete 903/2640 dataset=barabasi_albert perturbation=edge_addition_deletion alpha=0.5 seed=1 workflow=netlsd_spectral_signatures status=success
2026-06-09 04:26:15,634 INFO row_complete 904/2640 dataset=barabasi_albert perturbation=edge_addition_deletion alpha=0.5 seed=1 workflow=diversity_curves_shortest_path status=success
2026-06-09 04:27:43,601 INFO row_complete 905/2640 dataset=barabasi_albert perturbation=edge_addition_deletion alpha=0.6 seed=1 workflow=structural_statistics_mmd status=success
2026-06-09 04:27:43,604 INFO row_complete 906/2640 dataset=barabasi_albert perturbation=edge_addition_deletion alpha=0.6 seed=1 workflow=wl_subtree_kernel_mmd status=success
2026-06-09 04:27:43,605 INFO row_complete 907/2640 dataset=barabasi_albert perturbation=edge_addition_deletion alpha=0.6 seed=1 workflow=netlsd_spectral_signatures status=success
2026-06-09 04:27:43,607 INFO row_complete 908/2640 dataset=barabasi_albert perturbation=edge_addition_deletion alpha=0.6 seed=1 workflow=diversity_curves_shortest_path status=success
2026-06-09 04:29:11,726 INFO row_complete 909/2640 dataset=barabasi_albert perturbation=edge_addition_deletion alpha=0.7 seed=1 workflow=structural_statistics_mmd status=success
2026-06-09 04:29:11,728 INFO row_complete 910/2640 dataset=barabasi_albert perturbation=edge_addition_deletion alpha=0.7 seed=1 workflow=wl_subtree_kernel_mmd status=success
2026-06-09 04:29:11,731 INFO row_complete 911/2640 dataset=barabasi_albert perturbation=edge_addition_deletion alpha=0.7 seed=1 workflow=netlsd_spectral_signatures status=success
2026-06-09 04:29:11,732 INFO row_complete 912/2640 dataset=barabasi_albert perturbation=edge_addition_deletion alpha=0.7 seed=1 workflow=diversity_curves_shortest_path status=success
2026-06-09 04:30:39,693 INFO row_complete 913/2640 dataset=barabasi_albert perturbation=edge_addition_deletion alpha=0.8 seed=1 workflow=structural_statistics_mmd status=success
2026-06-09 04:30:39,696 INFO row_complete 914/2640 dataset=barabasi_albert perturbation=edge_addition_deletion alpha=0.8 seed=1 workflow=wl_subtree_kernel_mmd status=success
2026-06-09 04:30:39,698 INFO row_complete 915/2640 dataset=barabasi_albert perturbation=edge_addition_deletion alpha=0.8 seed=1 workflow=netlsd_spectral_signatures status=success
2026-06-09 04:30:39,700 INFO row_complete 916/2640 dataset=barabasi_albert perturbation=edge_addition_deletion alpha=0.8 seed=1 workflow=diversity_curves_shortest_path status=success
2026-06-09 04:32:07,747 INFO row_complete 917/2640 dataset=barabasi_albert perturbation=edge_addition_deletion alpha=0.9 seed=1 workflow=structural_statistics_mmd status=success
2026-06-09 04:32:07,748 INFO row_complete 918/2640 dataset=barabasi_albert perturbation=edge_addition_deletion alpha=0.9 seed=1 workflow=wl_subtree_kernel_mmd status=success
2026-06-09 04:32:07,749 INFO row_complete 919/2640 dataset=barabasi_albert perturbation=edge_addition_deletion alpha=0.9 seed=1 workflow=netlsd_spectral_signatures status=success
2026-06-09 04:32:07,750 INFO row_complete 920/2640 dataset=barabasi_albert perturbation=edge_addition_deletion alpha=0.9 seed=1 workflow=diversity_curves_shortest_path status=success
2026-06-09 04:33:35,980 INFO row_complete 921/2640 dataset=barabasi_albert perturbation=edge_addition_deletion alpha=1.0 seed=1 workflow=structural_statistics_mmd status=success
2026-06-09 04:33:35,981 INFO row_complete 922/2640 dataset=barabasi_albert perturbation=edge_addition_deletion alpha=1.0 seed=1 workflow=wl_subtree_kernel_mmd status=success
2026-06-09 04:33:35,982 INFO row_complete 923/2640 dataset=barabasi_albert perturbation=edge_addition_deletion alpha=1.0 seed=1 workflow=netlsd_spectral_signatures status=success
2026-06-09 04:33:35,983 INFO row_complete 924/2640 dataset=barabasi_albert perturbation=edge_addition_deletion alpha=1.0 seed=1 workflow=diversity_curves_shortest_path status=success
2026-06-09 04:35:04,117 INFO row_complete 925/2640 dataset=barabasi_albert perturbation=triangle_injection_removal alpha=0.0 seed=1 workflow=structural_statistics_mmd status=success
2026-06-09 04:35:04,118 INFO row_complete 926/2640 dataset=barabasi_albert perturbation=triangle_injection_removal alpha=0.0 seed=1 workflow=wl_subtree_kernel_mmd status=success
2026-06-09 04:35:04,119 INFO row_complete 927/2640 dataset=barabasi_albert perturbation=triangle_injection_removal alpha=0.0 seed=1 workflow=netlsd_spectral_signatures status=success
2026-06-09 04:35:04,120 INFO row_complete 928/2640 dataset=barabasi_albert perturbation=triangle_injection_removal alpha=0.0 seed=1 workflow=diversity_curves_shortest_path status=success
2026-06-09 04:36:32,535 INFO row_complete 929/2640 dataset=barabasi_albert perturbation=triangle_injection_removal alpha=0.1 seed=1 workflow=structural_statistics_mmd status=success
2026-06-09 04:36:32,537 INFO row_complete 930/2640 dataset=barabasi_albert perturbation=triangle_injection_removal alpha=0.1 seed=1 workflow=wl_subtree_kernel_mmd status=success
2026-06-09 04:36:32,538 INFO row_complete 931/2640 dataset=barabasi_albert perturbation=triangle_injection_removal alpha=0.1 seed=1 workflow=netlsd_spectral_signatures status=success
2026-06-09 04:36:32,538 INFO row_complete 932/2640 dataset=barabasi_albert perturbation=triangle_injection_removal alpha=0.1 seed=1 workflow=diversity_curves_shortest_path status=success
2026-06-09 04:38:00,745 INFO row_complete 933/2640 dataset=barabasi_albert perturbation=triangle_injection_removal alpha=0.2 seed=1 workflow=structural_statistics_mmd status=success
2026-06-09 04:38:00,747 INFO row_complete 934/2640 dataset=barabasi_albert perturbation=triangle_injection_removal alpha=0.2 seed=1 workflow=wl_subtree_kernel_mmd status=success
2026-06-09 04:38:00,750 INFO row_complete 935/2640 dataset=barabasi_albert perturbation=triangle_injection_removal alpha=0.2 seed=1 workflow=netlsd_spectral_signatures status=success
2026-06-09 04:38:00,753 INFO row_complete 936/2640 dataset=barabasi_albert perturbation=triangle_injection_removal alpha=0.2 seed=1 workflow=diversity_curves_shortest_path status=success
2026-06-09 04:39:29,246 INFO row_complete 937/2640 dataset=barabasi_albert perturbation=triangle_injection_removal alpha=0.3 seed=1 workflow=structural_statistics_mmd status=success
2026-06-09 04:39:29,249 INFO row_complete 938/2640 dataset=barabasi_albert perturbation=triangle_injection_removal alpha=0.3 seed=1 workflow=wl_subtree_kernel_mmd status=success
2026-06-09 04:39:29,250 INFO row_complete 939/2640 dataset=barabasi_albert perturbation=triangle_injection_removal alpha=0.3 seed=1 workflow=netlsd_spectral_signatures status=success
2026-06-09 04:39:29,251 INFO row_complete 940/2640 dataset=barabasi_albert perturbation=triangle_injection_removal alpha=0.3 seed=1 workflow=diversity_curves_shortest_path status=success
2026-06-09 04:40:58,266 INFO row_complete 941/2640 dataset=barabasi_albert perturbation=triangle_injection_removal alpha=0.4 seed=1 workflow=structural_statistics_mmd status=success
2026-06-09 04:40:58,268 INFO row_complete 942/2640 dataset=barabasi_albert perturbation=triangle_injection_removal alpha=0.4 seed=1 workflow=wl_subtree_kernel_mmd status=success
2026-06-09 04:40:58,269 INFO row_complete 943/2640 dataset=barabasi_albert perturbation=triangle_injection_removal alpha=0.4 seed=1 workflow=netlsd_spectral_signatures status=success
2026-06-09 04:40:58,270 INFO row_complete 944/2640 dataset=barabasi_albert perturbation=triangle_injection_removal alpha=0.4 seed=1 workflow=diversity_curves_shortest_path status=success
2026-06-09 04:42:26,551 INFO row_complete 945/2640 dataset=barabasi_albert perturbation=triangle_injection_removal alpha=0.5 seed=1 workflow=structural_statistics_mmd status=success
2026-06-09 04:42:26,553 INFO row_complete 946/2640 dataset=barabasi_albert perturbation=triangle_injection_removal alpha=0.5 seed=1 workflow=wl_subtree_kernel_mmd status=success
2026-06-09 04:42:26,555 INFO row_complete 947/2640 dataset=barabasi_albert perturbation=triangle_injection_removal alpha=0.5 seed=1 workflow=netlsd_spectral_signatures status=success
2026-06-09 04:42:26,556 INFO row_complete 948/2640 dataset=barabasi_albert perturbation=triangle_injection_removal alpha=0.5 seed=1 workflow=diversity_curves_shortest_path status=success
2026-06-09 04:43:54,897 INFO row_complete 949/2640 dataset=barabasi_albert perturbation=triangle_injection_removal alpha=0.6 seed=1 workflow=structural_statistics_mmd status=success
2026-06-09 04:43:54,900 INFO row_complete 950/2640 dataset=barabasi_albert perturbation=triangle_injection_removal alpha=0.6 seed=1 workflow=wl_subtree_kernel_mmd status=success
2026-06-09 04:43:54,901 INFO row_complete 951/2640 dataset=barabasi_albert perturbation=triangle_injection_removal alpha=0.6 seed=1 workflow=netlsd_spectral_signatures status=success
2026-06-09 04:43:54,902 INFO row_complete 952/2640 dataset=barabasi_albert perturbation=triangle_injection_removal alpha=0.6 seed=1 workflow=diversity_curves_shortest_path status=success
2026-06-09 04:45:23,389 INFO row_complete 953/2640 dataset=barabasi_albert perturbation=triangle_injection_removal alpha=0.7 seed=1 workflow=structural_statistics_mmd status=success
2026-06-09 04:45:23,390 INFO row_complete 954/2640 dataset=barabasi_albert perturbation=triangle_injection_removal alpha=0.7 seed=1 workflow=wl_subtree_kernel_mmd status=success
2026-06-09 04:45:23,392 INFO row_complete 955/2640 dataset=barabasi_albert perturbation=triangle_injection_removal alpha=0.7 seed=1 workflow=netlsd_spectral_signatures status=success
2026-06-09 04:45:23,393 INFO row_complete 956/2640 dataset=barabasi_albert perturbation=triangle_injection_removal alpha=0.7 seed=1 workflow=diversity_curves_shortest_path status=success
2026-06-09 04:46:51,622 INFO row_complete 957/2640 dataset=barabasi_albert perturbation=triangle_injection_removal alpha=0.8 seed=1 workflow=structural_statistics_mmd status=success
2026-06-09 04:46:51,625 INFO row_complete 958/2640 dataset=barabasi_albert perturbation=triangle_injection_removal alpha=0.8 seed=1 workflow=wl_subtree_kernel_mmd status=success
2026-06-09 04:46:51,626 INFO row_complete 959/2640 dataset=barabasi_albert perturbation=triangle_injection_removal alpha=0.8 seed=1 workflow=netlsd_spectral_signatures status=success
2026-06-09 04:46:51,627 INFO row_complete 960/2640 dataset=barabasi_albert perturbation=triangle_injection_removal alpha=0.8 seed=1 workflow=diversity_curves_shortest_path status=success
2026-06-09 04:48:20,040 INFO row_complete 961/2640 dataset=barabasi_albert perturbation=triangle_injection_removal alpha=0.9 seed=1 workflow=structural_statistics_mmd status=success
2026-06-09 04:48:20,041 INFO row_complete 962/2640 dataset=barabasi_albert perturbation=triangle_injection_removal alpha=0.9 seed=1 workflow=wl_subtree_kernel_mmd status=success
2026-06-09 04:48:20,042 INFO row_complete 963/2640 dataset=barabasi_albert perturbation=triangle_injection_removal alpha=0.9 seed=1 workflow=netlsd_spectral_signatures status=success
2026-06-09 04:48:20,043 INFO row_complete 964/2640 dataset=barabasi_albert perturbation=triangle_injection_removal alpha=0.9 seed=1 workflow=diversity_curves_shortest_path status=success
2026-06-09 04:49:48,514 INFO row_complete 965/2640 dataset=barabasi_albert perturbation=triangle_injection_removal alpha=1.0 seed=1 workflow=structural_statistics_mmd status=success
2026-06-09 04:49:48,515 INFO row_complete 966/2640 dataset=barabasi_albert perturbation=triangle_injection_removal alpha=1.0 seed=1 workflow=wl_subtree_kernel_mmd status=success
2026-06-09 04:49:48,516 INFO row_complete 967/2640 dataset=barabasi_albert perturbation=triangle_injection_removal alpha=1.0 seed=1 workflow=netlsd_spectral_signatures status=success
2026-06-09 04:49:48,517 INFO row_complete 968/2640 dataset=barabasi_albert perturbation=triangle_injection_removal alpha=1.0 seed=1 workflow=diversity_curves_shortest_path status=success
2026-06-09 04:49:48,535 INFO row_complete 969/2640 dataset=barabasi_albert perturbation=community_weakening alpha=0.0 seed=1 workflow=structural_statistics_mmd status=skipped
2026-06-09 04:49:48,536 INFO row_complete 970/2640 dataset=barabasi_albert perturbation=community_weakening alpha=0.0 seed=1 workflow=wl_subtree_kernel_mmd status=skipped
2026-06-09 04:49:48,537 INFO row_complete 971/2640 dataset=barabasi_albert perturbation=community_weakening alpha=0.0 seed=1 workflow=netlsd_spectral_signatures status=skipped
2026-06-09 04:49:48,538 INFO row_complete 972/2640 dataset=barabasi_albert perturbation=community_weakening alpha=0.0 seed=1 workflow=diversity_curves_shortest_path status=skipped
2026-06-09 04:49:48,549 INFO row_complete 973/2640 dataset=barabasi_albert perturbation=community_weakening alpha=0.1 seed=1 workflow=structural_statistics_mmd status=skipped
2026-06-09 04:49:48,550 INFO row_complete 974/2640 dataset=barabasi_albert perturbation=community_weakening alpha=0.1 seed=1 workflow=wl_subtree_kernel_mmd status=skipped
2026-06-09 04:49:48,551 INFO row_complete 975/2640 dataset=barabasi_albert perturbation=community_weakening alpha=0.1 seed=1 workflow=netlsd_spectral_signatures status=skipped
2026-06-09 04:49:48,551 INFO row_complete 976/2640 dataset=barabasi_albert perturbation=community_weakening alpha=0.1 seed=1 workflow=diversity_curves_shortest_path status=skipped
2026-06-09 04:49:48,562 INFO row_complete 977/2640 dataset=barabasi_albert perturbation=community_weakening alpha=0.2 seed=1 workflow=structural_statistics_mmd status=skipped
2026-06-09 04:49:48,563 INFO row_complete 978/2640 dataset=barabasi_albert perturbation=community_weakening alpha=0.2 seed=1 workflow=wl_subtree_kernel_mmd status=skipped
2026-06-09 04:49:48,563 INFO row_complete 979/2640 dataset=barabasi_albert perturbation=community_weakening alpha=0.2 seed=1 workflow=netlsd_spectral_signatures status=skipped
2026-06-09 04:49:48,564 INFO row_complete 980/2640 dataset=barabasi_albert perturbation=community_weakening alpha=0.2 seed=1 workflow=diversity_curves_shortest_path status=skipped
2026-06-09 04:49:48,575 INFO row_complete 981/2640 dataset=barabasi_albert perturbation=community_weakening alpha=0.3 seed=1 workflow=structural_statistics_mmd status=skipped
2026-06-09 04:49:48,576 INFO row_complete 982/2640 dataset=barabasi_albert perturbation=community_weakening alpha=0.3 seed=1 workflow=wl_subtree_kernel_mmd status=skipped
2026-06-09 04:49:48,577 INFO row_complete 983/2640 dataset=barabasi_albert perturbation=community_weakening alpha=0.3 seed=1 workflow=netlsd_spectral_signatures status=skipped
2026-06-09 04:49:48,578 INFO row_complete 984/2640 dataset=barabasi_albert perturbation=community_weakening alpha=0.3 seed=1 workflow=diversity_curves_shortest_path status=skipped
2026-06-09 04:49:48,589 INFO row_complete 985/2640 dataset=barabasi_albert perturbation=community_weakening alpha=0.4 seed=1 workflow=structural_statistics_mmd status=skipped
2026-06-09 04:49:48,590 INFO row_complete 986/2640 dataset=barabasi_albert perturbation=community_weakening alpha=0.4 seed=1 workflow=wl_subtree_kernel_mmd status=skipped
2026-06-09 04:49:48,591 INFO row_complete 987/2640 dataset=barabasi_albert perturbation=community_weakening alpha=0.4 seed=1 workflow=netlsd_spectral_signatures status=skipped
2026-06-09 04:49:48,592 INFO row_complete 988/2640 dataset=barabasi_albert perturbation=community_weakening alpha=0.4 seed=1 workflow=diversity_curves_shortest_path status=skipped
2026-06-09 04:49:48,603 INFO row_complete 989/2640 dataset=barabasi_albert perturbation=community_weakening alpha=0.5 seed=1 workflow=structural_statistics_mmd status=skipped
2026-06-09 04:49:48,604 INFO row_complete 990/2640 dataset=barabasi_albert perturbation=community_weakening alpha=0.5 seed=1 workflow=wl_subtree_kernel_mmd status=skipped
2026-06-09 04:49:48,605 INFO row_complete 991/2640 dataset=barabasi_albert perturbation=community_weakening alpha=0.5 seed=1 workflow=netlsd_spectral_signatures status=skipped
2026-06-09 04:49:48,605 INFO row_complete 992/2640 dataset=barabasi_albert perturbation=community_weakening alpha=0.5 seed=1 workflow=diversity_curves_shortest_path status=skipped
2026-06-09 04:49:48,616 INFO row_complete 993/2640 dataset=barabasi_albert perturbation=community_weakening alpha=0.6 seed=1 workflow=structural_statistics_mmd status=skipped
2026-06-09 04:49:48,617 INFO row_complete 994/2640 dataset=barabasi_albert perturbation=community_weakening alpha=0.6 seed=1 workflow=wl_subtree_kernel_mmd status=skipped
2026-06-09 04:49:48,618 INFO row_complete 995/2640 dataset=barabasi_albert perturbation=community_weakening alpha=0.6 seed=1 workflow=netlsd_spectral_signatures status=skipped
2026-06-09 04:49:48,619 INFO row_complete 996/2640 dataset=barabasi_albert perturbation=community_weakening alpha=0.6 seed=1 workflow=diversity_curves_shortest_path status=skipped
2026-06-09 04:49:48,629 INFO row_complete 997/2640 dataset=barabasi_albert perturbation=community_weakening alpha=0.7 seed=1 workflow=structural_statistics_mmd status=skipped
2026-06-09 04:49:48,630 INFO row_complete 998/2640 dataset=barabasi_albert perturbation=community_weakening alpha=0.7 seed=1 workflow=wl_subtree_kernel_mmd status=skipped
2026-06-09 04:49:48,631 INFO row_complete 999/2640 dataset=barabasi_albert perturbation=community_weakening alpha=0.7 seed=1 workflow=netlsd_spectral_signatures status=skipped
2026-06-09 04:49:48,632 INFO row_complete 1000/2640 dataset=barabasi_albert perturbation=community_weakening alpha=0.7 seed=1 workflow=diversity_curves_shortest_path status=skipped
2026-06-09 04:49:48,648 INFO row_complete 1001/2640 dataset=barabasi_albert perturbation=community_weakening alpha=0.8 seed=1 workflow=structural_statistics_mmd status=skipped
2026-06-09 04:49:48,649 INFO row_complete 1002/2640 dataset=barabasi_albert perturbation=community_weakening alpha=0.8 seed=1 workflow=wl_subtree_kernel_mmd status=skipped
2026-06-09 04:49:48,650 INFO row_complete 1003/2640 dataset=barabasi_albert perturbation=community_weakening alpha=0.8 seed=1 workflow=netlsd_spectral_signatures status=skipped
2026-06-09 04:49:48,651 INFO row_complete 1004/2640 dataset=barabasi_albert perturbation=community_weakening alpha=0.8 seed=1 workflow=diversity_curves_shortest_path status=skipped
2026-06-09 04:49:48,661 INFO row_complete 1005/2640 dataset=barabasi_albert perturbation=community_weakening alpha=0.9 seed=1 workflow=structural_statistics_mmd status=skipped
2026-06-09 04:49:48,662 INFO row_complete 1006/2640 dataset=barabasi_albert perturbation=community_weakening alpha=0.9 seed=1 workflow=wl_subtree_kernel_mmd status=skipped
2026-06-09 04:49:48,663 INFO row_complete 1007/2640 dataset=barabasi_albert perturbation=community_weakening alpha=0.9 seed=1 workflow=netlsd_spectral_signatures status=skipped
2026-06-09 04:49:48,664 INFO row_complete 1008/2640 dataset=barabasi_albert perturbation=community_weakening alpha=0.9 seed=1 workflow=diversity_curves_shortest_path status=skipped
2026-06-09 04:49:48,675 INFO row_complete 1009/2640 dataset=barabasi_albert perturbation=community_weakening alpha=1.0 seed=1 workflow=structural_statistics_mmd status=skipped
2026-06-09 04:49:48,676 INFO row_complete 1010/2640 dataset=barabasi_albert perturbation=community_weakening alpha=1.0 seed=1 workflow=wl_subtree_kernel_mmd status=skipped
2026-06-09 04:49:48,677 INFO row_complete 1011/2640 dataset=barabasi_albert perturbation=community_weakening alpha=1.0 seed=1 workflow=netlsd_spectral_signatures status=skipped
2026-06-09 04:49:48,677 INFO row_complete 1012/2640 dataset=barabasi_albert perturbation=community_weakening alpha=1.0 seed=1 workflow=diversity_curves_shortest_path status=skipped
2026-06-09 04:51:20,126 INFO row_complete 1013/2640 dataset=barabasi_albert perturbation=hub_modification alpha=0.0 seed=1 workflow=structural_statistics_mmd status=success
2026-06-09 04:51:20,127 INFO row_complete 1014/2640 dataset=barabasi_albert perturbation=hub_modification alpha=0.0 seed=1 workflow=wl_subtree_kernel_mmd status=success
2026-06-09 04:51:20,127 INFO row_complete 1015/2640 dataset=barabasi_albert perturbation=hub_modification alpha=0.0 seed=1 workflow=netlsd_spectral_signatures status=success
2026-06-09 04:51:20,128 INFO row_complete 1016/2640 dataset=barabasi_albert perturbation=hub_modification alpha=0.0 seed=1 workflow=diversity_curves_shortest_path status=success
2026-06-09 04:52:48,139 INFO row_complete 1017/2640 dataset=barabasi_albert perturbation=hub_modification alpha=0.1 seed=1 workflow=structural_statistics_mmd status=success
2026-06-09 04:52:48,140 INFO row_complete 1018/2640 dataset=barabasi_albert perturbation=hub_modification alpha=0.1 seed=1 workflow=wl_subtree_kernel_mmd status=success
2026-06-09 04:52:48,141 INFO row_complete 1019/2640 dataset=barabasi_albert perturbation=hub_modification alpha=0.1 seed=1 workflow=netlsd_spectral_signatures status=success
2026-06-09 04:52:48,142 INFO row_complete 1020/2640 dataset=barabasi_albert perturbation=hub_modification alpha=0.1 seed=1 workflow=diversity_curves_shortest_path status=success
2026-06-09 04:54:16,041 INFO row_complete 1021/2640 dataset=barabasi_albert perturbation=hub_modification alpha=0.2 seed=1 workflow=structural_statistics_mmd status=success
2026-06-09 04:54:16,042 INFO row_complete 1022/2640 dataset=barabasi_albert perturbation=hub_modification alpha=0.2 seed=1 workflow=wl_subtree_kernel_mmd status=success
2026-06-09 04:54:16,043 INFO row_complete 1023/2640 dataset=barabasi_albert perturbation=hub_modification alpha=0.2 seed=1 workflow=netlsd_spectral_signatures status=success
2026-06-09 04:54:16,044 INFO row_complete 1024/2640 dataset=barabasi_albert perturbation=hub_modification alpha=0.2 seed=1 workflow=diversity_curves_shortest_path status=success
2026-06-09 04:55:43,980 INFO row_complete 1025/2640 dataset=barabasi_albert perturbation=hub_modification alpha=0.3 seed=1 workflow=structural_statistics_mmd status=success
2026-06-09 04:55:43,982 INFO row_complete 1026/2640 dataset=barabasi_albert perturbation=hub_modification alpha=0.3 seed=1 workflow=wl_subtree_kernel_mmd status=success
2026-06-09 04:55:43,983 INFO row_complete 1027/2640 dataset=barabasi_albert perturbation=hub_modification alpha=0.3 seed=1 workflow=netlsd_spectral_signatures status=success
2026-06-09 04:55:43,984 INFO row_complete 1028/2640 dataset=barabasi_albert perturbation=hub_modification alpha=0.3 seed=1 workflow=diversity_curves_shortest_path status=success
2026-06-09 04:57:11,764 INFO row_complete 1029/2640 dataset=barabasi_albert perturbation=hub_modification alpha=0.4 seed=1 workflow=structural_statistics_mmd status=success
2026-06-09 04:57:11,765 INFO row_complete 1030/2640 dataset=barabasi_albert perturbation=hub_modification alpha=0.4 seed=1 workflow=wl_subtree_kernel_mmd status=success
2026-06-09 04:57:11,766 INFO row_complete 1031/2640 dataset=barabasi_albert perturbation=hub_modification alpha=0.4 seed=1 workflow=netlsd_spectral_signatures status=success
2026-06-09 04:57:11,767 INFO row_complete 1032/2640 dataset=barabasi_albert perturbation=hub_modification alpha=0.4 seed=1 workflow=diversity_curves_shortest_path status=success
2026-06-09 04:58:39,561 INFO row_complete 1033/2640 dataset=barabasi_albert perturbation=hub_modification alpha=0.5 seed=1 workflow=structural_statistics_mmd status=success
2026-06-09 04:58:39,563 INFO row_complete 1034/2640 dataset=barabasi_albert perturbation=hub_modification alpha=0.5 seed=1 workflow=wl_subtree_kernel_mmd status=success
2026-06-09 04:58:39,563 INFO row_complete 1035/2640 dataset=barabasi_albert perturbation=hub_modification alpha=0.5 seed=1 workflow=netlsd_spectral_signatures status=success
2026-06-09 04:58:39,564 INFO row_complete 1036/2640 dataset=barabasi_albert perturbation=hub_modification alpha=0.5 seed=1 workflow=diversity_curves_shortest_path status=success
2026-06-09 05:00:07,751 INFO row_complete 1037/2640 dataset=barabasi_albert perturbation=hub_modification alpha=0.6 seed=1 workflow=structural_statistics_mmd status=success
2026-06-09 05:00:07,754 INFO row_complete 1038/2640 dataset=barabasi_albert perturbation=hub_modification alpha=0.6 seed=1 workflow=wl_subtree_kernel_mmd status=success
2026-06-09 05:00:07,756 INFO row_complete 1039/2640 dataset=barabasi_albert perturbation=hub_modification alpha=0.6 seed=1 workflow=netlsd_spectral_signatures status=success
2026-06-09 05:00:07,757 INFO row_complete 1040/2640 dataset=barabasi_albert perturbation=hub_modification alpha=0.6 seed=1 workflow=diversity_curves_shortest_path status=success
2026-06-09 05:01:35,685 INFO row_complete 1041/2640 dataset=barabasi_albert perturbation=hub_modification alpha=0.7 seed=1 workflow=structural_statistics_mmd status=success
2026-06-09 05:01:35,687 INFO row_complete 1042/2640 dataset=barabasi_albert perturbation=hub_modification alpha=0.7 seed=1 workflow=wl_subtree_kernel_mmd status=success
2026-06-09 05:01:35,690 INFO row_complete 1043/2640 dataset=barabasi_albert perturbation=hub_modification alpha=0.7 seed=1 workflow=netlsd_spectral_signatures status=success
2026-06-09 05:01:35,691 INFO row_complete 1044/2640 dataset=barabasi_albert perturbation=hub_modification alpha=0.7 seed=1 workflow=diversity_curves_shortest_path status=success
2026-06-09 05:03:03,632 INFO row_complete 1045/2640 dataset=barabasi_albert perturbation=hub_modification alpha=0.8 seed=1 workflow=structural_statistics_mmd status=success
2026-06-09 05:03:03,634 INFO row_complete 1046/2640 dataset=barabasi_albert perturbation=hub_modification alpha=0.8 seed=1 workflow=wl_subtree_kernel_mmd status=success
2026-06-09 05:03:03,636 INFO row_complete 1047/2640 dataset=barabasi_albert perturbation=hub_modification alpha=0.8 seed=1 workflow=netlsd_spectral_signatures status=success
2026-06-09 05:03:03,637 INFO row_complete 1048/2640 dataset=barabasi_albert perturbation=hub_modification alpha=0.8 seed=1 workflow=diversity_curves_shortest_path status=success
2026-06-09 05:04:31,409 INFO row_complete 1049/2640 dataset=barabasi_albert perturbation=hub_modification alpha=0.9 seed=1 workflow=structural_statistics_mmd status=success
2026-06-09 05:04:31,410 INFO row_complete 1050/2640 dataset=barabasi_albert perturbation=hub_modification alpha=0.9 seed=1 workflow=wl_subtree_kernel_mmd status=success
2026-06-09 05:04:31,411 INFO row_complete 1051/2640 dataset=barabasi_albert perturbation=hub_modification alpha=0.9 seed=1 workflow=netlsd_spectral_signatures status=success
2026-06-09 05:04:31,413 INFO row_complete 1052/2640 dataset=barabasi_albert perturbation=hub_modification alpha=0.9 seed=1 workflow=diversity_curves_shortest_path status=success
2026-06-09 05:05:59,418 INFO row_complete 1053/2640 dataset=barabasi_albert perturbation=hub_modification alpha=1.0 seed=1 workflow=structural_statistics_mmd status=success
2026-06-09 05:05:59,419 INFO row_complete 1054/2640 dataset=barabasi_albert perturbation=hub_modification alpha=1.0 seed=1 workflow=wl_subtree_kernel_mmd status=success
2026-06-09 05:05:59,420 INFO row_complete 1055/2640 dataset=barabasi_albert perturbation=hub_modification alpha=1.0 seed=1 workflow=netlsd_spectral_signatures status=success
2026-06-09 05:05:59,421 INFO row_complete 1056/2640 dataset=barabasi_albert perturbation=hub_modification alpha=1.0 seed=1 workflow=diversity_curves_shortest_path status=success
2026-06-09 05:07:32,942 INFO row_complete 1057/2640 dataset=erdos_renyi perturbation=edge_addition_deletion alpha=0.0 seed=2 workflow=structural_statistics_mmd status=success
2026-06-09 05:07:32,943 INFO row_complete 1058/2640 dataset=erdos_renyi perturbation=edge_addition_deletion alpha=0.0 seed=2 workflow=wl_subtree_kernel_mmd status=success
2026-06-09 05:07:32,944 INFO row_complete 1059/2640 dataset=erdos_renyi perturbation=edge_addition_deletion alpha=0.0 seed=2 workflow=netlsd_spectral_signatures status=success
2026-06-09 05:07:32,945 INFO row_complete 1060/2640 dataset=erdos_renyi perturbation=edge_addition_deletion alpha=0.0 seed=2 workflow=diversity_curves_shortest_path status=success
2026-06-09 05:09:06,783 INFO row_complete 1061/2640 dataset=erdos_renyi perturbation=edge_addition_deletion alpha=0.1 seed=2 workflow=structural_statistics_mmd status=success
2026-06-09 05:09:06,784 INFO row_complete 1062/2640 dataset=erdos_renyi perturbation=edge_addition_deletion alpha=0.1 seed=2 workflow=wl_subtree_kernel_mmd status=success
2026-06-09 05:09:06,785 INFO row_complete 1063/2640 dataset=erdos_renyi perturbation=edge_addition_deletion alpha=0.1 seed=2 workflow=netlsd_spectral_signatures status=success
2026-06-09 05:09:06,786 INFO row_complete 1064/2640 dataset=erdos_renyi perturbation=edge_addition_deletion alpha=0.1 seed=2 workflow=diversity_curves_shortest_path status=success
2026-06-09 05:10:40,565 INFO row_complete 1065/2640 dataset=erdos_renyi perturbation=edge_addition_deletion alpha=0.2 seed=2 workflow=structural_statistics_mmd status=success
2026-06-09 05:10:40,567 INFO row_complete 1066/2640 dataset=erdos_renyi perturbation=edge_addition_deletion alpha=0.2 seed=2 workflow=wl_subtree_kernel_mmd status=success
2026-06-09 05:10:40,568 INFO row_complete 1067/2640 dataset=erdos_renyi perturbation=edge_addition_deletion alpha=0.2 seed=2 workflow=netlsd_spectral_signatures status=success
2026-06-09 05:10:40,569 INFO row_complete 1068/2640 dataset=erdos_renyi perturbation=edge_addition_deletion alpha=0.2 seed=2 workflow=diversity_curves_shortest_path status=success
2026-06-09 05:12:14,340 INFO row_complete 1069/2640 dataset=erdos_renyi perturbation=edge_addition_deletion alpha=0.3 seed=2 workflow=structural_statistics_mmd status=success
2026-06-09 05:12:14,341 INFO row_complete 1070/2640 dataset=erdos_renyi perturbation=edge_addition_deletion alpha=0.3 seed=2 workflow=wl_subtree_kernel_mmd status=success
2026-06-09 05:12:14,342 INFO row_complete 1071/2640 dataset=erdos_renyi perturbation=edge_addition_deletion alpha=0.3 seed=2 workflow=netlsd_spectral_signatures status=success
2026-06-09 05:12:14,343 INFO row_complete 1072/2640 dataset=erdos_renyi perturbation=edge_addition_deletion alpha=0.3 seed=2 workflow=diversity_curves_shortest_path status=success
2026-06-09 05:13:48,107 INFO row_complete 1073/2640 dataset=erdos_renyi perturbation=edge_addition_deletion alpha=0.4 seed=2 workflow=structural_statistics_mmd status=success
2026-06-09 05:13:48,111 INFO row_complete 1074/2640 dataset=erdos_renyi perturbation=edge_addition_deletion alpha=0.4 seed=2 workflow=wl_subtree_kernel_mmd status=success
2026-06-09 05:13:48,113 INFO row_complete 1075/2640 dataset=erdos_renyi perturbation=edge_addition_deletion alpha=0.4 seed=2 workflow=netlsd_spectral_signatures status=success
2026-06-09 05:13:48,114 INFO row_complete 1076/2640 dataset=erdos_renyi perturbation=edge_addition_deletion alpha=0.4 seed=2 workflow=diversity_curves_shortest_path status=success
2026-06-09 05:15:21,873 INFO row_complete 1077/2640 dataset=erdos_renyi perturbation=edge_addition_deletion alpha=0.5 seed=2 workflow=structural_statistics_mmd status=success
2026-06-09 05:15:21,875 INFO row_complete 1078/2640 dataset=erdos_renyi perturbation=edge_addition_deletion alpha=0.5 seed=2 workflow=wl_subtree_kernel_mmd status=success
2026-06-09 05:15:21,876 INFO row_complete 1079/2640 dataset=erdos_renyi perturbation=edge_addition_deletion alpha=0.5 seed=2 workflow=netlsd_spectral_signatures status=success
2026-06-09 05:15:21,877 INFO row_complete 1080/2640 dataset=erdos_renyi perturbation=edge_addition_deletion alpha=0.5 seed=2 workflow=diversity_curves_shortest_path status=success
2026-06-09 05:16:55,658 INFO row_complete 1081/2640 dataset=erdos_renyi perturbation=edge_addition_deletion alpha=0.6 seed=2 workflow=structural_statistics_mmd status=success
2026-06-09 05:16:55,659 INFO row_complete 1082/2640 dataset=erdos_renyi perturbation=edge_addition_deletion alpha=0.6 seed=2 workflow=wl_subtree_kernel_mmd status=success
2026-06-09 05:16:55,660 INFO row_complete 1083/2640 dataset=erdos_renyi perturbation=edge_addition_deletion alpha=0.6 seed=2 workflow=netlsd_spectral_signatures status=success
2026-06-09 05:16:55,661 INFO row_complete 1084/2640 dataset=erdos_renyi perturbation=edge_addition_deletion alpha=0.6 seed=2 workflow=diversity_curves_shortest_path status=success
2026-06-09 05:18:29,649 INFO row_complete 1085/2640 dataset=erdos_renyi perturbation=edge_addition_deletion alpha=0.7 seed=2 workflow=structural_statistics_mmd status=success
2026-06-09 05:18:29,650 INFO row_complete 1086/2640 dataset=erdos_renyi perturbation=edge_addition_deletion alpha=0.7 seed=2 workflow=wl_subtree_kernel_mmd status=success
2026-06-09 05:18:29,651 INFO row_complete 1087/2640 dataset=erdos_renyi perturbation=edge_addition_deletion alpha=0.7 seed=2 workflow=netlsd_spectral_signatures status=success
2026-06-09 05:18:29,651 INFO row_complete 1088/2640 dataset=erdos_renyi perturbation=edge_addition_deletion alpha=0.7 seed=2 workflow=diversity_curves_shortest_path status=success
2026-06-09 05:20:03,452 INFO row_complete 1089/2640 dataset=erdos_renyi perturbation=edge_addition_deletion alpha=0.8 seed=2 workflow=structural_statistics_mmd status=success
2026-06-09 05:20:03,453 INFO row_complete 1090/2640 dataset=erdos_renyi perturbation=edge_addition_deletion alpha=0.8 seed=2 workflow=wl_subtree_kernel_mmd status=success
2026-06-09 05:20:03,454 INFO row_complete 1091/2640 dataset=erdos_renyi perturbation=edge_addition_deletion alpha=0.8 seed=2 workflow=netlsd_spectral_signatures status=success
2026-06-09 05:20:03,455 INFO row_complete 1092/2640 dataset=erdos_renyi perturbation=edge_addition_deletion alpha=0.8 seed=2 workflow=diversity_curves_shortest_path status=success
2026-06-09 05:21:37,106 INFO row_complete 1093/2640 dataset=erdos_renyi perturbation=edge_addition_deletion alpha=0.9 seed=2 workflow=structural_statistics_mmd status=success
2026-06-09 05:21:37,107 INFO row_complete 1094/2640 dataset=erdos_renyi perturbation=edge_addition_deletion alpha=0.9 seed=2 workflow=wl_subtree_kernel_mmd status=success
2026-06-09 05:21:37,108 INFO row_complete 1095/2640 dataset=erdos_renyi perturbation=edge_addition_deletion alpha=0.9 seed=2 workflow=netlsd_spectral_signatures status=success
2026-06-09 05:21:37,109 INFO row_complete 1096/2640 dataset=erdos_renyi perturbation=edge_addition_deletion alpha=0.9 seed=2 workflow=diversity_curves_shortest_path status=success
2026-06-09 05:23:10,595 INFO row_complete 1097/2640 dataset=erdos_renyi perturbation=edge_addition_deletion alpha=1.0 seed=2 workflow=structural_statistics_mmd status=success
2026-06-09 05:23:10,596 INFO row_complete 1098/2640 dataset=erdos_renyi perturbation=edge_addition_deletion alpha=1.0 seed=2 workflow=wl_subtree_kernel_mmd status=success
2026-06-09 05:23:10,597 INFO row_complete 1099/2640 dataset=erdos_renyi perturbation=edge_addition_deletion alpha=1.0 seed=2 workflow=netlsd_spectral_signatures status=success
2026-06-09 05:23:10,598 INFO row_complete 1100/2640 dataset=erdos_renyi perturbation=edge_addition_deletion alpha=1.0 seed=2 workflow=diversity_curves_shortest_path status=success
2026-06-09 05:24:44,268 INFO row_complete 1101/2640 dataset=erdos_renyi perturbation=triangle_injection_removal alpha=0.0 seed=2 workflow=structural_statistics_mmd status=success
2026-06-09 05:24:44,270 INFO row_complete 1102/2640 dataset=erdos_renyi perturbation=triangle_injection_removal alpha=0.0 seed=2 workflow=wl_subtree_kernel_mmd status=success
2026-06-09 05:24:44,271 INFO row_complete 1103/2640 dataset=erdos_renyi perturbation=triangle_injection_removal alpha=0.0 seed=2 workflow=netlsd_spectral_signatures status=success
2026-06-09 05:24:44,271 INFO row_complete 1104/2640 dataset=erdos_renyi perturbation=triangle_injection_removal alpha=0.0 seed=2 workflow=diversity_curves_shortest_path status=success
2026-06-09 05:26:18,283 INFO row_complete 1105/2640 dataset=erdos_renyi perturbation=triangle_injection_removal alpha=0.1 seed=2 workflow=structural_statistics_mmd status=success
2026-06-09 05:26:18,284 INFO row_complete 1106/2640 dataset=erdos_renyi perturbation=triangle_injection_removal alpha=0.1 seed=2 workflow=wl_subtree_kernel_mmd status=success
2026-06-09 05:26:18,285 INFO row_complete 1107/2640 dataset=erdos_renyi perturbation=triangle_injection_removal alpha=0.1 seed=2 workflow=netlsd_spectral_signatures status=success
2026-06-09 05:26:18,286 INFO row_complete 1108/2640 dataset=erdos_renyi perturbation=triangle_injection_removal alpha=0.1 seed=2 workflow=diversity_curves_shortest_path status=success
2026-06-09 05:27:52,164 INFO row_complete 1109/2640 dataset=erdos_renyi perturbation=triangle_injection_removal alpha=0.2 seed=2 workflow=structural_statistics_mmd status=success
2026-06-09 05:27:52,165 INFO row_complete 1110/2640 dataset=erdos_renyi perturbation=triangle_injection_removal alpha=0.2 seed=2 workflow=wl_subtree_kernel_mmd status=success
2026-06-09 05:27:52,166 INFO row_complete 1111/2640 dataset=erdos_renyi perturbation=triangle_injection_removal alpha=0.2 seed=2 workflow=netlsd_spectral_signatures status=success
2026-06-09 05:27:52,167 INFO row_complete 1112/2640 dataset=erdos_renyi perturbation=triangle_injection_removal alpha=0.2 seed=2 workflow=diversity_curves_shortest_path status=success
2026-06-09 05:29:26,234 INFO row_complete 1113/2640 dataset=erdos_renyi perturbation=triangle_injection_removal alpha=0.3 seed=2 workflow=structural_statistics_mmd status=success
2026-06-09 05:29:26,235 INFO row_complete 1114/2640 dataset=erdos_renyi perturbation=triangle_injection_removal alpha=0.3 seed=2 workflow=wl_subtree_kernel_mmd status=success
2026-06-09 05:29:26,236 INFO row_complete 1115/2640 dataset=erdos_renyi perturbation=triangle_injection_removal alpha=0.3 seed=2 workflow=netlsd_spectral_signatures status=success
2026-06-09 05:29:26,237 INFO row_complete 1116/2640 dataset=erdos_renyi perturbation=triangle_injection_removal alpha=0.3 seed=2 workflow=diversity_curves_shortest_path status=success
2026-06-09 05:31:00,019 INFO row_complete 1117/2640 dataset=erdos_renyi perturbation=triangle_injection_removal alpha=0.4 seed=2 workflow=structural_statistics_mmd status=success
2026-06-09 05:31:00,021 INFO row_complete 1118/2640 dataset=erdos_renyi perturbation=triangle_injection_removal alpha=0.4 seed=2 workflow=wl_subtree_kernel_mmd status=success
2026-06-09 05:31:00,023 INFO row_complete 1119/2640 dataset=erdos_renyi perturbation=triangle_injection_removal alpha=0.4 seed=2 workflow=netlsd_spectral_signatures status=success
2026-06-09 05:31:00,024 INFO row_complete 1120/2640 dataset=erdos_renyi perturbation=triangle_injection_removal alpha=0.4 seed=2 workflow=diversity_curves_shortest_path status=success
2026-06-09 05:32:33,913 INFO row_complete 1121/2640 dataset=erdos_renyi perturbation=triangle_injection_removal alpha=0.5 seed=2 workflow=structural_statistics_mmd status=success
2026-06-09 05:32:33,914 INFO row_complete 1122/2640 dataset=erdos_renyi perturbation=triangle_injection_removal alpha=0.5 seed=2 workflow=wl_subtree_kernel_mmd status=success
2026-06-09 05:32:33,915 INFO row_complete 1123/2640 dataset=erdos_renyi perturbation=triangle_injection_removal alpha=0.5 seed=2 workflow=netlsd_spectral_signatures status=success
2026-06-09 05:32:33,916 INFO row_complete 1124/2640 dataset=erdos_renyi perturbation=triangle_injection_removal alpha=0.5 seed=2 workflow=diversity_curves_shortest_path status=success
2026-06-09 05:34:07,810 INFO row_complete 1125/2640 dataset=erdos_renyi perturbation=triangle_injection_removal alpha=0.6 seed=2 workflow=structural_statistics_mmd status=success
2026-06-09 05:34:07,812 INFO row_complete 1126/2640 dataset=erdos_renyi perturbation=triangle_injection_removal alpha=0.6 seed=2 workflow=wl_subtree_kernel_mmd status=success
2026-06-09 05:34:07,813 INFO row_complete 1127/2640 dataset=erdos_renyi perturbation=triangle_injection_removal alpha=0.6 seed=2 workflow=netlsd_spectral_signatures status=success
2026-06-09 05:34:07,814 INFO row_complete 1128/2640 dataset=erdos_renyi perturbation=triangle_injection_removal alpha=0.6 seed=2 workflow=diversity_curves_shortest_path status=success
2026-06-09 05:35:41,802 INFO row_complete 1129/2640 dataset=erdos_renyi perturbation=triangle_injection_removal alpha=0.7 seed=2 workflow=structural_statistics_mmd status=success
2026-06-09 05:35:41,803 INFO row_complete 1130/2640 dataset=erdos_renyi perturbation=triangle_injection_removal alpha=0.7 seed=2 workflow=wl_subtree_kernel_mmd status=success
2026-06-09 05:35:41,804 INFO row_complete 1131/2640 dataset=erdos_renyi perturbation=triangle_injection_removal alpha=0.7 seed=2 workflow=netlsd_spectral_signatures status=success
2026-06-09 05:35:41,806 INFO row_complete 1132/2640 dataset=erdos_renyi perturbation=triangle_injection_removal alpha=0.7 seed=2 workflow=diversity_curves_shortest_path status=success
2026-06-09 05:37:15,719 INFO row_complete 1133/2640 dataset=erdos_renyi perturbation=triangle_injection_removal alpha=0.8 seed=2 workflow=structural_statistics_mmd status=success
2026-06-09 05:37:15,721 INFO row_complete 1134/2640 dataset=erdos_renyi perturbation=triangle_injection_removal alpha=0.8 seed=2 workflow=wl_subtree_kernel_mmd status=success
2026-06-09 05:37:15,722 INFO row_complete 1135/2640 dataset=erdos_renyi perturbation=triangle_injection_removal alpha=0.8 seed=2 workflow=netlsd_spectral_signatures status=success
2026-06-09 05:37:15,722 INFO row_complete 1136/2640 dataset=erdos_renyi perturbation=triangle_injection_removal alpha=0.8 seed=2 workflow=diversity_curves_shortest_path status=success
2026-06-09 05:38:49,884 INFO row_complete 1137/2640 dataset=erdos_renyi perturbation=triangle_injection_removal alpha=0.9 seed=2 workflow=structural_statistics_mmd status=success
2026-06-09 05:38:49,886 INFO row_complete 1138/2640 dataset=erdos_renyi perturbation=triangle_injection_removal alpha=0.9 seed=2 workflow=wl_subtree_kernel_mmd status=success
2026-06-09 05:38:49,886 INFO row_complete 1139/2640 dataset=erdos_renyi perturbation=triangle_injection_removal alpha=0.9 seed=2 workflow=netlsd_spectral_signatures status=success
2026-06-09 05:38:49,887 INFO row_complete 1140/2640 dataset=erdos_renyi perturbation=triangle_injection_removal alpha=0.9 seed=2 workflow=diversity_curves_shortest_path status=success
2026-06-09 05:40:23,941 INFO row_complete 1141/2640 dataset=erdos_renyi perturbation=triangle_injection_removal alpha=1.0 seed=2 workflow=structural_statistics_mmd status=success
2026-06-09 05:40:23,943 INFO row_complete 1142/2640 dataset=erdos_renyi perturbation=triangle_injection_removal alpha=1.0 seed=2 workflow=wl_subtree_kernel_mmd status=success
2026-06-09 05:40:23,944 INFO row_complete 1143/2640 dataset=erdos_renyi perturbation=triangle_injection_removal alpha=1.0 seed=2 workflow=netlsd_spectral_signatures status=success
2026-06-09 05:40:23,944 INFO row_complete 1144/2640 dataset=erdos_renyi perturbation=triangle_injection_removal alpha=1.0 seed=2 workflow=diversity_curves_shortest_path status=success
2026-06-09 05:40:23,969 INFO row_complete 1145/2640 dataset=erdos_renyi perturbation=community_weakening alpha=0.0 seed=2 workflow=structural_statistics_mmd status=skipped
2026-06-09 05:40:23,970 INFO row_complete 1146/2640 dataset=erdos_renyi perturbation=community_weakening alpha=0.0 seed=2 workflow=wl_subtree_kernel_mmd status=skipped
2026-06-09 05:40:23,970 INFO row_complete 1147/2640 dataset=erdos_renyi perturbation=community_weakening alpha=0.0 seed=2 workflow=netlsd_spectral_signatures status=skipped
2026-06-09 05:40:23,971 INFO row_complete 1148/2640 dataset=erdos_renyi perturbation=community_weakening alpha=0.0 seed=2 workflow=diversity_curves_shortest_path status=skipped
2026-06-09 05:40:23,991 INFO row_complete 1149/2640 dataset=erdos_renyi perturbation=community_weakening alpha=0.1 seed=2 workflow=structural_statistics_mmd status=skipped
2026-06-09 05:40:23,992 INFO row_complete 1150/2640 dataset=erdos_renyi perturbation=community_weakening alpha=0.1 seed=2 workflow=wl_subtree_kernel_mmd status=skipped
2026-06-09 05:40:23,993 INFO row_complete 1151/2640 dataset=erdos_renyi perturbation=community_weakening alpha=0.1 seed=2 workflow=netlsd_spectral_signatures status=skipped
2026-06-09 05:40:23,994 INFO row_complete 1152/2640 dataset=erdos_renyi perturbation=community_weakening alpha=0.1 seed=2 workflow=diversity_curves_shortest_path status=skipped
2026-06-09 05:40:24,010 INFO row_complete 1153/2640 dataset=erdos_renyi perturbation=community_weakening alpha=0.2 seed=2 workflow=structural_statistics_mmd status=skipped
2026-06-09 05:40:24,011 INFO row_complete 1154/2640 dataset=erdos_renyi perturbation=community_weakening alpha=0.2 seed=2 workflow=wl_subtree_kernel_mmd status=skipped
2026-06-09 05:40:24,012 INFO row_complete 1155/2640 dataset=erdos_renyi perturbation=community_weakening alpha=0.2 seed=2 workflow=netlsd_spectral_signatures status=skipped
2026-06-09 05:40:24,013 INFO row_complete 1156/2640 dataset=erdos_renyi perturbation=community_weakening alpha=0.2 seed=2 workflow=diversity_curves_shortest_path status=skipped
2026-06-09 05:40:24,029 INFO row_complete 1157/2640 dataset=erdos_renyi perturbation=community_weakening alpha=0.3 seed=2 workflow=structural_statistics_mmd status=skipped
2026-06-09 05:40:24,030 INFO row_complete 1158/2640 dataset=erdos_renyi perturbation=community_weakening alpha=0.3 seed=2 workflow=wl_subtree_kernel_mmd status=skipped
2026-06-09 05:40:24,030 INFO row_complete 1159/2640 dataset=erdos_renyi perturbation=community_weakening alpha=0.3 seed=2 workflow=netlsd_spectral_signatures status=skipped
2026-06-09 05:40:24,031 INFO row_complete 1160/2640 dataset=erdos_renyi perturbation=community_weakening alpha=0.3 seed=2 workflow=diversity_curves_shortest_path status=skipped
2026-06-09 05:40:24,049 INFO row_complete 1161/2640 dataset=erdos_renyi perturbation=community_weakening alpha=0.4 seed=2 workflow=structural_statistics_mmd status=skipped
2026-06-09 05:40:24,050 INFO row_complete 1162/2640 dataset=erdos_renyi perturbation=community_weakening alpha=0.4 seed=2 workflow=wl_subtree_kernel_mmd status=skipped
2026-06-09 05:40:24,051 INFO row_complete 1163/2640 dataset=erdos_renyi perturbation=community_weakening alpha=0.4 seed=2 workflow=netlsd_spectral_signatures status=skipped
2026-06-09 05:40:24,052 INFO row_complete 1164/2640 dataset=erdos_renyi perturbation=community_weakening alpha=0.4 seed=2 workflow=diversity_curves_shortest_path status=skipped
2026-06-09 05:40:24,068 INFO row_complete 1165/2640 dataset=erdos_renyi perturbation=community_weakening alpha=0.5 seed=2 workflow=structural_statistics_mmd status=skipped
2026-06-09 05:40:24,069 INFO row_complete 1166/2640 dataset=erdos_renyi perturbation=community_weakening alpha=0.5 seed=2 workflow=wl_subtree_kernel_mmd status=skipped
2026-06-09 05:40:24,070 INFO row_complete 1167/2640 dataset=erdos_renyi perturbation=community_weakening alpha=0.5 seed=2 workflow=netlsd_spectral_signatures status=skipped
2026-06-09 05:40:24,071 INFO row_complete 1168/2640 dataset=erdos_renyi perturbation=community_weakening alpha=0.5 seed=2 workflow=diversity_curves_shortest_path status=skipped
2026-06-09 05:40:24,086 INFO row_complete 1169/2640 dataset=erdos_renyi perturbation=community_weakening alpha=0.6 seed=2 workflow=structural_statistics_mmd status=skipped
2026-06-09 05:40:24,087 INFO row_complete 1170/2640 dataset=erdos_renyi perturbation=community_weakening alpha=0.6 seed=2 workflow=wl_subtree_kernel_mmd status=skipped
2026-06-09 05:40:24,088 INFO row_complete 1171/2640 dataset=erdos_renyi perturbation=community_weakening alpha=0.6 seed=2 workflow=netlsd_spectral_signatures status=skipped
2026-06-09 05:40:24,088 INFO row_complete 1172/2640 dataset=erdos_renyi perturbation=community_weakening alpha=0.6 seed=2 workflow=diversity_curves_shortest_path status=skipped
2026-06-09 05:40:24,104 INFO row_complete 1173/2640 dataset=erdos_renyi perturbation=community_weakening alpha=0.7 seed=2 workflow=structural_statistics_mmd status=skipped
2026-06-09 05:40:24,105 INFO row_complete 1174/2640 dataset=erdos_renyi perturbation=community_weakening alpha=0.7 seed=2 workflow=wl_subtree_kernel_mmd status=skipped
2026-06-09 05:40:24,106 INFO row_complete 1175/2640 dataset=erdos_renyi perturbation=community_weakening alpha=0.7 seed=2 workflow=netlsd_spectral_signatures status=skipped
2026-06-09 05:40:24,106 INFO row_complete 1176/2640 dataset=erdos_renyi perturbation=community_weakening alpha=0.7 seed=2 workflow=diversity_curves_shortest_path status=skipped
2026-06-09 05:40:24,130 INFO row_complete 1177/2640 dataset=erdos_renyi perturbation=community_weakening alpha=0.8 seed=2 workflow=structural_statistics_mmd status=skipped
2026-06-09 05:40:24,131 INFO row_complete 1178/2640 dataset=erdos_renyi perturbation=community_weakening alpha=0.8 seed=2 workflow=wl_subtree_kernel_mmd status=skipped
2026-06-09 05:40:24,132 INFO row_complete 1179/2640 dataset=erdos_renyi perturbation=community_weakening alpha=0.8 seed=2 workflow=netlsd_spectral_signatures status=skipped
2026-06-09 05:40:24,133 INFO row_complete 1180/2640 dataset=erdos_renyi perturbation=community_weakening alpha=0.8 seed=2 workflow=diversity_curves_shortest_path status=skipped
2026-06-09 05:40:24,148 INFO row_complete 1181/2640 dataset=erdos_renyi perturbation=community_weakening alpha=0.9 seed=2 workflow=structural_statistics_mmd status=skipped
2026-06-09 05:40:24,149 INFO row_complete 1182/2640 dataset=erdos_renyi perturbation=community_weakening alpha=0.9 seed=2 workflow=wl_subtree_kernel_mmd status=skipped
2026-06-09 05:40:24,150 INFO row_complete 1183/2640 dataset=erdos_renyi perturbation=community_weakening alpha=0.9 seed=2 workflow=netlsd_spectral_signatures status=skipped
2026-06-09 05:40:24,151 INFO row_complete 1184/2640 dataset=erdos_renyi perturbation=community_weakening alpha=0.9 seed=2 workflow=diversity_curves_shortest_path status=skipped
2026-06-09 05:40:24,167 INFO row_complete 1185/2640 dataset=erdos_renyi perturbation=community_weakening alpha=1.0 seed=2 workflow=structural_statistics_mmd status=skipped
2026-06-09 05:40:24,168 INFO row_complete 1186/2640 dataset=erdos_renyi perturbation=community_weakening alpha=1.0 seed=2 workflow=wl_subtree_kernel_mmd status=skipped
2026-06-09 05:40:24,169 INFO row_complete 1187/2640 dataset=erdos_renyi perturbation=community_weakening alpha=1.0 seed=2 workflow=netlsd_spectral_signatures status=skipped
2026-06-09 05:40:24,169 INFO row_complete 1188/2640 dataset=erdos_renyi perturbation=community_weakening alpha=1.0 seed=2 workflow=diversity_curves_shortest_path status=skipped
2026-06-09 05:41:57,893 INFO row_complete 1189/2640 dataset=erdos_renyi perturbation=hub_modification alpha=0.0 seed=2 workflow=structural_statistics_mmd status=success
2026-06-09 05:41:57,894 INFO row_complete 1190/2640 dataset=erdos_renyi perturbation=hub_modification alpha=0.0 seed=2 workflow=wl_subtree_kernel_mmd status=success
2026-06-09 05:41:57,895 INFO row_complete 1191/2640 dataset=erdos_renyi perturbation=hub_modification alpha=0.0 seed=2 workflow=netlsd_spectral_signatures status=success
2026-06-09 05:41:57,896 INFO row_complete 1192/2640 dataset=erdos_renyi perturbation=hub_modification alpha=0.0 seed=2 workflow=diversity_curves_shortest_path status=success
2026-06-09 05:43:31,775 INFO row_complete 1193/2640 dataset=erdos_renyi perturbation=hub_modification alpha=0.1 seed=2 workflow=structural_statistics_mmd status=success
2026-06-09 05:43:31,777 INFO row_complete 1194/2640 dataset=erdos_renyi perturbation=hub_modification alpha=0.1 seed=2 workflow=wl_subtree_kernel_mmd status=success
2026-06-09 05:43:31,778 INFO row_complete 1195/2640 dataset=erdos_renyi perturbation=hub_modification alpha=0.1 seed=2 workflow=netlsd_spectral_signatures status=success
2026-06-09 05:43:31,779 INFO row_complete 1196/2640 dataset=erdos_renyi perturbation=hub_modification alpha=0.1 seed=2 workflow=diversity_curves_shortest_path status=success
2026-06-09 05:45:05,319 INFO row_complete 1197/2640 dataset=erdos_renyi perturbation=hub_modification alpha=0.2 seed=2 workflow=structural_statistics_mmd status=success
2026-06-09 05:45:05,320 INFO row_complete 1198/2640 dataset=erdos_renyi perturbation=hub_modification alpha=0.2 seed=2 workflow=wl_subtree_kernel_mmd status=success
2026-06-09 05:45:05,321 INFO row_complete 1199/2640 dataset=erdos_renyi perturbation=hub_modification alpha=0.2 seed=2 workflow=netlsd_spectral_signatures status=success
2026-06-09 05:45:05,322 INFO row_complete 1200/2640 dataset=erdos_renyi perturbation=hub_modification alpha=0.2 seed=2 workflow=diversity_curves_shortest_path status=success
2026-06-09 05:46:39,657 INFO row_complete 1201/2640 dataset=erdos_renyi perturbation=hub_modification alpha=0.3 seed=2 workflow=structural_statistics_mmd status=success
2026-06-09 05:46:39,659 INFO row_complete 1202/2640 dataset=erdos_renyi perturbation=hub_modification alpha=0.3 seed=2 workflow=wl_subtree_kernel_mmd status=success
2026-06-09 05:46:39,660 INFO row_complete 1203/2640 dataset=erdos_renyi perturbation=hub_modification alpha=0.3 seed=2 workflow=netlsd_spectral_signatures status=success
2026-06-09 05:46:39,661 INFO row_complete 1204/2640 dataset=erdos_renyi perturbation=hub_modification alpha=0.3 seed=2 workflow=diversity_curves_shortest_path status=success
2026-06-09 05:48:13,133 INFO row_complete 1205/2640 dataset=erdos_renyi perturbation=hub_modification alpha=0.4 seed=2 workflow=structural_statistics_mmd status=success
2026-06-09 05:48:13,134 INFO row_complete 1206/2640 dataset=erdos_renyi perturbation=hub_modification alpha=0.4 seed=2 workflow=wl_subtree_kernel_mmd status=success
2026-06-09 05:48:13,135 INFO row_complete 1207/2640 dataset=erdos_renyi perturbation=hub_modification alpha=0.4 seed=2 workflow=netlsd_spectral_signatures status=success
2026-06-09 05:48:13,136 INFO row_complete 1208/2640 dataset=erdos_renyi perturbation=hub_modification alpha=0.4 seed=2 workflow=diversity_curves_shortest_path status=success
2026-06-09 05:49:47,300 INFO row_complete 1209/2640 dataset=erdos_renyi perturbation=hub_modification alpha=0.5 seed=2 workflow=structural_statistics_mmd status=success
2026-06-09 05:49:47,302 INFO row_complete 1210/2640 dataset=erdos_renyi perturbation=hub_modification alpha=0.5 seed=2 workflow=wl_subtree_kernel_mmd status=success
2026-06-09 05:49:47,303 INFO row_complete 1211/2640 dataset=erdos_renyi perturbation=hub_modification alpha=0.5 seed=2 workflow=netlsd_spectral_signatures status=success
2026-06-09 05:49:47,304 INFO row_complete 1212/2640 dataset=erdos_renyi perturbation=hub_modification alpha=0.5 seed=2 workflow=diversity_curves_shortest_path status=success
2026-06-09 05:51:20,890 INFO row_complete 1213/2640 dataset=erdos_renyi perturbation=hub_modification alpha=0.6 seed=2 workflow=structural_statistics_mmd status=success
2026-06-09 05:51:20,891 INFO row_complete 1214/2640 dataset=erdos_renyi perturbation=hub_modification alpha=0.6 seed=2 workflow=wl_subtree_kernel_mmd status=success
2026-06-09 05:51:20,892 INFO row_complete 1215/2640 dataset=erdos_renyi perturbation=hub_modification alpha=0.6 seed=2 workflow=netlsd_spectral_signatures status=success
2026-06-09 05:51:20,893 INFO row_complete 1216/2640 dataset=erdos_renyi perturbation=hub_modification alpha=0.6 seed=2 workflow=diversity_curves_shortest_path status=success
2026-06-09 05:52:54,667 INFO row_complete 1217/2640 dataset=erdos_renyi perturbation=hub_modification alpha=0.7 seed=2 workflow=structural_statistics_mmd status=success
2026-06-09 05:52:54,669 INFO row_complete 1218/2640 dataset=erdos_renyi perturbation=hub_modification alpha=0.7 seed=2 workflow=wl_subtree_kernel_mmd status=success
2026-06-09 05:52:54,670 INFO row_complete 1219/2640 dataset=erdos_renyi perturbation=hub_modification alpha=0.7 seed=2 workflow=netlsd_spectral_signatures status=success
2026-06-09 05:52:54,671 INFO row_complete 1220/2640 dataset=erdos_renyi perturbation=hub_modification alpha=0.7 seed=2 workflow=diversity_curves_shortest_path status=success
2026-06-09 05:54:28,418 INFO row_complete 1221/2640 dataset=erdos_renyi perturbation=hub_modification alpha=0.8 seed=2 workflow=structural_statistics_mmd status=success
2026-06-09 05:54:28,420 INFO row_complete 1222/2640 dataset=erdos_renyi perturbation=hub_modification alpha=0.8 seed=2 workflow=wl_subtree_kernel_mmd status=success
2026-06-09 05:54:28,421 INFO row_complete 1223/2640 dataset=erdos_renyi perturbation=hub_modification alpha=0.8 seed=2 workflow=netlsd_spectral_signatures status=success
2026-06-09 05:54:28,421 INFO row_complete 1224/2640 dataset=erdos_renyi perturbation=hub_modification alpha=0.8 seed=2 workflow=diversity_curves_shortest_path status=success
2026-06-09 05:56:01,993 INFO row_complete 1225/2640 dataset=erdos_renyi perturbation=hub_modification alpha=0.9 seed=2 workflow=structural_statistics_mmd status=success
2026-06-09 05:56:01,995 INFO row_complete 1226/2640 dataset=erdos_renyi perturbation=hub_modification alpha=0.9 seed=2 workflow=wl_subtree_kernel_mmd status=success
2026-06-09 05:56:01,996 INFO row_complete 1227/2640 dataset=erdos_renyi perturbation=hub_modification alpha=0.9 seed=2 workflow=netlsd_spectral_signatures status=success
2026-06-09 05:56:01,997 INFO row_complete 1228/2640 dataset=erdos_renyi perturbation=hub_modification alpha=0.9 seed=2 workflow=diversity_curves_shortest_path status=success
2026-06-09 05:57:35,624 INFO row_complete 1229/2640 dataset=erdos_renyi perturbation=hub_modification alpha=1.0 seed=2 workflow=structural_statistics_mmd status=success
2026-06-09 05:57:35,625 INFO row_complete 1230/2640 dataset=erdos_renyi perturbation=hub_modification alpha=1.0 seed=2 workflow=wl_subtree_kernel_mmd status=success
2026-06-09 05:57:35,626 INFO row_complete 1231/2640 dataset=erdos_renyi perturbation=hub_modification alpha=1.0 seed=2 workflow=netlsd_spectral_signatures status=success
2026-06-09 05:57:35,627 INFO row_complete 1232/2640 dataset=erdos_renyi perturbation=hub_modification alpha=1.0 seed=2 workflow=diversity_curves_shortest_path status=success
2026-06-09 05:59:06,325 INFO row_complete 1233/2640 dataset=stochastic_block_model perturbation=edge_addition_deletion alpha=0.0 seed=2 workflow=structural_statistics_mmd status=success
2026-06-09 05:59:06,328 INFO row_complete 1234/2640 dataset=stochastic_block_model perturbation=edge_addition_deletion alpha=0.0 seed=2 workflow=wl_subtree_kernel_mmd status=success
2026-06-09 05:59:06,329 INFO row_complete 1235/2640 dataset=stochastic_block_model perturbation=edge_addition_deletion alpha=0.0 seed=2 workflow=netlsd_spectral_signatures status=success
2026-06-09 05:59:06,330 INFO row_complete 1236/2640 dataset=stochastic_block_model perturbation=edge_addition_deletion alpha=0.0 seed=2 workflow=diversity_curves_shortest_path status=success
2026-06-09 06:00:36,999 INFO row_complete 1237/2640 dataset=stochastic_block_model perturbation=edge_addition_deletion alpha=0.1 seed=2 workflow=structural_statistics_mmd status=success
2026-06-09 06:00:37,000 INFO row_complete 1238/2640 dataset=stochastic_block_model perturbation=edge_addition_deletion alpha=0.1 seed=2 workflow=wl_subtree_kernel_mmd status=success
2026-06-09 06:00:37,001 INFO row_complete 1239/2640 dataset=stochastic_block_model perturbation=edge_addition_deletion alpha=0.1 seed=2 workflow=netlsd_spectral_signatures status=success
2026-06-09 06:00:37,002 INFO row_complete 1240/2640 dataset=stochastic_block_model perturbation=edge_addition_deletion alpha=0.1 seed=2 workflow=diversity_curves_shortest_path status=success
2026-06-09 06:02:07,556 INFO row_complete 1241/2640 dataset=stochastic_block_model perturbation=edge_addition_deletion alpha=0.2 seed=2 workflow=structural_statistics_mmd status=success
2026-06-09 06:02:07,558 INFO row_complete 1242/2640 dataset=stochastic_block_model perturbation=edge_addition_deletion alpha=0.2 seed=2 workflow=wl_subtree_kernel_mmd status=success
2026-06-09 06:02:07,561 INFO row_complete 1243/2640 dataset=stochastic_block_model perturbation=edge_addition_deletion alpha=0.2 seed=2 workflow=netlsd_spectral_signatures status=success
2026-06-09 06:02:07,563 INFO row_complete 1244/2640 dataset=stochastic_block_model perturbation=edge_addition_deletion alpha=0.2 seed=2 workflow=diversity_curves_shortest_path status=success
2026-06-09 06:03:38,228 INFO row_complete 1245/2640 dataset=stochastic_block_model perturbation=edge_addition_deletion alpha=0.3 seed=2 workflow=structural_statistics_mmd status=success
2026-06-09 06:03:38,229 INFO row_complete 1246/2640 dataset=stochastic_block_model perturbation=edge_addition_deletion alpha=0.3 seed=2 workflow=wl_subtree_kernel_mmd status=success
2026-06-09 06:03:38,231 INFO row_complete 1247/2640 dataset=stochastic_block_model perturbation=edge_addition_deletion alpha=0.3 seed=2 workflow=netlsd_spectral_signatures status=success
2026-06-09 06:03:38,232 INFO row_complete 1248/2640 dataset=stochastic_block_model perturbation=edge_addition_deletion alpha=0.3 seed=2 workflow=diversity_curves_shortest_path status=success
2026-06-09 06:05:09,010 INFO row_complete 1249/2640 dataset=stochastic_block_model perturbation=edge_addition_deletion alpha=0.4 seed=2 workflow=structural_statistics_mmd status=success
2026-06-09 06:05:09,011 INFO row_complete 1250/2640 dataset=stochastic_block_model perturbation=edge_addition_deletion alpha=0.4 seed=2 workflow=wl_subtree_kernel_mmd status=success
2026-06-09 06:05:09,012 INFO row_complete 1251/2640 dataset=stochastic_block_model perturbation=edge_addition_deletion alpha=0.4 seed=2 workflow=netlsd_spectral_signatures status=success
2026-06-09 06:05:09,013 INFO row_complete 1252/2640 dataset=stochastic_block_model perturbation=edge_addition_deletion alpha=0.4 seed=2 workflow=diversity_curves_shortest_path status=success
2026-06-09 06:06:39,861 INFO row_complete 1253/2640 dataset=stochastic_block_model perturbation=edge_addition_deletion alpha=0.5 seed=2 workflow=structural_statistics_mmd status=success
2026-06-09 06:06:39,863 INFO row_complete 1254/2640 dataset=stochastic_block_model perturbation=edge_addition_deletion alpha=0.5 seed=2 workflow=wl_subtree_kernel_mmd status=success
2026-06-09 06:06:39,864 INFO row_complete 1255/2640 dataset=stochastic_block_model perturbation=edge_addition_deletion alpha=0.5 seed=2 workflow=netlsd_spectral_signatures status=success
2026-06-09 06:06:39,865 INFO row_complete 1256/2640 dataset=stochastic_block_model perturbation=edge_addition_deletion alpha=0.5 seed=2 workflow=diversity_curves_shortest_path status=success
2026-06-09 06:08:12,145 INFO row_complete 1257/2640 dataset=stochastic_block_model perturbation=edge_addition_deletion alpha=0.6 seed=2 workflow=structural_statistics_mmd status=success
2026-06-09 06:08:12,147 INFO row_complete 1258/2640 dataset=stochastic_block_model perturbation=edge_addition_deletion alpha=0.6 seed=2 workflow=wl_subtree_kernel_mmd status=success
2026-06-09 06:08:12,148 INFO row_complete 1259/2640 dataset=stochastic_block_model perturbation=edge_addition_deletion alpha=0.6 seed=2 workflow=netlsd_spectral_signatures status=success
2026-06-09 06:08:12,149 INFO row_complete 1260/2640 dataset=stochastic_block_model perturbation=edge_addition_deletion alpha=0.6 seed=2 workflow=diversity_curves_shortest_path status=success
2026-06-09 06:09:42,665 INFO row_complete 1261/2640 dataset=stochastic_block_model perturbation=edge_addition_deletion alpha=0.7 seed=2 workflow=structural_statistics_mmd status=success
2026-06-09 06:09:42,666 INFO row_complete 1262/2640 dataset=stochastic_block_model perturbation=edge_addition_deletion alpha=0.7 seed=2 workflow=wl_subtree_kernel_mmd status=success
2026-06-09 06:09:42,667 INFO row_complete 1263/2640 dataset=stochastic_block_model perturbation=edge_addition_deletion alpha=0.7 seed=2 workflow=netlsd_spectral_signatures status=success
2026-06-09 06:09:42,668 INFO row_complete 1264/2640 dataset=stochastic_block_model perturbation=edge_addition_deletion alpha=0.7 seed=2 workflow=diversity_curves_shortest_path status=success
2026-06-09 06:11:13,403 INFO row_complete 1265/2640 dataset=stochastic_block_model perturbation=edge_addition_deletion alpha=0.8 seed=2 workflow=structural_statistics_mmd status=success
2026-06-09 06:11:13,404 INFO row_complete 1266/2640 dataset=stochastic_block_model perturbation=edge_addition_deletion alpha=0.8 seed=2 workflow=wl_subtree_kernel_mmd status=success
2026-06-09 06:11:13,412 INFO row_complete 1267/2640 dataset=stochastic_block_model perturbation=edge_addition_deletion alpha=0.8 seed=2 workflow=netlsd_spectral_signatures status=success
2026-06-09 06:11:13,413 INFO row_complete 1268/2640 dataset=stochastic_block_model perturbation=edge_addition_deletion alpha=0.8 seed=2 workflow=diversity_curves_shortest_path status=success
2026-06-09 06:12:44,244 INFO row_complete 1269/2640 dataset=stochastic_block_model perturbation=edge_addition_deletion alpha=0.9 seed=2 workflow=structural_statistics_mmd status=success
2026-06-09 06:12:44,246 INFO row_complete 1270/2640 dataset=stochastic_block_model perturbation=edge_addition_deletion alpha=0.9 seed=2 workflow=wl_subtree_kernel_mmd status=success
2026-06-09 06:12:44,247 INFO row_complete 1271/2640 dataset=stochastic_block_model perturbation=edge_addition_deletion alpha=0.9 seed=2 workflow=netlsd_spectral_signatures status=success
2026-06-09 06:12:44,248 INFO row_complete 1272/2640 dataset=stochastic_block_model perturbation=edge_addition_deletion alpha=0.9 seed=2 workflow=diversity_curves_shortest_path status=success
2026-06-09 06:14:14,793 INFO row_complete 1273/2640 dataset=stochastic_block_model perturbation=edge_addition_deletion alpha=1.0 seed=2 workflow=structural_statistics_mmd status=success
2026-06-09 06:14:14,794 INFO row_complete 1274/2640 dataset=stochastic_block_model perturbation=edge_addition_deletion alpha=1.0 seed=2 workflow=wl_subtree_kernel_mmd status=success
2026-06-09 06:14:14,795 INFO row_complete 1275/2640 dataset=stochastic_block_model perturbation=edge_addition_deletion alpha=1.0 seed=2 workflow=netlsd_spectral_signatures status=success
2026-06-09 06:14:14,796 INFO row_complete 1276/2640 dataset=stochastic_block_model perturbation=edge_addition_deletion alpha=1.0 seed=2 workflow=diversity_curves_shortest_path status=success
2026-06-09 06:15:45,479 INFO row_complete 1277/2640 dataset=stochastic_block_model perturbation=triangle_injection_removal alpha=0.0 seed=2 workflow=structural_statistics_mmd status=success
2026-06-09 06:15:45,481 INFO row_complete 1278/2640 dataset=stochastic_block_model perturbation=triangle_injection_removal alpha=0.0 seed=2 workflow=wl_subtree_kernel_mmd status=success
2026-06-09 06:15:45,482 INFO row_complete 1279/2640 dataset=stochastic_block_model perturbation=triangle_injection_removal alpha=0.0 seed=2 workflow=netlsd_spectral_signatures status=success
2026-06-09 06:15:45,483 INFO row_complete 1280/2640 dataset=stochastic_block_model perturbation=triangle_injection_removal alpha=0.0 seed=2 workflow=diversity_curves_shortest_path status=success
2026-06-09 06:17:16,348 INFO row_complete 1281/2640 dataset=stochastic_block_model perturbation=triangle_injection_removal alpha=0.1 seed=2 workflow=structural_statistics_mmd status=success
2026-06-09 06:17:16,350 INFO row_complete 1282/2640 dataset=stochastic_block_model perturbation=triangle_injection_removal alpha=0.1 seed=2 workflow=wl_subtree_kernel_mmd status=success
2026-06-09 06:17:16,351 INFO row_complete 1283/2640 dataset=stochastic_block_model perturbation=triangle_injection_removal alpha=0.1 seed=2 workflow=netlsd_spectral_signatures status=success
2026-06-09 06:17:16,352 INFO row_complete 1284/2640 dataset=stochastic_block_model perturbation=triangle_injection_removal alpha=0.1 seed=2 workflow=diversity_curves_shortest_path status=success
2026-06-09 06:18:47,242 INFO row_complete 1285/2640 dataset=stochastic_block_model perturbation=triangle_injection_removal alpha=0.2 seed=2 workflow=structural_statistics_mmd status=success
2026-06-09 06:18:47,243 INFO row_complete 1286/2640 dataset=stochastic_block_model perturbation=triangle_injection_removal alpha=0.2 seed=2 workflow=wl_subtree_kernel_mmd status=success
2026-06-09 06:18:47,245 INFO row_complete 1287/2640 dataset=stochastic_block_model perturbation=triangle_injection_removal alpha=0.2 seed=2 workflow=netlsd_spectral_signatures status=success
2026-06-09 06:18:47,246 INFO row_complete 1288/2640 dataset=stochastic_block_model perturbation=triangle_injection_removal alpha=0.2 seed=2 workflow=diversity_curves_shortest_path status=success
2026-06-09 06:20:18,048 INFO row_complete 1289/2640 dataset=stochastic_block_model perturbation=triangle_injection_removal alpha=0.3 seed=2 workflow=structural_statistics_mmd status=success
2026-06-09 06:20:18,049 INFO row_complete 1290/2640 dataset=stochastic_block_model perturbation=triangle_injection_removal alpha=0.3 seed=2 workflow=wl_subtree_kernel_mmd status=success
2026-06-09 06:20:18,050 INFO row_complete 1291/2640 dataset=stochastic_block_model perturbation=triangle_injection_removal alpha=0.3 seed=2 workflow=netlsd_spectral_signatures status=success
2026-06-09 06:20:18,051 INFO row_complete 1292/2640 dataset=stochastic_block_model perturbation=triangle_injection_removal alpha=0.3 seed=2 workflow=diversity_curves_shortest_path status=success
2026-06-09 06:21:48,874 INFO row_complete 1293/2640 dataset=stochastic_block_model perturbation=triangle_injection_removal alpha=0.4 seed=2 workflow=structural_statistics_mmd status=success
2026-06-09 06:21:48,875 INFO row_complete 1294/2640 dataset=stochastic_block_model perturbation=triangle_injection_removal alpha=0.4 seed=2 workflow=wl_subtree_kernel_mmd status=success
2026-06-09 06:21:48,876 INFO row_complete 1295/2640 dataset=stochastic_block_model perturbation=triangle_injection_removal alpha=0.4 seed=2 workflow=netlsd_spectral_signatures status=success
2026-06-09 06:21:48,877 INFO row_complete 1296/2640 dataset=stochastic_block_model perturbation=triangle_injection_removal alpha=0.4 seed=2 workflow=diversity_curves_shortest_path status=success
2026-06-09 06:23:19,407 INFO row_complete 1297/2640 dataset=stochastic_block_model perturbation=triangle_injection_removal alpha=0.5 seed=2 workflow=structural_statistics_mmd status=success
2026-06-09 06:23:19,408 INFO row_complete 1298/2640 dataset=stochastic_block_model perturbation=triangle_injection_removal alpha=0.5 seed=2 workflow=wl_subtree_kernel_mmd status=success
2026-06-09 06:23:19,409 INFO row_complete 1299/2640 dataset=stochastic_block_model perturbation=triangle_injection_removal alpha=0.5 seed=2 workflow=netlsd_spectral_signatures status=success
2026-06-09 06:23:19,410 INFO row_complete 1300/2640 dataset=stochastic_block_model perturbation=triangle_injection_removal alpha=0.5 seed=2 workflow=diversity_curves_shortest_path status=success
2026-06-09 06:24:49,941 INFO row_complete 1301/2640 dataset=stochastic_block_model perturbation=triangle_injection_removal alpha=0.6 seed=2 workflow=structural_statistics_mmd status=success
2026-06-09 06:24:49,942 INFO row_complete 1302/2640 dataset=stochastic_block_model perturbation=triangle_injection_removal alpha=0.6 seed=2 workflow=wl_subtree_kernel_mmd status=success
2026-06-09 06:24:49,943 INFO row_complete 1303/2640 dataset=stochastic_block_model perturbation=triangle_injection_removal alpha=0.6 seed=2 workflow=netlsd_spectral_signatures status=success
2026-06-09 06:24:49,944 INFO row_complete 1304/2640 dataset=stochastic_block_model perturbation=triangle_injection_removal alpha=0.6 seed=2 workflow=diversity_curves_shortest_path status=success
2026-06-09 06:26:20,448 INFO row_complete 1305/2640 dataset=stochastic_block_model perturbation=triangle_injection_removal alpha=0.7 seed=2 workflow=structural_statistics_mmd status=success
2026-06-09 06:26:20,449 INFO row_complete 1306/2640 dataset=stochastic_block_model perturbation=triangle_injection_removal alpha=0.7 seed=2 workflow=wl_subtree_kernel_mmd status=success
2026-06-09 06:26:20,450 INFO row_complete 1307/2640 dataset=stochastic_block_model perturbation=triangle_injection_removal alpha=0.7 seed=2 workflow=netlsd_spectral_signatures status=success
2026-06-09 06:26:20,451 INFO row_complete 1308/2640 dataset=stochastic_block_model perturbation=triangle_injection_removal alpha=0.7 seed=2 workflow=diversity_curves_shortest_path status=success
2026-06-09 06:27:51,477 INFO row_complete 1309/2640 dataset=stochastic_block_model perturbation=triangle_injection_removal alpha=0.8 seed=2 workflow=structural_statistics_mmd status=success
2026-06-09 06:27:51,478 INFO row_complete 1310/2640 dataset=stochastic_block_model perturbation=triangle_injection_removal alpha=0.8 seed=2 workflow=wl_subtree_kernel_mmd status=success
2026-06-09 06:27:51,480 INFO row_complete 1311/2640 dataset=stochastic_block_model perturbation=triangle_injection_removal alpha=0.8 seed=2 workflow=netlsd_spectral_signatures status=success
2026-06-09 06:27:51,481 INFO row_complete 1312/2640 dataset=stochastic_block_model perturbation=triangle_injection_removal alpha=0.8 seed=2 workflow=diversity_curves_shortest_path status=success
2026-06-09 06:29:22,500 INFO row_complete 1313/2640 dataset=stochastic_block_model perturbation=triangle_injection_removal alpha=0.9 seed=2 workflow=structural_statistics_mmd status=success
2026-06-09 06:29:22,501 INFO row_complete 1314/2640 dataset=stochastic_block_model perturbation=triangle_injection_removal alpha=0.9 seed=2 workflow=wl_subtree_kernel_mmd status=success
2026-06-09 06:29:22,502 INFO row_complete 1315/2640 dataset=stochastic_block_model perturbation=triangle_injection_removal alpha=0.9 seed=2 workflow=netlsd_spectral_signatures status=success
2026-06-09 06:29:22,503 INFO row_complete 1316/2640 dataset=stochastic_block_model perturbation=triangle_injection_removal alpha=0.9 seed=2 workflow=diversity_curves_shortest_path status=success
2026-06-09 06:30:53,479 INFO row_complete 1317/2640 dataset=stochastic_block_model perturbation=triangle_injection_removal alpha=1.0 seed=2 workflow=structural_statistics_mmd status=success
2026-06-09 06:30:53,480 INFO row_complete 1318/2640 dataset=stochastic_block_model perturbation=triangle_injection_removal alpha=1.0 seed=2 workflow=wl_subtree_kernel_mmd status=success
2026-06-09 06:30:53,481 INFO row_complete 1319/2640 dataset=stochastic_block_model perturbation=triangle_injection_removal alpha=1.0 seed=2 workflow=netlsd_spectral_signatures status=success
2026-06-09 06:30:53,482 INFO row_complete 1320/2640 dataset=stochastic_block_model perturbation=triangle_injection_removal alpha=1.0 seed=2 workflow=diversity_curves_shortest_path status=success
2026-06-09 06:32:24,059 INFO row_complete 1321/2640 dataset=stochastic_block_model perturbation=community_weakening alpha=0.0 seed=2 workflow=structural_statistics_mmd status=success
2026-06-09 06:32:24,060 INFO row_complete 1322/2640 dataset=stochastic_block_model perturbation=community_weakening alpha=0.0 seed=2 workflow=wl_subtree_kernel_mmd status=success
2026-06-09 06:32:24,061 INFO row_complete 1323/2640 dataset=stochastic_block_model perturbation=community_weakening alpha=0.0 seed=2 workflow=netlsd_spectral_signatures status=success
2026-06-09 06:32:24,062 INFO row_complete 1324/2640 dataset=stochastic_block_model perturbation=community_weakening alpha=0.0 seed=2 workflow=diversity_curves_shortest_path status=success
2026-06-09 06:33:55,025 INFO row_complete 1325/2640 dataset=stochastic_block_model perturbation=community_weakening alpha=0.1 seed=2 workflow=structural_statistics_mmd status=success
2026-06-09 06:33:55,027 INFO row_complete 1326/2640 dataset=stochastic_block_model perturbation=community_weakening alpha=0.1 seed=2 workflow=wl_subtree_kernel_mmd status=success
2026-06-09 06:33:55,029 INFO row_complete 1327/2640 dataset=stochastic_block_model perturbation=community_weakening alpha=0.1 seed=2 workflow=netlsd_spectral_signatures status=success
2026-06-09 06:33:55,030 INFO row_complete 1328/2640 dataset=stochastic_block_model perturbation=community_weakening alpha=0.1 seed=2 workflow=diversity_curves_shortest_path status=success
2026-06-09 06:35:25,644 INFO row_complete 1329/2640 dataset=stochastic_block_model perturbation=community_weakening alpha=0.2 seed=2 workflow=structural_statistics_mmd status=success
2026-06-09 06:35:25,646 INFO row_complete 1330/2640 dataset=stochastic_block_model perturbation=community_weakening alpha=0.2 seed=2 workflow=wl_subtree_kernel_mmd status=success
2026-06-09 06:35:25,647 INFO row_complete 1331/2640 dataset=stochastic_block_model perturbation=community_weakening alpha=0.2 seed=2 workflow=netlsd_spectral_signatures status=success
2026-06-09 06:35:25,648 INFO row_complete 1332/2640 dataset=stochastic_block_model perturbation=community_weakening alpha=0.2 seed=2 workflow=diversity_curves_shortest_path status=success
2026-06-09 06:36:55,988 INFO row_complete 1333/2640 dataset=stochastic_block_model perturbation=community_weakening alpha=0.3 seed=2 workflow=structural_statistics_mmd status=success
2026-06-09 06:36:55,989 INFO row_complete 1334/2640 dataset=stochastic_block_model perturbation=community_weakening alpha=0.3 seed=2 workflow=wl_subtree_kernel_mmd status=success
2026-06-09 06:36:55,991 INFO row_complete 1335/2640 dataset=stochastic_block_model perturbation=community_weakening alpha=0.3 seed=2 workflow=netlsd_spectral_signatures status=success
2026-06-09 06:36:55,991 INFO row_complete 1336/2640 dataset=stochastic_block_model perturbation=community_weakening alpha=0.3 seed=2 workflow=diversity_curves_shortest_path status=success
2026-06-09 06:38:26,863 INFO row_complete 1337/2640 dataset=stochastic_block_model perturbation=community_weakening alpha=0.4 seed=2 workflow=structural_statistics_mmd status=success
2026-06-09 06:38:26,864 INFO row_complete 1338/2640 dataset=stochastic_block_model perturbation=community_weakening alpha=0.4 seed=2 workflow=wl_subtree_kernel_mmd status=success
2026-06-09 06:38:26,865 INFO row_complete 1339/2640 dataset=stochastic_block_model perturbation=community_weakening alpha=0.4 seed=2 workflow=netlsd_spectral_signatures status=success
2026-06-09 06:38:26,866 INFO row_complete 1340/2640 dataset=stochastic_block_model perturbation=community_weakening alpha=0.4 seed=2 workflow=diversity_curves_shortest_path status=success
2026-06-09 06:39:57,385 INFO row_complete 1341/2640 dataset=stochastic_block_model perturbation=community_weakening alpha=0.5 seed=2 workflow=structural_statistics_mmd status=success
2026-06-09 06:39:57,387 INFO row_complete 1342/2640 dataset=stochastic_block_model perturbation=community_weakening alpha=0.5 seed=2 workflow=wl_subtree_kernel_mmd status=success
2026-06-09 06:39:57,389 INFO row_complete 1343/2640 dataset=stochastic_block_model perturbation=community_weakening alpha=0.5 seed=2 workflow=netlsd_spectral_signatures status=success
2026-06-09 06:39:57,390 INFO row_complete 1344/2640 dataset=stochastic_block_model perturbation=community_weakening alpha=0.5 seed=2 workflow=diversity_curves_shortest_path status=success
2026-06-09 06:41:28,122 INFO row_complete 1345/2640 dataset=stochastic_block_model perturbation=community_weakening alpha=0.6 seed=2 workflow=structural_statistics_mmd status=success
2026-06-09 06:41:28,125 INFO row_complete 1346/2640 dataset=stochastic_block_model perturbation=community_weakening alpha=0.6 seed=2 workflow=wl_subtree_kernel_mmd status=success
2026-06-09 06:41:28,127 INFO row_complete 1347/2640 dataset=stochastic_block_model perturbation=community_weakening alpha=0.6 seed=2 workflow=netlsd_spectral_signatures status=success
2026-06-09 06:41:28,129 INFO row_complete 1348/2640 dataset=stochastic_block_model perturbation=community_weakening alpha=0.6 seed=2 workflow=diversity_curves_shortest_path status=success
2026-06-09 06:42:58,671 INFO row_complete 1349/2640 dataset=stochastic_block_model perturbation=community_weakening alpha=0.7 seed=2 workflow=structural_statistics_mmd status=success
2026-06-09 06:42:58,674 INFO row_complete 1350/2640 dataset=stochastic_block_model perturbation=community_weakening alpha=0.7 seed=2 workflow=wl_subtree_kernel_mmd status=success
2026-06-09 06:42:58,677 INFO row_complete 1351/2640 dataset=stochastic_block_model perturbation=community_weakening alpha=0.7 seed=2 workflow=netlsd_spectral_signatures status=success
2026-06-09 06:42:58,679 INFO row_complete 1352/2640 dataset=stochastic_block_model perturbation=community_weakening alpha=0.7 seed=2 workflow=diversity_curves_shortest_path status=success
2026-06-09 06:44:29,342 INFO row_complete 1353/2640 dataset=stochastic_block_model perturbation=community_weakening alpha=0.8 seed=2 workflow=structural_statistics_mmd status=success
2026-06-09 06:44:29,343 INFO row_complete 1354/2640 dataset=stochastic_block_model perturbation=community_weakening alpha=0.8 seed=2 workflow=wl_subtree_kernel_mmd status=success
2026-06-09 06:44:29,344 INFO row_complete 1355/2640 dataset=stochastic_block_model perturbation=community_weakening alpha=0.8 seed=2 workflow=netlsd_spectral_signatures status=success
2026-06-09 06:44:29,345 INFO row_complete 1356/2640 dataset=stochastic_block_model perturbation=community_weakening alpha=0.8 seed=2 workflow=diversity_curves_shortest_path status=success
2026-06-09 06:45:59,962 INFO row_complete 1357/2640 dataset=stochastic_block_model perturbation=community_weakening alpha=0.9 seed=2 workflow=structural_statistics_mmd status=success
2026-06-09 06:45:59,965 INFO row_complete 1358/2640 dataset=stochastic_block_model perturbation=community_weakening alpha=0.9 seed=2 workflow=wl_subtree_kernel_mmd status=success
2026-06-09 06:45:59,967 INFO row_complete 1359/2640 dataset=stochastic_block_model perturbation=community_weakening alpha=0.9 seed=2 workflow=netlsd_spectral_signatures status=success
2026-06-09 06:45:59,968 INFO row_complete 1360/2640 dataset=stochastic_block_model perturbation=community_weakening alpha=0.9 seed=2 workflow=diversity_curves_shortest_path status=success
2026-06-09 06:47:30,947 INFO row_complete 1361/2640 dataset=stochastic_block_model perturbation=community_weakening alpha=1.0 seed=2 workflow=structural_statistics_mmd status=success
2026-06-09 06:47:30,949 INFO row_complete 1362/2640 dataset=stochastic_block_model perturbation=community_weakening alpha=1.0 seed=2 workflow=wl_subtree_kernel_mmd status=success
2026-06-09 06:47:30,952 INFO row_complete 1363/2640 dataset=stochastic_block_model perturbation=community_weakening alpha=1.0 seed=2 workflow=netlsd_spectral_signatures status=success
2026-06-09 06:47:30,954 INFO row_complete 1364/2640 dataset=stochastic_block_model perturbation=community_weakening alpha=1.0 seed=2 workflow=diversity_curves_shortest_path status=success
2026-06-09 06:49:01,525 INFO row_complete 1365/2640 dataset=stochastic_block_model perturbation=hub_modification alpha=0.0 seed=2 workflow=structural_statistics_mmd status=success
2026-06-09 06:49:01,527 INFO row_complete 1366/2640 dataset=stochastic_block_model perturbation=hub_modification alpha=0.0 seed=2 workflow=wl_subtree_kernel_mmd status=success
2026-06-09 06:49:01,527 INFO row_complete 1367/2640 dataset=stochastic_block_model perturbation=hub_modification alpha=0.0 seed=2 workflow=netlsd_spectral_signatures status=success
2026-06-09 06:49:01,528 INFO row_complete 1368/2640 dataset=stochastic_block_model perturbation=hub_modification alpha=0.0 seed=2 workflow=diversity_curves_shortest_path status=success
2026-06-09 06:50:32,199 INFO row_complete 1369/2640 dataset=stochastic_block_model perturbation=hub_modification alpha=0.1 seed=2 workflow=structural_statistics_mmd status=success
2026-06-09 06:50:32,200 INFO row_complete 1370/2640 dataset=stochastic_block_model perturbation=hub_modification alpha=0.1 seed=2 workflow=wl_subtree_kernel_mmd status=success
2026-06-09 06:50:32,202 INFO row_complete 1371/2640 dataset=stochastic_block_model perturbation=hub_modification alpha=0.1 seed=2 workflow=netlsd_spectral_signatures status=success
2026-06-09 06:50:32,203 INFO row_complete 1372/2640 dataset=stochastic_block_model perturbation=hub_modification alpha=0.1 seed=2 workflow=diversity_curves_shortest_path status=success
2026-06-09 06:52:02,764 INFO row_complete 1373/2640 dataset=stochastic_block_model perturbation=hub_modification alpha=0.2 seed=2 workflow=structural_statistics_mmd status=success
2026-06-09 06:52:02,766 INFO row_complete 1374/2640 dataset=stochastic_block_model perturbation=hub_modification alpha=0.2 seed=2 workflow=wl_subtree_kernel_mmd status=success
2026-06-09 06:52:02,767 INFO row_complete 1375/2640 dataset=stochastic_block_model perturbation=hub_modification alpha=0.2 seed=2 workflow=netlsd_spectral_signatures status=success
2026-06-09 06:52:02,768 INFO row_complete 1376/2640 dataset=stochastic_block_model perturbation=hub_modification alpha=0.2 seed=2 workflow=diversity_curves_shortest_path status=success
2026-06-09 06:53:33,459 INFO row_complete 1377/2640 dataset=stochastic_block_model perturbation=hub_modification alpha=0.3 seed=2 workflow=structural_statistics_mmd status=success
2026-06-09 06:53:33,460 INFO row_complete 1378/2640 dataset=stochastic_block_model perturbation=hub_modification alpha=0.3 seed=2 workflow=wl_subtree_kernel_mmd status=success
2026-06-09 06:53:33,461 INFO row_complete 1379/2640 dataset=stochastic_block_model perturbation=hub_modification alpha=0.3 seed=2 workflow=netlsd_spectral_signatures status=success
2026-06-09 06:53:33,462 INFO row_complete 1380/2640 dataset=stochastic_block_model perturbation=hub_modification alpha=0.3 seed=2 workflow=diversity_curves_shortest_path status=success
2026-06-09 06:55:04,067 INFO row_complete 1381/2640 dataset=stochastic_block_model perturbation=hub_modification alpha=0.4 seed=2 workflow=structural_statistics_mmd status=success
2026-06-09 06:55:04,069 INFO row_complete 1382/2640 dataset=stochastic_block_model perturbation=hub_modification alpha=0.4 seed=2 workflow=wl_subtree_kernel_mmd status=success
2026-06-09 06:55:04,070 INFO row_complete 1383/2640 dataset=stochastic_block_model perturbation=hub_modification alpha=0.4 seed=2 workflow=netlsd_spectral_signatures status=success
2026-06-09 06:55:04,071 INFO row_complete 1384/2640 dataset=stochastic_block_model perturbation=hub_modification alpha=0.4 seed=2 workflow=diversity_curves_shortest_path status=success
2026-06-09 06:56:34,733 INFO row_complete 1385/2640 dataset=stochastic_block_model perturbation=hub_modification alpha=0.5 seed=2 workflow=structural_statistics_mmd status=success
2026-06-09 06:56:34,734 INFO row_complete 1386/2640 dataset=stochastic_block_model perturbation=hub_modification alpha=0.5 seed=2 workflow=wl_subtree_kernel_mmd status=success
2026-06-09 06:56:34,735 INFO row_complete 1387/2640 dataset=stochastic_block_model perturbation=hub_modification alpha=0.5 seed=2 workflow=netlsd_spectral_signatures status=success
2026-06-09 06:56:34,736 INFO row_complete 1388/2640 dataset=stochastic_block_model perturbation=hub_modification alpha=0.5 seed=2 workflow=diversity_curves_shortest_path status=success
2026-06-09 06:58:06,209 INFO row_complete 1389/2640 dataset=stochastic_block_model perturbation=hub_modification alpha=0.6 seed=2 workflow=structural_statistics_mmd status=success
2026-06-09 06:58:06,211 INFO row_complete 1390/2640 dataset=stochastic_block_model perturbation=hub_modification alpha=0.6 seed=2 workflow=wl_subtree_kernel_mmd status=success
2026-06-09 06:58:06,212 INFO row_complete 1391/2640 dataset=stochastic_block_model perturbation=hub_modification alpha=0.6 seed=2 workflow=netlsd_spectral_signatures status=success
2026-06-09 06:58:06,213 INFO row_complete 1392/2640 dataset=stochastic_block_model perturbation=hub_modification alpha=0.6 seed=2 workflow=diversity_curves_shortest_path status=success
2026-06-09 06:59:36,568 INFO row_complete 1393/2640 dataset=stochastic_block_model perturbation=hub_modification alpha=0.7 seed=2 workflow=structural_statistics_mmd status=success
2026-06-09 06:59:36,569 INFO row_complete 1394/2640 dataset=stochastic_block_model perturbation=hub_modification alpha=0.7 seed=2 workflow=wl_subtree_kernel_mmd status=success
2026-06-09 06:59:36,570 INFO row_complete 1395/2640 dataset=stochastic_block_model perturbation=hub_modification alpha=0.7 seed=2 workflow=netlsd_spectral_signatures status=success
2026-06-09 06:59:36,570 INFO row_complete 1396/2640 dataset=stochastic_block_model perturbation=hub_modification alpha=0.7 seed=2 workflow=diversity_curves_shortest_path status=success
2026-06-09 07:01:06,888 INFO row_complete 1397/2640 dataset=stochastic_block_model perturbation=hub_modification alpha=0.8 seed=2 workflow=structural_statistics_mmd status=success
2026-06-09 07:01:06,889 INFO row_complete 1398/2640 dataset=stochastic_block_model perturbation=hub_modification alpha=0.8 seed=2 workflow=wl_subtree_kernel_mmd status=success
2026-06-09 07:01:06,890 INFO row_complete 1399/2640 dataset=stochastic_block_model perturbation=hub_modification alpha=0.8 seed=2 workflow=netlsd_spectral_signatures status=success
2026-06-09 07:01:06,891 INFO row_complete 1400/2640 dataset=stochastic_block_model perturbation=hub_modification alpha=0.8 seed=2 workflow=diversity_curves_shortest_path status=success
2026-06-09 07:02:37,410 INFO row_complete 1401/2640 dataset=stochastic_block_model perturbation=hub_modification alpha=0.9 seed=2 workflow=structural_statistics_mmd status=success
2026-06-09 07:02:37,411 INFO row_complete 1402/2640 dataset=stochastic_block_model perturbation=hub_modification alpha=0.9 seed=2 workflow=wl_subtree_kernel_mmd status=success
2026-06-09 07:02:37,413 INFO row_complete 1403/2640 dataset=stochastic_block_model perturbation=hub_modification alpha=0.9 seed=2 workflow=netlsd_spectral_signatures status=success
2026-06-09 07:02:37,414 INFO row_complete 1404/2640 dataset=stochastic_block_model perturbation=hub_modification alpha=0.9 seed=2 workflow=diversity_curves_shortest_path status=success
2026-06-09 07:04:08,000 INFO row_complete 1405/2640 dataset=stochastic_block_model perturbation=hub_modification alpha=1.0 seed=2 workflow=structural_statistics_mmd status=success
2026-06-09 07:04:08,003 INFO row_complete 1406/2640 dataset=stochastic_block_model perturbation=hub_modification alpha=1.0 seed=2 workflow=wl_subtree_kernel_mmd status=success
2026-06-09 07:04:08,005 INFO row_complete 1407/2640 dataset=stochastic_block_model perturbation=hub_modification alpha=1.0 seed=2 workflow=netlsd_spectral_signatures status=success
2026-06-09 07:04:08,007 INFO row_complete 1408/2640 dataset=stochastic_block_model perturbation=hub_modification alpha=1.0 seed=2 workflow=diversity_curves_shortest_path status=success
2026-06-09 07:05:35,868 INFO row_complete 1409/2640 dataset=barabasi_albert perturbation=edge_addition_deletion alpha=0.0 seed=2 workflow=structural_statistics_mmd status=success
2026-06-09 07:05:35,869 INFO row_complete 1410/2640 dataset=barabasi_albert perturbation=edge_addition_deletion alpha=0.0 seed=2 workflow=wl_subtree_kernel_mmd status=success
2026-06-09 07:05:35,870 INFO row_complete 1411/2640 dataset=barabasi_albert perturbation=edge_addition_deletion alpha=0.0 seed=2 workflow=netlsd_spectral_signatures status=success
2026-06-09 07:05:35,870 INFO row_complete 1412/2640 dataset=barabasi_albert perturbation=edge_addition_deletion alpha=0.0 seed=2 workflow=diversity_curves_shortest_path status=success
2026-06-09 07:07:04,099 INFO row_complete 1413/2640 dataset=barabasi_albert perturbation=edge_addition_deletion alpha=0.1 seed=2 workflow=structural_statistics_mmd status=success
2026-06-09 07:07:04,101 INFO row_complete 1414/2640 dataset=barabasi_albert perturbation=edge_addition_deletion alpha=0.1 seed=2 workflow=wl_subtree_kernel_mmd status=success
2026-06-09 07:07:04,104 INFO row_complete 1415/2640 dataset=barabasi_albert perturbation=edge_addition_deletion alpha=0.1 seed=2 workflow=netlsd_spectral_signatures status=success
2026-06-09 07:07:04,106 INFO row_complete 1416/2640 dataset=barabasi_albert perturbation=edge_addition_deletion alpha=0.1 seed=2 workflow=diversity_curves_shortest_path status=success
2026-06-09 07:08:32,253 INFO row_complete 1417/2640 dataset=barabasi_albert perturbation=edge_addition_deletion alpha=0.2 seed=2 workflow=structural_statistics_mmd status=success
2026-06-09 07:08:32,254 INFO row_complete 1418/2640 dataset=barabasi_albert perturbation=edge_addition_deletion alpha=0.2 seed=2 workflow=wl_subtree_kernel_mmd status=success
2026-06-09 07:08:32,255 INFO row_complete 1419/2640 dataset=barabasi_albert perturbation=edge_addition_deletion alpha=0.2 seed=2 workflow=netlsd_spectral_signatures status=success
2026-06-09 07:08:32,256 INFO row_complete 1420/2640 dataset=barabasi_albert perturbation=edge_addition_deletion alpha=0.2 seed=2 workflow=diversity_curves_shortest_path status=success
2026-06-09 07:10:00,333 INFO row_complete 1421/2640 dataset=barabasi_albert perturbation=edge_addition_deletion alpha=0.3 seed=2 workflow=structural_statistics_mmd status=success
2026-06-09 07:10:00,334 INFO row_complete 1422/2640 dataset=barabasi_albert perturbation=edge_addition_deletion alpha=0.3 seed=2 workflow=wl_subtree_kernel_mmd status=success
2026-06-09 07:10:00,335 INFO row_complete 1423/2640 dataset=barabasi_albert perturbation=edge_addition_deletion alpha=0.3 seed=2 workflow=netlsd_spectral_signatures status=success
2026-06-09 07:10:00,336 INFO row_complete 1424/2640 dataset=barabasi_albert perturbation=edge_addition_deletion alpha=0.3 seed=2 workflow=diversity_curves_shortest_path status=success
2026-06-09 07:11:28,139 INFO row_complete 1425/2640 dataset=barabasi_albert perturbation=edge_addition_deletion alpha=0.4 seed=2 workflow=structural_statistics_mmd status=success
2026-06-09 07:11:28,140 INFO row_complete 1426/2640 dataset=barabasi_albert perturbation=edge_addition_deletion alpha=0.4 seed=2 workflow=wl_subtree_kernel_mmd status=success
2026-06-09 07:11:28,141 INFO row_complete 1427/2640 dataset=barabasi_albert perturbation=edge_addition_deletion alpha=0.4 seed=2 workflow=netlsd_spectral_signatures status=success
2026-06-09 07:11:28,142 INFO row_complete 1428/2640 dataset=barabasi_albert perturbation=edge_addition_deletion alpha=0.4 seed=2 workflow=diversity_curves_shortest_path status=success
2026-06-09 07:12:56,468 INFO row_complete 1429/2640 dataset=barabasi_albert perturbation=edge_addition_deletion alpha=0.5 seed=2 workflow=structural_statistics_mmd status=success
2026-06-09 07:12:56,470 INFO row_complete 1430/2640 dataset=barabasi_albert perturbation=edge_addition_deletion alpha=0.5 seed=2 workflow=wl_subtree_kernel_mmd status=success
2026-06-09 07:12:56,472 INFO row_complete 1431/2640 dataset=barabasi_albert perturbation=edge_addition_deletion alpha=0.5 seed=2 workflow=netlsd_spectral_signatures status=success
2026-06-09 07:12:56,474 INFO row_complete 1432/2640 dataset=barabasi_albert perturbation=edge_addition_deletion alpha=0.5 seed=2 workflow=diversity_curves_shortest_path status=success
2026-06-09 07:14:24,760 INFO row_complete 1433/2640 dataset=barabasi_albert perturbation=edge_addition_deletion alpha=0.6 seed=2 workflow=structural_statistics_mmd status=success
2026-06-09 07:14:24,761 INFO row_complete 1434/2640 dataset=barabasi_albert perturbation=edge_addition_deletion alpha=0.6 seed=2 workflow=wl_subtree_kernel_mmd status=success
2026-06-09 07:14:24,762 INFO row_complete 1435/2640 dataset=barabasi_albert perturbation=edge_addition_deletion alpha=0.6 seed=2 workflow=netlsd_spectral_signatures status=success
2026-06-09 07:14:24,763 INFO row_complete 1436/2640 dataset=barabasi_albert perturbation=edge_addition_deletion alpha=0.6 seed=2 workflow=diversity_curves_shortest_path status=success
2026-06-09 07:15:52,675 INFO row_complete 1437/2640 dataset=barabasi_albert perturbation=edge_addition_deletion alpha=0.7 seed=2 workflow=structural_statistics_mmd status=success
2026-06-09 07:15:52,677 INFO row_complete 1438/2640 dataset=barabasi_albert perturbation=edge_addition_deletion alpha=0.7 seed=2 workflow=wl_subtree_kernel_mmd status=success
2026-06-09 07:15:52,678 INFO row_complete 1439/2640 dataset=barabasi_albert perturbation=edge_addition_deletion alpha=0.7 seed=2 workflow=netlsd_spectral_signatures status=success
2026-06-09 07:15:52,679 INFO row_complete 1440/2640 dataset=barabasi_albert perturbation=edge_addition_deletion alpha=0.7 seed=2 workflow=diversity_curves_shortest_path status=success
2026-06-09 07:17:20,745 INFO row_complete 1441/2640 dataset=barabasi_albert perturbation=edge_addition_deletion alpha=0.8 seed=2 workflow=structural_statistics_mmd status=success
2026-06-09 07:17:20,747 INFO row_complete 1442/2640 dataset=barabasi_albert perturbation=edge_addition_deletion alpha=0.8 seed=2 workflow=wl_subtree_kernel_mmd status=success
2026-06-09 07:17:20,748 INFO row_complete 1443/2640 dataset=barabasi_albert perturbation=edge_addition_deletion alpha=0.8 seed=2 workflow=netlsd_spectral_signatures status=success
2026-06-09 07:17:20,749 INFO row_complete 1444/2640 dataset=barabasi_albert perturbation=edge_addition_deletion alpha=0.8 seed=2 workflow=diversity_curves_shortest_path status=success
2026-06-09 07:18:48,761 INFO row_complete 1445/2640 dataset=barabasi_albert perturbation=edge_addition_deletion alpha=0.9 seed=2 workflow=structural_statistics_mmd status=success
2026-06-09 07:18:48,762 INFO row_complete 1446/2640 dataset=barabasi_albert perturbation=edge_addition_deletion alpha=0.9 seed=2 workflow=wl_subtree_kernel_mmd status=success
2026-06-09 07:18:48,763 INFO row_complete 1447/2640 dataset=barabasi_albert perturbation=edge_addition_deletion alpha=0.9 seed=2 workflow=netlsd_spectral_signatures status=success
2026-06-09 07:18:48,764 INFO row_complete 1448/2640 dataset=barabasi_albert perturbation=edge_addition_deletion alpha=0.9 seed=2 workflow=diversity_curves_shortest_path status=success
2026-06-09 07:20:16,760 INFO row_complete 1449/2640 dataset=barabasi_albert perturbation=edge_addition_deletion alpha=1.0 seed=2 workflow=structural_statistics_mmd status=success
2026-06-09 07:20:16,762 INFO row_complete 1450/2640 dataset=barabasi_albert perturbation=edge_addition_deletion alpha=1.0 seed=2 workflow=wl_subtree_kernel_mmd status=success
2026-06-09 07:20:16,763 INFO row_complete 1451/2640 dataset=barabasi_albert perturbation=edge_addition_deletion alpha=1.0 seed=2 workflow=netlsd_spectral_signatures status=success
2026-06-09 07:20:16,764 INFO row_complete 1452/2640 dataset=barabasi_albert perturbation=edge_addition_deletion alpha=1.0 seed=2 workflow=diversity_curves_shortest_path status=success
2026-06-09 07:21:44,610 INFO row_complete 1453/2640 dataset=barabasi_albert perturbation=triangle_injection_removal alpha=0.0 seed=2 workflow=structural_statistics_mmd status=success
2026-06-09 07:21:44,611 INFO row_complete 1454/2640 dataset=barabasi_albert perturbation=triangle_injection_removal alpha=0.0 seed=2 workflow=wl_subtree_kernel_mmd status=success
2026-06-09 07:21:44,612 INFO row_complete 1455/2640 dataset=barabasi_albert perturbation=triangle_injection_removal alpha=0.0 seed=2 workflow=netlsd_spectral_signatures status=success
2026-06-09 07:21:44,613 INFO row_complete 1456/2640 dataset=barabasi_albert perturbation=triangle_injection_removal alpha=0.0 seed=2 workflow=diversity_curves_shortest_path status=success
2026-06-09 07:23:13,094 INFO row_complete 1457/2640 dataset=barabasi_albert perturbation=triangle_injection_removal alpha=0.1 seed=2 workflow=structural_statistics_mmd status=success
2026-06-09 07:23:13,096 INFO row_complete 1458/2640 dataset=barabasi_albert perturbation=triangle_injection_removal alpha=0.1 seed=2 workflow=wl_subtree_kernel_mmd status=success
2026-06-09 07:23:13,097 INFO row_complete 1459/2640 dataset=barabasi_albert perturbation=triangle_injection_removal alpha=0.1 seed=2 workflow=netlsd_spectral_signatures status=success
2026-06-09 07:23:13,098 INFO row_complete 1460/2640 dataset=barabasi_albert perturbation=triangle_injection_removal alpha=0.1 seed=2 workflow=diversity_curves_shortest_path status=success
2026-06-09 07:24:41,278 INFO row_complete 1461/2640 dataset=barabasi_albert perturbation=triangle_injection_removal alpha=0.2 seed=2 workflow=structural_statistics_mmd status=success
2026-06-09 07:24:41,279 INFO row_complete 1462/2640 dataset=barabasi_albert perturbation=triangle_injection_removal alpha=0.2 seed=2 workflow=wl_subtree_kernel_mmd status=success
2026-06-09 07:24:41,280 INFO row_complete 1463/2640 dataset=barabasi_albert perturbation=triangle_injection_removal alpha=0.2 seed=2 workflow=netlsd_spectral_signatures status=success
2026-06-09 07:24:41,281 INFO row_complete 1464/2640 dataset=barabasi_albert perturbation=triangle_injection_removal alpha=0.2 seed=2 workflow=diversity_curves_shortest_path status=success
2026-06-09 07:26:09,744 INFO row_complete 1465/2640 dataset=barabasi_albert perturbation=triangle_injection_removal alpha=0.3 seed=2 workflow=structural_statistics_mmd status=success
2026-06-09 07:26:09,746 INFO row_complete 1466/2640 dataset=barabasi_albert perturbation=triangle_injection_removal alpha=0.3 seed=2 workflow=wl_subtree_kernel_mmd status=success
2026-06-09 07:26:09,747 INFO row_complete 1467/2640 dataset=barabasi_albert perturbation=triangle_injection_removal alpha=0.3 seed=2 workflow=netlsd_spectral_signatures status=success
2026-06-09 07:26:09,748 INFO row_complete 1468/2640 dataset=barabasi_albert perturbation=triangle_injection_removal alpha=0.3 seed=2 workflow=diversity_curves_shortest_path status=success
2026-06-09 07:27:38,118 INFO row_complete 1469/2640 dataset=barabasi_albert perturbation=triangle_injection_removal alpha=0.4 seed=2 workflow=structural_statistics_mmd status=success
2026-06-09 07:27:38,119 INFO row_complete 1470/2640 dataset=barabasi_albert perturbation=triangle_injection_removal alpha=0.4 seed=2 workflow=wl_subtree_kernel_mmd status=success
2026-06-09 07:27:38,120 INFO row_complete 1471/2640 dataset=barabasi_albert perturbation=triangle_injection_removal alpha=0.4 seed=2 workflow=netlsd_spectral_signatures status=success
2026-06-09 07:27:38,121 INFO row_complete 1472/2640 dataset=barabasi_albert perturbation=triangle_injection_removal alpha=0.4 seed=2 workflow=diversity_curves_shortest_path status=success
2026-06-09 07:29:06,758 INFO row_complete 1473/2640 dataset=barabasi_albert perturbation=triangle_injection_removal alpha=0.5 seed=2 workflow=structural_statistics_mmd status=success
2026-06-09 07:29:06,760 INFO row_complete 1474/2640 dataset=barabasi_albert perturbation=triangle_injection_removal alpha=0.5 seed=2 workflow=wl_subtree_kernel_mmd status=success
2026-06-09 07:29:06,761 INFO row_complete 1475/2640 dataset=barabasi_albert perturbation=triangle_injection_removal alpha=0.5 seed=2 workflow=netlsd_spectral_signatures status=success
2026-06-09 07:29:06,762 INFO row_complete 1476/2640 dataset=barabasi_albert perturbation=triangle_injection_removal alpha=0.5 seed=2 workflow=diversity_curves_shortest_path status=success
2026-06-09 07:30:35,207 INFO row_complete 1477/2640 dataset=barabasi_albert perturbation=triangle_injection_removal alpha=0.6 seed=2 workflow=structural_statistics_mmd status=success
2026-06-09 07:30:35,209 INFO row_complete 1478/2640 dataset=barabasi_albert perturbation=triangle_injection_removal alpha=0.6 seed=2 workflow=wl_subtree_kernel_mmd status=success
2026-06-09 07:30:35,210 INFO row_complete 1479/2640 dataset=barabasi_albert perturbation=triangle_injection_removal alpha=0.6 seed=2 workflow=netlsd_spectral_signatures status=success
2026-06-09 07:30:35,211 INFO row_complete 1480/2640 dataset=barabasi_albert perturbation=triangle_injection_removal alpha=0.6 seed=2 workflow=diversity_curves_shortest_path status=success
2026-06-09 07:32:03,662 INFO row_complete 1481/2640 dataset=barabasi_albert perturbation=triangle_injection_removal alpha=0.7 seed=2 workflow=structural_statistics_mmd status=success
2026-06-09 07:32:03,663 INFO row_complete 1482/2640 dataset=barabasi_albert perturbation=triangle_injection_removal alpha=0.7 seed=2 workflow=wl_subtree_kernel_mmd status=success
2026-06-09 07:32:03,664 INFO row_complete 1483/2640 dataset=barabasi_albert perturbation=triangle_injection_removal alpha=0.7 seed=2 workflow=netlsd_spectral_signatures status=success
2026-06-09 07:32:03,665 INFO row_complete 1484/2640 dataset=barabasi_albert perturbation=triangle_injection_removal alpha=0.7 seed=2 workflow=diversity_curves_shortest_path status=success
2026-06-09 07:33:32,326 INFO row_complete 1485/2640 dataset=barabasi_albert perturbation=triangle_injection_removal alpha=0.8 seed=2 workflow=structural_statistics_mmd status=success
2026-06-09 07:33:32,328 INFO row_complete 1486/2640 dataset=barabasi_albert perturbation=triangle_injection_removal alpha=0.8 seed=2 workflow=wl_subtree_kernel_mmd status=success
2026-06-09 07:33:32,328 INFO row_complete 1487/2640 dataset=barabasi_albert perturbation=triangle_injection_removal alpha=0.8 seed=2 workflow=netlsd_spectral_signatures status=success
2026-06-09 07:33:32,329 INFO row_complete 1488/2640 dataset=barabasi_albert perturbation=triangle_injection_removal alpha=0.8 seed=2 workflow=diversity_curves_shortest_path status=success
2026-06-09 07:35:00,674 INFO row_complete 1489/2640 dataset=barabasi_albert perturbation=triangle_injection_removal alpha=0.9 seed=2 workflow=structural_statistics_mmd status=success
2026-06-09 07:35:00,675 INFO row_complete 1490/2640 dataset=barabasi_albert perturbation=triangle_injection_removal alpha=0.9 seed=2 workflow=wl_subtree_kernel_mmd status=success
2026-06-09 07:35:00,676 INFO row_complete 1491/2640 dataset=barabasi_albert perturbation=triangle_injection_removal alpha=0.9 seed=2 workflow=netlsd_spectral_signatures status=success
2026-06-09 07:35:00,676 INFO row_complete 1492/2640 dataset=barabasi_albert perturbation=triangle_injection_removal alpha=0.9 seed=2 workflow=diversity_curves_shortest_path status=success
2026-06-09 07:36:28,666 INFO row_complete 1493/2640 dataset=barabasi_albert perturbation=triangle_injection_removal alpha=1.0 seed=2 workflow=structural_statistics_mmd status=success
2026-06-09 07:36:28,667 INFO row_complete 1494/2640 dataset=barabasi_albert perturbation=triangle_injection_removal alpha=1.0 seed=2 workflow=wl_subtree_kernel_mmd status=success
2026-06-09 07:36:28,668 INFO row_complete 1495/2640 dataset=barabasi_albert perturbation=triangle_injection_removal alpha=1.0 seed=2 workflow=netlsd_spectral_signatures status=success
2026-06-09 07:36:28,669 INFO row_complete 1496/2640 dataset=barabasi_albert perturbation=triangle_injection_removal alpha=1.0 seed=2 workflow=diversity_curves_shortest_path status=success
2026-06-09 07:36:28,682 INFO row_complete 1497/2640 dataset=barabasi_albert perturbation=community_weakening alpha=0.0 seed=2 workflow=structural_statistics_mmd status=skipped
2026-06-09 07:36:28,683 INFO row_complete 1498/2640 dataset=barabasi_albert perturbation=community_weakening alpha=0.0 seed=2 workflow=wl_subtree_kernel_mmd status=skipped
2026-06-09 07:36:28,684 INFO row_complete 1499/2640 dataset=barabasi_albert perturbation=community_weakening alpha=0.0 seed=2 workflow=netlsd_spectral_signatures status=skipped
2026-06-09 07:36:28,685 INFO row_complete 1500/2640 dataset=barabasi_albert perturbation=community_weakening alpha=0.0 seed=2 workflow=diversity_curves_shortest_path status=skipped
2026-06-09 07:36:28,695 INFO row_complete 1501/2640 dataset=barabasi_albert perturbation=community_weakening alpha=0.1 seed=2 workflow=structural_statistics_mmd status=skipped
2026-06-09 07:36:28,696 INFO row_complete 1502/2640 dataset=barabasi_albert perturbation=community_weakening alpha=0.1 seed=2 workflow=wl_subtree_kernel_mmd status=skipped
2026-06-09 07:36:28,697 INFO row_complete 1503/2640 dataset=barabasi_albert perturbation=community_weakening alpha=0.1 seed=2 workflow=netlsd_spectral_signatures status=skipped
2026-06-09 07:36:28,698 INFO row_complete 1504/2640 dataset=barabasi_albert perturbation=community_weakening alpha=0.1 seed=2 workflow=diversity_curves_shortest_path status=skipped
2026-06-09 07:36:28,710 INFO row_complete 1505/2640 dataset=barabasi_albert perturbation=community_weakening alpha=0.2 seed=2 workflow=structural_statistics_mmd status=skipped
2026-06-09 07:36:28,711 INFO row_complete 1506/2640 dataset=barabasi_albert perturbation=community_weakening alpha=0.2 seed=2 workflow=wl_subtree_kernel_mmd status=skipped
2026-06-09 07:36:28,712 INFO row_complete 1507/2640 dataset=barabasi_albert perturbation=community_weakening alpha=0.2 seed=2 workflow=netlsd_spectral_signatures status=skipped
2026-06-09 07:36:28,713 INFO row_complete 1508/2640 dataset=barabasi_albert perturbation=community_weakening alpha=0.2 seed=2 workflow=diversity_curves_shortest_path status=skipped
2026-06-09 07:36:28,724 INFO row_complete 1509/2640 dataset=barabasi_albert perturbation=community_weakening alpha=0.3 seed=2 workflow=structural_statistics_mmd status=skipped
2026-06-09 07:36:28,725 INFO row_complete 1510/2640 dataset=barabasi_albert perturbation=community_weakening alpha=0.3 seed=2 workflow=wl_subtree_kernel_mmd status=skipped
2026-06-09 07:36:28,726 INFO row_complete 1511/2640 dataset=barabasi_albert perturbation=community_weakening alpha=0.3 seed=2 workflow=netlsd_spectral_signatures status=skipped
2026-06-09 07:36:28,727 INFO row_complete 1512/2640 dataset=barabasi_albert perturbation=community_weakening alpha=0.3 seed=2 workflow=diversity_curves_shortest_path status=skipped
2026-06-09 07:36:28,738 INFO row_complete 1513/2640 dataset=barabasi_albert perturbation=community_weakening alpha=0.4 seed=2 workflow=structural_statistics_mmd status=skipped
2026-06-09 07:36:28,739 INFO row_complete 1514/2640 dataset=barabasi_albert perturbation=community_weakening alpha=0.4 seed=2 workflow=wl_subtree_kernel_mmd status=skipped
2026-06-09 07:36:28,740 INFO row_complete 1515/2640 dataset=barabasi_albert perturbation=community_weakening alpha=0.4 seed=2 workflow=netlsd_spectral_signatures status=skipped
2026-06-09 07:36:28,740 INFO row_complete 1516/2640 dataset=barabasi_albert perturbation=community_weakening alpha=0.4 seed=2 workflow=diversity_curves_shortest_path status=skipped
2026-06-09 07:36:28,751 INFO row_complete 1517/2640 dataset=barabasi_albert perturbation=community_weakening alpha=0.5 seed=2 workflow=structural_statistics_mmd status=skipped
2026-06-09 07:36:28,752 INFO row_complete 1518/2640 dataset=barabasi_albert perturbation=community_weakening alpha=0.5 seed=2 workflow=wl_subtree_kernel_mmd status=skipped
2026-06-09 07:36:28,753 INFO row_complete 1519/2640 dataset=barabasi_albert perturbation=community_weakening alpha=0.5 seed=2 workflow=netlsd_spectral_signatures status=skipped
2026-06-09 07:36:28,754 INFO row_complete 1520/2640 dataset=barabasi_albert perturbation=community_weakening alpha=0.5 seed=2 workflow=diversity_curves_shortest_path status=skipped
2026-06-09 07:36:28,766 INFO row_complete 1521/2640 dataset=barabasi_albert perturbation=community_weakening alpha=0.6 seed=2 workflow=structural_statistics_mmd status=skipped
2026-06-09 07:36:28,767 INFO row_complete 1522/2640 dataset=barabasi_albert perturbation=community_weakening alpha=0.6 seed=2 workflow=wl_subtree_kernel_mmd status=skipped
2026-06-09 07:36:28,768 INFO row_complete 1523/2640 dataset=barabasi_albert perturbation=community_weakening alpha=0.6 seed=2 workflow=netlsd_spectral_signatures status=skipped
2026-06-09 07:36:28,769 INFO row_complete 1524/2640 dataset=barabasi_albert perturbation=community_weakening alpha=0.6 seed=2 workflow=diversity_curves_shortest_path status=skipped
2026-06-09 07:36:28,785 INFO row_complete 1525/2640 dataset=barabasi_albert perturbation=community_weakening alpha=0.7 seed=2 workflow=structural_statistics_mmd status=skipped
2026-06-09 07:36:28,786 INFO row_complete 1526/2640 dataset=barabasi_albert perturbation=community_weakening alpha=0.7 seed=2 workflow=wl_subtree_kernel_mmd status=skipped
2026-06-09 07:36:28,787 INFO row_complete 1527/2640 dataset=barabasi_albert perturbation=community_weakening alpha=0.7 seed=2 workflow=netlsd_spectral_signatures status=skipped
2026-06-09 07:36:28,788 INFO row_complete 1528/2640 dataset=barabasi_albert perturbation=community_weakening alpha=0.7 seed=2 workflow=diversity_curves_shortest_path status=skipped
2026-06-09 07:36:28,799 INFO row_complete 1529/2640 dataset=barabasi_albert perturbation=community_weakening alpha=0.8 seed=2 workflow=structural_statistics_mmd status=skipped
2026-06-09 07:36:28,800 INFO row_complete 1530/2640 dataset=barabasi_albert perturbation=community_weakening alpha=0.8 seed=2 workflow=wl_subtree_kernel_mmd status=skipped
2026-06-09 07:36:28,801 INFO row_complete 1531/2640 dataset=barabasi_albert perturbation=community_weakening alpha=0.8 seed=2 workflow=netlsd_spectral_signatures status=skipped
2026-06-09 07:36:28,801 INFO row_complete 1532/2640 dataset=barabasi_albert perturbation=community_weakening alpha=0.8 seed=2 workflow=diversity_curves_shortest_path status=skipped
2026-06-09 07:36:28,812 INFO row_complete 1533/2640 dataset=barabasi_albert perturbation=community_weakening alpha=0.9 seed=2 workflow=structural_statistics_mmd status=skipped
2026-06-09 07:36:28,813 INFO row_complete 1534/2640 dataset=barabasi_albert perturbation=community_weakening alpha=0.9 seed=2 workflow=wl_subtree_kernel_mmd status=skipped
2026-06-09 07:36:28,814 INFO row_complete 1535/2640 dataset=barabasi_albert perturbation=community_weakening alpha=0.9 seed=2 workflow=netlsd_spectral_signatures status=skipped
2026-06-09 07:36:28,815 INFO row_complete 1536/2640 dataset=barabasi_albert perturbation=community_weakening alpha=0.9 seed=2 workflow=diversity_curves_shortest_path status=skipped
2026-06-09 07:36:28,826 INFO row_complete 1537/2640 dataset=barabasi_albert perturbation=community_weakening alpha=1.0 seed=2 workflow=structural_statistics_mmd status=skipped
2026-06-09 07:36:28,827 INFO row_complete 1538/2640 dataset=barabasi_albert perturbation=community_weakening alpha=1.0 seed=2 workflow=wl_subtree_kernel_mmd status=skipped
2026-06-09 07:36:28,828 INFO row_complete 1539/2640 dataset=barabasi_albert perturbation=community_weakening alpha=1.0 seed=2 workflow=netlsd_spectral_signatures status=skipped
2026-06-09 07:36:28,829 INFO row_complete 1540/2640 dataset=barabasi_albert perturbation=community_weakening alpha=1.0 seed=2 workflow=diversity_curves_shortest_path status=skipped
2026-06-09 07:37:56,750 INFO row_complete 1541/2640 dataset=barabasi_albert perturbation=hub_modification alpha=0.0 seed=2 workflow=structural_statistics_mmd status=success
2026-06-09 07:37:56,751 INFO row_complete 1542/2640 dataset=barabasi_albert perturbation=hub_modification alpha=0.0 seed=2 workflow=wl_subtree_kernel_mmd status=success
2026-06-09 07:37:56,751 INFO row_complete 1543/2640 dataset=barabasi_albert perturbation=hub_modification alpha=0.0 seed=2 workflow=netlsd_spectral_signatures status=success
2026-06-09 07:37:56,752 INFO row_complete 1544/2640 dataset=barabasi_albert perturbation=hub_modification alpha=0.0 seed=2 workflow=diversity_curves_shortest_path status=success
2026-06-09 07:39:24,897 INFO row_complete 1545/2640 dataset=barabasi_albert perturbation=hub_modification alpha=0.1 seed=2 workflow=structural_statistics_mmd status=success
2026-06-09 07:39:24,899 INFO row_complete 1546/2640 dataset=barabasi_albert perturbation=hub_modification alpha=0.1 seed=2 workflow=wl_subtree_kernel_mmd status=success
2026-06-09 07:39:24,901 INFO row_complete 1547/2640 dataset=barabasi_albert perturbation=hub_modification alpha=0.1 seed=2 workflow=netlsd_spectral_signatures status=success
2026-06-09 07:39:24,902 INFO row_complete 1548/2640 dataset=barabasi_albert perturbation=hub_modification alpha=0.1 seed=2 workflow=diversity_curves_shortest_path status=success
2026-06-09 07:40:52,847 INFO row_complete 1549/2640 dataset=barabasi_albert perturbation=hub_modification alpha=0.2 seed=2 workflow=structural_statistics_mmd status=success
2026-06-09 07:40:52,848 INFO row_complete 1550/2640 dataset=barabasi_albert perturbation=hub_modification alpha=0.2 seed=2 workflow=wl_subtree_kernel_mmd status=success
2026-06-09 07:40:52,850 INFO row_complete 1551/2640 dataset=barabasi_albert perturbation=hub_modification alpha=0.2 seed=2 workflow=netlsd_spectral_signatures status=success
2026-06-09 07:40:52,851 INFO row_complete 1552/2640 dataset=barabasi_albert perturbation=hub_modification alpha=0.2 seed=2 workflow=diversity_curves_shortest_path status=success
2026-06-09 07:42:20,810 INFO row_complete 1553/2640 dataset=barabasi_albert perturbation=hub_modification alpha=0.3 seed=2 workflow=structural_statistics_mmd status=success
2026-06-09 07:42:20,814 INFO row_complete 1554/2640 dataset=barabasi_albert perturbation=hub_modification alpha=0.3 seed=2 workflow=wl_subtree_kernel_mmd status=success
2026-06-09 07:42:20,815 INFO row_complete 1555/2640 dataset=barabasi_albert perturbation=hub_modification alpha=0.3 seed=2 workflow=netlsd_spectral_signatures status=success
2026-06-09 07:42:20,816 INFO row_complete 1556/2640 dataset=barabasi_albert perturbation=hub_modification alpha=0.3 seed=2 workflow=diversity_curves_shortest_path status=success
2026-06-09 07:43:48,670 INFO row_complete 1557/2640 dataset=barabasi_albert perturbation=hub_modification alpha=0.4 seed=2 workflow=structural_statistics_mmd status=success
2026-06-09 07:43:48,672 INFO row_complete 1558/2640 dataset=barabasi_albert perturbation=hub_modification alpha=0.4 seed=2 workflow=wl_subtree_kernel_mmd status=success
2026-06-09 07:43:48,673 INFO row_complete 1559/2640 dataset=barabasi_albert perturbation=hub_modification alpha=0.4 seed=2 workflow=netlsd_spectral_signatures status=success
2026-06-09 07:43:48,674 INFO row_complete 1560/2640 dataset=barabasi_albert perturbation=hub_modification alpha=0.4 seed=2 workflow=diversity_curves_shortest_path status=success
2026-06-09 07:45:16,364 INFO row_complete 1561/2640 dataset=barabasi_albert perturbation=hub_modification alpha=0.5 seed=2 workflow=structural_statistics_mmd status=success
2026-06-09 07:45:16,366 INFO row_complete 1562/2640 dataset=barabasi_albert perturbation=hub_modification alpha=0.5 seed=2 workflow=wl_subtree_kernel_mmd status=success
2026-06-09 07:45:16,367 INFO row_complete 1563/2640 dataset=barabasi_albert perturbation=hub_modification alpha=0.5 seed=2 workflow=netlsd_spectral_signatures status=success
2026-06-09 07:45:16,368 INFO row_complete 1564/2640 dataset=barabasi_albert perturbation=hub_modification alpha=0.5 seed=2 workflow=diversity_curves_shortest_path status=success
2026-06-09 07:46:44,441 INFO row_complete 1565/2640 dataset=barabasi_albert perturbation=hub_modification alpha=0.6 seed=2 workflow=structural_statistics_mmd status=success
2026-06-09 07:46:44,442 INFO row_complete 1566/2640 dataset=barabasi_albert perturbation=hub_modification alpha=0.6 seed=2 workflow=wl_subtree_kernel_mmd status=success
2026-06-09 07:46:44,444 INFO row_complete 1567/2640 dataset=barabasi_albert perturbation=hub_modification alpha=0.6 seed=2 workflow=netlsd_spectral_signatures status=success
2026-06-09 07:46:44,445 INFO row_complete 1568/2640 dataset=barabasi_albert perturbation=hub_modification alpha=0.6 seed=2 workflow=diversity_curves_shortest_path status=success
2026-06-09 07:48:12,509 INFO row_complete 1569/2640 dataset=barabasi_albert perturbation=hub_modification alpha=0.7 seed=2 workflow=structural_statistics_mmd status=success
2026-06-09 07:48:12,510 INFO row_complete 1570/2640 dataset=barabasi_albert perturbation=hub_modification alpha=0.7 seed=2 workflow=wl_subtree_kernel_mmd status=success
2026-06-09 07:48:12,511 INFO row_complete 1571/2640 dataset=barabasi_albert perturbation=hub_modification alpha=0.7 seed=2 workflow=netlsd_spectral_signatures status=success
2026-06-09 07:48:12,512 INFO row_complete 1572/2640 dataset=barabasi_albert perturbation=hub_modification alpha=0.7 seed=2 workflow=diversity_curves_shortest_path status=success
2026-06-09 07:49:40,244 INFO row_complete 1573/2640 dataset=barabasi_albert perturbation=hub_modification alpha=0.8 seed=2 workflow=structural_statistics_mmd status=success
2026-06-09 07:49:40,247 INFO row_complete 1574/2640 dataset=barabasi_albert perturbation=hub_modification alpha=0.8 seed=2 workflow=wl_subtree_kernel_mmd status=success
2026-06-09 07:49:40,249 INFO row_complete 1575/2640 dataset=barabasi_albert perturbation=hub_modification alpha=0.8 seed=2 workflow=netlsd_spectral_signatures status=success
2026-06-09 07:49:40,251 INFO row_complete 1576/2640 dataset=barabasi_albert perturbation=hub_modification alpha=0.8 seed=2 workflow=diversity_curves_shortest_path status=success
2026-06-09 07:51:07,955 INFO row_complete 1577/2640 dataset=barabasi_albert perturbation=hub_modification alpha=0.9 seed=2 workflow=structural_statistics_mmd status=success
2026-06-09 07:51:07,958 INFO row_complete 1578/2640 dataset=barabasi_albert perturbation=hub_modification alpha=0.9 seed=2 workflow=wl_subtree_kernel_mmd status=success
2026-06-09 07:51:07,959 INFO row_complete 1579/2640 dataset=barabasi_albert perturbation=hub_modification alpha=0.9 seed=2 workflow=netlsd_spectral_signatures status=success
2026-06-09 07:51:07,961 INFO row_complete 1580/2640 dataset=barabasi_albert perturbation=hub_modification alpha=0.9 seed=2 workflow=diversity_curves_shortest_path status=success
2026-06-09 07:52:35,708 INFO row_complete 1581/2640 dataset=barabasi_albert perturbation=hub_modification alpha=1.0 seed=2 workflow=structural_statistics_mmd status=success
2026-06-09 07:52:35,710 INFO row_complete 1582/2640 dataset=barabasi_albert perturbation=hub_modification alpha=1.0 seed=2 workflow=wl_subtree_kernel_mmd status=success
2026-06-09 07:52:35,713 INFO row_complete 1583/2640 dataset=barabasi_albert perturbation=hub_modification alpha=1.0 seed=2 workflow=netlsd_spectral_signatures status=success
2026-06-09 07:52:35,715 INFO row_complete 1584/2640 dataset=barabasi_albert perturbation=hub_modification alpha=1.0 seed=2 workflow=diversity_curves_shortest_path status=success
2026-06-09 07:54:09,507 INFO row_complete 1585/2640 dataset=erdos_renyi perturbation=edge_addition_deletion alpha=0.0 seed=3 workflow=structural_statistics_mmd status=success
2026-06-09 07:54:09,509 INFO row_complete 1586/2640 dataset=erdos_renyi perturbation=edge_addition_deletion alpha=0.0 seed=3 workflow=wl_subtree_kernel_mmd status=success
2026-06-09 07:54:09,510 INFO row_complete 1587/2640 dataset=erdos_renyi perturbation=edge_addition_deletion alpha=0.0 seed=3 workflow=netlsd_spectral_signatures status=success
2026-06-09 07:54:09,511 INFO row_complete 1588/2640 dataset=erdos_renyi perturbation=edge_addition_deletion alpha=0.0 seed=3 workflow=diversity_curves_shortest_path status=success
2026-06-09 07:55:46,529 INFO row_complete 1589/2640 dataset=erdos_renyi perturbation=edge_addition_deletion alpha=0.1 seed=3 workflow=structural_statistics_mmd status=success
2026-06-09 07:55:46,532 INFO row_complete 1590/2640 dataset=erdos_renyi perturbation=edge_addition_deletion alpha=0.1 seed=3 workflow=wl_subtree_kernel_mmd status=success
2026-06-09 07:55:46,534 INFO row_complete 1591/2640 dataset=erdos_renyi perturbation=edge_addition_deletion alpha=0.1 seed=3 workflow=netlsd_spectral_signatures status=success
2026-06-09 07:55:46,535 INFO row_complete 1592/2640 dataset=erdos_renyi perturbation=edge_addition_deletion alpha=0.1 seed=3 workflow=diversity_curves_shortest_path status=success
2026-06-09 07:57:20,466 INFO row_complete 1593/2640 dataset=erdos_renyi perturbation=edge_addition_deletion alpha=0.2 seed=3 workflow=structural_statistics_mmd status=success
2026-06-09 07:57:20,467 INFO row_complete 1594/2640 dataset=erdos_renyi perturbation=edge_addition_deletion alpha=0.2 seed=3 workflow=wl_subtree_kernel_mmd status=success
2026-06-09 07:57:20,468 INFO row_complete 1595/2640 dataset=erdos_renyi perturbation=edge_addition_deletion alpha=0.2 seed=3 workflow=netlsd_spectral_signatures status=success
2026-06-09 07:57:20,468 INFO row_complete 1596/2640 dataset=erdos_renyi perturbation=edge_addition_deletion alpha=0.2 seed=3 workflow=diversity_curves_shortest_path status=success
2026-06-09 07:58:54,920 INFO row_complete 1597/2640 dataset=erdos_renyi perturbation=edge_addition_deletion alpha=0.3 seed=3 workflow=structural_statistics_mmd status=success
2026-06-09 07:58:54,922 INFO row_complete 1598/2640 dataset=erdos_renyi perturbation=edge_addition_deletion alpha=0.3 seed=3 workflow=wl_subtree_kernel_mmd status=success
2026-06-09 07:58:54,923 INFO row_complete 1599/2640 dataset=erdos_renyi perturbation=edge_addition_deletion alpha=0.3 seed=3 workflow=netlsd_spectral_signatures status=success
2026-06-09 07:58:54,924 INFO row_complete 1600/2640 dataset=erdos_renyi perturbation=edge_addition_deletion alpha=0.3 seed=3 workflow=diversity_curves_shortest_path status=success
2026-06-09 08:00:28,634 INFO row_complete 1601/2640 dataset=erdos_renyi perturbation=edge_addition_deletion alpha=0.4 seed=3 workflow=structural_statistics_mmd status=success
2026-06-09 08:00:28,635 INFO row_complete 1602/2640 dataset=erdos_renyi perturbation=edge_addition_deletion alpha=0.4 seed=3 workflow=wl_subtree_kernel_mmd status=success
2026-06-09 08:00:28,636 INFO row_complete 1603/2640 dataset=erdos_renyi perturbation=edge_addition_deletion alpha=0.4 seed=3 workflow=netlsd_spectral_signatures status=success
2026-06-09 08:00:28,637 INFO row_complete 1604/2640 dataset=erdos_renyi perturbation=edge_addition_deletion alpha=0.4 seed=3 workflow=diversity_curves_shortest_path status=success
2026-06-09 08:02:02,494 INFO row_complete 1605/2640 dataset=erdos_renyi perturbation=edge_addition_deletion alpha=0.5 seed=3 workflow=structural_statistics_mmd status=success
2026-06-09 08:02:02,497 INFO row_complete 1606/2640 dataset=erdos_renyi perturbation=edge_addition_deletion alpha=0.5 seed=3 workflow=wl_subtree_kernel_mmd status=success
2026-06-09 08:02:02,500 INFO row_complete 1607/2640 dataset=erdos_renyi perturbation=edge_addition_deletion alpha=0.5 seed=3 workflow=netlsd_spectral_signatures status=success
2026-06-09 08:02:02,502 INFO row_complete 1608/2640 dataset=erdos_renyi perturbation=edge_addition_deletion alpha=0.5 seed=3 workflow=diversity_curves_shortest_path status=success
2026-06-09 08:03:36,282 INFO row_complete 1609/2640 dataset=erdos_renyi perturbation=edge_addition_deletion alpha=0.6 seed=3 workflow=structural_statistics_mmd status=success
2026-06-09 08:03:36,283 INFO row_complete 1610/2640 dataset=erdos_renyi perturbation=edge_addition_deletion alpha=0.6 seed=3 workflow=wl_subtree_kernel_mmd status=success
2026-06-09 08:03:36,284 INFO row_complete 1611/2640 dataset=erdos_renyi perturbation=edge_addition_deletion alpha=0.6 seed=3 workflow=netlsd_spectral_signatures status=success
2026-06-09 08:03:36,285 INFO row_complete 1612/2640 dataset=erdos_renyi perturbation=edge_addition_deletion alpha=0.6 seed=3 workflow=diversity_curves_shortest_path status=success
2026-06-09 08:05:10,196 INFO row_complete 1613/2640 dataset=erdos_renyi perturbation=edge_addition_deletion alpha=0.7 seed=3 workflow=structural_statistics_mmd status=success
2026-06-09 08:05:10,197 INFO row_complete 1614/2640 dataset=erdos_renyi perturbation=edge_addition_deletion alpha=0.7 seed=3 workflow=wl_subtree_kernel_mmd status=success
2026-06-09 08:05:10,198 INFO row_complete 1615/2640 dataset=erdos_renyi perturbation=edge_addition_deletion alpha=0.7 seed=3 workflow=netlsd_spectral_signatures status=success
2026-06-09 08:05:10,199 INFO row_complete 1616/2640 dataset=erdos_renyi perturbation=edge_addition_deletion alpha=0.7 seed=3 workflow=diversity_curves_shortest_path status=success
2026-06-09 08:06:44,016 INFO row_complete 1617/2640 dataset=erdos_renyi perturbation=edge_addition_deletion alpha=0.8 seed=3 workflow=structural_statistics_mmd status=success
2026-06-09 08:06:44,019 INFO row_complete 1618/2640 dataset=erdos_renyi perturbation=edge_addition_deletion alpha=0.8 seed=3 workflow=wl_subtree_kernel_mmd status=success
2026-06-09 08:06:44,023 INFO row_complete 1619/2640 dataset=erdos_renyi perturbation=edge_addition_deletion alpha=0.8 seed=3 workflow=netlsd_spectral_signatures status=success
2026-06-09 08:06:44,024 INFO row_complete 1620/2640 dataset=erdos_renyi perturbation=edge_addition_deletion alpha=0.8 seed=3 workflow=diversity_curves_shortest_path status=success
2026-06-09 08:08:17,792 INFO row_complete 1621/2640 dataset=erdos_renyi perturbation=edge_addition_deletion alpha=0.9 seed=3 workflow=structural_statistics_mmd status=success
2026-06-09 08:08:17,794 INFO row_complete 1622/2640 dataset=erdos_renyi perturbation=edge_addition_deletion alpha=0.9 seed=3 workflow=wl_subtree_kernel_mmd status=success
2026-06-09 08:08:17,796 INFO row_complete 1623/2640 dataset=erdos_renyi perturbation=edge_addition_deletion alpha=0.9 seed=3 workflow=netlsd_spectral_signatures status=success
2026-06-09 08:08:17,798 INFO row_complete 1624/2640 dataset=erdos_renyi perturbation=edge_addition_deletion alpha=0.9 seed=3 workflow=diversity_curves_shortest_path status=success
2026-06-09 08:09:51,284 INFO row_complete 1625/2640 dataset=erdos_renyi perturbation=edge_addition_deletion alpha=1.0 seed=3 workflow=structural_statistics_mmd status=success
2026-06-09 08:09:51,285 INFO row_complete 1626/2640 dataset=erdos_renyi perturbation=edge_addition_deletion alpha=1.0 seed=3 workflow=wl_subtree_kernel_mmd status=success
2026-06-09 08:09:51,287 INFO row_complete 1627/2640 dataset=erdos_renyi perturbation=edge_addition_deletion alpha=1.0 seed=3 workflow=netlsd_spectral_signatures status=success
2026-06-09 08:09:51,288 INFO row_complete 1628/2640 dataset=erdos_renyi perturbation=edge_addition_deletion alpha=1.0 seed=3 workflow=diversity_curves_shortest_path status=success
2026-06-09 08:11:24,767 INFO row_complete 1629/2640 dataset=erdos_renyi perturbation=triangle_injection_removal alpha=0.0 seed=3 workflow=structural_statistics_mmd status=success
2026-06-09 08:11:24,769 INFO row_complete 1630/2640 dataset=erdos_renyi perturbation=triangle_injection_removal alpha=0.0 seed=3 workflow=wl_subtree_kernel_mmd status=success
2026-06-09 08:11:24,770 INFO row_complete 1631/2640 dataset=erdos_renyi perturbation=triangle_injection_removal alpha=0.0 seed=3 workflow=netlsd_spectral_signatures status=success
2026-06-09 08:11:24,772 INFO row_complete 1632/2640 dataset=erdos_renyi perturbation=triangle_injection_removal alpha=0.0 seed=3 workflow=diversity_curves_shortest_path status=success
2026-06-09 08:12:58,245 INFO row_complete 1633/2640 dataset=erdos_renyi perturbation=triangle_injection_removal alpha=0.1 seed=3 workflow=structural_statistics_mmd status=success
2026-06-09 08:12:58,247 INFO row_complete 1634/2640 dataset=erdos_renyi perturbation=triangle_injection_removal alpha=0.1 seed=3 workflow=wl_subtree_kernel_mmd status=success
2026-06-09 08:12:58,248 INFO row_complete 1635/2640 dataset=erdos_renyi perturbation=triangle_injection_removal alpha=0.1 seed=3 workflow=netlsd_spectral_signatures status=success
2026-06-09 08:12:58,249 INFO row_complete 1636/2640 dataset=erdos_renyi perturbation=triangle_injection_removal alpha=0.1 seed=3 workflow=diversity_curves_shortest_path status=success
2026-06-09 08:14:32,099 INFO row_complete 1637/2640 dataset=erdos_renyi perturbation=triangle_injection_removal alpha=0.2 seed=3 workflow=structural_statistics_mmd status=success
2026-06-09 08:14:32,101 INFO row_complete 1638/2640 dataset=erdos_renyi perturbation=triangle_injection_removal alpha=0.2 seed=3 workflow=wl_subtree_kernel_mmd status=success
2026-06-09 08:14:32,102 INFO row_complete 1639/2640 dataset=erdos_renyi perturbation=triangle_injection_removal alpha=0.2 seed=3 workflow=netlsd_spectral_signatures status=success
2026-06-09 08:14:32,103 INFO row_complete 1640/2640 dataset=erdos_renyi perturbation=triangle_injection_removal alpha=0.2 seed=3 workflow=diversity_curves_shortest_path status=success
2026-06-09 08:16:05,909 INFO row_complete 1641/2640 dataset=erdos_renyi perturbation=triangle_injection_removal alpha=0.3 seed=3 workflow=structural_statistics_mmd status=success
2026-06-09 08:16:05,910 INFO row_complete 1642/2640 dataset=erdos_renyi perturbation=triangle_injection_removal alpha=0.3 seed=3 workflow=wl_subtree_kernel_mmd status=success
2026-06-09 08:16:05,911 INFO row_complete 1643/2640 dataset=erdos_renyi perturbation=triangle_injection_removal alpha=0.3 seed=3 workflow=netlsd_spectral_signatures status=success
2026-06-09 08:16:05,912 INFO row_complete 1644/2640 dataset=erdos_renyi perturbation=triangle_injection_removal alpha=0.3 seed=3 workflow=diversity_curves_shortest_path status=success
2026-06-09 08:17:39,361 INFO row_complete 1645/2640 dataset=erdos_renyi perturbation=triangle_injection_removal alpha=0.4 seed=3 workflow=structural_statistics_mmd status=success
2026-06-09 08:17:39,362 INFO row_complete 1646/2640 dataset=erdos_renyi perturbation=triangle_injection_removal alpha=0.4 seed=3 workflow=wl_subtree_kernel_mmd status=success
2026-06-09 08:17:39,363 INFO row_complete 1647/2640 dataset=erdos_renyi perturbation=triangle_injection_removal alpha=0.4 seed=3 workflow=netlsd_spectral_signatures status=success
2026-06-09 08:17:39,365 INFO row_complete 1648/2640 dataset=erdos_renyi perturbation=triangle_injection_removal alpha=0.4 seed=3 workflow=diversity_curves_shortest_path status=success
2026-06-09 08:19:12,867 INFO row_complete 1649/2640 dataset=erdos_renyi perturbation=triangle_injection_removal alpha=0.5 seed=3 workflow=structural_statistics_mmd status=success
2026-06-09 08:19:12,868 INFO row_complete 1650/2640 dataset=erdos_renyi perturbation=triangle_injection_removal alpha=0.5 seed=3 workflow=wl_subtree_kernel_mmd status=success
2026-06-09 08:19:12,869 INFO row_complete 1651/2640 dataset=erdos_renyi perturbation=triangle_injection_removal alpha=0.5 seed=3 workflow=netlsd_spectral_signatures status=success
2026-06-09 08:19:12,870 INFO row_complete 1652/2640 dataset=erdos_renyi perturbation=triangle_injection_removal alpha=0.5 seed=3 workflow=diversity_curves_shortest_path status=success
2026-06-09 08:20:46,576 INFO row_complete 1653/2640 dataset=erdos_renyi perturbation=triangle_injection_removal alpha=0.6 seed=3 workflow=structural_statistics_mmd status=success
2026-06-09 08:20:46,577 INFO row_complete 1654/2640 dataset=erdos_renyi perturbation=triangle_injection_removal alpha=0.6 seed=3 workflow=wl_subtree_kernel_mmd status=success
2026-06-09 08:20:46,578 INFO row_complete 1655/2640 dataset=erdos_renyi perturbation=triangle_injection_removal alpha=0.6 seed=3 workflow=netlsd_spectral_signatures status=success
2026-06-09 08:20:46,586 INFO row_complete 1656/2640 dataset=erdos_renyi perturbation=triangle_injection_removal alpha=0.6 seed=3 workflow=diversity_curves_shortest_path status=success
2026-06-09 08:22:20,021 INFO row_complete 1657/2640 dataset=erdos_renyi perturbation=triangle_injection_removal alpha=0.7 seed=3 workflow=structural_statistics_mmd status=success
2026-06-09 08:22:20,022 INFO row_complete 1658/2640 dataset=erdos_renyi perturbation=triangle_injection_removal alpha=0.7 seed=3 workflow=wl_subtree_kernel_mmd status=success
2026-06-09 08:22:20,024 INFO row_complete 1659/2640 dataset=erdos_renyi perturbation=triangle_injection_removal alpha=0.7 seed=3 workflow=netlsd_spectral_signatures status=success
2026-06-09 08:22:20,025 INFO row_complete 1660/2640 dataset=erdos_renyi perturbation=triangle_injection_removal alpha=0.7 seed=3 workflow=diversity_curves_shortest_path status=success
2026-06-09 08:23:54,968 INFO row_complete 1661/2640 dataset=erdos_renyi perturbation=triangle_injection_removal alpha=0.8 seed=3 workflow=structural_statistics_mmd status=success
2026-06-09 08:23:54,969 INFO row_complete 1662/2640 dataset=erdos_renyi perturbation=triangle_injection_removal alpha=0.8 seed=3 workflow=wl_subtree_kernel_mmd status=success
2026-06-09 08:23:54,970 INFO row_complete 1663/2640 dataset=erdos_renyi perturbation=triangle_injection_removal alpha=0.8 seed=3 workflow=netlsd_spectral_signatures status=success
2026-06-09 08:23:54,971 INFO row_complete 1664/2640 dataset=erdos_renyi perturbation=triangle_injection_removal alpha=0.8 seed=3 workflow=diversity_curves_shortest_path status=success
2026-06-09 08:25:28,766 INFO row_complete 1665/2640 dataset=erdos_renyi perturbation=triangle_injection_removal alpha=0.9 seed=3 workflow=structural_statistics_mmd status=success
2026-06-09 08:25:28,768 INFO row_complete 1666/2640 dataset=erdos_renyi perturbation=triangle_injection_removal alpha=0.9 seed=3 workflow=wl_subtree_kernel_mmd status=success
2026-06-09 08:25:28,772 INFO row_complete 1667/2640 dataset=erdos_renyi perturbation=triangle_injection_removal alpha=0.9 seed=3 workflow=netlsd_spectral_signatures status=success
2026-06-09 08:25:28,774 INFO row_complete 1668/2640 dataset=erdos_renyi perturbation=triangle_injection_removal alpha=0.9 seed=3 workflow=diversity_curves_shortest_path status=success
2026-06-09 08:27:02,984 INFO row_complete 1669/2640 dataset=erdos_renyi perturbation=triangle_injection_removal alpha=1.0 seed=3 workflow=structural_statistics_mmd status=success
2026-06-09 08:27:02,985 INFO row_complete 1670/2640 dataset=erdos_renyi perturbation=triangle_injection_removal alpha=1.0 seed=3 workflow=wl_subtree_kernel_mmd status=success
2026-06-09 08:27:02,986 INFO row_complete 1671/2640 dataset=erdos_renyi perturbation=triangle_injection_removal alpha=1.0 seed=3 workflow=netlsd_spectral_signatures status=success
2026-06-09 08:27:02,987 INFO row_complete 1672/2640 dataset=erdos_renyi perturbation=triangle_injection_removal alpha=1.0 seed=3 workflow=diversity_curves_shortest_path status=success
2026-06-09 08:27:03,005 INFO row_complete 1673/2640 dataset=erdos_renyi perturbation=community_weakening alpha=0.0 seed=3 workflow=structural_statistics_mmd status=skipped
2026-06-09 08:27:03,006 INFO row_complete 1674/2640 dataset=erdos_renyi perturbation=community_weakening alpha=0.0 seed=3 workflow=wl_subtree_kernel_mmd status=skipped
2026-06-09 08:27:03,007 INFO row_complete 1675/2640 dataset=erdos_renyi perturbation=community_weakening alpha=0.0 seed=3 workflow=netlsd_spectral_signatures status=skipped
2026-06-09 08:27:03,008 INFO row_complete 1676/2640 dataset=erdos_renyi perturbation=community_weakening alpha=0.0 seed=3 workflow=diversity_curves_shortest_path status=skipped
2026-06-09 08:27:03,024 INFO row_complete 1677/2640 dataset=erdos_renyi perturbation=community_weakening alpha=0.1 seed=3 workflow=structural_statistics_mmd status=skipped
2026-06-09 08:27:03,025 INFO row_complete 1678/2640 dataset=erdos_renyi perturbation=community_weakening alpha=0.1 seed=3 workflow=wl_subtree_kernel_mmd status=skipped
2026-06-09 08:27:03,026 INFO row_complete 1679/2640 dataset=erdos_renyi perturbation=community_weakening alpha=0.1 seed=3 workflow=netlsd_spectral_signatures status=skipped
2026-06-09 08:27:03,027 INFO row_complete 1680/2640 dataset=erdos_renyi perturbation=community_weakening alpha=0.1 seed=3 workflow=diversity_curves_shortest_path status=skipped
2026-06-09 08:27:03,044 INFO row_complete 1681/2640 dataset=erdos_renyi perturbation=community_weakening alpha=0.2 seed=3 workflow=structural_statistics_mmd status=skipped
2026-06-09 08:27:03,045 INFO row_complete 1682/2640 dataset=erdos_renyi perturbation=community_weakening alpha=0.2 seed=3 workflow=wl_subtree_kernel_mmd status=skipped
2026-06-09 08:27:03,046 INFO row_complete 1683/2640 dataset=erdos_renyi perturbation=community_weakening alpha=0.2 seed=3 workflow=netlsd_spectral_signatures status=skipped
2026-06-09 08:27:03,047 INFO row_complete 1684/2640 dataset=erdos_renyi perturbation=community_weakening alpha=0.2 seed=3 workflow=diversity_curves_shortest_path status=skipped
2026-06-09 08:27:03,063 INFO row_complete 1685/2640 dataset=erdos_renyi perturbation=community_weakening alpha=0.3 seed=3 workflow=structural_statistics_mmd status=skipped
2026-06-09 08:27:03,064 INFO row_complete 1686/2640 dataset=erdos_renyi perturbation=community_weakening alpha=0.3 seed=3 workflow=wl_subtree_kernel_mmd status=skipped
2026-06-09 08:27:03,065 INFO row_complete 1687/2640 dataset=erdos_renyi perturbation=community_weakening alpha=0.3 seed=3 workflow=netlsd_spectral_signatures status=skipped
2026-06-09 08:27:03,066 INFO row_complete 1688/2640 dataset=erdos_renyi perturbation=community_weakening alpha=0.3 seed=3 workflow=diversity_curves_shortest_path status=skipped
2026-06-09 08:27:03,081 INFO row_complete 1689/2640 dataset=erdos_renyi perturbation=community_weakening alpha=0.4 seed=3 workflow=structural_statistics_mmd status=skipped
2026-06-09 08:27:03,082 INFO row_complete 1690/2640 dataset=erdos_renyi perturbation=community_weakening alpha=0.4 seed=3 workflow=wl_subtree_kernel_mmd status=skipped
2026-06-09 08:27:03,083 INFO row_complete 1691/2640 dataset=erdos_renyi perturbation=community_weakening alpha=0.4 seed=3 workflow=netlsd_spectral_signatures status=skipped
2026-06-09 08:27:03,084 INFO row_complete 1692/2640 dataset=erdos_renyi perturbation=community_weakening alpha=0.4 seed=3 workflow=diversity_curves_shortest_path status=skipped
2026-06-09 08:27:03,100 INFO row_complete 1693/2640 dataset=erdos_renyi perturbation=community_weakening alpha=0.5 seed=3 workflow=structural_statistics_mmd status=skipped
2026-06-09 08:27:03,101 INFO row_complete 1694/2640 dataset=erdos_renyi perturbation=community_weakening alpha=0.5 seed=3 workflow=wl_subtree_kernel_mmd status=skipped
2026-06-09 08:27:03,102 INFO row_complete 1695/2640 dataset=erdos_renyi perturbation=community_weakening alpha=0.5 seed=3 workflow=netlsd_spectral_signatures status=skipped
2026-06-09 08:27:03,103 INFO row_complete 1696/2640 dataset=erdos_renyi perturbation=community_weakening alpha=0.5 seed=3 workflow=diversity_curves_shortest_path status=skipped
2026-06-09 08:27:03,120 INFO row_complete 1697/2640 dataset=erdos_renyi perturbation=community_weakening alpha=0.6 seed=3 workflow=structural_statistics_mmd status=skipped
2026-06-09 08:27:03,121 INFO row_complete 1698/2640 dataset=erdos_renyi perturbation=community_weakening alpha=0.6 seed=3 workflow=wl_subtree_kernel_mmd status=skipped
2026-06-09 08:27:03,122 INFO row_complete 1699/2640 dataset=erdos_renyi perturbation=community_weakening alpha=0.6 seed=3 workflow=netlsd_spectral_signatures status=skipped
2026-06-09 08:27:03,123 INFO row_complete 1700/2640 dataset=erdos_renyi perturbation=community_weakening alpha=0.6 seed=3 workflow=diversity_curves_shortest_path status=skipped
2026-06-09 08:27:03,145 INFO row_complete 1701/2640 dataset=erdos_renyi perturbation=community_weakening alpha=0.7 seed=3 workflow=structural_statistics_mmd status=skipped
2026-06-09 08:27:03,146 INFO row_complete 1702/2640 dataset=erdos_renyi perturbation=community_weakening alpha=0.7 seed=3 workflow=wl_subtree_kernel_mmd status=skipped
2026-06-09 08:27:03,147 INFO row_complete 1703/2640 dataset=erdos_renyi perturbation=community_weakening alpha=0.7 seed=3 workflow=netlsd_spectral_signatures status=skipped
2026-06-09 08:27:03,148 INFO row_complete 1704/2640 dataset=erdos_renyi perturbation=community_weakening alpha=0.7 seed=3 workflow=diversity_curves_shortest_path status=skipped
2026-06-09 08:27:03,164 INFO row_complete 1705/2640 dataset=erdos_renyi perturbation=community_weakening alpha=0.8 seed=3 workflow=structural_statistics_mmd status=skipped
2026-06-09 08:27:03,165 INFO row_complete 1706/2640 dataset=erdos_renyi perturbation=community_weakening alpha=0.8 seed=3 workflow=wl_subtree_kernel_mmd status=skipped
2026-06-09 08:27:03,166 INFO row_complete 1707/2640 dataset=erdos_renyi perturbation=community_weakening alpha=0.8 seed=3 workflow=netlsd_spectral_signatures status=skipped
2026-06-09 08:27:03,167 INFO row_complete 1708/2640 dataset=erdos_renyi perturbation=community_weakening alpha=0.8 seed=3 workflow=diversity_curves_shortest_path status=skipped
2026-06-09 08:27:03,182 INFO row_complete 1709/2640 dataset=erdos_renyi perturbation=community_weakening alpha=0.9 seed=3 workflow=structural_statistics_mmd status=skipped
2026-06-09 08:27:03,183 INFO row_complete 1710/2640 dataset=erdos_renyi perturbation=community_weakening alpha=0.9 seed=3 workflow=wl_subtree_kernel_mmd status=skipped
2026-06-09 08:27:03,184 INFO row_complete 1711/2640 dataset=erdos_renyi perturbation=community_weakening alpha=0.9 seed=3 workflow=netlsd_spectral_signatures status=skipped
2026-06-09 08:27:03,185 INFO row_complete 1712/2640 dataset=erdos_renyi perturbation=community_weakening alpha=0.9 seed=3 workflow=diversity_curves_shortest_path status=skipped
2026-06-09 08:27:03,201 INFO row_complete 1713/2640 dataset=erdos_renyi perturbation=community_weakening alpha=1.0 seed=3 workflow=structural_statistics_mmd status=skipped
2026-06-09 08:27:03,202 INFO row_complete 1714/2640 dataset=erdos_renyi perturbation=community_weakening alpha=1.0 seed=3 workflow=wl_subtree_kernel_mmd status=skipped
2026-06-09 08:27:03,203 INFO row_complete 1715/2640 dataset=erdos_renyi perturbation=community_weakening alpha=1.0 seed=3 workflow=netlsd_spectral_signatures status=skipped
2026-06-09 08:27:03,203 INFO row_complete 1716/2640 dataset=erdos_renyi perturbation=community_weakening alpha=1.0 seed=3 workflow=diversity_curves_shortest_path status=skipped
2026-06-09 08:28:37,075 INFO row_complete 1717/2640 dataset=erdos_renyi perturbation=hub_modification alpha=0.0 seed=3 workflow=structural_statistics_mmd status=success
2026-06-09 08:28:37,077 INFO row_complete 1718/2640 dataset=erdos_renyi perturbation=hub_modification alpha=0.0 seed=3 workflow=wl_subtree_kernel_mmd status=success
2026-06-09 08:28:37,078 INFO row_complete 1719/2640 dataset=erdos_renyi perturbation=hub_modification alpha=0.0 seed=3 workflow=netlsd_spectral_signatures status=success
2026-06-09 08:28:37,079 INFO row_complete 1720/2640 dataset=erdos_renyi perturbation=hub_modification alpha=0.0 seed=3 workflow=diversity_curves_shortest_path status=success
2026-06-09 08:30:10,757 INFO row_complete 1721/2640 dataset=erdos_renyi perturbation=hub_modification alpha=0.1 seed=3 workflow=structural_statistics_mmd status=success
2026-06-09 08:30:10,759 INFO row_complete 1722/2640 dataset=erdos_renyi perturbation=hub_modification alpha=0.1 seed=3 workflow=wl_subtree_kernel_mmd status=success
2026-06-09 08:30:10,760 INFO row_complete 1723/2640 dataset=erdos_renyi perturbation=hub_modification alpha=0.1 seed=3 workflow=netlsd_spectral_signatures status=success
2026-06-09 08:30:10,761 INFO row_complete 1724/2640 dataset=erdos_renyi perturbation=hub_modification alpha=0.1 seed=3 workflow=diversity_curves_shortest_path status=success
2026-06-09 08:31:44,511 INFO row_complete 1725/2640 dataset=erdos_renyi perturbation=hub_modification alpha=0.2 seed=3 workflow=structural_statistics_mmd status=success
2026-06-09 08:31:44,513 INFO row_complete 1726/2640 dataset=erdos_renyi perturbation=hub_modification alpha=0.2 seed=3 workflow=wl_subtree_kernel_mmd status=success
2026-06-09 08:31:44,514 INFO row_complete 1727/2640 dataset=erdos_renyi perturbation=hub_modification alpha=0.2 seed=3 workflow=netlsd_spectral_signatures status=success
2026-06-09 08:31:44,515 INFO row_complete 1728/2640 dataset=erdos_renyi perturbation=hub_modification alpha=0.2 seed=3 workflow=diversity_curves_shortest_path status=success
2026-06-09 08:33:18,243 INFO row_complete 1729/2640 dataset=erdos_renyi perturbation=hub_modification alpha=0.3 seed=3 workflow=structural_statistics_mmd status=success
2026-06-09 08:33:18,244 INFO row_complete 1730/2640 dataset=erdos_renyi perturbation=hub_modification alpha=0.3 seed=3 workflow=wl_subtree_kernel_mmd status=success
2026-06-09 08:33:18,244 INFO row_complete 1731/2640 dataset=erdos_renyi perturbation=hub_modification alpha=0.3 seed=3 workflow=netlsd_spectral_signatures status=success
2026-06-09 08:33:18,245 INFO row_complete 1732/2640 dataset=erdos_renyi perturbation=hub_modification alpha=0.3 seed=3 workflow=diversity_curves_shortest_path status=success
2026-06-09 08:34:52,006 INFO row_complete 1733/2640 dataset=erdos_renyi perturbation=hub_modification alpha=0.4 seed=3 workflow=structural_statistics_mmd status=success
2026-06-09 08:34:52,008 INFO row_complete 1734/2640 dataset=erdos_renyi perturbation=hub_modification alpha=0.4 seed=3 workflow=wl_subtree_kernel_mmd status=success
2026-06-09 08:34:52,009 INFO row_complete 1735/2640 dataset=erdos_renyi perturbation=hub_modification alpha=0.4 seed=3 workflow=netlsd_spectral_signatures status=success
2026-06-09 08:34:52,010 INFO row_complete 1736/2640 dataset=erdos_renyi perturbation=hub_modification alpha=0.4 seed=3 workflow=diversity_curves_shortest_path status=success
2026-06-09 08:36:24,870 INFO row_complete 1737/2640 dataset=erdos_renyi perturbation=hub_modification alpha=0.5 seed=3 workflow=structural_statistics_mmd status=success
2026-06-09 08:36:24,871 INFO row_complete 1738/2640 dataset=erdos_renyi perturbation=hub_modification alpha=0.5 seed=3 workflow=wl_subtree_kernel_mmd status=success
2026-06-09 08:36:24,872 INFO row_complete 1739/2640 dataset=erdos_renyi perturbation=hub_modification alpha=0.5 seed=3 workflow=netlsd_spectral_signatures status=success
2026-06-09 08:36:24,873 INFO row_complete 1740/2640 dataset=erdos_renyi perturbation=hub_modification alpha=0.5 seed=3 workflow=diversity_curves_shortest_path status=success
2026-06-09 08:37:58,273 INFO row_complete 1741/2640 dataset=erdos_renyi perturbation=hub_modification alpha=0.6 seed=3 workflow=structural_statistics_mmd status=success
2026-06-09 08:37:58,274 INFO row_complete 1742/2640 dataset=erdos_renyi perturbation=hub_modification alpha=0.6 seed=3 workflow=wl_subtree_kernel_mmd status=success
2026-06-09 08:37:58,275 INFO row_complete 1743/2640 dataset=erdos_renyi perturbation=hub_modification alpha=0.6 seed=3 workflow=netlsd_spectral_signatures status=success
2026-06-09 08:37:58,276 INFO row_complete 1744/2640 dataset=erdos_renyi perturbation=hub_modification alpha=0.6 seed=3 workflow=diversity_curves_shortest_path status=success
2026-06-09 08:39:32,063 INFO row_complete 1745/2640 dataset=erdos_renyi perturbation=hub_modification alpha=0.7 seed=3 workflow=structural_statistics_mmd status=success
2026-06-09 08:39:32,065 INFO row_complete 1746/2640 dataset=erdos_renyi perturbation=hub_modification alpha=0.7 seed=3 workflow=wl_subtree_kernel_mmd status=success
2026-06-09 08:39:32,066 INFO row_complete 1747/2640 dataset=erdos_renyi perturbation=hub_modification alpha=0.7 seed=3 workflow=netlsd_spectral_signatures status=success
2026-06-09 08:39:32,066 INFO row_complete 1748/2640 dataset=erdos_renyi perturbation=hub_modification alpha=0.7 seed=3 workflow=diversity_curves_shortest_path status=success
2026-06-09 08:41:06,315 INFO row_complete 1749/2640 dataset=erdos_renyi perturbation=hub_modification alpha=0.8 seed=3 workflow=structural_statistics_mmd status=success
2026-06-09 08:41:06,316 INFO row_complete 1750/2640 dataset=erdos_renyi perturbation=hub_modification alpha=0.8 seed=3 workflow=wl_subtree_kernel_mmd status=success
2026-06-09 08:41:06,317 INFO row_complete 1751/2640 dataset=erdos_renyi perturbation=hub_modification alpha=0.8 seed=3 workflow=netlsd_spectral_signatures status=success
2026-06-09 08:41:06,318 INFO row_complete 1752/2640 dataset=erdos_renyi perturbation=hub_modification alpha=0.8 seed=3 workflow=diversity_curves_shortest_path status=success
2026-06-09 08:42:40,531 INFO row_complete 1753/2640 dataset=erdos_renyi perturbation=hub_modification alpha=0.9 seed=3 workflow=structural_statistics_mmd status=success
2026-06-09 08:42:40,532 INFO row_complete 1754/2640 dataset=erdos_renyi perturbation=hub_modification alpha=0.9 seed=3 workflow=wl_subtree_kernel_mmd status=success
2026-06-09 08:42:40,533 INFO row_complete 1755/2640 dataset=erdos_renyi perturbation=hub_modification alpha=0.9 seed=3 workflow=netlsd_spectral_signatures status=success
2026-06-09 08:42:40,534 INFO row_complete 1756/2640 dataset=erdos_renyi perturbation=hub_modification alpha=0.9 seed=3 workflow=diversity_curves_shortest_path status=success
2026-06-09 08:44:14,724 INFO row_complete 1757/2640 dataset=erdos_renyi perturbation=hub_modification alpha=1.0 seed=3 workflow=structural_statistics_mmd status=success
2026-06-09 08:44:14,725 INFO row_complete 1758/2640 dataset=erdos_renyi perturbation=hub_modification alpha=1.0 seed=3 workflow=wl_subtree_kernel_mmd status=success
2026-06-09 08:44:14,726 INFO row_complete 1759/2640 dataset=erdos_renyi perturbation=hub_modification alpha=1.0 seed=3 workflow=netlsd_spectral_signatures status=success
2026-06-09 08:44:14,727 INFO row_complete 1760/2640 dataset=erdos_renyi perturbation=hub_modification alpha=1.0 seed=3 workflow=diversity_curves_shortest_path status=success
2026-06-09 08:45:45,842 INFO row_complete 1761/2640 dataset=stochastic_block_model perturbation=edge_addition_deletion alpha=0.0 seed=3 workflow=structural_statistics_mmd status=success
2026-06-09 08:45:45,844 INFO row_complete 1762/2640 dataset=stochastic_block_model perturbation=edge_addition_deletion alpha=0.0 seed=3 workflow=wl_subtree_kernel_mmd status=success
2026-06-09 08:45:45,845 INFO row_complete 1763/2640 dataset=stochastic_block_model perturbation=edge_addition_deletion alpha=0.0 seed=3 workflow=netlsd_spectral_signatures status=success
2026-06-09 08:45:45,845 INFO row_complete 1764/2640 dataset=stochastic_block_model perturbation=edge_addition_deletion alpha=0.0 seed=3 workflow=diversity_curves_shortest_path status=success
2026-06-09 08:47:17,060 INFO row_complete 1765/2640 dataset=stochastic_block_model perturbation=edge_addition_deletion alpha=0.1 seed=3 workflow=structural_statistics_mmd status=success
2026-06-09 08:47:17,063 INFO row_complete 1766/2640 dataset=stochastic_block_model perturbation=edge_addition_deletion alpha=0.1 seed=3 workflow=wl_subtree_kernel_mmd status=success
2026-06-09 08:47:17,066 INFO row_complete 1767/2640 dataset=stochastic_block_model perturbation=edge_addition_deletion alpha=0.1 seed=3 workflow=netlsd_spectral_signatures status=success
2026-06-09 08:47:17,069 INFO row_complete 1768/2640 dataset=stochastic_block_model perturbation=edge_addition_deletion alpha=0.1 seed=3 workflow=diversity_curves_shortest_path status=success
2026-06-09 08:48:48,151 INFO row_complete 1769/2640 dataset=stochastic_block_model perturbation=edge_addition_deletion alpha=0.2 seed=3 workflow=structural_statistics_mmd status=success
2026-06-09 08:48:48,152 INFO row_complete 1770/2640 dataset=stochastic_block_model perturbation=edge_addition_deletion alpha=0.2 seed=3 workflow=wl_subtree_kernel_mmd status=success
2026-06-09 08:48:48,153 INFO row_complete 1771/2640 dataset=stochastic_block_model perturbation=edge_addition_deletion alpha=0.2 seed=3 workflow=netlsd_spectral_signatures status=success
2026-06-09 08:48:48,154 INFO row_complete 1772/2640 dataset=stochastic_block_model perturbation=edge_addition_deletion alpha=0.2 seed=3 workflow=diversity_curves_shortest_path status=success
2026-06-09 08:50:19,398 INFO row_complete 1773/2640 dataset=stochastic_block_model perturbation=edge_addition_deletion alpha=0.3 seed=3 workflow=structural_statistics_mmd status=success
2026-06-09 08:50:19,400 INFO row_complete 1774/2640 dataset=stochastic_block_model perturbation=edge_addition_deletion alpha=0.3 seed=3 workflow=wl_subtree_kernel_mmd status=success
2026-06-09 08:50:19,401 INFO row_complete 1775/2640 dataset=stochastic_block_model perturbation=edge_addition_deletion alpha=0.3 seed=3 workflow=netlsd_spectral_signatures status=success
2026-06-09 08:50:19,402 INFO row_complete 1776/2640 dataset=stochastic_block_model perturbation=edge_addition_deletion alpha=0.3 seed=3 workflow=diversity_curves_shortest_path status=success
2026-06-09 08:51:50,685 INFO row_complete 1777/2640 dataset=stochastic_block_model perturbation=edge_addition_deletion alpha=0.4 seed=3 workflow=structural_statistics_mmd status=success
2026-06-09 08:51:50,686 INFO row_complete 1778/2640 dataset=stochastic_block_model perturbation=edge_addition_deletion alpha=0.4 seed=3 workflow=wl_subtree_kernel_mmd status=success
2026-06-09 08:51:50,687 INFO row_complete 1779/2640 dataset=stochastic_block_model perturbation=edge_addition_deletion alpha=0.4 seed=3 workflow=netlsd_spectral_signatures status=success
2026-06-09 08:51:50,688 INFO row_complete 1780/2640 dataset=stochastic_block_model perturbation=edge_addition_deletion alpha=0.4 seed=3 workflow=diversity_curves_shortest_path status=success
2026-06-09 08:53:22,478 INFO row_complete 1781/2640 dataset=stochastic_block_model perturbation=edge_addition_deletion alpha=0.5 seed=3 workflow=structural_statistics_mmd status=success
2026-06-09 08:53:22,479 INFO row_complete 1782/2640 dataset=stochastic_block_model perturbation=edge_addition_deletion alpha=0.5 seed=3 workflow=wl_subtree_kernel_mmd status=success
2026-06-09 08:53:22,480 INFO row_complete 1783/2640 dataset=stochastic_block_model perturbation=edge_addition_deletion alpha=0.5 seed=3 workflow=netlsd_spectral_signatures status=success
2026-06-09 08:53:22,481 INFO row_complete 1784/2640 dataset=stochastic_block_model perturbation=edge_addition_deletion alpha=0.5 seed=3 workflow=diversity_curves_shortest_path status=success
2026-06-09 08:54:53,832 INFO row_complete 1785/2640 dataset=stochastic_block_model perturbation=edge_addition_deletion alpha=0.6 seed=3 workflow=structural_statistics_mmd status=success
2026-06-09 08:54:53,834 INFO row_complete 1786/2640 dataset=stochastic_block_model perturbation=edge_addition_deletion alpha=0.6 seed=3 workflow=wl_subtree_kernel_mmd status=success
2026-06-09 08:54:53,834 INFO row_complete 1787/2640 dataset=stochastic_block_model perturbation=edge_addition_deletion alpha=0.6 seed=3 workflow=netlsd_spectral_signatures status=success
2026-06-09 08:54:53,835 INFO row_complete 1788/2640 dataset=stochastic_block_model perturbation=edge_addition_deletion alpha=0.6 seed=3 workflow=diversity_curves_shortest_path status=success
2026-06-09 08:56:25,075 INFO row_complete 1789/2640 dataset=stochastic_block_model perturbation=edge_addition_deletion alpha=0.7 seed=3 workflow=structural_statistics_mmd status=success
2026-06-09 08:56:25,078 INFO row_complete 1790/2640 dataset=stochastic_block_model perturbation=edge_addition_deletion alpha=0.7 seed=3 workflow=wl_subtree_kernel_mmd status=success
2026-06-09 08:56:25,079 INFO row_complete 1791/2640 dataset=stochastic_block_model perturbation=edge_addition_deletion alpha=0.7 seed=3 workflow=netlsd_spectral_signatures status=success
2026-06-09 08:56:25,080 INFO row_complete 1792/2640 dataset=stochastic_block_model perturbation=edge_addition_deletion alpha=0.7 seed=3 workflow=diversity_curves_shortest_path status=success
2026-06-09 08:57:56,325 INFO row_complete 1793/2640 dataset=stochastic_block_model perturbation=edge_addition_deletion alpha=0.8 seed=3 workflow=structural_statistics_mmd status=success
2026-06-09 08:57:56,328 INFO row_complete 1794/2640 dataset=stochastic_block_model perturbation=edge_addition_deletion alpha=0.8 seed=3 workflow=wl_subtree_kernel_mmd status=success
2026-06-09 08:57:56,331 INFO row_complete 1795/2640 dataset=stochastic_block_model perturbation=edge_addition_deletion alpha=0.8 seed=3 workflow=netlsd_spectral_signatures status=success
2026-06-09 08:57:56,334 INFO row_complete 1796/2640 dataset=stochastic_block_model perturbation=edge_addition_deletion alpha=0.8 seed=3 workflow=diversity_curves_shortest_path status=success
2026-06-09 08:59:27,478 INFO row_complete 1797/2640 dataset=stochastic_block_model perturbation=edge_addition_deletion alpha=0.9 seed=3 workflow=structural_statistics_mmd status=success
2026-06-09 08:59:27,480 INFO row_complete 1798/2640 dataset=stochastic_block_model perturbation=edge_addition_deletion alpha=0.9 seed=3 workflow=wl_subtree_kernel_mmd status=success
2026-06-09 08:59:27,480 INFO row_complete 1799/2640 dataset=stochastic_block_model perturbation=edge_addition_deletion alpha=0.9 seed=3 workflow=netlsd_spectral_signatures status=success
2026-06-09 08:59:27,481 INFO row_complete 1800/2640 dataset=stochastic_block_model perturbation=edge_addition_deletion alpha=0.9 seed=3 workflow=diversity_curves_shortest_path status=success
2026-06-09 09:00:58,730 INFO row_complete 1801/2640 dataset=stochastic_block_model perturbation=edge_addition_deletion alpha=1.0 seed=3 workflow=structural_statistics_mmd status=success
2026-06-09 09:00:58,731 INFO row_complete 1802/2640 dataset=stochastic_block_model perturbation=edge_addition_deletion alpha=1.0 seed=3 workflow=wl_subtree_kernel_mmd status=success
2026-06-09 09:00:58,732 INFO row_complete 1803/2640 dataset=stochastic_block_model perturbation=edge_addition_deletion alpha=1.0 seed=3 workflow=netlsd_spectral_signatures status=success
2026-06-09 09:00:58,733 INFO row_complete 1804/2640 dataset=stochastic_block_model perturbation=edge_addition_deletion alpha=1.0 seed=3 workflow=diversity_curves_shortest_path status=success
2026-06-09 09:02:29,796 INFO row_complete 1805/2640 dataset=stochastic_block_model perturbation=triangle_injection_removal alpha=0.0 seed=3 workflow=structural_statistics_mmd status=success
2026-06-09 09:02:29,800 INFO row_complete 1806/2640 dataset=stochastic_block_model perturbation=triangle_injection_removal alpha=0.0 seed=3 workflow=wl_subtree_kernel_mmd status=success
2026-06-09 09:02:29,803 INFO row_complete 1807/2640 dataset=stochastic_block_model perturbation=triangle_injection_removal alpha=0.0 seed=3 workflow=netlsd_spectral_signatures status=success
2026-06-09 09:02:29,804 INFO row_complete 1808/2640 dataset=stochastic_block_model perturbation=triangle_injection_removal alpha=0.0 seed=3 workflow=diversity_curves_shortest_path status=success
2026-06-09 09:04:01,159 INFO row_complete 1809/2640 dataset=stochastic_block_model perturbation=triangle_injection_removal alpha=0.1 seed=3 workflow=structural_statistics_mmd status=success
2026-06-09 09:04:01,160 INFO row_complete 1810/2640 dataset=stochastic_block_model perturbation=triangle_injection_removal alpha=0.1 seed=3 workflow=wl_subtree_kernel_mmd status=success
2026-06-09 09:04:01,162 INFO row_complete 1811/2640 dataset=stochastic_block_model perturbation=triangle_injection_removal alpha=0.1 seed=3 workflow=netlsd_spectral_signatures status=success
2026-06-09 09:04:01,163 INFO row_complete 1812/2640 dataset=stochastic_block_model perturbation=triangle_injection_removal alpha=0.1 seed=3 workflow=diversity_curves_shortest_path status=success
2026-06-09 09:05:32,519 INFO row_complete 1813/2640 dataset=stochastic_block_model perturbation=triangle_injection_removal alpha=0.2 seed=3 workflow=structural_statistics_mmd status=success
2026-06-09 09:05:32,521 INFO row_complete 1814/2640 dataset=stochastic_block_model perturbation=triangle_injection_removal alpha=0.2 seed=3 workflow=wl_subtree_kernel_mmd status=success
2026-06-09 09:05:32,522 INFO row_complete 1815/2640 dataset=stochastic_block_model perturbation=triangle_injection_removal alpha=0.2 seed=3 workflow=netlsd_spectral_signatures status=success
2026-06-09 09:05:32,523 INFO row_complete 1816/2640 dataset=stochastic_block_model perturbation=triangle_injection_removal alpha=0.2 seed=3 workflow=diversity_curves_shortest_path status=success
2026-06-09 09:07:04,000 INFO row_complete 1817/2640 dataset=stochastic_block_model perturbation=triangle_injection_removal alpha=0.3 seed=3 workflow=structural_statistics_mmd status=success
2026-06-09 09:07:04,003 INFO row_complete 1818/2640 dataset=stochastic_block_model perturbation=triangle_injection_removal alpha=0.3 seed=3 workflow=wl_subtree_kernel_mmd status=success
2026-06-09 09:07:04,004 INFO row_complete 1819/2640 dataset=stochastic_block_model perturbation=triangle_injection_removal alpha=0.3 seed=3 workflow=netlsd_spectral_signatures status=success
2026-06-09 09:07:04,005 INFO row_complete 1820/2640 dataset=stochastic_block_model perturbation=triangle_injection_removal alpha=0.3 seed=3 workflow=diversity_curves_shortest_path status=success
2026-06-09 09:08:35,304 INFO row_complete 1821/2640 dataset=stochastic_block_model perturbation=triangle_injection_removal alpha=0.4 seed=3 workflow=structural_statistics_mmd status=success
2026-06-09 09:08:35,307 INFO row_complete 1822/2640 dataset=stochastic_block_model perturbation=triangle_injection_removal alpha=0.4 seed=3 workflow=wl_subtree_kernel_mmd status=success
2026-06-09 09:08:35,309 INFO row_complete 1823/2640 dataset=stochastic_block_model perturbation=triangle_injection_removal alpha=0.4 seed=3 workflow=netlsd_spectral_signatures status=success
2026-06-09 09:08:35,310 INFO row_complete 1824/2640 dataset=stochastic_block_model perturbation=triangle_injection_removal alpha=0.4 seed=3 workflow=diversity_curves_shortest_path status=success
2026-06-09 09:10:06,796 INFO row_complete 1825/2640 dataset=stochastic_block_model perturbation=triangle_injection_removal alpha=0.5 seed=3 workflow=structural_statistics_mmd status=success
2026-06-09 09:10:06,798 INFO row_complete 1826/2640 dataset=stochastic_block_model perturbation=triangle_injection_removal alpha=0.5 seed=3 workflow=wl_subtree_kernel_mmd status=success
2026-06-09 09:10:06,799 INFO row_complete 1827/2640 dataset=stochastic_block_model perturbation=triangle_injection_removal alpha=0.5 seed=3 workflow=netlsd_spectral_signatures status=success
2026-06-09 09:10:06,800 INFO row_complete 1828/2640 dataset=stochastic_block_model perturbation=triangle_injection_removal alpha=0.5 seed=3 workflow=diversity_curves_shortest_path status=success
2026-06-09 09:11:38,025 INFO row_complete 1829/2640 dataset=stochastic_block_model perturbation=triangle_injection_removal alpha=0.6 seed=3 workflow=structural_statistics_mmd status=success
2026-06-09 09:11:38,026 INFO row_complete 1830/2640 dataset=stochastic_block_model perturbation=triangle_injection_removal alpha=0.6 seed=3 workflow=wl_subtree_kernel_mmd status=success
2026-06-09 09:11:38,027 INFO row_complete 1831/2640 dataset=stochastic_block_model perturbation=triangle_injection_removal alpha=0.6 seed=3 workflow=netlsd_spectral_signatures status=success
2026-06-09 09:11:38,028 INFO row_complete 1832/2640 dataset=stochastic_block_model perturbation=triangle_injection_removal alpha=0.6 seed=3 workflow=diversity_curves_shortest_path status=success
2026-06-09 09:13:12,551 INFO row_complete 1833/2640 dataset=stochastic_block_model perturbation=triangle_injection_removal alpha=0.7 seed=3 workflow=structural_statistics_mmd status=success
2026-06-09 09:13:12,552 INFO row_complete 1834/2640 dataset=stochastic_block_model perturbation=triangle_injection_removal alpha=0.7 seed=3 workflow=wl_subtree_kernel_mmd status=success
2026-06-09 09:13:12,553 INFO row_complete 1835/2640 dataset=stochastic_block_model perturbation=triangle_injection_removal alpha=0.7 seed=3 workflow=netlsd_spectral_signatures status=success
2026-06-09 09:13:12,555 INFO row_complete 1836/2640 dataset=stochastic_block_model perturbation=triangle_injection_removal alpha=0.7 seed=3 workflow=diversity_curves_shortest_path status=success
2026-06-09 09:14:43,758 INFO row_complete 1837/2640 dataset=stochastic_block_model perturbation=triangle_injection_removal alpha=0.8 seed=3 workflow=structural_statistics_mmd status=success
2026-06-09 09:14:43,760 INFO row_complete 1838/2640 dataset=stochastic_block_model perturbation=triangle_injection_removal alpha=0.8 seed=3 workflow=wl_subtree_kernel_mmd status=success
2026-06-09 09:14:43,761 INFO row_complete 1839/2640 dataset=stochastic_block_model perturbation=triangle_injection_removal alpha=0.8 seed=3 workflow=netlsd_spectral_signatures status=success
2026-06-09 09:14:43,761 INFO row_complete 1840/2640 dataset=stochastic_block_model perturbation=triangle_injection_removal alpha=0.8 seed=3 workflow=diversity_curves_shortest_path status=success
2026-06-09 09:16:15,327 INFO row_complete 1841/2640 dataset=stochastic_block_model perturbation=triangle_injection_removal alpha=0.9 seed=3 workflow=structural_statistics_mmd status=success
2026-06-09 09:16:15,330 INFO row_complete 1842/2640 dataset=stochastic_block_model perturbation=triangle_injection_removal alpha=0.9 seed=3 workflow=wl_subtree_kernel_mmd status=success
2026-06-09 09:16:15,332 INFO row_complete 1843/2640 dataset=stochastic_block_model perturbation=triangle_injection_removal alpha=0.9 seed=3 workflow=netlsd_spectral_signatures status=success
2026-06-09 09:16:15,334 INFO row_complete 1844/2640 dataset=stochastic_block_model perturbation=triangle_injection_removal alpha=0.9 seed=3 workflow=diversity_curves_shortest_path status=success
2026-06-09 09:17:46,635 INFO row_complete 1845/2640 dataset=stochastic_block_model perturbation=triangle_injection_removal alpha=1.0 seed=3 workflow=structural_statistics_mmd status=success
2026-06-09 09:17:46,637 INFO row_complete 1846/2640 dataset=stochastic_block_model perturbation=triangle_injection_removal alpha=1.0 seed=3 workflow=wl_subtree_kernel_mmd status=success
2026-06-09 09:17:46,638 INFO row_complete 1847/2640 dataset=stochastic_block_model perturbation=triangle_injection_removal alpha=1.0 seed=3 workflow=netlsd_spectral_signatures status=success
2026-06-09 09:17:46,639 INFO row_complete 1848/2640 dataset=stochastic_block_model perturbation=triangle_injection_removal alpha=1.0 seed=3 workflow=diversity_curves_shortest_path status=success
2026-06-09 09:19:17,973 INFO row_complete 1849/2640 dataset=stochastic_block_model perturbation=community_weakening alpha=0.0 seed=3 workflow=structural_statistics_mmd status=success
2026-06-09 09:19:17,976 INFO row_complete 1850/2640 dataset=stochastic_block_model perturbation=community_weakening alpha=0.0 seed=3 workflow=wl_subtree_kernel_mmd status=success
2026-06-09 09:19:17,978 INFO row_complete 1851/2640 dataset=stochastic_block_model perturbation=community_weakening alpha=0.0 seed=3 workflow=netlsd_spectral_signatures status=success
2026-06-09 09:19:17,980 INFO row_complete 1852/2640 dataset=stochastic_block_model perturbation=community_weakening alpha=0.0 seed=3 workflow=diversity_curves_shortest_path status=success
2026-06-09 09:20:49,032 INFO row_complete 1853/2640 dataset=stochastic_block_model perturbation=community_weakening alpha=0.1 seed=3 workflow=structural_statistics_mmd status=success
2026-06-09 09:20:49,034 INFO row_complete 1854/2640 dataset=stochastic_block_model perturbation=community_weakening alpha=0.1 seed=3 workflow=wl_subtree_kernel_mmd status=success
2026-06-09 09:20:49,035 INFO row_complete 1855/2640 dataset=stochastic_block_model perturbation=community_weakening alpha=0.1 seed=3 workflow=netlsd_spectral_signatures status=success
2026-06-09 09:20:49,036 INFO row_complete 1856/2640 dataset=stochastic_block_model perturbation=community_weakening alpha=0.1 seed=3 workflow=diversity_curves_shortest_path status=success
2026-06-09 09:22:20,188 INFO row_complete 1857/2640 dataset=stochastic_block_model perturbation=community_weakening alpha=0.2 seed=3 workflow=structural_statistics_mmd status=success
2026-06-09 09:22:20,190 INFO row_complete 1858/2640 dataset=stochastic_block_model perturbation=community_weakening alpha=0.2 seed=3 workflow=wl_subtree_kernel_mmd status=success
2026-06-09 09:22:20,191 INFO row_complete 1859/2640 dataset=stochastic_block_model perturbation=community_weakening alpha=0.2 seed=3 workflow=netlsd_spectral_signatures status=success
2026-06-09 09:22:20,192 INFO row_complete 1860/2640 dataset=stochastic_block_model perturbation=community_weakening alpha=0.2 seed=3 workflow=diversity_curves_shortest_path status=success
2026-06-09 09:23:51,434 INFO row_complete 1861/2640 dataset=stochastic_block_model perturbation=community_weakening alpha=0.3 seed=3 workflow=structural_statistics_mmd status=success
2026-06-09 09:23:51,436 INFO row_complete 1862/2640 dataset=stochastic_block_model perturbation=community_weakening alpha=0.3 seed=3 workflow=wl_subtree_kernel_mmd status=success
2026-06-09 09:23:51,437 INFO row_complete 1863/2640 dataset=stochastic_block_model perturbation=community_weakening alpha=0.3 seed=3 workflow=netlsd_spectral_signatures status=success
2026-06-09 09:23:51,438 INFO row_complete 1864/2640 dataset=stochastic_block_model perturbation=community_weakening alpha=0.3 seed=3 workflow=diversity_curves_shortest_path status=success
2026-06-09 09:25:22,659 INFO row_complete 1865/2640 dataset=stochastic_block_model perturbation=community_weakening alpha=0.4 seed=3 workflow=structural_statistics_mmd status=success
2026-06-09 09:25:22,660 INFO row_complete 1866/2640 dataset=stochastic_block_model perturbation=community_weakening alpha=0.4 seed=3 workflow=wl_subtree_kernel_mmd status=success
2026-06-09 09:25:22,661 INFO row_complete 1867/2640 dataset=stochastic_block_model perturbation=community_weakening alpha=0.4 seed=3 workflow=netlsd_spectral_signatures status=success
2026-06-09 09:25:22,662 INFO row_complete 1868/2640 dataset=stochastic_block_model perturbation=community_weakening alpha=0.4 seed=3 workflow=diversity_curves_shortest_path status=success
2026-06-09 09:26:53,878 INFO row_complete 1869/2640 dataset=stochastic_block_model perturbation=community_weakening alpha=0.5 seed=3 workflow=structural_statistics_mmd status=success
2026-06-09 09:26:53,880 INFO row_complete 1870/2640 dataset=stochastic_block_model perturbation=community_weakening alpha=0.5 seed=3 workflow=wl_subtree_kernel_mmd status=success
2026-06-09 09:26:53,881 INFO row_complete 1871/2640 dataset=stochastic_block_model perturbation=community_weakening alpha=0.5 seed=3 workflow=netlsd_spectral_signatures status=success
2026-06-09 09:26:53,882 INFO row_complete 1872/2640 dataset=stochastic_block_model perturbation=community_weakening alpha=0.5 seed=3 workflow=diversity_curves_shortest_path status=success
2026-06-09 09:28:24,942 INFO row_complete 1873/2640 dataset=stochastic_block_model perturbation=community_weakening alpha=0.6 seed=3 workflow=structural_statistics_mmd status=success
2026-06-09 09:28:24,943 INFO row_complete 1874/2640 dataset=stochastic_block_model perturbation=community_weakening alpha=0.6 seed=3 workflow=wl_subtree_kernel_mmd status=success
2026-06-09 09:28:24,944 INFO row_complete 1875/2640 dataset=stochastic_block_model perturbation=community_weakening alpha=0.6 seed=3 workflow=netlsd_spectral_signatures status=success
2026-06-09 09:28:24,945 INFO row_complete 1876/2640 dataset=stochastic_block_model perturbation=community_weakening alpha=0.6 seed=3 workflow=diversity_curves_shortest_path status=success
2026-06-09 09:29:56,118 INFO row_complete 1877/2640 dataset=stochastic_block_model perturbation=community_weakening alpha=0.7 seed=3 workflow=structural_statistics_mmd status=success
2026-06-09 09:29:56,119 INFO row_complete 1878/2640 dataset=stochastic_block_model perturbation=community_weakening alpha=0.7 seed=3 workflow=wl_subtree_kernel_mmd status=success
2026-06-09 09:29:56,120 INFO row_complete 1879/2640 dataset=stochastic_block_model perturbation=community_weakening alpha=0.7 seed=3 workflow=netlsd_spectral_signatures status=success
2026-06-09 09:29:56,121 INFO row_complete 1880/2640 dataset=stochastic_block_model perturbation=community_weakening alpha=0.7 seed=3 workflow=diversity_curves_shortest_path status=success
2026-06-09 09:31:27,416 INFO row_complete 1881/2640 dataset=stochastic_block_model perturbation=community_weakening alpha=0.8 seed=3 workflow=structural_statistics_mmd status=success
2026-06-09 09:31:27,417 INFO row_complete 1882/2640 dataset=stochastic_block_model perturbation=community_weakening alpha=0.8 seed=3 workflow=wl_subtree_kernel_mmd status=success
2026-06-09 09:31:27,418 INFO row_complete 1883/2640 dataset=stochastic_block_model perturbation=community_weakening alpha=0.8 seed=3 workflow=netlsd_spectral_signatures status=success
2026-06-09 09:31:27,419 INFO row_complete 1884/2640 dataset=stochastic_block_model perturbation=community_weakening alpha=0.8 seed=3 workflow=diversity_curves_shortest_path status=success
2026-06-09 09:32:58,648 INFO row_complete 1885/2640 dataset=stochastic_block_model perturbation=community_weakening alpha=0.9 seed=3 workflow=structural_statistics_mmd status=success
2026-06-09 09:32:58,649 INFO row_complete 1886/2640 dataset=stochastic_block_model perturbation=community_weakening alpha=0.9 seed=3 workflow=wl_subtree_kernel_mmd status=success
2026-06-09 09:32:58,651 INFO row_complete 1887/2640 dataset=stochastic_block_model perturbation=community_weakening alpha=0.9 seed=3 workflow=netlsd_spectral_signatures status=success
2026-06-09 09:32:58,652 INFO row_complete 1888/2640 dataset=stochastic_block_model perturbation=community_weakening alpha=0.9 seed=3 workflow=diversity_curves_shortest_path status=success
2026-06-09 09:34:29,929 INFO row_complete 1889/2640 dataset=stochastic_block_model perturbation=community_weakening alpha=1.0 seed=3 workflow=structural_statistics_mmd status=success
2026-06-09 09:34:29,931 INFO row_complete 1890/2640 dataset=stochastic_block_model perturbation=community_weakening alpha=1.0 seed=3 workflow=wl_subtree_kernel_mmd status=success
2026-06-09 09:34:29,932 INFO row_complete 1891/2640 dataset=stochastic_block_model perturbation=community_weakening alpha=1.0 seed=3 workflow=netlsd_spectral_signatures status=success
2026-06-09 09:34:29,933 INFO row_complete 1892/2640 dataset=stochastic_block_model perturbation=community_weakening alpha=1.0 seed=3 workflow=diversity_curves_shortest_path status=success
2026-06-09 09:36:01,163 INFO row_complete 1893/2640 dataset=stochastic_block_model perturbation=hub_modification alpha=0.0 seed=3 workflow=structural_statistics_mmd status=success
2026-06-09 09:36:01,164 INFO row_complete 1894/2640 dataset=stochastic_block_model perturbation=hub_modification alpha=0.0 seed=3 workflow=wl_subtree_kernel_mmd status=success
2026-06-09 09:36:01,165 INFO row_complete 1895/2640 dataset=stochastic_block_model perturbation=hub_modification alpha=0.0 seed=3 workflow=netlsd_spectral_signatures status=success
2026-06-09 09:36:01,166 INFO row_complete 1896/2640 dataset=stochastic_block_model perturbation=hub_modification alpha=0.0 seed=3 workflow=diversity_curves_shortest_path status=success
2026-06-09 09:37:32,154 INFO row_complete 1897/2640 dataset=stochastic_block_model perturbation=hub_modification alpha=0.1 seed=3 workflow=structural_statistics_mmd status=success
2026-06-09 09:37:32,157 INFO row_complete 1898/2640 dataset=stochastic_block_model perturbation=hub_modification alpha=0.1 seed=3 workflow=wl_subtree_kernel_mmd status=success
2026-06-09 09:37:32,159 INFO row_complete 1899/2640 dataset=stochastic_block_model perturbation=hub_modification alpha=0.1 seed=3 workflow=netlsd_spectral_signatures status=success
2026-06-09 09:37:32,160 INFO row_complete 1900/2640 dataset=stochastic_block_model perturbation=hub_modification alpha=0.1 seed=3 workflow=diversity_curves_shortest_path status=success
2026-06-09 09:39:03,259 INFO row_complete 1901/2640 dataset=stochastic_block_model perturbation=hub_modification alpha=0.2 seed=3 workflow=structural_statistics_mmd status=success
2026-06-09 09:39:03,261 INFO row_complete 1902/2640 dataset=stochastic_block_model perturbation=hub_modification alpha=0.2 seed=3 workflow=wl_subtree_kernel_mmd status=success
2026-06-09 09:39:03,264 INFO row_complete 1903/2640 dataset=stochastic_block_model perturbation=hub_modification alpha=0.2 seed=3 workflow=netlsd_spectral_signatures status=success
2026-06-09 09:39:03,266 INFO row_complete 1904/2640 dataset=stochastic_block_model perturbation=hub_modification alpha=0.2 seed=3 workflow=diversity_curves_shortest_path status=success
2026-06-09 09:40:34,535 INFO row_complete 1905/2640 dataset=stochastic_block_model perturbation=hub_modification alpha=0.3 seed=3 workflow=structural_statistics_mmd status=success
2026-06-09 09:40:34,536 INFO row_complete 1906/2640 dataset=stochastic_block_model perturbation=hub_modification alpha=0.3 seed=3 workflow=wl_subtree_kernel_mmd status=success
2026-06-09 09:40:34,537 INFO row_complete 1907/2640 dataset=stochastic_block_model perturbation=hub_modification alpha=0.3 seed=3 workflow=netlsd_spectral_signatures status=success
2026-06-09 09:40:34,538 INFO row_complete 1908/2640 dataset=stochastic_block_model perturbation=hub_modification alpha=0.3 seed=3 workflow=diversity_curves_shortest_path status=success
2026-06-09 09:42:05,577 INFO row_complete 1909/2640 dataset=stochastic_block_model perturbation=hub_modification alpha=0.4 seed=3 workflow=structural_statistics_mmd status=success
2026-06-09 09:42:05,578 INFO row_complete 1910/2640 dataset=stochastic_block_model perturbation=hub_modification alpha=0.4 seed=3 workflow=wl_subtree_kernel_mmd status=success
2026-06-09 09:42:05,579 INFO row_complete 1911/2640 dataset=stochastic_block_model perturbation=hub_modification alpha=0.4 seed=3 workflow=netlsd_spectral_signatures status=success
2026-06-09 09:42:05,580 INFO row_complete 1912/2640 dataset=stochastic_block_model perturbation=hub_modification alpha=0.4 seed=3 workflow=diversity_curves_shortest_path status=success
2026-06-09 09:43:36,379 INFO row_complete 1913/2640 dataset=stochastic_block_model perturbation=hub_modification alpha=0.5 seed=3 workflow=structural_statistics_mmd status=success
2026-06-09 09:43:36,382 INFO row_complete 1914/2640 dataset=stochastic_block_model perturbation=hub_modification alpha=0.5 seed=3 workflow=wl_subtree_kernel_mmd status=success
2026-06-09 09:43:36,385 INFO row_complete 1915/2640 dataset=stochastic_block_model perturbation=hub_modification alpha=0.5 seed=3 workflow=netlsd_spectral_signatures status=success
2026-06-09 09:43:36,387 INFO row_complete 1916/2640 dataset=stochastic_block_model perturbation=hub_modification alpha=0.5 seed=3 workflow=diversity_curves_shortest_path status=success
2026-06-09 09:45:07,365 INFO row_complete 1917/2640 dataset=stochastic_block_model perturbation=hub_modification alpha=0.6 seed=3 workflow=structural_statistics_mmd status=success
2026-06-09 09:45:07,368 INFO row_complete 1918/2640 dataset=stochastic_block_model perturbation=hub_modification alpha=0.6 seed=3 workflow=wl_subtree_kernel_mmd status=success
2026-06-09 09:45:07,371 INFO row_complete 1919/2640 dataset=stochastic_block_model perturbation=hub_modification alpha=0.6 seed=3 workflow=netlsd_spectral_signatures status=success
2026-06-09 09:45:07,372 INFO row_complete 1920/2640 dataset=stochastic_block_model perturbation=hub_modification alpha=0.6 seed=3 workflow=diversity_curves_shortest_path status=success
2026-06-09 09:46:38,533 INFO row_complete 1921/2640 dataset=stochastic_block_model perturbation=hub_modification alpha=0.7 seed=3 workflow=structural_statistics_mmd status=success
2026-06-09 09:46:38,535 INFO row_complete 1922/2640 dataset=stochastic_block_model perturbation=hub_modification alpha=0.7 seed=3 workflow=wl_subtree_kernel_mmd status=success
2026-06-09 09:46:38,536 INFO row_complete 1923/2640 dataset=stochastic_block_model perturbation=hub_modification alpha=0.7 seed=3 workflow=netlsd_spectral_signatures status=success
2026-06-09 09:46:38,537 INFO row_complete 1924/2640 dataset=stochastic_block_model perturbation=hub_modification alpha=0.7 seed=3 workflow=diversity_curves_shortest_path status=success
2026-06-09 09:48:09,370 INFO row_complete 1925/2640 dataset=stochastic_block_model perturbation=hub_modification alpha=0.8 seed=3 workflow=structural_statistics_mmd status=success
2026-06-09 09:48:09,373 INFO row_complete 1926/2640 dataset=stochastic_block_model perturbation=hub_modification alpha=0.8 seed=3 workflow=wl_subtree_kernel_mmd status=success
2026-06-09 09:48:09,376 INFO row_complete 1927/2640 dataset=stochastic_block_model perturbation=hub_modification alpha=0.8 seed=3 workflow=netlsd_spectral_signatures status=success
2026-06-09 09:48:09,379 INFO row_complete 1928/2640 dataset=stochastic_block_model perturbation=hub_modification alpha=0.8 seed=3 workflow=diversity_curves_shortest_path status=success
2026-06-09 09:49:40,546 INFO row_complete 1929/2640 dataset=stochastic_block_model perturbation=hub_modification alpha=0.9 seed=3 workflow=structural_statistics_mmd status=success
2026-06-09 09:49:40,549 INFO row_complete 1930/2640 dataset=stochastic_block_model perturbation=hub_modification alpha=0.9 seed=3 workflow=wl_subtree_kernel_mmd status=success
2026-06-09 09:49:40,551 INFO row_complete 1931/2640 dataset=stochastic_block_model perturbation=hub_modification alpha=0.9 seed=3 workflow=netlsd_spectral_signatures status=success
2026-06-09 09:49:40,552 INFO row_complete 1932/2640 dataset=stochastic_block_model perturbation=hub_modification alpha=0.9 seed=3 workflow=diversity_curves_shortest_path status=success
2026-06-09 09:51:11,486 INFO row_complete 1933/2640 dataset=stochastic_block_model perturbation=hub_modification alpha=1.0 seed=3 workflow=structural_statistics_mmd status=success
2026-06-09 09:51:11,488 INFO row_complete 1934/2640 dataset=stochastic_block_model perturbation=hub_modification alpha=1.0 seed=3 workflow=wl_subtree_kernel_mmd status=success
2026-06-09 09:51:11,490 INFO row_complete 1935/2640 dataset=stochastic_block_model perturbation=hub_modification alpha=1.0 seed=3 workflow=netlsd_spectral_signatures status=success
2026-06-09 09:51:11,491 INFO row_complete 1936/2640 dataset=stochastic_block_model perturbation=hub_modification alpha=1.0 seed=3 workflow=diversity_curves_shortest_path status=success
2026-06-09 09:52:39,865 INFO row_complete 1937/2640 dataset=barabasi_albert perturbation=edge_addition_deletion alpha=0.0 seed=3 workflow=structural_statistics_mmd status=success
2026-06-09 09:52:39,866 INFO row_complete 1938/2640 dataset=barabasi_albert perturbation=edge_addition_deletion alpha=0.0 seed=3 workflow=wl_subtree_kernel_mmd status=success
2026-06-09 09:52:39,867 INFO row_complete 1939/2640 dataset=barabasi_albert perturbation=edge_addition_deletion alpha=0.0 seed=3 workflow=netlsd_spectral_signatures status=success
2026-06-09 09:52:39,868 INFO row_complete 1940/2640 dataset=barabasi_albert perturbation=edge_addition_deletion alpha=0.0 seed=3 workflow=diversity_curves_shortest_path status=success
2026-06-09 09:54:08,214 INFO row_complete 1941/2640 dataset=barabasi_albert perturbation=edge_addition_deletion alpha=0.1 seed=3 workflow=structural_statistics_mmd status=success
2026-06-09 09:54:08,215 INFO row_complete 1942/2640 dataset=barabasi_albert perturbation=edge_addition_deletion alpha=0.1 seed=3 workflow=wl_subtree_kernel_mmd status=success
2026-06-09 09:54:08,216 INFO row_complete 1943/2640 dataset=barabasi_albert perturbation=edge_addition_deletion alpha=0.1 seed=3 workflow=netlsd_spectral_signatures status=success
2026-06-09 09:54:08,217 INFO row_complete 1944/2640 dataset=barabasi_albert perturbation=edge_addition_deletion alpha=0.1 seed=3 workflow=diversity_curves_shortest_path status=success
2026-06-09 09:55:36,811 INFO row_complete 1945/2640 dataset=barabasi_albert perturbation=edge_addition_deletion alpha=0.2 seed=3 workflow=structural_statistics_mmd status=success
2026-06-09 09:55:36,813 INFO row_complete 1946/2640 dataset=barabasi_albert perturbation=edge_addition_deletion alpha=0.2 seed=3 workflow=wl_subtree_kernel_mmd status=success
2026-06-09 09:55:36,814 INFO row_complete 1947/2640 dataset=barabasi_albert perturbation=edge_addition_deletion alpha=0.2 seed=3 workflow=netlsd_spectral_signatures status=success
2026-06-09 09:55:36,814 INFO row_complete 1948/2640 dataset=barabasi_albert perturbation=edge_addition_deletion alpha=0.2 seed=3 workflow=diversity_curves_shortest_path status=success
2026-06-09 09:57:05,243 INFO row_complete 1949/2640 dataset=barabasi_albert perturbation=edge_addition_deletion alpha=0.3 seed=3 workflow=structural_statistics_mmd status=success
2026-06-09 09:57:05,244 INFO row_complete 1950/2640 dataset=barabasi_albert perturbation=edge_addition_deletion alpha=0.3 seed=3 workflow=wl_subtree_kernel_mmd status=success
2026-06-09 09:57:05,245 INFO row_complete 1951/2640 dataset=barabasi_albert perturbation=edge_addition_deletion alpha=0.3 seed=3 workflow=netlsd_spectral_signatures status=success
2026-06-09 09:57:05,246 INFO row_complete 1952/2640 dataset=barabasi_albert perturbation=edge_addition_deletion alpha=0.3 seed=3 workflow=diversity_curves_shortest_path status=success
2026-06-09 09:58:33,666 INFO row_complete 1953/2640 dataset=barabasi_albert perturbation=edge_addition_deletion alpha=0.4 seed=3 workflow=structural_statistics_mmd status=success
2026-06-09 09:58:33,667 INFO row_complete 1954/2640 dataset=barabasi_albert perturbation=edge_addition_deletion alpha=0.4 seed=3 workflow=wl_subtree_kernel_mmd status=success
2026-06-09 09:58:33,668 INFO row_complete 1955/2640 dataset=barabasi_albert perturbation=edge_addition_deletion alpha=0.4 seed=3 workflow=netlsd_spectral_signatures status=success
2026-06-09 09:58:33,669 INFO row_complete 1956/2640 dataset=barabasi_albert perturbation=edge_addition_deletion alpha=0.4 seed=3 workflow=diversity_curves_shortest_path status=success
2026-06-09 10:00:02,082 INFO row_complete 1957/2640 dataset=barabasi_albert perturbation=edge_addition_deletion alpha=0.5 seed=3 workflow=structural_statistics_mmd status=success
2026-06-09 10:00:02,083 INFO row_complete 1958/2640 dataset=barabasi_albert perturbation=edge_addition_deletion alpha=0.5 seed=3 workflow=wl_subtree_kernel_mmd status=success
2026-06-09 10:00:02,084 INFO row_complete 1959/2640 dataset=barabasi_albert perturbation=edge_addition_deletion alpha=0.5 seed=3 workflow=netlsd_spectral_signatures status=success
2026-06-09 10:00:02,085 INFO row_complete 1960/2640 dataset=barabasi_albert perturbation=edge_addition_deletion alpha=0.5 seed=3 workflow=diversity_curves_shortest_path status=success
2026-06-09 10:01:31,314 INFO row_complete 1961/2640 dataset=barabasi_albert perturbation=edge_addition_deletion alpha=0.6 seed=3 workflow=structural_statistics_mmd status=success
2026-06-09 10:01:31,315 INFO row_complete 1962/2640 dataset=barabasi_albert perturbation=edge_addition_deletion alpha=0.6 seed=3 workflow=wl_subtree_kernel_mmd status=success
2026-06-09 10:01:31,317 INFO row_complete 1963/2640 dataset=barabasi_albert perturbation=edge_addition_deletion alpha=0.6 seed=3 workflow=netlsd_spectral_signatures status=success
2026-06-09 10:01:31,318 INFO row_complete 1964/2640 dataset=barabasi_albert perturbation=edge_addition_deletion alpha=0.6 seed=3 workflow=diversity_curves_shortest_path status=success
2026-06-09 10:02:59,775 INFO row_complete 1965/2640 dataset=barabasi_albert perturbation=edge_addition_deletion alpha=0.7 seed=3 workflow=structural_statistics_mmd status=success
2026-06-09 10:02:59,777 INFO row_complete 1966/2640 dataset=barabasi_albert perturbation=edge_addition_deletion alpha=0.7 seed=3 workflow=wl_subtree_kernel_mmd status=success
2026-06-09 10:02:59,779 INFO row_complete 1967/2640 dataset=barabasi_albert perturbation=edge_addition_deletion alpha=0.7 seed=3 workflow=netlsd_spectral_signatures status=success
2026-06-09 10:02:59,780 INFO row_complete 1968/2640 dataset=barabasi_albert perturbation=edge_addition_deletion alpha=0.7 seed=3 workflow=diversity_curves_shortest_path status=success
2026-06-09 10:04:28,263 INFO row_complete 1969/2640 dataset=barabasi_albert perturbation=edge_addition_deletion alpha=0.8 seed=3 workflow=structural_statistics_mmd status=success
2026-06-09 10:04:28,264 INFO row_complete 1970/2640 dataset=barabasi_albert perturbation=edge_addition_deletion alpha=0.8 seed=3 workflow=wl_subtree_kernel_mmd status=success
2026-06-09 10:04:28,265 INFO row_complete 1971/2640 dataset=barabasi_albert perturbation=edge_addition_deletion alpha=0.8 seed=3 workflow=netlsd_spectral_signatures status=success
2026-06-09 10:04:28,266 INFO row_complete 1972/2640 dataset=barabasi_albert perturbation=edge_addition_deletion alpha=0.8 seed=3 workflow=diversity_curves_shortest_path status=success
2026-06-09 10:05:56,696 INFO row_complete 1973/2640 dataset=barabasi_albert perturbation=edge_addition_deletion alpha=0.9 seed=3 workflow=structural_statistics_mmd status=success
2026-06-09 10:05:56,697 INFO row_complete 1974/2640 dataset=barabasi_albert perturbation=edge_addition_deletion alpha=0.9 seed=3 workflow=wl_subtree_kernel_mmd status=success
2026-06-09 10:05:56,698 INFO row_complete 1975/2640 dataset=barabasi_albert perturbation=edge_addition_deletion alpha=0.9 seed=3 workflow=netlsd_spectral_signatures status=success
2026-06-09 10:05:56,699 INFO row_complete 1976/2640 dataset=barabasi_albert perturbation=edge_addition_deletion alpha=0.9 seed=3 workflow=diversity_curves_shortest_path status=success
2026-06-09 10:07:25,304 INFO row_complete 1977/2640 dataset=barabasi_albert perturbation=edge_addition_deletion alpha=1.0 seed=3 workflow=structural_statistics_mmd status=success
2026-06-09 10:07:25,306 INFO row_complete 1978/2640 dataset=barabasi_albert perturbation=edge_addition_deletion alpha=1.0 seed=3 workflow=wl_subtree_kernel_mmd status=success
2026-06-09 10:07:25,308 INFO row_complete 1979/2640 dataset=barabasi_albert perturbation=edge_addition_deletion alpha=1.0 seed=3 workflow=netlsd_spectral_signatures status=success
2026-06-09 10:07:25,310 INFO row_complete 1980/2640 dataset=barabasi_albert perturbation=edge_addition_deletion alpha=1.0 seed=3 workflow=diversity_curves_shortest_path status=success
2026-06-09 10:08:53,731 INFO row_complete 1981/2640 dataset=barabasi_albert perturbation=triangle_injection_removal alpha=0.0 seed=3 workflow=structural_statistics_mmd status=success
2026-06-09 10:08:53,733 INFO row_complete 1982/2640 dataset=barabasi_albert perturbation=triangle_injection_removal alpha=0.0 seed=3 workflow=wl_subtree_kernel_mmd status=success
2026-06-09 10:08:53,734 INFO row_complete 1983/2640 dataset=barabasi_albert perturbation=triangle_injection_removal alpha=0.0 seed=3 workflow=netlsd_spectral_signatures status=success
2026-06-09 10:08:53,735 INFO row_complete 1984/2640 dataset=barabasi_albert perturbation=triangle_injection_removal alpha=0.0 seed=3 workflow=diversity_curves_shortest_path status=success
2026-06-09 10:10:22,383 INFO row_complete 1985/2640 dataset=barabasi_albert perturbation=triangle_injection_removal alpha=0.1 seed=3 workflow=structural_statistics_mmd status=success
2026-06-09 10:10:22,385 INFO row_complete 1986/2640 dataset=barabasi_albert perturbation=triangle_injection_removal alpha=0.1 seed=3 workflow=wl_subtree_kernel_mmd status=success
2026-06-09 10:10:22,386 INFO row_complete 1987/2640 dataset=barabasi_albert perturbation=triangle_injection_removal alpha=0.1 seed=3 workflow=netlsd_spectral_signatures status=success
2026-06-09 10:10:22,386 INFO row_complete 1988/2640 dataset=barabasi_albert perturbation=triangle_injection_removal alpha=0.1 seed=3 workflow=diversity_curves_shortest_path status=success
2026-06-09 10:11:51,138 INFO row_complete 1989/2640 dataset=barabasi_albert perturbation=triangle_injection_removal alpha=0.2 seed=3 workflow=structural_statistics_mmd status=success
2026-06-09 10:11:51,139 INFO row_complete 1990/2640 dataset=barabasi_albert perturbation=triangle_injection_removal alpha=0.2 seed=3 workflow=wl_subtree_kernel_mmd status=success
2026-06-09 10:11:51,140 INFO row_complete 1991/2640 dataset=barabasi_albert perturbation=triangle_injection_removal alpha=0.2 seed=3 workflow=netlsd_spectral_signatures status=success
2026-06-09 10:11:51,141 INFO row_complete 1992/2640 dataset=barabasi_albert perturbation=triangle_injection_removal alpha=0.2 seed=3 workflow=diversity_curves_shortest_path status=success
2026-06-09 10:13:19,752 INFO row_complete 1993/2640 dataset=barabasi_albert perturbation=triangle_injection_removal alpha=0.3 seed=3 workflow=structural_statistics_mmd status=success
2026-06-09 10:13:19,755 INFO row_complete 1994/2640 dataset=barabasi_albert perturbation=triangle_injection_removal alpha=0.3 seed=3 workflow=wl_subtree_kernel_mmd status=success
2026-06-09 10:13:19,757 INFO row_complete 1995/2640 dataset=barabasi_albert perturbation=triangle_injection_removal alpha=0.3 seed=3 workflow=netlsd_spectral_signatures status=success
2026-06-09 10:13:19,759 INFO row_complete 1996/2640 dataset=barabasi_albert perturbation=triangle_injection_removal alpha=0.3 seed=3 workflow=diversity_curves_shortest_path status=success
2026-06-09 10:14:48,322 INFO row_complete 1997/2640 dataset=barabasi_albert perturbation=triangle_injection_removal alpha=0.4 seed=3 workflow=structural_statistics_mmd status=success
2026-06-09 10:14:48,323 INFO row_complete 1998/2640 dataset=barabasi_albert perturbation=triangle_injection_removal alpha=0.4 seed=3 workflow=wl_subtree_kernel_mmd status=success
2026-06-09 10:14:48,324 INFO row_complete 1999/2640 dataset=barabasi_albert perturbation=triangle_injection_removal alpha=0.4 seed=3 workflow=netlsd_spectral_signatures status=success
2026-06-09 10:14:48,325 INFO row_complete 2000/2640 dataset=barabasi_albert perturbation=triangle_injection_removal alpha=0.4 seed=3 workflow=diversity_curves_shortest_path status=success
2026-06-09 10:16:16,920 INFO row_complete 2001/2640 dataset=barabasi_albert perturbation=triangle_injection_removal alpha=0.5 seed=3 workflow=structural_statistics_mmd status=success
2026-06-09 10:16:16,922 INFO row_complete 2002/2640 dataset=barabasi_albert perturbation=triangle_injection_removal alpha=0.5 seed=3 workflow=wl_subtree_kernel_mmd status=success
2026-06-09 10:16:16,923 INFO row_complete 2003/2640 dataset=barabasi_albert perturbation=triangle_injection_removal alpha=0.5 seed=3 workflow=netlsd_spectral_signatures status=success
2026-06-09 10:16:16,924 INFO row_complete 2004/2640 dataset=barabasi_albert perturbation=triangle_injection_removal alpha=0.5 seed=3 workflow=diversity_curves_shortest_path status=success
2026-06-09 10:17:45,849 INFO row_complete 2005/2640 dataset=barabasi_albert perturbation=triangle_injection_removal alpha=0.6 seed=3 workflow=structural_statistics_mmd status=success
2026-06-09 10:17:45,850 INFO row_complete 2006/2640 dataset=barabasi_albert perturbation=triangle_injection_removal alpha=0.6 seed=3 workflow=wl_subtree_kernel_mmd status=success
2026-06-09 10:17:45,851 INFO row_complete 2007/2640 dataset=barabasi_albert perturbation=triangle_injection_removal alpha=0.6 seed=3 workflow=netlsd_spectral_signatures status=success
2026-06-09 10:17:45,852 INFO row_complete 2008/2640 dataset=barabasi_albert perturbation=triangle_injection_removal alpha=0.6 seed=3 workflow=diversity_curves_shortest_path status=success
2026-06-09 10:19:14,569 INFO row_complete 2009/2640 dataset=barabasi_albert perturbation=triangle_injection_removal alpha=0.7 seed=3 workflow=structural_statistics_mmd status=success
2026-06-09 10:19:14,571 INFO row_complete 2010/2640 dataset=barabasi_albert perturbation=triangle_injection_removal alpha=0.7 seed=3 workflow=wl_subtree_kernel_mmd status=success
2026-06-09 10:19:14,572 INFO row_complete 2011/2640 dataset=barabasi_albert perturbation=triangle_injection_removal alpha=0.7 seed=3 workflow=netlsd_spectral_signatures status=success
2026-06-09 10:19:14,573 INFO row_complete 2012/2640 dataset=barabasi_albert perturbation=triangle_injection_removal alpha=0.7 seed=3 workflow=diversity_curves_shortest_path status=success
2026-06-09 10:20:43,493 INFO row_complete 2013/2640 dataset=barabasi_albert perturbation=triangle_injection_removal alpha=0.8 seed=3 workflow=structural_statistics_mmd status=success
2026-06-09 10:20:43,496 INFO row_complete 2014/2640 dataset=barabasi_albert perturbation=triangle_injection_removal alpha=0.8 seed=3 workflow=wl_subtree_kernel_mmd status=success
2026-06-09 10:20:43,499 INFO row_complete 2015/2640 dataset=barabasi_albert perturbation=triangle_injection_removal alpha=0.8 seed=3 workflow=netlsd_spectral_signatures status=success
2026-06-09 10:20:43,500 INFO row_complete 2016/2640 dataset=barabasi_albert perturbation=triangle_injection_removal alpha=0.8 seed=3 workflow=diversity_curves_shortest_path status=success
2026-06-09 10:22:12,016 INFO row_complete 2017/2640 dataset=barabasi_albert perturbation=triangle_injection_removal alpha=0.9 seed=3 workflow=structural_statistics_mmd status=success
2026-06-09 10:22:12,017 INFO row_complete 2018/2640 dataset=barabasi_albert perturbation=triangle_injection_removal alpha=0.9 seed=3 workflow=wl_subtree_kernel_mmd status=success
2026-06-09 10:22:12,018 INFO row_complete 2019/2640 dataset=barabasi_albert perturbation=triangle_injection_removal alpha=0.9 seed=3 workflow=netlsd_spectral_signatures status=success
2026-06-09 10:22:12,019 INFO row_complete 2020/2640 dataset=barabasi_albert perturbation=triangle_injection_removal alpha=0.9 seed=3 workflow=diversity_curves_shortest_path status=success
2026-06-09 10:23:40,678 INFO row_complete 2021/2640 dataset=barabasi_albert perturbation=triangle_injection_removal alpha=1.0 seed=3 workflow=structural_statistics_mmd status=success
2026-06-09 10:23:40,679 INFO row_complete 2022/2640 dataset=barabasi_albert perturbation=triangle_injection_removal alpha=1.0 seed=3 workflow=wl_subtree_kernel_mmd status=success
2026-06-09 10:23:40,680 INFO row_complete 2023/2640 dataset=barabasi_albert perturbation=triangle_injection_removal alpha=1.0 seed=3 workflow=netlsd_spectral_signatures status=success
2026-06-09 10:23:40,681 INFO row_complete 2024/2640 dataset=barabasi_albert perturbation=triangle_injection_removal alpha=1.0 seed=3 workflow=diversity_curves_shortest_path status=success
2026-06-09 10:23:40,696 INFO row_complete 2025/2640 dataset=barabasi_albert perturbation=community_weakening alpha=0.0 seed=3 workflow=structural_statistics_mmd status=skipped
2026-06-09 10:23:40,697 INFO row_complete 2026/2640 dataset=barabasi_albert perturbation=community_weakening alpha=0.0 seed=3 workflow=wl_subtree_kernel_mmd status=skipped
2026-06-09 10:23:40,698 INFO row_complete 2027/2640 dataset=barabasi_albert perturbation=community_weakening alpha=0.0 seed=3 workflow=netlsd_spectral_signatures status=skipped
2026-06-09 10:23:40,698 INFO row_complete 2028/2640 dataset=barabasi_albert perturbation=community_weakening alpha=0.0 seed=3 workflow=diversity_curves_shortest_path status=skipped
2026-06-09 10:23:40,712 INFO row_complete 2029/2640 dataset=barabasi_albert perturbation=community_weakening alpha=0.1 seed=3 workflow=structural_statistics_mmd status=skipped
2026-06-09 10:23:40,712 INFO row_complete 2030/2640 dataset=barabasi_albert perturbation=community_weakening alpha=0.1 seed=3 workflow=wl_subtree_kernel_mmd status=skipped
2026-06-09 10:23:40,713 INFO row_complete 2031/2640 dataset=barabasi_albert perturbation=community_weakening alpha=0.1 seed=3 workflow=netlsd_spectral_signatures status=skipped
2026-06-09 10:23:40,714 INFO row_complete 2032/2640 dataset=barabasi_albert perturbation=community_weakening alpha=0.1 seed=3 workflow=diversity_curves_shortest_path status=skipped
2026-06-09 10:23:40,724 INFO row_complete 2033/2640 dataset=barabasi_albert perturbation=community_weakening alpha=0.2 seed=3 workflow=structural_statistics_mmd status=skipped
2026-06-09 10:23:40,725 INFO row_complete 2034/2640 dataset=barabasi_albert perturbation=community_weakening alpha=0.2 seed=3 workflow=wl_subtree_kernel_mmd status=skipped
2026-06-09 10:23:40,726 INFO row_complete 2035/2640 dataset=barabasi_albert perturbation=community_weakening alpha=0.2 seed=3 workflow=netlsd_spectral_signatures status=skipped
2026-06-09 10:23:40,727 INFO row_complete 2036/2640 dataset=barabasi_albert perturbation=community_weakening alpha=0.2 seed=3 workflow=diversity_curves_shortest_path status=skipped
2026-06-09 10:23:40,737 INFO row_complete 2037/2640 dataset=barabasi_albert perturbation=community_weakening alpha=0.3 seed=3 workflow=structural_statistics_mmd status=skipped
2026-06-09 10:23:40,738 INFO row_complete 2038/2640 dataset=barabasi_albert perturbation=community_weakening alpha=0.3 seed=3 workflow=wl_subtree_kernel_mmd status=skipped
2026-06-09 10:23:40,739 INFO row_complete 2039/2640 dataset=barabasi_albert perturbation=community_weakening alpha=0.3 seed=3 workflow=netlsd_spectral_signatures status=skipped
2026-06-09 10:23:40,740 INFO row_complete 2040/2640 dataset=barabasi_albert perturbation=community_weakening alpha=0.3 seed=3 workflow=diversity_curves_shortest_path status=skipped
2026-06-09 10:23:40,750 INFO row_complete 2041/2640 dataset=barabasi_albert perturbation=community_weakening alpha=0.4 seed=3 workflow=structural_statistics_mmd status=skipped
2026-06-09 10:23:40,751 INFO row_complete 2042/2640 dataset=barabasi_albert perturbation=community_weakening alpha=0.4 seed=3 workflow=wl_subtree_kernel_mmd status=skipped
2026-06-09 10:23:40,752 INFO row_complete 2043/2640 dataset=barabasi_albert perturbation=community_weakening alpha=0.4 seed=3 workflow=netlsd_spectral_signatures status=skipped
2026-06-09 10:23:40,752 INFO row_complete 2044/2640 dataset=barabasi_albert perturbation=community_weakening alpha=0.4 seed=3 workflow=diversity_curves_shortest_path status=skipped
2026-06-09 10:23:40,764 INFO row_complete 2045/2640 dataset=barabasi_albert perturbation=community_weakening alpha=0.5 seed=3 workflow=structural_statistics_mmd status=skipped
2026-06-09 10:23:40,765 INFO row_complete 2046/2640 dataset=barabasi_albert perturbation=community_weakening alpha=0.5 seed=3 workflow=wl_subtree_kernel_mmd status=skipped
2026-06-09 10:23:40,765 INFO row_complete 2047/2640 dataset=barabasi_albert perturbation=community_weakening alpha=0.5 seed=3 workflow=netlsd_spectral_signatures status=skipped
2026-06-09 10:23:40,766 INFO row_complete 2048/2640 dataset=barabasi_albert perturbation=community_weakening alpha=0.5 seed=3 workflow=diversity_curves_shortest_path status=skipped
2026-06-09 10:23:40,783 INFO row_complete 2049/2640 dataset=barabasi_albert perturbation=community_weakening alpha=0.6 seed=3 workflow=structural_statistics_mmd status=skipped
2026-06-09 10:23:40,784 INFO row_complete 2050/2640 dataset=barabasi_albert perturbation=community_weakening alpha=0.6 seed=3 workflow=wl_subtree_kernel_mmd status=skipped
2026-06-09 10:23:40,785 INFO row_complete 2051/2640 dataset=barabasi_albert perturbation=community_weakening alpha=0.6 seed=3 workflow=netlsd_spectral_signatures status=skipped
2026-06-09 10:23:40,786 INFO row_complete 2052/2640 dataset=barabasi_albert perturbation=community_weakening alpha=0.6 seed=3 workflow=diversity_curves_shortest_path status=skipped
2026-06-09 10:23:40,797 INFO row_complete 2053/2640 dataset=barabasi_albert perturbation=community_weakening alpha=0.7 seed=3 workflow=structural_statistics_mmd status=skipped
2026-06-09 10:23:40,798 INFO row_complete 2054/2640 dataset=barabasi_albert perturbation=community_weakening alpha=0.7 seed=3 workflow=wl_subtree_kernel_mmd status=skipped
2026-06-09 10:23:40,799 INFO row_complete 2055/2640 dataset=barabasi_albert perturbation=community_weakening alpha=0.7 seed=3 workflow=netlsd_spectral_signatures status=skipped
2026-06-09 10:23:40,800 INFO row_complete 2056/2640 dataset=barabasi_albert perturbation=community_weakening alpha=0.7 seed=3 workflow=diversity_curves_shortest_path status=skipped
2026-06-09 10:23:40,811 INFO row_complete 2057/2640 dataset=barabasi_albert perturbation=community_weakening alpha=0.8 seed=3 workflow=structural_statistics_mmd status=skipped
2026-06-09 10:23:40,812 INFO row_complete 2058/2640 dataset=barabasi_albert perturbation=community_weakening alpha=0.8 seed=3 workflow=wl_subtree_kernel_mmd status=skipped
2026-06-09 10:23:40,813 INFO row_complete 2059/2640 dataset=barabasi_albert perturbation=community_weakening alpha=0.8 seed=3 workflow=netlsd_spectral_signatures status=skipped
2026-06-09 10:23:40,814 INFO row_complete 2060/2640 dataset=barabasi_albert perturbation=community_weakening alpha=0.8 seed=3 workflow=diversity_curves_shortest_path status=skipped
2026-06-09 10:23:40,825 INFO row_complete 2061/2640 dataset=barabasi_albert perturbation=community_weakening alpha=0.9 seed=3 workflow=structural_statistics_mmd status=skipped
2026-06-09 10:23:40,826 INFO row_complete 2062/2640 dataset=barabasi_albert perturbation=community_weakening alpha=0.9 seed=3 workflow=wl_subtree_kernel_mmd status=skipped
2026-06-09 10:23:40,827 INFO row_complete 2063/2640 dataset=barabasi_albert perturbation=community_weakening alpha=0.9 seed=3 workflow=netlsd_spectral_signatures status=skipped
2026-06-09 10:23:40,828 INFO row_complete 2064/2640 dataset=barabasi_albert perturbation=community_weakening alpha=0.9 seed=3 workflow=diversity_curves_shortest_path status=skipped
2026-06-09 10:23:40,838 INFO row_complete 2065/2640 dataset=barabasi_albert perturbation=community_weakening alpha=1.0 seed=3 workflow=structural_statistics_mmd status=skipped
2026-06-09 10:23:40,839 INFO row_complete 2066/2640 dataset=barabasi_albert perturbation=community_weakening alpha=1.0 seed=3 workflow=wl_subtree_kernel_mmd status=skipped
2026-06-09 10:23:40,840 INFO row_complete 2067/2640 dataset=barabasi_albert perturbation=community_weakening alpha=1.0 seed=3 workflow=netlsd_spectral_signatures status=skipped
2026-06-09 10:23:40,841 INFO row_complete 2068/2640 dataset=barabasi_albert perturbation=community_weakening alpha=1.0 seed=3 workflow=diversity_curves_shortest_path status=skipped
2026-06-09 10:25:09,097 INFO row_complete 2069/2640 dataset=barabasi_albert perturbation=hub_modification alpha=0.0 seed=3 workflow=structural_statistics_mmd status=success
2026-06-09 10:25:09,123 INFO row_complete 2070/2640 dataset=barabasi_albert perturbation=hub_modification alpha=0.0 seed=3 workflow=wl_subtree_kernel_mmd status=success
2026-06-09 10:25:09,169 INFO row_complete 2071/2640 dataset=barabasi_albert perturbation=hub_modification alpha=0.0 seed=3 workflow=netlsd_spectral_signatures status=success
2026-06-09 10:25:09,193 INFO row_complete 2072/2640 dataset=barabasi_albert perturbation=hub_modification alpha=0.0 seed=3 workflow=diversity_curves_shortest_path status=success
2026-06-09 10:26:37,469 INFO row_complete 2073/2640 dataset=barabasi_albert perturbation=hub_modification alpha=0.1 seed=3 workflow=structural_statistics_mmd status=success
2026-06-09 10:26:37,472 INFO row_complete 2074/2640 dataset=barabasi_albert perturbation=hub_modification alpha=0.1 seed=3 workflow=wl_subtree_kernel_mmd status=success
2026-06-09 10:26:37,473 INFO row_complete 2075/2640 dataset=barabasi_albert perturbation=hub_modification alpha=0.1 seed=3 workflow=netlsd_spectral_signatures status=success
2026-06-09 10:26:37,475 INFO row_complete 2076/2640 dataset=barabasi_albert perturbation=hub_modification alpha=0.1 seed=3 workflow=diversity_curves_shortest_path status=success
2026-06-09 10:28:05,811 INFO row_complete 2077/2640 dataset=barabasi_albert perturbation=hub_modification alpha=0.2 seed=3 workflow=structural_statistics_mmd status=success
2026-06-09 10:28:05,812 INFO row_complete 2078/2640 dataset=barabasi_albert perturbation=hub_modification alpha=0.2 seed=3 workflow=wl_subtree_kernel_mmd status=success
2026-06-09 10:28:05,813 INFO row_complete 2079/2640 dataset=barabasi_albert perturbation=hub_modification alpha=0.2 seed=3 workflow=netlsd_spectral_signatures status=success
2026-06-09 10:28:05,814 INFO row_complete 2080/2640 dataset=barabasi_albert perturbation=hub_modification alpha=0.2 seed=3 workflow=diversity_curves_shortest_path status=success
2026-06-09 10:29:34,222 INFO row_complete 2081/2640 dataset=barabasi_albert perturbation=hub_modification alpha=0.3 seed=3 workflow=structural_statistics_mmd status=success
2026-06-09 10:29:34,223 INFO row_complete 2082/2640 dataset=barabasi_albert perturbation=hub_modification alpha=0.3 seed=3 workflow=wl_subtree_kernel_mmd status=success
2026-06-09 10:29:34,224 INFO row_complete 2083/2640 dataset=barabasi_albert perturbation=hub_modification alpha=0.3 seed=3 workflow=netlsd_spectral_signatures status=success
2026-06-09 10:29:34,225 INFO row_complete 2084/2640 dataset=barabasi_albert perturbation=hub_modification alpha=0.3 seed=3 workflow=diversity_curves_shortest_path status=success
2026-06-09 10:31:02,834 INFO row_complete 2085/2640 dataset=barabasi_albert perturbation=hub_modification alpha=0.4 seed=3 workflow=structural_statistics_mmd status=success
2026-06-09 10:31:02,835 INFO row_complete 2086/2640 dataset=barabasi_albert perturbation=hub_modification alpha=0.4 seed=3 workflow=wl_subtree_kernel_mmd status=success
2026-06-09 10:31:02,836 INFO row_complete 2087/2640 dataset=barabasi_albert perturbation=hub_modification alpha=0.4 seed=3 workflow=netlsd_spectral_signatures status=success
2026-06-09 10:31:02,837 INFO row_complete 2088/2640 dataset=barabasi_albert perturbation=hub_modification alpha=0.4 seed=3 workflow=diversity_curves_shortest_path status=success
2026-06-09 10:32:31,127 INFO row_complete 2089/2640 dataset=barabasi_albert perturbation=hub_modification alpha=0.5 seed=3 workflow=structural_statistics_mmd status=success
2026-06-09 10:32:31,129 INFO row_complete 2090/2640 dataset=barabasi_albert perturbation=hub_modification alpha=0.5 seed=3 workflow=wl_subtree_kernel_mmd status=success
2026-06-09 10:32:31,130 INFO row_complete 2091/2640 dataset=barabasi_albert perturbation=hub_modification alpha=0.5 seed=3 workflow=netlsd_spectral_signatures status=success
2026-06-09 10:32:31,130 INFO row_complete 2092/2640 dataset=barabasi_albert perturbation=hub_modification alpha=0.5 seed=3 workflow=diversity_curves_shortest_path status=success
2026-06-09 10:33:59,294 INFO row_complete 2093/2640 dataset=barabasi_albert perturbation=hub_modification alpha=0.6 seed=3 workflow=structural_statistics_mmd status=success
2026-06-09 10:33:59,295 INFO row_complete 2094/2640 dataset=barabasi_albert perturbation=hub_modification alpha=0.6 seed=3 workflow=wl_subtree_kernel_mmd status=success
2026-06-09 10:33:59,296 INFO row_complete 2095/2640 dataset=barabasi_albert perturbation=hub_modification alpha=0.6 seed=3 workflow=netlsd_spectral_signatures status=success
2026-06-09 10:33:59,297 INFO row_complete 2096/2640 dataset=barabasi_albert perturbation=hub_modification alpha=0.6 seed=3 workflow=diversity_curves_shortest_path status=success
2026-06-09 10:35:27,765 INFO row_complete 2097/2640 dataset=barabasi_albert perturbation=hub_modification alpha=0.7 seed=3 workflow=structural_statistics_mmd status=success
2026-06-09 10:35:27,766 INFO row_complete 2098/2640 dataset=barabasi_albert perturbation=hub_modification alpha=0.7 seed=3 workflow=wl_subtree_kernel_mmd status=success
2026-06-09 10:35:27,767 INFO row_complete 2099/2640 dataset=barabasi_albert perturbation=hub_modification alpha=0.7 seed=3 workflow=netlsd_spectral_signatures status=success
2026-06-09 10:35:27,768 INFO row_complete 2100/2640 dataset=barabasi_albert perturbation=hub_modification alpha=0.7 seed=3 workflow=diversity_curves_shortest_path status=success
2026-06-09 10:36:55,947 INFO row_complete 2101/2640 dataset=barabasi_albert perturbation=hub_modification alpha=0.8 seed=3 workflow=structural_statistics_mmd status=success
2026-06-09 10:36:55,949 INFO row_complete 2102/2640 dataset=barabasi_albert perturbation=hub_modification alpha=0.8 seed=3 workflow=wl_subtree_kernel_mmd status=success
2026-06-09 10:36:55,950 INFO row_complete 2103/2640 dataset=barabasi_albert perturbation=hub_modification alpha=0.8 seed=3 workflow=netlsd_spectral_signatures status=success
2026-06-09 10:36:55,951 INFO row_complete 2104/2640 dataset=barabasi_albert perturbation=hub_modification alpha=0.8 seed=3 workflow=diversity_curves_shortest_path status=success
2026-06-09 10:38:24,019 INFO row_complete 2105/2640 dataset=barabasi_albert perturbation=hub_modification alpha=0.9 seed=3 workflow=structural_statistics_mmd status=success
2026-06-09 10:38:24,021 INFO row_complete 2106/2640 dataset=barabasi_albert perturbation=hub_modification alpha=0.9 seed=3 workflow=wl_subtree_kernel_mmd status=success
2026-06-09 10:38:24,023 INFO row_complete 2107/2640 dataset=barabasi_albert perturbation=hub_modification alpha=0.9 seed=3 workflow=netlsd_spectral_signatures status=success
2026-06-09 10:38:24,025 INFO row_complete 2108/2640 dataset=barabasi_albert perturbation=hub_modification alpha=0.9 seed=3 workflow=diversity_curves_shortest_path status=success
2026-06-09 10:39:52,254 INFO row_complete 2109/2640 dataset=barabasi_albert perturbation=hub_modification alpha=1.0 seed=3 workflow=structural_statistics_mmd status=success
2026-06-09 10:39:52,256 INFO row_complete 2110/2640 dataset=barabasi_albert perturbation=hub_modification alpha=1.0 seed=3 workflow=wl_subtree_kernel_mmd status=success
2026-06-09 10:39:52,256 INFO row_complete 2111/2640 dataset=barabasi_albert perturbation=hub_modification alpha=1.0 seed=3 workflow=netlsd_spectral_signatures status=success
2026-06-09 10:39:52,257 INFO row_complete 2112/2640 dataset=barabasi_albert perturbation=hub_modification alpha=1.0 seed=3 workflow=diversity_curves_shortest_path status=success
2026-06-09 10:41:27,583 INFO row_complete 2113/2640 dataset=erdos_renyi perturbation=edge_addition_deletion alpha=0.0 seed=4 workflow=structural_statistics_mmd status=success
2026-06-09 10:41:27,584 INFO row_complete 2114/2640 dataset=erdos_renyi perturbation=edge_addition_deletion alpha=0.0 seed=4 workflow=wl_subtree_kernel_mmd status=success
2026-06-09 10:41:27,585 INFO row_complete 2115/2640 dataset=erdos_renyi perturbation=edge_addition_deletion alpha=0.0 seed=4 workflow=netlsd_spectral_signatures status=success
2026-06-09 10:41:27,586 INFO row_complete 2116/2640 dataset=erdos_renyi perturbation=edge_addition_deletion alpha=0.0 seed=4 workflow=diversity_curves_shortest_path status=success
2026-06-09 10:43:01,884 INFO row_complete 2117/2640 dataset=erdos_renyi perturbation=edge_addition_deletion alpha=0.1 seed=4 workflow=structural_statistics_mmd status=success
2026-06-09 10:43:01,885 INFO row_complete 2118/2640 dataset=erdos_renyi perturbation=edge_addition_deletion alpha=0.1 seed=4 workflow=wl_subtree_kernel_mmd status=success
2026-06-09 10:43:01,886 INFO row_complete 2119/2640 dataset=erdos_renyi perturbation=edge_addition_deletion alpha=0.1 seed=4 workflow=netlsd_spectral_signatures status=success
2026-06-09 10:43:01,887 INFO row_complete 2120/2640 dataset=erdos_renyi perturbation=edge_addition_deletion alpha=0.1 seed=4 workflow=diversity_curves_shortest_path status=success
2026-06-09 10:44:36,122 INFO row_complete 2121/2640 dataset=erdos_renyi perturbation=edge_addition_deletion alpha=0.2 seed=4 workflow=structural_statistics_mmd status=success
2026-06-09 10:44:36,124 INFO row_complete 2122/2640 dataset=erdos_renyi perturbation=edge_addition_deletion alpha=0.2 seed=4 workflow=wl_subtree_kernel_mmd status=success
2026-06-09 10:44:36,124 INFO row_complete 2123/2640 dataset=erdos_renyi perturbation=edge_addition_deletion alpha=0.2 seed=4 workflow=netlsd_spectral_signatures status=success
2026-06-09 10:44:36,125 INFO row_complete 2124/2640 dataset=erdos_renyi perturbation=edge_addition_deletion alpha=0.2 seed=4 workflow=diversity_curves_shortest_path status=success
2026-06-09 10:46:10,374 INFO row_complete 2125/2640 dataset=erdos_renyi perturbation=edge_addition_deletion alpha=0.3 seed=4 workflow=structural_statistics_mmd status=success
2026-06-09 10:46:10,376 INFO row_complete 2126/2640 dataset=erdos_renyi perturbation=edge_addition_deletion alpha=0.3 seed=4 workflow=wl_subtree_kernel_mmd status=success
2026-06-09 10:46:10,377 INFO row_complete 2127/2640 dataset=erdos_renyi perturbation=edge_addition_deletion alpha=0.3 seed=4 workflow=netlsd_spectral_signatures status=success
2026-06-09 10:46:10,378 INFO row_complete 2128/2640 dataset=erdos_renyi perturbation=edge_addition_deletion alpha=0.3 seed=4 workflow=diversity_curves_shortest_path status=success
2026-06-09 10:47:44,720 INFO row_complete 2129/2640 dataset=erdos_renyi perturbation=edge_addition_deletion alpha=0.4 seed=4 workflow=structural_statistics_mmd status=success
2026-06-09 10:47:44,721 INFO row_complete 2130/2640 dataset=erdos_renyi perturbation=edge_addition_deletion alpha=0.4 seed=4 workflow=wl_subtree_kernel_mmd status=success
2026-06-09 10:47:44,722 INFO row_complete 2131/2640 dataset=erdos_renyi perturbation=edge_addition_deletion alpha=0.4 seed=4 workflow=netlsd_spectral_signatures status=success
2026-06-09 10:47:44,723 INFO row_complete 2132/2640 dataset=erdos_renyi perturbation=edge_addition_deletion alpha=0.4 seed=4 workflow=diversity_curves_shortest_path status=success
2026-06-09 10:49:19,400 INFO row_complete 2133/2640 dataset=erdos_renyi perturbation=edge_addition_deletion alpha=0.5 seed=4 workflow=structural_statistics_mmd status=success
2026-06-09 10:49:19,401 INFO row_complete 2134/2640 dataset=erdos_renyi perturbation=edge_addition_deletion alpha=0.5 seed=4 workflow=wl_subtree_kernel_mmd status=success
2026-06-09 10:49:19,402 INFO row_complete 2135/2640 dataset=erdos_renyi perturbation=edge_addition_deletion alpha=0.5 seed=4 workflow=netlsd_spectral_signatures status=success
2026-06-09 10:49:19,403 INFO row_complete 2136/2640 dataset=erdos_renyi perturbation=edge_addition_deletion alpha=0.5 seed=4 workflow=diversity_curves_shortest_path status=success
2026-06-09 10:50:53,715 INFO row_complete 2137/2640 dataset=erdos_renyi perturbation=edge_addition_deletion alpha=0.6 seed=4 workflow=structural_statistics_mmd status=success
2026-06-09 10:50:53,717 INFO row_complete 2138/2640 dataset=erdos_renyi perturbation=edge_addition_deletion alpha=0.6 seed=4 workflow=wl_subtree_kernel_mmd status=success
2026-06-09 10:50:53,718 INFO row_complete 2139/2640 dataset=erdos_renyi perturbation=edge_addition_deletion alpha=0.6 seed=4 workflow=netlsd_spectral_signatures status=success
2026-06-09 10:50:53,718 INFO row_complete 2140/2640 dataset=erdos_renyi perturbation=edge_addition_deletion alpha=0.6 seed=4 workflow=diversity_curves_shortest_path status=success
2026-06-09 10:52:27,969 INFO row_complete 2141/2640 dataset=erdos_renyi perturbation=edge_addition_deletion alpha=0.7 seed=4 workflow=structural_statistics_mmd status=success
2026-06-09 10:52:27,971 INFO row_complete 2142/2640 dataset=erdos_renyi perturbation=edge_addition_deletion alpha=0.7 seed=4 workflow=wl_subtree_kernel_mmd status=success
2026-06-09 10:52:27,972 INFO row_complete 2143/2640 dataset=erdos_renyi perturbation=edge_addition_deletion alpha=0.7 seed=4 workflow=netlsd_spectral_signatures status=success
2026-06-09 10:52:27,973 INFO row_complete 2144/2640 dataset=erdos_renyi perturbation=edge_addition_deletion alpha=0.7 seed=4 workflow=diversity_curves_shortest_path status=success
2026-06-09 10:54:02,883 INFO row_complete 2145/2640 dataset=erdos_renyi perturbation=edge_addition_deletion alpha=0.8 seed=4 workflow=structural_statistics_mmd status=success
2026-06-09 10:54:02,885 INFO row_complete 2146/2640 dataset=erdos_renyi perturbation=edge_addition_deletion alpha=0.8 seed=4 workflow=wl_subtree_kernel_mmd status=success
2026-06-09 10:54:02,886 INFO row_complete 2147/2640 dataset=erdos_renyi perturbation=edge_addition_deletion alpha=0.8 seed=4 workflow=netlsd_spectral_signatures status=success
2026-06-09 10:54:02,886 INFO row_complete 2148/2640 dataset=erdos_renyi perturbation=edge_addition_deletion alpha=0.8 seed=4 workflow=diversity_curves_shortest_path status=success
2026-06-09 10:55:37,722 INFO row_complete 2149/2640 dataset=erdos_renyi perturbation=edge_addition_deletion alpha=0.9 seed=4 workflow=structural_statistics_mmd status=success
2026-06-09 10:55:37,724 INFO row_complete 2150/2640 dataset=erdos_renyi perturbation=edge_addition_deletion alpha=0.9 seed=4 workflow=wl_subtree_kernel_mmd status=success
2026-06-09 10:55:37,726 INFO row_complete 2151/2640 dataset=erdos_renyi perturbation=edge_addition_deletion alpha=0.9 seed=4 workflow=netlsd_spectral_signatures status=success
2026-06-09 10:55:37,728 INFO row_complete 2152/2640 dataset=erdos_renyi perturbation=edge_addition_deletion alpha=0.9 seed=4 workflow=diversity_curves_shortest_path status=success
2026-06-09 10:57:11,917 INFO row_complete 2153/2640 dataset=erdos_renyi perturbation=edge_addition_deletion alpha=1.0 seed=4 workflow=structural_statistics_mmd status=success
2026-06-09 10:57:11,918 INFO row_complete 2154/2640 dataset=erdos_renyi perturbation=edge_addition_deletion alpha=1.0 seed=4 workflow=wl_subtree_kernel_mmd status=success
2026-06-09 10:57:11,920 INFO row_complete 2155/2640 dataset=erdos_renyi perturbation=edge_addition_deletion alpha=1.0 seed=4 workflow=netlsd_spectral_signatures status=success
2026-06-09 10:57:11,921 INFO row_complete 2156/2640 dataset=erdos_renyi perturbation=edge_addition_deletion alpha=1.0 seed=4 workflow=diversity_curves_shortest_path status=success
2026-06-09 10:58:46,088 INFO row_complete 2157/2640 dataset=erdos_renyi perturbation=triangle_injection_removal alpha=0.0 seed=4 workflow=structural_statistics_mmd status=success
2026-06-09 10:58:46,091 INFO row_complete 2158/2640 dataset=erdos_renyi perturbation=triangle_injection_removal alpha=0.0 seed=4 workflow=wl_subtree_kernel_mmd status=success
2026-06-09 10:58:46,093 INFO row_complete 2159/2640 dataset=erdos_renyi perturbation=triangle_injection_removal alpha=0.0 seed=4 workflow=netlsd_spectral_signatures status=success
2026-06-09 10:58:46,096 INFO row_complete 2160/2640 dataset=erdos_renyi perturbation=triangle_injection_removal alpha=0.0 seed=4 workflow=diversity_curves_shortest_path status=success
2026-06-09 11:00:20,682 INFO row_complete 2161/2640 dataset=erdos_renyi perturbation=triangle_injection_removal alpha=0.1 seed=4 workflow=structural_statistics_mmd status=success
2026-06-09 11:00:20,683 INFO row_complete 2162/2640 dataset=erdos_renyi perturbation=triangle_injection_removal alpha=0.1 seed=4 workflow=wl_subtree_kernel_mmd status=success
2026-06-09 11:00:20,684 INFO row_complete 2163/2640 dataset=erdos_renyi perturbation=triangle_injection_removal alpha=0.1 seed=4 workflow=netlsd_spectral_signatures status=success
2026-06-09 11:00:20,685 INFO row_complete 2164/2640 dataset=erdos_renyi perturbation=triangle_injection_removal alpha=0.1 seed=4 workflow=diversity_curves_shortest_path status=success
2026-06-09 11:01:55,435 INFO row_complete 2165/2640 dataset=erdos_renyi perturbation=triangle_injection_removal alpha=0.2 seed=4 workflow=structural_statistics_mmd status=success
2026-06-09 11:01:55,437 INFO row_complete 2166/2640 dataset=erdos_renyi perturbation=triangle_injection_removal alpha=0.2 seed=4 workflow=wl_subtree_kernel_mmd status=success
2026-06-09 11:01:55,438 INFO row_complete 2167/2640 dataset=erdos_renyi perturbation=triangle_injection_removal alpha=0.2 seed=4 workflow=netlsd_spectral_signatures status=success
2026-06-09 11:01:55,440 INFO row_complete 2168/2640 dataset=erdos_renyi perturbation=triangle_injection_removal alpha=0.2 seed=4 workflow=diversity_curves_shortest_path status=success
2026-06-09 11:03:29,952 INFO row_complete 2169/2640 dataset=erdos_renyi perturbation=triangle_injection_removal alpha=0.3 seed=4 workflow=structural_statistics_mmd status=success
2026-06-09 11:03:29,954 INFO row_complete 2170/2640 dataset=erdos_renyi perturbation=triangle_injection_removal alpha=0.3 seed=4 workflow=wl_subtree_kernel_mmd status=success
2026-06-09 11:03:29,955 INFO row_complete 2171/2640 dataset=erdos_renyi perturbation=triangle_injection_removal alpha=0.3 seed=4 workflow=netlsd_spectral_signatures status=success
2026-06-09 11:03:29,956 INFO row_complete 2172/2640 dataset=erdos_renyi perturbation=triangle_injection_removal alpha=0.3 seed=4 workflow=diversity_curves_shortest_path status=success
2026-06-09 11:05:04,322 INFO row_complete 2173/2640 dataset=erdos_renyi perturbation=triangle_injection_removal alpha=0.4 seed=4 workflow=structural_statistics_mmd status=success
2026-06-09 11:05:04,323 INFO row_complete 2174/2640 dataset=erdos_renyi perturbation=triangle_injection_removal alpha=0.4 seed=4 workflow=wl_subtree_kernel_mmd status=success
2026-06-09 11:05:04,325 INFO row_complete 2175/2640 dataset=erdos_renyi perturbation=triangle_injection_removal alpha=0.4 seed=4 workflow=netlsd_spectral_signatures status=success
2026-06-09 11:05:04,326 INFO row_complete 2176/2640 dataset=erdos_renyi perturbation=triangle_injection_removal alpha=0.4 seed=4 workflow=diversity_curves_shortest_path status=success
2026-06-09 11:06:38,672 INFO row_complete 2177/2640 dataset=erdos_renyi perturbation=triangle_injection_removal alpha=0.5 seed=4 workflow=structural_statistics_mmd status=success
2026-06-09 11:06:38,673 INFO row_complete 2178/2640 dataset=erdos_renyi perturbation=triangle_injection_removal alpha=0.5 seed=4 workflow=wl_subtree_kernel_mmd status=success
2026-06-09 11:06:38,674 INFO row_complete 2179/2640 dataset=erdos_renyi perturbation=triangle_injection_removal alpha=0.5 seed=4 workflow=netlsd_spectral_signatures status=success
2026-06-09 11:06:38,675 INFO row_complete 2180/2640 dataset=erdos_renyi perturbation=triangle_injection_removal alpha=0.5 seed=4 workflow=diversity_curves_shortest_path status=success
2026-06-09 11:08:12,994 INFO row_complete 2181/2640 dataset=erdos_renyi perturbation=triangle_injection_removal alpha=0.6 seed=4 workflow=structural_statistics_mmd status=success
2026-06-09 11:08:12,995 INFO row_complete 2182/2640 dataset=erdos_renyi perturbation=triangle_injection_removal alpha=0.6 seed=4 workflow=wl_subtree_kernel_mmd status=success
2026-06-09 11:08:12,996 INFO row_complete 2183/2640 dataset=erdos_renyi perturbation=triangle_injection_removal alpha=0.6 seed=4 workflow=netlsd_spectral_signatures status=success
2026-06-09 11:08:12,997 INFO row_complete 2184/2640 dataset=erdos_renyi perturbation=triangle_injection_removal alpha=0.6 seed=4 workflow=diversity_curves_shortest_path status=success
2026-06-09 11:09:47,418 INFO row_complete 2185/2640 dataset=erdos_renyi perturbation=triangle_injection_removal alpha=0.7 seed=4 workflow=structural_statistics_mmd status=success
2026-06-09 11:09:47,419 INFO row_complete 2186/2640 dataset=erdos_renyi perturbation=triangle_injection_removal alpha=0.7 seed=4 workflow=wl_subtree_kernel_mmd status=success
2026-06-09 11:09:47,420 INFO row_complete 2187/2640 dataset=erdos_renyi perturbation=triangle_injection_removal alpha=0.7 seed=4 workflow=netlsd_spectral_signatures status=success
2026-06-09 11:09:47,421 INFO row_complete 2188/2640 dataset=erdos_renyi perturbation=triangle_injection_removal alpha=0.7 seed=4 workflow=diversity_curves_shortest_path status=success
2026-06-09 11:11:21,701 INFO row_complete 2189/2640 dataset=erdos_renyi perturbation=triangle_injection_removal alpha=0.8 seed=4 workflow=structural_statistics_mmd status=success
2026-06-09 11:11:21,702 INFO row_complete 2190/2640 dataset=erdos_renyi perturbation=triangle_injection_removal alpha=0.8 seed=4 workflow=wl_subtree_kernel_mmd status=success
2026-06-09 11:11:21,703 INFO row_complete 2191/2640 dataset=erdos_renyi perturbation=triangle_injection_removal alpha=0.8 seed=4 workflow=netlsd_spectral_signatures status=success
2026-06-09 11:11:21,704 INFO row_complete 2192/2640 dataset=erdos_renyi perturbation=triangle_injection_removal alpha=0.8 seed=4 workflow=diversity_curves_shortest_path status=success
2026-06-09 11:12:56,115 INFO row_complete 2193/2640 dataset=erdos_renyi perturbation=triangle_injection_removal alpha=0.9 seed=4 workflow=structural_statistics_mmd status=success
2026-06-09 11:12:56,116 INFO row_complete 2194/2640 dataset=erdos_renyi perturbation=triangle_injection_removal alpha=0.9 seed=4 workflow=wl_subtree_kernel_mmd status=success
2026-06-09 11:12:56,117 INFO row_complete 2195/2640 dataset=erdos_renyi perturbation=triangle_injection_removal alpha=0.9 seed=4 workflow=netlsd_spectral_signatures status=success
2026-06-09 11:12:56,118 INFO row_complete 2196/2640 dataset=erdos_renyi perturbation=triangle_injection_removal alpha=0.9 seed=4 workflow=diversity_curves_shortest_path status=success
2026-06-09 11:14:30,361 INFO row_complete 2197/2640 dataset=erdos_renyi perturbation=triangle_injection_removal alpha=1.0 seed=4 workflow=structural_statistics_mmd status=success
2026-06-09 11:14:30,364 INFO row_complete 2198/2640 dataset=erdos_renyi perturbation=triangle_injection_removal alpha=1.0 seed=4 workflow=wl_subtree_kernel_mmd status=success
2026-06-09 11:14:30,367 INFO row_complete 2199/2640 dataset=erdos_renyi perturbation=triangle_injection_removal alpha=1.0 seed=4 workflow=netlsd_spectral_signatures status=success
2026-06-09 11:14:30,368 INFO row_complete 2200/2640 dataset=erdos_renyi perturbation=triangle_injection_removal alpha=1.0 seed=4 workflow=diversity_curves_shortest_path status=success
2026-06-09 11:14:30,387 INFO row_complete 2201/2640 dataset=erdos_renyi perturbation=community_weakening alpha=0.0 seed=4 workflow=structural_statistics_mmd status=skipped
2026-06-09 11:14:30,388 INFO row_complete 2202/2640 dataset=erdos_renyi perturbation=community_weakening alpha=0.0 seed=4 workflow=wl_subtree_kernel_mmd status=skipped
2026-06-09 11:14:30,389 INFO row_complete 2203/2640 dataset=erdos_renyi perturbation=community_weakening alpha=0.0 seed=4 workflow=netlsd_spectral_signatures status=skipped
2026-06-09 11:14:30,389 INFO row_complete 2204/2640 dataset=erdos_renyi perturbation=community_weakening alpha=0.0 seed=4 workflow=diversity_curves_shortest_path status=skipped
2026-06-09 11:14:30,407 INFO row_complete 2205/2640 dataset=erdos_renyi perturbation=community_weakening alpha=0.1 seed=4 workflow=structural_statistics_mmd status=skipped
2026-06-09 11:14:30,409 INFO row_complete 2206/2640 dataset=erdos_renyi perturbation=community_weakening alpha=0.1 seed=4 workflow=wl_subtree_kernel_mmd status=skipped
2026-06-09 11:14:30,410 INFO row_complete 2207/2640 dataset=erdos_renyi perturbation=community_weakening alpha=0.1 seed=4 workflow=netlsd_spectral_signatures status=skipped
2026-06-09 11:14:30,410 INFO row_complete 2208/2640 dataset=erdos_renyi perturbation=community_weakening alpha=0.1 seed=4 workflow=diversity_curves_shortest_path status=skipped
2026-06-09 11:14:30,428 INFO row_complete 2209/2640 dataset=erdos_renyi perturbation=community_weakening alpha=0.2 seed=4 workflow=structural_statistics_mmd status=skipped
2026-06-09 11:14:30,430 INFO row_complete 2210/2640 dataset=erdos_renyi perturbation=community_weakening alpha=0.2 seed=4 workflow=wl_subtree_kernel_mmd status=skipped
2026-06-09 11:14:30,432 INFO row_complete 2211/2640 dataset=erdos_renyi perturbation=community_weakening alpha=0.2 seed=4 workflow=netlsd_spectral_signatures status=skipped
2026-06-09 11:14:30,432 INFO row_complete 2212/2640 dataset=erdos_renyi perturbation=community_weakening alpha=0.2 seed=4 workflow=diversity_curves_shortest_path status=skipped
2026-06-09 11:14:30,449 INFO row_complete 2213/2640 dataset=erdos_renyi perturbation=community_weakening alpha=0.3 seed=4 workflow=structural_statistics_mmd status=skipped
2026-06-09 11:14:30,450 INFO row_complete 2214/2640 dataset=erdos_renyi perturbation=community_weakening alpha=0.3 seed=4 workflow=wl_subtree_kernel_mmd status=skipped
2026-06-09 11:14:30,451 INFO row_complete 2215/2640 dataset=erdos_renyi perturbation=community_weakening alpha=0.3 seed=4 workflow=netlsd_spectral_signatures status=skipped
2026-06-09 11:14:30,452 INFO row_complete 2216/2640 dataset=erdos_renyi perturbation=community_weakening alpha=0.3 seed=4 workflow=diversity_curves_shortest_path status=skipped
2026-06-09 11:14:30,468 INFO row_complete 2217/2640 dataset=erdos_renyi perturbation=community_weakening alpha=0.4 seed=4 workflow=structural_statistics_mmd status=skipped
2026-06-09 11:14:30,469 INFO row_complete 2218/2640 dataset=erdos_renyi perturbation=community_weakening alpha=0.4 seed=4 workflow=wl_subtree_kernel_mmd status=skipped
2026-06-09 11:14:30,470 INFO row_complete 2219/2640 dataset=erdos_renyi perturbation=community_weakening alpha=0.4 seed=4 workflow=netlsd_spectral_signatures status=skipped
2026-06-09 11:14:30,470 INFO row_complete 2220/2640 dataset=erdos_renyi perturbation=community_weakening alpha=0.4 seed=4 workflow=diversity_curves_shortest_path status=skipped
2026-06-09 11:14:30,488 INFO row_complete 2221/2640 dataset=erdos_renyi perturbation=community_weakening alpha=0.5 seed=4 workflow=structural_statistics_mmd status=skipped
2026-06-09 11:14:30,489 INFO row_complete 2222/2640 dataset=erdos_renyi perturbation=community_weakening alpha=0.5 seed=4 workflow=wl_subtree_kernel_mmd status=skipped
2026-06-09 11:14:30,490 INFO row_complete 2223/2640 dataset=erdos_renyi perturbation=community_weakening alpha=0.5 seed=4 workflow=netlsd_spectral_signatures status=skipped
2026-06-09 11:14:30,491 INFO row_complete 2224/2640 dataset=erdos_renyi perturbation=community_weakening alpha=0.5 seed=4 workflow=diversity_curves_shortest_path status=skipped
2026-06-09 11:14:30,513 INFO row_complete 2225/2640 dataset=erdos_renyi perturbation=community_weakening alpha=0.6 seed=4 workflow=structural_statistics_mmd status=skipped
2026-06-09 11:14:30,514 INFO row_complete 2226/2640 dataset=erdos_renyi perturbation=community_weakening alpha=0.6 seed=4 workflow=wl_subtree_kernel_mmd status=skipped
2026-06-09 11:14:30,515 INFO row_complete 2227/2640 dataset=erdos_renyi perturbation=community_weakening alpha=0.6 seed=4 workflow=netlsd_spectral_signatures status=skipped
2026-06-09 11:14:30,516 INFO row_complete 2228/2640 dataset=erdos_renyi perturbation=community_weakening alpha=0.6 seed=4 workflow=diversity_curves_shortest_path status=skipped
2026-06-09 11:14:30,532 INFO row_complete 2229/2640 dataset=erdos_renyi perturbation=community_weakening alpha=0.7 seed=4 workflow=structural_statistics_mmd status=skipped
2026-06-09 11:14:30,533 INFO row_complete 2230/2640 dataset=erdos_renyi perturbation=community_weakening alpha=0.7 seed=4 workflow=wl_subtree_kernel_mmd status=skipped
2026-06-09 11:14:30,533 INFO row_complete 2231/2640 dataset=erdos_renyi perturbation=community_weakening alpha=0.7 seed=4 workflow=netlsd_spectral_signatures status=skipped
2026-06-09 11:14:30,534 INFO row_complete 2232/2640 dataset=erdos_renyi perturbation=community_weakening alpha=0.7 seed=4 workflow=diversity_curves_shortest_path status=skipped
2026-06-09 11:14:30,550 INFO row_complete 2233/2640 dataset=erdos_renyi perturbation=community_weakening alpha=0.8 seed=4 workflow=structural_statistics_mmd status=skipped
2026-06-09 11:14:30,551 INFO row_complete 2234/2640 dataset=erdos_renyi perturbation=community_weakening alpha=0.8 seed=4 workflow=wl_subtree_kernel_mmd status=skipped
2026-06-09 11:14:30,552 INFO row_complete 2235/2640 dataset=erdos_renyi perturbation=community_weakening alpha=0.8 seed=4 workflow=netlsd_spectral_signatures status=skipped
2026-06-09 11:14:30,553 INFO row_complete 2236/2640 dataset=erdos_renyi perturbation=community_weakening alpha=0.8 seed=4 workflow=diversity_curves_shortest_path status=skipped
2026-06-09 11:14:30,569 INFO row_complete 2237/2640 dataset=erdos_renyi perturbation=community_weakening alpha=0.9 seed=4 workflow=structural_statistics_mmd status=skipped
2026-06-09 11:14:30,570 INFO row_complete 2238/2640 dataset=erdos_renyi perturbation=community_weakening alpha=0.9 seed=4 workflow=wl_subtree_kernel_mmd status=skipped
2026-06-09 11:14:30,571 INFO row_complete 2239/2640 dataset=erdos_renyi perturbation=community_weakening alpha=0.9 seed=4 workflow=netlsd_spectral_signatures status=skipped
2026-06-09 11:14:30,571 INFO row_complete 2240/2640 dataset=erdos_renyi perturbation=community_weakening alpha=0.9 seed=4 workflow=diversity_curves_shortest_path status=skipped
2026-06-09 11:14:30,587 INFO row_complete 2241/2640 dataset=erdos_renyi perturbation=community_weakening alpha=1.0 seed=4 workflow=structural_statistics_mmd status=skipped
2026-06-09 11:14:30,588 INFO row_complete 2242/2640 dataset=erdos_renyi perturbation=community_weakening alpha=1.0 seed=4 workflow=wl_subtree_kernel_mmd status=skipped
2026-06-09 11:14:30,588 INFO row_complete 2243/2640 dataset=erdos_renyi perturbation=community_weakening alpha=1.0 seed=4 workflow=netlsd_spectral_signatures status=skipped
2026-06-09 11:14:30,589 INFO row_complete 2244/2640 dataset=erdos_renyi perturbation=community_weakening alpha=1.0 seed=4 workflow=diversity_curves_shortest_path status=skipped
2026-06-09 11:16:04,595 INFO row_complete 2245/2640 dataset=erdos_renyi perturbation=hub_modification alpha=0.0 seed=4 workflow=structural_statistics_mmd status=success
2026-06-09 11:16:04,596 INFO row_complete 2246/2640 dataset=erdos_renyi perturbation=hub_modification alpha=0.0 seed=4 workflow=wl_subtree_kernel_mmd status=success
2026-06-09 11:16:04,597 INFO row_complete 2247/2640 dataset=erdos_renyi perturbation=hub_modification alpha=0.0 seed=4 workflow=netlsd_spectral_signatures status=success
2026-06-09 11:16:04,597 INFO row_complete 2248/2640 dataset=erdos_renyi perturbation=hub_modification alpha=0.0 seed=4 workflow=diversity_curves_shortest_path status=success
2026-06-09 11:17:38,672 INFO row_complete 2249/2640 dataset=erdos_renyi perturbation=hub_modification alpha=0.1 seed=4 workflow=structural_statistics_mmd status=success
2026-06-09 11:17:38,673 INFO row_complete 2250/2640 dataset=erdos_renyi perturbation=hub_modification alpha=0.1 seed=4 workflow=wl_subtree_kernel_mmd status=success
2026-06-09 11:17:38,674 INFO row_complete 2251/2640 dataset=erdos_renyi perturbation=hub_modification alpha=0.1 seed=4 workflow=netlsd_spectral_signatures status=success
2026-06-09 11:17:38,675 INFO row_complete 2252/2640 dataset=erdos_renyi perturbation=hub_modification alpha=0.1 seed=4 workflow=diversity_curves_shortest_path status=success
2026-06-09 11:19:13,639 INFO row_complete 2253/2640 dataset=erdos_renyi perturbation=hub_modification alpha=0.2 seed=4 workflow=structural_statistics_mmd status=success
2026-06-09 11:19:13,640 INFO row_complete 2254/2640 dataset=erdos_renyi perturbation=hub_modification alpha=0.2 seed=4 workflow=wl_subtree_kernel_mmd status=success
2026-06-09 11:19:13,641 INFO row_complete 2255/2640 dataset=erdos_renyi perturbation=hub_modification alpha=0.2 seed=4 workflow=netlsd_spectral_signatures status=success
2026-06-09 11:19:13,642 INFO row_complete 2256/2640 dataset=erdos_renyi perturbation=hub_modification alpha=0.2 seed=4 workflow=diversity_curves_shortest_path status=success
2026-06-09 11:20:47,453 INFO row_complete 2257/2640 dataset=erdos_renyi perturbation=hub_modification alpha=0.3 seed=4 workflow=structural_statistics_mmd status=success
2026-06-09 11:20:47,454 INFO row_complete 2258/2640 dataset=erdos_renyi perturbation=hub_modification alpha=0.3 seed=4 workflow=wl_subtree_kernel_mmd status=success
2026-06-09 11:20:47,455 INFO row_complete 2259/2640 dataset=erdos_renyi perturbation=hub_modification alpha=0.3 seed=4 workflow=netlsd_spectral_signatures status=success
2026-06-09 11:20:47,456 INFO row_complete 2260/2640 dataset=erdos_renyi perturbation=hub_modification alpha=0.3 seed=4 workflow=diversity_curves_shortest_path status=success
2026-06-09 11:22:21,384 INFO row_complete 2261/2640 dataset=erdos_renyi perturbation=hub_modification alpha=0.4 seed=4 workflow=structural_statistics_mmd status=success
2026-06-09 11:22:21,385 INFO row_complete 2262/2640 dataset=erdos_renyi perturbation=hub_modification alpha=0.4 seed=4 workflow=wl_subtree_kernel_mmd status=success
2026-06-09 11:22:21,386 INFO row_complete 2263/2640 dataset=erdos_renyi perturbation=hub_modification alpha=0.4 seed=4 workflow=netlsd_spectral_signatures status=success
2026-06-09 11:22:21,387 INFO row_complete 2264/2640 dataset=erdos_renyi perturbation=hub_modification alpha=0.4 seed=4 workflow=diversity_curves_shortest_path status=success
2026-06-09 11:23:55,590 INFO row_complete 2265/2640 dataset=erdos_renyi perturbation=hub_modification alpha=0.5 seed=4 workflow=structural_statistics_mmd status=success
2026-06-09 11:23:55,591 INFO row_complete 2266/2640 dataset=erdos_renyi perturbation=hub_modification alpha=0.5 seed=4 workflow=wl_subtree_kernel_mmd status=success
2026-06-09 11:23:55,592 INFO row_complete 2267/2640 dataset=erdos_renyi perturbation=hub_modification alpha=0.5 seed=4 workflow=netlsd_spectral_signatures status=success
2026-06-09 11:23:55,593 INFO row_complete 2268/2640 dataset=erdos_renyi perturbation=hub_modification alpha=0.5 seed=4 workflow=diversity_curves_shortest_path status=success
2026-06-09 11:25:32,310 INFO row_complete 2269/2640 dataset=erdos_renyi perturbation=hub_modification alpha=0.6 seed=4 workflow=structural_statistics_mmd status=success
2026-06-09 11:25:32,312 INFO row_complete 2270/2640 dataset=erdos_renyi perturbation=hub_modification alpha=0.6 seed=4 workflow=wl_subtree_kernel_mmd status=success
2026-06-09 11:25:32,313 INFO row_complete 2271/2640 dataset=erdos_renyi perturbation=hub_modification alpha=0.6 seed=4 workflow=netlsd_spectral_signatures status=success
2026-06-09 11:25:32,313 INFO row_complete 2272/2640 dataset=erdos_renyi perturbation=hub_modification alpha=0.6 seed=4 workflow=diversity_curves_shortest_path status=success
2026-06-09 11:27:06,329 INFO row_complete 2273/2640 dataset=erdos_renyi perturbation=hub_modification alpha=0.7 seed=4 workflow=structural_statistics_mmd status=success
2026-06-09 11:27:06,331 INFO row_complete 2274/2640 dataset=erdos_renyi perturbation=hub_modification alpha=0.7 seed=4 workflow=wl_subtree_kernel_mmd status=success
2026-06-09 11:27:06,332 INFO row_complete 2275/2640 dataset=erdos_renyi perturbation=hub_modification alpha=0.7 seed=4 workflow=netlsd_spectral_signatures status=success
2026-06-09 11:27:06,333 INFO row_complete 2276/2640 dataset=erdos_renyi perturbation=hub_modification alpha=0.7 seed=4 workflow=diversity_curves_shortest_path status=success
2026-06-09 11:28:40,216 INFO row_complete 2277/2640 dataset=erdos_renyi perturbation=hub_modification alpha=0.8 seed=4 workflow=structural_statistics_mmd status=success
2026-06-09 11:28:40,217 INFO row_complete 2278/2640 dataset=erdos_renyi perturbation=hub_modification alpha=0.8 seed=4 workflow=wl_subtree_kernel_mmd status=success
2026-06-09 11:28:40,218 INFO row_complete 2279/2640 dataset=erdos_renyi perturbation=hub_modification alpha=0.8 seed=4 workflow=netlsd_spectral_signatures status=success
2026-06-09 11:28:40,220 INFO row_complete 2280/2640 dataset=erdos_renyi perturbation=hub_modification alpha=0.8 seed=4 workflow=diversity_curves_shortest_path status=success
2026-06-09 11:30:14,306 INFO row_complete 2281/2640 dataset=erdos_renyi perturbation=hub_modification alpha=0.9 seed=4 workflow=structural_statistics_mmd status=success
2026-06-09 11:30:14,307 INFO row_complete 2282/2640 dataset=erdos_renyi perturbation=hub_modification alpha=0.9 seed=4 workflow=wl_subtree_kernel_mmd status=success
2026-06-09 11:30:14,308 INFO row_complete 2283/2640 dataset=erdos_renyi perturbation=hub_modification alpha=0.9 seed=4 workflow=netlsd_spectral_signatures status=success
2026-06-09 11:30:14,309 INFO row_complete 2284/2640 dataset=erdos_renyi perturbation=hub_modification alpha=0.9 seed=4 workflow=diversity_curves_shortest_path status=success
2026-06-09 11:31:48,151 INFO row_complete 2285/2640 dataset=erdos_renyi perturbation=hub_modification alpha=1.0 seed=4 workflow=structural_statistics_mmd status=success
2026-06-09 11:31:48,153 INFO row_complete 2286/2640 dataset=erdos_renyi perturbation=hub_modification alpha=1.0 seed=4 workflow=wl_subtree_kernel_mmd status=success
2026-06-09 11:31:48,154 INFO row_complete 2287/2640 dataset=erdos_renyi perturbation=hub_modification alpha=1.0 seed=4 workflow=netlsd_spectral_signatures status=success
2026-06-09 11:31:48,155 INFO row_complete 2288/2640 dataset=erdos_renyi perturbation=hub_modification alpha=1.0 seed=4 workflow=diversity_curves_shortest_path status=success
2026-06-09 11:33:18,949 INFO row_complete 2289/2640 dataset=stochastic_block_model perturbation=edge_addition_deletion alpha=0.0 seed=4 workflow=structural_statistics_mmd status=success
2026-06-09 11:33:18,952 INFO row_complete 2290/2640 dataset=stochastic_block_model perturbation=edge_addition_deletion alpha=0.0 seed=4 workflow=wl_subtree_kernel_mmd status=success
2026-06-09 11:33:18,954 INFO row_complete 2291/2640 dataset=stochastic_block_model perturbation=edge_addition_deletion alpha=0.0 seed=4 workflow=netlsd_spectral_signatures status=success
2026-06-09 11:33:18,955 INFO row_complete 2292/2640 dataset=stochastic_block_model perturbation=edge_addition_deletion alpha=0.0 seed=4 workflow=diversity_curves_shortest_path status=success
2026-06-09 11:34:49,946 INFO row_complete 2293/2640 dataset=stochastic_block_model perturbation=edge_addition_deletion alpha=0.1 seed=4 workflow=structural_statistics_mmd status=success
2026-06-09 11:34:49,947 INFO row_complete 2294/2640 dataset=stochastic_block_model perturbation=edge_addition_deletion alpha=0.1 seed=4 workflow=wl_subtree_kernel_mmd status=success
2026-06-09 11:34:49,948 INFO row_complete 2295/2640 dataset=stochastic_block_model perturbation=edge_addition_deletion alpha=0.1 seed=4 workflow=netlsd_spectral_signatures status=success
2026-06-09 11:34:49,949 INFO row_complete 2296/2640 dataset=stochastic_block_model perturbation=edge_addition_deletion alpha=0.1 seed=4 workflow=diversity_curves_shortest_path status=success
2026-06-09 11:36:20,788 INFO row_complete 2297/2640 dataset=stochastic_block_model perturbation=edge_addition_deletion alpha=0.2 seed=4 workflow=structural_statistics_mmd status=success
2026-06-09 11:36:20,789 INFO row_complete 2298/2640 dataset=stochastic_block_model perturbation=edge_addition_deletion alpha=0.2 seed=4 workflow=wl_subtree_kernel_mmd status=success
2026-06-09 11:36:20,790 INFO row_complete 2299/2640 dataset=stochastic_block_model perturbation=edge_addition_deletion alpha=0.2 seed=4 workflow=netlsd_spectral_signatures status=success
2026-06-09 11:36:20,791 INFO row_complete 2300/2640 dataset=stochastic_block_model perturbation=edge_addition_deletion alpha=0.2 seed=4 workflow=diversity_curves_shortest_path status=success
2026-06-09 11:37:54,832 INFO row_complete 2301/2640 dataset=stochastic_block_model perturbation=edge_addition_deletion alpha=0.3 seed=4 workflow=structural_statistics_mmd status=success
2026-06-09 11:37:54,834 INFO row_complete 2302/2640 dataset=stochastic_block_model perturbation=edge_addition_deletion alpha=0.3 seed=4 workflow=wl_subtree_kernel_mmd status=success
2026-06-09 11:37:54,834 INFO row_complete 2303/2640 dataset=stochastic_block_model perturbation=edge_addition_deletion alpha=0.3 seed=4 workflow=netlsd_spectral_signatures status=success
2026-06-09 11:37:54,835 INFO row_complete 2304/2640 dataset=stochastic_block_model perturbation=edge_addition_deletion alpha=0.3 seed=4 workflow=diversity_curves_shortest_path status=success
2026-06-09 11:39:25,840 INFO row_complete 2305/2640 dataset=stochastic_block_model perturbation=edge_addition_deletion alpha=0.4 seed=4 workflow=structural_statistics_mmd status=success
2026-06-09 11:39:25,842 INFO row_complete 2306/2640 dataset=stochastic_block_model perturbation=edge_addition_deletion alpha=0.4 seed=4 workflow=wl_subtree_kernel_mmd status=success
2026-06-09 11:39:25,843 INFO row_complete 2307/2640 dataset=stochastic_block_model perturbation=edge_addition_deletion alpha=0.4 seed=4 workflow=netlsd_spectral_signatures status=success
2026-06-09 11:39:25,844 INFO row_complete 2308/2640 dataset=stochastic_block_model perturbation=edge_addition_deletion alpha=0.4 seed=4 workflow=diversity_curves_shortest_path status=success
2026-06-09 11:40:56,962 INFO row_complete 2309/2640 dataset=stochastic_block_model perturbation=edge_addition_deletion alpha=0.5 seed=4 workflow=structural_statistics_mmd status=success
2026-06-09 11:40:56,964 INFO row_complete 2310/2640 dataset=stochastic_block_model perturbation=edge_addition_deletion alpha=0.5 seed=4 workflow=wl_subtree_kernel_mmd status=success
2026-06-09 11:40:56,965 INFO row_complete 2311/2640 dataset=stochastic_block_model perturbation=edge_addition_deletion alpha=0.5 seed=4 workflow=netlsd_spectral_signatures status=success
2026-06-09 11:40:56,965 INFO row_complete 2312/2640 dataset=stochastic_block_model perturbation=edge_addition_deletion alpha=0.5 seed=4 workflow=diversity_curves_shortest_path status=success
2026-06-09 11:42:27,762 INFO row_complete 2313/2640 dataset=stochastic_block_model perturbation=edge_addition_deletion alpha=0.6 seed=4 workflow=structural_statistics_mmd status=success
2026-06-09 11:42:27,763 INFO row_complete 2314/2640 dataset=stochastic_block_model perturbation=edge_addition_deletion alpha=0.6 seed=4 workflow=wl_subtree_kernel_mmd status=success
2026-06-09 11:42:27,764 INFO row_complete 2315/2640 dataset=stochastic_block_model perturbation=edge_addition_deletion alpha=0.6 seed=4 workflow=netlsd_spectral_signatures status=success
2026-06-09 11:42:27,765 INFO row_complete 2316/2640 dataset=stochastic_block_model perturbation=edge_addition_deletion alpha=0.6 seed=4 workflow=diversity_curves_shortest_path status=success
2026-06-09 11:43:58,674 INFO row_complete 2317/2640 dataset=stochastic_block_model perturbation=edge_addition_deletion alpha=0.7 seed=4 workflow=structural_statistics_mmd status=success
2026-06-09 11:43:58,675 INFO row_complete 2318/2640 dataset=stochastic_block_model perturbation=edge_addition_deletion alpha=0.7 seed=4 workflow=wl_subtree_kernel_mmd status=success
2026-06-09 11:43:58,676 INFO row_complete 2319/2640 dataset=stochastic_block_model perturbation=edge_addition_deletion alpha=0.7 seed=4 workflow=netlsd_spectral_signatures status=success
2026-06-09 11:43:58,677 INFO row_complete 2320/2640 dataset=stochastic_block_model perturbation=edge_addition_deletion alpha=0.7 seed=4 workflow=diversity_curves_shortest_path status=success
2026-06-09 11:45:29,457 INFO row_complete 2321/2640 dataset=stochastic_block_model perturbation=edge_addition_deletion alpha=0.8 seed=4 workflow=structural_statistics_mmd status=success
2026-06-09 11:45:29,458 INFO row_complete 2322/2640 dataset=stochastic_block_model perturbation=edge_addition_deletion alpha=0.8 seed=4 workflow=wl_subtree_kernel_mmd status=success
2026-06-09 11:45:29,459 INFO row_complete 2323/2640 dataset=stochastic_block_model perturbation=edge_addition_deletion alpha=0.8 seed=4 workflow=netlsd_spectral_signatures status=success
2026-06-09 11:45:29,460 INFO row_complete 2324/2640 dataset=stochastic_block_model perturbation=edge_addition_deletion alpha=0.8 seed=4 workflow=diversity_curves_shortest_path status=success
2026-06-09 11:47:00,152 INFO row_complete 2325/2640 dataset=stochastic_block_model perturbation=edge_addition_deletion alpha=0.9 seed=4 workflow=structural_statistics_mmd status=success
2026-06-09 11:47:00,153 INFO row_complete 2326/2640 dataset=stochastic_block_model perturbation=edge_addition_deletion alpha=0.9 seed=4 workflow=wl_subtree_kernel_mmd status=success
2026-06-09 11:47:00,154 INFO row_complete 2327/2640 dataset=stochastic_block_model perturbation=edge_addition_deletion alpha=0.9 seed=4 workflow=netlsd_spectral_signatures status=success
2026-06-09 11:47:00,155 INFO row_complete 2328/2640 dataset=stochastic_block_model perturbation=edge_addition_deletion alpha=0.9 seed=4 workflow=diversity_curves_shortest_path status=success
2026-06-09 11:48:31,071 INFO row_complete 2329/2640 dataset=stochastic_block_model perturbation=edge_addition_deletion alpha=1.0 seed=4 workflow=structural_statistics_mmd status=success
2026-06-09 11:48:31,072 INFO row_complete 2330/2640 dataset=stochastic_block_model perturbation=edge_addition_deletion alpha=1.0 seed=4 workflow=wl_subtree_kernel_mmd status=success
2026-06-09 11:48:31,073 INFO row_complete 2331/2640 dataset=stochastic_block_model perturbation=edge_addition_deletion alpha=1.0 seed=4 workflow=netlsd_spectral_signatures status=success
2026-06-09 11:48:31,074 INFO row_complete 2332/2640 dataset=stochastic_block_model perturbation=edge_addition_deletion alpha=1.0 seed=4 workflow=diversity_curves_shortest_path status=success
2026-06-09 11:50:01,497 INFO row_complete 2333/2640 dataset=stochastic_block_model perturbation=triangle_injection_removal alpha=0.0 seed=4 workflow=structural_statistics_mmd status=success
2026-06-09 11:50:01,498 INFO row_complete 2334/2640 dataset=stochastic_block_model perturbation=triangle_injection_removal alpha=0.0 seed=4 workflow=wl_subtree_kernel_mmd status=success
2026-06-09 11:50:01,499 INFO row_complete 2335/2640 dataset=stochastic_block_model perturbation=triangle_injection_removal alpha=0.0 seed=4 workflow=netlsd_spectral_signatures status=success
2026-06-09 11:50:01,500 INFO row_complete 2336/2640 dataset=stochastic_block_model perturbation=triangle_injection_removal alpha=0.0 seed=4 workflow=diversity_curves_shortest_path status=success
2026-06-09 11:51:32,214 INFO row_complete 2337/2640 dataset=stochastic_block_model perturbation=triangle_injection_removal alpha=0.1 seed=4 workflow=structural_statistics_mmd status=success
2026-06-09 11:51:32,215 INFO row_complete 2338/2640 dataset=stochastic_block_model perturbation=triangle_injection_removal alpha=0.1 seed=4 workflow=wl_subtree_kernel_mmd status=success
2026-06-09 11:51:32,216 INFO row_complete 2339/2640 dataset=stochastic_block_model perturbation=triangle_injection_removal alpha=0.1 seed=4 workflow=netlsd_spectral_signatures status=success
2026-06-09 11:51:32,217 INFO row_complete 2340/2640 dataset=stochastic_block_model perturbation=triangle_injection_removal alpha=0.1 seed=4 workflow=diversity_curves_shortest_path status=success
2026-06-09 11:53:02,955 INFO row_complete 2341/2640 dataset=stochastic_block_model perturbation=triangle_injection_removal alpha=0.2 seed=4 workflow=structural_statistics_mmd status=success
2026-06-09 11:53:02,957 INFO row_complete 2342/2640 dataset=stochastic_block_model perturbation=triangle_injection_removal alpha=0.2 seed=4 workflow=wl_subtree_kernel_mmd status=success
2026-06-09 11:53:02,958 INFO row_complete 2343/2640 dataset=stochastic_block_model perturbation=triangle_injection_removal alpha=0.2 seed=4 workflow=netlsd_spectral_signatures status=success
2026-06-09 11:53:02,958 INFO row_complete 2344/2640 dataset=stochastic_block_model perturbation=triangle_injection_removal alpha=0.2 seed=4 workflow=diversity_curves_shortest_path status=success
2026-06-09 11:54:33,983 INFO row_complete 2345/2640 dataset=stochastic_block_model perturbation=triangle_injection_removal alpha=0.3 seed=4 workflow=structural_statistics_mmd status=success
2026-06-09 11:54:33,984 INFO row_complete 2346/2640 dataset=stochastic_block_model perturbation=triangle_injection_removal alpha=0.3 seed=4 workflow=wl_subtree_kernel_mmd status=success
2026-06-09 11:54:33,985 INFO row_complete 2347/2640 dataset=stochastic_block_model perturbation=triangle_injection_removal alpha=0.3 seed=4 workflow=netlsd_spectral_signatures status=success
2026-06-09 11:54:33,986 INFO row_complete 2348/2640 dataset=stochastic_block_model perturbation=triangle_injection_removal alpha=0.3 seed=4 workflow=diversity_curves_shortest_path status=success
2026-06-09 11:56:04,918 INFO row_complete 2349/2640 dataset=stochastic_block_model perturbation=triangle_injection_removal alpha=0.4 seed=4 workflow=structural_statistics_mmd status=success
2026-06-09 11:56:04,919 INFO row_complete 2350/2640 dataset=stochastic_block_model perturbation=triangle_injection_removal alpha=0.4 seed=4 workflow=wl_subtree_kernel_mmd status=success
2026-06-09 11:56:04,920 INFO row_complete 2351/2640 dataset=stochastic_block_model perturbation=triangle_injection_removal alpha=0.4 seed=4 workflow=netlsd_spectral_signatures status=success
2026-06-09 11:56:04,921 INFO row_complete 2352/2640 dataset=stochastic_block_model perturbation=triangle_injection_removal alpha=0.4 seed=4 workflow=diversity_curves_shortest_path status=success
2026-06-09 11:57:35,910 INFO row_complete 2353/2640 dataset=stochastic_block_model perturbation=triangle_injection_removal alpha=0.5 seed=4 workflow=structural_statistics_mmd status=success
2026-06-09 11:57:35,911 INFO row_complete 2354/2640 dataset=stochastic_block_model perturbation=triangle_injection_removal alpha=0.5 seed=4 workflow=wl_subtree_kernel_mmd status=success
2026-06-09 11:57:35,912 INFO row_complete 2355/2640 dataset=stochastic_block_model perturbation=triangle_injection_removal alpha=0.5 seed=4 workflow=netlsd_spectral_signatures status=success
2026-06-09 11:57:35,913 INFO row_complete 2356/2640 dataset=stochastic_block_model perturbation=triangle_injection_removal alpha=0.5 seed=4 workflow=diversity_curves_shortest_path status=success
2026-06-09 11:59:07,196 INFO row_complete 2357/2640 dataset=stochastic_block_model perturbation=triangle_injection_removal alpha=0.6 seed=4 workflow=structural_statistics_mmd status=success
2026-06-09 11:59:07,198 INFO row_complete 2358/2640 dataset=stochastic_block_model perturbation=triangle_injection_removal alpha=0.6 seed=4 workflow=wl_subtree_kernel_mmd status=success
2026-06-09 11:59:07,200 INFO row_complete 2359/2640 dataset=stochastic_block_model perturbation=triangle_injection_removal alpha=0.6 seed=4 workflow=netlsd_spectral_signatures status=success
2026-06-09 11:59:07,201 INFO row_complete 2360/2640 dataset=stochastic_block_model perturbation=triangle_injection_removal alpha=0.6 seed=4 workflow=diversity_curves_shortest_path status=success
2026-06-09 12:00:38,255 INFO row_complete 2361/2640 dataset=stochastic_block_model perturbation=triangle_injection_removal alpha=0.7 seed=4 workflow=structural_statistics_mmd status=success
2026-06-09 12:00:38,257 INFO row_complete 2362/2640 dataset=stochastic_block_model perturbation=triangle_injection_removal alpha=0.7 seed=4 workflow=wl_subtree_kernel_mmd status=success
2026-06-09 12:00:38,260 INFO row_complete 2363/2640 dataset=stochastic_block_model perturbation=triangle_injection_removal alpha=0.7 seed=4 workflow=netlsd_spectral_signatures status=success
2026-06-09 12:00:38,263 INFO row_complete 2364/2640 dataset=stochastic_block_model perturbation=triangle_injection_removal alpha=0.7 seed=4 workflow=diversity_curves_shortest_path status=success
2026-06-09 12:02:09,071 INFO row_complete 2365/2640 dataset=stochastic_block_model perturbation=triangle_injection_removal alpha=0.8 seed=4 workflow=structural_statistics_mmd status=success
2026-06-09 12:02:09,072 INFO row_complete 2366/2640 dataset=stochastic_block_model perturbation=triangle_injection_removal alpha=0.8 seed=4 workflow=wl_subtree_kernel_mmd status=success
2026-06-09 12:02:09,073 INFO row_complete 2367/2640 dataset=stochastic_block_model perturbation=triangle_injection_removal alpha=0.8 seed=4 workflow=netlsd_spectral_signatures status=success
2026-06-09 12:02:09,074 INFO row_complete 2368/2640 dataset=stochastic_block_model perturbation=triangle_injection_removal alpha=0.8 seed=4 workflow=diversity_curves_shortest_path status=success
2026-06-09 12:03:39,880 INFO row_complete 2369/2640 dataset=stochastic_block_model perturbation=triangle_injection_removal alpha=0.9 seed=4 workflow=structural_statistics_mmd status=success
2026-06-09 12:03:39,881 INFO row_complete 2370/2640 dataset=stochastic_block_model perturbation=triangle_injection_removal alpha=0.9 seed=4 workflow=wl_subtree_kernel_mmd status=success
2026-06-09 12:03:39,882 INFO row_complete 2371/2640 dataset=stochastic_block_model perturbation=triangle_injection_removal alpha=0.9 seed=4 workflow=netlsd_spectral_signatures status=success
2026-06-09 12:03:39,883 INFO row_complete 2372/2640 dataset=stochastic_block_model perturbation=triangle_injection_removal alpha=0.9 seed=4 workflow=diversity_curves_shortest_path status=success
2026-06-09 12:05:10,483 INFO row_complete 2373/2640 dataset=stochastic_block_model perturbation=triangle_injection_removal alpha=1.0 seed=4 workflow=structural_statistics_mmd status=success
2026-06-09 12:05:10,484 INFO row_complete 2374/2640 dataset=stochastic_block_model perturbation=triangle_injection_removal alpha=1.0 seed=4 workflow=wl_subtree_kernel_mmd status=success
2026-06-09 12:05:10,485 INFO row_complete 2375/2640 dataset=stochastic_block_model perturbation=triangle_injection_removal alpha=1.0 seed=4 workflow=netlsd_spectral_signatures status=success
2026-06-09 12:05:10,486 INFO row_complete 2376/2640 dataset=stochastic_block_model perturbation=triangle_injection_removal alpha=1.0 seed=4 workflow=diversity_curves_shortest_path status=success
2026-06-09 12:06:40,965 INFO row_complete 2377/2640 dataset=stochastic_block_model perturbation=community_weakening alpha=0.0 seed=4 workflow=structural_statistics_mmd status=success
2026-06-09 12:06:40,966 INFO row_complete 2378/2640 dataset=stochastic_block_model perturbation=community_weakening alpha=0.0 seed=4 workflow=wl_subtree_kernel_mmd status=success
2026-06-09 12:06:40,967 INFO row_complete 2379/2640 dataset=stochastic_block_model perturbation=community_weakening alpha=0.0 seed=4 workflow=netlsd_spectral_signatures status=success
2026-06-09 12:06:40,968 INFO row_complete 2380/2640 dataset=stochastic_block_model perturbation=community_weakening alpha=0.0 seed=4 workflow=diversity_curves_shortest_path status=success
2026-06-09 12:08:11,486 INFO row_complete 2381/2640 dataset=stochastic_block_model perturbation=community_weakening alpha=0.1 seed=4 workflow=structural_statistics_mmd status=success
2026-06-09 12:08:11,487 INFO row_complete 2382/2640 dataset=stochastic_block_model perturbation=community_weakening alpha=0.1 seed=4 workflow=wl_subtree_kernel_mmd status=success
2026-06-09 12:08:11,488 INFO row_complete 2383/2640 dataset=stochastic_block_model perturbation=community_weakening alpha=0.1 seed=4 workflow=netlsd_spectral_signatures status=success
2026-06-09 12:08:11,489 INFO row_complete 2384/2640 dataset=stochastic_block_model perturbation=community_weakening alpha=0.1 seed=4 workflow=diversity_curves_shortest_path status=success
2026-06-09 12:09:42,170 INFO row_complete 2385/2640 dataset=stochastic_block_model perturbation=community_weakening alpha=0.2 seed=4 workflow=structural_statistics_mmd status=success
2026-06-09 12:09:42,171 INFO row_complete 2386/2640 dataset=stochastic_block_model perturbation=community_weakening alpha=0.2 seed=4 workflow=wl_subtree_kernel_mmd status=success
2026-06-09 12:09:42,172 INFO row_complete 2387/2640 dataset=stochastic_block_model perturbation=community_weakening alpha=0.2 seed=4 workflow=netlsd_spectral_signatures status=success
2026-06-09 12:09:42,173 INFO row_complete 2388/2640 dataset=stochastic_block_model perturbation=community_weakening alpha=0.2 seed=4 workflow=diversity_curves_shortest_path status=success
2026-06-09 12:11:12,704 INFO row_complete 2389/2640 dataset=stochastic_block_model perturbation=community_weakening alpha=0.3 seed=4 workflow=structural_statistics_mmd status=success
2026-06-09 12:11:12,705 INFO row_complete 2390/2640 dataset=stochastic_block_model perturbation=community_weakening alpha=0.3 seed=4 workflow=wl_subtree_kernel_mmd status=success
2026-06-09 12:11:12,706 INFO row_complete 2391/2640 dataset=stochastic_block_model perturbation=community_weakening alpha=0.3 seed=4 workflow=netlsd_spectral_signatures status=success
2026-06-09 12:11:12,707 INFO row_complete 2392/2640 dataset=stochastic_block_model perturbation=community_weakening alpha=0.3 seed=4 workflow=diversity_curves_shortest_path status=success
2026-06-09 12:12:43,482 INFO row_complete 2393/2640 dataset=stochastic_block_model perturbation=community_weakening alpha=0.4 seed=4 workflow=structural_statistics_mmd status=success
2026-06-09 12:12:43,483 INFO row_complete 2394/2640 dataset=stochastic_block_model perturbation=community_weakening alpha=0.4 seed=4 workflow=wl_subtree_kernel_mmd status=success
2026-06-09 12:12:43,484 INFO row_complete 2395/2640 dataset=stochastic_block_model perturbation=community_weakening alpha=0.4 seed=4 workflow=netlsd_spectral_signatures status=success
2026-06-09 12:12:43,485 INFO row_complete 2396/2640 dataset=stochastic_block_model perturbation=community_weakening alpha=0.4 seed=4 workflow=diversity_curves_shortest_path status=success
2026-06-09 12:14:14,169 INFO row_complete 2397/2640 dataset=stochastic_block_model perturbation=community_weakening alpha=0.5 seed=4 workflow=structural_statistics_mmd status=success
2026-06-09 12:14:14,170 INFO row_complete 2398/2640 dataset=stochastic_block_model perturbation=community_weakening alpha=0.5 seed=4 workflow=wl_subtree_kernel_mmd status=success
2026-06-09 12:14:14,171 INFO row_complete 2399/2640 dataset=stochastic_block_model perturbation=community_weakening alpha=0.5 seed=4 workflow=netlsd_spectral_signatures status=success
2026-06-09 12:14:14,172 INFO row_complete 2400/2640 dataset=stochastic_block_model perturbation=community_weakening alpha=0.5 seed=4 workflow=diversity_curves_shortest_path status=success
2026-06-09 12:15:44,752 INFO row_complete 2401/2640 dataset=stochastic_block_model perturbation=community_weakening alpha=0.6 seed=4 workflow=structural_statistics_mmd status=success
2026-06-09 12:15:44,753 INFO row_complete 2402/2640 dataset=stochastic_block_model perturbation=community_weakening alpha=0.6 seed=4 workflow=wl_subtree_kernel_mmd status=success
2026-06-09 12:15:44,754 INFO row_complete 2403/2640 dataset=stochastic_block_model perturbation=community_weakening alpha=0.6 seed=4 workflow=netlsd_spectral_signatures status=success
2026-06-09 12:15:44,755 INFO row_complete 2404/2640 dataset=stochastic_block_model perturbation=community_weakening alpha=0.6 seed=4 workflow=diversity_curves_shortest_path status=success
2026-06-09 12:17:15,172 INFO row_complete 2405/2640 dataset=stochastic_block_model perturbation=community_weakening alpha=0.7 seed=4 workflow=structural_statistics_mmd status=success
2026-06-09 12:17:15,174 INFO row_complete 2406/2640 dataset=stochastic_block_model perturbation=community_weakening alpha=0.7 seed=4 workflow=wl_subtree_kernel_mmd status=success
2026-06-09 12:17:15,175 INFO row_complete 2407/2640 dataset=stochastic_block_model perturbation=community_weakening alpha=0.7 seed=4 workflow=netlsd_spectral_signatures status=success
2026-06-09 12:17:15,176 INFO row_complete 2408/2640 dataset=stochastic_block_model perturbation=community_weakening alpha=0.7 seed=4 workflow=diversity_curves_shortest_path status=success
2026-06-09 12:18:45,788 INFO row_complete 2409/2640 dataset=stochastic_block_model perturbation=community_weakening alpha=0.8 seed=4 workflow=structural_statistics_mmd status=success
2026-06-09 12:18:45,790 INFO row_complete 2410/2640 dataset=stochastic_block_model perturbation=community_weakening alpha=0.8 seed=4 workflow=wl_subtree_kernel_mmd status=success
2026-06-09 12:18:45,791 INFO row_complete 2411/2640 dataset=stochastic_block_model perturbation=community_weakening alpha=0.8 seed=4 workflow=netlsd_spectral_signatures status=success
2026-06-09 12:18:45,792 INFO row_complete 2412/2640 dataset=stochastic_block_model perturbation=community_weakening alpha=0.8 seed=4 workflow=diversity_curves_shortest_path status=success
2026-06-09 12:20:17,127 INFO row_complete 2413/2640 dataset=stochastic_block_model perturbation=community_weakening alpha=0.9 seed=4 workflow=structural_statistics_mmd status=success
2026-06-09 12:20:17,129 INFO row_complete 2414/2640 dataset=stochastic_block_model perturbation=community_weakening alpha=0.9 seed=4 workflow=wl_subtree_kernel_mmd status=success
2026-06-09 12:20:17,130 INFO row_complete 2415/2640 dataset=stochastic_block_model perturbation=community_weakening alpha=0.9 seed=4 workflow=netlsd_spectral_signatures status=success
2026-06-09 12:20:17,131 INFO row_complete 2416/2640 dataset=stochastic_block_model perturbation=community_weakening alpha=0.9 seed=4 workflow=diversity_curves_shortest_path status=success
2026-06-09 12:21:47,782 INFO row_complete 2417/2640 dataset=stochastic_block_model perturbation=community_weakening alpha=1.0 seed=4 workflow=structural_statistics_mmd status=success
2026-06-09 12:21:47,784 INFO row_complete 2418/2640 dataset=stochastic_block_model perturbation=community_weakening alpha=1.0 seed=4 workflow=wl_subtree_kernel_mmd status=success
2026-06-09 12:21:47,785 INFO row_complete 2419/2640 dataset=stochastic_block_model perturbation=community_weakening alpha=1.0 seed=4 workflow=netlsd_spectral_signatures status=success
2026-06-09 12:21:47,786 INFO row_complete 2420/2640 dataset=stochastic_block_model perturbation=community_weakening alpha=1.0 seed=4 workflow=diversity_curves_shortest_path status=success
2026-06-09 12:23:21,181 INFO row_complete 2421/2640 dataset=stochastic_block_model perturbation=hub_modification alpha=0.0 seed=4 workflow=structural_statistics_mmd status=success
2026-06-09 12:23:21,183 INFO row_complete 2422/2640 dataset=stochastic_block_model perturbation=hub_modification alpha=0.0 seed=4 workflow=wl_subtree_kernel_mmd status=success
2026-06-09 12:23:21,184 INFO row_complete 2423/2640 dataset=stochastic_block_model perturbation=hub_modification alpha=0.0 seed=4 workflow=netlsd_spectral_signatures status=success
2026-06-09 12:23:21,185 INFO row_complete 2424/2640 dataset=stochastic_block_model perturbation=hub_modification alpha=0.0 seed=4 workflow=diversity_curves_shortest_path status=success
2026-06-09 12:24:51,661 INFO row_complete 2425/2640 dataset=stochastic_block_model perturbation=hub_modification alpha=0.1 seed=4 workflow=structural_statistics_mmd status=success
2026-06-09 12:24:51,663 INFO row_complete 2426/2640 dataset=stochastic_block_model perturbation=hub_modification alpha=0.1 seed=4 workflow=wl_subtree_kernel_mmd status=success
2026-06-09 12:24:51,664 INFO row_complete 2427/2640 dataset=stochastic_block_model perturbation=hub_modification alpha=0.1 seed=4 workflow=netlsd_spectral_signatures status=success
2026-06-09 12:24:51,665 INFO row_complete 2428/2640 dataset=stochastic_block_model perturbation=hub_modification alpha=0.1 seed=4 workflow=diversity_curves_shortest_path status=success
2026-06-09 12:26:22,221 INFO row_complete 2429/2640 dataset=stochastic_block_model perturbation=hub_modification alpha=0.2 seed=4 workflow=structural_statistics_mmd status=success
2026-06-09 12:26:22,222 INFO row_complete 2430/2640 dataset=stochastic_block_model perturbation=hub_modification alpha=0.2 seed=4 workflow=wl_subtree_kernel_mmd status=success
2026-06-09 12:26:22,223 INFO row_complete 2431/2640 dataset=stochastic_block_model perturbation=hub_modification alpha=0.2 seed=4 workflow=netlsd_spectral_signatures status=success
2026-06-09 12:26:22,224 INFO row_complete 2432/2640 dataset=stochastic_block_model perturbation=hub_modification alpha=0.2 seed=4 workflow=diversity_curves_shortest_path status=success
2026-06-09 12:27:53,486 INFO row_complete 2433/2640 dataset=stochastic_block_model perturbation=hub_modification alpha=0.3 seed=4 workflow=structural_statistics_mmd status=success
2026-06-09 12:27:53,487 INFO row_complete 2434/2640 dataset=stochastic_block_model perturbation=hub_modification alpha=0.3 seed=4 workflow=wl_subtree_kernel_mmd status=success
2026-06-09 12:27:53,488 INFO row_complete 2435/2640 dataset=stochastic_block_model perturbation=hub_modification alpha=0.3 seed=4 workflow=netlsd_spectral_signatures status=success
2026-06-09 12:27:53,489 INFO row_complete 2436/2640 dataset=stochastic_block_model perturbation=hub_modification alpha=0.3 seed=4 workflow=diversity_curves_shortest_path status=success
2026-06-09 12:29:24,762 INFO row_complete 2437/2640 dataset=stochastic_block_model perturbation=hub_modification alpha=0.4 seed=4 workflow=structural_statistics_mmd status=success
2026-06-09 12:29:24,764 INFO row_complete 2438/2640 dataset=stochastic_block_model perturbation=hub_modification alpha=0.4 seed=4 workflow=wl_subtree_kernel_mmd status=success
2026-06-09 12:29:24,765 INFO row_complete 2439/2640 dataset=stochastic_block_model perturbation=hub_modification alpha=0.4 seed=4 workflow=netlsd_spectral_signatures status=success
2026-06-09 12:29:24,766 INFO row_complete 2440/2640 dataset=stochastic_block_model perturbation=hub_modification alpha=0.4 seed=4 workflow=diversity_curves_shortest_path status=success
2026-06-09 12:30:55,587 INFO row_complete 2441/2640 dataset=stochastic_block_model perturbation=hub_modification alpha=0.5 seed=4 workflow=structural_statistics_mmd status=success
2026-06-09 12:30:55,588 INFO row_complete 2442/2640 dataset=stochastic_block_model perturbation=hub_modification alpha=0.5 seed=4 workflow=wl_subtree_kernel_mmd status=success
2026-06-09 12:30:55,589 INFO row_complete 2443/2640 dataset=stochastic_block_model perturbation=hub_modification alpha=0.5 seed=4 workflow=netlsd_spectral_signatures status=success
2026-06-09 12:30:55,590 INFO row_complete 2444/2640 dataset=stochastic_block_model perturbation=hub_modification alpha=0.5 seed=4 workflow=diversity_curves_shortest_path status=success
2026-06-09 12:32:26,052 INFO row_complete 2445/2640 dataset=stochastic_block_model perturbation=hub_modification alpha=0.6 seed=4 workflow=structural_statistics_mmd status=success
2026-06-09 12:32:26,053 INFO row_complete 2446/2640 dataset=stochastic_block_model perturbation=hub_modification alpha=0.6 seed=4 workflow=wl_subtree_kernel_mmd status=success
2026-06-09 12:32:26,054 INFO row_complete 2447/2640 dataset=stochastic_block_model perturbation=hub_modification alpha=0.6 seed=4 workflow=netlsd_spectral_signatures status=success
2026-06-09 12:32:26,055 INFO row_complete 2448/2640 dataset=stochastic_block_model perturbation=hub_modification alpha=0.6 seed=4 workflow=diversity_curves_shortest_path status=success
2026-06-09 12:33:57,075 INFO row_complete 2449/2640 dataset=stochastic_block_model perturbation=hub_modification alpha=0.7 seed=4 workflow=structural_statistics_mmd status=success
2026-06-09 12:33:57,076 INFO row_complete 2450/2640 dataset=stochastic_block_model perturbation=hub_modification alpha=0.7 seed=4 workflow=wl_subtree_kernel_mmd status=success
2026-06-09 12:33:57,077 INFO row_complete 2451/2640 dataset=stochastic_block_model perturbation=hub_modification alpha=0.7 seed=4 workflow=netlsd_spectral_signatures status=success
2026-06-09 12:33:57,078 INFO row_complete 2452/2640 dataset=stochastic_block_model perturbation=hub_modification alpha=0.7 seed=4 workflow=diversity_curves_shortest_path status=success
2026-06-09 12:35:27,673 INFO row_complete 2453/2640 dataset=stochastic_block_model perturbation=hub_modification alpha=0.8 seed=4 workflow=structural_statistics_mmd status=success
2026-06-09 12:35:27,674 INFO row_complete 2454/2640 dataset=stochastic_block_model perturbation=hub_modification alpha=0.8 seed=4 workflow=wl_subtree_kernel_mmd status=success
2026-06-09 12:35:27,675 INFO row_complete 2455/2640 dataset=stochastic_block_model perturbation=hub_modification alpha=0.8 seed=4 workflow=netlsd_spectral_signatures status=success
2026-06-09 12:35:27,676 INFO row_complete 2456/2640 dataset=stochastic_block_model perturbation=hub_modification alpha=0.8 seed=4 workflow=diversity_curves_shortest_path status=success
2026-06-09 12:36:58,318 INFO row_complete 2457/2640 dataset=stochastic_block_model perturbation=hub_modification alpha=0.9 seed=4 workflow=structural_statistics_mmd status=success
2026-06-09 12:36:58,320 INFO row_complete 2458/2640 dataset=stochastic_block_model perturbation=hub_modification alpha=0.9 seed=4 workflow=wl_subtree_kernel_mmd status=success
2026-06-09 12:36:58,320 INFO row_complete 2459/2640 dataset=stochastic_block_model perturbation=hub_modification alpha=0.9 seed=4 workflow=netlsd_spectral_signatures status=success
2026-06-09 12:36:58,321 INFO row_complete 2460/2640 dataset=stochastic_block_model perturbation=hub_modification alpha=0.9 seed=4 workflow=diversity_curves_shortest_path status=success
2026-06-09 12:38:28,748 INFO row_complete 2461/2640 dataset=stochastic_block_model perturbation=hub_modification alpha=1.0 seed=4 workflow=structural_statistics_mmd status=success
2026-06-09 12:38:28,751 INFO row_complete 2462/2640 dataset=stochastic_block_model perturbation=hub_modification alpha=1.0 seed=4 workflow=wl_subtree_kernel_mmd status=success
2026-06-09 12:38:28,753 INFO row_complete 2463/2640 dataset=stochastic_block_model perturbation=hub_modification alpha=1.0 seed=4 workflow=netlsd_spectral_signatures status=success
2026-06-09 12:38:28,755 INFO row_complete 2464/2640 dataset=stochastic_block_model perturbation=hub_modification alpha=1.0 seed=4 workflow=diversity_curves_shortest_path status=success
2026-06-09 12:39:56,599 INFO row_complete 2465/2640 dataset=barabasi_albert perturbation=edge_addition_deletion alpha=0.0 seed=4 workflow=structural_statistics_mmd status=success
2026-06-09 12:39:56,602 INFO row_complete 2466/2640 dataset=barabasi_albert perturbation=edge_addition_deletion alpha=0.0 seed=4 workflow=wl_subtree_kernel_mmd status=success
2026-06-09 12:39:56,603 INFO row_complete 2467/2640 dataset=barabasi_albert perturbation=edge_addition_deletion alpha=0.0 seed=4 workflow=netlsd_spectral_signatures status=success
2026-06-09 12:39:56,604 INFO row_complete 2468/2640 dataset=barabasi_albert perturbation=edge_addition_deletion alpha=0.0 seed=4 workflow=diversity_curves_shortest_path status=success
2026-06-09 12:41:24,610 INFO row_complete 2469/2640 dataset=barabasi_albert perturbation=edge_addition_deletion alpha=0.1 seed=4 workflow=structural_statistics_mmd status=success
2026-06-09 12:41:24,613 INFO row_complete 2470/2640 dataset=barabasi_albert perturbation=edge_addition_deletion alpha=0.1 seed=4 workflow=wl_subtree_kernel_mmd status=success
2026-06-09 12:41:24,614 INFO row_complete 2471/2640 dataset=barabasi_albert perturbation=edge_addition_deletion alpha=0.1 seed=4 workflow=netlsd_spectral_signatures status=success
2026-06-09 12:41:24,615 INFO row_complete 2472/2640 dataset=barabasi_albert perturbation=edge_addition_deletion alpha=0.1 seed=4 workflow=diversity_curves_shortest_path status=success
2026-06-09 12:42:52,663 INFO row_complete 2473/2640 dataset=barabasi_albert perturbation=edge_addition_deletion alpha=0.2 seed=4 workflow=structural_statistics_mmd status=success
2026-06-09 12:42:52,666 INFO row_complete 2474/2640 dataset=barabasi_albert perturbation=edge_addition_deletion alpha=0.2 seed=4 workflow=wl_subtree_kernel_mmd status=success
2026-06-09 12:42:52,667 INFO row_complete 2475/2640 dataset=barabasi_albert perturbation=edge_addition_deletion alpha=0.2 seed=4 workflow=netlsd_spectral_signatures status=success
2026-06-09 12:42:52,669 INFO row_complete 2476/2640 dataset=barabasi_albert perturbation=edge_addition_deletion alpha=0.2 seed=4 workflow=diversity_curves_shortest_path status=success
2026-06-09 12:44:20,552 INFO row_complete 2477/2640 dataset=barabasi_albert perturbation=edge_addition_deletion alpha=0.3 seed=4 workflow=structural_statistics_mmd status=success
2026-06-09 12:44:20,553 INFO row_complete 2478/2640 dataset=barabasi_albert perturbation=edge_addition_deletion alpha=0.3 seed=4 workflow=wl_subtree_kernel_mmd status=success
2026-06-09 12:44:20,554 INFO row_complete 2479/2640 dataset=barabasi_albert perturbation=edge_addition_deletion alpha=0.3 seed=4 workflow=netlsd_spectral_signatures status=success
2026-06-09 12:44:20,555 INFO row_complete 2480/2640 dataset=barabasi_albert perturbation=edge_addition_deletion alpha=0.3 seed=4 workflow=diversity_curves_shortest_path status=success
2026-06-09 12:45:48,434 INFO row_complete 2481/2640 dataset=barabasi_albert perturbation=edge_addition_deletion alpha=0.4 seed=4 workflow=structural_statistics_mmd status=success
2026-06-09 12:45:48,435 INFO row_complete 2482/2640 dataset=barabasi_albert perturbation=edge_addition_deletion alpha=0.4 seed=4 workflow=wl_subtree_kernel_mmd status=success
2026-06-09 12:45:48,436 INFO row_complete 2483/2640 dataset=barabasi_albert perturbation=edge_addition_deletion alpha=0.4 seed=4 workflow=netlsd_spectral_signatures status=success
2026-06-09 12:45:48,437 INFO row_complete 2484/2640 dataset=barabasi_albert perturbation=edge_addition_deletion alpha=0.4 seed=4 workflow=diversity_curves_shortest_path status=success
2026-06-09 12:47:16,320 INFO row_complete 2485/2640 dataset=barabasi_albert perturbation=edge_addition_deletion alpha=0.5 seed=4 workflow=structural_statistics_mmd status=success
2026-06-09 12:47:16,322 INFO row_complete 2486/2640 dataset=barabasi_albert perturbation=edge_addition_deletion alpha=0.5 seed=4 workflow=wl_subtree_kernel_mmd status=success
2026-06-09 12:47:16,325 INFO row_complete 2487/2640 dataset=barabasi_albert perturbation=edge_addition_deletion alpha=0.5 seed=4 workflow=netlsd_spectral_signatures status=success
2026-06-09 12:47:16,328 INFO row_complete 2488/2640 dataset=barabasi_albert perturbation=edge_addition_deletion alpha=0.5 seed=4 workflow=diversity_curves_shortest_path status=success
2026-06-09 12:48:44,799 INFO row_complete 2489/2640 dataset=barabasi_albert perturbation=edge_addition_deletion alpha=0.6 seed=4 workflow=structural_statistics_mmd status=success
2026-06-09 12:48:44,801 INFO row_complete 2490/2640 dataset=barabasi_albert perturbation=edge_addition_deletion alpha=0.6 seed=4 workflow=wl_subtree_kernel_mmd status=success
2026-06-09 12:48:44,802 INFO row_complete 2491/2640 dataset=barabasi_albert perturbation=edge_addition_deletion alpha=0.6 seed=4 workflow=netlsd_spectral_signatures status=success
2026-06-09 12:48:44,803 INFO row_complete 2492/2640 dataset=barabasi_albert perturbation=edge_addition_deletion alpha=0.6 seed=4 workflow=diversity_curves_shortest_path status=success
2026-06-09 12:50:12,656 INFO row_complete 2493/2640 dataset=barabasi_albert perturbation=edge_addition_deletion alpha=0.7 seed=4 workflow=structural_statistics_mmd status=success
2026-06-09 12:50:12,657 INFO row_complete 2494/2640 dataset=barabasi_albert perturbation=edge_addition_deletion alpha=0.7 seed=4 workflow=wl_subtree_kernel_mmd status=success
2026-06-09 12:50:12,658 INFO row_complete 2495/2640 dataset=barabasi_albert perturbation=edge_addition_deletion alpha=0.7 seed=4 workflow=netlsd_spectral_signatures status=success
2026-06-09 12:50:12,659 INFO row_complete 2496/2640 dataset=barabasi_albert perturbation=edge_addition_deletion alpha=0.7 seed=4 workflow=diversity_curves_shortest_path status=success
2026-06-09 12:51:40,724 INFO row_complete 2497/2640 dataset=barabasi_albert perturbation=edge_addition_deletion alpha=0.8 seed=4 workflow=structural_statistics_mmd status=success
2026-06-09 12:51:40,725 INFO row_complete 2498/2640 dataset=barabasi_albert perturbation=edge_addition_deletion alpha=0.8 seed=4 workflow=wl_subtree_kernel_mmd status=success
2026-06-09 12:51:40,726 INFO row_complete 2499/2640 dataset=barabasi_albert perturbation=edge_addition_deletion alpha=0.8 seed=4 workflow=netlsd_spectral_signatures status=success
2026-06-09 12:51:40,727 INFO row_complete 2500/2640 dataset=barabasi_albert perturbation=edge_addition_deletion alpha=0.8 seed=4 workflow=diversity_curves_shortest_path status=success
2026-06-09 12:53:08,611 INFO row_complete 2501/2640 dataset=barabasi_albert perturbation=edge_addition_deletion alpha=0.9 seed=4 workflow=structural_statistics_mmd status=success
2026-06-09 12:53:08,613 INFO row_complete 2502/2640 dataset=barabasi_albert perturbation=edge_addition_deletion alpha=0.9 seed=4 workflow=wl_subtree_kernel_mmd status=success
2026-06-09 12:53:08,617 INFO row_complete 2503/2640 dataset=barabasi_albert perturbation=edge_addition_deletion alpha=0.9 seed=4 workflow=netlsd_spectral_signatures status=success
2026-06-09 12:53:08,620 INFO row_complete 2504/2640 dataset=barabasi_albert perturbation=edge_addition_deletion alpha=0.9 seed=4 workflow=diversity_curves_shortest_path status=success
2026-06-09 12:54:37,131 INFO row_complete 2505/2640 dataset=barabasi_albert perturbation=edge_addition_deletion alpha=1.0 seed=4 workflow=structural_statistics_mmd status=success
2026-06-09 12:54:37,133 INFO row_complete 2506/2640 dataset=barabasi_albert perturbation=edge_addition_deletion alpha=1.0 seed=4 workflow=wl_subtree_kernel_mmd status=success
2026-06-09 12:54:37,135 INFO row_complete 2507/2640 dataset=barabasi_albert perturbation=edge_addition_deletion alpha=1.0 seed=4 workflow=netlsd_spectral_signatures status=success
2026-06-09 12:54:37,136 INFO row_complete 2508/2640 dataset=barabasi_albert perturbation=edge_addition_deletion alpha=1.0 seed=4 workflow=diversity_curves_shortest_path status=success
2026-06-09 12:56:04,968 INFO row_complete 2509/2640 dataset=barabasi_albert perturbation=triangle_injection_removal alpha=0.0 seed=4 workflow=structural_statistics_mmd status=success
2026-06-09 12:56:04,969 INFO row_complete 2510/2640 dataset=barabasi_albert perturbation=triangle_injection_removal alpha=0.0 seed=4 workflow=wl_subtree_kernel_mmd status=success
2026-06-09 12:56:04,970 INFO row_complete 2511/2640 dataset=barabasi_albert perturbation=triangle_injection_removal alpha=0.0 seed=4 workflow=netlsd_spectral_signatures status=success
2026-06-09 12:56:04,971 INFO row_complete 2512/2640 dataset=barabasi_albert perturbation=triangle_injection_removal alpha=0.0 seed=4 workflow=diversity_curves_shortest_path status=success
2026-06-09 12:57:33,351 INFO row_complete 2513/2640 dataset=barabasi_albert perturbation=triangle_injection_removal alpha=0.1 seed=4 workflow=structural_statistics_mmd status=success
2026-06-09 12:57:33,353 INFO row_complete 2514/2640 dataset=barabasi_albert perturbation=triangle_injection_removal alpha=0.1 seed=4 workflow=wl_subtree_kernel_mmd status=success
2026-06-09 12:57:33,353 INFO row_complete 2515/2640 dataset=barabasi_albert perturbation=triangle_injection_removal alpha=0.1 seed=4 workflow=netlsd_spectral_signatures status=success
2026-06-09 12:57:33,354 INFO row_complete 2516/2640 dataset=barabasi_albert perturbation=triangle_injection_removal alpha=0.1 seed=4 workflow=diversity_curves_shortest_path status=success
2026-06-09 12:59:01,608 INFO row_complete 2517/2640 dataset=barabasi_albert perturbation=triangle_injection_removal alpha=0.2 seed=4 workflow=structural_statistics_mmd status=success
2026-06-09 12:59:01,609 INFO row_complete 2518/2640 dataset=barabasi_albert perturbation=triangle_injection_removal alpha=0.2 seed=4 workflow=wl_subtree_kernel_mmd status=success
2026-06-09 12:59:01,611 INFO row_complete 2519/2640 dataset=barabasi_albert perturbation=triangle_injection_removal alpha=0.2 seed=4 workflow=netlsd_spectral_signatures status=success
2026-06-09 12:59:01,611 INFO row_complete 2520/2640 dataset=barabasi_albert perturbation=triangle_injection_removal alpha=0.2 seed=4 workflow=diversity_curves_shortest_path status=success
2026-06-09 13:00:29,814 INFO row_complete 2521/2640 dataset=barabasi_albert perturbation=triangle_injection_removal alpha=0.3 seed=4 workflow=structural_statistics_mmd status=success
2026-06-09 13:00:29,815 INFO row_complete 2522/2640 dataset=barabasi_albert perturbation=triangle_injection_removal alpha=0.3 seed=4 workflow=wl_subtree_kernel_mmd status=success
2026-06-09 13:00:29,816 INFO row_complete 2523/2640 dataset=barabasi_albert perturbation=triangle_injection_removal alpha=0.3 seed=4 workflow=netlsd_spectral_signatures status=success
2026-06-09 13:00:29,817 INFO row_complete 2524/2640 dataset=barabasi_albert perturbation=triangle_injection_removal alpha=0.3 seed=4 workflow=diversity_curves_shortest_path status=success
2026-06-09 13:01:57,924 INFO row_complete 2525/2640 dataset=barabasi_albert perturbation=triangle_injection_removal alpha=0.4 seed=4 workflow=structural_statistics_mmd status=success
2026-06-09 13:01:57,925 INFO row_complete 2526/2640 dataset=barabasi_albert perturbation=triangle_injection_removal alpha=0.4 seed=4 workflow=wl_subtree_kernel_mmd status=success
2026-06-09 13:01:57,926 INFO row_complete 2527/2640 dataset=barabasi_albert perturbation=triangle_injection_removal alpha=0.4 seed=4 workflow=netlsd_spectral_signatures status=success
2026-06-09 13:01:57,927 INFO row_complete 2528/2640 dataset=barabasi_albert perturbation=triangle_injection_removal alpha=0.4 seed=4 workflow=diversity_curves_shortest_path status=success
2026-06-09 13:03:26,662 INFO row_complete 2529/2640 dataset=barabasi_albert perturbation=triangle_injection_removal alpha=0.5 seed=4 workflow=structural_statistics_mmd status=success
2026-06-09 13:03:26,663 INFO row_complete 2530/2640 dataset=barabasi_albert perturbation=triangle_injection_removal alpha=0.5 seed=4 workflow=wl_subtree_kernel_mmd status=success
2026-06-09 13:03:26,664 INFO row_complete 2531/2640 dataset=barabasi_albert perturbation=triangle_injection_removal alpha=0.5 seed=4 workflow=netlsd_spectral_signatures status=success
2026-06-09 13:03:26,665 INFO row_complete 2532/2640 dataset=barabasi_albert perturbation=triangle_injection_removal alpha=0.5 seed=4 workflow=diversity_curves_shortest_path status=success
2026-06-09 13:04:54,821 INFO row_complete 2533/2640 dataset=barabasi_albert perturbation=triangle_injection_removal alpha=0.6 seed=4 workflow=structural_statistics_mmd status=success
2026-06-09 13:04:54,823 INFO row_complete 2534/2640 dataset=barabasi_albert perturbation=triangle_injection_removal alpha=0.6 seed=4 workflow=wl_subtree_kernel_mmd status=success
2026-06-09 13:04:54,824 INFO row_complete 2535/2640 dataset=barabasi_albert perturbation=triangle_injection_removal alpha=0.6 seed=4 workflow=netlsd_spectral_signatures status=success
2026-06-09 13:04:54,825 INFO row_complete 2536/2640 dataset=barabasi_albert perturbation=triangle_injection_removal alpha=0.6 seed=4 workflow=diversity_curves_shortest_path status=success
2026-06-09 13:06:23,040 INFO row_complete 2537/2640 dataset=barabasi_albert perturbation=triangle_injection_removal alpha=0.7 seed=4 workflow=structural_statistics_mmd status=success
2026-06-09 13:06:23,041 INFO row_complete 2538/2640 dataset=barabasi_albert perturbation=triangle_injection_removal alpha=0.7 seed=4 workflow=wl_subtree_kernel_mmd status=success
2026-06-09 13:06:23,043 INFO row_complete 2539/2640 dataset=barabasi_albert perturbation=triangle_injection_removal alpha=0.7 seed=4 workflow=netlsd_spectral_signatures status=success
2026-06-09 13:06:23,044 INFO row_complete 2540/2640 dataset=barabasi_albert perturbation=triangle_injection_removal alpha=0.7 seed=4 workflow=diversity_curves_shortest_path status=success
2026-06-09 13:07:52,334 INFO row_complete 2541/2640 dataset=barabasi_albert perturbation=triangle_injection_removal alpha=0.8 seed=4 workflow=structural_statistics_mmd status=success
2026-06-09 13:07:52,335 INFO row_complete 2542/2640 dataset=barabasi_albert perturbation=triangle_injection_removal alpha=0.8 seed=4 workflow=wl_subtree_kernel_mmd status=success
2026-06-09 13:07:52,336 INFO row_complete 2543/2640 dataset=barabasi_albert perturbation=triangle_injection_removal alpha=0.8 seed=4 workflow=netlsd_spectral_signatures status=success
2026-06-09 13:07:52,337 INFO row_complete 2544/2640 dataset=barabasi_albert perturbation=triangle_injection_removal alpha=0.8 seed=4 workflow=diversity_curves_shortest_path status=success
2026-06-09 13:09:20,594 INFO row_complete 2545/2640 dataset=barabasi_albert perturbation=triangle_injection_removal alpha=0.9 seed=4 workflow=structural_statistics_mmd status=success
2026-06-09 13:09:20,595 INFO row_complete 2546/2640 dataset=barabasi_albert perturbation=triangle_injection_removal alpha=0.9 seed=4 workflow=wl_subtree_kernel_mmd status=success
2026-06-09 13:09:20,597 INFO row_complete 2547/2640 dataset=barabasi_albert perturbation=triangle_injection_removal alpha=0.9 seed=4 workflow=netlsd_spectral_signatures status=success
2026-06-09 13:09:20,598 INFO row_complete 2548/2640 dataset=barabasi_albert perturbation=triangle_injection_removal alpha=0.9 seed=4 workflow=diversity_curves_shortest_path status=success
2026-06-09 13:10:48,899 INFO row_complete 2549/2640 dataset=barabasi_albert perturbation=triangle_injection_removal alpha=1.0 seed=4 workflow=structural_statistics_mmd status=success
2026-06-09 13:10:48,900 INFO row_complete 2550/2640 dataset=barabasi_albert perturbation=triangle_injection_removal alpha=1.0 seed=4 workflow=wl_subtree_kernel_mmd status=success
2026-06-09 13:10:48,901 INFO row_complete 2551/2640 dataset=barabasi_albert perturbation=triangle_injection_removal alpha=1.0 seed=4 workflow=netlsd_spectral_signatures status=success
2026-06-09 13:10:48,902 INFO row_complete 2552/2640 dataset=barabasi_albert perturbation=triangle_injection_removal alpha=1.0 seed=4 workflow=diversity_curves_shortest_path status=success
2026-06-09 13:10:48,917 INFO row_complete 2553/2640 dataset=barabasi_albert perturbation=community_weakening alpha=0.0 seed=4 workflow=structural_statistics_mmd status=skipped
2026-06-09 13:10:48,918 INFO row_complete 2554/2640 dataset=barabasi_albert perturbation=community_weakening alpha=0.0 seed=4 workflow=wl_subtree_kernel_mmd status=skipped
2026-06-09 13:10:48,918 INFO row_complete 2555/2640 dataset=barabasi_albert perturbation=community_weakening alpha=0.0 seed=4 workflow=netlsd_spectral_signatures status=skipped
2026-06-09 13:10:48,919 INFO row_complete 2556/2640 dataset=barabasi_albert perturbation=community_weakening alpha=0.0 seed=4 workflow=diversity_curves_shortest_path status=skipped
2026-06-09 13:10:48,930 INFO row_complete 2557/2640 dataset=barabasi_albert perturbation=community_weakening alpha=0.1 seed=4 workflow=structural_statistics_mmd status=skipped
2026-06-09 13:10:48,931 INFO row_complete 2558/2640 dataset=barabasi_albert perturbation=community_weakening alpha=0.1 seed=4 workflow=wl_subtree_kernel_mmd status=skipped
2026-06-09 13:10:48,932 INFO row_complete 2559/2640 dataset=barabasi_albert perturbation=community_weakening alpha=0.1 seed=4 workflow=netlsd_spectral_signatures status=skipped
2026-06-09 13:10:48,933 INFO row_complete 2560/2640 dataset=barabasi_albert perturbation=community_weakening alpha=0.1 seed=4 workflow=diversity_curves_shortest_path status=skipped
2026-06-09 13:10:48,943 INFO row_complete 2561/2640 dataset=barabasi_albert perturbation=community_weakening alpha=0.2 seed=4 workflow=structural_statistics_mmd status=skipped
2026-06-09 13:10:48,944 INFO row_complete 2562/2640 dataset=barabasi_albert perturbation=community_weakening alpha=0.2 seed=4 workflow=wl_subtree_kernel_mmd status=skipped
2026-06-09 13:10:48,945 INFO row_complete 2563/2640 dataset=barabasi_albert perturbation=community_weakening alpha=0.2 seed=4 workflow=netlsd_spectral_signatures status=skipped
2026-06-09 13:10:48,946 INFO row_complete 2564/2640 dataset=barabasi_albert perturbation=community_weakening alpha=0.2 seed=4 workflow=diversity_curves_shortest_path status=skipped
2026-06-09 13:10:48,957 INFO row_complete 2565/2640 dataset=barabasi_albert perturbation=community_weakening alpha=0.3 seed=4 workflow=structural_statistics_mmd status=skipped
2026-06-09 13:10:48,958 INFO row_complete 2566/2640 dataset=barabasi_albert perturbation=community_weakening alpha=0.3 seed=4 workflow=wl_subtree_kernel_mmd status=skipped
2026-06-09 13:10:48,959 INFO row_complete 2567/2640 dataset=barabasi_albert perturbation=community_weakening alpha=0.3 seed=4 workflow=netlsd_spectral_signatures status=skipped
2026-06-09 13:10:48,960 INFO row_complete 2568/2640 dataset=barabasi_albert perturbation=community_weakening alpha=0.3 seed=4 workflow=diversity_curves_shortest_path status=skipped
2026-06-09 13:10:48,970 INFO row_complete 2569/2640 dataset=barabasi_albert perturbation=community_weakening alpha=0.4 seed=4 workflow=structural_statistics_mmd status=skipped
2026-06-09 13:10:48,971 INFO row_complete 2570/2640 dataset=barabasi_albert perturbation=community_weakening alpha=0.4 seed=4 workflow=wl_subtree_kernel_mmd status=skipped
2026-06-09 13:10:48,972 INFO row_complete 2571/2640 dataset=barabasi_albert perturbation=community_weakening alpha=0.4 seed=4 workflow=netlsd_spectral_signatures status=skipped
2026-06-09 13:10:48,973 INFO row_complete 2572/2640 dataset=barabasi_albert perturbation=community_weakening alpha=0.4 seed=4 workflow=diversity_curves_shortest_path status=skipped
2026-06-09 13:10:48,989 INFO row_complete 2573/2640 dataset=barabasi_albert perturbation=community_weakening alpha=0.5 seed=4 workflow=structural_statistics_mmd status=skipped
2026-06-09 13:10:48,990 INFO row_complete 2574/2640 dataset=barabasi_albert perturbation=community_weakening alpha=0.5 seed=4 workflow=wl_subtree_kernel_mmd status=skipped
2026-06-09 13:10:48,991 INFO row_complete 2575/2640 dataset=barabasi_albert perturbation=community_weakening alpha=0.5 seed=4 workflow=netlsd_spectral_signatures status=skipped
2026-06-09 13:10:48,992 INFO row_complete 2576/2640 dataset=barabasi_albert perturbation=community_weakening alpha=0.5 seed=4 workflow=diversity_curves_shortest_path status=skipped
2026-06-09 13:10:49,002 INFO row_complete 2577/2640 dataset=barabasi_albert perturbation=community_weakening alpha=0.6 seed=4 workflow=structural_statistics_mmd status=skipped
2026-06-09 13:10:49,003 INFO row_complete 2578/2640 dataset=barabasi_albert perturbation=community_weakening alpha=0.6 seed=4 workflow=wl_subtree_kernel_mmd status=skipped
2026-06-09 13:10:49,004 INFO row_complete 2579/2640 dataset=barabasi_albert perturbation=community_weakening alpha=0.6 seed=4 workflow=netlsd_spectral_signatures status=skipped
2026-06-09 13:10:49,005 INFO row_complete 2580/2640 dataset=barabasi_albert perturbation=community_weakening alpha=0.6 seed=4 workflow=diversity_curves_shortest_path status=skipped
2026-06-09 13:10:49,016 INFO row_complete 2581/2640 dataset=barabasi_albert perturbation=community_weakening alpha=0.7 seed=4 workflow=structural_statistics_mmd status=skipped
2026-06-09 13:10:49,017 INFO row_complete 2582/2640 dataset=barabasi_albert perturbation=community_weakening alpha=0.7 seed=4 workflow=wl_subtree_kernel_mmd status=skipped
2026-06-09 13:10:49,019 INFO row_complete 2583/2640 dataset=barabasi_albert perturbation=community_weakening alpha=0.7 seed=4 workflow=netlsd_spectral_signatures status=skipped
2026-06-09 13:10:49,020 INFO row_complete 2584/2640 dataset=barabasi_albert perturbation=community_weakening alpha=0.7 seed=4 workflow=diversity_curves_shortest_path status=skipped
2026-06-09 13:10:49,031 INFO row_complete 2585/2640 dataset=barabasi_albert perturbation=community_weakening alpha=0.8 seed=4 workflow=structural_statistics_mmd status=skipped
2026-06-09 13:10:49,032 INFO row_complete 2586/2640 dataset=barabasi_albert perturbation=community_weakening alpha=0.8 seed=4 workflow=wl_subtree_kernel_mmd status=skipped
2026-06-09 13:10:49,033 INFO row_complete 2587/2640 dataset=barabasi_albert perturbation=community_weakening alpha=0.8 seed=4 workflow=netlsd_spectral_signatures status=skipped
2026-06-09 13:10:49,033 INFO row_complete 2588/2640 dataset=barabasi_albert perturbation=community_weakening alpha=0.8 seed=4 workflow=diversity_curves_shortest_path status=skipped
2026-06-09 13:10:49,044 INFO row_complete 2589/2640 dataset=barabasi_albert perturbation=community_weakening alpha=0.9 seed=4 workflow=structural_statistics_mmd status=skipped
2026-06-09 13:10:49,045 INFO row_complete 2590/2640 dataset=barabasi_albert perturbation=community_weakening alpha=0.9 seed=4 workflow=wl_subtree_kernel_mmd status=skipped
2026-06-09 13:10:49,046 INFO row_complete 2591/2640 dataset=barabasi_albert perturbation=community_weakening alpha=0.9 seed=4 workflow=netlsd_spectral_signatures status=skipped
2026-06-09 13:10:49,047 INFO row_complete 2592/2640 dataset=barabasi_albert perturbation=community_weakening alpha=0.9 seed=4 workflow=diversity_curves_shortest_path status=skipped
2026-06-09 13:10:49,058 INFO row_complete 2593/2640 dataset=barabasi_albert perturbation=community_weakening alpha=1.0 seed=4 workflow=structural_statistics_mmd status=skipped
2026-06-09 13:10:49,059 INFO row_complete 2594/2640 dataset=barabasi_albert perturbation=community_weakening alpha=1.0 seed=4 workflow=wl_subtree_kernel_mmd status=skipped
2026-06-09 13:10:49,060 INFO row_complete 2595/2640 dataset=barabasi_albert perturbation=community_weakening alpha=1.0 seed=4 workflow=netlsd_spectral_signatures status=skipped
2026-06-09 13:10:49,060 INFO row_complete 2596/2640 dataset=barabasi_albert perturbation=community_weakening alpha=1.0 seed=4 workflow=diversity_curves_shortest_path status=skipped
2026-06-09 13:12:17,052 INFO row_complete 2597/2640 dataset=barabasi_albert perturbation=hub_modification alpha=0.0 seed=4 workflow=structural_statistics_mmd status=success
2026-06-09 13:12:17,053 INFO row_complete 2598/2640 dataset=barabasi_albert perturbation=hub_modification alpha=0.0 seed=4 workflow=wl_subtree_kernel_mmd status=success
2026-06-09 13:12:17,054 INFO row_complete 2599/2640 dataset=barabasi_albert perturbation=hub_modification alpha=0.0 seed=4 workflow=netlsd_spectral_signatures status=success
2026-06-09 13:12:17,055 INFO row_complete 2600/2640 dataset=barabasi_albert perturbation=hub_modification alpha=0.0 seed=4 workflow=diversity_curves_shortest_path status=success
2026-06-09 13:13:44,783 INFO row_complete 2601/2640 dataset=barabasi_albert perturbation=hub_modification alpha=0.1 seed=4 workflow=structural_statistics_mmd status=success
2026-06-09 13:13:44,784 INFO row_complete 2602/2640 dataset=barabasi_albert perturbation=hub_modification alpha=0.1 seed=4 workflow=wl_subtree_kernel_mmd status=success
2026-06-09 13:13:44,785 INFO row_complete 2603/2640 dataset=barabasi_albert perturbation=hub_modification alpha=0.1 seed=4 workflow=netlsd_spectral_signatures status=success
2026-06-09 13:13:44,786 INFO row_complete 2604/2640 dataset=barabasi_albert perturbation=hub_modification alpha=0.1 seed=4 workflow=diversity_curves_shortest_path status=success
2026-06-09 13:15:12,937 INFO row_complete 2605/2640 dataset=barabasi_albert perturbation=hub_modification alpha=0.2 seed=4 workflow=structural_statistics_mmd status=success
2026-06-09 13:15:12,938 INFO row_complete 2606/2640 dataset=barabasi_albert perturbation=hub_modification alpha=0.2 seed=4 workflow=wl_subtree_kernel_mmd status=success
2026-06-09 13:15:12,940 INFO row_complete 2607/2640 dataset=barabasi_albert perturbation=hub_modification alpha=0.2 seed=4 workflow=netlsd_spectral_signatures status=success
2026-06-09 13:15:12,941 INFO row_complete 2608/2640 dataset=barabasi_albert perturbation=hub_modification alpha=0.2 seed=4 workflow=diversity_curves_shortest_path status=success
2026-06-09 13:16:40,632 INFO row_complete 2609/2640 dataset=barabasi_albert perturbation=hub_modification alpha=0.3 seed=4 workflow=structural_statistics_mmd status=success
2026-06-09 13:16:40,634 INFO row_complete 2610/2640 dataset=barabasi_albert perturbation=hub_modification alpha=0.3 seed=4 workflow=wl_subtree_kernel_mmd status=success
2026-06-09 13:16:40,635 INFO row_complete 2611/2640 dataset=barabasi_albert perturbation=hub_modification alpha=0.3 seed=4 workflow=netlsd_spectral_signatures status=success
2026-06-09 13:16:40,636 INFO row_complete 2612/2640 dataset=barabasi_albert perturbation=hub_modification alpha=0.3 seed=4 workflow=diversity_curves_shortest_path status=success
2026-06-09 13:18:08,272 INFO row_complete 2613/2640 dataset=barabasi_albert perturbation=hub_modification alpha=0.4 seed=4 workflow=structural_statistics_mmd status=success
2026-06-09 13:18:08,273 INFO row_complete 2614/2640 dataset=barabasi_albert perturbation=hub_modification alpha=0.4 seed=4 workflow=wl_subtree_kernel_mmd status=success
2026-06-09 13:18:08,274 INFO row_complete 2615/2640 dataset=barabasi_albert perturbation=hub_modification alpha=0.4 seed=4 workflow=netlsd_spectral_signatures status=success
2026-06-09 13:18:08,275 INFO row_complete 2616/2640 dataset=barabasi_albert perturbation=hub_modification alpha=0.4 seed=4 workflow=diversity_curves_shortest_path status=success
2026-06-09 13:19:36,043 INFO row_complete 2617/2640 dataset=barabasi_albert perturbation=hub_modification alpha=0.5 seed=4 workflow=structural_statistics_mmd status=success
2026-06-09 13:19:36,044 INFO row_complete 2618/2640 dataset=barabasi_albert perturbation=hub_modification alpha=0.5 seed=4 workflow=wl_subtree_kernel_mmd status=success
2026-06-09 13:19:36,045 INFO row_complete 2619/2640 dataset=barabasi_albert perturbation=hub_modification alpha=0.5 seed=4 workflow=netlsd_spectral_signatures status=success
2026-06-09 13:19:36,046 INFO row_complete 2620/2640 dataset=barabasi_albert perturbation=hub_modification alpha=0.5 seed=4 workflow=diversity_curves_shortest_path status=success
2026-06-09 13:21:03,768 INFO row_complete 2621/2640 dataset=barabasi_albert perturbation=hub_modification alpha=0.6 seed=4 workflow=structural_statistics_mmd status=success
2026-06-09 13:21:03,770 INFO row_complete 2622/2640 dataset=barabasi_albert perturbation=hub_modification alpha=0.6 seed=4 workflow=wl_subtree_kernel_mmd status=success
2026-06-09 13:21:03,771 INFO row_complete 2623/2640 dataset=barabasi_albert perturbation=hub_modification alpha=0.6 seed=4 workflow=netlsd_spectral_signatures status=success
2026-06-09 13:21:03,771 INFO row_complete 2624/2640 dataset=barabasi_albert perturbation=hub_modification alpha=0.6 seed=4 workflow=diversity_curves_shortest_path status=success
2026-06-09 13:22:31,968 INFO row_complete 2625/2640 dataset=barabasi_albert perturbation=hub_modification alpha=0.7 seed=4 workflow=structural_statistics_mmd status=success
2026-06-09 13:22:31,970 INFO row_complete 2626/2640 dataset=barabasi_albert perturbation=hub_modification alpha=0.7 seed=4 workflow=wl_subtree_kernel_mmd status=success
2026-06-09 13:22:31,971 INFO row_complete 2627/2640 dataset=barabasi_albert perturbation=hub_modification alpha=0.7 seed=4 workflow=netlsd_spectral_signatures status=success
2026-06-09 13:22:31,972 INFO row_complete 2628/2640 dataset=barabasi_albert perturbation=hub_modification alpha=0.7 seed=4 workflow=diversity_curves_shortest_path status=success
2026-06-09 13:23:59,992 INFO row_complete 2629/2640 dataset=barabasi_albert perturbation=hub_modification alpha=0.8 seed=4 workflow=structural_statistics_mmd status=success
2026-06-09 13:23:59,994 INFO row_complete 2630/2640 dataset=barabasi_albert perturbation=hub_modification alpha=0.8 seed=4 workflow=wl_subtree_kernel_mmd status=success
2026-06-09 13:23:59,997 INFO row_complete 2631/2640 dataset=barabasi_albert perturbation=hub_modification alpha=0.8 seed=4 workflow=netlsd_spectral_signatures status=success
2026-06-09 13:23:59,999 INFO row_complete 2632/2640 dataset=barabasi_albert perturbation=hub_modification alpha=0.8 seed=4 workflow=diversity_curves_shortest_path status=success
2026-06-09 13:25:27,621 INFO row_complete 2633/2640 dataset=barabasi_albert perturbation=hub_modification alpha=0.9 seed=4 workflow=structural_statistics_mmd status=success
2026-06-09 13:25:27,624 INFO row_complete 2634/2640 dataset=barabasi_albert perturbation=hub_modification alpha=0.9 seed=4 workflow=wl_subtree_kernel_mmd status=success
2026-06-09 13:25:27,625 INFO row_complete 2635/2640 dataset=barabasi_albert perturbation=hub_modification alpha=0.9 seed=4 workflow=netlsd_spectral_signatures status=success
2026-06-09 13:25:27,626 INFO row_complete 2636/2640 dataset=barabasi_albert perturbation=hub_modification alpha=0.9 seed=4 workflow=diversity_curves_shortest_path status=success
2026-06-09 13:26:55,622 INFO row_complete 2637/2640 dataset=barabasi_albert perturbation=hub_modification alpha=1.0 seed=4 workflow=structural_statistics_mmd status=success
2026-06-09 13:26:55,623 INFO row_complete 2638/2640 dataset=barabasi_albert perturbation=hub_modification alpha=1.0 seed=4 workflow=wl_subtree_kernel_mmd status=success
2026-06-09 13:26:55,624 INFO row_complete 2639/2640 dataset=barabasi_albert perturbation=hub_modification alpha=1.0 seed=4 workflow=netlsd_spectral_signatures status=success
2026-06-09 13:26:55,625 INFO row_complete 2640/2640 dataset=barabasi_albert perturbation=hub_modification alpha=1.0 seed=4 workflow=diversity_curves_shortest_path status=success
2026-06-09 13:26:55,625 INFO run_finish result_path=outputs/experimentation_fixed/results/results.csv rows_written=2640 completed=2640 total=2640
