dataset,dataset_params,perturbation,perturbation_params,alpha,seed,workflow,implementation_mode,workflow_params,perturbation_family,perturbation_direction,label_source,graph_count,node_count_min,node_count_max,edge_count_min,edge_count_max,distribution_score,mean_shift_score,paired_score,edit_distance_raw,edit_distance_weighted,runtime_seconds,memory_mb,status,error_message
erdos_renyi,"{""data_root"": """", ""dataset_name"": """", ""edge_probability"": 0.12, ""family"": ""erdos_renyi"", ""m"": 2, ""num_blocks"": 3, ""num_graphs"": 5, ""num_nodes"": 8, ""p_in"": 0.25, ""p_out"": 0.03, ""seed"": 0}",edge_insertion,"{""alpha"": 0.5, ""edges_added"": 6, ""edges_removed"": 0, ""graphs"": 5, ""graphs_skipped"": 0, ""graphs_success"": 5, ""label_source"": null, ""method"": ""edge_insertion"", ""perturbation_direction"": ""insertion"", ""perturbation_family"": ""edge"", ""rewires"": 0, ""triangles_affected"": 0}",0.5,0,structural_statistics_mmd,descriptor_baseline,"{""bandwidth"": 10.0, ""feature_count"": 9, ""implementation_mode"": ""descriptor_baseline"", ""kernel"": ""rbf_mmd"", ""method"": ""structural_statistics_mmd""}",edge,insertion,,5,8,8,1,9,0.01758307987966612,1.4925613932001778,1.5689842767712086,1.2,1.2,0.0017069070017896593,0.0049285888671875,success,
erdos_renyi,"{""data_root"": """", ""dataset_name"": """", ""edge_probability"": 0.12, ""family"": ""erdos_renyi"", ""m"": 2, ""num_blocks"": 3, ""num_graphs"": 5, ""num_nodes"": 8, ""p_in"": 0.25, ""p_out"": 0.03, ""seed"": 0}",edge_insertion,"{""alpha"": 0.5, ""edges_added"": 6, ""edges_removed"": 0, ""graphs"": 5, ""graphs_skipped"": 0, ""graphs_success"": 5, ""label_source"": null, ""method"": ""edge_insertion"", ""perturbation_direction"": ""insertion"", ""perturbation_family"": ""edge"", ""rewires"": 0, ""triangles_affected"": 0}",0.5,0,wl_subtree_kernel_mmd,paper_faithful,"{""implementation_mode"": ""paper_faithful"", ""method"": ""wl_subtree_kernel_mmd"", ""wl_compression"": ""shared_canonical_dictionary_per_comparison"", ""wl_feature_construction"": ""subtree_histograms_across_iterations"", ""wl_iterations"": 3, ""wl_kernel_distance_mode"": ""linear_mmd"", ""wl_label_initialization"": ""node_label_or_degree"", ""wl_node_label_key"": ""node_labels""}",edge,insertion,,5,8,8,1,9,8.320000000000002,2.8844410203711917,6.459931800807212,1.2,1.2,0.004294970014598221,0.040884971618652344,success,
erdos_renyi,"{""data_root"": """", ""dataset_name"": """", ""edge_probability"": 0.12, ""family"": ""erdos_renyi"", ""m"": 2, ""num_blocks"": 3, ""num_graphs"": 5, ""num_nodes"": 8, ""p_in"": 0.25, ""p_out"": 0.03, ""seed"": 0}",edge_insertion,"{""alpha"": 0.5, ""edges_added"": 6, ""edges_removed"": 0, ""graphs"": 5, ""graphs_skipped"": 0, ""graphs_success"": 5, ""label_source"": null, ""method"": ""edge_insertion"", ""perturbation_direction"": ""insertion"", ""perturbation_family"": ""edge"", ""rewires"": 0, ""triangles_affected"": 0}",0.5,0,native_netlsd,paper_faithful,"{""distribution_distance"": ""l2_between_mean_signatures"", ""eigenvalue_count"": ""all"", ""eigenvalue_mode"": ""full_spectrum"", ""heat_signature"": ""heat_trace"", ""implementation_mode"": ""paper_faithful"", ""laplacian_type"": ""normalized"", ""method"": ""native_netlsd"", ""netlsd_normalization"": ""empty"", ""netlsd_time_scale_count"": 250, ""netlsd_time_scale_max"": 100.0, ""netlsd_time_scale_min"": 0.01, ""netlsd_time_scale_schedule"": ""logspace""}",edge,insertion,,5,8,8,1,9,1.0386528758666451,1.0386528758666451,1.0491261768859927,1.2,1.2,0.0346661540097557,0.092193603515625,success,
erdos_renyi,"{""data_root"": """", ""dataset_name"": """", ""edge_probability"": 0.12, ""family"": ""erdos_renyi"", ""m"": 2, ""num_blocks"": 3, ""num_graphs"": 5, ""num_nodes"": 8, ""p_in"": 0.25, ""p_out"": 0.03, ""seed"": 0}",edge_insertion,"{""alpha"": 0.5, ""edges_added"": 6, ""edges_removed"": 0, ""graphs"": 5, ""graphs_skipped"": 0, ""graphs_success"": 5, ""label_source"": null, ""method"": ""edge_insertion"", ""perturbation_direction"": ""insertion"", ""perturbation_family"": ""edge"", ""rewires"": 0, ""triangles_affected"": 0}",0.5,0,diversity_curves_shortest_path,paper_faithful,"{""distance_metric"": ""shortest_path"", ""distribution_distance"": ""l2_between_mean_curves"", ""diversity_contraction_mode"": ""random_edge"", ""diversity_curve_definition"": ""shortest_path_spread"", ""diversity_repetitions"": 3, ""diversity_scale_count"": ""dataset_max_nodes"", ""diversity_scale_schedule"": ""all_integer_cardinalities"", ""diversity_upsampling_enabled"": true, ""implementation_mode"": ""paper_faithful"", ""method"": ""diversity_curves_shortest_path"", ""random_seed"": 0}",edge,insertion,,5,8,8,1,9,0.9733174903095465,0.9733174903095465,1.0218803342816574,1.2,1.2,0.02172232701559551,0.027004241943359375,success,
erdos_renyi,"{""data_root"": """", ""dataset_name"": """", ""edge_probability"": 0.12, ""family"": ""erdos_renyi"", ""m"": 2, ""num_blocks"": 3, ""num_graphs"": 5, ""num_nodes"": 8, ""p_in"": 0.25, ""p_out"": 0.03, ""seed"": 0}",edge_deletion,"{""alpha"": 1.0, ""edges_added"": 0, ""edges_removed"": 15, ""graphs"": 5, ""graphs_skipped"": 0, ""graphs_success"": 5, ""label_source"": null, ""method"": ""edge_deletion"", ""perturbation_direction"": ""deletion"", ""perturbation_family"": ""edge"", ""rewires"": 0, ""triangles_affected"": 0}",1.0,0,structural_statistics_mmd,descriptor_baseline,"{""bandwidth"": 10.0, ""feature_count"": 9, ""implementation_mode"": ""descriptor_baseline"", ""kernel"": ""rbf_mmd"", ""method"": ""structural_statistics_mmd""}",edge,deletion,,5,8,8,0,6,0.16336709917718295,4.329449831310756,4.336883488302892,3.0,3.8666666666666663,0.0015994069981388748,0.00589752197265625,success,
erdos_renyi,"{""data_root"": """", ""dataset_name"": """", ""edge_probability"": 0.12, ""family"": ""erdos_renyi"", ""m"": 2, ""num_blocks"": 3, ""num_graphs"": 5, ""num_nodes"": 8, ""p_in"": 0.25, ""p_out"": 0.03, ""seed"": 0}",edge_deletion,"{""alpha"": 1.0, ""edges_added"": 0, ""edges_removed"": 15, ""graphs"": 5, ""graphs_skipped"": 0, ""graphs_success"": 5, ""label_source"": null, ""method"": ""edge_deletion"", ""perturbation_direction"": ""deletion"", ""perturbation_family"": ""edge"", ""rewires"": 0, ""triangles_affected"": 0}",1.0,0,wl_subtree_kernel_mmd,paper_faithful,"{""implementation_mode"": ""paper_faithful"", ""method"": ""wl_subtree_kernel_mmd"", ""wl_compression"": ""shared_canonical_dictionary_per_comparison"", ""wl_feature_construction"": ""subtree_histograms_across_iterations"", ""wl_iterations"": 3, ""wl_kernel_distance_mode"": ""linear_mmd"", ""wl_label_initialization"": ""node_label_or_degree"", ""wl_node_label_key"": ""node_labels""}",edge,deletion,,5,8,8,0,6,102.72000000000001,10.135087567455942,10.979356694113184,3.0,3.8666666666666663,0.0032980579999275506,0.03264617919921875,success,
erdos_renyi,"{""data_root"": """", ""dataset_name"": """", ""edge_probability"": 0.12, ""family"": ""erdos_renyi"", ""m"": 2, ""num_blocks"": 3, ""num_graphs"": 5, ""num_nodes"": 8, ""p_in"": 0.25, ""p_out"": 0.03, ""seed"": 0}",edge_deletion,"{""alpha"": 1.0, ""edges_added"": 0, ""edges_removed"": 15, ""graphs"": 5, ""graphs_skipped"": 0, ""graphs_success"": 5, ""label_source"": null, ""method"": ""edge_deletion"", ""perturbation_direction"": ""deletion"", ""perturbation_family"": ""edge"", ""rewires"": 0, ""triangles_affected"": 0}",1.0,0,native_netlsd,paper_faithful,"{""distribution_distance"": ""l2_between_mean_signatures"", ""eigenvalue_count"": ""all"", ""eigenvalue_mode"": ""full_spectrum"", ""heat_signature"": ""heat_trace"", ""implementation_mode"": ""paper_faithful"", ""laplacian_type"": ""normalized"", ""method"": ""native_netlsd"", ""netlsd_normalization"": ""empty"", ""netlsd_time_scale_count"": 250, ""netlsd_time_scale_max"": 100.0, ""netlsd_time_scale_min"": 0.01, ""netlsd_time_scale_schedule"": ""logspace""}",edge,deletion,,5,8,8,0,6,4.184951461680312,4.184951461680312,4.188914678474256,3.0,3.8666666666666663,0.025216606998583302,0.092193603515625,success,
erdos_renyi,"{""data_root"": """", ""dataset_name"": """", ""edge_probability"": 0.12, ""family"": ""erdos_renyi"", ""m"": 2, ""num_blocks"": 3, ""num_graphs"": 5, ""num_nodes"": 8, ""p_in"": 0.25, ""p_out"": 0.03, ""seed"": 0}",edge_deletion,"{""alpha"": 1.0, ""edges_added"": 0, ""edges_removed"": 15, ""graphs"": 5, ""graphs_skipped"": 0, ""graphs_success"": 5, ""label_source"": null, ""method"": ""edge_deletion"", ""perturbation_direction"": ""deletion"", ""perturbation_family"": ""edge"", ""rewires"": 0, ""triangles_affected"": 0}",1.0,0,diversity_curves_shortest_path,paper_faithful,"{""distance_metric"": ""shortest_path"", ""distribution_distance"": ""l2_between_mean_curves"", ""diversity_contraction_mode"": ""random_edge"", ""diversity_curve_definition"": ""shortest_path_spread"", ""diversity_repetitions"": 3, ""diversity_scale_count"": ""dataset_max_nodes"", ""diversity_scale_schedule"": ""all_integer_cardinalities"", ""diversity_upsampling_enabled"": true, ""implementation_mode"": ""paper_faithful"", ""method"": ""diversity_curves_shortest_path"", ""random_seed"": 0}",edge,deletion,,5,8,8,0,6,2.10932414815899,2.10932414815899,2.2069215555783925,3.0,3.8666666666666663,0.019236475985962898,0.023209571838378906,success,
erdos_renyi,"{""data_root"": """", ""dataset_name"": """", ""edge_probability"": 0.12, ""family"": ""erdos_renyi"", ""m"": 2, ""num_blocks"": 3, ""num_graphs"": 5, ""num_nodes"": 8, ""p_in"": 0.25, ""p_out"": 0.03, ""seed"": 0}",edge_insertion,"{""alpha"": 0.0, ""edges_added"": 0, ""edges_removed"": 0, ""graphs"": 5, ""graphs_skipped"": 0, ""graphs_success"": 5, ""label_source"": null, ""method"": ""edge_insertion"", ""perturbation_direction"": ""insertion"", ""perturbation_family"": ""edge"", ""rewires"": 0, ""triangles_affected"": 0}",0.0,0,structural_statistics_mmd,descriptor_baseline,"{""bandwidth"": 10.0, ""feature_count"": 9, ""implementation_mode"": ""descriptor_baseline"", ""kernel"": ""rbf_mmd"", ""method"": ""structural_statistics_mmd""}",edge,insertion,,5,8,8,1,6,0.0,0.0,0.0,0.0,0.0,0.0012787999876309186,0.00603485107421875,success,
erdos_renyi,"{""data_root"": """", ""dataset_name"": """", ""edge_probability"": 0.12, ""family"": ""erdos_renyi"", ""m"": 2, ""num_blocks"": 3, ""num_graphs"": 5, ""num_nodes"": 8, ""p_in"": 0.25, ""p_out"": 0.03, ""seed"": 0}",edge_insertion,"{""alpha"": 0.0, ""edges_added"": 0, ""edges_removed"": 0, ""graphs"": 5, ""graphs_skipped"": 0, ""graphs_success"": 5, ""label_source"": null, ""method"": ""edge_insertion"", ""perturbation_direction"": ""insertion"", ""perturbation_family"": ""edge"", ""rewires"": 0, ""triangles_affected"": 0}",0.0,0,wl_subtree_kernel_mmd,paper_faithful,"{""implementation_mode"": ""paper_faithful"", ""method"": ""wl_subtree_kernel_mmd"", ""wl_compression"": ""shared_canonical_dictionary_per_comparison"", ""wl_feature_construction"": ""subtree_histograms_across_iterations"", ""wl_iterations"": 3, ""wl_kernel_distance_mode"": ""linear_mmd"", ""wl_label_initialization"": ""node_label_or_degree"", ""wl_node_label_key"": ""node_labels""}",edge,insertion,,5,8,8,1,6,0.0,0.0,0.0,0.0,0.0,0.002728838997427374,0.037860870361328125,success,
erdos_renyi,"{""data_root"": """", ""dataset_name"": """", ""edge_probability"": 0.12, ""family"": ""erdos_renyi"", ""m"": 2, ""num_blocks"": 3, ""num_graphs"": 5, ""num_nodes"": 8, ""p_in"": 0.25, ""p_out"": 0.03, ""seed"": 0}",edge_insertion,"{""alpha"": 0.0, ""edges_added"": 0, ""edges_removed"": 0, ""graphs"": 5, ""graphs_skipped"": 0, ""graphs_success"": 5, ""label_source"": null, ""method"": ""edge_insertion"", ""perturbation_direction"": ""insertion"", ""perturbation_family"": ""edge"", ""rewires"": 0, ""triangles_affected"": 0}",0.0,0,native_netlsd,paper_faithful,"{""distribution_distance"": ""l2_between_mean_signatures"", ""eigenvalue_count"": ""all"", ""eigenvalue_mode"": ""full_spectrum"", ""heat_signature"": ""heat_trace"", ""implementation_mode"": ""paper_faithful"", ""laplacian_type"": ""normalized"", ""method"": ""native_netlsd"", ""netlsd_normalization"": ""empty"", ""netlsd_time_scale_count"": 250, ""netlsd_time_scale_max"": 100.0, ""netlsd_time_scale_min"": 0.01, ""netlsd_time_scale_schedule"": ""logspace""}",edge,insertion,,5,8,8,1,6,0.0,0.0,0.0,0.0,0.0,0.03339928499190137,0.092193603515625,success,
erdos_renyi,"{""data_root"": """", ""dataset_name"": """", ""edge_probability"": 0.12, ""family"": ""erdos_renyi"", ""m"": 2, ""num_blocks"": 3, ""num_graphs"": 5, ""num_nodes"": 8, ""p_in"": 0.25, ""p_out"": 0.03, ""seed"": 0}",edge_insertion,"{""alpha"": 0.0, ""edges_added"": 0, ""edges_removed"": 0, ""graphs"": 5, ""graphs_skipped"": 0, ""graphs_success"": 5, ""label_source"": null, ""method"": ""edge_insertion"", ""perturbation_direction"": ""insertion"", ""perturbation_family"": ""edge"", ""rewires"": 0, ""triangles_affected"": 0}",0.0,0,diversity_curves_shortest_path,paper_faithful,"{""distance_metric"": ""shortest_path"", ""distribution_distance"": ""l2_between_mean_curves"", ""diversity_contraction_mode"": ""random_edge"", ""diversity_curve_definition"": ""shortest_path_spread"", ""diversity_repetitions"": 3, ""diversity_scale_count"": ""dataset_max_nodes"", ""diversity_scale_schedule"": ""all_integer_cardinalities"", ""diversity_upsampling_enabled"": true, ""implementation_mode"": ""paper_faithful"", ""method"": ""diversity_curves_shortest_path"", ""random_seed"": 0}",edge,insertion,,5,8,8,1,6,0.0,0.0,0.0,0.0,0.0,0.027553700987482443,0.024697303771972656,success,
erdos_renyi,"{""data_root"": """", ""dataset_name"": """", ""edge_probability"": 0.12, ""family"": ""erdos_renyi"", ""m"": 2, ""num_blocks"": 3, ""num_graphs"": 5, ""num_nodes"": 8, ""p_in"": 0.25, ""p_out"": 0.03, ""seed"": 0}",triangle_insertion,"{""alpha"": 0.0, ""edges_added"": 0, ""edges_removed"": 0, ""graphs"": 5, ""graphs_skipped"": 0, ""graphs_success"": 5, ""label_source"": null, ""method"": ""triangle_insertion"", ""perturbation_direction"": ""insertion"", ""perturbation_family"": ""triangle"", ""rewires"": 0, ""triangles_affected"": 0}",0.0,0,structural_statistics_mmd,descriptor_baseline,"{""bandwidth"": 10.0, ""feature_count"": 9, ""implementation_mode"": ""descriptor_baseline"", ""kernel"": ""rbf_mmd"", ""method"": ""structural_statistics_mmd""}",triangle,insertion,,5,8,8,1,6,0.0,0.0,0.0,0.0,0.0,0.001086552016204223,0.00603485107421875,success,
erdos_renyi,"{""data_root"": """", ""dataset_name"": """", ""edge_probability"": 0.12, ""family"": ""erdos_renyi"", ""m"": 2, ""num_blocks"": 3, ""num_graphs"": 5, ""num_nodes"": 8, ""p_in"": 0.25, ""p_out"": 0.03, ""seed"": 0}",triangle_insertion,"{""alpha"": 0.0, ""edges_added"": 0, ""edges_removed"": 0, ""graphs"": 5, ""graphs_skipped"": 0, ""graphs_success"": 5, ""label_source"": null, ""method"": ""triangle_insertion"", ""perturbation_direction"": ""insertion"", ""perturbation_family"": ""triangle"", ""rewires"": 0, ""triangles_affected"": 0}",0.0,0,wl_subtree_kernel_mmd,paper_faithful,"{""implementation_mode"": ""paper_faithful"", ""method"": ""wl_subtree_kernel_mmd"", ""wl_compression"": ""shared_canonical_dictionary_per_comparison"", ""wl_feature_construction"": ""subtree_histograms_across_iterations"", ""wl_iterations"": 3, ""wl_kernel_distance_mode"": ""linear_mmd"", ""wl_label_initialization"": ""node_label_or_degree"", ""wl_node_label_key"": ""node_labels""}",triangle,insertion,,5,8,8,1,6,0.0,0.0,0.0,0.0,0.0,0.0018284030084032565,0.037860870361328125,success,
erdos_renyi,"{""data_root"": """", ""dataset_name"": """", ""edge_probability"": 0.12, ""family"": ""erdos_renyi"", ""m"": 2, ""num_blocks"": 3, ""num_graphs"": 5, ""num_nodes"": 8, ""p_in"": 0.25, ""p_out"": 0.03, ""seed"": 0}",triangle_insertion,"{""alpha"": 0.0, ""edges_added"": 0, ""edges_removed"": 0, ""graphs"": 5, ""graphs_skipped"": 0, ""graphs_success"": 5, ""label_source"": null, ""method"": ""triangle_insertion"", ""perturbation_direction"": ""insertion"", ""perturbation_family"": ""triangle"", ""rewires"": 0, ""triangles_affected"": 0}",0.0,0,native_netlsd,paper_faithful,"{""distribution_distance"": ""l2_between_mean_signatures"", ""eigenvalue_count"": ""all"", ""eigenvalue_mode"": ""full_spectrum"", ""heat_signature"": ""heat_trace"", ""implementation_mode"": ""paper_faithful"", ""laplacian_type"": ""normalized"", ""method"": ""native_netlsd"", ""netlsd_normalization"": ""empty"", ""netlsd_time_scale_count"": 250, ""netlsd_time_scale_max"": 100.0, ""netlsd_time_scale_min"": 0.01, ""netlsd_time_scale_schedule"": ""logspace""}",triangle,insertion,,5,8,8,1,6,0.0,0.0,0.0,0.0,0.0,0.018467072979547083,0.092193603515625,success,
erdos_renyi,"{""data_root"": """", ""dataset_name"": """", ""edge_probability"": 0.12, ""family"": ""erdos_renyi"", ""m"": 2, ""num_blocks"": 3, ""num_graphs"": 5, ""num_nodes"": 8, ""p_in"": 0.25, ""p_out"": 0.03, ""seed"": 0}",triangle_insertion,"{""alpha"": 0.0, ""edges_added"": 0, ""edges_removed"": 0, ""graphs"": 5, ""graphs_skipped"": 0, ""graphs_success"": 5, ""label_source"": null, ""method"": ""triangle_insertion"", ""perturbation_direction"": ""insertion"", ""perturbation_family"": ""triangle"", ""rewires"": 0, ""triangles_affected"": 0}",0.0,0,diversity_curves_shortest_path,paper_faithful,"{""distance_metric"": ""shortest_path"", ""distribution_distance"": ""l2_between_mean_curves"", ""diversity_contraction_mode"": ""random_edge"", ""diversity_curve_definition"": ""shortest_path_spread"", ""diversity_repetitions"": 3, ""diversity_scale_count"": ""dataset_max_nodes"", ""diversity_scale_schedule"": ""all_integer_cardinalities"", ""diversity_upsampling_enabled"": true, ""implementation_mode"": ""paper_faithful"", ""method"": ""diversity_curves_shortest_path"", ""random_seed"": 0}",triangle,insertion,,5,8,8,1,6,0.0,0.0,0.0,0.0,0.0,0.02595118200406432,0.024697303771972656,success,
erdos_renyi,"{""data_root"": """", ""dataset_name"": """", ""edge_probability"": 0.12, ""family"": ""erdos_renyi"", ""m"": 2, ""num_blocks"": 3, ""num_graphs"": 5, ""num_nodes"": 8, ""p_in"": 0.25, ""p_out"": 0.03, ""seed"": 0}",triangle_insertion,"{""alpha"": 0.5, ""edges_added"": 5, ""edges_removed"": 0, ""graphs"": 5, ""graphs_skipped"": 0, ""graphs_success"": 5, ""label_source"": null, ""method"": ""triangle_insertion"", ""perturbation_direction"": ""insertion"", ""perturbation_family"": ""triangle"", ""rewires"": 0, ""triangles_affected"": 5}",0.5,0,structural_statistics_mmd,descriptor_baseline,"{""bandwidth"": 10.0, ""feature_count"": 9, ""implementation_mode"": ""descriptor_baseline"", ""kernel"": ""rbf_mmd"", ""method"": ""structural_statistics_mmd""}",triangle,insertion,,5,8,8,1,9,0.02076648837200712,1.5480758071388256,1.5651097757422374,1.0,1.2666666666666666,0.0016992129967547953,0.00534820556640625,success,
erdos_renyi,"{""data_root"": """", ""dataset_name"": """", ""edge_probability"": 0.12, ""family"": ""erdos_renyi"", ""m"": 2, ""num_blocks"": 3, ""num_graphs"": 5, ""num_nodes"": 8, ""p_in"": 0.25, ""p_out"": 0.03, ""seed"": 0}",triangle_insertion,"{""alpha"": 0.5, ""edges_added"": 5, ""edges_removed"": 0, ""graphs"": 5, ""graphs_skipped"": 0, ""graphs_success"": 5, ""label_source"": null, ""method"": ""triangle_insertion"", ""perturbation_direction"": ""insertion"", ""perturbation_family"": ""triangle"", ""rewires"": 0, ""triangles_affected"": 5}",0.5,0,wl_subtree_kernel_mmd,paper_faithful,"{""implementation_mode"": ""paper_faithful"", ""method"": ""wl_subtree_kernel_mmd"", ""wl_compression"": ""shared_canonical_dictionary_per_comparison"", ""wl_feature_construction"": ""subtree_histograms_across_iterations"", ""wl_iterations"": 3, ""wl_kernel_distance_mode"": ""linear_mmd"", ""wl_label_initialization"": ""node_label_or_degree"", ""wl_node_label_key"": ""node_labels""}",triangle,insertion,,5,8,8,1,9,12.720000000000002,3.566510900025402,4.373764885692845,1.0,1.2666666666666666,0.003494814009172842,0.041561126708984375,success,
erdos_renyi,"{""data_root"": """", ""dataset_name"": """", ""edge_probability"": 0.12, ""family"": ""erdos_renyi"", ""m"": 2, ""num_blocks"": 3, ""num_graphs"": 5, ""num_nodes"": 8, ""p_in"": 0.25, ""p_out"": 0.03, ""seed"": 0}",triangle_insertion,"{""alpha"": 0.5, ""edges_added"": 5, ""edges_removed"": 0, ""graphs"": 5, ""graphs_skipped"": 0, ""graphs_success"": 5, ""label_source"": null, ""method"": ""triangle_insertion"", ""perturbation_direction"": ""insertion"", ""perturbation_family"": ""triangle"", ""rewires"": 0, ""triangles_affected"": 5}",0.5,0,native_netlsd,paper_faithful,"{""distribution_distance"": ""l2_between_mean_signatures"", ""eigenvalue_count"": ""all"", ""eigenvalue_mode"": ""full_spectrum"", ""heat_signature"": ""heat_trace"", ""implementation_mode"": ""paper_faithful"", ""laplacian_type"": ""normalized"", ""method"": ""native_netlsd"", ""netlsd_normalization"": ""empty"", ""netlsd_time_scale_count"": 250, ""netlsd_time_scale_max"": 100.0, ""netlsd_time_scale_min"": 0.01, ""netlsd_time_scale_schedule"": ""logspace""}",triangle,insertion,,5,8,8,1,9,0.10641371356549016,0.10641371356549016,0.10796970051587484,1.0,1.2666666666666666,0.02409749399521388,0.092193603515625,success,
erdos_renyi,"{""data_root"": """", ""dataset_name"": """", ""edge_probability"": 0.12, ""family"": ""erdos_renyi"", ""m"": 2, ""num_blocks"": 3, ""num_graphs"": 5, ""num_nodes"": 8, ""p_in"": 0.25, ""p_out"": 0.03, ""seed"": 0}",triangle_insertion,"{""alpha"": 0.5, ""edges_added"": 5, ""edges_removed"": 0, ""graphs"": 5, ""graphs_skipped"": 0, ""graphs_success"": 5, ""label_source"": null, ""method"": ""triangle_insertion"", ""perturbation_direction"": ""insertion"", ""perturbation_family"": ""triangle"", ""rewires"": 0, ""triangles_affected"": 5}",0.5,0,diversity_curves_shortest_path,paper_faithful,"{""distance_metric"": ""shortest_path"", ""distribution_distance"": ""l2_between_mean_curves"", ""diversity_contraction_mode"": ""random_edge"", ""diversity_curve_definition"": ""shortest_path_spread"", ""diversity_repetitions"": 3, ""diversity_scale_count"": ""dataset_max_nodes"", ""diversity_scale_schedule"": ""all_integer_cardinalities"", ""diversity_upsampling_enabled"": true, ""implementation_mode"": ""paper_faithful"", ""method"": ""diversity_curves_shortest_path"", ""random_seed"": 0}",triangle,insertion,,5,8,8,1,9,0.2227341516705246,0.2227341516705246,0.2401837389153581,1.0,1.2666666666666666,0.025262600014684722,0.027736663818359375,success,
erdos_renyi,"{""data_root"": """", ""dataset_name"": """", ""edge_probability"": 0.12, ""family"": ""erdos_renyi"", ""m"": 2, ""num_blocks"": 3, ""num_graphs"": 5, ""num_nodes"": 8, ""p_in"": 0.25, ""p_out"": 0.03, ""seed"": 0}",edge_deletion,"{""alpha"": 0.0, ""edges_added"": 0, ""edges_removed"": 0, ""graphs"": 5, ""graphs_skipped"": 0, ""graphs_success"": 5, ""label_source"": null, ""method"": ""edge_deletion"", ""perturbation_direction"": ""deletion"", ""perturbation_family"": ""edge"", ""rewires"": 0, ""triangles_affected"": 0}",0.0,0,structural_statistics_mmd,descriptor_baseline,"{""bandwidth"": 10.0, ""feature_count"": 9, ""implementation_mode"": ""descriptor_baseline"", ""kernel"": ""rbf_mmd"", ""method"": ""structural_statistics_mmd""}",edge,deletion,,5,8,8,1,6,0.0,0.0,0.0,0.0,0.0,0.0017709160165395588,0.00603485107421875,success,
erdos_renyi,"{""data_root"": """", ""dataset_name"": """", ""edge_probability"": 0.12, ""family"": ""erdos_renyi"", ""m"": 2, ""num_blocks"": 3, ""num_graphs"": 5, ""num_nodes"": 8, ""p_in"": 0.25, ""p_out"": 0.03, ""seed"": 0}",edge_deletion,"{""alpha"": 0.0, ""edges_added"": 0, ""edges_removed"": 0, ""graphs"": 5, ""graphs_skipped"": 0, ""graphs_success"": 5, ""label_source"": null, ""method"": ""edge_deletion"", ""perturbation_direction"": ""deletion"", ""perturbation_family"": ""edge"", ""rewires"": 0, ""triangles_affected"": 0}",0.0,0,wl_subtree_kernel_mmd,paper_faithful,"{""implementation_mode"": ""paper_faithful"", ""method"": ""wl_subtree_kernel_mmd"", ""wl_compression"": ""shared_canonical_dictionary_per_comparison"", ""wl_feature_construction"": ""subtree_histograms_across_iterations"", ""wl_iterations"": 3, ""wl_kernel_distance_mode"": ""linear_mmd"", ""wl_label_initialization"": ""node_label_or_degree"", ""wl_node_label_key"": ""node_labels""}",edge,deletion,,5,8,8,1,6,0.0,0.0,0.0,0.0,0.0,0.003593156987335533,0.037860870361328125,success,
erdos_renyi,"{""data_root"": """", ""dataset_name"": """", ""edge_probability"": 0.12, ""family"": ""erdos_renyi"", ""m"": 2, ""num_blocks"": 3, ""num_graphs"": 5, ""num_nodes"": 8, ""p_in"": 0.25, ""p_out"": 0.03, ""seed"": 0}",edge_deletion,"{""alpha"": 0.0, ""edges_added"": 0, ""edges_removed"": 0, ""graphs"": 5, ""graphs_skipped"": 0, ""graphs_success"": 5, ""label_source"": null, ""method"": ""edge_deletion"", ""perturbation_direction"": ""deletion"", ""perturbation_family"": ""edge"", ""rewires"": 0, ""triangles_affected"": 0}",0.0,0,native_netlsd,paper_faithful,"{""distribution_distance"": ""l2_between_mean_signatures"", ""eigenvalue_count"": ""all"", ""eigenvalue_mode"": ""full_spectrum"", ""heat_signature"": ""heat_trace"", ""implementation_mode"": ""paper_faithful"", ""laplacian_type"": ""normalized"", ""method"": ""native_netlsd"", ""netlsd_normalization"": ""empty"", ""netlsd_time_scale_count"": 250, ""netlsd_time_scale_max"": 100.0, ""netlsd_time_scale_min"": 0.01, ""netlsd_time_scale_schedule"": ""logspace""}",edge,deletion,,5,8,8,1,6,0.0,0.0,0.0,0.0,0.0,0.0290157159906812,0.092193603515625,success,
erdos_renyi,"{""data_root"": """", ""dataset_name"": """", ""edge_probability"": 0.12, ""family"": ""erdos_renyi"", ""m"": 2, ""num_blocks"": 3, ""num_graphs"": 5, ""num_nodes"": 8, ""p_in"": 0.25, ""p_out"": 0.03, ""seed"": 0}",edge_deletion,"{""alpha"": 0.0, ""edges_added"": 0, ""edges_removed"": 0, ""graphs"": 5, ""graphs_skipped"": 0, ""graphs_success"": 5, ""label_source"": null, ""method"": ""edge_deletion"", ""perturbation_direction"": ""deletion"", ""perturbation_family"": ""edge"", ""rewires"": 0, ""triangles_affected"": 0}",0.0,0,diversity_curves_shortest_path,paper_faithful,"{""distance_metric"": ""shortest_path"", ""distribution_distance"": ""l2_between_mean_curves"", ""diversity_contraction_mode"": ""random_edge"", ""diversity_curve_definition"": ""shortest_path_spread"", ""diversity_repetitions"": 3, ""diversity_scale_count"": ""dataset_max_nodes"", ""diversity_scale_schedule"": ""all_integer_cardinalities"", ""diversity_upsampling_enabled"": true, ""implementation_mode"": ""paper_faithful"", ""method"": ""diversity_curves_shortest_path"", ""random_seed"": 0}",edge,deletion,,5,8,8,1,6,0.0,0.0,0.0,0.0,0.0,0.02358645701315254,0.024697303771972656,success,
erdos_renyi,"{""data_root"": """", ""dataset_name"": """", ""edge_probability"": 0.12, ""family"": ""erdos_renyi"", ""m"": 2, ""num_blocks"": 3, ""num_graphs"": 5, ""num_nodes"": 8, ""p_in"": 0.25, ""p_out"": 0.03, ""seed"": 0}",edge_insertion,"{""alpha"": 1.0, ""edges_added"": 15, ""edges_removed"": 0, ""graphs"": 5, ""graphs_skipped"": 0, ""graphs_success"": 5, ""label_source"": null, ""method"": ""edge_insertion"", ""perturbation_direction"": ""insertion"", ""perturbation_family"": ""edge"", ""rewires"": 0, ""triangles_affected"": 0}",1.0,0,structural_statistics_mmd,descriptor_baseline,"{""bandwidth"": 10.0, ""feature_count"": 9, ""implementation_mode"": ""descriptor_baseline"", ""kernel"": ""rbf_mmd"", ""method"": ""structural_statistics_mmd""}",edge,insertion,,5,8,8,1,12,0.09809851101023792,3.6876399440061434,3.9137823562720713,3.0,3.0,0.0014893829938955605,0.00511932373046875,success,
erdos_renyi,"{""data_root"": """", ""dataset_name"": """", ""edge_probability"": 0.12, ""family"": ""erdos_renyi"", ""m"": 2, ""num_blocks"": 3, ""num_graphs"": 5, ""num_nodes"": 8, ""p_in"": 0.25, ""p_out"": 0.03, ""seed"": 0}",edge_insertion,"{""alpha"": 1.0, ""edges_added"": 15, ""edges_removed"": 0, ""graphs"": 5, ""graphs_skipped"": 0, ""graphs_success"": 5, ""label_source"": null, ""method"": ""edge_insertion"", ""perturbation_direction"": ""insertion"", ""perturbation_family"": ""edge"", ""rewires"": 0, ""triangles_affected"": 0}",1.0,0,wl_subtree_kernel_mmd,paper_faithful,"{""implementation_mode"": ""paper_faithful"", ""method"": ""wl_subtree_kernel_mmd"", ""wl_compression"": ""shared_canonical_dictionary_per_comparison"", ""wl_feature_construction"": ""subtree_histograms_across_iterations"", ""wl_iterations"": 3, ""wl_kernel_distance_mode"": ""linear_mmd"", ""wl_label_initialization"": ""node_label_or_degree"", ""wl_node_label_key"": ""node_labels""}",edge,insertion,,5,8,8,1,12,24.560000000000006,4.955804677345547,8.29985287215936,3.0,3.0,0.0033240269985981286,0.04888439178466797,success,
erdos_renyi,"{""data_root"": """", ""dataset_name"": """", ""edge_probability"": 0.12, ""family"": ""erdos_renyi"", ""m"": 2, ""num_blocks"": 3, ""num_graphs"": 5, ""num_nodes"": 8, ""p_in"": 0.25, ""p_out"": 0.03, ""seed"": 0}",edge_insertion,"{""alpha"": 1.0, ""edges_added"": 15, ""edges_removed"": 0, ""graphs"": 5, ""graphs_skipped"": 0, ""graphs_success"": 5, ""label_source"": null, ""method"": ""edge_insertion"", ""perturbation_direction"": ""insertion"", ""perturbation_family"": ""edge"", ""rewires"": 0, ""triangles_affected"": 0}",1.0,0,native_netlsd,paper_faithful,"{""distribution_distance"": ""l2_between_mean_signatures"", ""eigenvalue_count"": ""all"", ""eigenvalue_mode"": ""full_spectrum"", ""heat_signature"": ""heat_trace"", ""implementation_mode"": ""paper_faithful"", ""laplacian_type"": ""normalized"", ""method"": ""native_netlsd"", ""netlsd_normalization"": ""empty"", ""netlsd_time_scale_count"": 250, ""netlsd_time_scale_max"": 100.0, ""netlsd_time_scale_min"": 0.01, ""netlsd_time_scale_schedule"": ""logspace""}",edge,insertion,,5,8,8,1,12,2.4005126754328088,2.4005126754328088,2.4098588525525235,3.0,3.0,0.036951971997041255,0.092193603515625,success,
erdos_renyi,"{""data_root"": """", ""dataset_name"": """", ""edge_probability"": 0.12, ""family"": ""erdos_renyi"", ""m"": 2, ""num_blocks"": 3, ""num_graphs"": 5, ""num_nodes"": 8, ""p_in"": 0.25, ""p_out"": 0.03, ""seed"": 0}",edge_insertion,"{""alpha"": 1.0, ""edges_added"": 15, ""edges_removed"": 0, ""graphs"": 5, ""graphs_skipped"": 0, ""graphs_success"": 5, ""label_source"": null, ""method"": ""edge_insertion"", ""perturbation_direction"": ""insertion"", ""perturbation_family"": ""edge"", ""rewires"": 0, ""triangles_affected"": 0}",1.0,0,diversity_curves_shortest_path,paper_faithful,"{""distance_metric"": ""shortest_path"", ""distribution_distance"": ""l2_between_mean_curves"", ""diversity_contraction_mode"": ""random_edge"", ""diversity_curve_definition"": ""shortest_path_spread"", ""diversity_repetitions"": 3, ""diversity_scale_count"": ""dataset_max_nodes"", ""diversity_scale_schedule"": ""all_integer_cardinalities"", ""diversity_upsampling_enabled"": true, ""implementation_mode"": ""paper_faithful"", ""method"": ""diversity_curves_shortest_path"", ""random_seed"": 0}",edge,insertion,,5,8,8,1,12,2.253249951158221,2.253249951158221,2.332335381849962,3.0,3.0,0.03911010400042869,0.03142070770263672,success,
erdos_renyi,"{""data_root"": """", ""dataset_name"": """", ""edge_probability"": 0.12, ""family"": ""erdos_renyi"", ""m"": 2, ""num_blocks"": 3, ""num_graphs"": 5, ""num_nodes"": 8, ""p_in"": 0.25, ""p_out"": 0.03, ""seed"": 0}",edge_deletion,"{""alpha"": 0.5, ""edges_added"": 0, ""edges_removed"": 6, ""graphs"": 5, ""graphs_skipped"": 0, ""graphs_success"": 5, ""label_source"": null, ""method"": ""edge_deletion"", ""perturbation_direction"": ""deletion"", ""perturbation_family"": ""edge"", ""rewires"": 0, ""triangles_affected"": 0}",0.5,0,structural_statistics_mmd,descriptor_baseline,"{""bandwidth"": 10.0, ""feature_count"": 9, ""implementation_mode"": ""descriptor_baseline"", ""kernel"": ""rbf_mmd"", ""method"": ""structural_statistics_mmd""}",edge,deletion,,5,8,8,1,6,0.02660741711361303,1.7267995641341463,1.754659873206252,1.2,1.7333333333333332,0.0011483069974929094,0.005340576171875,success,
erdos_renyi,"{""data_root"": """", ""dataset_name"": """", ""edge_probability"": 0.12, ""family"": ""erdos_renyi"", ""m"": 2, ""num_blocks"": 3, ""num_graphs"": 5, ""num_nodes"": 8, ""p_in"": 0.25, ""p_out"": 0.03, ""seed"": 0}",edge_deletion,"{""alpha"": 0.5, ""edges_added"": 0, ""edges_removed"": 6, ""graphs"": 5, ""graphs_skipped"": 0, ""graphs_success"": 5, ""label_source"": null, ""method"": ""edge_deletion"", ""perturbation_direction"": ""deletion"", ""perturbation_family"": ""edge"", ""rewires"": 0, ""triangles_affected"": 0}",0.5,0,wl_subtree_kernel_mmd,paper_faithful,"{""implementation_mode"": ""paper_faithful"", ""method"": ""wl_subtree_kernel_mmd"", ""wl_compression"": ""shared_canonical_dictionary_per_comparison"", ""wl_feature_construction"": ""subtree_histograms_across_iterations"", ""wl_iterations"": 3, ""wl_kernel_distance_mode"": ""linear_mmd"", ""wl_label_initialization"": ""node_label_or_degree"", ""wl_node_label_key"": ""node_labels""}",edge,deletion,,5,8,8,1,6,12.479999999999997,3.5327043465311383,6.899969843918804,1.2,1.7333333333333332,0.0026322189951315522,0.0363616943359375,success,
erdos_renyi,"{""data_root"": """", ""dataset_name"": """", ""edge_probability"": 0.12, ""family"": ""erdos_renyi"", ""m"": 2, ""num_blocks"": 3, ""num_graphs"": 5, ""num_nodes"": 8, ""p_in"": 0.25, ""p_out"": 0.03, ""seed"": 0}",edge_deletion,"{""alpha"": 0.5, ""edges_added"": 0, ""edges_removed"": 6, ""graphs"": 5, ""graphs_skipped"": 0, ""graphs_success"": 5, ""label_source"": null, ""method"": ""edge_deletion"", ""perturbation_direction"": ""deletion"", ""perturbation_family"": ""edge"", ""rewires"": 0, ""triangles_affected"": 0}",0.5,0,native_netlsd,paper_faithful,"{""distribution_distance"": ""l2_between_mean_signatures"", ""eigenvalue_count"": ""all"", ""eigenvalue_mode"": ""full_spectrum"", ""heat_signature"": ""heat_trace"", ""implementation_mode"": ""paper_faithful"", ""laplacian_type"": ""normalized"", ""method"": ""native_netlsd"", ""netlsd_normalization"": ""empty"", ""netlsd_time_scale_count"": 250, ""netlsd_time_scale_max"": 100.0, ""netlsd_time_scale_min"": 0.01, ""netlsd_time_scale_schedule"": ""logspace""}",edge,deletion,,5,8,8,1,6,1.5853078994182315,1.5853078994182315,1.5988803140154015,1.2,1.7333333333333332,0.024715453007956967,0.092193603515625,success,
erdos_renyi,"{""data_root"": """", ""dataset_name"": """", ""edge_probability"": 0.12, ""family"": ""erdos_renyi"", ""m"": 2, ""num_blocks"": 3, ""num_graphs"": 5, ""num_nodes"": 8, ""p_in"": 0.25, ""p_out"": 0.03, ""seed"": 0}",edge_deletion,"{""alpha"": 0.5, ""edges_added"": 0, ""edges_removed"": 6, ""graphs"": 5, ""graphs_skipped"": 0, ""graphs_success"": 5, ""label_source"": null, ""method"": ""edge_deletion"", ""perturbation_direction"": ""deletion"", ""perturbation_family"": ""edge"", ""rewires"": 0, ""triangles_affected"": 0}",0.5,0,diversity_curves_shortest_path,paper_faithful,"{""distance_metric"": ""shortest_path"", ""distribution_distance"": ""l2_between_mean_curves"", ""diversity_contraction_mode"": ""random_edge"", ""diversity_curve_definition"": ""shortest_path_spread"", ""diversity_repetitions"": 3, ""diversity_scale_count"": ""dataset_max_nodes"", ""diversity_scale_schedule"": ""all_integer_cardinalities"", ""diversity_upsampling_enabled"": true, ""implementation_mode"": ""paper_faithful"", ""method"": ""diversity_curves_shortest_path"", ""random_seed"": 0}",edge,deletion,,5,8,8,1,6,1.15304647997008,1.15304647997008,1.234415302790056,1.2,1.7333333333333332,0.022835640993434936,0.024229049682617188,success,
erdos_renyi,"{""data_root"": """", ""dataset_name"": """", ""edge_probability"": 0.12, ""family"": ""erdos_renyi"", ""m"": 2, ""num_blocks"": 3, ""num_graphs"": 5, ""num_nodes"": 8, ""p_in"": 0.25, ""p_out"": 0.03, ""seed"": 0}",hub_modification,"{""alpha"": 0.0, ""edges_added"": 0, ""edges_removed"": 0, ""graphs"": 5, ""graphs_skipped"": 0, ""graphs_success"": 5, ""label_source"": null, ""method"": ""hub_modification"", ""perturbation_direction"": ""modification"", ""perturbation_family"": ""hub"", ""rewires"": 0, ""triangles_affected"": 0}",0.0,0,structural_statistics_mmd,descriptor_baseline,"{""bandwidth"": 10.0, ""feature_count"": 9, ""implementation_mode"": ""descriptor_baseline"", ""kernel"": ""rbf_mmd"", ""method"": ""structural_statistics_mmd""}",hub,modification,,5,8,8,1,6,0.0,0.0,0.0,0.0,0.0,0.0010568969883024693,0.00597381591796875,success,
erdos_renyi,"{""data_root"": """", ""dataset_name"": """", ""edge_probability"": 0.12, ""family"": ""erdos_renyi"", ""m"": 2, ""num_blocks"": 3, ""num_graphs"": 5, ""num_nodes"": 8, ""p_in"": 0.25, ""p_out"": 0.03, ""seed"": 0}",hub_modification,"{""alpha"": 0.0, ""edges_added"": 0, ""edges_removed"": 0, ""graphs"": 5, ""graphs_skipped"": 0, ""graphs_success"": 5, ""label_source"": null, ""method"": ""hub_modification"", ""perturbation_direction"": ""modification"", ""perturbation_family"": ""hub"", ""rewires"": 0, ""triangles_affected"": 0}",0.0,0,wl_subtree_kernel_mmd,paper_faithful,"{""implementation_mode"": ""paper_faithful"", ""method"": ""wl_subtree_kernel_mmd"", ""wl_compression"": ""shared_canonical_dictionary_per_comparison"", ""wl_feature_construction"": ""subtree_histograms_across_iterations"", ""wl_iterations"": 3, ""wl_kernel_distance_mode"": ""linear_mmd"", ""wl_label_initialization"": ""node_label_or_degree"", ""wl_node_label_key"": ""node_labels""}",hub,modification,,5,8,8,1,6,0.0,0.0,0.0,0.0,0.0,0.002353199990466237,0.021637916564941406,success,
erdos_renyi,"{""data_root"": """", ""dataset_name"": """", ""edge_probability"": 0.12, ""family"": ""erdos_renyi"", ""m"": 2, ""num_blocks"": 3, ""num_graphs"": 5, ""num_nodes"": 8, ""p_in"": 0.25, ""p_out"": 0.03, ""seed"": 0}",hub_modification,"{""alpha"": 0.0, ""edges_added"": 0, ""edges_removed"": 0, ""graphs"": 5, ""graphs_skipped"": 0, ""graphs_success"": 5, ""label_source"": null, ""method"": ""hub_modification"", ""perturbation_direction"": ""modification"", ""perturbation_family"": ""hub"", ""rewires"": 0, ""triangles_affected"": 0}",0.0,0,native_netlsd,paper_faithful,"{""distribution_distance"": ""l2_between_mean_signatures"", ""eigenvalue_count"": ""all"", ""eigenvalue_mode"": ""full_spectrum"", ""heat_signature"": ""heat_trace"", ""implementation_mode"": ""paper_faithful"", ""laplacian_type"": ""normalized"", ""method"": ""native_netlsd"", ""netlsd_normalization"": ""empty"", ""netlsd_time_scale_count"": 250, ""netlsd_time_scale_max"": 100.0, ""netlsd_time_scale_min"": 0.01, ""netlsd_time_scale_schedule"": ""logspace""}",hub,modification,,5,8,8,1,6,0.0,0.0,0.0,0.0,0.0,0.02856136200716719,0.092193603515625,success,
erdos_renyi,"{""data_root"": """", ""dataset_name"": """", ""edge_probability"": 0.12, ""family"": ""erdos_renyi"", ""m"": 2, ""num_blocks"": 3, ""num_graphs"": 5, ""num_nodes"": 8, ""p_in"": 0.25, ""p_out"": 0.03, ""seed"": 0}",hub_modification,"{""alpha"": 0.0, ""edges_added"": 0, ""edges_removed"": 0, ""graphs"": 5, ""graphs_skipped"": 0, ""graphs_success"": 5, ""label_source"": null, ""method"": ""hub_modification"", ""perturbation_direction"": ""modification"", ""perturbation_family"": ""hub"", ""rewires"": 0, ""triangles_affected"": 0}",0.0,0,diversity_curves_shortest_path,paper_faithful,"{""distance_metric"": ""shortest_path"", ""distribution_distance"": ""l2_between_mean_curves"", ""diversity_contraction_mode"": ""random_edge"", ""diversity_curve_definition"": ""shortest_path_spread"", ""diversity_repetitions"": 3, ""diversity_scale_count"": ""dataset_max_nodes"", ""diversity_scale_schedule"": ""all_integer_cardinalities"", ""diversity_upsampling_enabled"": true, ""implementation_mode"": ""paper_faithful"", ""method"": ""diversity_curves_shortest_path"", ""random_seed"": 0}",hub,modification,,5,8,8,1,6,0.0,0.0,0.0,0.0,0.0,0.017018442013068125,0.014580726623535156,success,
erdos_renyi,"{""data_root"": """", ""dataset_name"": """", ""edge_probability"": 0.12, ""family"": ""erdos_renyi"", ""m"": 2, ""num_blocks"": 3, ""num_graphs"": 5, ""num_nodes"": 8, ""p_in"": 0.25, ""p_out"": 0.03, ""seed"": 0}",community_weakening,"{""alpha"": 0.5, ""edges_added"": 5, ""edges_removed"": 5, ""graphs"": 5, ""graphs_skipped"": 0, ""graphs_success"": 5, ""label_source"": ""detected"", ""method"": ""community_weakening"", ""perturbation_direction"": ""weakening"", ""perturbation_family"": ""community"", ""rewires"": 5, ""triangles_affected"": 0}",0.5,0,structural_statistics_mmd,descriptor_baseline,"{""bandwidth"": 10.0, ""feature_count"": 9, ""implementation_mode"": ""descriptor_baseline"", ""kernel"": ""rbf_mmd"", ""method"": ""structural_statistics_mmd""}",community,weakening,detected,5,8,8,1,6,9.411429599137655e-05,0.09999999999999998,0.2,2.0,2.2,0.000881671003298834,0.005218505859375,success,
erdos_renyi,"{""data_root"": """", ""dataset_name"": """", ""edge_probability"": 0.12, ""family"": ""erdos_renyi"", ""m"": 2, ""num_blocks"": 3, ""num_graphs"": 5, ""num_nodes"": 8, ""p_in"": 0.25, ""p_out"": 0.03, ""seed"": 0}",community_weakening,"{""alpha"": 0.5, ""edges_added"": 5, ""edges_removed"": 5, ""graphs"": 5, ""graphs_skipped"": 0, ""graphs_success"": 5, ""label_source"": ""detected"", ""method"": ""community_weakening"", ""perturbation_direction"": ""weakening"", ""perturbation_family"": ""community"", ""rewires"": 5, ""triangles_affected"": 0}",0.5,0,wl_subtree_kernel_mmd,paper_faithful,"{""implementation_mode"": ""paper_faithful"", ""method"": ""wl_subtree_kernel_mmd"", ""wl_compression"": ""shared_canonical_dictionary_per_comparison"", ""wl_feature_construction"": ""subtree_histograms_across_iterations"", ""wl_iterations"": 3, ""wl_kernel_distance_mode"": ""linear_mmd"", ""wl_label_initialization"": ""node_label_or_degree"", ""wl_node_label_key"": ""node_labels""}",community,weakening,detected,5,8,8,1,6,8.320000000000002,2.8844410203711917,5.330167015053974,2.0,2.2,0.001833112008171156,0.023138999938964844,success,
erdos_renyi,"{""data_root"": """", ""dataset_name"": """", ""edge_probability"": 0.12, ""family"": ""erdos_renyi"", ""m"": 2, ""num_blocks"": 3, ""num_graphs"": 5, ""num_nodes"": 8, ""p_in"": 0.25, ""p_out"": 0.03, ""seed"": 0}",community_weakening,"{""alpha"": 0.5, ""edges_added"": 5, ""edges_removed"": 5, ""graphs"": 5, ""graphs_skipped"": 0, ""graphs_success"": 5, ""label_source"": ""detected"", ""method"": ""community_weakening"", ""perturbation_direction"": ""weakening"", ""perturbation_family"": ""community"", ""rewires"": 5, ""triangles_affected"": 0}",0.5,0,native_netlsd,paper_faithful,"{""distribution_distance"": ""l2_between_mean_signatures"", ""eigenvalue_count"": ""all"", ""eigenvalue_mode"": ""full_spectrum"", ""heat_signature"": ""heat_trace"", ""implementation_mode"": ""paper_faithful"", ""laplacian_type"": ""normalized"", ""method"": ""native_netlsd"", ""netlsd_normalization"": ""empty"", ""netlsd_time_scale_count"": 250, ""netlsd_time_scale_max"": 100.0, ""netlsd_time_scale_min"": 0.01, ""netlsd_time_scale_schedule"": ""logspace""}",community,weakening,detected,5,8,8,1,6,0.061792896436792595,0.061792896436792595,0.146281772970345,2.0,2.2,0.024206461006542668,0.092193603515625,success,
erdos_renyi,"{""data_root"": """", ""dataset_name"": """", ""edge_probability"": 0.12, ""family"": ""erdos_renyi"", ""m"": 2, ""num_blocks"": 3, ""num_graphs"": 5, ""num_nodes"": 8, ""p_in"": 0.25, ""p_out"": 0.03, ""seed"": 0}",community_weakening,"{""alpha"": 0.5, ""edges_added"": 5, ""edges_removed"": 5, ""graphs"": 5, ""graphs_skipped"": 0, ""graphs_success"": 5, ""label_source"": ""detected"", ""method"": ""community_weakening"", ""perturbation_direction"": ""weakening"", ""perturbation_family"": ""community"", ""rewires"": 5, ""triangles_affected"": 0}",0.5,0,diversity_curves_shortest_path,paper_faithful,"{""distance_metric"": ""shortest_path"", ""distribution_distance"": ""l2_between_mean_curves"", ""diversity_contraction_mode"": ""random_edge"", ""diversity_curve_definition"": ""shortest_path_spread"", ""diversity_repetitions"": 3, ""diversity_scale_count"": ""dataset_max_nodes"", ""diversity_scale_schedule"": ""all_integer_cardinalities"", ""diversity_upsampling_enabled"": true, ""implementation_mode"": ""paper_faithful"", ""method"": ""diversity_curves_shortest_path"", ""random_seed"": 0}",community,weakening,detected,5,8,8,1,6,0.029107346935991468,0.029107346935991468,0.03582027153413451,2.0,2.2,0.02797511898097582,0.015679359436035156,success,
erdos_renyi,"{""data_root"": """", ""dataset_name"": """", ""edge_probability"": 0.12, ""family"": ""erdos_renyi"", ""m"": 2, ""num_blocks"": 3, ""num_graphs"": 5, ""num_nodes"": 8, ""p_in"": 0.25, ""p_out"": 0.03, ""seed"": 0}",triangle_deletion,"{""alpha"": 0.5, ""edges_added"": 0, ""edges_removed"": 0, ""graphs"": 5, ""graphs_skipped"": 0, ""graphs_success"": 5, ""label_source"": null, ""method"": ""triangle_deletion"", ""perturbation_direction"": ""deletion"", ""perturbation_family"": ""triangle"", ""rewires"": 0, ""triangles_affected"": 0}",0.5,0,structural_statistics_mmd,descriptor_baseline,"{""bandwidth"": 10.0, ""feature_count"": 9, ""implementation_mode"": ""descriptor_baseline"", ""kernel"": ""rbf_mmd"", ""method"": ""structural_statistics_mmd""}",triangle,deletion,,5,8,8,1,6,0.0,0.0,0.0,0.0,0.0,0.0015337450022343546,0.00597381591796875,success,
erdos_renyi,"{""data_root"": """", ""dataset_name"": """", ""edge_probability"": 0.12, ""family"": ""erdos_renyi"", ""m"": 2, ""num_blocks"": 3, ""num_graphs"": 5, ""num_nodes"": 8, ""p_in"": 0.25, ""p_out"": 0.03, ""seed"": 0}",triangle_deletion,"{""alpha"": 0.5, ""edges_added"": 0, ""edges_removed"": 0, ""graphs"": 5, ""graphs_skipped"": 0, ""graphs_success"": 5, ""label_source"": null, ""method"": ""triangle_deletion"", ""perturbation_direction"": ""deletion"", ""perturbation_family"": ""triangle"", ""rewires"": 0, ""triangles_affected"": 0}",0.5,0,wl_subtree_kernel_mmd,paper_faithful,"{""implementation_mode"": ""paper_faithful"", ""method"": ""wl_subtree_kernel_mmd"", ""wl_compression"": ""shared_canonical_dictionary_per_comparison"", ""wl_feature_construction"": ""subtree_histograms_across_iterations"", ""wl_iterations"": 3, ""wl_kernel_distance_mode"": ""linear_mmd"", ""wl_label_initialization"": ""node_label_or_degree"", ""wl_node_label_key"": ""node_labels""}",triangle,deletion,,5,8,8,1,6,0.0,0.0,0.0,0.0,0.0,0.002571706980234012,0.021698951721191406,success,
erdos_renyi,"{""data_root"": """", ""dataset_name"": """", ""edge_probability"": 0.12, ""family"": ""erdos_renyi"", ""m"": 2, ""num_blocks"": 3, ""num_graphs"": 5, ""num_nodes"": 8, ""p_in"": 0.25, ""p_out"": 0.03, ""seed"": 0}",triangle_deletion,"{""alpha"": 0.5, ""edges_added"": 0, ""edges_removed"": 0, ""graphs"": 5, ""graphs_skipped"": 0, ""graphs_success"": 5, ""label_source"": null, ""method"": ""triangle_deletion"", ""perturbation_direction"": ""deletion"", ""perturbation_family"": ""triangle"", ""rewires"": 0, ""triangles_affected"": 0}",0.5,0,native_netlsd,paper_faithful,"{""distribution_distance"": ""l2_between_mean_signatures"", ""eigenvalue_count"": ""all"", ""eigenvalue_mode"": ""full_spectrum"", ""heat_signature"": ""heat_trace"", ""implementation_mode"": ""paper_faithful"", ""laplacian_type"": ""normalized"", ""method"": ""native_netlsd"", ""netlsd_normalization"": ""empty"", ""netlsd_time_scale_count"": 250, ""netlsd_time_scale_max"": 100.0, ""netlsd_time_scale_min"": 0.01, ""netlsd_time_scale_schedule"": ""logspace""}",triangle,deletion,,5,8,8,1,6,0.0,0.0,0.0,0.0,0.0,0.030272570002125576,0.092193603515625,success,
erdos_renyi,"{""data_root"": """", ""dataset_name"": """", ""edge_probability"": 0.12, ""family"": ""erdos_renyi"", ""m"": 2, ""num_blocks"": 3, ""num_graphs"": 5, ""num_nodes"": 8, ""p_in"": 0.25, ""p_out"": 0.03, ""seed"": 0}",triangle_deletion,"{""alpha"": 0.5, ""edges_added"": 0, ""edges_removed"": 0, ""graphs"": 5, ""graphs_skipped"": 0, ""graphs_success"": 5, ""label_source"": null, ""method"": ""triangle_deletion"", ""perturbation_direction"": ""deletion"", ""perturbation_family"": ""triangle"", ""rewires"": 0, ""triangles_affected"": 0}",0.5,0,diversity_curves_shortest_path,paper_faithful,"{""distance_metric"": ""shortest_path"", ""distribution_distance"": ""l2_between_mean_curves"", ""diversity_contraction_mode"": ""random_edge"", ""diversity_curve_definition"": ""shortest_path_spread"", ""diversity_repetitions"": 3, ""diversity_scale_count"": ""dataset_max_nodes"", ""diversity_scale_schedule"": ""all_integer_cardinalities"", ""diversity_upsampling_enabled"": true, ""implementation_mode"": ""paper_faithful"", ""method"": ""diversity_curves_shortest_path"", ""random_seed"": 0}",triangle,deletion,,5,8,8,1,6,0.0,0.0,0.0,0.0,0.0,0.021916869009146467,0.014580726623535156,success,
erdos_renyi,"{""data_root"": """", ""dataset_name"": """", ""edge_probability"": 0.12, ""family"": ""erdos_renyi"", ""m"": 2, ""num_blocks"": 3, ""num_graphs"": 5, ""num_nodes"": 8, ""p_in"": 0.25, ""p_out"": 0.03, ""seed"": 0}",community_weakening,"{""alpha"": 1.0, ""edges_added"": 11, ""edges_removed"": 11, ""graphs"": 5, ""graphs_skipped"": 0, ""graphs_success"": 5, ""label_source"": ""detected"", ""method"": ""community_weakening"", ""perturbation_direction"": ""weakening"", ""perturbation_family"": ""community"", ""rewires"": 11, ""triangles_affected"": 0}",1.0,0,structural_statistics_mmd,descriptor_baseline,"{""bandwidth"": 10.0, ""feature_count"": 9, ""implementation_mode"": ""descriptor_baseline"", ""kernel"": ""rbf_mmd"", ""method"": ""structural_statistics_mmd""}",community,weakening,detected,5,8,8,1,6,0.00020946436322355488,0.15000000000000002,0.25,4.4,4.688888888888888,0.0010835459979716688,0.00524139404296875,success,
erdos_renyi,"{""data_root"": """", ""dataset_name"": """", ""edge_probability"": 0.12, ""family"": ""erdos_renyi"", ""m"": 2, ""num_blocks"": 3, ""num_graphs"": 5, ""num_nodes"": 8, ""p_in"": 0.25, ""p_out"": 0.03, ""seed"": 0}",community_weakening,"{""alpha"": 1.0, ""edges_added"": 11, ""edges_removed"": 11, ""graphs"": 5, ""graphs_skipped"": 0, ""graphs_success"": 5, ""label_source"": ""detected"", ""method"": ""community_weakening"", ""perturbation_direction"": ""weakening"", ""perturbation_family"": ""community"", ""rewires"": 11, ""triangles_affected"": 0}",1.0,0,wl_subtree_kernel_mmd,paper_faithful,"{""implementation_mode"": ""paper_faithful"", ""method"": ""wl_subtree_kernel_mmd"", ""wl_compression"": ""shared_canonical_dictionary_per_comparison"", ""wl_feature_construction"": ""subtree_histograms_across_iterations"", ""wl_iterations"": 3, ""wl_kernel_distance_mode"": ""linear_mmd"", ""wl_label_initialization"": ""node_label_or_degree"", ""wl_node_label_key"": ""node_labels""}",community,weakening,detected,5,8,8,1,6,11.360000000000001,3.3704599092705436,6.263271698318638,4.4,4.688888888888888,0.0021684460225515068,0.025281906127929688,success,
erdos_renyi,"{""data_root"": """", ""dataset_name"": """", ""edge_probability"": 0.12, ""family"": ""erdos_renyi"", ""m"": 2, ""num_blocks"": 3, ""num_graphs"": 5, ""num_nodes"": 8, ""p_in"": 0.25, ""p_out"": 0.03, ""seed"": 0}",community_weakening,"{""alpha"": 1.0, ""edges_added"": 11, ""edges_removed"": 11, ""graphs"": 5, ""graphs_skipped"": 0, ""graphs_success"": 5, ""label_source"": ""detected"", ""method"": ""community_weakening"", ""perturbation_direction"": ""weakening"", ""perturbation_family"": ""community"", ""rewires"": 11, ""triangles_affected"": 0}",1.0,0,native_netlsd,paper_faithful,"{""distribution_distance"": ""l2_between_mean_signatures"", ""eigenvalue_count"": ""all"", ""eigenvalue_mode"": ""full_spectrum"", ""heat_signature"": ""heat_trace"", ""implementation_mode"": ""paper_faithful"", ""laplacian_type"": ""normalized"", ""method"": ""native_netlsd"", ""netlsd_normalization"": ""empty"", ""netlsd_time_scale_count"": 250, ""netlsd_time_scale_max"": 100.0, ""netlsd_time_scale_min"": 0.01, ""netlsd_time_scale_schedule"": ""logspace""}",community,weakening,detected,5,8,8,1,6,0.03441194577048375,0.03441194577048375,0.18366205364185995,4.4,4.688888888888888,0.02212332299677655,0.092193603515625,success,
erdos_renyi,"{""data_root"": """", ""dataset_name"": """", ""edge_probability"": 0.12, ""family"": ""erdos_renyi"", ""m"": 2, ""num_blocks"": 3, ""num_graphs"": 5, ""num_nodes"": 8, ""p_in"": 0.25, ""p_out"": 0.03, ""seed"": 0}",community_weakening,"{""alpha"": 1.0, ""edges_added"": 11, ""edges_removed"": 11, ""graphs"": 5, ""graphs_skipped"": 0, ""graphs_success"": 5, ""label_source"": ""detected"", ""method"": ""community_weakening"", ""perturbation_direction"": ""weakening"", ""perturbation_family"": ""community"", ""rewires"": 11, ""triangles_affected"": 0}",1.0,0,diversity_curves_shortest_path,paper_faithful,"{""distance_metric"": ""shortest_path"", ""distribution_distance"": ""l2_between_mean_curves"", ""diversity_contraction_mode"": ""random_edge"", ""diversity_curve_definition"": ""shortest_path_spread"", ""diversity_repetitions"": 3, ""diversity_scale_count"": ""dataset_max_nodes"", ""diversity_scale_schedule"": ""all_integer_cardinalities"", ""diversity_upsampling_enabled"": true, ""implementation_mode"": ""paper_faithful"", ""method"": ""diversity_curves_shortest_path"", ""random_seed"": 0}",community,weakening,detected,5,8,8,1,6,0.027409870591454718,0.027409870591454718,0.0360596586964033,4.4,4.688888888888888,0.0221048730018083,0.014878273010253906,success,
erdos_renyi,"{""data_root"": """", ""dataset_name"": """", ""edge_probability"": 0.12, ""family"": ""erdos_renyi"", ""m"": 2, ""num_blocks"": 3, ""num_graphs"": 5, ""num_nodes"": 8, ""p_in"": 0.25, ""p_out"": 0.03, ""seed"": 0}",hub_modification,"{""alpha"": 1.0, ""edges_added"": 8, ""edges_removed"": 8, ""graphs"": 5, ""graphs_skipped"": 0, ""graphs_success"": 5, ""label_source"": null, ""method"": ""hub_modification"", ""perturbation_direction"": ""modification"", ""perturbation_family"": ""hub"", ""rewires"": 8, ""triangles_affected"": 0}",1.0,0,structural_statistics_mmd,descriptor_baseline,"{""bandwidth"": 10.0, ""feature_count"": 9, ""implementation_mode"": ""descriptor_baseline"", ""kernel"": ""rbf_mmd"", ""method"": ""structural_statistics_mmd""}",hub,modification,,5,8,8,1,6,4.4577233515585846e-06,0.0,0.1,3.2,4.066666666666666,0.0013090069987811148,0.00519561767578125,success,
erdos_renyi,"{""data_root"": """", ""dataset_name"": """", ""edge_probability"": 0.12, ""family"": ""erdos_renyi"", ""m"": 2, ""num_blocks"": 3, ""num_graphs"": 5, ""num_nodes"": 8, ""p_in"": 0.25, ""p_out"": 0.03, ""seed"": 0}",hub_modification,"{""alpha"": 1.0, ""edges_added"": 8, ""edges_removed"": 8, ""graphs"": 5, ""graphs_skipped"": 0, ""graphs_success"": 5, ""label_source"": null, ""method"": ""hub_modification"", ""perturbation_direction"": ""modification"", ""perturbation_family"": ""hub"", ""rewires"": 8, ""triangles_affected"": 0}",1.0,0,wl_subtree_kernel_mmd,paper_faithful,"{""implementation_mode"": ""paper_faithful"", ""method"": ""wl_subtree_kernel_mmd"", ""wl_compression"": ""shared_canonical_dictionary_per_comparison"", ""wl_feature_construction"": ""subtree_histograms_across_iterations"", ""wl_iterations"": 3, ""wl_kernel_distance_mode"": ""linear_mmd"", ""wl_label_initialization"": ""node_label_or_degree"", ""wl_node_label_key"": ""node_labels""}",hub,modification,,5,8,8,1,6,4.88,2.209072203437452,2.9119143558555023,3.2,4.066666666666666,0.00233128500985913,0.022983551025390625,success,
erdos_renyi,"{""data_root"": """", ""dataset_name"": """", ""edge_probability"": 0.12, ""family"": ""erdos_renyi"", ""m"": 2, ""num_blocks"": 3, ""num_graphs"": 5, ""num_nodes"": 8, ""p_in"": 0.25, ""p_out"": 0.03, ""seed"": 0}",hub_modification,"{""alpha"": 1.0, ""edges_added"": 8, ""edges_removed"": 8, ""graphs"": 5, ""graphs_skipped"": 0, ""graphs_success"": 5, ""label_source"": null, ""method"": ""hub_modification"", ""perturbation_direction"": ""modification"", ""perturbation_family"": ""hub"", ""rewires"": 8, ""triangles_affected"": 0}",1.0,0,native_netlsd,paper_faithful,"{""distribution_distance"": ""l2_between_mean_signatures"", ""eigenvalue_count"": ""all"", ""eigenvalue_mode"": ""full_spectrum"", ""heat_signature"": ""heat_trace"", ""implementation_mode"": ""paper_faithful"", ""laplacian_type"": ""normalized"", ""method"": ""native_netlsd"", ""netlsd_normalization"": ""empty"", ""netlsd_time_scale_count"": 250, ""netlsd_time_scale_max"": 100.0, ""netlsd_time_scale_min"": 0.01, ""netlsd_time_scale_schedule"": ""logspace""}",hub,modification,,5,8,8,1,6,0.07635276352199444,0.07635276352199444,0.0809697156614481,3.2,4.066666666666666,0.024038442003075033,0.092193603515625,success,
erdos_renyi,"{""data_root"": """", ""dataset_name"": """", ""edge_probability"": 0.12, ""family"": ""erdos_renyi"", ""m"": 2, ""num_blocks"": 3, ""num_graphs"": 5, ""num_nodes"": 8, ""p_in"": 0.25, ""p_out"": 0.03, ""seed"": 0}",hub_modification,"{""alpha"": 1.0, ""edges_added"": 8, ""edges_removed"": 8, ""graphs"": 5, ""graphs_skipped"": 0, ""graphs_success"": 5, ""label_source"": null, ""method"": ""hub_modification"", ""perturbation_direction"": ""modification"", ""perturbation_family"": ""hub"", ""rewires"": 8, ""triangles_affected"": 0}",1.0,0,diversity_curves_shortest_path,paper_faithful,"{""distance_metric"": ""shortest_path"", ""distribution_distance"": ""l2_between_mean_curves"", ""diversity_contraction_mode"": ""random_edge"", ""diversity_curve_definition"": ""shortest_path_spread"", ""diversity_repetitions"": 3, ""diversity_scale_count"": ""dataset_max_nodes"", ""diversity_scale_schedule"": ""all_integer_cardinalities"", ""diversity_upsampling_enabled"": true, ""implementation_mode"": ""paper_faithful"", ""method"": ""diversity_curves_shortest_path"", ""random_seed"": 0}",hub,modification,,5,8,8,1,6,0.011664261275341039,0.011664261275341039,0.01814272911470827,3.2,4.066666666666666,0.01754927300498821,0.015061378479003906,success,
erdos_renyi,"{""data_root"": """", ""dataset_name"": """", ""edge_probability"": 0.12, ""family"": ""erdos_renyi"", ""m"": 2, ""num_blocks"": 3, ""num_graphs"": 5, ""num_nodes"": 8, ""p_in"": 0.25, ""p_out"": 0.03, ""seed"": 0}",triangle_deletion,"{""alpha"": 1.0, ""edges_added"": 0, ""edges_removed"": 0, ""graphs"": 5, ""graphs_skipped"": 0, ""graphs_success"": 5, ""label_source"": null, ""method"": ""triangle_deletion"", ""perturbation_direction"": ""deletion"", ""perturbation_family"": ""triangle"", ""rewires"": 0, ""triangles_affected"": 0}",1.0,0,structural_statistics_mmd,descriptor_baseline,"{""bandwidth"": 10.0, ""feature_count"": 9, ""implementation_mode"": ""descriptor_baseline"", ""kernel"": ""rbf_mmd"", ""method"": ""structural_statistics_mmd""}",triangle,deletion,,5,8,8,1,6,0.0,0.0,0.0,0.0,0.0,0.0010894869919866323,0.00597381591796875,success,
erdos_renyi,"{""data_root"": """", ""dataset_name"": """", ""edge_probability"": 0.12, ""family"": ""erdos_renyi"", ""m"": 2, ""num_blocks"": 3, ""num_graphs"": 5, ""num_nodes"": 8, ""p_in"": 0.25, ""p_out"": 0.03, ""seed"": 0}",triangle_deletion,"{""alpha"": 1.0, ""edges_added"": 0, ""edges_removed"": 0, ""graphs"": 5, ""graphs_skipped"": 0, ""graphs_success"": 5, ""label_source"": null, ""method"": ""triangle_deletion"", ""perturbation_direction"": ""deletion"", ""perturbation_family"": ""triangle"", ""rewires"": 0, ""triangles_affected"": 0}",1.0,0,wl_subtree_kernel_mmd,paper_faithful,"{""implementation_mode"": ""paper_faithful"", ""method"": ""wl_subtree_kernel_mmd"", ""wl_compression"": ""shared_canonical_dictionary_per_comparison"", ""wl_feature_construction"": ""subtree_histograms_across_iterations"", ""wl_iterations"": 3, ""wl_kernel_distance_mode"": ""linear_mmd"", ""wl_label_initialization"": ""node_label_or_degree"", ""wl_node_label_key"": ""node_labels""}",triangle,deletion,,5,8,8,1,6,0.0,0.0,0.0,0.0,0.0,0.0015347760054282844,0.022820472717285156,success,
erdos_renyi,"{""data_root"": """", ""dataset_name"": """", ""edge_probability"": 0.12, ""family"": ""erdos_renyi"", ""m"": 2, ""num_blocks"": 3, ""num_graphs"": 5, ""num_nodes"": 8, ""p_in"": 0.25, ""p_out"": 0.03, ""seed"": 0}",triangle_deletion,"{""alpha"": 1.0, ""edges_added"": 0, ""edges_removed"": 0, ""graphs"": 5, ""graphs_skipped"": 0, ""graphs_success"": 5, ""label_source"": null, ""method"": ""triangle_deletion"", ""perturbation_direction"": ""deletion"", ""perturbation_family"": ""triangle"", ""rewires"": 0, ""triangles_affected"": 0}",1.0,0,native_netlsd,paper_faithful,"{""distribution_distance"": ""l2_between_mean_signatures"", ""eigenvalue_count"": ""all"", ""eigenvalue_mode"": ""full_spectrum"", ""heat_signature"": ""heat_trace"", ""implementation_mode"": ""paper_faithful"", ""laplacian_type"": ""normalized"", ""method"": ""native_netlsd"", ""netlsd_normalization"": ""empty"", ""netlsd_time_scale_count"": 250, ""netlsd_time_scale_max"": 100.0, ""netlsd_time_scale_min"": 0.01, ""netlsd_time_scale_schedule"": ""logspace""}",triangle,deletion,,5,8,8,1,6,0.0,0.0,0.0,0.0,0.0,0.01861423600348644,0.092193603515625,success,
erdos_renyi,"{""data_root"": """", ""dataset_name"": """", ""edge_probability"": 0.12, ""family"": ""erdos_renyi"", ""m"": 2, ""num_blocks"": 3, ""num_graphs"": 5, ""num_nodes"": 8, ""p_in"": 0.25, ""p_out"": 0.03, ""seed"": 0}",triangle_deletion,"{""alpha"": 1.0, ""edges_added"": 0, ""edges_removed"": 0, ""graphs"": 5, ""graphs_skipped"": 0, ""graphs_success"": 5, ""label_source"": null, ""method"": ""triangle_deletion"", ""perturbation_direction"": ""deletion"", ""perturbation_family"": ""triangle"", ""rewires"": 0, ""triangles_affected"": 0}",1.0,0,diversity_curves_shortest_path,paper_faithful,"{""distance_metric"": ""shortest_path"", ""distribution_distance"": ""l2_between_mean_curves"", ""diversity_contraction_mode"": ""random_edge"", ""diversity_curve_definition"": ""shortest_path_spread"", ""diversity_repetitions"": 3, ""diversity_scale_count"": ""dataset_max_nodes"", ""diversity_scale_schedule"": ""all_integer_cardinalities"", ""diversity_upsampling_enabled"": true, ""implementation_mode"": ""paper_faithful"", ""method"": ""diversity_curves_shortest_path"", ""random_seed"": 0}",triangle,deletion,,5,8,8,1,6,0.0,0.0,0.0,0.0,0.0,0.024964078998891637,0.014580726623535156,success,
erdos_renyi,"{""data_root"": """", ""dataset_name"": """", ""edge_probability"": 0.12, ""family"": ""erdos_renyi"", ""m"": 2, ""num_blocks"": 3, ""num_graphs"": 5, ""num_nodes"": 8, ""p_in"": 0.25, ""p_out"": 0.03, ""seed"": 0}",triangle_deletion,"{""alpha"": 0.0, ""edges_added"": 0, ""edges_removed"": 0, ""graphs"": 5, ""graphs_skipped"": 0, ""graphs_success"": 5, ""label_source"": null, ""method"": ""triangle_deletion"", ""perturbation_direction"": ""deletion"", ""perturbation_family"": ""triangle"", ""rewires"": 0, ""triangles_affected"": 0}",0.0,0,structural_statistics_mmd,descriptor_baseline,"{""bandwidth"": 10.0, ""feature_count"": 9, ""implementation_mode"": ""descriptor_baseline"", ""kernel"": ""rbf_mmd"", ""method"": ""structural_statistics_mmd""}",triangle,deletion,,5,8,8,1,6,0.0,0.0,0.0,0.0,0.0,0.0013661010016221553,0.00597381591796875,success,
erdos_renyi,"{""data_root"": """", ""dataset_name"": """", ""edge_probability"": 0.12, ""family"": ""erdos_renyi"", ""m"": 2, ""num_blocks"": 3, ""num_graphs"": 5, ""num_nodes"": 8, ""p_in"": 0.25, ""p_out"": 0.03, ""seed"": 0}",triangle_deletion,"{""alpha"": 0.0, ""edges_added"": 0, ""edges_removed"": 0, ""graphs"": 5, ""graphs_skipped"": 0, ""graphs_success"": 5, ""label_source"": null, ""method"": ""triangle_deletion"", ""perturbation_direction"": ""deletion"", ""perturbation_family"": ""triangle"", ""rewires"": 0, ""triangles_affected"": 0}",0.0,0,wl_subtree_kernel_mmd,paper_faithful,"{""implementation_mode"": ""paper_faithful"", ""method"": ""wl_subtree_kernel_mmd"", ""wl_compression"": ""shared_canonical_dictionary_per_comparison"", ""wl_feature_construction"": ""subtree_histograms_across_iterations"", ""wl_iterations"": 3, ""wl_kernel_distance_mode"": ""linear_mmd"", ""wl_label_initialization"": ""node_label_or_degree"", ""wl_node_label_key"": ""node_labels""}",triangle,deletion,,5,8,8,1,6,0.0,0.0,0.0,0.0,0.0,0.0015789290191605687,0.022004127502441406,success,
erdos_renyi,"{""data_root"": """", ""dataset_name"": """", ""edge_probability"": 0.12, ""family"": ""erdos_renyi"", ""m"": 2, ""num_blocks"": 3, ""num_graphs"": 5, ""num_nodes"": 8, ""p_in"": 0.25, ""p_out"": 0.03, ""seed"": 0}",triangle_deletion,"{""alpha"": 0.0, ""edges_added"": 0, ""edges_removed"": 0, ""graphs"": 5, ""graphs_skipped"": 0, ""graphs_success"": 5, ""label_source"": null, ""method"": ""triangle_deletion"", ""perturbation_direction"": ""deletion"", ""perturbation_family"": ""triangle"", ""rewires"": 0, ""triangles_affected"": 0}",0.0,0,native_netlsd,paper_faithful,"{""distribution_distance"": ""l2_between_mean_signatures"", ""eigenvalue_count"": ""all"", ""eigenvalue_mode"": ""full_spectrum"", ""heat_signature"": ""heat_trace"", ""implementation_mode"": ""paper_faithful"", ""laplacian_type"": ""normalized"", ""method"": ""native_netlsd"", ""netlsd_normalization"": ""empty"", ""netlsd_time_scale_count"": 250, ""netlsd_time_scale_max"": 100.0, ""netlsd_time_scale_min"": 0.01, ""netlsd_time_scale_schedule"": ""logspace""}",triangle,deletion,,5,8,8,1,6,0.0,0.0,0.0,0.0,0.0,0.01738724298775196,0.092193603515625,success,
erdos_renyi,"{""data_root"": """", ""dataset_name"": """", ""edge_probability"": 0.12, ""family"": ""erdos_renyi"", ""m"": 2, ""num_blocks"": 3, ""num_graphs"": 5, ""num_nodes"": 8, ""p_in"": 0.25, ""p_out"": 0.03, ""seed"": 0}",triangle_deletion,"{""alpha"": 0.0, ""edges_added"": 0, ""edges_removed"": 0, ""graphs"": 5, ""graphs_skipped"": 0, ""graphs_success"": 5, ""label_source"": null, ""method"": ""triangle_deletion"", ""perturbation_direction"": ""deletion"", ""perturbation_family"": ""triangle"", ""rewires"": 0, ""triangles_affected"": 0}",0.0,0,diversity_curves_shortest_path,paper_faithful,"{""distance_metric"": ""shortest_path"", ""distribution_distance"": ""l2_between_mean_curves"", ""diversity_contraction_mode"": ""random_edge"", ""diversity_curve_definition"": ""shortest_path_spread"", ""diversity_repetitions"": 3, ""diversity_scale_count"": ""dataset_max_nodes"", ""diversity_scale_schedule"": ""all_integer_cardinalities"", ""diversity_upsampling_enabled"": true, ""implementation_mode"": ""paper_faithful"", ""method"": ""diversity_curves_shortest_path"", ""random_seed"": 0}",triangle,deletion,,5,8,8,1,6,0.0,0.0,0.0,0.0,0.0,0.02203265400021337,0.014580726623535156,success,
erdos_renyi,"{""data_root"": """", ""dataset_name"": """", ""edge_probability"": 0.12, ""family"": ""erdos_renyi"", ""m"": 2, ""num_blocks"": 3, ""num_graphs"": 5, ""num_nodes"": 8, ""p_in"": 0.25, ""p_out"": 0.03, ""seed"": 0}",triangle_insertion,"{""alpha"": 1.0, ""edges_added"": 8, ""edges_removed"": 0, ""graphs"": 5, ""graphs_skipped"": 0, ""graphs_success"": 5, ""label_source"": null, ""method"": ""triangle_insertion"", ""perturbation_direction"": ""insertion"", ""perturbation_family"": ""triangle"", ""rewires"": 0, ""triangles_affected"": 8}",1.0,0,structural_statistics_mmd,descriptor_baseline,"{""bandwidth"": 10.0, ""feature_count"": 9, ""implementation_mode"": ""descriptor_baseline"", ""kernel"": ""rbf_mmd"", ""method"": ""structural_statistics_mmd""}",triangle,insertion,,5,8,8,1,10,0.04977177668849686,2.4280218916069205,2.4420446615952516,1.6,1.8666666666666665,0.001058109977748245,0.00531005859375,success,
erdos_renyi,"{""data_root"": """", ""dataset_name"": """", ""edge_probability"": 0.12, ""family"": ""erdos_renyi"", ""m"": 2, ""num_blocks"": 3, ""num_graphs"": 5, ""num_nodes"": 8, ""p_in"": 0.25, ""p_out"": 0.03, ""seed"": 0}",triangle_insertion,"{""alpha"": 1.0, ""edges_added"": 8, ""edges_removed"": 0, ""graphs"": 5, ""graphs_skipped"": 0, ""graphs_success"": 5, ""label_source"": null, ""method"": ""triangle_insertion"", ""perturbation_direction"": ""insertion"", ""perturbation_family"": ""triangle"", ""rewires"": 0, ""triangles_affected"": 8}",1.0,0,wl_subtree_kernel_mmd,paper_faithful,"{""implementation_mode"": ""paper_faithful"", ""method"": ""wl_subtree_kernel_mmd"", ""wl_compression"": ""shared_canonical_dictionary_per_comparison"", ""wl_feature_construction"": ""subtree_histograms_across_iterations"", ""wl_iterations"": 3, ""wl_kernel_distance_mode"": ""linear_mmd"", ""wl_label_initialization"": ""node_label_or_degree"", ""wl_node_label_key"": ""node_labels""}",triangle,insertion,,5,8,8,1,10,15.680000000000001,3.9597979746446663,4.869492213348525,1.6,1.8666666666666665,0.002502568007912487,0.022439956665039062,success,
erdos_renyi,"{""data_root"": """", ""dataset_name"": """", ""edge_probability"": 0.12, ""family"": ""erdos_renyi"", ""m"": 2, ""num_blocks"": 3, ""num_graphs"": 5, ""num_nodes"": 8, ""p_in"": 0.25, ""p_out"": 0.03, ""seed"": 0}",triangle_insertion,"{""alpha"": 1.0, ""edges_added"": 8, ""edges_removed"": 0, ""graphs"": 5, ""graphs_skipped"": 0, ""graphs_success"": 5, ""label_source"": null, ""method"": ""triangle_insertion"", ""perturbation_direction"": ""insertion"", ""perturbation_family"": ""triangle"", ""rewires"": 0, ""triangles_affected"": 8}",1.0,0,native_netlsd,paper_faithful,"{""distribution_distance"": ""l2_between_mean_signatures"", ""eigenvalue_count"": ""all"", ""eigenvalue_mode"": ""full_spectrum"", ""heat_signature"": ""heat_trace"", ""implementation_mode"": ""paper_faithful"", ""laplacian_type"": ""normalized"", ""method"": ""native_netlsd"", ""netlsd_normalization"": ""empty"", ""netlsd_time_scale_count"": 250, ""netlsd_time_scale_max"": 100.0, ""netlsd_time_scale_min"": 0.01, ""netlsd_time_scale_schedule"": ""logspace""}",triangle,insertion,,5,8,8,1,10,0.12951971549004293,0.12951971549004293,0.13146969532013414,1.6,1.8666666666666665,0.02767642299295403,0.092193603515625,success,
erdos_renyi,"{""data_root"": """", ""dataset_name"": """", ""edge_probability"": 0.12, ""family"": ""erdos_renyi"", ""m"": 2, ""num_blocks"": 3, ""num_graphs"": 5, ""num_nodes"": 8, ""p_in"": 0.25, ""p_out"": 0.03, ""seed"": 0}",triangle_insertion,"{""alpha"": 1.0, ""edges_added"": 8, ""edges_removed"": 0, ""graphs"": 5, ""graphs_skipped"": 0, ""graphs_success"": 5, ""label_source"": null, ""method"": ""triangle_insertion"", ""perturbation_direction"": ""insertion"", ""perturbation_family"": ""triangle"", ""rewires"": 0, ""triangles_affected"": 8}",1.0,0,diversity_curves_shortest_path,paper_faithful,"{""distance_metric"": ""shortest_path"", ""distribution_distance"": ""l2_between_mean_curves"", ""diversity_contraction_mode"": ""random_edge"", ""diversity_curve_definition"": ""shortest_path_spread"", ""diversity_repetitions"": 3, ""diversity_scale_count"": ""dataset_max_nodes"", ""diversity_scale_schedule"": ""all_integer_cardinalities"", ""diversity_upsampling_enabled"": true, ""implementation_mode"": ""paper_faithful"", ""method"": ""diversity_curves_shortest_path"", ""random_seed"": 0}",triangle,insertion,,5,8,8,1,10,0.3255509267382322,0.3255509267382322,0.3381569823671708,1.6,1.8666666666666665,0.031173116993159056,0.01735401153564453,success,
erdos_renyi,"{""data_root"": """", ""dataset_name"": """", ""edge_probability"": 0.12, ""family"": ""erdos_renyi"", ""m"": 2, ""num_blocks"": 3, ""num_graphs"": 5, ""num_nodes"": 8, ""p_in"": 0.25, ""p_out"": 0.03, ""seed"": 0}",hub_modification,"{""alpha"": 0.5, ""edges_added"": 5, ""edges_removed"": 5, ""graphs"": 5, ""graphs_skipped"": 0, ""graphs_success"": 5, ""label_source"": null, ""method"": ""hub_modification"", ""perturbation_direction"": ""modification"", ""perturbation_family"": ""hub"", ""rewires"": 5, ""triangles_affected"": 0}",0.5,0,structural_statistics_mmd,descriptor_baseline,"{""bandwidth"": 10.0, ""feature_count"": 9, ""implementation_mode"": ""descriptor_baseline"", ""kernel"": ""rbf_mmd"", ""method"": ""structural_statistics_mmd""}",hub,modification,,5,8,8,1,6,4.4577233515585846e-06,0.0,0.1,2.0,2.8666666666666663,0.0018265639955643564,0.005218505859375,success,
erdos_renyi,"{""data_root"": """", ""dataset_name"": """", ""edge_probability"": 0.12, ""family"": ""erdos_renyi"", ""m"": 2, ""num_blocks"": 3, ""num_graphs"": 5, ""num_nodes"": 8, ""p_in"": 0.25, ""p_out"": 0.03, ""seed"": 0}",hub_modification,"{""alpha"": 0.5, ""edges_added"": 5, ""edges_removed"": 5, ""graphs"": 5, ""graphs_skipped"": 0, ""graphs_success"": 5, ""label_source"": null, ""method"": ""hub_modification"", ""perturbation_direction"": ""modification"", ""perturbation_family"": ""hub"", ""rewires"": 5, ""triangles_affected"": 0}",0.5,0,wl_subtree_kernel_mmd,paper_faithful,"{""implementation_mode"": ""paper_faithful"", ""method"": ""wl_subtree_kernel_mmd"", ""wl_compression"": ""shared_canonical_dictionary_per_comparison"", ""wl_feature_construction"": ""subtree_histograms_across_iterations"", ""wl_iterations"": 3, ""wl_kernel_distance_mode"": ""linear_mmd"", ""wl_label_initialization"": ""node_label_or_degree"", ""wl_node_label_key"": ""node_labels""}",hub,modification,,5,8,8,1,6,4.88,2.209072203437452,2.9119143558555023,2.0,2.8666666666666663,0.0029039249930065125,0.022930145263671875,success,
erdos_renyi,"{""data_root"": """", ""dataset_name"": """", ""edge_probability"": 0.12, ""family"": ""erdos_renyi"", ""m"": 2, ""num_blocks"": 3, ""num_graphs"": 5, ""num_nodes"": 8, ""p_in"": 0.25, ""p_out"": 0.03, ""seed"": 0}",hub_modification,"{""alpha"": 0.5, ""edges_added"": 5, ""edges_removed"": 5, ""graphs"": 5, ""graphs_skipped"": 0, ""graphs_success"": 5, ""label_source"": null, ""method"": ""hub_modification"", ""perturbation_direction"": ""modification"", ""perturbation_family"": ""hub"", ""rewires"": 5, ""triangles_affected"": 0}",0.5,0,native_netlsd,paper_faithful,"{""distribution_distance"": ""l2_between_mean_signatures"", ""eigenvalue_count"": ""all"", ""eigenvalue_mode"": ""full_spectrum"", ""heat_signature"": ""heat_trace"", ""implementation_mode"": ""paper_faithful"", ""laplacian_type"": ""normalized"", ""method"": ""native_netlsd"", ""netlsd_normalization"": ""empty"", ""netlsd_time_scale_count"": 250, ""netlsd_time_scale_max"": 100.0, ""netlsd_time_scale_min"": 0.01, ""netlsd_time_scale_schedule"": ""logspace""}",hub,modification,,5,8,8,1,6,0.07635276352199444,0.07635276352199444,0.0809697156614481,2.0,2.8666666666666663,0.023040734988171607,0.092193603515625,success,
erdos_renyi,"{""data_root"": """", ""dataset_name"": """", ""edge_probability"": 0.12, ""family"": ""erdos_renyi"", ""m"": 2, ""num_blocks"": 3, ""num_graphs"": 5, ""num_nodes"": 8, ""p_in"": 0.25, ""p_out"": 0.03, ""seed"": 0}",hub_modification,"{""alpha"": 0.5, ""edges_added"": 5, ""edges_removed"": 5, ""graphs"": 5, ""graphs_skipped"": 0, ""graphs_success"": 5, ""label_source"": null, ""method"": ""hub_modification"", ""perturbation_direction"": ""modification"", ""perturbation_family"": ""hub"", ""rewires"": 5, ""triangles_affected"": 0}",0.5,0,diversity_curves_shortest_path,paper_faithful,"{""distance_metric"": ""shortest_path"", ""distribution_distance"": ""l2_between_mean_curves"", ""diversity_contraction_mode"": ""random_edge"", ""diversity_curve_definition"": ""shortest_path_spread"", ""diversity_repetitions"": 3, ""diversity_scale_count"": ""dataset_max_nodes"", ""diversity_scale_schedule"": ""all_integer_cardinalities"", ""diversity_upsampling_enabled"": true, ""implementation_mode"": ""paper_faithful"", ""method"": ""diversity_curves_shortest_path"", ""random_seed"": 0}",hub,modification,,5,8,8,1,6,0.011664261275341039,0.011664261275341039,0.01814272911470827,2.0,2.8666666666666663,0.018947809003293514,0.015267372131347656,success,
stochastic_block_model,"{""data_root"": """", ""dataset_name"": """", ""edge_probability"": 0.1, ""family"": ""stochastic_block_model"", ""m"": 2, ""num_blocks"": 4, ""num_graphs"": 5, ""num_nodes"": 8, ""p_in"": 0.28, ""p_out"": 0.04, ""seed"": 0}",edge_insertion,"{""alpha"": 0.0, ""edges_added"": 0, ""edges_removed"": 0, ""graphs"": 5, ""graphs_skipped"": 0, ""graphs_success"": 5, ""label_source"": null, ""method"": ""edge_insertion"", ""perturbation_direction"": ""insertion"", ""perturbation_family"": ""edge"", ""rewires"": 0, ""triangles_affected"": 0}",0.0,0,structural_statistics_mmd,descriptor_baseline,"{""bandwidth"": 10.0, ""feature_count"": 9, ""implementation_mode"": ""descriptor_baseline"", ""kernel"": ""rbf_mmd"", ""method"": ""structural_statistics_mmd""}",edge,insertion,,5,8,8,0,7,0.0,0.0,0.0,0.0,0.0,0.001032892003422603,0.006134033203125,success,
stochastic_block_model,"{""data_root"": """", ""dataset_name"": """", ""edge_probability"": 0.1, ""family"": ""stochastic_block_model"", ""m"": 2, ""num_blocks"": 4, ""num_graphs"": 5, ""num_nodes"": 8, ""p_in"": 0.28, ""p_out"": 0.04, ""seed"": 0}",edge_insertion,"{""alpha"": 0.0, ""edges_added"": 0, ""edges_removed"": 0, ""graphs"": 5, ""graphs_skipped"": 0, ""graphs_success"": 5, ""label_source"": null, ""method"": ""edge_insertion"", ""perturbation_direction"": ""insertion"", ""perturbation_family"": ""edge"", ""rewires"": 0, ""triangles_affected"": 0}",0.0,0,wl_subtree_kernel_mmd,paper_faithful,"{""implementation_mode"": ""paper_faithful"", ""method"": ""wl_subtree_kernel_mmd"", ""wl_compression"": ""shared_canonical_dictionary_per_comparison"", ""wl_feature_construction"": ""subtree_histograms_across_iterations"", ""wl_iterations"": 3, ""wl_kernel_distance_mode"": ""linear_mmd"", ""wl_label_initialization"": ""node_label_or_degree"", ""wl_node_label_key"": ""node_labels""}",edge,insertion,,5,8,8,0,7,0.0,0.0,0.0,0.0,0.0,0.0017191799997817725,0.019601821899414062,success,
stochastic_block_model,"{""data_root"": """", ""dataset_name"": """", ""edge_probability"": 0.1, ""family"": ""stochastic_block_model"", ""m"": 2, ""num_blocks"": 4, ""num_graphs"": 5, ""num_nodes"": 8, ""p_in"": 0.28, ""p_out"": 0.04, ""seed"": 0}",edge_insertion,"{""alpha"": 0.0, ""edges_added"": 0, ""edges_removed"": 0, ""graphs"": 5, ""graphs_skipped"": 0, ""graphs_success"": 5, ""label_source"": null, ""method"": ""edge_insertion"", ""perturbation_direction"": ""insertion"", ""perturbation_family"": ""edge"", ""rewires"": 0, ""triangles_affected"": 0}",0.0,0,native_netlsd,paper_faithful,"{""distribution_distance"": ""l2_between_mean_signatures"", ""eigenvalue_count"": ""all"", ""eigenvalue_mode"": ""full_spectrum"", ""heat_signature"": ""heat_trace"", ""implementation_mode"": ""paper_faithful"", ""laplacian_type"": ""normalized"", ""method"": ""native_netlsd"", ""netlsd_normalization"": ""empty"", ""netlsd_time_scale_count"": 250, ""netlsd_time_scale_max"": 100.0, ""netlsd_time_scale_min"": 0.01, ""netlsd_time_scale_schedule"": ""logspace""}",edge,insertion,,5,8,8,0,7,0.0,0.0,0.0,0.0,0.0,0.01635224200435914,0.09207916259765625,success,
stochastic_block_model,"{""data_root"": """", ""dataset_name"": """", ""edge_probability"": 0.1, ""family"": ""stochastic_block_model"", ""m"": 2, ""num_blocks"": 4, ""num_graphs"": 5, ""num_nodes"": 8, ""p_in"": 0.28, ""p_out"": 0.04, ""seed"": 0}",edge_insertion,"{""alpha"": 0.0, ""edges_added"": 0, ""edges_removed"": 0, ""graphs"": 5, ""graphs_skipped"": 0, ""graphs_success"": 5, ""label_source"": null, ""method"": ""edge_insertion"", ""perturbation_direction"": ""insertion"", ""perturbation_family"": ""edge"", ""rewires"": 0, ""triangles_affected"": 0}",0.0,0,diversity_curves_shortest_path,paper_faithful,"{""distance_metric"": ""shortest_path"", ""distribution_distance"": ""l2_between_mean_curves"", ""diversity_contraction_mode"": ""random_edge"", ""diversity_curve_definition"": ""shortest_path_spread"", ""diversity_repetitions"": 3, ""diversity_scale_count"": ""dataset_max_nodes"", ""diversity_scale_schedule"": ""all_integer_cardinalities"", ""diversity_upsampling_enabled"": true, ""implementation_mode"": ""paper_faithful"", ""method"": ""diversity_curves_shortest_path"", ""random_seed"": 0}",edge,insertion,,5,8,8,0,7,0.0,0.0,0.0,0.0,0.0,0.016422212996985763,0.015794754028320312,success,
erdos_renyi,"{""data_root"": """", ""dataset_name"": """", ""edge_probability"": 0.12, ""family"": ""erdos_renyi"", ""m"": 2, ""num_blocks"": 3, ""num_graphs"": 5, ""num_nodes"": 8, ""p_in"": 0.25, ""p_out"": 0.03, ""seed"": 0}",community_weakening,"{""alpha"": 0.0, ""edges_added"": 0, ""edges_removed"": 0, ""graphs"": 5, ""graphs_skipped"": 0, ""graphs_success"": 5, ""label_source"": ""detected"", ""method"": ""community_weakening"", ""perturbation_direction"": ""weakening"", ""perturbation_family"": ""community"", ""rewires"": 0, ""triangles_affected"": 0}",0.0,0,structural_statistics_mmd,descriptor_baseline,"{""bandwidth"": 10.0, ""feature_count"": 9, ""implementation_mode"": ""descriptor_baseline"", ""kernel"": ""rbf_mmd"", ""method"": ""structural_statistics_mmd""}",community,weakening,detected,5,8,8,1,6,0.0,0.0,0.0,0.0,0.0,0.0008642479951959103,0.00597381591796875,success,
erdos_renyi,"{""data_root"": """", ""dataset_name"": """", ""edge_probability"": 0.12, ""family"": ""erdos_renyi"", ""m"": 2, ""num_blocks"": 3, ""num_graphs"": 5, ""num_nodes"": 8, ""p_in"": 0.25, ""p_out"": 0.03, ""seed"": 0}",community_weakening,"{""alpha"": 0.0, ""edges_added"": 0, ""edges_removed"": 0, ""graphs"": 5, ""graphs_skipped"": 0, ""graphs_success"": 5, ""label_source"": ""detected"", ""method"": ""community_weakening"", ""perturbation_direction"": ""weakening"", ""perturbation_family"": ""community"", ""rewires"": 0, ""triangles_affected"": 0}",0.0,0,wl_subtree_kernel_mmd,paper_faithful,"{""implementation_mode"": ""paper_faithful"", ""method"": ""wl_subtree_kernel_mmd"", ""wl_compression"": ""shared_canonical_dictionary_per_comparison"", ""wl_feature_construction"": ""subtree_histograms_across_iterations"", ""wl_iterations"": 3, ""wl_kernel_distance_mode"": ""linear_mmd"", ""wl_label_initialization"": ""node_label_or_degree"", ""wl_node_label_key"": ""node_labels""}",community,weakening,detected,5,8,8,1,6,0.0,0.0,0.0,0.0,0.0,0.0013970000145491213,0.021698951721191406,success,
erdos_renyi,"{""data_root"": """", ""dataset_name"": """", ""edge_probability"": 0.12, ""family"": ""erdos_renyi"", ""m"": 2, ""num_blocks"": 3, ""num_graphs"": 5, ""num_nodes"": 8, ""p_in"": 0.25, ""p_out"": 0.03, ""seed"": 0}",community_weakening,"{""alpha"": 0.0, ""edges_added"": 0, ""edges_removed"": 0, ""graphs"": 5, ""graphs_skipped"": 0, ""graphs_success"": 5, ""label_source"": ""detected"", ""method"": ""community_weakening"", ""perturbation_direction"": ""weakening"", ""perturbation_family"": ""community"", ""rewires"": 0, ""triangles_affected"": 0}",0.0,0,native_netlsd,paper_faithful,"{""distribution_distance"": ""l2_between_mean_signatures"", ""eigenvalue_count"": ""all"", ""eigenvalue_mode"": ""full_spectrum"", ""heat_signature"": ""heat_trace"", ""implementation_mode"": ""paper_faithful"", ""laplacian_type"": ""normalized"", ""method"": ""native_netlsd"", ""netlsd_normalization"": ""empty"", ""netlsd_time_scale_count"": 250, ""netlsd_time_scale_max"": 100.0, ""netlsd_time_scale_min"": 0.01, ""netlsd_time_scale_schedule"": ""logspace""}",community,weakening,detected,5,8,8,1,6,0.0,0.0,0.0,0.0,0.0,0.024439618980977684,0.092193603515625,success,
erdos_renyi,"{""data_root"": """", ""dataset_name"": """", ""edge_probability"": 0.12, ""family"": ""erdos_renyi"", ""m"": 2, ""num_blocks"": 3, ""num_graphs"": 5, ""num_nodes"": 8, ""p_in"": 0.25, ""p_out"": 0.03, ""seed"": 0}",community_weakening,"{""alpha"": 0.0, ""edges_added"": 0, ""edges_removed"": 0, ""graphs"": 5, ""graphs_skipped"": 0, ""graphs_success"": 5, ""label_source"": ""detected"", ""method"": ""community_weakening"", ""perturbation_direction"": ""weakening"", ""perturbation_family"": ""community"", ""rewires"": 0, ""triangles_affected"": 0}",0.0,0,diversity_curves_shortest_path,paper_faithful,"{""distance_metric"": ""shortest_path"", ""distribution_distance"": ""l2_between_mean_curves"", ""diversity_contraction_mode"": ""random_edge"", ""diversity_curve_definition"": ""shortest_path_spread"", ""diversity_repetitions"": 3, ""diversity_scale_count"": ""dataset_max_nodes"", ""diversity_scale_schedule"": ""all_integer_cardinalities"", ""diversity_upsampling_enabled"": true, ""implementation_mode"": ""paper_faithful"", ""method"": ""diversity_curves_shortest_path"", ""random_seed"": 0}",community,weakening,detected,5,8,8,1,6,0.0,0.0,0.0,0.0,0.0,0.019840798020595685,0.014580726623535156,success,
stochastic_block_model,"{""data_root"": """", ""dataset_name"": """", ""edge_probability"": 0.1, ""family"": ""stochastic_block_model"", ""m"": 2, ""num_blocks"": 4, ""num_graphs"": 5, ""num_nodes"": 8, ""p_in"": 0.28, ""p_out"": 0.04, ""seed"": 0}",triangle_insertion,"{""alpha"": 1.0, ""edges_added"": 6, ""edges_removed"": 0, ""graphs"": 5, ""graphs_skipped"": 0, ""graphs_success"": 5, ""label_source"": null, ""method"": ""triangle_insertion"", ""perturbation_direction"": ""insertion"", ""perturbation_family"": ""triangle"", ""rewires"": 0, ""triangles_affected"": 6}",1.0,0,structural_statistics_mmd,descriptor_baseline,"{""bandwidth"": 10.0, ""feature_count"": 9, ""implementation_mode"": ""descriptor_baseline"", ""kernel"": ""rbf_mmd"", ""method"": ""structural_statistics_mmd""}",triangle,insertion,,5,8,8,0,12,0.035305497673217445,2.2569166678911716,2.307405212960029,1.2,1.2828402366863905,0.0010389939998276532,0.0054473876953125,success,
stochastic_block_model,"{""data_root"": """", ""dataset_name"": """", ""edge_probability"": 0.1, ""family"": ""stochastic_block_model"", ""m"": 2, ""num_blocks"": 4, ""num_graphs"": 5, ""num_nodes"": 8, ""p_in"": 0.28, ""p_out"": 0.04, ""seed"": 0}",triangle_insertion,"{""alpha"": 1.0, ""edges_added"": 6, ""edges_removed"": 0, ""graphs"": 5, ""graphs_skipped"": 0, ""graphs_success"": 5, ""label_source"": null, ""method"": ""triangle_insertion"", ""perturbation_direction"": ""insertion"", ""perturbation_family"": ""triangle"", ""rewires"": 0, ""triangles_affected"": 6}",1.0,0,wl_subtree_kernel_mmd,paper_faithful,"{""implementation_mode"": ""paper_faithful"", ""method"": ""wl_subtree_kernel_mmd"", ""wl_compression"": ""shared_canonical_dictionary_per_comparison"", ""wl_feature_construction"": ""subtree_histograms_across_iterations"", ""wl_iterations"": 3, ""wl_kernel_distance_mode"": ""linear_mmd"", ""wl_label_initialization"": ""node_label_or_degree"", ""wl_node_label_key"": ""node_labels""}",triangle,insertion,,5,8,8,0,12,4.320000000000001,2.078460969082653,3.0634558126201594,1.2,1.2828402366863905,0.0015561160107608885,0.021035194396972656,success,
stochastic_block_model,"{""data_root"": """", ""dataset_name"": """", ""edge_probability"": 0.1, ""family"": ""stochastic_block_model"", ""m"": 2, ""num_blocks"": 4, ""num_graphs"": 5, ""num_nodes"": 8, ""p_in"": 0.28, ""p_out"": 0.04, ""seed"": 0}",triangle_insertion,"{""alpha"": 1.0, ""edges_added"": 6, ""edges_removed"": 0, ""graphs"": 5, ""graphs_skipped"": 0, ""graphs_success"": 5, ""label_source"": null, ""method"": ""triangle_insertion"", ""perturbation_direction"": ""insertion"", ""perturbation_family"": ""triangle"", ""rewires"": 0, ""triangles_affected"": 6}",1.0,0,native_netlsd,paper_faithful,"{""distribution_distance"": ""l2_between_mean_signatures"", ""eigenvalue_count"": ""all"", ""eigenvalue_mode"": ""full_spectrum"", ""heat_signature"": ""heat_trace"", ""implementation_mode"": ""paper_faithful"", ""laplacian_type"": ""normalized"", ""method"": ""native_netlsd"", ""netlsd_normalization"": ""empty"", ""netlsd_time_scale_count"": 250, ""netlsd_time_scale_max"": 100.0, ""netlsd_time_scale_min"": 0.01, ""netlsd_time_scale_schedule"": ""logspace""}",triangle,insertion,,5,8,8,0,12,0.06346586585811721,0.06346586585811721,0.06442051363939949,1.2,1.2828402366863905,0.014797633019043133,0.09207916259765625,success,
stochastic_block_model,"{""data_root"": """", ""dataset_name"": """", ""edge_probability"": 0.1, ""family"": ""stochastic_block_model"", ""m"": 2, ""num_blocks"": 4, ""num_graphs"": 5, ""num_nodes"": 8, ""p_in"": 0.28, ""p_out"": 0.04, ""seed"": 0}",triangle_insertion,"{""alpha"": 1.0, ""edges_added"": 6, ""edges_removed"": 0, ""graphs"": 5, ""graphs_skipped"": 0, ""graphs_success"": 5, ""label_source"": null, ""method"": ""triangle_insertion"", ""perturbation_direction"": ""insertion"", ""perturbation_family"": ""triangle"", ""rewires"": 0, ""triangles_affected"": 6}",1.0,0,diversity_curves_shortest_path,paper_faithful,"{""distance_metric"": ""shortest_path"", ""distribution_distance"": ""l2_between_mean_curves"", ""diversity_contraction_mode"": ""random_edge"", ""diversity_curve_definition"": ""shortest_path_spread"", ""diversity_repetitions"": 3, ""diversity_scale_count"": ""dataset_max_nodes"", ""diversity_scale_schedule"": ""all_integer_cardinalities"", ""diversity_upsampling_enabled"": true, ""implementation_mode"": ""paper_faithful"", ""method"": ""diversity_curves_shortest_path"", ""random_seed"": 0}",triangle,insertion,,5,8,8,0,12,0.20040301651761377,0.20040301651761377,0.20893025876166654,1.2,1.2828402366863905,0.01648952200775966,0.022617340087890625,success,
stochastic_block_model,"{""data_root"": """", ""dataset_name"": """", ""edge_probability"": 0.1, ""family"": ""stochastic_block_model"", ""m"": 2, ""num_blocks"": 4, ""num_graphs"": 5, ""num_nodes"": 8, ""p_in"": 0.28, ""p_out"": 0.04, ""seed"": 0}",edge_deletion,"{""alpha"": 1.0, ""edges_added"": 0, ""edges_removed"": 11, ""graphs"": 5, ""graphs_skipped"": 0, ""graphs_success"": 5, ""label_source"": null, ""method"": ""edge_deletion"", ""perturbation_direction"": ""deletion"", ""perturbation_family"": ""edge"", ""rewires"": 0, ""triangles_affected"": 0}",1.0,0,structural_statistics_mmd,descriptor_baseline,"{""bandwidth"": 10.0, ""feature_count"": 9, ""implementation_mode"": ""descriptor_baseline"", ""kernel"": ""rbf_mmd"", ""method"": ""structural_statistics_mmd""}",edge,deletion,,5,8,8,0,7,0.07372882448257334,3.0360467254948094,3.042313961270563,2.2,2.422485207100592,0.0008940740081015974,0.00583648681640625,success,
stochastic_block_model,"{""data_root"": """", ""dataset_name"": """", ""edge_probability"": 0.1, ""family"": ""stochastic_block_model"", ""m"": 2, ""num_blocks"": 4, ""num_graphs"": 5, ""num_nodes"": 8, ""p_in"": 0.28, ""p_out"": 0.04, ""seed"": 0}",edge_deletion,"{""alpha"": 1.0, ""edges_added"": 0, ""edges_removed"": 11, ""graphs"": 5, ""graphs_skipped"": 0, ""graphs_success"": 5, ""label_source"": null, ""method"": ""edge_deletion"", ""perturbation_direction"": ""deletion"", ""perturbation_family"": ""edge"", ""rewires"": 0, ""triangles_affected"": 0}",1.0,0,wl_subtree_kernel_mmd,paper_faithful,"{""implementation_mode"": ""paper_faithful"", ""method"": ""wl_subtree_kernel_mmd"", ""wl_compression"": ""shared_canonical_dictionary_per_comparison"", ""wl_feature_construction"": ""subtree_histograms_across_iterations"", ""wl_iterations"": 3, ""wl_kernel_distance_mode"": ""linear_mmd"", ""wl_label_initialization"": ""node_label_or_degree"", ""wl_node_label_key"": ""node_labels""}",edge,deletion,,5,8,8,0,7,46.32,6.805879810869422,7.32591555453193,2.2,2.422485207100592,0.0015094190021045506,0.01625823974609375,success,
stochastic_block_model,"{""data_root"": """", ""dataset_name"": """", ""edge_probability"": 0.1, ""family"": ""stochastic_block_model"", ""m"": 2, ""num_blocks"": 4, ""num_graphs"": 5, ""num_nodes"": 8, ""p_in"": 0.28, ""p_out"": 0.04, ""seed"": 0}",edge_deletion,"{""alpha"": 1.0, ""edges_added"": 0, ""edges_removed"": 11, ""graphs"": 5, ""graphs_skipped"": 0, ""graphs_success"": 5, ""label_source"": null, ""method"": ""edge_deletion"", ""perturbation_direction"": ""deletion"", ""perturbation_family"": ""edge"", ""rewires"": 0, ""triangles_affected"": 0}",1.0,0,native_netlsd,paper_faithful,"{""distribution_distance"": ""l2_between_mean_signatures"", ""eigenvalue_count"": ""all"", ""eigenvalue_mode"": ""full_spectrum"", ""heat_signature"": ""heat_trace"", ""implementation_mode"": ""paper_faithful"", ""laplacian_type"": ""normalized"", ""method"": ""native_netlsd"", ""netlsd_normalization"": ""empty"", ""netlsd_time_scale_count"": 250, ""netlsd_time_scale_max"": 100.0, ""netlsd_time_scale_min"": 0.01, ""netlsd_time_scale_schedule"": ""logspace""}",edge,deletion,,5,8,8,0,7,2.8200964702151037,2.8200964702151037,2.8224134396148512,2.2,2.422485207100592,0.01289377300417982,0.09207916259765625,success,
stochastic_block_model,"{""data_root"": """", ""dataset_name"": """", ""edge_probability"": 0.1, ""family"": ""stochastic_block_model"", ""m"": 2, ""num_blocks"": 4, ""num_graphs"": 5, ""num_nodes"": 8, ""p_in"": 0.28, ""p_out"": 0.04, ""seed"": 0}",edge_deletion,"{""alpha"": 1.0, ""edges_added"": 0, ""edges_removed"": 11, ""graphs"": 5, ""graphs_skipped"": 0, ""graphs_success"": 5, ""label_source"": null, ""method"": ""edge_deletion"", ""perturbation_direction"": ""deletion"", ""perturbation_family"": ""edge"", ""rewires"": 0, ""triangles_affected"": 0}",1.0,0,diversity_curves_shortest_path,paper_faithful,"{""distance_metric"": ""shortest_path"", ""distribution_distance"": ""l2_between_mean_curves"", ""diversity_contraction_mode"": ""random_edge"", ""diversity_curve_definition"": ""shortest_path_spread"", ""diversity_repetitions"": 3, ""diversity_scale_count"": ""dataset_max_nodes"", ""diversity_scale_schedule"": ""all_integer_cardinalities"", ""diversity_upsampling_enabled"": true, ""implementation_mode"": ""paper_faithful"", ""method"": ""diversity_curves_shortest_path"", ""random_seed"": 0}",edge,deletion,,5,8,8,0,7,1.476792657394439,1.476792657394439,1.5732537690007535,2.2,2.422485207100592,0.011750240984838456,0.013734817504882812,success,
stochastic_block_model,"{""data_root"": """", ""dataset_name"": """", ""edge_probability"": 0.1, ""family"": ""stochastic_block_model"", ""m"": 2, ""num_blocks"": 4, ""num_graphs"": 5, ""num_nodes"": 8, ""p_in"": 0.28, ""p_out"": 0.04, ""seed"": 0}",edge_insertion,"{""alpha"": 0.5, ""edges_added"": 4, ""edges_removed"": 0, ""graphs"": 5, ""graphs_skipped"": 0, ""graphs_success"": 5, ""label_source"": null, ""method"": ""edge_insertion"", ""perturbation_direction"": ""insertion"", ""perturbation_family"": ""edge"", ""rewires"": 0, ""triangles_affected"": 0}",0.5,0,structural_statistics_mmd,descriptor_baseline,"{""bandwidth"": 10.0, ""feature_count"": 9, ""implementation_mode"": ""descriptor_baseline"", ""kernel"": ""rbf_mmd"", ""method"": ""structural_statistics_mmd""}",edge,insertion,,5,8,8,0,10,0.006031232251447749,0.9169603734789264,0.938061955701716,0.8,0.8,0.0016180769889615476,0.0054473876953125,success,
stochastic_block_model,"{""data_root"": """", ""dataset_name"": """", ""edge_probability"": 0.1, ""family"": ""stochastic_block_model"", ""m"": 2, ""num_blocks"": 4, ""num_graphs"": 5, ""num_nodes"": 8, ""p_in"": 0.28, ""p_out"": 0.04, ""seed"": 0}",edge_insertion,"{""alpha"": 0.5, ""edges_added"": 4, ""edges_removed"": 0, ""graphs"": 5, ""graphs_skipped"": 0, ""graphs_success"": 5, ""label_source"": null, ""method"": ""edge_insertion"", ""perturbation_direction"": ""insertion"", ""perturbation_family"": ""edge"", ""rewires"": 0, ""triangles_affected"": 0}",0.5,0,wl_subtree_kernel_mmd,paper_faithful,"{""implementation_mode"": ""paper_faithful"", ""method"": ""wl_subtree_kernel_mmd"", ""wl_compression"": ""shared_canonical_dictionary_per_comparison"", ""wl_feature_construction"": ""subtree_histograms_across_iterations"", ""wl_iterations"": 3, ""wl_kernel_distance_mode"": ""linear_mmd"", ""wl_label_initialization"": ""node_label_or_degree"", ""wl_node_label_key"": ""node_labels""}",edge,insertion,,5,8,8,0,10,3.1200000000000014,1.7663521732655698,2.9424478775259595,0.8,0.8,0.002439451025566086,0.020743370056152344,success,
stochastic_block_model,"{""data_root"": """", ""dataset_name"": """", ""edge_probability"": 0.1, ""family"": ""stochastic_block_model"", ""m"": 2, ""num_blocks"": 4, ""num_graphs"": 5, ""num_nodes"": 8, ""p_in"": 0.28, ""p_out"": 0.04, ""seed"": 0}",edge_insertion,"{""alpha"": 0.5, ""edges_added"": 4, ""edges_removed"": 0, ""graphs"": 5, ""graphs_skipped"": 0, ""graphs_success"": 5, ""label_source"": null, ""method"": ""edge_insertion"", ""perturbation_direction"": ""insertion"", ""perturbation_family"": ""edge"", ""rewires"": 0, ""triangles_affected"": 0}",0.5,0,native_netlsd,paper_faithful,"{""distribution_distance"": ""l2_between_mean_signatures"", ""eigenvalue_count"": ""all"", ""eigenvalue_mode"": ""full_spectrum"", ""heat_signature"": ""heat_trace"", ""implementation_mode"": ""paper_faithful"", ""laplacian_type"": ""normalized"", ""method"": ""native_netlsd"", ""netlsd_normalization"": ""empty"", ""netlsd_time_scale_count"": 250, ""netlsd_time_scale_max"": 100.0, ""netlsd_time_scale_min"": 0.01, ""netlsd_time_scale_schedule"": ""logspace""}",edge,insertion,,5,8,8,0,10,0.551435329934832,0.551435329934832,0.5581698955021885,0.8,0.8,0.01813218998722732,0.09207916259765625,success,
stochastic_block_model,"{""data_root"": """", ""dataset_name"": """", ""edge_probability"": 0.1, ""family"": ""stochastic_block_model"", ""m"": 2, ""num_blocks"": 4, ""num_graphs"": 5, ""num_nodes"": 8, ""p_in"": 0.28, ""p_out"": 0.04, ""seed"": 0}",edge_insertion,"{""alpha"": 0.5, ""edges_added"": 4, ""edges_removed"": 0, ""graphs"": 5, ""graphs_skipped"": 0, ""graphs_success"": 5, ""label_source"": null, ""method"": ""edge_insertion"", ""perturbation_direction"": ""insertion"", ""perturbation_family"": ""edge"", ""rewires"": 0, ""triangles_affected"": 0}",0.5,0,diversity_curves_shortest_path,paper_faithful,"{""distance_metric"": ""shortest_path"", ""distribution_distance"": ""l2_between_mean_curves"", ""diversity_contraction_mode"": ""random_edge"", ""diversity_curve_definition"": ""shortest_path_spread"", ""diversity_repetitions"": 3, ""diversity_scale_count"": ""dataset_max_nodes"", ""diversity_scale_schedule"": ""all_integer_cardinalities"", ""diversity_upsampling_enabled"": true, ""implementation_mode"": ""paper_faithful"", ""method"": ""diversity_curves_shortest_path"", ""random_seed"": 0}",edge,insertion,,5,8,8,0,10,0.6204713775965056,0.6204713775965056,0.6563335063309667,0.8,0.8,0.021731643995735794,0.01872730255126953,success,
stochastic_block_model,"{""data_root"": """", ""dataset_name"": """", ""edge_probability"": 0.1, ""family"": ""stochastic_block_model"", ""m"": 2, ""num_blocks"": 4, ""num_graphs"": 5, ""num_nodes"": 8, ""p_in"": 0.28, ""p_out"": 0.04, ""seed"": 0}",triangle_deletion,"{""alpha"": 1.0, ""edges_added"": 0, ""edges_removed"": 0, ""graphs"": 5, ""graphs_skipped"": 0, ""graphs_success"": 5, ""label_source"": null, ""method"": ""triangle_deletion"", ""perturbation_direction"": ""deletion"", ""perturbation_family"": ""triangle"", ""rewires"": 0, ""triangles_affected"": 0}",1.0,0,structural_statistics_mmd,descriptor_baseline,"{""bandwidth"": 10.0, ""feature_count"": 9, ""implementation_mode"": ""descriptor_baseline"", ""kernel"": ""rbf_mmd"", ""method"": ""structural_statistics_mmd""}",triangle,deletion,,5,8,8,0,7,0.0,0.0,0.0,0.0,0.0,0.0009406409808434546,0.006134033203125,success,
stochastic_block_model,"{""data_root"": """", ""dataset_name"": """", ""edge_probability"": 0.1, ""family"": ""stochastic_block_model"", ""m"": 2, ""num_blocks"": 4, ""num_graphs"": 5, ""num_nodes"": 8, ""p_in"": 0.28, ""p_out"": 0.04, ""seed"": 0}",triangle_deletion,"{""alpha"": 1.0, ""edges_added"": 0, ""edges_removed"": 0, ""graphs"": 5, ""graphs_skipped"": 0, ""graphs_success"": 5, ""label_source"": null, ""method"": ""triangle_deletion"", ""perturbation_direction"": ""deletion"", ""perturbation_family"": ""triangle"", ""rewires"": 0, ""triangles_affected"": 0}",1.0,0,wl_subtree_kernel_mmd,paper_faithful,"{""implementation_mode"": ""paper_faithful"", ""method"": ""wl_subtree_kernel_mmd"", ""wl_compression"": ""shared_canonical_dictionary_per_comparison"", ""wl_feature_construction"": ""subtree_histograms_across_iterations"", ""wl_iterations"": 3, ""wl_kernel_distance_mode"": ""linear_mmd"", ""wl_label_initialization"": ""node_label_or_degree"", ""wl_node_label_key"": ""node_labels""}",triangle,deletion,,5,8,8,0,7,0.0,0.0,0.0,0.0,0.0,0.001782698993338272,0.019594192504882812,success,
stochastic_block_model,"{""data_root"": """", ""dataset_name"": """", ""edge_probability"": 0.1, ""family"": ""stochastic_block_model"", ""m"": 2, ""num_blocks"": 4, ""num_graphs"": 5, ""num_nodes"": 8, ""p_in"": 0.28, ""p_out"": 0.04, ""seed"": 0}",triangle_deletion,"{""alpha"": 1.0, ""edges_added"": 0, ""edges_removed"": 0, ""graphs"": 5, ""graphs_skipped"": 0, ""graphs_success"": 5, ""label_source"": null, ""method"": ""triangle_deletion"", ""perturbation_direction"": ""deletion"", ""perturbation_family"": ""triangle"", ""rewires"": 0, ""triangles_affected"": 0}",1.0,0,native_netlsd,paper_faithful,"{""distribution_distance"": ""l2_between_mean_signatures"", ""eigenvalue_count"": ""all"", ""eigenvalue_mode"": ""full_spectrum"", ""heat_signature"": ""heat_trace"", ""implementation_mode"": ""paper_faithful"", ""laplacian_type"": ""normalized"", ""method"": ""native_netlsd"", ""netlsd_normalization"": ""empty"", ""netlsd_time_scale_count"": 250, ""netlsd_time_scale_max"": 100.0, ""netlsd_time_scale_min"": 0.01, ""netlsd_time_scale_schedule"": ""logspace""}",triangle,deletion,,5,8,8,0,7,0.0,0.0,0.0,0.0,0.0,0.014769436995266005,0.09207916259765625,success,
stochastic_block_model,"{""data_root"": """", ""dataset_name"": """", ""edge_probability"": 0.1, ""family"": ""stochastic_block_model"", ""m"": 2, ""num_blocks"": 4, ""num_graphs"": 5, ""num_nodes"": 8, ""p_in"": 0.28, ""p_out"": 0.04, ""seed"": 0}",triangle_deletion,"{""alpha"": 1.0, ""edges_added"": 0, ""edges_removed"": 0, ""graphs"": 5, ""graphs_skipped"": 0, ""graphs_success"": 5, ""label_source"": null, ""method"": ""triangle_deletion"", ""perturbation_direction"": ""deletion"", ""perturbation_family"": ""triangle"", ""rewires"": 0, ""triangles_affected"": 0}",1.0,0,diversity_curves_shortest_path,paper_faithful,"{""distance_metric"": ""shortest_path"", ""distribution_distance"": ""l2_between_mean_curves"", ""diversity_contraction_mode"": ""random_edge"", ""diversity_curve_definition"": ""shortest_path_spread"", ""diversity_repetitions"": 3, ""diversity_scale_count"": ""dataset_max_nodes"", ""diversity_scale_schedule"": ""all_integer_cardinalities"", ""diversity_upsampling_enabled"": true, ""implementation_mode"": ""paper_faithful"", ""method"": ""diversity_curves_shortest_path"", ""random_seed"": 0}",triangle,deletion,,5,8,8,0,7,0.0,0.0,0.0,0.0,0.0,0.015527109993854538,0.014696121215820312,success,
stochastic_block_model,"{""data_root"": """", ""dataset_name"": """", ""edge_probability"": 0.1, ""family"": ""stochastic_block_model"", ""m"": 2, ""num_blocks"": 4, ""num_graphs"": 5, ""num_nodes"": 8, ""p_in"": 0.28, ""p_out"": 0.04, ""seed"": 0}",triangle_insertion,"{""alpha"": 0.5, ""edges_added"": 4, ""edges_removed"": 0, ""graphs"": 5, ""graphs_skipped"": 0, ""graphs_success"": 5, ""label_source"": null, ""method"": ""triangle_insertion"", ""perturbation_direction"": ""insertion"", ""perturbation_family"": ""triangle"", ""rewires"": 0, ""triangles_affected"": 4}",0.5,0,structural_statistics_mmd,descriptor_baseline,"{""bandwidth"": 10.0, ""feature_count"": 9, ""implementation_mode"": ""descriptor_baseline"", ""kernel"": ""rbf_mmd"", ""method"": ""structural_statistics_mmd""}",triangle,insertion,,5,8,8,0,10,0.01208686108510948,1.219625258419592,1.252810978901747,0.8,0.8568047337278106,0.0009287889988627285,0.0054473876953125,success,
stochastic_block_model,"{""data_root"": """", ""dataset_name"": """", ""edge_probability"": 0.1, ""family"": ""stochastic_block_model"", ""m"": 2, ""num_blocks"": 4, ""num_graphs"": 5, ""num_nodes"": 8, ""p_in"": 0.28, ""p_out"": 0.04, ""seed"": 0}",triangle_insertion,"{""alpha"": 0.5, ""edges_added"": 4, ""edges_removed"": 0, ""graphs"": 5, ""graphs_skipped"": 0, ""graphs_success"": 5, ""label_source"": null, ""method"": ""triangle_insertion"", ""perturbation_direction"": ""insertion"", ""perturbation_family"": ""triangle"", ""rewires"": 0, ""triangles_affected"": 4}",0.5,0,wl_subtree_kernel_mmd,paper_faithful,"{""implementation_mode"": ""paper_faithful"", ""method"": ""wl_subtree_kernel_mmd"", ""wl_compression"": ""shared_canonical_dictionary_per_comparison"", ""wl_feature_construction"": ""subtree_histograms_across_iterations"", ""wl_iterations"": 3, ""wl_kernel_distance_mode"": ""linear_mmd"", ""wl_label_initialization"": ""node_label_or_degree"", ""wl_node_label_key"": ""node_labels""}",triangle,insertion,,5,8,8,0,10,4.320000000000001,2.078460969082653,3.014213562373095,0.8,0.8568047337278106,0.0017102629935834557,0.019666671752929688,success,
stochastic_block_model,"{""data_root"": """", ""dataset_name"": """", ""edge_probability"": 0.1, ""family"": ""stochastic_block_model"", ""m"": 2, ""num_blocks"": 4, ""num_graphs"": 5, ""num_nodes"": 8, ""p_in"": 0.28, ""p_out"": 0.04, ""seed"": 0}",triangle_insertion,"{""alpha"": 0.5, ""edges_added"": 4, ""edges_removed"": 0, ""graphs"": 5, ""graphs_skipped"": 0, ""graphs_success"": 5, ""label_source"": null, ""method"": ""triangle_insertion"", ""perturbation_direction"": ""insertion"", ""perturbation_family"": ""triangle"", ""rewires"": 0, ""triangles_affected"": 4}",0.5,0,native_netlsd,paper_faithful,"{""distribution_distance"": ""l2_between_mean_signatures"", ""eigenvalue_count"": ""all"", ""eigenvalue_mode"": ""full_spectrum"", ""heat_signature"": ""heat_trace"", ""implementation_mode"": ""paper_faithful"", ""laplacian_type"": ""normalized"", ""method"": ""native_netlsd"", ""netlsd_normalization"": ""empty"", ""netlsd_time_scale_count"": 250, ""netlsd_time_scale_max"": 100.0, ""netlsd_time_scale_min"": 0.01, ""netlsd_time_scale_schedule"": ""logspace""}",triangle,insertion,,5,8,8,0,10,0.05431581276089291,0.05431581276089291,0.05548072816469576,0.8,0.8568047337278106,0.015234549005981535,0.09207916259765625,success,
stochastic_block_model,"{""data_root"": """", ""dataset_name"": """", ""edge_probability"": 0.1, ""family"": ""stochastic_block_model"", ""m"": 2, ""num_blocks"": 4, ""num_graphs"": 5, ""num_nodes"": 8, ""p_in"": 0.28, ""p_out"": 0.04, ""seed"": 0}",triangle_insertion,"{""alpha"": 0.5, ""edges_added"": 4, ""edges_removed"": 0, ""graphs"": 5, ""graphs_skipped"": 0, ""graphs_success"": 5, ""label_source"": null, ""method"": ""triangle_insertion"", ""perturbation_direction"": ""insertion"", ""perturbation_family"": ""triangle"", ""rewires"": 0, ""triangles_affected"": 4}",0.5,0,diversity_curves_shortest_path,paper_faithful,"{""distance_metric"": ""shortest_path"", ""distribution_distance"": ""l2_between_mean_curves"", ""diversity_contraction_mode"": ""random_edge"", ""diversity_curve_definition"": ""shortest_path_spread"", ""diversity_repetitions"": 3, ""diversity_scale_count"": ""dataset_max_nodes"", ""diversity_scale_schedule"": ""all_integer_cardinalities"", ""diversity_upsampling_enabled"": true, ""implementation_mode"": ""paper_faithful"", ""method"": ""diversity_curves_shortest_path"", ""random_seed"": 0}",triangle,insertion,,5,8,8,0,10,0.14474075663999747,0.14474075663999747,0.15201245844203476,0.8,0.8568047337278106,0.01622897500055842,0.01815509796142578,success,
stochastic_block_model,"{""data_root"": """", ""dataset_name"": """", ""edge_probability"": 0.1, ""family"": ""stochastic_block_model"", ""m"": 2, ""num_blocks"": 4, ""num_graphs"": 5, ""num_nodes"": 8, ""p_in"": 0.28, ""p_out"": 0.04, ""seed"": 0}",triangle_deletion,"{""alpha"": 0.0, ""edges_added"": 0, ""edges_removed"": 0, ""graphs"": 5, ""graphs_skipped"": 0, ""graphs_success"": 5, ""label_source"": null, ""method"": ""triangle_deletion"", ""perturbation_direction"": ""deletion"", ""perturbation_family"": ""triangle"", ""rewires"": 0, ""triangles_affected"": 0}",0.0,0,structural_statistics_mmd,descriptor_baseline,"{""bandwidth"": 10.0, ""feature_count"": 9, ""implementation_mode"": ""descriptor_baseline"", ""kernel"": ""rbf_mmd"", ""method"": ""structural_statistics_mmd""}",triangle,deletion,,5,8,8,0,7,0.0,0.0,0.0,0.0,0.0,0.0009156640153378248,0.006134033203125,success,
stochastic_block_model,"{""data_root"": """", ""dataset_name"": """", ""edge_probability"": 0.1, ""family"": ""stochastic_block_model"", ""m"": 2, ""num_blocks"": 4, ""num_graphs"": 5, ""num_nodes"": 8, ""p_in"": 0.28, ""p_out"": 0.04, ""seed"": 0}",triangle_deletion,"{""alpha"": 0.0, ""edges_added"": 0, ""edges_removed"": 0, ""graphs"": 5, ""graphs_skipped"": 0, ""graphs_success"": 5, ""label_source"": null, ""method"": ""triangle_deletion"", ""perturbation_direction"": ""deletion"", ""perturbation_family"": ""triangle"", ""rewires"": 0, ""triangles_affected"": 0}",0.0,0,wl_subtree_kernel_mmd,paper_faithful,"{""implementation_mode"": ""paper_faithful"", ""method"": ""wl_subtree_kernel_mmd"", ""wl_compression"": ""shared_canonical_dictionary_per_comparison"", ""wl_feature_construction"": ""subtree_histograms_across_iterations"", ""wl_iterations"": 3, ""wl_kernel_distance_mode"": ""linear_mmd"", ""wl_label_initialization"": ""node_label_or_degree"", ""wl_node_label_key"": ""node_labels""}",triangle,deletion,,5,8,8,0,7,0.0,0.0,0.0,0.0,0.0,0.0017443569959141314,0.019594192504882812,success,
stochastic_block_model,"{""data_root"": """", ""dataset_name"": """", ""edge_probability"": 0.1, ""family"": ""stochastic_block_model"", ""m"": 2, ""num_blocks"": 4, ""num_graphs"": 5, ""num_nodes"": 8, ""p_in"": 0.28, ""p_out"": 0.04, ""seed"": 0}",triangle_deletion,"{""alpha"": 0.0, ""edges_added"": 0, ""edges_removed"": 0, ""graphs"": 5, ""graphs_skipped"": 0, ""graphs_success"": 5, ""label_source"": null, ""method"": ""triangle_deletion"", ""perturbation_direction"": ""deletion"", ""perturbation_family"": ""triangle"", ""rewires"": 0, ""triangles_affected"": 0}",0.0,0,native_netlsd,paper_faithful,"{""distribution_distance"": ""l2_between_mean_signatures"", ""eigenvalue_count"": ""all"", ""eigenvalue_mode"": ""full_spectrum"", ""heat_signature"": ""heat_trace"", ""implementation_mode"": ""paper_faithful"", ""laplacian_type"": ""normalized"", ""method"": ""native_netlsd"", ""netlsd_normalization"": ""empty"", ""netlsd_time_scale_count"": 250, ""netlsd_time_scale_max"": 100.0, ""netlsd_time_scale_min"": 0.01, ""netlsd_time_scale_schedule"": ""logspace""}",triangle,deletion,,5,8,8,0,7,0.0,0.0,0.0,0.0,0.0,0.016981793014565483,0.09207916259765625,success,
stochastic_block_model,"{""data_root"": """", ""dataset_name"": """", ""edge_probability"": 0.1, ""family"": ""stochastic_block_model"", ""m"": 2, ""num_blocks"": 4, ""num_graphs"": 5, ""num_nodes"": 8, ""p_in"": 0.28, ""p_out"": 0.04, ""seed"": 0}",triangle_deletion,"{""alpha"": 0.0, ""edges_added"": 0, ""edges_removed"": 0, ""graphs"": 5, ""graphs_skipped"": 0, ""graphs_success"": 5, ""label_source"": null, ""method"": ""triangle_deletion"", ""perturbation_direction"": ""deletion"", ""perturbation_family"": ""triangle"", ""rewires"": 0, ""triangles_affected"": 0}",0.0,0,diversity_curves_shortest_path,paper_faithful,"{""distance_metric"": ""shortest_path"", ""distribution_distance"": ""l2_between_mean_curves"", ""diversity_contraction_mode"": ""random_edge"", ""diversity_curve_definition"": ""shortest_path_spread"", ""diversity_repetitions"": 3, ""diversity_scale_count"": ""dataset_max_nodes"", ""diversity_scale_schedule"": ""all_integer_cardinalities"", ""diversity_upsampling_enabled"": true, ""implementation_mode"": ""paper_faithful"", ""method"": ""diversity_curves_shortest_path"", ""random_seed"": 0}",triangle,deletion,,5,8,8,0,7,0.0,0.0,0.0,0.0,0.0,0.015613547002431005,0.014696121215820312,success,
stochastic_block_model,"{""data_root"": """", ""dataset_name"": """", ""edge_probability"": 0.1, ""family"": ""stochastic_block_model"", ""m"": 2, ""num_blocks"": 4, ""num_graphs"": 5, ""num_nodes"": 8, ""p_in"": 0.28, ""p_out"": 0.04, ""seed"": 0}",triangle_deletion,"{""alpha"": 0.5, ""edges_added"": 0, ""edges_removed"": 0, ""graphs"": 5, ""graphs_skipped"": 0, ""graphs_success"": 5, ""label_source"": null, ""method"": ""triangle_deletion"", ""perturbation_direction"": ""deletion"", ""perturbation_family"": ""triangle"", ""rewires"": 0, ""triangles_affected"": 0}",0.5,0,structural_statistics_mmd,descriptor_baseline,"{""bandwidth"": 10.0, ""feature_count"": 9, ""implementation_mode"": ""descriptor_baseline"", ""kernel"": ""rbf_mmd"", ""method"": ""structural_statistics_mmd""}",triangle,deletion,,5,8,8,0,7,0.0,0.0,0.0,0.0,0.0,0.0016597399953752756,0.006134033203125,success,
stochastic_block_model,"{""data_root"": """", ""dataset_name"": """", ""edge_probability"": 0.1, ""family"": ""stochastic_block_model"", ""m"": 2, ""num_blocks"": 4, ""num_graphs"": 5, ""num_nodes"": 8, ""p_in"": 0.28, ""p_out"": 0.04, ""seed"": 0}",triangle_deletion,"{""alpha"": 0.5, ""edges_added"": 0, ""edges_removed"": 0, ""graphs"": 5, ""graphs_skipped"": 0, ""graphs_success"": 5, ""label_source"": null, ""method"": ""triangle_deletion"", ""perturbation_direction"": ""deletion"", ""perturbation_family"": ""triangle"", ""rewires"": 0, ""triangles_affected"": 0}",0.5,0,wl_subtree_kernel_mmd,paper_faithful,"{""implementation_mode"": ""paper_faithful"", ""method"": ""wl_subtree_kernel_mmd"", ""wl_compression"": ""shared_canonical_dictionary_per_comparison"", ""wl_feature_construction"": ""subtree_histograms_across_iterations"", ""wl_iterations"": 3, ""wl_kernel_distance_mode"": ""linear_mmd"", ""wl_label_initialization"": ""node_label_or_degree"", ""wl_node_label_key"": ""node_labels""}",triangle,deletion,,5,8,8,0,7,0.0,0.0,0.0,0.0,0.0,0.0018926530028693378,0.019594192504882812,success,
stochastic_block_model,"{""data_root"": """", ""dataset_name"": """", ""edge_probability"": 0.1, ""family"": ""stochastic_block_model"", ""m"": 2, ""num_blocks"": 4, ""num_graphs"": 5, ""num_nodes"": 8, ""p_in"": 0.28, ""p_out"": 0.04, ""seed"": 0}",triangle_deletion,"{""alpha"": 0.5, ""edges_added"": 0, ""edges_removed"": 0, ""graphs"": 5, ""graphs_skipped"": 0, ""graphs_success"": 5, ""label_source"": null, ""method"": ""triangle_deletion"", ""perturbation_direction"": ""deletion"", ""perturbation_family"": ""triangle"", ""rewires"": 0, ""triangles_affected"": 0}",0.5,0,native_netlsd,paper_faithful,"{""distribution_distance"": ""l2_between_mean_signatures"", ""eigenvalue_count"": ""all"", ""eigenvalue_mode"": ""full_spectrum"", ""heat_signature"": ""heat_trace"", ""implementation_mode"": ""paper_faithful"", ""laplacian_type"": ""normalized"", ""method"": ""native_netlsd"", ""netlsd_normalization"": ""empty"", ""netlsd_time_scale_count"": 250, ""netlsd_time_scale_max"": 100.0, ""netlsd_time_scale_min"": 0.01, ""netlsd_time_scale_schedule"": ""logspace""}",triangle,deletion,,5,8,8,0,7,0.0,0.0,0.0,0.0,0.0,0.014266770012909546,0.09207916259765625,success,
stochastic_block_model,"{""data_root"": """", ""dataset_name"": """", ""edge_probability"": 0.1, ""family"": ""stochastic_block_model"", ""m"": 2, ""num_blocks"": 4, ""num_graphs"": 5, ""num_nodes"": 8, ""p_in"": 0.28, ""p_out"": 0.04, ""seed"": 0}",triangle_deletion,"{""alpha"": 0.5, ""edges_added"": 0, ""edges_removed"": 0, ""graphs"": 5, ""graphs_skipped"": 0, ""graphs_success"": 5, ""label_source"": null, ""method"": ""triangle_deletion"", ""perturbation_direction"": ""deletion"", ""perturbation_family"": ""triangle"", ""rewires"": 0, ""triangles_affected"": 0}",0.5,0,diversity_curves_shortest_path,paper_faithful,"{""distance_metric"": ""shortest_path"", ""distribution_distance"": ""l2_between_mean_curves"", ""diversity_contraction_mode"": ""random_edge"", ""diversity_curve_definition"": ""shortest_path_spread"", ""diversity_repetitions"": 3, ""diversity_scale_count"": ""dataset_max_nodes"", ""diversity_scale_schedule"": ""all_integer_cardinalities"", ""diversity_upsampling_enabled"": true, ""implementation_mode"": ""paper_faithful"", ""method"": ""diversity_curves_shortest_path"", ""random_seed"": 0}",triangle,deletion,,5,8,8,0,7,0.0,0.0,0.0,0.0,0.0,0.01382185600232333,0.014696121215820312,success,
stochastic_block_model,"{""data_root"": """", ""dataset_name"": """", ""edge_probability"": 0.1, ""family"": ""stochastic_block_model"", ""m"": 2, ""num_blocks"": 4, ""num_graphs"": 5, ""num_nodes"": 8, ""p_in"": 0.28, ""p_out"": 0.04, ""seed"": 0}",edge_insertion,"{""alpha"": 1.0, ""edges_added"": 11, ""edges_removed"": 0, ""graphs"": 5, ""graphs_skipped"": 0, ""graphs_success"": 5, ""label_source"": null, ""method"": ""edge_insertion"", ""perturbation_direction"": ""insertion"", ""perturbation_family"": ""edge"", ""rewires"": 0, ""triangles_affected"": 0}",1.0,0,structural_statistics_mmd,descriptor_baseline,"{""bandwidth"": 10.0, ""feature_count"": 9, ""implementation_mode"": ""descriptor_baseline"", ""kernel"": ""rbf_mmd"", ""method"": ""structural_statistics_mmd""}",edge,insertion,,5,8,8,0,14,0.034974740567835116,2.613553726920453,2.824485058565794,2.2,2.2,0.0009974960121326149,0.005218505859375,success,
stochastic_block_model,"{""data_root"": """", ""dataset_name"": """", ""edge_probability"": 0.1, ""family"": ""stochastic_block_model"", ""m"": 2, ""num_blocks"": 4, ""num_graphs"": 5, ""num_nodes"": 8, ""p_in"": 0.28, ""p_out"": 0.04, ""seed"": 0}",edge_insertion,"{""alpha"": 1.0, ""edges_added"": 11, ""edges_removed"": 0, ""graphs"": 5, ""graphs_skipped"": 0, ""graphs_success"": 5, ""label_source"": null, ""method"": ""edge_insertion"", ""perturbation_direction"": ""insertion"", ""perturbation_family"": ""edge"", ""rewires"": 0, ""triangles_affected"": 0}",1.0,0,wl_subtree_kernel_mmd,paper_faithful,"{""implementation_mode"": ""paper_faithful"", ""method"": ""wl_subtree_kernel_mmd"", ""wl_compression"": ""shared_canonical_dictionary_per_comparison"", ""wl_feature_construction"": ""subtree_histograms_across_iterations"", ""wl_iterations"": 3, ""wl_kernel_distance_mode"": ""linear_mmd"", ""wl_label_initialization"": ""node_label_or_degree"", ""wl_node_label_key"": ""node_labels""}",edge,insertion,,5,8,8,0,14,8.320000000000002,2.8844410203711917,5.772043350903973,2.2,2.2,0.0017111249908339232,0.022123336791992188,success,
stochastic_block_model,"{""data_root"": """", ""dataset_name"": """", ""edge_probability"": 0.1, ""family"": ""stochastic_block_model"", ""m"": 2, ""num_blocks"": 4, ""num_graphs"": 5, ""num_nodes"": 8, ""p_in"": 0.28, ""p_out"": 0.04, ""seed"": 0}",edge_insertion,"{""alpha"": 1.0, ""edges_added"": 11, ""edges_removed"": 0, ""graphs"": 5, ""graphs_skipped"": 0, ""graphs_success"": 5, ""label_source"": null, ""method"": ""edge_insertion"", ""perturbation_direction"": ""insertion"", ""perturbation_family"": ""edge"", ""rewires"": 0, ""triangles_affected"": 0}",1.0,0,native_netlsd,paper_faithful,"{""distribution_distance"": ""l2_between_mean_signatures"", ""eigenvalue_count"": ""all"", ""eigenvalue_mode"": ""full_spectrum"", ""heat_signature"": ""heat_trace"", ""implementation_mode"": ""paper_faithful"", ""laplacian_type"": ""normalized"", ""method"": ""native_netlsd"", ""netlsd_normalization"": ""empty"", ""netlsd_time_scale_count"": 250, ""netlsd_time_scale_max"": 100.0, ""netlsd_time_scale_min"": 0.01, ""netlsd_time_scale_schedule"": ""logspace""}",edge,insertion,,5,8,8,0,14,1.3716297521416487,1.3716297521416487,1.3786204373154414,2.2,2.2,0.021930204995442182,0.09207916259765625,success,
stochastic_block_model,"{""data_root"": """", ""dataset_name"": """", ""edge_probability"": 0.1, ""family"": ""stochastic_block_model"", ""m"": 2, ""num_blocks"": 4, ""num_graphs"": 5, ""num_nodes"": 8, ""p_in"": 0.28, ""p_out"": 0.04, ""seed"": 0}",edge_insertion,"{""alpha"": 1.0, ""edges_added"": 11, ""edges_removed"": 0, ""graphs"": 5, ""graphs_skipped"": 0, ""graphs_success"": 5, ""label_source"": null, ""method"": ""edge_insertion"", ""perturbation_direction"": ""insertion"", ""perturbation_family"": ""edge"", ""rewires"": 0, ""triangles_affected"": 0}",1.0,0,diversity_curves_shortest_path,paper_faithful,"{""distance_metric"": ""shortest_path"", ""distribution_distance"": ""l2_between_mean_curves"", ""diversity_contraction_mode"": ""random_edge"", ""diversity_curve_definition"": ""shortest_path_spread"", ""diversity_repetitions"": 3, ""diversity_scale_count"": ""dataset_max_nodes"", ""diversity_scale_schedule"": ""all_integer_cardinalities"", ""diversity_upsampling_enabled"": true, ""implementation_mode"": ""paper_faithful"", ""method"": ""diversity_curves_shortest_path"", ""random_seed"": 0}",edge,insertion,,5,8,8,0,14,1.178390561788218,1.178390561788218,1.2561201511019742,2.2,2.2,0.027244208991760388,0.022727012634277344,success,
stochastic_block_model,"{""data_root"": """", ""dataset_name"": """", ""edge_probability"": 0.1, ""family"": ""stochastic_block_model"", ""m"": 2, ""num_blocks"": 4, ""num_graphs"": 5, ""num_nodes"": 8, ""p_in"": 0.28, ""p_out"": 0.04, ""seed"": 0}",edge_deletion,"{""alpha"": 0.5, ""edges_added"": 0, ""edges_removed"": 4, ""graphs"": 5, ""graphs_skipped"": 0, ""graphs_success"": 5, ""label_source"": null, ""method"": ""edge_deletion"", ""perturbation_direction"": ""deletion"", ""perturbation_family"": ""edge"", ""rewires"": 0, ""triangles_affected"": 0}",0.5,0,structural_statistics_mmd,descriptor_baseline,"{""bandwidth"": 10.0, ""feature_count"": 9, ""implementation_mode"": ""descriptor_baseline"", ""kernel"": ""rbf_mmd"", ""method"": ""structural_statistics_mmd""}",edge,deletion,,5,8,8,0,7,0.008589479087407259,1.0214285714285714,1.0309998302509429,0.8,0.9692307692307693,0.0012910430086776614,0.00542449951171875,success,
stochastic_block_model,"{""data_root"": """", ""dataset_name"": """", ""edge_probability"": 0.1, ""family"": ""stochastic_block_model"", ""m"": 2, ""num_blocks"": 4, ""num_graphs"": 5, ""num_nodes"": 8, ""p_in"": 0.28, ""p_out"": 0.04, ""seed"": 0}",edge_deletion,"{""alpha"": 0.5, ""edges_added"": 0, ""edges_removed"": 4, ""graphs"": 5, ""graphs_skipped"": 0, ""graphs_success"": 5, ""label_source"": null, ""method"": ""edge_deletion"", ""perturbation_direction"": ""deletion"", ""perturbation_family"": ""edge"", ""rewires"": 0, ""triangles_affected"": 0}",0.5,0,wl_subtree_kernel_mmd,paper_faithful,"{""implementation_mode"": ""paper_faithful"", ""method"": ""wl_subtree_kernel_mmd"", ""wl_compression"": ""shared_canonical_dictionary_per_comparison"", ""wl_feature_construction"": ""subtree_histograms_across_iterations"", ""wl_iterations"": 3, ""wl_kernel_distance_mode"": ""linear_mmd"", ""wl_label_initialization"": ""node_label_or_degree"", ""wl_node_label_key"": ""node_labels""}",edge,deletion,,5,8,8,0,7,4.559999999999998,2.135415650406262,2.756178530825668,0.8,0.9692307692307693,0.001629278005566448,0.019216537475585938,success,
stochastic_block_model,"{""data_root"": """", ""dataset_name"": """", ""edge_probability"": 0.1, ""family"": ""stochastic_block_model"", ""m"": 2, ""num_blocks"": 4, ""num_graphs"": 5, ""num_nodes"": 8, ""p_in"": 0.28, ""p_out"": 0.04, ""seed"": 0}",edge_deletion,"{""alpha"": 0.5, ""edges_added"": 0, ""edges_removed"": 4, ""graphs"": 5, ""graphs_skipped"": 0, ""graphs_success"": 5, ""label_source"": null, ""method"": ""edge_deletion"", ""perturbation_direction"": ""deletion"", ""perturbation_family"": ""edge"", ""rewires"": 0, ""triangles_affected"": 0}",0.5,0,native_netlsd,paper_faithful,"{""distribution_distance"": ""l2_between_mean_signatures"", ""eigenvalue_count"": ""all"", ""eigenvalue_mode"": ""full_spectrum"", ""heat_signature"": ""heat_trace"", ""implementation_mode"": ""paper_faithful"", ""laplacian_type"": ""normalized"", ""method"": ""native_netlsd"", ""netlsd_normalization"": ""empty"", ""netlsd_time_scale_count"": 250, ""netlsd_time_scale_max"": 100.0, ""netlsd_time_scale_min"": 0.01, ""netlsd_time_scale_schedule"": ""logspace""}",edge,deletion,,5,8,8,0,7,0.8076363449121214,0.8076363449121214,0.80778930214254,0.8,0.9692307692307693,0.015352640009950846,0.09207916259765625,success,
stochastic_block_model,"{""data_root"": """", ""dataset_name"": """", ""edge_probability"": 0.1, ""family"": ""stochastic_block_model"", ""m"": 2, ""num_blocks"": 4, ""num_graphs"": 5, ""num_nodes"": 8, ""p_in"": 0.28, ""p_out"": 0.04, ""seed"": 0}",edge_deletion,"{""alpha"": 0.5, ""edges_added"": 0, ""edges_removed"": 4, ""graphs"": 5, ""graphs_skipped"": 0, ""graphs_success"": 5, ""label_source"": null, ""method"": ""edge_deletion"", ""perturbation_direction"": ""deletion"", ""perturbation_family"": ""edge"", ""rewires"": 0, ""triangles_affected"": 0}",0.5,0,diversity_curves_shortest_path,paper_faithful,"{""distance_metric"": ""shortest_path"", ""distribution_distance"": ""l2_between_mean_curves"", ""diversity_contraction_mode"": ""random_edge"", ""diversity_curve_definition"": ""shortest_path_spread"", ""diversity_repetitions"": 3, ""diversity_scale_count"": ""dataset_max_nodes"", ""diversity_scale_schedule"": ""all_integer_cardinalities"", ""diversity_upsampling_enabled"": true, ""implementation_mode"": ""paper_faithful"", ""method"": ""diversity_curves_shortest_path"", ""random_seed"": 0}",edge,deletion,,5,8,8,0,7,0.6772707464990173,0.6772707464990173,0.7184673018050944,0.8,0.9692307692307693,0.01518417801707983,0.013935089111328125,success,
stochastic_block_model,"{""data_root"": """", ""dataset_name"": """", ""edge_probability"": 0.1, ""family"": ""stochastic_block_model"", ""m"": 2, ""num_blocks"": 4, ""num_graphs"": 5, ""num_nodes"": 8, ""p_in"": 0.28, ""p_out"": 0.04, ""seed"": 0}",triangle_insertion,"{""alpha"": 0.0, ""edges_added"": 0, ""edges_removed"": 0, ""graphs"": 5, ""graphs_skipped"": 0, ""graphs_success"": 5, ""label_source"": null, ""method"": ""triangle_insertion"", ""perturbation_direction"": ""insertion"", ""perturbation_family"": ""triangle"", ""rewires"": 0, ""triangles_affected"": 0}",0.0,0,structural_statistics_mmd,descriptor_baseline,"{""bandwidth"": 10.0, ""feature_count"": 9, ""implementation_mode"": ""descriptor_baseline"", ""kernel"": ""rbf_mmd"", ""method"": ""structural_statistics_mmd""}",triangle,insertion,,5,8,8,0,7,0.0,0.0,0.0,0.0,0.0,0.0017757650057319552,0.006134033203125,success,
stochastic_block_model,"{""data_root"": """", ""dataset_name"": """", ""edge_probability"": 0.1, ""family"": ""stochastic_block_model"", ""m"": 2, ""num_blocks"": 4, ""num_graphs"": 5, ""num_nodes"": 8, ""p_in"": 0.28, ""p_out"": 0.04, ""seed"": 0}",triangle_insertion,"{""alpha"": 0.0, ""edges_added"": 0, ""edges_removed"": 0, ""graphs"": 5, ""graphs_skipped"": 0, ""graphs_success"": 5, ""label_source"": null, ""method"": ""triangle_insertion"", ""perturbation_direction"": ""insertion"", ""perturbation_family"": ""triangle"", ""rewires"": 0, ""triangles_affected"": 0}",0.0,0,wl_subtree_kernel_mmd,paper_faithful,"{""implementation_mode"": ""paper_faithful"", ""method"": ""wl_subtree_kernel_mmd"", ""wl_compression"": ""shared_canonical_dictionary_per_comparison"", ""wl_feature_construction"": ""subtree_histograms_across_iterations"", ""wl_iterations"": 3, ""wl_kernel_distance_mode"": ""linear_mmd"", ""wl_label_initialization"": ""node_label_or_degree"", ""wl_node_label_key"": ""node_labels""}",triangle,insertion,,5,8,8,0,7,0.0,0.0,0.0,0.0,0.0,0.0026528080052230507,0.019594192504882812,success,
stochastic_block_model,"{""data_root"": """", ""dataset_name"": """", ""edge_probability"": 0.1, ""family"": ""stochastic_block_model"", ""m"": 2, ""num_blocks"": 4, ""num_graphs"": 5, ""num_nodes"": 8, ""p_in"": 0.28, ""p_out"": 0.04, ""seed"": 0}",triangle_insertion,"{""alpha"": 0.0, ""edges_added"": 0, ""edges_removed"": 0, ""graphs"": 5, ""graphs_skipped"": 0, ""graphs_success"": 5, ""label_source"": null, ""method"": ""triangle_insertion"", ""perturbation_direction"": ""insertion"", ""perturbation_family"": ""triangle"", ""rewires"": 0, ""triangles_affected"": 0}",0.0,0,native_netlsd,paper_faithful,"{""distribution_distance"": ""l2_between_mean_signatures"", ""eigenvalue_count"": ""all"", ""eigenvalue_mode"": ""full_spectrum"", ""heat_signature"": ""heat_trace"", ""implementation_mode"": ""paper_faithful"", ""laplacian_type"": ""normalized"", ""method"": ""native_netlsd"", ""netlsd_normalization"": ""empty"", ""netlsd_time_scale_count"": 250, ""netlsd_time_scale_max"": 100.0, ""netlsd_time_scale_min"": 0.01, ""netlsd_time_scale_schedule"": ""logspace""}",triangle,insertion,,5,8,8,0,7,0.0,0.0,0.0,0.0,0.0,0.01919266299228184,0.09207916259765625,success,
stochastic_block_model,"{""data_root"": """", ""dataset_name"": """", ""edge_probability"": 0.1, ""family"": ""stochastic_block_model"", ""m"": 2, ""num_blocks"": 4, ""num_graphs"": 5, ""num_nodes"": 8, ""p_in"": 0.28, ""p_out"": 0.04, ""seed"": 0}",triangle_insertion,"{""alpha"": 0.0, ""edges_added"": 0, ""edges_removed"": 0, ""graphs"": 5, ""graphs_skipped"": 0, ""graphs_success"": 5, ""label_source"": null, ""method"": ""triangle_insertion"", ""perturbation_direction"": ""insertion"", ""perturbation_family"": ""triangle"", ""rewires"": 0, ""triangles_affected"": 0}",0.0,0,diversity_curves_shortest_path,paper_faithful,"{""distance_metric"": ""shortest_path"", ""distribution_distance"": ""l2_between_mean_curves"", ""diversity_contraction_mode"": ""random_edge"", ""diversity_curve_definition"": ""shortest_path_spread"", ""diversity_repetitions"": 3, ""diversity_scale_count"": ""dataset_max_nodes"", ""diversity_scale_schedule"": ""all_integer_cardinalities"", ""diversity_upsampling_enabled"": true, ""implementation_mode"": ""paper_faithful"", ""method"": ""diversity_curves_shortest_path"", ""random_seed"": 0}",triangle,insertion,,5,8,8,0,7,0.0,0.0,0.0,0.0,0.0,0.018486449000192806,0.014696121215820312,success,
stochastic_block_model,"{""data_root"": """", ""dataset_name"": """", ""edge_probability"": 0.1, ""family"": ""stochastic_block_model"", ""m"": 2, ""num_blocks"": 4, ""num_graphs"": 5, ""num_nodes"": 8, ""p_in"": 0.28, ""p_out"": 0.04, ""seed"": 0}",community_weakening,"{""alpha"": 0.0, ""edges_added"": 0, ""edges_removed"": 0, ""graphs"": 5, ""graphs_skipped"": 0, ""graphs_success"": 5, ""label_source"": ""ground_truth"", ""method"": ""community_weakening"", ""perturbation_direction"": ""weakening"", ""perturbation_family"": ""community"", ""rewires"": 0, ""triangles_affected"": 0}",0.0,0,structural_statistics_mmd,descriptor_baseline,"{""bandwidth"": 10.0, ""feature_count"": 9, ""implementation_mode"": ""descriptor_baseline"", ""kernel"": ""rbf_mmd"", ""method"": ""structural_statistics_mmd""}",community,weakening,ground_truth,5,8,8,0,7,0.0,0.0,0.0,0.0,0.0,0.0009340689866803586,0.006134033203125,success,
stochastic_block_model,"{""data_root"": """", ""dataset_name"": """", ""edge_probability"": 0.1, ""family"": ""stochastic_block_model"", ""m"": 2, ""num_blocks"": 4, ""num_graphs"": 5, ""num_nodes"": 8, ""p_in"": 0.28, ""p_out"": 0.04, ""seed"": 0}",community_weakening,"{""alpha"": 0.0, ""edges_added"": 0, ""edges_removed"": 0, ""graphs"": 5, ""graphs_skipped"": 0, ""graphs_success"": 5, ""label_source"": ""ground_truth"", ""method"": ""community_weakening"", ""perturbation_direction"": ""weakening"", ""perturbation_family"": ""community"", ""rewires"": 0, ""triangles_affected"": 0}",0.0,0,wl_subtree_kernel_mmd,paper_faithful,"{""implementation_mode"": ""paper_faithful"", ""method"": ""wl_subtree_kernel_mmd"", ""wl_compression"": ""shared_canonical_dictionary_per_comparison"", ""wl_feature_construction"": ""subtree_histograms_across_iterations"", ""wl_iterations"": 3, ""wl_kernel_distance_mode"": ""linear_mmd"", ""wl_label_initialization"": ""node_label_or_degree"", ""wl_node_label_key"": ""node_labels""}",community,weakening,ground_truth,5,8,8,0,7,0.0,0.0,0.0,0.0,0.0,0.0014834410103503615,0.019594192504882812,success,
stochastic_block_model,"{""data_root"": """", ""dataset_name"": """", ""edge_probability"": 0.1, ""family"": ""stochastic_block_model"", ""m"": 2, ""num_blocks"": 4, ""num_graphs"": 5, ""num_nodes"": 8, ""p_in"": 0.28, ""p_out"": 0.04, ""seed"": 0}",community_weakening,"{""alpha"": 0.0, ""edges_added"": 0, ""edges_removed"": 0, ""graphs"": 5, ""graphs_skipped"": 0, ""graphs_success"": 5, ""label_source"": ""ground_truth"", ""method"": ""community_weakening"", ""perturbation_direction"": ""weakening"", ""perturbation_family"": ""community"", ""rewires"": 0, ""triangles_affected"": 0}",0.0,0,native_netlsd,paper_faithful,"{""distribution_distance"": ""l2_between_mean_signatures"", ""eigenvalue_count"": ""all"", ""eigenvalue_mode"": ""full_spectrum"", ""heat_signature"": ""heat_trace"", ""implementation_mode"": ""paper_faithful"", ""laplacian_type"": ""normalized"", ""method"": ""native_netlsd"", ""netlsd_normalization"": ""empty"", ""netlsd_time_scale_count"": 250, ""netlsd_time_scale_max"": 100.0, ""netlsd_time_scale_min"": 0.01, ""netlsd_time_scale_schedule"": ""logspace""}",community,weakening,ground_truth,5,8,8,0,7,0.0,0.0,0.0,0.0,0.0,0.01481172299827449,0.09207916259765625,success,
stochastic_block_model,"{""data_root"": """", ""dataset_name"": """", ""edge_probability"": 0.1, ""family"": ""stochastic_block_model"", ""m"": 2, ""num_blocks"": 4, ""num_graphs"": 5, ""num_nodes"": 8, ""p_in"": 0.28, ""p_out"": 0.04, ""seed"": 0}",community_weakening,"{""alpha"": 0.0, ""edges_added"": 0, ""edges_removed"": 0, ""graphs"": 5, ""graphs_skipped"": 0, ""graphs_success"": 5, ""label_source"": ""ground_truth"", ""method"": ""community_weakening"", ""perturbation_direction"": ""weakening"", ""perturbation_family"": ""community"", ""rewires"": 0, ""triangles_affected"": 0}",0.0,0,diversity_curves_shortest_path,paper_faithful,"{""distance_metric"": ""shortest_path"", ""distribution_distance"": ""l2_between_mean_curves"", ""diversity_contraction_mode"": ""random_edge"", ""diversity_curve_definition"": ""shortest_path_spread"", ""diversity_repetitions"": 3, ""diversity_scale_count"": ""dataset_max_nodes"", ""diversity_scale_schedule"": ""all_integer_cardinalities"", ""diversity_upsampling_enabled"": true, ""implementation_mode"": ""paper_faithful"", ""method"": ""diversity_curves_shortest_path"", ""random_seed"": 0}",community,weakening,ground_truth,5,8,8,0,7,0.0,0.0,0.0,0.0,0.0,0.014228843996534124,0.014696121215820312,success,
stochastic_block_model,"{""data_root"": """", ""dataset_name"": """", ""edge_probability"": 0.1, ""family"": ""stochastic_block_model"", ""m"": 2, ""num_blocks"": 4, ""num_graphs"": 5, ""num_nodes"": 8, ""p_in"": 0.28, ""p_out"": 0.04, ""seed"": 0}",edge_deletion,"{""alpha"": 0.0, ""edges_added"": 0, ""edges_removed"": 0, ""graphs"": 5, ""graphs_skipped"": 0, ""graphs_success"": 5, ""label_source"": null, ""method"": ""edge_deletion"", ""perturbation_direction"": ""deletion"", ""perturbation_family"": ""edge"", ""rewires"": 0, ""triangles_affected"": 0}",0.0,0,structural_statistics_mmd,descriptor_baseline,"{""bandwidth"": 10.0, ""feature_count"": 9, ""implementation_mode"": ""descriptor_baseline"", ""kernel"": ""rbf_mmd"", ""method"": ""structural_statistics_mmd""}",edge,deletion,,5,8,8,0,7,0.0,0.0,0.0,0.0,0.0,0.001680653018411249,0.006134033203125,success,
stochastic_block_model,"{""data_root"": """", ""dataset_name"": """", ""edge_probability"": 0.1, ""family"": ""stochastic_block_model"", ""m"": 2, ""num_blocks"": 4, ""num_graphs"": 5, ""num_nodes"": 8, ""p_in"": 0.28, ""p_out"": 0.04, ""seed"": 0}",edge_deletion,"{""alpha"": 0.0, ""edges_added"": 0, ""edges_removed"": 0, ""graphs"": 5, ""graphs_skipped"": 0, ""graphs_success"": 5, ""label_source"": null, ""method"": ""edge_deletion"", ""perturbation_direction"": ""deletion"", ""perturbation_family"": ""edge"", ""rewires"": 0, ""triangles_affected"": 0}",0.0,0,wl_subtree_kernel_mmd,paper_faithful,"{""implementation_mode"": ""paper_faithful"", ""method"": ""wl_subtree_kernel_mmd"", ""wl_compression"": ""shared_canonical_dictionary_per_comparison"", ""wl_feature_construction"": ""subtree_histograms_across_iterations"", ""wl_iterations"": 3, ""wl_kernel_distance_mode"": ""linear_mmd"", ""wl_label_initialization"": ""node_label_or_degree"", ""wl_node_label_key"": ""node_labels""}",edge,deletion,,5,8,8,0,7,0.0,0.0,0.0,0.0,0.0,0.001907539990497753,0.019601821899414062,success,
stochastic_block_model,"{""data_root"": """", ""dataset_name"": """", ""edge_probability"": 0.1, ""family"": ""stochastic_block_model"", ""m"": 2, ""num_blocks"": 4, ""num_graphs"": 5, ""num_nodes"": 8, ""p_in"": 0.28, ""p_out"": 0.04, ""seed"": 0}",edge_deletion,"{""alpha"": 0.0, ""edges_added"": 0, ""edges_removed"": 0, ""graphs"": 5, ""graphs_skipped"": 0, ""graphs_success"": 5, ""label_source"": null, ""method"": ""edge_deletion"", ""perturbation_direction"": ""deletion"", ""perturbation_family"": ""edge"", ""rewires"": 0, ""triangles_affected"": 0}",0.0,0,native_netlsd,paper_faithful,"{""distribution_distance"": ""l2_between_mean_signatures"", ""eigenvalue_count"": ""all"", ""eigenvalue_mode"": ""full_spectrum"", ""heat_signature"": ""heat_trace"", ""implementation_mode"": ""paper_faithful"", ""laplacian_type"": ""normalized"", ""method"": ""native_netlsd"", ""netlsd_normalization"": ""empty"", ""netlsd_time_scale_count"": 250, ""netlsd_time_scale_max"": 100.0, ""netlsd_time_scale_min"": 0.01, ""netlsd_time_scale_schedule"": ""logspace""}",edge,deletion,,5,8,8,0,7,0.0,0.0,0.0,0.0,0.0,0.015376872004708275,0.09207916259765625,success,
stochastic_block_model,"{""data_root"": """", ""dataset_name"": """", ""edge_probability"": 0.1, ""family"": ""stochastic_block_model"", ""m"": 2, ""num_blocks"": 4, ""num_graphs"": 5, ""num_nodes"": 8, ""p_in"": 0.28, ""p_out"": 0.04, ""seed"": 0}",edge_deletion,"{""alpha"": 0.0, ""edges_added"": 0, ""edges_removed"": 0, ""graphs"": 5, ""graphs_skipped"": 0, ""graphs_success"": 5, ""label_source"": null, ""method"": ""edge_deletion"", ""perturbation_direction"": ""deletion"", ""perturbation_family"": ""edge"", ""rewires"": 0, ""triangles_affected"": 0}",0.0,0,diversity_curves_shortest_path,paper_faithful,"{""distance_metric"": ""shortest_path"", ""distribution_distance"": ""l2_between_mean_curves"", ""diversity_contraction_mode"": ""random_edge"", ""diversity_curve_definition"": ""shortest_path_spread"", ""diversity_repetitions"": 3, ""diversity_scale_count"": ""dataset_max_nodes"", ""diversity_scale_schedule"": ""all_integer_cardinalities"", ""diversity_upsampling_enabled"": true, ""implementation_mode"": ""paper_faithful"", ""method"": ""diversity_curves_shortest_path"", ""random_seed"": 0}",edge,deletion,,5,8,8,0,7,0.0,0.0,0.0,0.0,0.0,0.014221479999832809,0.014696121215820312,success,
stochastic_block_model,"{""data_root"": """", ""dataset_name"": """", ""edge_probability"": 0.1, ""family"": ""stochastic_block_model"", ""m"": 2, ""num_blocks"": 4, ""num_graphs"": 5, ""num_nodes"": 8, ""p_in"": 0.28, ""p_out"": 0.04, ""seed"": 0}",community_weakening,"{""alpha"": 0.5, ""edges_added"": 2, ""edges_removed"": 2, ""graphs"": 5, ""graphs_skipped"": 0, ""graphs_success"": 5, ""label_source"": ""ground_truth"", ""method"": ""community_weakening"", ""perturbation_direction"": ""weakening"", ""perturbation_family"": ""community"", ""rewires"": 2, ""triangles_affected"": 0}",0.5,0,structural_statistics_mmd,descriptor_baseline,"{""bandwidth"": 10.0, ""feature_count"": 9, ""implementation_mode"": ""descriptor_baseline"", ""kernel"": ""rbf_mmd"", ""method"": ""structural_statistics_mmd""}",community,weakening,ground_truth,5,8,8,0,7,2.499609415695936e-05,0.04999999999999999,0.05,0.8,0.8035502958579881,0.0012062549940310419,0.00547027587890625,success,
stochastic_block_model,"{""data_root"": """", ""dataset_name"": """", ""edge_probability"": 0.1, ""family"": ""stochastic_block_model"", ""m"": 2, ""num_blocks"": 4, ""num_graphs"": 5, ""num_nodes"": 8, ""p_in"": 0.28, ""p_out"": 0.04, ""seed"": 0}",community_weakening,"{""alpha"": 0.5, ""edges_added"": 2, ""edges_removed"": 2, ""graphs"": 5, ""graphs_skipped"": 0, ""graphs_success"": 5, ""label_source"": ""ground_truth"", ""method"": ""community_weakening"", ""perturbation_direction"": ""weakening"", ""perturbation_family"": ""community"", ""rewires"": 2, ""triangles_affected"": 0}",0.5,0,wl_subtree_kernel_mmd,paper_faithful,"{""implementation_mode"": ""paper_faithful"", ""method"": ""wl_subtree_kernel_mmd"", ""wl_compression"": ""shared_canonical_dictionary_per_comparison"", ""wl_feature_construction"": ""subtree_histograms_across_iterations"", ""wl_iterations"": 3, ""wl_kernel_distance_mode"": ""linear_mmd"", ""wl_label_initialization"": ""node_label_or_degree"", ""wl_node_label_key"": ""node_labels""}",community,weakening,ground_truth,5,8,8,0,7,2.720000000000001,1.6492422502470645,1.6492422502470643,0.8,0.8035502958579881,0.002167353988625109,0.0203094482421875,success,
stochastic_block_model,"{""data_root"": """", ""dataset_name"": """", ""edge_probability"": 0.1, ""family"": ""stochastic_block_model"", ""m"": 2, ""num_blocks"": 4, ""num_graphs"": 5, ""num_nodes"": 8, ""p_in"": 0.28, ""p_out"": 0.04, ""seed"": 0}",community_weakening,"{""alpha"": 0.5, ""edges_added"": 2, ""edges_removed"": 2, ""graphs"": 5, ""graphs_skipped"": 0, ""graphs_success"": 5, ""label_source"": ""ground_truth"", ""method"": ""community_weakening"", ""perturbation_direction"": ""weakening"", ""perturbation_family"": ""community"", ""rewires"": 2, ""triangles_affected"": 0}",0.5,0,native_netlsd,paper_faithful,"{""distribution_distance"": ""l2_between_mean_signatures"", ""eigenvalue_count"": ""all"", ""eigenvalue_mode"": ""full_spectrum"", ""heat_signature"": ""heat_trace"", ""implementation_mode"": ""paper_faithful"", ""laplacian_type"": ""normalized"", ""method"": ""native_netlsd"", ""netlsd_normalization"": ""empty"", ""netlsd_time_scale_count"": 250, ""netlsd_time_scale_max"": 100.0, ""netlsd_time_scale_min"": 0.01, ""netlsd_time_scale_schedule"": ""logspace""}",community,weakening,ground_truth,5,8,8,0,7,0.05395525213989862,0.05395525213989862,0.05395525213989862,0.8,0.8035502958579881,0.017310817987890914,0.09207916259765625,success,
stochastic_block_model,"{""data_root"": """", ""dataset_name"": """", ""edge_probability"": 0.1, ""family"": ""stochastic_block_model"", ""m"": 2, ""num_blocks"": 4, ""num_graphs"": 5, ""num_nodes"": 8, ""p_in"": 0.28, ""p_out"": 0.04, ""seed"": 0}",community_weakening,"{""alpha"": 0.5, ""edges_added"": 2, ""edges_removed"": 2, ""graphs"": 5, ""graphs_skipped"": 0, ""graphs_success"": 5, ""label_source"": ""ground_truth"", ""method"": ""community_weakening"", ""perturbation_direction"": ""weakening"", ""perturbation_family"": ""community"", ""rewires"": 2, ""triangles_affected"": 0}",0.5,0,diversity_curves_shortest_path,paper_faithful,"{""distance_metric"": ""shortest_path"", ""distribution_distance"": ""l2_between_mean_curves"", ""diversity_contraction_mode"": ""random_edge"", ""diversity_curve_definition"": ""shortest_path_spread"", ""diversity_repetitions"": 3, ""diversity_scale_count"": ""dataset_max_nodes"", ""diversity_scale_schedule"": ""all_integer_cardinalities"", ""diversity_upsampling_enabled"": true, ""implementation_mode"": ""paper_faithful"", ""method"": ""diversity_curves_shortest_path"", ""random_seed"": 0}",community,weakening,ground_truth,5,8,8,0,7,0.06656739115425453,0.06656739115425453,0.06656739115425403,0.8,0.8035502958579881,0.014407910028239712,0.014925003051757812,success,
stochastic_block_model,"{""data_root"": """", ""dataset_name"": """", ""edge_probability"": 0.1, ""family"": ""stochastic_block_model"", ""m"": 2, ""num_blocks"": 4, ""num_graphs"": 5, ""num_nodes"": 8, ""p_in"": 0.28, ""p_out"": 0.04, ""seed"": 0}",hub_modification,"{""alpha"": 0.5, ""edges_added"": 4, ""edges_removed"": 4, ""graphs"": 5, ""graphs_skipped"": 0, ""graphs_success"": 5, ""label_source"": null, ""method"": ""hub_modification"", ""perturbation_direction"": ""modification"", ""perturbation_family"": ""hub"", ""rewires"": 4, ""triangles_affected"": 0}",0.5,0,structural_statistics_mmd,descriptor_baseline,"{""bandwidth"": 10.0, ""feature_count"": 9, ""implementation_mode"": ""descriptor_baseline"", ""kernel"": ""rbf_mmd"", ""method"": ""structural_statistics_mmd""}",hub,modification,,5,8,8,0,7,0.0005058908554043118,0.22527697741511002,0.22527697741511,1.6,1.8153846153846154,0.0010917210020124912,0.0054473876953125,success,
stochastic_block_model,"{""data_root"": """", ""dataset_name"": """", ""edge_probability"": 0.1, ""family"": ""stochastic_block_model"", ""m"": 2, ""num_blocks"": 4, ""num_graphs"": 5, ""num_nodes"": 8, ""p_in"": 0.28, ""p_out"": 0.04, ""seed"": 0}",hub_modification,"{""alpha"": 0.5, ""edges_added"": 4, ""edges_removed"": 4, ""graphs"": 5, ""graphs_skipped"": 0, ""graphs_success"": 5, ""label_source"": null, ""method"": ""hub_modification"", ""perturbation_direction"": ""modification"", ""perturbation_family"": ""hub"", ""rewires"": 4, ""triangles_affected"": 0}",0.5,0,wl_subtree_kernel_mmd,paper_faithful,"{""implementation_mode"": ""paper_faithful"", ""method"": ""wl_subtree_kernel_mmd"", ""wl_compression"": ""shared_canonical_dictionary_per_comparison"", ""wl_feature_construction"": ""subtree_histograms_across_iterations"", ""wl_iterations"": 3, ""wl_kernel_distance_mode"": ""linear_mmd"", ""wl_label_initialization"": ""node_label_or_degree"", ""wl_node_label_key"": ""node_labels""}",hub,modification,,5,8,8,0,7,1.92,1.3856406460551018,1.3856406460551018,1.6,1.8153846153846154,0.0015348370070569217,0.01994609832763672,success,
stochastic_block_model,"{""data_root"": """", ""dataset_name"": """", ""edge_probability"": 0.1, ""family"": ""stochastic_block_model"", ""m"": 2, ""num_blocks"": 4, ""num_graphs"": 5, ""num_nodes"": 8, ""p_in"": 0.28, ""p_out"": 0.04, ""seed"": 0}",hub_modification,"{""alpha"": 0.5, ""edges_added"": 4, ""edges_removed"": 4, ""graphs"": 5, ""graphs_skipped"": 0, ""graphs_success"": 5, ""label_source"": null, ""method"": ""hub_modification"", ""perturbation_direction"": ""modification"", ""perturbation_family"": ""hub"", ""rewires"": 4, ""triangles_affected"": 0}",0.5,0,native_netlsd,paper_faithful,"{""distribution_distance"": ""l2_between_mean_signatures"", ""eigenvalue_count"": ""all"", ""eigenvalue_mode"": ""full_spectrum"", ""heat_signature"": ""heat_trace"", ""implementation_mode"": ""paper_faithful"", ""laplacian_type"": ""normalized"", ""method"": ""native_netlsd"", ""netlsd_normalization"": ""empty"", ""netlsd_time_scale_count"": 250, ""netlsd_time_scale_max"": 100.0, ""netlsd_time_scale_min"": 0.01, ""netlsd_time_scale_schedule"": ""logspace""}",hub,modification,,5,8,8,0,7,0.015709908495046,0.015709908495046,0.015709908495045985,1.6,1.8153846153846154,0.016035786014981568,0.09207916259765625,success,
stochastic_block_model,"{""data_root"": """", ""dataset_name"": """", ""edge_probability"": 0.1, ""family"": ""stochastic_block_model"", ""m"": 2, ""num_blocks"": 4, ""num_graphs"": 5, ""num_nodes"": 8, ""p_in"": 0.28, ""p_out"": 0.04, ""seed"": 0}",hub_modification,"{""alpha"": 0.5, ""edges_added"": 4, ""edges_removed"": 4, ""graphs"": 5, ""graphs_skipped"": 0, ""graphs_success"": 5, ""label_source"": null, ""method"": ""hub_modification"", ""perturbation_direction"": ""modification"", ""perturbation_family"": ""hub"", ""rewires"": 4, ""triangles_affected"": 0}",0.5,0,diversity_curves_shortest_path,paper_faithful,"{""distance_metric"": ""shortest_path"", ""distribution_distance"": ""l2_between_mean_curves"", ""diversity_contraction_mode"": ""random_edge"", ""diversity_curve_definition"": ""shortest_path_spread"", ""diversity_repetitions"": 3, ""diversity_scale_count"": ""dataset_max_nodes"", ""diversity_scale_schedule"": ""all_integer_cardinalities"", ""diversity_upsampling_enabled"": true, ""implementation_mode"": ""paper_faithful"", ""method"": ""diversity_curves_shortest_path"", ""random_seed"": 0}",hub,modification,,5,8,8,0,7,0.043206491984335946,0.043206491984335946,0.043206491984335925,1.6,1.8153846153846154,0.01572951700654812,0.014070510864257812,success,
stochastic_block_model,"{""data_root"": """", ""dataset_name"": """", ""edge_probability"": 0.1, ""family"": ""stochastic_block_model"", ""m"": 2, ""num_blocks"": 4, ""num_graphs"": 5, ""num_nodes"": 8, ""p_in"": 0.28, ""p_out"": 0.04, ""seed"": 0}",hub_modification,"{""alpha"": 1.0, ""edges_added"": 7, ""edges_removed"": 7, ""graphs"": 5, ""graphs_skipped"": 0, ""graphs_success"": 5, ""label_source"": null, ""method"": ""hub_modification"", ""perturbation_direction"": ""modification"", ""perturbation_family"": ""hub"", ""rewires"": 7, ""triangles_affected"": 0}",1.0,0,structural_statistics_mmd,descriptor_baseline,"{""bandwidth"": 10.0, ""feature_count"": 9, ""implementation_mode"": ""descriptor_baseline"", ""kernel"": ""rbf_mmd"", ""method"": ""structural_statistics_mmd""}",hub,modification,,5,8,8,0,7,0.0005058908554043118,0.22527697741511002,0.22527697741511,2.8,3.0153846153846153,0.0010263000149279833,0.005401611328125,success,
stochastic_block_model,"{""data_root"": """", ""dataset_name"": """", ""edge_probability"": 0.1, ""family"": ""stochastic_block_model"", ""m"": 2, ""num_blocks"": 4, ""num_graphs"": 5, ""num_nodes"": 8, ""p_in"": 0.28, ""p_out"": 0.04, ""seed"": 0}",hub_modification,"{""alpha"": 1.0, ""edges_added"": 7, ""edges_removed"": 7, ""graphs"": 5, ""graphs_skipped"": 0, ""graphs_success"": 5, ""label_source"": null, ""method"": ""hub_modification"", ""perturbation_direction"": ""modification"", ""perturbation_family"": ""hub"", ""rewires"": 7, ""triangles_affected"": 0}",1.0,0,wl_subtree_kernel_mmd,paper_faithful,"{""implementation_mode"": ""paper_faithful"", ""method"": ""wl_subtree_kernel_mmd"", ""wl_compression"": ""shared_canonical_dictionary_per_comparison"", ""wl_feature_construction"": ""subtree_histograms_across_iterations"", ""wl_iterations"": 3, ""wl_kernel_distance_mode"": ""linear_mmd"", ""wl_label_initialization"": ""node_label_or_degree"", ""wl_node_label_key"": ""node_labels""}",hub,modification,,5,8,8,0,7,1.92,1.3856406460551018,1.3856406460551018,2.8,3.0153846153846153,0.0015578599995933473,0.01994609832763672,success,
stochastic_block_model,"{""data_root"": """", ""dataset_name"": """", ""edge_probability"": 0.1, ""family"": ""stochastic_block_model"", ""m"": 2, ""num_blocks"": 4, ""num_graphs"": 5, ""num_nodes"": 8, ""p_in"": 0.28, ""p_out"": 0.04, ""seed"": 0}",hub_modification,"{""alpha"": 1.0, ""edges_added"": 7, ""edges_removed"": 7, ""graphs"": 5, ""graphs_skipped"": 0, ""graphs_success"": 5, ""label_source"": null, ""method"": ""hub_modification"", ""perturbation_direction"": ""modification"", ""perturbation_family"": ""hub"", ""rewires"": 7, ""triangles_affected"": 0}",1.0,0,native_netlsd,paper_faithful,"{""distribution_distance"": ""l2_between_mean_signatures"", ""eigenvalue_count"": ""all"", ""eigenvalue_mode"": ""full_spectrum"", ""heat_signature"": ""heat_trace"", ""implementation_mode"": ""paper_faithful"", ""laplacian_type"": ""normalized"", ""method"": ""native_netlsd"", ""netlsd_normalization"": ""empty"", ""netlsd_time_scale_count"": 250, ""netlsd_time_scale_max"": 100.0, ""netlsd_time_scale_min"": 0.01, ""netlsd_time_scale_schedule"": ""logspace""}",hub,modification,,5,8,8,0,7,0.015709908495046,0.015709908495046,0.015709908495045985,2.8,3.0153846153846153,0.014461687998846173,0.09207916259765625,success,
stochastic_block_model,"{""data_root"": """", ""dataset_name"": """", ""edge_probability"": 0.1, ""family"": ""stochastic_block_model"", ""m"": 2, ""num_blocks"": 4, ""num_graphs"": 5, ""num_nodes"": 8, ""p_in"": 0.28, ""p_out"": 0.04, ""seed"": 0}",hub_modification,"{""alpha"": 1.0, ""edges_added"": 7, ""edges_removed"": 7, ""graphs"": 5, ""graphs_skipped"": 0, ""graphs_success"": 5, ""label_source"": null, ""method"": ""hub_modification"", ""perturbation_direction"": ""modification"", ""perturbation_family"": ""hub"", ""rewires"": 7, ""triangles_affected"": 0}",1.0,0,diversity_curves_shortest_path,paper_faithful,"{""distance_metric"": ""shortest_path"", ""distribution_distance"": ""l2_between_mean_curves"", ""diversity_contraction_mode"": ""random_edge"", ""diversity_curve_definition"": ""shortest_path_spread"", ""diversity_repetitions"": 3, ""diversity_scale_count"": ""dataset_max_nodes"", ""diversity_scale_schedule"": ""all_integer_cardinalities"", ""diversity_upsampling_enabled"": true, ""implementation_mode"": ""paper_faithful"", ""method"": ""diversity_curves_shortest_path"", ""random_seed"": 0}",hub,modification,,5,8,8,0,7,0.043206491984335946,0.043206491984335946,0.043206491984335925,2.8,3.0153846153846153,0.015401890996145085,0.014070510864257812,success,
stochastic_block_model,"{""data_root"": """", ""dataset_name"": """", ""edge_probability"": 0.1, ""family"": ""stochastic_block_model"", ""m"": 2, ""num_blocks"": 4, ""num_graphs"": 5, ""num_nodes"": 8, ""p_in"": 0.28, ""p_out"": 0.04, ""seed"": 0}",community_weakening,"{""alpha"": 1.0, ""edges_added"": 6, ""edges_removed"": 6, ""graphs"": 5, ""graphs_skipped"": 0, ""graphs_success"": 5, ""label_source"": ""ground_truth"", ""method"": ""community_weakening"", ""perturbation_direction"": ""weakening"", ""perturbation_family"": ""community"", ""rewires"": 6, ""triangles_affected"": 0}",1.0,0,structural_statistics_mmd,descriptor_baseline,"{""bandwidth"": 10.0, ""feature_count"": 9, ""implementation_mode"": ""descriptor_baseline"", ""kernel"": ""rbf_mmd"", ""method"": ""structural_statistics_mmd""}",community,weakening,ground_truth,5,8,8,0,7,0.00039900166458539665,0.20000000000000018,0.2,2.4,2.4497041420118344,0.0010157809883821756,0.00542449951171875,success,
stochastic_block_model,"{""data_root"": """", ""dataset_name"": """", ""edge_probability"": 0.1, ""family"": ""stochastic_block_model"", ""m"": 2, ""num_blocks"": 4, ""num_graphs"": 5, ""num_nodes"": 8, ""p_in"": 0.28, ""p_out"": 0.04, ""seed"": 0}",community_weakening,"{""alpha"": 1.0, ""edges_added"": 6, ""edges_removed"": 6, ""graphs"": 5, ""graphs_skipped"": 0, ""graphs_success"": 5, ""label_source"": ""ground_truth"", ""method"": ""community_weakening"", ""perturbation_direction"": ""weakening"", ""perturbation_family"": ""community"", ""rewires"": 6, ""triangles_affected"": 0}",1.0,0,wl_subtree_kernel_mmd,paper_faithful,"{""implementation_mode"": ""paper_faithful"", ""method"": ""wl_subtree_kernel_mmd"", ""wl_compression"": ""shared_canonical_dictionary_per_comparison"", ""wl_feature_construction"": ""subtree_histograms_across_iterations"", ""wl_iterations"": 3, ""wl_kernel_distance_mode"": ""linear_mmd"", ""wl_label_initialization"": ""node_label_or_degree"", ""wl_node_label_key"": ""node_labels""}",community,weakening,ground_truth,5,8,8,0,7,2.64,1.624807680927192,1.624807680927192,2.4,2.4497041420118344,0.0014758870238438249,0.020170211791992188,success,
stochastic_block_model,"{""data_root"": """", ""dataset_name"": """", ""edge_probability"": 0.1, ""family"": ""stochastic_block_model"", ""m"": 2, ""num_blocks"": 4, ""num_graphs"": 5, ""num_nodes"": 8, ""p_in"": 0.28, ""p_out"": 0.04, ""seed"": 0}",community_weakening,"{""alpha"": 1.0, ""edges_added"": 6, ""edges_removed"": 6, ""graphs"": 5, ""graphs_skipped"": 0, ""graphs_success"": 5, ""label_source"": ""ground_truth"", ""method"": ""community_weakening"", ""perturbation_direction"": ""weakening"", ""perturbation_family"": ""community"", ""rewires"": 6, ""triangles_affected"": 0}",1.0,0,native_netlsd,paper_faithful,"{""distribution_distance"": ""l2_between_mean_signatures"", ""eigenvalue_count"": ""all"", ""eigenvalue_mode"": ""full_spectrum"", ""heat_signature"": ""heat_trace"", ""implementation_mode"": ""paper_faithful"", ""laplacian_type"": ""normalized"", ""method"": ""native_netlsd"", ""netlsd_normalization"": ""empty"", ""netlsd_time_scale_count"": 250, ""netlsd_time_scale_max"": 100.0, ""netlsd_time_scale_min"": 0.01, ""netlsd_time_scale_schedule"": ""logspace""}",community,weakening,ground_truth,5,8,8,0,7,0.20968456753528927,0.20968456753528927,0.20968456753528927,2.4,2.4497041420118344,0.01734115299768746,0.09207916259765625,success,
stochastic_block_model,"{""data_root"": """", ""dataset_name"": """", ""edge_probability"": 0.1, ""family"": ""stochastic_block_model"", ""m"": 2, ""num_blocks"": 4, ""num_graphs"": 5, ""num_nodes"": 8, ""p_in"": 0.28, ""p_out"": 0.04, ""seed"": 0}",community_weakening,"{""alpha"": 1.0, ""edges_added"": 6, ""edges_removed"": 6, ""graphs"": 5, ""graphs_skipped"": 0, ""graphs_success"": 5, ""label_source"": ""ground_truth"", ""method"": ""community_weakening"", ""perturbation_direction"": ""weakening"", ""perturbation_family"": ""community"", ""rewires"": 6, ""triangles_affected"": 0}",1.0,0,diversity_curves_shortest_path,paper_faithful,"{""distance_metric"": ""shortest_path"", ""distribution_distance"": ""l2_between_mean_curves"", ""diversity_contraction_mode"": ""random_edge"", ""diversity_curve_definition"": ""shortest_path_spread"", ""diversity_repetitions"": 3, ""diversity_scale_count"": ""dataset_max_nodes"", ""diversity_scale_schedule"": ""all_integer_cardinalities"", ""diversity_upsampling_enabled"": true, ""implementation_mode"": ""paper_faithful"", ""method"": ""diversity_curves_shortest_path"", ""random_seed"": 0}",community,weakening,ground_truth,5,8,8,0,7,0.26251505352402743,0.26251505352402743,0.2625150535240276,2.4,2.4497041420118344,0.015200171998003498,0.015161514282226562,success,
stochastic_block_model,"{""data_root"": """", ""dataset_name"": """", ""edge_probability"": 0.1, ""family"": ""stochastic_block_model"", ""m"": 2, ""num_blocks"": 4, ""num_graphs"": 5, ""num_nodes"": 8, ""p_in"": 0.28, ""p_out"": 0.04, ""seed"": 0}",hub_modification,"{""alpha"": 0.0, ""edges_added"": 0, ""edges_removed"": 0, ""graphs"": 5, ""graphs_skipped"": 0, ""graphs_success"": 5, ""label_source"": null, ""method"": ""hub_modification"", ""perturbation_direction"": ""modification"", ""perturbation_family"": ""hub"", ""rewires"": 0, ""triangles_affected"": 0}",0.0,0,structural_statistics_mmd,descriptor_baseline,"{""bandwidth"": 10.0, ""feature_count"": 9, ""implementation_mode"": ""descriptor_baseline"", ""kernel"": ""rbf_mmd"", ""method"": ""structural_statistics_mmd""}",hub,modification,,5,8,8,0,7,0.0,0.0,0.0,0.0,0.0,0.0009135600121226162,0.006134033203125,success,
stochastic_block_model,"{""data_root"": """", ""dataset_name"": """", ""edge_probability"": 0.1, ""family"": ""stochastic_block_model"", ""m"": 2, ""num_blocks"": 4, ""num_graphs"": 5, ""num_nodes"": 8, ""p_in"": 0.28, ""p_out"": 0.04, ""seed"": 0}",hub_modification,"{""alpha"": 0.0, ""edges_added"": 0, ""edges_removed"": 0, ""graphs"": 5, ""graphs_skipped"": 0, ""graphs_success"": 5, ""label_source"": null, ""method"": ""hub_modification"", ""perturbation_direction"": ""modification"", ""perturbation_family"": ""hub"", ""rewires"": 0, ""triangles_affected"": 0}",0.0,0,wl_subtree_kernel_mmd,paper_faithful,"{""implementation_mode"": ""paper_faithful"", ""method"": ""wl_subtree_kernel_mmd"", ""wl_compression"": ""shared_canonical_dictionary_per_comparison"", ""wl_feature_construction"": ""subtree_histograms_across_iterations"", ""wl_iterations"": 3, ""wl_kernel_distance_mode"": ""linear_mmd"", ""wl_label_initialization"": ""node_label_or_degree"", ""wl_node_label_key"": ""node_labels""}",hub,modification,,5,8,8,0,7,0.0,0.0,0.0,0.0,0.0,0.001845024002250284,0.019594192504882812,success,
stochastic_block_model,"{""data_root"": """", ""dataset_name"": """", ""edge_probability"": 0.1, ""family"": ""stochastic_block_model"", ""m"": 2, ""num_blocks"": 4, ""num_graphs"": 5, ""num_nodes"": 8, ""p_in"": 0.28, ""p_out"": 0.04, ""seed"": 0}",hub_modification,"{""alpha"": 0.0, ""edges_added"": 0, ""edges_removed"": 0, ""graphs"": 5, ""graphs_skipped"": 0, ""graphs_success"": 5, ""label_source"": null, ""method"": ""hub_modification"", ""perturbation_direction"": ""modification"", ""perturbation_family"": ""hub"", ""rewires"": 0, ""triangles_affected"": 0}",0.0,0,native_netlsd,paper_faithful,"{""distribution_distance"": ""l2_between_mean_signatures"", ""eigenvalue_count"": ""all"", ""eigenvalue_mode"": ""full_spectrum"", ""heat_signature"": ""heat_trace"", ""implementation_mode"": ""paper_faithful"", ""laplacian_type"": ""normalized"", ""method"": ""native_netlsd"", ""netlsd_normalization"": ""empty"", ""netlsd_time_scale_count"": 250, ""netlsd_time_scale_max"": 100.0, ""netlsd_time_scale_min"": 0.01, ""netlsd_time_scale_schedule"": ""logspace""}",hub,modification,,5,8,8,0,7,0.0,0.0,0.0,0.0,0.0,0.015499989996897057,0.09207916259765625,success,
stochastic_block_model,"{""data_root"": """", ""dataset_name"": """", ""edge_probability"": 0.1, ""family"": ""stochastic_block_model"", ""m"": 2, ""num_blocks"": 4, ""num_graphs"": 5, ""num_nodes"": 8, ""p_in"": 0.28, ""p_out"": 0.04, ""seed"": 0}",hub_modification,"{""alpha"": 0.0, ""edges_added"": 0, ""edges_removed"": 0, ""graphs"": 5, ""graphs_skipped"": 0, ""graphs_success"": 5, ""label_source"": null, ""method"": ""hub_modification"", ""perturbation_direction"": ""modification"", ""perturbation_family"": ""hub"", ""rewires"": 0, ""triangles_affected"": 0}",0.0,0,diversity_curves_shortest_path,paper_faithful,"{""distance_metric"": ""shortest_path"", ""distribution_distance"": ""l2_between_mean_curves"", ""diversity_contraction_mode"": ""random_edge"", ""diversity_curve_definition"": ""shortest_path_spread"", ""diversity_repetitions"": 3, ""diversity_scale_count"": ""dataset_max_nodes"", ""diversity_scale_schedule"": ""all_integer_cardinalities"", ""diversity_upsampling_enabled"": true, ""implementation_mode"": ""paper_faithful"", ""method"": ""diversity_curves_shortest_path"", ""random_seed"": 0}",hub,modification,,5,8,8,0,7,0.0,0.0,0.0,0.0,0.0,0.013800913002341986,0.014696121215820312,success,
barabasi_albert,"{""data_root"": """", ""dataset_name"": """", ""edge_probability"": 0.1, ""family"": ""barabasi_albert"", ""m"": 2, ""num_blocks"": 3, ""num_graphs"": 5, ""num_nodes"": 8, ""p_in"": 0.25, ""p_out"": 0.03, ""seed"": 0}",edge_insertion,"{""alpha"": 0.0, ""edges_added"": 0, ""edges_removed"": 0, ""graphs"": 5, ""graphs_skipped"": 0, ""graphs_success"": 5, ""label_source"": null, ""method"": ""edge_insertion"", ""perturbation_direction"": ""insertion"", ""perturbation_family"": ""edge"", ""rewires"": 0, ""triangles_affected"": 0}",0.0,0,structural_statistics_mmd,descriptor_baseline,"{""bandwidth"": 10.0, ""feature_count"": 9, ""implementation_mode"": ""descriptor_baseline"", ""kernel"": ""rbf_mmd"", ""method"": ""structural_statistics_mmd""}",edge,insertion,,5,8,8,13,13,0.0,0.0,0.0,0.0,0.0,0.0015529099910054356,0.0052490234375,success,
barabasi_albert,"{""data_root"": """", ""dataset_name"": """", ""edge_probability"": 0.1, ""family"": ""barabasi_albert"", ""m"": 2, ""num_blocks"": 3, ""num_graphs"": 5, ""num_nodes"": 8, ""p_in"": 0.25, ""p_out"": 0.03, ""seed"": 0}",edge_insertion,"{""alpha"": 0.0, ""edges_added"": 0, ""edges_removed"": 0, ""graphs"": 5, ""graphs_skipped"": 0, ""graphs_success"": 5, ""label_source"": null, ""method"": ""edge_insertion"", ""perturbation_direction"": ""insertion"", ""perturbation_family"": ""edge"", ""rewires"": 0, ""triangles_affected"": 0}",0.0,0,wl_subtree_kernel_mmd,paper_faithful,"{""implementation_mode"": ""paper_faithful"", ""method"": ""wl_subtree_kernel_mmd"", ""wl_compression"": ""shared_canonical_dictionary_per_comparison"", ""wl_feature_construction"": ""subtree_histograms_across_iterations"", ""wl_iterations"": 3, ""wl_kernel_distance_mode"": ""linear_mmd"", ""wl_label_initialization"": ""node_label_or_degree"", ""wl_node_label_key"": ""node_labels""}",edge,insertion,,5,8,8,13,13,0.0,0.0,0.0,0.0,0.0,0.0023768139944877476,0.05919647216796875,success,
barabasi_albert,"{""data_root"": """", ""dataset_name"": """", ""edge_probability"": 0.1, ""family"": ""barabasi_albert"", ""m"": 2, ""num_blocks"": 3, ""num_graphs"": 5, ""num_nodes"": 8, ""p_in"": 0.25, ""p_out"": 0.03, ""seed"": 0}",edge_insertion,"{""alpha"": 0.0, ""edges_added"": 0, ""edges_removed"": 0, ""graphs"": 5, ""graphs_skipped"": 0, ""graphs_success"": 5, ""label_source"": null, ""method"": ""edge_insertion"", ""perturbation_direction"": ""insertion"", ""perturbation_family"": ""edge"", ""rewires"": 0, ""triangles_affected"": 0}",0.0,0,native_netlsd,paper_faithful,"{""distribution_distance"": ""l2_between_mean_signatures"", ""eigenvalue_count"": ""all"", ""eigenvalue_mode"": ""full_spectrum"", ""heat_signature"": ""heat_trace"", ""implementation_mode"": ""paper_faithful"", ""laplacian_type"": ""normalized"", ""method"": ""native_netlsd"", ""netlsd_normalization"": ""empty"", ""netlsd_time_scale_count"": 250, ""netlsd_time_scale_max"": 100.0, ""netlsd_time_scale_min"": 0.01, ""netlsd_time_scale_schedule"": ""logspace""}",edge,insertion,,5,8,8,13,13,0.0,0.0,0.0,0.0,0.0,0.04310412899940275,0.09210205078125,success,
barabasi_albert,"{""data_root"": """", ""dataset_name"": """", ""edge_probability"": 0.1, ""family"": ""barabasi_albert"", ""m"": 2, ""num_blocks"": 3, ""num_graphs"": 5, ""num_nodes"": 8, ""p_in"": 0.25, ""p_out"": 0.03, ""seed"": 0}",edge_insertion,"{""alpha"": 0.0, ""edges_added"": 0, ""edges_removed"": 0, ""graphs"": 5, ""graphs_skipped"": 0, ""graphs_success"": 5, ""label_source"": null, ""method"": ""edge_insertion"", ""perturbation_direction"": ""insertion"", ""perturbation_family"": ""edge"", ""rewires"": 0, ""triangles_affected"": 0}",0.0,0,diversity_curves_shortest_path,paper_faithful,"{""distance_metric"": ""shortest_path"", ""distribution_distance"": ""l2_between_mean_curves"", ""diversity_contraction_mode"": ""random_edge"", ""diversity_curve_definition"": ""shortest_path_spread"", ""diversity_repetitions"": 3, ""diversity_scale_count"": ""dataset_max_nodes"", ""diversity_scale_schedule"": ""all_integer_cardinalities"", ""diversity_upsampling_enabled"": true, ""implementation_mode"": ""paper_faithful"", ""method"": ""diversity_curves_shortest_path"", ""random_seed"": 0}",edge,insertion,,5,8,8,13,13,0.0,0.0,0.0,0.0,0.0,0.08826229599071667,0.024489402770996094,success,
barabasi_albert,"{""data_root"": """", ""dataset_name"": """", ""edge_probability"": 0.1, ""family"": ""barabasi_albert"", ""m"": 2, ""num_blocks"": 3, ""num_graphs"": 5, ""num_nodes"": 8, ""p_in"": 0.25, ""p_out"": 0.03, ""seed"": 0}",edge_deletion,"{""alpha"": 1.0, ""edges_added"": 0, ""edges_removed"": 65, ""graphs"": 5, ""graphs_skipped"": 0, ""graphs_success"": 5, ""label_source"": null, ""method"": ""edge_deletion"", ""perturbation_direction"": ""deletion"", ""perturbation_family"": ""edge"", ""rewires"": 0, ""triangles_affected"": 0}",1.0,0,structural_statistics_mmd,descriptor_baseline,"{""bandwidth"": 10.0, ""feature_count"": 9, ""implementation_mode"": ""descriptor_baseline"", ""kernel"": ""rbf_mmd"", ""method"": ""structural_statistics_mmd""}",edge,deletion,,5,8,8,0,13,1.4338479589728172,15.956042833972067,15.978928860340613,13.0,14.955241597705902,0.0018256680050399154,0.00556182861328125,success,
barabasi_albert,"{""data_root"": """", ""dataset_name"": """", ""edge_probability"": 0.1, ""family"": ""barabasi_albert"", ""m"": 2, ""num_blocks"": 3, ""num_graphs"": 5, ""num_nodes"": 8, ""p_in"": 0.25, ""p_out"": 0.03, ""seed"": 0}",edge_deletion,"{""alpha"": 1.0, ""edges_added"": 0, ""edges_removed"": 65, ""graphs"": 5, ""graphs_skipped"": 0, ""graphs_success"": 5, ""label_source"": null, ""method"": ""edge_deletion"", ""perturbation_direction"": ""deletion"", ""perturbation_family"": ""edge"", ""rewires"": 0, ""triangles_affected"": 0}",1.0,0,wl_subtree_kernel_mmd,paper_faithful,"{""implementation_mode"": ""paper_faithful"", ""method"": ""wl_subtree_kernel_mmd"", ""wl_compression"": ""shared_canonical_dictionary_per_comparison"", ""wl_feature_construction"": ""subtree_histograms_across_iterations"", ""wl_iterations"": 3, ""wl_kernel_distance_mode"": ""linear_mmd"", ""wl_label_initialization"": ""node_label_or_degree"", ""wl_node_label_key"": ""node_labels""}",edge,deletion,,5,8,8,0,13,278.63999999999993,16.692513291892265,17.354939106905658,13.0,14.955241597705902,0.002139321994036436,0.034262657165527344,success,
barabasi_albert,"{""data_root"": """", ""dataset_name"": """", ""edge_probability"": 0.1, ""family"": ""barabasi_albert"", ""m"": 2, ""num_blocks"": 3, ""num_graphs"": 5, ""num_nodes"": 8, ""p_in"": 0.25, ""p_out"": 0.03, ""seed"": 0}",edge_deletion,"{""alpha"": 1.0, ""edges_added"": 0, ""edges_removed"": 65, ""graphs"": 5, ""graphs_skipped"": 0, ""graphs_success"": 5, ""label_source"": null, ""method"": ""edge_deletion"", ""perturbation_direction"": ""deletion"", ""perturbation_family"": ""edge"", ""rewires"": 0, ""triangles_affected"": 0}",1.0,0,native_netlsd,paper_faithful,"{""distribution_distance"": ""l2_between_mean_signatures"", ""eigenvalue_count"": ""all"", ""eigenvalue_mode"": ""full_spectrum"", ""heat_signature"": ""heat_trace"", ""implementation_mode"": ""paper_faithful"", ""laplacian_type"": ""normalized"", ""method"": ""native_netlsd"", ""netlsd_normalization"": ""empty"", ""netlsd_time_scale_count"": 250, ""netlsd_time_scale_max"": 100.0, ""netlsd_time_scale_min"": 0.01, ""netlsd_time_scale_schedule"": ""logspace""}",edge,deletion,,5,8,8,0,13,9.679551516464924,9.679551516464924,9.679576166929163,13.0,14.955241597705902,0.03677312098443508,0.09198760986328125,success,
barabasi_albert,"{""data_root"": """", ""dataset_name"": """", ""edge_probability"": 0.1, ""family"": ""barabasi_albert"", ""m"": 2, ""num_blocks"": 3, ""num_graphs"": 5, ""num_nodes"": 8, ""p_in"": 0.25, ""p_out"": 0.03, ""seed"": 0}",edge_deletion,"{""alpha"": 1.0, ""edges_added"": 0, ""edges_removed"": 65, ""graphs"": 5, ""graphs_skipped"": 0, ""graphs_success"": 5, ""label_source"": null, ""method"": ""edge_deletion"", ""perturbation_direction"": ""deletion"", ""perturbation_family"": ""edge"", ""rewires"": 0, ""triangles_affected"": 0}",1.0,0,diversity_curves_shortest_path,paper_faithful,"{""distance_metric"": ""shortest_path"", ""distribution_distance"": ""l2_between_mean_curves"", ""diversity_contraction_mode"": ""random_edge"", ""diversity_curve_definition"": ""shortest_path_spread"", ""diversity_repetitions"": 3, ""diversity_scale_count"": ""dataset_max_nodes"", ""diversity_scale_schedule"": ""all_integer_cardinalities"", ""diversity_upsampling_enabled"": true, ""implementation_mode"": ""paper_faithful"", ""method"": ""diversity_curves_shortest_path"", ""random_seed"": 0}",edge,deletion,,5,8,8,0,13,8.11258670996159,8.11258670996159,8.113456049964766,13.0,14.955241597705902,0.0547986899910029,0.023009300231933594,success,
barabasi_albert,"{""data_root"": """", ""dataset_name"": """", ""edge_probability"": 0.1, ""family"": ""barabasi_albert"", ""m"": 2, ""num_blocks"": 3, ""num_graphs"": 5, ""num_nodes"": 8, ""p_in"": 0.25, ""p_out"": 0.03, ""seed"": 0}",edge_deletion,"{""alpha"": 0.5, ""edges_added"": 0, ""edges_removed"": 30, ""graphs"": 5, ""graphs_skipped"": 0, ""graphs_success"": 5, ""label_source"": null, ""method"": ""edge_deletion"", ""perturbation_direction"": ""deletion"", ""perturbation_family"": ""edge"", ""rewires"": 0, ""triangles_affected"": 0}",0.5,0,structural_statistics_mmd,descriptor_baseline,"{""bandwidth"": 10.0, ""feature_count"": 9, ""implementation_mode"": ""descriptor_baseline"", ""kernel"": ""rbf_mmd"", ""method"": ""structural_statistics_mmd""}",edge,deletion,,5,8,8,7,13,0.480509604157217,7.445859207331109,7.469202141251533,6.0,6.664157841760769,0.0013462459901347756,0.00496673583984375,success,
barabasi_albert,"{""data_root"": """", ""dataset_name"": """", ""edge_probability"": 0.1, ""family"": ""barabasi_albert"", ""m"": 2, ""num_blocks"": 3, ""num_graphs"": 5, ""num_nodes"": 8, ""p_in"": 0.25, ""p_out"": 0.03, ""seed"": 0}",edge_deletion,"{""alpha"": 0.5, ""edges_added"": 0, ""edges_removed"": 30, ""graphs"": 5, ""graphs_skipped"": 0, ""graphs_success"": 5, ""label_source"": null, ""method"": ""edge_deletion"", ""perturbation_direction"": ""deletion"", ""perturbation_family"": ""edge"", ""rewires"": 0, ""triangles_affected"": 0}",0.5,0,wl_subtree_kernel_mmd,paper_faithful,"{""implementation_mode"": ""paper_faithful"", ""method"": ""wl_subtree_kernel_mmd"", ""wl_compression"": ""shared_canonical_dictionary_per_comparison"", ""wl_feature_construction"": ""subtree_histograms_across_iterations"", ""wl_iterations"": 3, ""wl_kernel_distance_mode"": ""linear_mmd"", ""wl_label_initialization"": ""node_label_or_degree"", ""wl_node_label_key"": ""node_labels""}",edge,deletion,,5,8,8,7,13,29.68,5.447935388750494,8.726623082540685,6.0,6.664157841760769,0.003440523985773325,0.058007240295410156,success,
barabasi_albert,"{""data_root"": """", ""dataset_name"": """", ""edge_probability"": 0.1, ""family"": ""barabasi_albert"", ""m"": 2, ""num_blocks"": 3, ""num_graphs"": 5, ""num_nodes"": 8, ""p_in"": 0.25, ""p_out"": 0.03, ""seed"": 0}",edge_deletion,"{""alpha"": 0.5, ""edges_added"": 0, ""edges_removed"": 30, ""graphs"": 5, ""graphs_skipped"": 0, ""graphs_success"": 5, ""label_source"": null, ""method"": ""edge_deletion"", ""perturbation_direction"": ""deletion"", ""perturbation_family"": ""edge"", ""rewires"": 0, ""triangles_affected"": 0}",0.5,0,native_netlsd,paper_faithful,"{""distribution_distance"": ""l2_between_mean_signatures"", ""eigenvalue_count"": ""all"", ""eigenvalue_mode"": ""full_spectrum"", ""heat_signature"": ""heat_trace"", ""implementation_mode"": ""paper_faithful"", ""laplacian_type"": ""normalized"", ""method"": ""native_netlsd"", ""netlsd_normalization"": ""empty"", ""netlsd_time_scale_count"": 250, ""netlsd_time_scale_max"": 100.0, ""netlsd_time_scale_min"": 0.01, ""netlsd_time_scale_schedule"": ""logspace""}",edge,deletion,,5,8,8,7,13,1.5024272279043014,1.5024272279043014,1.5035339114319655,6.0,6.664157841760769,0.05155225298949517,0.09210205078125,success,
barabasi_albert,"{""data_root"": """", ""dataset_name"": """", ""edge_probability"": 0.1, ""family"": ""barabasi_albert"", ""m"": 2, ""num_blocks"": 3, ""num_graphs"": 5, ""num_nodes"": 8, ""p_in"": 0.25, ""p_out"": 0.03, ""seed"": 0}",edge_deletion,"{""alpha"": 0.5, ""edges_added"": 0, ""edges_removed"": 30, ""graphs"": 5, ""graphs_skipped"": 0, ""graphs_success"": 5, ""label_source"": null, ""method"": ""edge_deletion"", ""perturbation_direction"": ""deletion"", ""perturbation_family"": ""edge"", ""rewires"": 0, ""triangles_affected"": 0}",0.5,0,diversity_curves_shortest_path,paper_faithful,"{""distance_metric"": ""shortest_path"", ""distribution_distance"": ""l2_between_mean_curves"", ""diversity_contraction_mode"": ""random_edge"", ""diversity_curve_definition"": ""shortest_path_spread"", ""diversity_repetitions"": 3, ""diversity_scale_count"": ""dataset_max_nodes"", ""diversity_scale_schedule"": ""all_integer_cardinalities"", ""diversity_upsampling_enabled"": true, ""implementation_mode"": ""paper_faithful"", ""method"": ""diversity_curves_shortest_path"", ""random_seed"": 0}",edge,deletion,,5,8,8,7,13,2.516732488302542,2.516732488302542,2.5196211700020434,6.0,6.664157841760769,0.06939118698937818,0.024728775024414062,success,
barabasi_albert,"{""data_root"": """", ""dataset_name"": """", ""edge_probability"": 0.1, ""family"": ""barabasi_albert"", ""m"": 2, ""num_blocks"": 3, ""num_graphs"": 5, ""num_nodes"": 8, ""p_in"": 0.25, ""p_out"": 0.03, ""seed"": 0}",edge_insertion,"{""alpha"": 0.5, ""edges_added"": 30, ""edges_removed"": 0, ""graphs"": 5, ""graphs_skipped"": 0, ""graphs_success"": 5, ""label_source"": null, ""method"": ""edge_insertion"", ""perturbation_direction"": ""insertion"", ""perturbation_family"": ""edge"", ""rewires"": 0, ""triangles_affected"": 0}",0.5,0,structural_statistics_mmd,descriptor_baseline,"{""bandwidth"": 10.0, ""feature_count"": 9, ""implementation_mode"": ""descriptor_baseline"", ""kernel"": ""rbf_mmd"", ""method"": ""structural_statistics_mmd""}",edge,insertion,,5,8,8,13,19,1.047543126978883,12.299616371590337,12.320818133298356,6.0,6.318199058263543,0.0014745740045327693,0.00417327880859375,success,
barabasi_albert,"{""data_root"": """", ""dataset_name"": """", ""edge_probability"": 0.1, ""family"": ""barabasi_albert"", ""m"": 2, ""num_blocks"": 3, ""num_graphs"": 5, ""num_nodes"": 8, ""p_in"": 0.25, ""p_out"": 0.03, ""seed"": 0}",edge_insertion,"{""alpha"": 0.5, ""edges_added"": 30, ""edges_removed"": 0, ""graphs"": 5, ""graphs_skipped"": 0, ""graphs_success"": 5, ""label_source"": null, ""method"": ""edge_insertion"", ""perturbation_direction"": ""insertion"", ""perturbation_family"": ""edge"", ""rewires"": 0, ""triangles_affected"": 0}",0.5,0,wl_subtree_kernel_mmd,paper_faithful,"{""implementation_mode"": ""paper_faithful"", ""method"": ""wl_subtree_kernel_mmd"", ""wl_compression"": ""shared_canonical_dictionary_per_comparison"", ""wl_feature_construction"": ""subtree_histograms_across_iterations"", ""wl_iterations"": 3, ""wl_kernel_distance_mode"": ""linear_mmd"", ""wl_label_initialization"": ""node_label_or_degree"", ""wl_node_label_key"": ""node_labels""}",edge,insertion,,5,8,8,13,19,31.6,5.621387729022079,9.06395604045211,6.0,6.318199058263543,0.003010101994732395,0.058887481689453125,success,
barabasi_albert,"{""data_root"": """", ""dataset_name"": """", ""edge_probability"": 0.1, ""family"": ""barabasi_albert"", ""m"": 2, ""num_blocks"": 3, ""num_graphs"": 5, ""num_nodes"": 8, ""p_in"": 0.25, ""p_out"": 0.03, ""seed"": 0}",edge_insertion,"{""alpha"": 0.5, ""edges_added"": 30, ""edges_removed"": 0, ""graphs"": 5, ""graphs_skipped"": 0, ""graphs_success"": 5, ""label_source"": null, ""method"": ""edge_insertion"", ""perturbation_direction"": ""insertion"", ""perturbation_family"": ""edge"", ""rewires"": 0, ""triangles_affected"": 0}",0.5,0,native_netlsd,paper_faithful,"{""distribution_distance"": ""l2_between_mean_signatures"", ""eigenvalue_count"": ""all"", ""eigenvalue_mode"": ""full_spectrum"", ""heat_signature"": ""heat_trace"", ""implementation_mode"": ""paper_faithful"", ""laplacian_type"": ""normalized"", ""method"": ""native_netlsd"", ""netlsd_normalization"": ""empty"", ""netlsd_time_scale_count"": 250, ""netlsd_time_scale_max"": 100.0, ""netlsd_time_scale_min"": 0.01, ""netlsd_time_scale_schedule"": ""logspace""}",edge,insertion,,5,8,8,13,19,0.11946552704790835,0.11946552704790835,0.11991097940734281,6.0,6.318199058263543,0.04574781499104574,0.09210205078125,success,
barabasi_albert,"{""data_root"": """", ""dataset_name"": """", ""edge_probability"": 0.1, ""family"": ""barabasi_albert"", ""m"": 2, ""num_blocks"": 3, ""num_graphs"": 5, ""num_nodes"": 8, ""p_in"": 0.25, ""p_out"": 0.03, ""seed"": 0}",edge_insertion,"{""alpha"": 0.5, ""edges_added"": 30, ""edges_removed"": 0, ""graphs"": 5, ""graphs_skipped"": 0, ""graphs_success"": 5, ""label_source"": null, ""method"": ""edge_insertion"", ""perturbation_direction"": ""insertion"", ""perturbation_family"": ""edge"", ""rewires"": 0, ""triangles_affected"": 0}",0.5,0,diversity_curves_shortest_path,paper_faithful,"{""distance_metric"": ""shortest_path"", ""distribution_distance"": ""l2_between_mean_curves"", ""diversity_contraction_mode"": ""random_edge"", ""diversity_curve_definition"": ""shortest_path_spread"", ""diversity_repetitions"": 3, ""diversity_scale_count"": ""dataset_max_nodes"", ""diversity_scale_schedule"": ""all_integer_cardinalities"", ""diversity_upsampling_enabled"": true, ""implementation_mode"": ""paper_faithful"", ""method"": ""diversity_curves_shortest_path"", ""random_seed"": 0}",edge,insertion,,5,8,8,13,19,0.6645411565587485,0.6645411565587485,0.6732601951045262,6.0,6.318199058263543,0.11225331597961485,0.05014514923095703,success,
barabasi_albert,"{""data_root"": """", ""dataset_name"": """", ""edge_probability"": 0.1, ""family"": ""barabasi_albert"", ""m"": 2, ""num_blocks"": 3, ""num_graphs"": 5, ""num_nodes"": 8, ""p_in"": 0.25, ""p_out"": 0.03, ""seed"": 0}",edge_insertion,"{""alpha"": 1.0, ""edges_added"": 65, ""edges_removed"": 0, ""graphs"": 5, ""graphs_skipped"": 0, ""graphs_success"": 5, ""label_source"": null, ""method"": ""edge_insertion"", ""perturbation_direction"": ""insertion"", ""perturbation_family"": ""edge"", ""rewires"": 0, ""triangles_affected"": 0}",1.0,0,structural_statistics_mmd,descriptor_baseline,"{""bandwidth"": 10.0, ""feature_count"": 9, ""implementation_mode"": ""descriptor_baseline"", ""kernel"": ""rbf_mmd"", ""method"": ""structural_statistics_mmd""}",edge,insertion,,5,8,8,13,26,1.9892060595484713,41.83059860010502,41.8335810900417,13.0,13.755548578476757,0.001611710002180189,0.00417327880859375,success,
barabasi_albert,"{""data_root"": """", ""dataset_name"": """", ""edge_probability"": 0.1, ""family"": ""barabasi_albert"", ""m"": 2, ""num_blocks"": 3, ""num_graphs"": 5, ""num_nodes"": 8, ""p_in"": 0.25, ""p_out"": 0.03, ""seed"": 0}",edge_insertion,"{""alpha"": 1.0, ""edges_added"": 65, ""edges_removed"": 0, ""graphs"": 5, ""graphs_skipped"": 0, ""graphs_success"": 5, ""label_source"": null, ""method"": ""edge_insertion"", ""perturbation_direction"": ""insertion"", ""perturbation_family"": ""edge"", ""rewires"": 0, ""triangles_affected"": 0}",1.0,0,wl_subtree_kernel_mmd,paper_faithful,"{""implementation_mode"": ""paper_faithful"", ""method"": ""wl_subtree_kernel_mmd"", ""wl_compression"": ""shared_canonical_dictionary_per_comparison"", ""wl_feature_construction"": ""subtree_histograms_across_iterations"", ""wl_iterations"": 3, ""wl_kernel_distance_mode"": ""linear_mmd"", ""wl_label_initialization"": ""node_label_or_degree"", ""wl_node_label_key"": ""node_labels""}",edge,insertion,,5,8,8,13,26,97.84000000000002,9.891410415102591,12.897326261946713,13.0,13.755548578476757,0.0021931329974904656,0.042797088623046875,success,
barabasi_albert,"{""data_root"": """", ""dataset_name"": """", ""edge_probability"": 0.1, ""family"": ""barabasi_albert"", ""m"": 2, ""num_blocks"": 3, ""num_graphs"": 5, ""num_nodes"": 8, ""p_in"": 0.25, ""p_out"": 0.03, ""seed"": 0}",edge_insertion,"{""alpha"": 1.0, ""edges_added"": 65, ""edges_removed"": 0, ""graphs"": 5, ""graphs_skipped"": 0, ""graphs_success"": 5, ""label_source"": null, ""method"": ""edge_insertion"", ""perturbation_direction"": ""insertion"", ""perturbation_family"": ""edge"", ""rewires"": 0, ""triangles_affected"": 0}",1.0,0,native_netlsd,paper_faithful,"{""distribution_distance"": ""l2_between_mean_signatures"", ""eigenvalue_count"": ""all"", ""eigenvalue_mode"": ""full_spectrum"", ""heat_signature"": ""heat_trace"", ""implementation_mode"": ""paper_faithful"", ""laplacian_type"": ""normalized"", ""method"": ""native_netlsd"", ""netlsd_normalization"": ""empty"", ""netlsd_time_scale_count"": 250, ""netlsd_time_scale_max"": 100.0, ""netlsd_time_scale_min"": 0.01, ""netlsd_time_scale_schedule"": ""logspace""}",edge,insertion,,5,8,8,13,26,0.190837608106777,0.190837608106777,0.19116103780834962,13.0,13.755548578476757,0.05144076200667769,0.09210205078125,success,
barabasi_albert,"{""data_root"": """", ""dataset_name"": """", ""edge_probability"": 0.1, ""family"": ""barabasi_albert"", ""m"": 2, ""num_blocks"": 3, ""num_graphs"": 5, ""num_nodes"": 8, ""p_in"": 0.25, ""p_out"": 0.03, ""seed"": 0}",edge_insertion,"{""alpha"": 1.0, ""edges_added"": 65, ""edges_removed"": 0, ""graphs"": 5, ""graphs_skipped"": 0, ""graphs_success"": 5, ""label_source"": null, ""method"": ""edge_insertion"", ""perturbation_direction"": ""insertion"", ""perturbation_family"": ""edge"", ""rewires"": 0, ""triangles_affected"": 0}",1.0,0,diversity_curves_shortest_path,paper_faithful,"{""distance_metric"": ""shortest_path"", ""distribution_distance"": ""l2_between_mean_curves"", ""diversity_contraction_mode"": ""random_edge"", ""diversity_curve_definition"": ""shortest_path_spread"", ""diversity_repetitions"": 3, ""diversity_scale_count"": ""dataset_max_nodes"", ""diversity_scale_schedule"": ""all_integer_cardinalities"", ""diversity_upsampling_enabled"": true, ""implementation_mode"": ""paper_faithful"", ""method"": ""diversity_curves_shortest_path"", ""random_seed"": 0}",edge,insertion,,5,8,8,13,26,1.0990225684261807,1.0990225684261807,1.106677297891102,13.0,13.755548578476757,0.1241825929901097,0.06418323516845703,success,
barabasi_albert,"{""data_root"": """", ""dataset_name"": """", ""edge_probability"": 0.1, ""family"": ""barabasi_albert"", ""m"": 2, ""num_blocks"": 3, ""num_graphs"": 5, ""num_nodes"": 8, ""p_in"": 0.25, ""p_out"": 0.03, ""seed"": 0}",triangle_insertion,"{""alpha"": 0.0, ""edges_added"": 0, ""edges_removed"": 0, ""graphs"": 5, ""graphs_skipped"": 0, ""graphs_success"": 5, ""label_source"": null, ""method"": ""triangle_insertion"", ""perturbation_direction"": ""insertion"", ""perturbation_family"": ""triangle"", ""rewires"": 0, ""triangles_affected"": 0}",0.0,0,structural_statistics_mmd,descriptor_baseline,"{""bandwidth"": 10.0, ""feature_count"": 9, ""implementation_mode"": ""descriptor_baseline"", ""kernel"": ""rbf_mmd"", ""method"": ""structural_statistics_mmd""}",triangle,insertion,,5,8,8,13,13,0.0,0.0,0.0,0.0,0.0,0.002220592985395342,0.0052490234375,success,
barabasi_albert,"{""data_root"": """", ""dataset_name"": """", ""edge_probability"": 0.1, ""family"": ""barabasi_albert"", ""m"": 2, ""num_blocks"": 3, ""num_graphs"": 5, ""num_nodes"": 8, ""p_in"": 0.25, ""p_out"": 0.03, ""seed"": 0}",triangle_insertion,"{""alpha"": 0.0, ""edges_added"": 0, ""edges_removed"": 0, ""graphs"": 5, ""graphs_skipped"": 0, ""graphs_success"": 5, ""label_source"": null, ""method"": ""triangle_insertion"", ""perturbation_direction"": ""insertion"", ""perturbation_family"": ""triangle"", ""rewires"": 0, ""triangles_affected"": 0}",0.0,0,wl_subtree_kernel_mmd,paper_faithful,"{""implementation_mode"": ""paper_faithful"", ""method"": ""wl_subtree_kernel_mmd"", ""wl_compression"": ""shared_canonical_dictionary_per_comparison"", ""wl_feature_construction"": ""subtree_histograms_across_iterations"", ""wl_iterations"": 3, ""wl_kernel_distance_mode"": ""linear_mmd"", ""wl_label_initialization"": ""node_label_or_degree"", ""wl_node_label_key"": ""node_labels""}",triangle,insertion,,5,8,8,13,13,0.0,0.0,0.0,0.0,0.0,0.0039959579880815,0.05725860595703125,success,
barabasi_albert,"{""data_root"": """", ""dataset_name"": """", ""edge_probability"": 0.1, ""family"": ""barabasi_albert"", ""m"": 2, ""num_blocks"": 3, ""num_graphs"": 5, ""num_nodes"": 8, ""p_in"": 0.25, ""p_out"": 0.03, ""seed"": 0}",triangle_insertion,"{""alpha"": 0.0, ""edges_added"": 0, ""edges_removed"": 0, ""graphs"": 5, ""graphs_skipped"": 0, ""graphs_success"": 5, ""label_source"": null, ""method"": ""triangle_insertion"", ""perturbation_direction"": ""insertion"", ""perturbation_family"": ""triangle"", ""rewires"": 0, ""triangles_affected"": 0}",0.0,0,native_netlsd,paper_faithful,"{""distribution_distance"": ""l2_between_mean_signatures"", ""eigenvalue_count"": ""all"", ""eigenvalue_mode"": ""full_spectrum"", ""heat_signature"": ""heat_trace"", ""implementation_mode"": ""paper_faithful"", ""laplacian_type"": ""normalized"", ""method"": ""native_netlsd"", ""netlsd_normalization"": ""empty"", ""netlsd_time_scale_count"": 250, ""netlsd_time_scale_max"": 100.0, ""netlsd_time_scale_min"": 0.01, ""netlsd_time_scale_schedule"": ""logspace""}",triangle,insertion,,5,8,8,13,13,0.0,0.0,0.0,0.0,0.0,0.07267895300174132,0.09210205078125,success,
barabasi_albert,"{""data_root"": """", ""dataset_name"": """", ""edge_probability"": 0.1, ""family"": ""barabasi_albert"", ""m"": 2, ""num_blocks"": 3, ""num_graphs"": 5, ""num_nodes"": 8, ""p_in"": 0.25, ""p_out"": 0.03, ""seed"": 0}",triangle_insertion,"{""alpha"": 0.0, ""edges_added"": 0, ""edges_removed"": 0, ""graphs"": 5, ""graphs_skipped"": 0, ""graphs_success"": 5, ""label_source"": null, ""method"": ""triangle_insertion"", ""perturbation_direction"": ""insertion"", ""perturbation_family"": ""triangle"", ""rewires"": 0, ""triangles_affected"": 0}",0.0,0,diversity_curves_shortest_path,paper_faithful,"{""distance_metric"": ""shortest_path"", ""distribution_distance"": ""l2_between_mean_curves"", ""diversity_contraction_mode"": ""random_edge"", ""diversity_curve_definition"": ""shortest_path_spread"", ""diversity_repetitions"": 3, ""diversity_scale_count"": ""dataset_max_nodes"", ""diversity_scale_schedule"": ""all_integer_cardinalities"", ""diversity_upsampling_enabled"": true, ""implementation_mode"": ""paper_faithful"", ""method"": ""diversity_curves_shortest_path"", ""random_seed"": 0}",triangle,insertion,,5,8,8,13,13,0.0,0.0,0.0,0.0,0.0,0.08583721099421382,0.018576622009277344,success,
barabasi_albert,"{""data_root"": """", ""dataset_name"": """", ""edge_probability"": 0.1, ""family"": ""barabasi_albert"", ""m"": 2, ""num_blocks"": 3, ""num_graphs"": 5, ""num_nodes"": 8, ""p_in"": 0.25, ""p_out"": 0.03, ""seed"": 0}",edge_deletion,"{""alpha"": 0.0, ""edges_added"": 0, ""edges_removed"": 0, ""graphs"": 5, ""graphs_skipped"": 0, ""graphs_success"": 5, ""label_source"": null, ""method"": ""edge_deletion"", ""perturbation_direction"": ""deletion"", ""perturbation_family"": ""edge"", ""rewires"": 0, ""triangles_affected"": 0}",0.0,0,structural_statistics_mmd,descriptor_baseline,"{""bandwidth"": 10.0, ""feature_count"": 9, ""implementation_mode"": ""descriptor_baseline"", ""kernel"": ""rbf_mmd"", ""method"": ""structural_statistics_mmd""}",edge,deletion,,5,8,8,13,13,0.0,0.0,0.0,0.0,0.0,0.0015389039763249457,0.0052490234375,success,
barabasi_albert,"{""data_root"": """", ""dataset_name"": """", ""edge_probability"": 0.1, ""family"": ""barabasi_albert"", ""m"": 2, ""num_blocks"": 3, ""num_graphs"": 5, ""num_nodes"": 8, ""p_in"": 0.25, ""p_out"": 0.03, ""seed"": 0}",edge_deletion,"{""alpha"": 0.0, ""edges_added"": 0, ""edges_removed"": 0, ""graphs"": 5, ""graphs_skipped"": 0, ""graphs_success"": 5, ""label_source"": null, ""method"": ""edge_deletion"", ""perturbation_direction"": ""deletion"", ""perturbation_family"": ""edge"", ""rewires"": 0, ""triangles_affected"": 0}",0.0,0,wl_subtree_kernel_mmd,paper_faithful,"{""implementation_mode"": ""paper_faithful"", ""method"": ""wl_subtree_kernel_mmd"", ""wl_compression"": ""shared_canonical_dictionary_per_comparison"", ""wl_feature_construction"": ""subtree_histograms_across_iterations"", ""wl_iterations"": 3, ""wl_kernel_distance_mode"": ""linear_mmd"", ""wl_label_initialization"": ""node_label_or_degree"", ""wl_node_label_key"": ""node_labels""}",edge,deletion,,5,8,8,13,13,0.0,0.0,0.0,0.0,0.0,0.002649592002853751,0.0572509765625,success,
barabasi_albert,"{""data_root"": """", ""dataset_name"": """", ""edge_probability"": 0.1, ""family"": ""barabasi_albert"", ""m"": 2, ""num_blocks"": 3, ""num_graphs"": 5, ""num_nodes"": 8, ""p_in"": 0.25, ""p_out"": 0.03, ""seed"": 0}",edge_deletion,"{""alpha"": 0.0, ""edges_added"": 0, ""edges_removed"": 0, ""graphs"": 5, ""graphs_skipped"": 0, ""graphs_success"": 5, ""label_source"": null, ""method"": ""edge_deletion"", ""perturbation_direction"": ""deletion"", ""perturbation_family"": ""edge"", ""rewires"": 0, ""triangles_affected"": 0}",0.0,0,native_netlsd,paper_faithful,"{""distribution_distance"": ""l2_between_mean_signatures"", ""eigenvalue_count"": ""all"", ""eigenvalue_mode"": ""full_spectrum"", ""heat_signature"": ""heat_trace"", ""implementation_mode"": ""paper_faithful"", ""laplacian_type"": ""normalized"", ""method"": ""native_netlsd"", ""netlsd_normalization"": ""empty"", ""netlsd_time_scale_count"": 250, ""netlsd_time_scale_max"": 100.0, ""netlsd_time_scale_min"": 0.01, ""netlsd_time_scale_schedule"": ""logspace""}",edge,deletion,,5,8,8,13,13,0.0,0.0,0.0,0.0,0.0,0.0670449600147549,0.09210205078125,success,
barabasi_albert,"{""data_root"": """", ""dataset_name"": """", ""edge_probability"": 0.1, ""family"": ""barabasi_albert"", ""m"": 2, ""num_blocks"": 3, ""num_graphs"": 5, ""num_nodes"": 8, ""p_in"": 0.25, ""p_out"": 0.03, ""seed"": 0}",edge_deletion,"{""alpha"": 0.0, ""edges_added"": 0, ""edges_removed"": 0, ""graphs"": 5, ""graphs_skipped"": 0, ""graphs_success"": 5, ""label_source"": null, ""method"": ""edge_deletion"", ""perturbation_direction"": ""deletion"", ""perturbation_family"": ""edge"", ""rewires"": 0, ""triangles_affected"": 0}",0.0,0,diversity_curves_shortest_path,paper_faithful,"{""distance_metric"": ""shortest_path"", ""distribution_distance"": ""l2_between_mean_curves"", ""diversity_contraction_mode"": ""random_edge"", ""diversity_curve_definition"": ""shortest_path_spread"", ""diversity_repetitions"": 3, ""diversity_scale_count"": ""dataset_max_nodes"", ""diversity_scale_schedule"": ""all_integer_cardinalities"", ""diversity_upsampling_enabled"": true, ""implementation_mode"": ""paper_faithful"", ""method"": ""diversity_curves_shortest_path"", ""random_seed"": 0}",edge,deletion,,5,8,8,13,13,0.0,0.0,0.0,0.0,0.0,0.09500003300490789,0.023070335388183594,success,
barabasi_albert,"{""data_root"": """", ""dataset_name"": """", ""edge_probability"": 0.1, ""family"": ""barabasi_albert"", ""m"": 2, ""num_blocks"": 3, ""num_graphs"": 5, ""num_nodes"": 8, ""p_in"": 0.25, ""p_out"": 0.03, ""seed"": 0}",triangle_insertion,"{""alpha"": 0.5, ""edges_added"": 30, ""edges_removed"": 0, ""graphs"": 5, ""graphs_skipped"": 0, ""graphs_success"": 5, ""label_source"": null, ""method"": ""triangle_insertion"", ""perturbation_direction"": ""insertion"", ""perturbation_family"": ""triangle"", ""rewires"": 0, ""triangles_affected"": 30}",0.5,0,structural_statistics_mmd,descriptor_baseline,"{""bandwidth"": 10.0, ""feature_count"": 9, ""implementation_mode"": ""descriptor_baseline"", ""kernel"": ""rbf_mmd"", ""method"": ""structural_statistics_mmd""}",triangle,insertion,,5,8,8,13,19,1.1642026757057642,13.514820779908264,13.537953484561601,6.0,6.2170875472989895,0.0019453610002528876,0.00417327880859375,success,
barabasi_albert,"{""data_root"": """", ""dataset_name"": """", ""edge_probability"": 0.1, ""family"": ""barabasi_albert"", ""m"": 2, ""num_blocks"": 3, ""num_graphs"": 5, ""num_nodes"": 8, ""p_in"": 0.25, ""p_out"": 0.03, ""seed"": 0}",triangle_insertion,"{""alpha"": 0.5, ""edges_added"": 30, ""edges_removed"": 0, ""graphs"": 5, ""graphs_skipped"": 0, ""graphs_success"": 5, ""label_source"": null, ""method"": ""triangle_insertion"", ""perturbation_direction"": ""insertion"", ""perturbation_family"": ""triangle"", ""rewires"": 0, ""triangles_affected"": 30}",0.5,0,wl_subtree_kernel_mmd,paper_faithful,"{""implementation_mode"": ""paper_faithful"", ""method"": ""wl_subtree_kernel_mmd"", ""wl_compression"": ""shared_canonical_dictionary_per_comparison"", ""wl_feature_construction"": ""subtree_histograms_across_iterations"", ""wl_iterations"": 3, ""wl_kernel_distance_mode"": ""linear_mmd"", ""wl_label_initialization"": ""node_label_or_degree"", ""wl_node_label_key"": ""node_labels""}",triangle,insertion,,5,8,8,13,19,30.8,5.549774770204643,8.880777758060848,6.0,6.2170875472989895,0.0036317590274848044,0.057967185974121094,success,
barabasi_albert,"{""data_root"": """", ""dataset_name"": """", ""edge_probability"": 0.1, ""family"": ""barabasi_albert"", ""m"": 2, ""num_blocks"": 3, ""num_graphs"": 5, ""num_nodes"": 8, ""p_in"": 0.25, ""p_out"": 0.03, ""seed"": 0}",triangle_insertion,"{""alpha"": 0.5, ""edges_added"": 30, ""edges_removed"": 0, ""graphs"": 5, ""graphs_skipped"": 0, ""graphs_success"": 5, ""label_source"": null, ""method"": ""triangle_insertion"", ""perturbation_direction"": ""insertion"", ""perturbation_family"": ""triangle"", ""rewires"": 0, ""triangles_affected"": 30}",0.5,0,native_netlsd,paper_faithful,"{""distribution_distance"": ""l2_between_mean_signatures"", ""eigenvalue_count"": ""all"", ""eigenvalue_mode"": ""full_spectrum"", ""heat_signature"": ""heat_trace"", ""implementation_mode"": ""paper_faithful"", ""laplacian_type"": ""normalized"", ""method"": ""native_netlsd"", ""netlsd_normalization"": ""empty"", ""netlsd_time_scale_count"": 250, ""netlsd_time_scale_max"": 100.0, ""netlsd_time_scale_min"": 0.01, ""netlsd_time_scale_schedule"": ""logspace""}",triangle,insertion,,5,8,8,13,19,0.11276891697704185,0.11276891697704185,0.11308933386629416,6.0,6.2170875472989895,0.05977420700946823,0.09210205078125,success,
barabasi_albert,"{""data_root"": """", ""dataset_name"": """", ""edge_probability"": 0.1, ""family"": ""barabasi_albert"", ""m"": 2, ""num_blocks"": 3, ""num_graphs"": 5, ""num_nodes"": 8, ""p_in"": 0.25, ""p_out"": 0.03, ""seed"": 0}",triangle_insertion,"{""alpha"": 0.5, ""edges_added"": 30, ""edges_removed"": 0, ""graphs"": 5, ""graphs_skipped"": 0, ""graphs_success"": 5, ""label_source"": null, ""method"": ""triangle_insertion"", ""perturbation_direction"": ""insertion"", ""perturbation_family"": ""triangle"", ""rewires"": 0, ""triangles_affected"": 30}",0.5,0,diversity_curves_shortest_path,paper_faithful,"{""distance_metric"": ""shortest_path"", ""distribution_distance"": ""l2_between_mean_curves"", ""diversity_contraction_mode"": ""random_edge"", ""diversity_curve_definition"": ""shortest_path_spread"", ""diversity_repetitions"": 3, ""diversity_scale_count"": ""dataset_max_nodes"", ""diversity_scale_schedule"": ""all_integer_cardinalities"", ""diversity_upsampling_enabled"": true, ""implementation_mode"": ""paper_faithful"", ""method"": ""diversity_curves_shortest_path"", ""random_seed"": 0}",triangle,insertion,,5,8,8,13,19,0.6427897814140076,0.6427897814140076,0.6540219472464937,6.0,6.2170875472989895,0.10995272299624048,0.04757499694824219,success,
barabasi_albert,"{""data_root"": """", ""dataset_name"": """", ""edge_probability"": 0.1, ""family"": ""barabasi_albert"", ""m"": 2, ""num_blocks"": 3, ""num_graphs"": 5, ""num_nodes"": 8, ""p_in"": 0.25, ""p_out"": 0.03, ""seed"": 0}",triangle_deletion,"{""alpha"": 1.0, ""edges_added"": 0, ""edges_removed"": 53, ""graphs"": 5, ""graphs_skipped"": 0, ""graphs_success"": 5, ""label_source"": null, ""method"": ""triangle_deletion"", ""perturbation_direction"": ""deletion"", ""perturbation_family"": ""triangle"", ""rewires"": 0, ""triangles_affected"": 53}",1.0,0,structural_statistics_mmd,descriptor_baseline,"{""bandwidth"": 10.0, ""feature_count"": 9, ""implementation_mode"": ""descriptor_baseline"", ""kernel"": ""rbf_mmd"", ""method"": ""structural_statistics_mmd""}",triangle,deletion,,5,8,8,0,13,1.0696297501320213,12.853620424673828,12.886853969071316,10.6,12.409976699141128,0.001477279991377145,0.0052642822265625,success,
barabasi_albert,"{""data_root"": """", ""dataset_name"": """", ""edge_probability"": 0.1, ""family"": ""barabasi_albert"", ""m"": 2, ""num_blocks"": 3, ""num_graphs"": 5, ""num_nodes"": 8, ""p_in"": 0.25, ""p_out"": 0.03, ""seed"": 0}",triangle_deletion,"{""alpha"": 1.0, ""edges_added"": 0, ""edges_removed"": 53, ""graphs"": 5, ""graphs_skipped"": 0, ""graphs_success"": 5, ""label_source"": null, ""method"": ""triangle_deletion"", ""perturbation_direction"": ""deletion"", ""perturbation_family"": ""triangle"", ""rewires"": 0, ""triangles_affected"": 53}",1.0,0,wl_subtree_kernel_mmd,paper_faithful,"{""implementation_mode"": ""paper_faithful"", ""method"": ""wl_subtree_kernel_mmd"", ""wl_compression"": ""shared_canonical_dictionary_per_comparison"", ""wl_feature_construction"": ""subtree_histograms_across_iterations"", ""wl_iterations"": 3, ""wl_kernel_distance_mode"": ""linear_mmd"", ""wl_label_initialization"": ""node_label_or_degree"", ""wl_node_label_key"": ""node_labels""}",triangle,deletion,,5,8,8,0,13,118.31999999999998,10.877499712709717,12.622380879039147,10.6,12.409976699141128,0.0036458109971135855,0.03583717346191406,success,
barabasi_albert,"{""data_root"": """", ""dataset_name"": """", ""edge_probability"": 0.1, ""family"": ""barabasi_albert"", ""m"": 2, ""num_blocks"": 3, ""num_graphs"": 5, ""num_nodes"": 8, ""p_in"": 0.25, ""p_out"": 0.03, ""seed"": 0}",triangle_deletion,"{""alpha"": 1.0, ""edges_added"": 0, ""edges_removed"": 53, ""graphs"": 5, ""graphs_skipped"": 0, ""graphs_success"": 5, ""label_source"": null, ""method"": ""triangle_deletion"", ""perturbation_direction"": ""deletion"", ""perturbation_family"": ""triangle"", ""rewires"": 0, ""triangles_affected"": 53}",1.0,0,native_netlsd,paper_faithful,"{""distribution_distance"": ""l2_between_mean_signatures"", ""eigenvalue_count"": ""all"", ""eigenvalue_mode"": ""full_spectrum"", ""heat_signature"": ""heat_trace"", ""implementation_mode"": ""paper_faithful"", ""laplacian_type"": ""normalized"", ""method"": ""native_netlsd"", ""netlsd_normalization"": ""empty"", ""netlsd_time_scale_count"": 250, ""netlsd_time_scale_max"": 100.0, ""netlsd_time_scale_min"": 0.01, ""netlsd_time_scale_schedule"": ""logspace""}",triangle,deletion,,5,8,8,0,13,6.364229378344901,6.364229378344901,6.365240348759452,10.6,12.409976699141128,0.0401758239895571,0.09210205078125,success,
barabasi_albert,"{""data_root"": """", ""dataset_name"": """", ""edge_probability"": 0.1, ""family"": ""barabasi_albert"", ""m"": 2, ""num_blocks"": 3, ""num_graphs"": 5, ""num_nodes"": 8, ""p_in"": 0.25, ""p_out"": 0.03, ""seed"": 0}",triangle_deletion,"{""alpha"": 1.0, ""edges_added"": 0, ""edges_removed"": 53, ""graphs"": 5, ""graphs_skipped"": 0, ""graphs_success"": 5, ""label_source"": null, ""method"": ""triangle_deletion"", ""perturbation_direction"": ""deletion"", ""perturbation_family"": ""triangle"", ""rewires"": 0, ""triangles_affected"": 53}",1.0,0,diversity_curves_shortest_path,paper_faithful,"{""distance_metric"": ""shortest_path"", ""distribution_distance"": ""l2_between_mean_curves"", ""diversity_contraction_mode"": ""random_edge"", ""diversity_curve_definition"": ""shortest_path_spread"", ""diversity_repetitions"": 3, ""diversity_scale_count"": ""dataset_max_nodes"", ""diversity_scale_schedule"": ""all_integer_cardinalities"", ""diversity_upsampling_enabled"": true, ""implementation_mode"": ""paper_faithful"", ""method"": ""diversity_curves_shortest_path"", ""random_seed"": 0}",triangle,deletion,,5,8,8,0,13,6.640121085804638,6.640121085804638,6.665635961446535,10.6,12.409976699141128,0.05784688901621848,0.015517234802246094,success,
barabasi_albert,"{""data_root"": """", ""dataset_name"": """", ""edge_probability"": 0.1, ""family"": ""barabasi_albert"", ""m"": 2, ""num_blocks"": 3, ""num_graphs"": 5, ""num_nodes"": 8, ""p_in"": 0.25, ""p_out"": 0.03, ""seed"": 0}",triangle_deletion,"{""alpha"": 0.5, ""edges_added"": 0, ""edges_removed"": 30, ""graphs"": 5, ""graphs_skipped"": 0, ""graphs_success"": 5, ""label_source"": null, ""method"": ""triangle_deletion"", ""perturbation_direction"": ""deletion"", ""perturbation_family"": ""triangle"", ""rewires"": 0, ""triangles_affected"": 30}",0.5,0,structural_statistics_mmd,descriptor_baseline,"{""bandwidth"": 10.0, ""feature_count"": 9, ""implementation_mode"": ""descriptor_baseline"", ""kernel"": ""rbf_mmd"", ""method"": ""structural_statistics_mmd""}",triangle,deletion,,5,8,8,7,13,0.5102166509758508,7.712515411854284,7.727220926839019,6.0,7.232380085350814,0.0020368609984871,0.00501251220703125,success,
barabasi_albert,"{""data_root"": """", ""dataset_name"": """", ""edge_probability"": 0.1, ""family"": ""barabasi_albert"", ""m"": 2, ""num_blocks"": 3, ""num_graphs"": 5, ""num_nodes"": 8, ""p_in"": 0.25, ""p_out"": 0.03, ""seed"": 0}",triangle_deletion,"{""alpha"": 0.5, ""edges_added"": 0, ""edges_removed"": 30, ""graphs"": 5, ""graphs_skipped"": 0, ""graphs_success"": 5, ""label_source"": null, ""method"": ""triangle_deletion"", ""perturbation_direction"": ""deletion"", ""perturbation_family"": ""triangle"", ""rewires"": 0, ""triangles_affected"": 30}",0.5,0,wl_subtree_kernel_mmd,paper_faithful,"{""implementation_mode"": ""paper_faithful"", ""method"": ""wl_subtree_kernel_mmd"", ""wl_compression"": ""shared_canonical_dictionary_per_comparison"", ""wl_feature_construction"": ""subtree_histograms_across_iterations"", ""wl_iterations"": 3, ""wl_kernel_distance_mode"": ""linear_mmd"", ""wl_label_initialization"": ""node_label_or_degree"", ""wl_node_label_key"": ""node_labels""}",triangle,deletion,,5,8,8,7,13,31.6,5.621387729022079,10.141974631292225,6.0,7.232380085350814,0.003281644021626562,0.04307746887207031,success,
barabasi_albert,"{""data_root"": """", ""dataset_name"": """", ""edge_probability"": 0.1, ""family"": ""barabasi_albert"", ""m"": 2, ""num_blocks"": 3, ""num_graphs"": 5, ""num_nodes"": 8, ""p_in"": 0.25, ""p_out"": 0.03, ""seed"": 0}",triangle_deletion,"{""alpha"": 0.5, ""edges_added"": 0, ""edges_removed"": 30, ""graphs"": 5, ""graphs_skipped"": 0, ""graphs_success"": 5, ""label_source"": null, ""method"": ""triangle_deletion"", ""perturbation_direction"": ""deletion"", ""perturbation_family"": ""triangle"", ""rewires"": 0, ""triangles_affected"": 30}",0.5,0,native_netlsd,paper_faithful,"{""distribution_distance"": ""l2_between_mean_signatures"", ""eigenvalue_count"": ""all"", ""eigenvalue_mode"": ""full_spectrum"", ""heat_signature"": ""heat_trace"", ""implementation_mode"": ""paper_faithful"", ""laplacian_type"": ""normalized"", ""method"": ""native_netlsd"", ""netlsd_normalization"": ""empty"", ""netlsd_time_scale_count"": 250, ""netlsd_time_scale_max"": 100.0, ""netlsd_time_scale_min"": 0.01, ""netlsd_time_scale_schedule"": ""logspace""}",triangle,deletion,,5,8,8,7,13,1.5246575245895062,1.5246575245895062,1.528279431589556,6.0,7.232380085350814,0.05945671600056812,0.09210205078125,success,
barabasi_albert,"{""data_root"": """", ""dataset_name"": """", ""edge_probability"": 0.1, ""family"": ""barabasi_albert"", ""m"": 2, ""num_blocks"": 3, ""num_graphs"": 5, ""num_nodes"": 8, ""p_in"": 0.25, ""p_out"": 0.03, ""seed"": 0}",triangle_deletion,"{""alpha"": 0.5, ""edges_added"": 0, ""edges_removed"": 30, ""graphs"": 5, ""graphs_skipped"": 0, ""graphs_success"": 5, ""label_source"": null, ""method"": ""triangle_deletion"", ""perturbation_direction"": ""deletion"", ""perturbation_family"": ""triangle"", ""rewires"": 0, ""triangles_affected"": 30}",0.5,0,diversity_curves_shortest_path,paper_faithful,"{""distance_metric"": ""shortest_path"", ""distribution_distance"": ""l2_between_mean_curves"", ""diversity_contraction_mode"": ""random_edge"", ""diversity_curve_definition"": ""shortest_path_spread"", ""diversity_repetitions"": 3, ""diversity_scale_count"": ""dataset_max_nodes"", ""diversity_scale_schedule"": ""all_integer_cardinalities"", ""diversity_upsampling_enabled"": true, ""implementation_mode"": ""paper_faithful"", ""method"": ""diversity_curves_shortest_path"", ""random_seed"": 0}",triangle,deletion,,5,8,8,7,13,2.5406871576345273,2.5406871576345273,2.545170045899554,6.0,7.232380085350814,0.06705282398615964,0.014925003051757812,success,
barabasi_albert,"{""data_root"": """", ""dataset_name"": """", ""edge_probability"": 0.1, ""family"": ""barabasi_albert"", ""m"": 2, ""num_blocks"": 3, ""num_graphs"": 5, ""num_nodes"": 8, ""p_in"": 0.25, ""p_out"": 0.03, ""seed"": 0}",triangle_deletion,"{""alpha"": 0.0, ""edges_added"": 0, ""edges_removed"": 0, ""graphs"": 5, ""graphs_skipped"": 0, ""graphs_success"": 5, ""label_source"": null, ""method"": ""triangle_deletion"", ""perturbation_direction"": ""deletion"", ""perturbation_family"": ""triangle"", ""rewires"": 0, ""triangles_affected"": 0}",0.0,0,structural_statistics_mmd,descriptor_baseline,"{""bandwidth"": 10.0, ""feature_count"": 9, ""implementation_mode"": ""descriptor_baseline"", ""kernel"": ""rbf_mmd"", ""method"": ""structural_statistics_mmd""}",triangle,deletion,,5,8,8,13,13,0.0,0.0,0.0,0.0,0.0,0.0022583440004382282,0.0052490234375,success,
barabasi_albert,"{""data_root"": """", ""dataset_name"": """", ""edge_probability"": 0.1, ""family"": ""barabasi_albert"", ""m"": 2, ""num_blocks"": 3, ""num_graphs"": 5, ""num_nodes"": 8, ""p_in"": 0.25, ""p_out"": 0.03, ""seed"": 0}",triangle_deletion,"{""alpha"": 0.0, ""edges_added"": 0, ""edges_removed"": 0, ""graphs"": 5, ""graphs_skipped"": 0, ""graphs_success"": 5, ""label_source"": null, ""method"": ""triangle_deletion"", ""perturbation_direction"": ""deletion"", ""perturbation_family"": ""triangle"", ""rewires"": 0, ""triangles_affected"": 0}",0.0,0,wl_subtree_kernel_mmd,paper_faithful,"{""implementation_mode"": ""paper_faithful"", ""method"": ""wl_subtree_kernel_mmd"", ""wl_compression"": ""shared_canonical_dictionary_per_comparison"", ""wl_feature_construction"": ""subtree_histograms_across_iterations"", ""wl_iterations"": 3, ""wl_kernel_distance_mode"": ""linear_mmd"", ""wl_label_initialization"": ""node_label_or_degree"", ""wl_node_label_key"": ""node_labels""}",triangle,deletion,,5,8,8,13,13,0.0,0.0,0.0,0.0,0.0,0.004231315018841997,0.05413055419921875,success,
barabasi_albert,"{""data_root"": """", ""dataset_name"": """", ""edge_probability"": 0.1, ""family"": ""barabasi_albert"", ""m"": 2, ""num_blocks"": 3, ""num_graphs"": 5, ""num_nodes"": 8, ""p_in"": 0.25, ""p_out"": 0.03, ""seed"": 0}",triangle_deletion,"{""alpha"": 0.0, ""edges_added"": 0, ""edges_removed"": 0, ""graphs"": 5, ""graphs_skipped"": 0, ""graphs_success"": 5, ""label_source"": null, ""method"": ""triangle_deletion"", ""perturbation_direction"": ""deletion"", ""perturbation_family"": ""triangle"", ""rewires"": 0, ""triangles_affected"": 0}",0.0,0,native_netlsd,paper_faithful,"{""distribution_distance"": ""l2_between_mean_signatures"", ""eigenvalue_count"": ""all"", ""eigenvalue_mode"": ""full_spectrum"", ""heat_signature"": ""heat_trace"", ""implementation_mode"": ""paper_faithful"", ""laplacian_type"": ""normalized"", ""method"": ""native_netlsd"", ""netlsd_normalization"": ""empty"", ""netlsd_time_scale_count"": 250, ""netlsd_time_scale_max"": 100.0, ""netlsd_time_scale_min"": 0.01, ""netlsd_time_scale_schedule"": ""logspace""}",triangle,deletion,,5,8,8,13,13,0.0,0.0,0.0,0.0,0.0,0.058819276018766686,0.09210205078125,success,
barabasi_albert,"{""data_root"": """", ""dataset_name"": """", ""edge_probability"": 0.1, ""family"": ""barabasi_albert"", ""m"": 2, ""num_blocks"": 3, ""num_graphs"": 5, ""num_nodes"": 8, ""p_in"": 0.25, ""p_out"": 0.03, ""seed"": 0}",triangle_deletion,"{""alpha"": 0.0, ""edges_added"": 0, ""edges_removed"": 0, ""graphs"": 5, ""graphs_skipped"": 0, ""graphs_success"": 5, ""label_source"": null, ""method"": ""triangle_deletion"", ""perturbation_direction"": ""deletion"", ""perturbation_family"": ""triangle"", ""rewires"": 0, ""triangles_affected"": 0}",0.0,0,diversity_curves_shortest_path,paper_faithful,"{""distance_metric"": ""shortest_path"", ""distribution_distance"": ""l2_between_mean_curves"", ""diversity_contraction_mode"": ""random_edge"", ""diversity_curve_definition"": ""shortest_path_spread"", ""diversity_repetitions"": 3, ""diversity_scale_count"": ""dataset_max_nodes"", ""diversity_scale_schedule"": ""all_integer_cardinalities"", ""diversity_upsampling_enabled"": true, ""implementation_mode"": ""paper_faithful"", ""method"": ""diversity_curves_shortest_path"", ""random_seed"": 0}",triangle,deletion,,5,8,8,13,13,0.0,0.0,0.0,0.0,0.0,0.08277412099414505,0.016043663024902344,success,
barabasi_albert,"{""data_root"": """", ""dataset_name"": """", ""edge_probability"": 0.1, ""family"": ""barabasi_albert"", ""m"": 2, ""num_blocks"": 3, ""num_graphs"": 5, ""num_nodes"": 8, ""p_in"": 0.25, ""p_out"": 0.03, ""seed"": 0}",triangle_insertion,"{""alpha"": 1.0, ""edges_added"": 64, ""edges_removed"": 0, ""graphs"": 5, ""graphs_skipped"": 0, ""graphs_success"": 5, ""label_source"": null, ""method"": ""triangle_insertion"", ""perturbation_direction"": ""insertion"", ""perturbation_family"": ""triangle"", ""rewires"": 0, ""triangles_affected"": 64}",1.0,0,structural_statistics_mmd,descriptor_baseline,"{""bandwidth"": 10.0, ""feature_count"": 9, ""implementation_mode"": ""descriptor_baseline"", ""kernel"": ""rbf_mmd"", ""method"": ""structural_statistics_mmd""}",triangle,insertion,,5,8,8,13,26,1.9569410759565076,41.004684717430536,41.01033818492964,12.8,13.57777080069898,0.002644132007844746,0.00417327880859375,success,
barabasi_albert,"{""data_root"": """", ""dataset_name"": """", ""edge_probability"": 0.1, ""family"": ""barabasi_albert"", ""m"": 2, ""num_blocks"": 3, ""num_graphs"": 5, ""num_nodes"": 8, ""p_in"": 0.25, ""p_out"": 0.03, ""seed"": 0}",triangle_insertion,"{""alpha"": 1.0, ""edges_added"": 64, ""edges_removed"": 0, ""graphs"": 5, ""graphs_skipped"": 0, ""graphs_success"": 5, ""label_source"": null, ""method"": ""triangle_insertion"", ""perturbation_direction"": ""insertion"", ""perturbation_family"": ""triangle"", ""rewires"": 0, ""triangles_affected"": 64}",1.0,0,wl_subtree_kernel_mmd,paper_faithful,"{""implementation_mode"": ""paper_faithful"", ""method"": ""wl_subtree_kernel_mmd"", ""wl_compression"": ""shared_canonical_dictionary_per_comparison"", ""wl_feature_construction"": ""subtree_histograms_across_iterations"", ""wl_iterations"": 3, ""wl_kernel_distance_mode"": ""linear_mmd"", ""wl_label_initialization"": ""node_label_or_degree"", ""wl_node_label_key"": ""node_labels""}",triangle,insertion,,5,8,8,13,26,78.96000000000001,8.885943956609225,12.588397695745778,12.8,13.57777080069898,0.003945163014577702,0.039015769958496094,success,
barabasi_albert,"{""data_root"": """", ""dataset_name"": """", ""edge_probability"": 0.1, ""family"": ""barabasi_albert"", ""m"": 2, ""num_blocks"": 3, ""num_graphs"": 5, ""num_nodes"": 8, ""p_in"": 0.25, ""p_out"": 0.03, ""seed"": 0}",triangle_insertion,"{""alpha"": 1.0, ""edges_added"": 64, ""edges_removed"": 0, ""graphs"": 5, ""graphs_skipped"": 0, ""graphs_success"": 5, ""label_source"": null, ""method"": ""triangle_insertion"", ""perturbation_direction"": ""insertion"", ""perturbation_family"": ""triangle"", ""rewires"": 0, ""triangles_affected"": 64}",1.0,0,native_netlsd,paper_faithful,"{""distribution_distance"": ""l2_between_mean_signatures"", ""eigenvalue_count"": ""all"", ""eigenvalue_mode"": ""full_spectrum"", ""heat_signature"": ""heat_trace"", ""implementation_mode"": ""paper_faithful"", ""laplacian_type"": ""normalized"", ""method"": ""native_netlsd"", ""netlsd_normalization"": ""empty"", ""netlsd_time_scale_count"": 250, ""netlsd_time_scale_max"": 100.0, ""netlsd_time_scale_min"": 0.01, ""netlsd_time_scale_schedule"": ""logspace""}",triangle,insertion,,5,8,8,13,26,0.18929991602492507,0.18929991602492507,0.18964592764844004,12.8,13.57777080069898,0.05404166699736379,0.09210205078125,success,
barabasi_albert,"{""data_root"": """", ""dataset_name"": """", ""edge_probability"": 0.1, ""family"": ""barabasi_albert"", ""m"": 2, ""num_blocks"": 3, ""num_graphs"": 5, ""num_nodes"": 8, ""p_in"": 0.25, ""p_out"": 0.03, ""seed"": 0}",triangle_insertion,"{""alpha"": 1.0, ""edges_added"": 64, ""edges_removed"": 0, ""graphs"": 5, ""graphs_skipped"": 0, ""graphs_success"": 5, ""label_source"": null, ""method"": ""triangle_insertion"", ""perturbation_direction"": ""insertion"", ""perturbation_family"": ""triangle"", ""rewires"": 0, ""triangles_affected"": 64}",1.0,0,diversity_curves_shortest_path,paper_faithful,"{""distance_metric"": ""shortest_path"", ""distribution_distance"": ""l2_between_mean_curves"", ""diversity_contraction_mode"": ""random_edge"", ""diversity_curve_definition"": ""shortest_path_spread"", ""diversity_repetitions"": 3, ""diversity_scale_count"": ""dataset_max_nodes"", ""diversity_scale_schedule"": ""all_integer_cardinalities"", ""diversity_upsampling_enabled"": true, ""implementation_mode"": ""paper_faithful"", ""method"": ""diversity_curves_shortest_path"", ""random_seed"": 0}",triangle,insertion,,5,8,8,13,26,1.092752330712151,1.092752330712151,1.1018792808127869,12.8,13.57777080069898,0.13037409400567412,0.06135272979736328,success,
barabasi_albert,"{""data_root"": """", ""dataset_name"": """", ""edge_probability"": 0.1, ""family"": ""barabasi_albert"", ""m"": 2, ""num_blocks"": 3, ""num_graphs"": 5, ""num_nodes"": 8, ""p_in"": 0.25, ""p_out"": 0.03, ""seed"": 0}",community_weakening,"{""alpha"": 0.5, ""edges_added"": 16, ""edges_removed"": 16, ""graphs"": 5, ""graphs_skipped"": 0, ""graphs_success"": 5, ""label_source"": ""detected"", ""method"": ""community_weakening"", ""perturbation_direction"": ""weakening"", ""perturbation_family"": ""community"", ""rewires"": 16, ""triangles_affected"": 0}",0.5,0,structural_statistics_mmd,descriptor_baseline,"{""bandwidth"": 10.0, ""feature_count"": 9, ""implementation_mode"": ""descriptor_baseline"", ""kernel"": ""rbf_mmd"", ""method"": ""structural_statistics_mmd""}",community,weakening,detected,5,8,8,13,13,0.0016763442730824973,0.41561691597245465,1.0269284693265477,6.4,6.701047981647951,0.002770777005935088,0.00417327880859375,success,
barabasi_albert,"{""data_root"": """", ""dataset_name"": """", ""edge_probability"": 0.1, ""family"": ""barabasi_albert"", ""m"": 2, ""num_blocks"": 3, ""num_graphs"": 5, ""num_nodes"": 8, ""p_in"": 0.25, ""p_out"": 0.03, ""seed"": 0}",community_weakening,"{""alpha"": 0.5, ""edges_added"": 16, ""edges_removed"": 16, ""graphs"": 5, ""graphs_skipped"": 0, ""graphs_success"": 5, ""label_source"": ""detected"", ""method"": ""community_weakening"", ""perturbation_direction"": ""weakening"", ""perturbation_family"": ""community"", ""rewires"": 16, ""triangles_affected"": 0}",0.5,0,wl_subtree_kernel_mmd,paper_faithful,"{""implementation_mode"": ""paper_faithful"", ""method"": ""wl_subtree_kernel_mmd"", ""wl_compression"": ""shared_canonical_dictionary_per_comparison"", ""wl_feature_construction"": ""subtree_histograms_across_iterations"", ""wl_iterations"": 3, ""wl_kernel_distance_mode"": ""linear_mmd"", ""wl_label_initialization"": ""node_label_or_degree"", ""wl_node_label_key"": ""node_labels""}",community,weakening,detected,5,8,8,13,13,14.880000000000003,3.8574603043971822,7.412057726391521,6.4,6.701047981647951,0.005330963002052158,0.05678558349609375,success,
barabasi_albert,"{""data_root"": """", ""dataset_name"": """", ""edge_probability"": 0.1, ""family"": ""barabasi_albert"", ""m"": 2, ""num_blocks"": 3, ""num_graphs"": 5, ""num_nodes"": 8, ""p_in"": 0.25, ""p_out"": 0.03, ""seed"": 0}",community_weakening,"{""alpha"": 0.5, ""edges_added"": 16, ""edges_removed"": 16, ""graphs"": 5, ""graphs_skipped"": 0, ""graphs_success"": 5, ""label_source"": ""detected"", ""method"": ""community_weakening"", ""perturbation_direction"": ""weakening"", ""perturbation_family"": ""community"", ""rewires"": 16, ""triangles_affected"": 0}",0.5,0,native_netlsd,paper_faithful,"{""distribution_distance"": ""l2_between_mean_signatures"", ""eigenvalue_count"": ""all"", ""eigenvalue_mode"": ""full_spectrum"", ""heat_signature"": ""heat_trace"", ""implementation_mode"": ""paper_faithful"", ""laplacian_type"": ""normalized"", ""method"": ""native_netlsd"", ""netlsd_normalization"": ""empty"", ""netlsd_time_scale_count"": 250, ""netlsd_time_scale_max"": 100.0, ""netlsd_time_scale_min"": 0.01, ""netlsd_time_scale_schedule"": ""logspace""}",community,weakening,detected,5,8,8,13,13,0.012931698305441693,0.012931698305441693,0.015124028335553607,6.4,6.701047981647951,0.06641735098673962,0.09210205078125,success,
barabasi_albert,"{""data_root"": """", ""dataset_name"": """", ""edge_probability"": 0.1, ""family"": ""barabasi_albert"", ""m"": 2, ""num_blocks"": 3, ""num_graphs"": 5, ""num_nodes"": 8, ""p_in"": 0.25, ""p_out"": 0.03, ""seed"": 0}",community_weakening,"{""alpha"": 0.5, ""edges_added"": 16, ""edges_removed"": 16, ""graphs"": 5, ""graphs_skipped"": 0, ""graphs_success"": 5, ""label_source"": ""detected"", ""method"": ""community_weakening"", ""perturbation_direction"": ""weakening"", ""perturbation_family"": ""community"", ""rewires"": 16, ""triangles_affected"": 0}",0.5,0,diversity_curves_shortest_path,paper_faithful,"{""distance_metric"": ""shortest_path"", ""distribution_distance"": ""l2_between_mean_curves"", ""diversity_contraction_mode"": ""random_edge"", ""diversity_curve_definition"": ""shortest_path_spread"", ""diversity_repetitions"": 3, ""diversity_scale_count"": ""dataset_max_nodes"", ""diversity_scale_schedule"": ""all_integer_cardinalities"", ""diversity_upsampling_enabled"": true, ""implementation_mode"": ""paper_faithful"", ""method"": ""diversity_curves_shortest_path"", ""random_seed"": 0}",community,weakening,detected,5,8,8,13,13,0.09220901636429965,0.09220901636429965,0.18966559704340738,6.4,6.701047981647951,0.08551307499874383,0.01763916015625,success,
erdos_renyi,"{""data_root"": """", ""dataset_name"": """", ""edge_probability"": 0.12, ""family"": ""erdos_renyi"", ""m"": 2, ""num_blocks"": 3, ""num_graphs"": 5, ""num_nodes"": 8, ""p_in"": 0.25, ""p_out"": 0.03, ""seed"": 1}",edge_insertion,"{""alpha"": 0.0, ""edges_added"": 0, ""edges_removed"": 0, ""graphs"": 5, ""graphs_skipped"": 0, ""graphs_success"": 5, ""label_source"": null, ""method"": ""edge_insertion"", ""perturbation_direction"": ""insertion"", ""perturbation_family"": ""edge"", ""rewires"": 0, ""triangles_affected"": 0}",0.0,1,structural_statistics_mmd,descriptor_baseline,"{""bandwidth"": 10.0, ""feature_count"": 9, ""implementation_mode"": ""descriptor_baseline"", ""kernel"": ""rbf_mmd"", ""method"": ""structural_statistics_mmd""}",edge,insertion,,5,8,8,1,6,0.0,0.0,0.0,0.0,0.0,0.0012872960069216788,0.00604248046875,success,
erdos_renyi,"{""data_root"": """", ""dataset_name"": """", ""edge_probability"": 0.12, ""family"": ""erdos_renyi"", ""m"": 2, ""num_blocks"": 3, ""num_graphs"": 5, ""num_nodes"": 8, ""p_in"": 0.25, ""p_out"": 0.03, ""seed"": 1}",edge_insertion,"{""alpha"": 0.0, ""edges_added"": 0, ""edges_removed"": 0, ""graphs"": 5, ""graphs_skipped"": 0, ""graphs_success"": 5, ""label_source"": null, ""method"": ""edge_insertion"", ""perturbation_direction"": ""insertion"", ""perturbation_family"": ""edge"", ""rewires"": 0, ""triangles_affected"": 0}",0.0,1,wl_subtree_kernel_mmd,paper_faithful,"{""implementation_mode"": ""paper_faithful"", ""method"": ""wl_subtree_kernel_mmd"", ""wl_compression"": ""shared_canonical_dictionary_per_comparison"", ""wl_feature_construction"": ""subtree_histograms_across_iterations"", ""wl_iterations"": 3, ""wl_kernel_distance_mode"": ""linear_mmd"", ""wl_label_initialization"": ""node_label_or_degree"", ""wl_node_label_key"": ""node_labels""}",edge,insertion,,5,8,8,1,6,0.0,0.0,0.0,0.0,0.0,0.0023132149945013225,0.026170730590820312,success,
erdos_renyi,"{""data_root"": """", ""dataset_name"": """", ""edge_probability"": 0.12, ""family"": ""erdos_renyi"", ""m"": 2, ""num_blocks"": 3, ""num_graphs"": 5, ""num_nodes"": 8, ""p_in"": 0.25, ""p_out"": 0.03, ""seed"": 1}",edge_insertion,"{""alpha"": 0.0, ""edges_added"": 0, ""edges_removed"": 0, ""graphs"": 5, ""graphs_skipped"": 0, ""graphs_success"": 5, ""label_source"": null, ""method"": ""edge_insertion"", ""perturbation_direction"": ""insertion"", ""perturbation_family"": ""edge"", ""rewires"": 0, ""triangles_affected"": 0}",0.0,1,native_netlsd,paper_faithful,"{""distribution_distance"": ""l2_between_mean_signatures"", ""eigenvalue_count"": ""all"", ""eigenvalue_mode"": ""full_spectrum"", ""heat_signature"": ""heat_trace"", ""implementation_mode"": ""paper_faithful"", ""laplacian_type"": ""normalized"", ""method"": ""native_netlsd"", ""netlsd_normalization"": ""empty"", ""netlsd_time_scale_count"": 250, ""netlsd_time_scale_max"": 100.0, ""netlsd_time_scale_min"": 0.01, ""netlsd_time_scale_schedule"": ""logspace""}",edge,insertion,,5,8,8,1,6,0.0,0.0,0.0,0.0,0.0,0.027528753998922184,0.092193603515625,success,
erdos_renyi,"{""data_root"": """", ""dataset_name"": """", ""edge_probability"": 0.12, ""family"": ""erdos_renyi"", ""m"": 2, ""num_blocks"": 3, ""num_graphs"": 5, ""num_nodes"": 8, ""p_in"": 0.25, ""p_out"": 0.03, ""seed"": 1}",edge_insertion,"{""alpha"": 0.0, ""edges_added"": 0, ""edges_removed"": 0, ""graphs"": 5, ""graphs_skipped"": 0, ""graphs_success"": 5, ""label_source"": null, ""method"": ""edge_insertion"", ""perturbation_direction"": ""insertion"", ""perturbation_family"": ""edge"", ""rewires"": 0, ""triangles_affected"": 0}",0.0,1,diversity_curves_shortest_path,paper_faithful,"{""distance_metric"": ""shortest_path"", ""distribution_distance"": ""l2_between_mean_curves"", ""diversity_contraction_mode"": ""random_edge"", ""diversity_curve_definition"": ""shortest_path_spread"", ""diversity_repetitions"": 3, ""diversity_scale_count"": ""dataset_max_nodes"", ""diversity_scale_schedule"": ""all_integer_cardinalities"", ""diversity_upsampling_enabled"": true, ""implementation_mode"": ""paper_faithful"", ""method"": ""diversity_curves_shortest_path"", ""random_seed"": 0}",edge,insertion,,5,8,8,1,6,0.0,0.0,0.0,0.0,0.0,0.03440182699705474,0.014809608459472656,success,
barabasi_albert,"{""data_root"": """", ""dataset_name"": """", ""edge_probability"": 0.1, ""family"": ""barabasi_albert"", ""m"": 2, ""num_blocks"": 3, ""num_graphs"": 5, ""num_nodes"": 8, ""p_in"": 0.25, ""p_out"": 0.03, ""seed"": 0}",community_weakening,"{""alpha"": 1.0, ""edges_added"": 35, ""edges_removed"": 35, ""graphs"": 5, ""graphs_skipped"": 0, ""graphs_success"": 5, ""label_source"": ""detected"", ""method"": ""community_weakening"", ""perturbation_direction"": ""weakening"", ""perturbation_family"": ""community"", ""rewires"": 35, ""triangles_affected"": 0}",1.0,0,structural_statistics_mmd,descriptor_baseline,"{""bandwidth"": 10.0, ""feature_count"": 9, ""implementation_mode"": ""descriptor_baseline"", ""kernel"": ""rbf_mmd"", ""method"": ""structural_statistics_mmd""}",community,weakening,detected,5,8,8,13,13,0.021845979637428847,1.5336755819538637,2.1613193682084453,14.0,14.854138829726267,0.0019398700096644461,0.00417327880859375,success,
barabasi_albert,"{""data_root"": """", ""dataset_name"": """", ""edge_probability"": 0.1, ""family"": ""barabasi_albert"", ""m"": 2, ""num_blocks"": 3, ""num_graphs"": 5, ""num_nodes"": 8, ""p_in"": 0.25, ""p_out"": 0.03, ""seed"": 0}",community_weakening,"{""alpha"": 1.0, ""edges_added"": 35, ""edges_removed"": 35, ""graphs"": 5, ""graphs_skipped"": 0, ""graphs_success"": 5, ""label_source"": ""detected"", ""method"": ""community_weakening"", ""perturbation_direction"": ""weakening"", ""perturbation_family"": ""community"", ""rewires"": 35, ""triangles_affected"": 0}",1.0,0,wl_subtree_kernel_mmd,paper_faithful,"{""implementation_mode"": ""paper_faithful"", ""method"": ""wl_subtree_kernel_mmd"", ""wl_compression"": ""shared_canonical_dictionary_per_comparison"", ""wl_feature_construction"": ""subtree_histograms_across_iterations"", ""wl_iterations"": 3, ""wl_kernel_distance_mode"": ""linear_mmd"", ""wl_label_initialization"": ""node_label_or_degree"", ""wl_node_label_key"": ""node_labels""}",community,weakening,detected,5,8,8,13,13,16.400000000000002,4.049691346263318,8.3706587002912,14.0,14.854138829726267,0.005671227001585066,0.05725383758544922,success,
barabasi_albert,"{""data_root"": """", ""dataset_name"": """", ""edge_probability"": 0.1, ""family"": ""barabasi_albert"", ""m"": 2, ""num_blocks"": 3, ""num_graphs"": 5, ""num_nodes"": 8, ""p_in"": 0.25, ""p_out"": 0.03, ""seed"": 0}",community_weakening,"{""alpha"": 1.0, ""edges_added"": 35, ""edges_removed"": 35, ""graphs"": 5, ""graphs_skipped"": 0, ""graphs_success"": 5, ""label_source"": ""detected"", ""method"": ""community_weakening"", ""perturbation_direction"": ""weakening"", ""perturbation_family"": ""community"", ""rewires"": 35, ""triangles_affected"": 0}",1.0,0,native_netlsd,paper_faithful,"{""distribution_distance"": ""l2_between_mean_signatures"", ""eigenvalue_count"": ""all"", ""eigenvalue_mode"": ""full_spectrum"", ""heat_signature"": ""heat_trace"", ""implementation_mode"": ""paper_faithful"", ""laplacian_type"": ""normalized"", ""method"": ""native_netlsd"", ""netlsd_normalization"": ""empty"", ""netlsd_time_scale_count"": 250, ""netlsd_time_scale_max"": 100.0, ""netlsd_time_scale_min"": 0.01, ""netlsd_time_scale_schedule"": ""logspace""}",community,weakening,detected,5,8,8,13,13,0.028933220440444475,0.028933220440444475,0.047043709191187506,14.0,14.854138829726267,0.067227819992695,0.09210205078125,success,
barabasi_albert,"{""data_root"": """", ""dataset_name"": """", ""edge_probability"": 0.1, ""family"": ""barabasi_albert"", ""m"": 2, ""num_blocks"": 3, ""num_graphs"": 5, ""num_nodes"": 8, ""p_in"": 0.25, ""p_out"": 0.03, ""seed"": 0}",community_weakening,"{""alpha"": 1.0, ""edges_added"": 35, ""edges_removed"": 35, ""graphs"": 5, ""graphs_skipped"": 0, ""graphs_success"": 5, ""label_source"": ""detected"", ""method"": ""community_weakening"", ""perturbation_direction"": ""weakening"", ""perturbation_family"": ""community"", ""rewires"": 35, ""triangles_affected"": 0}",1.0,0,diversity_curves_shortest_path,paper_faithful,"{""distance_metric"": ""shortest_path"", ""distribution_distance"": ""l2_between_mean_curves"", ""diversity_contraction_mode"": ""random_edge"", ""diversity_curve_definition"": ""shortest_path_spread"", ""diversity_repetitions"": 3, ""diversity_scale_count"": ""dataset_max_nodes"", ""diversity_scale_schedule"": ""all_integer_cardinalities"", ""diversity_upsampling_enabled"": true, ""implementation_mode"": ""paper_faithful"", ""method"": ""diversity_curves_shortest_path"", ""random_seed"": 0}",community,weakening,detected,5,8,8,13,13,0.05660863241579712,0.05660863241579712,0.17177049650889747,14.0,14.854138829726267,0.08436482699471526,0.01723480224609375,success,
barabasi_albert,"{""data_root"": """", ""dataset_name"": """", ""edge_probability"": 0.1, ""family"": ""barabasi_albert"", ""m"": 2, ""num_blocks"": 3, ""num_graphs"": 5, ""num_nodes"": 8, ""p_in"": 0.25, ""p_out"": 0.03, ""seed"": 0}",community_weakening,"{""alpha"": 0.0, ""edges_added"": 0, ""edges_removed"": 0, ""graphs"": 5, ""graphs_skipped"": 0, ""graphs_success"": 5, ""label_source"": ""detected"", ""method"": ""community_weakening"", ""perturbation_direction"": ""weakening"", ""perturbation_family"": ""community"", ""rewires"": 0, ""triangles_affected"": 0}",0.0,0,structural_statistics_mmd,descriptor_baseline,"{""bandwidth"": 10.0, ""feature_count"": 9, ""implementation_mode"": ""descriptor_baseline"", ""kernel"": ""rbf_mmd"", ""method"": ""structural_statistics_mmd""}",community,weakening,detected,5,8,8,13,13,0.0,0.0,0.0,0.0,0.0,0.0021391110203694552,0.0052490234375,success,
barabasi_albert,"{""data_root"": """", ""dataset_name"": """", ""edge_probability"": 0.1, ""family"": ""barabasi_albert"", ""m"": 2, ""num_blocks"": 3, ""num_graphs"": 5, ""num_nodes"": 8, ""p_in"": 0.25, ""p_out"": 0.03, ""seed"": 0}",community_weakening,"{""alpha"": 0.0, ""edges_added"": 0, ""edges_removed"": 0, ""graphs"": 5, ""graphs_skipped"": 0, ""graphs_success"": 5, ""label_source"": ""detected"", ""method"": ""community_weakening"", ""perturbation_direction"": ""weakening"", ""perturbation_family"": ""community"", ""rewires"": 0, ""triangles_affected"": 0}",0.0,0,wl_subtree_kernel_mmd,paper_faithful,"{""implementation_mode"": ""paper_faithful"", ""method"": ""wl_subtree_kernel_mmd"", ""wl_compression"": ""shared_canonical_dictionary_per_comparison"", ""wl_feature_construction"": ""subtree_histograms_across_iterations"", ""wl_iterations"": 3, ""wl_kernel_distance_mode"": ""linear_mmd"", ""wl_label_initialization"": ""node_label_or_degree"", ""wl_node_label_key"": ""node_labels""}",community,weakening,detected,5,8,8,13,13,0.0,0.0,0.0,0.0,0.0,0.0058387880271766335,0.0527801513671875,success,
barabasi_albert,"{""data_root"": """", ""dataset_name"": """", ""edge_probability"": 0.1, ""family"": ""barabasi_albert"", ""m"": 2, ""num_blocks"": 3, ""num_graphs"": 5, ""num_nodes"": 8, ""p_in"": 0.25, ""p_out"": 0.03, ""seed"": 0}",community_weakening,"{""alpha"": 0.0, ""edges_added"": 0, ""edges_removed"": 0, ""graphs"": 5, ""graphs_skipped"": 0, ""graphs_success"": 5, ""label_source"": ""detected"", ""method"": ""community_weakening"", ""perturbation_direction"": ""weakening"", ""perturbation_family"": ""community"", ""rewires"": 0, ""triangles_affected"": 0}",0.0,0,native_netlsd,paper_faithful,"{""distribution_distance"": ""l2_between_mean_signatures"", ""eigenvalue_count"": ""all"", ""eigenvalue_mode"": ""full_spectrum"", ""heat_signature"": ""heat_trace"", ""implementation_mode"": ""paper_faithful"", ""laplacian_type"": ""normalized"", ""method"": ""native_netlsd"", ""netlsd_normalization"": ""empty"", ""netlsd_time_scale_count"": 250, ""netlsd_time_scale_max"": 100.0, ""netlsd_time_scale_min"": 0.01, ""netlsd_time_scale_schedule"": ""logspace""}",community,weakening,detected,5,8,8,13,13,0.0,0.0,0.0,0.0,0.0,0.0724188280000817,0.09210205078125,success,
barabasi_albert,"{""data_root"": """", ""dataset_name"": """", ""edge_probability"": 0.1, ""family"": ""barabasi_albert"", ""m"": 2, ""num_blocks"": 3, ""num_graphs"": 5, ""num_nodes"": 8, ""p_in"": 0.25, ""p_out"": 0.03, ""seed"": 0}",community_weakening,"{""alpha"": 0.0, ""edges_added"": 0, ""edges_removed"": 0, ""graphs"": 5, ""graphs_skipped"": 0, ""graphs_success"": 5, ""label_source"": ""detected"", ""method"": ""community_weakening"", ""perturbation_direction"": ""weakening"", ""perturbation_family"": ""community"", ""rewires"": 0, ""triangles_affected"": 0}",0.0,0,diversity_curves_shortest_path,paper_faithful,"{""distance_metric"": ""shortest_path"", ""distribution_distance"": ""l2_between_mean_curves"", ""diversity_contraction_mode"": ""random_edge"", ""diversity_curve_definition"": ""shortest_path_spread"", ""diversity_repetitions"": 3, ""diversity_scale_count"": ""dataset_max_nodes"", ""diversity_scale_schedule"": ""all_integer_cardinalities"", ""diversity_upsampling_enabled"": true, ""implementation_mode"": ""paper_faithful"", ""method"": ""diversity_curves_shortest_path"", ""random_seed"": 0}",community,weakening,detected,5,8,8,13,13,0.0,0.0,0.0,0.0,0.0,0.09876510899630375,0.016043663024902344,success,
barabasi_albert,"{""data_root"": """", ""dataset_name"": """", ""edge_probability"": 0.1, ""family"": ""barabasi_albert"", ""m"": 2, ""num_blocks"": 3, ""num_graphs"": 5, ""num_nodes"": 8, ""p_in"": 0.25, ""p_out"": 0.03, ""seed"": 0}",hub_modification,"{""alpha"": 0.0, ""edges_added"": 0, ""edges_removed"": 0, ""graphs"": 5, ""graphs_skipped"": 0, ""graphs_success"": 5, ""label_source"": null, ""method"": ""hub_modification"", ""perturbation_direction"": ""modification"", ""perturbation_family"": ""hub"", ""rewires"": 0, ""triangles_affected"": 0}",0.0,0,structural_statistics_mmd,descriptor_baseline,"{""bandwidth"": 10.0, ""feature_count"": 9, ""implementation_mode"": ""descriptor_baseline"", ""kernel"": ""rbf_mmd"", ""method"": ""structural_statistics_mmd""}",hub,modification,,5,8,8,13,13,0.0,0.0,0.0,0.0,0.0,0.00190152000868693,0.0052490234375,success,
barabasi_albert,"{""data_root"": """", ""dataset_name"": """", ""edge_probability"": 0.1, ""family"": ""barabasi_albert"", ""m"": 2, ""num_blocks"": 3, ""num_graphs"": 5, ""num_nodes"": 8, ""p_in"": 0.25, ""p_out"": 0.03, ""seed"": 0}",hub_modification,"{""alpha"": 0.0, ""edges_added"": 0, ""edges_removed"": 0, ""graphs"": 5, ""graphs_skipped"": 0, ""graphs_success"": 5, ""label_source"": null, ""method"": ""hub_modification"", ""perturbation_direction"": ""modification"", ""perturbation_family"": ""hub"", ""rewires"": 0, ""triangles_affected"": 0}",0.0,0,wl_subtree_kernel_mmd,paper_faithful,"{""implementation_mode"": ""paper_faithful"", ""method"": ""wl_subtree_kernel_mmd"", ""wl_compression"": ""shared_canonical_dictionary_per_comparison"", ""wl_feature_construction"": ""subtree_histograms_across_iterations"", ""wl_iterations"": 3, ""wl_kernel_distance_mode"": ""linear_mmd"", ""wl_label_initialization"": ""node_label_or_degree"", ""wl_node_label_key"": ""node_labels""}",hub,modification,,5,8,8,13,13,0.0,0.0,0.0,0.0,0.0,0.0028560770151671022,0.0527801513671875,success,
barabasi_albert,"{""data_root"": """", ""dataset_name"": """", ""edge_probability"": 0.1, ""family"": ""barabasi_albert"", ""m"": 2, ""num_blocks"": 3, ""num_graphs"": 5, ""num_nodes"": 8, ""p_in"": 0.25, ""p_out"": 0.03, ""seed"": 0}",hub_modification,"{""alpha"": 0.0, ""edges_added"": 0, ""edges_removed"": 0, ""graphs"": 5, ""graphs_skipped"": 0, ""graphs_success"": 5, ""label_source"": null, ""method"": ""hub_modification"", ""perturbation_direction"": ""modification"", ""perturbation_family"": ""hub"", ""rewires"": 0, ""triangles_affected"": 0}",0.0,0,native_netlsd,paper_faithful,"{""distribution_distance"": ""l2_between_mean_signatures"", ""eigenvalue_count"": ""all"", ""eigenvalue_mode"": ""full_spectrum"", ""heat_signature"": ""heat_trace"", ""implementation_mode"": ""paper_faithful"", ""laplacian_type"": ""normalized"", ""method"": ""native_netlsd"", ""netlsd_normalization"": ""empty"", ""netlsd_time_scale_count"": 250, ""netlsd_time_scale_max"": 100.0, ""netlsd_time_scale_min"": 0.01, ""netlsd_time_scale_schedule"": ""logspace""}",hub,modification,,5,8,8,13,13,0.0,0.0,0.0,0.0,0.0,0.06476987499627285,0.09210205078125,success,
barabasi_albert,"{""data_root"": """", ""dataset_name"": """", ""edge_probability"": 0.1, ""family"": ""barabasi_albert"", ""m"": 2, ""num_blocks"": 3, ""num_graphs"": 5, ""num_nodes"": 8, ""p_in"": 0.25, ""p_out"": 0.03, ""seed"": 0}",hub_modification,"{""alpha"": 0.0, ""edges_added"": 0, ""edges_removed"": 0, ""graphs"": 5, ""graphs_skipped"": 0, ""graphs_success"": 5, ""label_source"": null, ""method"": ""hub_modification"", ""perturbation_direction"": ""modification"", ""perturbation_family"": ""hub"", ""rewires"": 0, ""triangles_affected"": 0}",0.0,0,diversity_curves_shortest_path,paper_faithful,"{""distance_metric"": ""shortest_path"", ""distribution_distance"": ""l2_between_mean_curves"", ""diversity_contraction_mode"": ""random_edge"", ""diversity_curve_definition"": ""shortest_path_spread"", ""diversity_repetitions"": 3, ""diversity_scale_count"": ""dataset_max_nodes"", ""diversity_scale_schedule"": ""all_integer_cardinalities"", ""diversity_upsampling_enabled"": true, ""implementation_mode"": ""paper_faithful"", ""method"": ""diversity_curves_shortest_path"", ""random_seed"": 0}",hub,modification,,5,8,8,13,13,0.0,0.0,0.0,0.0,0.0,0.07900304801296443,0.016043663024902344,success,
erdos_renyi,"{""data_root"": """", ""dataset_name"": """", ""edge_probability"": 0.12, ""family"": ""erdos_renyi"", ""m"": 2, ""num_blocks"": 3, ""num_graphs"": 5, ""num_nodes"": 8, ""p_in"": 0.25, ""p_out"": 0.03, ""seed"": 1}",edge_insertion,"{""alpha"": 0.5, ""edges_added"": 8, ""edges_removed"": 0, ""graphs"": 5, ""graphs_skipped"": 0, ""graphs_success"": 5, ""label_source"": null, ""method"": ""edge_insertion"", ""perturbation_direction"": ""insertion"", ""perturbation_family"": ""edge"", ""rewires"": 0, ""triangles_affected"": 0}",0.5,1,structural_statistics_mmd,descriptor_baseline,"{""bandwidth"": 10.0, ""feature_count"": 9, ""implementation_mode"": ""descriptor_baseline"", ""kernel"": ""rbf_mmd"", ""method"": ""structural_statistics_mmd""}",edge,insertion,,5,8,8,1,9,0.027309222254001675,1.8471960618235215,1.9417398995243782,1.6,1.6,0.0016788539942353964,0.00510406494140625,success,
erdos_renyi,"{""data_root"": """", ""dataset_name"": """", ""edge_probability"": 0.12, ""family"": ""erdos_renyi"", ""m"": 2, ""num_blocks"": 3, ""num_graphs"": 5, ""num_nodes"": 8, ""p_in"": 0.25, ""p_out"": 0.03, ""seed"": 1}",edge_insertion,"{""alpha"": 0.5, ""edges_added"": 8, ""edges_removed"": 0, ""graphs"": 5, ""graphs_skipped"": 0, ""graphs_success"": 5, ""label_source"": null, ""method"": ""edge_insertion"", ""perturbation_direction"": ""insertion"", ""perturbation_family"": ""edge"", ""rewires"": 0, ""triangles_affected"": 0}",0.5,1,wl_subtree_kernel_mmd,paper_faithful,"{""implementation_mode"": ""paper_faithful"", ""method"": ""wl_subtree_kernel_mmd"", ""wl_compression"": ""shared_canonical_dictionary_per_comparison"", ""wl_feature_construction"": ""subtree_histograms_across_iterations"", ""wl_iterations"": 3, ""wl_kernel_distance_mode"": ""linear_mmd"", ""wl_label_initialization"": ""node_label_or_degree"", ""wl_node_label_key"": ""node_labels""}",edge,insertion,,5,8,8,1,9,11.760000000000003,3.4292856398964497,5.978585494132982,1.6,1.6,0.0035474429896567017,0.031029701232910156,success,
erdos_renyi,"{""data_root"": """", ""dataset_name"": """", ""edge_probability"": 0.12, ""family"": ""erdos_renyi"", ""m"": 2, ""num_blocks"": 3, ""num_graphs"": 5, ""num_nodes"": 8, ""p_in"": 0.25, ""p_out"": 0.03, ""seed"": 1}",edge_insertion,"{""alpha"": 0.5, ""edges_added"": 8, ""edges_removed"": 0, ""graphs"": 5, ""graphs_skipped"": 0, ""graphs_success"": 5, ""label_source"": null, ""method"": ""edge_insertion"", ""perturbation_direction"": ""insertion"", ""perturbation_family"": ""edge"", ""rewires"": 0, ""triangles_affected"": 0}",0.5,1,native_netlsd,paper_faithful,"{""distribution_distance"": ""l2_between_mean_signatures"", ""eigenvalue_count"": ""all"", ""eigenvalue_mode"": ""full_spectrum"", ""heat_signature"": ""heat_trace"", ""implementation_mode"": ""paper_faithful"", ""laplacian_type"": ""normalized"", ""method"": ""native_netlsd"", ""netlsd_normalization"": ""empty"", ""netlsd_time_scale_count"": 250, ""netlsd_time_scale_max"": 100.0, ""netlsd_time_scale_min"": 0.01, ""netlsd_time_scale_schedule"": ""logspace""}",edge,insertion,,5,8,8,1,9,1.0854572935818354,1.0854572935818354,1.092319489500446,1.6,1.6,0.03123156598303467,0.09210205078125,success,
erdos_renyi,"{""data_root"": """", ""dataset_name"": """", ""edge_probability"": 0.12, ""family"": ""erdos_renyi"", ""m"": 2, ""num_blocks"": 3, ""num_graphs"": 5, ""num_nodes"": 8, ""p_in"": 0.25, ""p_out"": 0.03, ""seed"": 1}",edge_insertion,"{""alpha"": 0.5, ""edges_added"": 8, ""edges_removed"": 0, ""graphs"": 5, ""graphs_skipped"": 0, ""graphs_success"": 5, ""label_source"": null, ""method"": ""edge_insertion"", ""perturbation_direction"": ""insertion"", ""perturbation_family"": ""edge"", ""rewires"": 0, ""triangles_affected"": 0}",0.5,1,diversity_curves_shortest_path,paper_faithful,"{""distance_metric"": ""shortest_path"", ""distribution_distance"": ""l2_between_mean_curves"", ""diversity_contraction_mode"": ""random_edge"", ""diversity_curve_definition"": ""shortest_path_spread"", ""diversity_repetitions"": 3, ""diversity_scale_count"": ""dataset_max_nodes"", ""diversity_scale_schedule"": ""all_integer_cardinalities"", ""diversity_upsampling_enabled"": true, ""implementation_mode"": ""paper_faithful"", ""method"": ""diversity_curves_shortest_path"", ""random_seed"": 0}",edge,insertion,,5,8,8,1,9,1.2277790090607659,1.2277790090607659,1.2809567723411965,1.6,1.6,0.029191067995270714,0.014614105224609375,success,
barabasi_albert,"{""data_root"": """", ""dataset_name"": """", ""edge_probability"": 0.1, ""family"": ""barabasi_albert"", ""m"": 2, ""num_blocks"": 3, ""num_graphs"": 5, ""num_nodes"": 8, ""p_in"": 0.25, ""p_out"": 0.03, ""seed"": 0}",hub_modification,"{""alpha"": 1.0, ""edges_added"": 8, ""edges_removed"": 27, ""graphs"": 5, ""graphs_skipped"": 0, ""graphs_success"": 5, ""label_source"": null, ""method"": ""hub_modification"", ""perturbation_direction"": ""modification"", ""perturbation_family"": ""hub"", ""rewires"": 8, ""triangles_affected"": 0}",1.0,0,structural_statistics_mmd,descriptor_baseline,"{""bandwidth"": 10.0, ""feature_count"": 9, ""implementation_mode"": ""descriptor_baseline"", ""kernel"": ""rbf_mmd"", ""method"": ""structural_statistics_mmd""}",hub,modification,,5,8,8,8,13,0.2856449820009226,5.649768452018471,5.700265428510632,7.0,8.67430401576743,0.0013881729973945767,0.0041046142578125,success,
barabasi_albert,"{""data_root"": """", ""dataset_name"": """", ""edge_probability"": 0.1, ""family"": ""barabasi_albert"", ""m"": 2, ""num_blocks"": 3, ""num_graphs"": 5, ""num_nodes"": 8, ""p_in"": 0.25, ""p_out"": 0.03, ""seed"": 0}",hub_modification,"{""alpha"": 1.0, ""edges_added"": 8, ""edges_removed"": 27, ""graphs"": 5, ""graphs_skipped"": 0, ""graphs_success"": 5, ""label_source"": null, ""method"": ""hub_modification"", ""perturbation_direction"": ""modification"", ""perturbation_family"": ""hub"", ""rewires"": 8, ""triangles_affected"": 0}",1.0,0,wl_subtree_kernel_mmd,paper_faithful,"{""implementation_mode"": ""paper_faithful"", ""method"": ""wl_subtree_kernel_mmd"", ""wl_compression"": ""shared_canonical_dictionary_per_comparison"", ""wl_feature_construction"": ""subtree_histograms_across_iterations"", ""wl_iterations"": 3, ""wl_kernel_distance_mode"": ""linear_mmd"", ""wl_label_initialization"": ""node_label_or_degree"", ""wl_node_label_key"": ""node_labels""}",hub,modification,,5,8,8,8,13,20.56,4.534313619501853,8.906322004026165,7.0,8.67430401576743,0.0037121000059414655,0.05196380615234375,success,
barabasi_albert,"{""data_root"": """", ""dataset_name"": """", ""edge_probability"": 0.1, ""family"": ""barabasi_albert"", ""m"": 2, ""num_blocks"": 3, ""num_graphs"": 5, ""num_nodes"": 8, ""p_in"": 0.25, ""p_out"": 0.03, ""seed"": 0}",hub_modification,"{""alpha"": 1.0, ""edges_added"": 8, ""edges_removed"": 27, ""graphs"": 5, ""graphs_skipped"": 0, ""graphs_success"": 5, ""label_source"": null, ""method"": ""hub_modification"", ""perturbation_direction"": ""modification"", ""perturbation_family"": ""hub"", ""rewires"": 8, ""triangles_affected"": 0}",1.0,0,native_netlsd,paper_faithful,"{""distribution_distance"": ""l2_between_mean_signatures"", ""eigenvalue_count"": ""all"", ""eigenvalue_mode"": ""full_spectrum"", ""heat_signature"": ""heat_trace"", ""implementation_mode"": ""paper_faithful"", ""laplacian_type"": ""normalized"", ""method"": ""native_netlsd"", ""netlsd_normalization"": ""empty"", ""netlsd_time_scale_count"": 250, ""netlsd_time_scale_max"": 100.0, ""netlsd_time_scale_min"": 0.01, ""netlsd_time_scale_schedule"": ""logspace""}",hub,modification,,5,8,8,8,13,0.20643431140519966,0.20643431140519966,0.2073516978622027,7.0,8.67430401576743,0.05464935800409876,0.09210205078125,success,
barabasi_albert,"{""data_root"": """", ""dataset_name"": """", ""edge_probability"": 0.1, ""family"": ""barabasi_albert"", ""m"": 2, ""num_blocks"": 3, ""num_graphs"": 5, ""num_nodes"": 8, ""p_in"": 0.25, ""p_out"": 0.03, ""seed"": 0}",hub_modification,"{""alpha"": 1.0, ""edges_added"": 8, ""edges_removed"": 27, ""graphs"": 5, ""graphs_skipped"": 0, ""graphs_success"": 5, ""label_source"": null, ""method"": ""hub_modification"", ""perturbation_direction"": ""modification"", ""perturbation_family"": ""hub"", ""rewires"": 8, ""triangles_affected"": 0}",1.0,0,diversity_curves_shortest_path,paper_faithful,"{""distance_metric"": ""shortest_path"", ""distribution_distance"": ""l2_between_mean_curves"", ""diversity_contraction_mode"": ""random_edge"", ""diversity_curve_definition"": ""shortest_path_spread"", ""diversity_repetitions"": 3, ""diversity_scale_count"": ""dataset_max_nodes"", ""diversity_scale_schedule"": ""all_integer_cardinalities"", ""diversity_upsampling_enabled"": true, ""implementation_mode"": ""paper_faithful"", ""method"": ""diversity_curves_shortest_path"", ""random_seed"": 0}",hub,modification,,5,8,8,8,13,0.722931871430304,0.722931871430304,0.7296289541812252,7.0,8.67430401576743,0.0704931569925975,0.014761924743652344,success,
barabasi_albert,"{""data_root"": """", ""dataset_name"": """", ""edge_probability"": 0.1, ""family"": ""barabasi_albert"", ""m"": 2, ""num_blocks"": 3, ""num_graphs"": 5, ""num_nodes"": 8, ""p_in"": 0.25, ""p_out"": 0.03, ""seed"": 0}",hub_modification,"{""alpha"": 0.5, ""edges_added"": 8, ""edges_removed"": 27, ""graphs"": 5, ""graphs_skipped"": 0, ""graphs_success"": 5, ""label_source"": null, ""method"": ""hub_modification"", ""perturbation_direction"": ""modification"", ""perturbation_family"": ""hub"", ""rewires"": 8, ""triangles_affected"": 0}",0.5,0,structural_statistics_mmd,descriptor_baseline,"{""bandwidth"": 10.0, ""feature_count"": 9, ""implementation_mode"": ""descriptor_baseline"", ""kernel"": ""rbf_mmd"", ""method"": ""structural_statistics_mmd""}",hub,modification,,5,8,8,8,13,0.2856449820009226,5.649768452018471,5.700265428510632,7.0,8.67430401576743,0.0018975510029122233,0.0041046142578125,success,
barabasi_albert,"{""data_root"": """", ""dataset_name"": """", ""edge_probability"": 0.1, ""family"": ""barabasi_albert"", ""m"": 2, ""num_blocks"": 3, ""num_graphs"": 5, ""num_nodes"": 8, ""p_in"": 0.25, ""p_out"": 0.03, ""seed"": 0}",hub_modification,"{""alpha"": 0.5, ""edges_added"": 8, ""edges_removed"": 27, ""graphs"": 5, ""graphs_skipped"": 0, ""graphs_success"": 5, ""label_source"": null, ""method"": ""hub_modification"", ""perturbation_direction"": ""modification"", ""perturbation_family"": ""hub"", ""rewires"": 8, ""triangles_affected"": 0}",0.5,0,wl_subtree_kernel_mmd,paper_faithful,"{""implementation_mode"": ""paper_faithful"", ""method"": ""wl_subtree_kernel_mmd"", ""wl_compression"": ""shared_canonical_dictionary_per_comparison"", ""wl_feature_construction"": ""subtree_histograms_across_iterations"", ""wl_iterations"": 3, ""wl_kernel_distance_mode"": ""linear_mmd"", ""wl_label_initialization"": ""node_label_or_degree"", ""wl_node_label_key"": ""node_labels""}",hub,modification,,5,8,8,8,13,20.56,4.534313619501853,8.906322004026165,7.0,8.67430401576743,0.0037214070034679025,0.05080413818359375,success,
barabasi_albert,"{""data_root"": """", ""dataset_name"": """", ""edge_probability"": 0.1, ""family"": ""barabasi_albert"", ""m"": 2, ""num_blocks"": 3, ""num_graphs"": 5, ""num_nodes"": 8, ""p_in"": 0.25, ""p_out"": 0.03, ""seed"": 0}",hub_modification,"{""alpha"": 0.5, ""edges_added"": 8, ""edges_removed"": 27, ""graphs"": 5, ""graphs_skipped"": 0, ""graphs_success"": 5, ""label_source"": null, ""method"": ""hub_modification"", ""perturbation_direction"": ""modification"", ""perturbation_family"": ""hub"", ""rewires"": 8, ""triangles_affected"": 0}",0.5,0,native_netlsd,paper_faithful,"{""distribution_distance"": ""l2_between_mean_signatures"", ""eigenvalue_count"": ""all"", ""eigenvalue_mode"": ""full_spectrum"", ""heat_signature"": ""heat_trace"", ""implementation_mode"": ""paper_faithful"", ""laplacian_type"": ""normalized"", ""method"": ""native_netlsd"", ""netlsd_normalization"": ""empty"", ""netlsd_time_scale_count"": 250, ""netlsd_time_scale_max"": 100.0, ""netlsd_time_scale_min"": 0.01, ""netlsd_time_scale_schedule"": ""logspace""}",hub,modification,,5,8,8,8,13,0.20643431140519966,0.20643431140519966,0.2073516978622027,7.0,8.67430401576743,0.0625903680047486,0.09210205078125,success,
barabasi_albert,"{""data_root"": """", ""dataset_name"": """", ""edge_probability"": 0.1, ""family"": ""barabasi_albert"", ""m"": 2, ""num_blocks"": 3, ""num_graphs"": 5, ""num_nodes"": 8, ""p_in"": 0.25, ""p_out"": 0.03, ""seed"": 0}",hub_modification,"{""alpha"": 0.5, ""edges_added"": 8, ""edges_removed"": 27, ""graphs"": 5, ""graphs_skipped"": 0, ""graphs_success"": 5, ""label_source"": null, ""method"": ""hub_modification"", ""perturbation_direction"": ""modification"", ""perturbation_family"": ""hub"", ""rewires"": 8, ""triangles_affected"": 0}",0.5,0,diversity_curves_shortest_path,paper_faithful,"{""distance_metric"": ""shortest_path"", ""distribution_distance"": ""l2_between_mean_curves"", ""diversity_contraction_mode"": ""random_edge"", ""diversity_curve_definition"": ""shortest_path_spread"", ""diversity_repetitions"": 3, ""diversity_scale_count"": ""dataset_max_nodes"", ""diversity_scale_schedule"": ""all_integer_cardinalities"", ""diversity_upsampling_enabled"": true, ""implementation_mode"": ""paper_faithful"", ""method"": ""diversity_curves_shortest_path"", ""random_seed"": 0}",hub,modification,,5,8,8,8,13,0.722931871430304,0.722931871430304,0.7296289541812252,7.0,8.67430401576743,0.08100485400063917,0.014761924743652344,success,
erdos_renyi,"{""data_root"": """", ""dataset_name"": """", ""edge_probability"": 0.12, ""family"": ""erdos_renyi"", ""m"": 2, ""num_blocks"": 3, ""num_graphs"": 5, ""num_nodes"": 8, ""p_in"": 0.25, ""p_out"": 0.03, ""seed"": 1}",edge_deletion,"{""alpha"": 0.0, ""edges_added"": 0, ""edges_removed"": 0, ""graphs"": 5, ""graphs_skipped"": 0, ""graphs_success"": 5, ""label_source"": null, ""method"": ""edge_deletion"", ""perturbation_direction"": ""deletion"", ""perturbation_family"": ""edge"", ""rewires"": 0, ""triangles_affected"": 0}",0.0,1,structural_statistics_mmd,descriptor_baseline,"{""bandwidth"": 10.0, ""feature_count"": 9, ""implementation_mode"": ""descriptor_baseline"", ""kernel"": ""rbf_mmd"", ""method"": ""structural_statistics_mmd""}",edge,deletion,,5,8,8,1,6,0.0,0.0,0.0,0.0,0.0,0.0016920090129133314,0.00604248046875,success,
erdos_renyi,"{""data_root"": """", ""dataset_name"": """", ""edge_probability"": 0.12, ""family"": ""erdos_renyi"", ""m"": 2, ""num_blocks"": 3, ""num_graphs"": 5, ""num_nodes"": 8, ""p_in"": 0.25, ""p_out"": 0.03, ""seed"": 1}",edge_deletion,"{""alpha"": 0.0, ""edges_added"": 0, ""edges_removed"": 0, ""graphs"": 5, ""graphs_skipped"": 0, ""graphs_success"": 5, ""label_source"": null, ""method"": ""edge_deletion"", ""perturbation_direction"": ""deletion"", ""perturbation_family"": ""edge"", ""rewires"": 0, ""triangles_affected"": 0}",0.0,1,wl_subtree_kernel_mmd,paper_faithful,"{""implementation_mode"": ""paper_faithful"", ""method"": ""wl_subtree_kernel_mmd"", ""wl_compression"": ""shared_canonical_dictionary_per_comparison"", ""wl_feature_construction"": ""subtree_histograms_across_iterations"", ""wl_iterations"": 3, ""wl_kernel_distance_mode"": ""linear_mmd"", ""wl_label_initialization"": ""node_label_or_degree"", ""wl_node_label_key"": ""node_labels""}",edge,deletion,,5,8,8,1,6,0.0,0.0,0.0,0.0,0.0,0.0032597870158497244,0.026170730590820312,success,
erdos_renyi,"{""data_root"": """", ""dataset_name"": """", ""edge_probability"": 0.12, ""family"": ""erdos_renyi"", ""m"": 2, ""num_blocks"": 3, ""num_graphs"": 5, ""num_nodes"": 8, ""p_in"": 0.25, ""p_out"": 0.03, ""seed"": 1}",edge_deletion,"{""alpha"": 0.0, ""edges_added"": 0, ""edges_removed"": 0, ""graphs"": 5, ""graphs_skipped"": 0, ""graphs_success"": 5, ""label_source"": null, ""method"": ""edge_deletion"", ""perturbation_direction"": ""deletion"", ""perturbation_family"": ""edge"", ""rewires"": 0, ""triangles_affected"": 0}",0.0,1,native_netlsd,paper_faithful,"{""distribution_distance"": ""l2_between_mean_signatures"", ""eigenvalue_count"": ""all"", ""eigenvalue_mode"": ""full_spectrum"", ""heat_signature"": ""heat_trace"", ""implementation_mode"": ""paper_faithful"", ""laplacian_type"": ""normalized"", ""method"": ""native_netlsd"", ""netlsd_normalization"": ""empty"", ""netlsd_time_scale_count"": 250, ""netlsd_time_scale_max"": 100.0, ""netlsd_time_scale_min"": 0.01, ""netlsd_time_scale_schedule"": ""logspace""}",edge,deletion,,5,8,8,1,6,0.0,0.0,0.0,0.0,0.0,0.039056515000993386,0.092193603515625,success,
erdos_renyi,"{""data_root"": """", ""dataset_name"": """", ""edge_probability"": 0.12, ""family"": ""erdos_renyi"", ""m"": 2, ""num_blocks"": 3, ""num_graphs"": 5, ""num_nodes"": 8, ""p_in"": 0.25, ""p_out"": 0.03, ""seed"": 1}",edge_deletion,"{""alpha"": 0.0, ""edges_added"": 0, ""edges_removed"": 0, ""graphs"": 5, ""graphs_skipped"": 0, ""graphs_success"": 5, ""label_source"": null, ""method"": ""edge_deletion"", ""perturbation_direction"": ""deletion"", ""perturbation_family"": ""edge"", ""rewires"": 0, ""triangles_affected"": 0}",0.0,1,diversity_curves_shortest_path,paper_faithful,"{""distance_metric"": ""shortest_path"", ""distribution_distance"": ""l2_between_mean_curves"", ""diversity_contraction_mode"": ""random_edge"", ""diversity_curve_definition"": ""shortest_path_spread"", ""diversity_repetitions"": 3, ""diversity_scale_count"": ""dataset_max_nodes"", ""diversity_scale_schedule"": ""all_integer_cardinalities"", ""diversity_upsampling_enabled"": true, ""implementation_mode"": ""paper_faithful"", ""method"": ""diversity_curves_shortest_path"", ""random_seed"": 0}",edge,deletion,,5,8,8,1,6,0.0,0.0,0.0,0.0,0.0,0.03609203401720151,0.014809608459472656,success,
erdos_renyi,"{""data_root"": """", ""dataset_name"": """", ""edge_probability"": 0.12, ""family"": ""erdos_renyi"", ""m"": 2, ""num_blocks"": 3, ""num_graphs"": 5, ""num_nodes"": 8, ""p_in"": 0.25, ""p_out"": 0.03, ""seed"": 1}",edge_insertion,"{""alpha"": 1.0, ""edges_added"": 18, ""edges_removed"": 0, ""graphs"": 5, ""graphs_skipped"": 0, ""graphs_success"": 5, ""label_source"": null, ""method"": ""edge_insertion"", ""perturbation_direction"": ""insertion"", ""perturbation_family"": ""edge"", ""rewires"": 0, ""triangles_affected"": 0}",1.0,1,structural_statistics_mmd,descriptor_baseline,"{""bandwidth"": 10.0, ""feature_count"": 9, ""implementation_mode"": ""descriptor_baseline"", ""kernel"": ""rbf_mmd"", ""method"": ""structural_statistics_mmd""}",edge,insertion,,5,8,8,1,12,0.12657164628217465,4.31340526376685,4.544114476315045,3.6,3.6,0.0017060749814845622,0.00537872314453125,success,
erdos_renyi,"{""data_root"": """", ""dataset_name"": """", ""edge_probability"": 0.12, ""family"": ""erdos_renyi"", ""m"": 2, ""num_blocks"": 3, ""num_graphs"": 5, ""num_nodes"": 8, ""p_in"": 0.25, ""p_out"": 0.03, ""seed"": 1}",edge_insertion,"{""alpha"": 1.0, ""edges_added"": 18, ""edges_removed"": 0, ""graphs"": 5, ""graphs_skipped"": 0, ""graphs_success"": 5, ""label_source"": null, ""method"": ""edge_insertion"", ""perturbation_direction"": ""insertion"", ""perturbation_family"": ""edge"", ""rewires"": 0, ""triangles_affected"": 0}",1.0,1,wl_subtree_kernel_mmd,paper_faithful,"{""implementation_mode"": ""paper_faithful"", ""method"": ""wl_subtree_kernel_mmd"", ""wl_compression"": ""shared_canonical_dictionary_per_comparison"", ""wl_feature_construction"": ""subtree_histograms_across_iterations"", ""wl_iterations"": 3, ""wl_kernel_distance_mode"": ""linear_mmd"", ""wl_label_initialization"": ""node_label_or_degree"", ""wl_node_label_key"": ""node_labels""}",edge,insertion,,5,8,8,1,12,19.04,4.363484845854286,7.669041817753699,3.6,3.6,0.003815050993580371,0.035279273986816406,success,
erdos_renyi,"{""data_root"": """", ""dataset_name"": """", ""edge_probability"": 0.12, ""family"": ""erdos_renyi"", ""m"": 2, ""num_blocks"": 3, ""num_graphs"": 5, ""num_nodes"": 8, ""p_in"": 0.25, ""p_out"": 0.03, ""seed"": 1}",edge_insertion,"{""alpha"": 1.0, ""edges_added"": 18, ""edges_removed"": 0, ""graphs"": 5, ""graphs_skipped"": 0, ""graphs_success"": 5, ""label_source"": null, ""method"": ""edge_insertion"", ""perturbation_direction"": ""insertion"", ""perturbation_family"": ""edge"", ""rewires"": 0, ""triangles_affected"": 0}",1.0,1,native_netlsd,paper_faithful,"{""distribution_distance"": ""l2_between_mean_signatures"", ""eigenvalue_count"": ""all"", ""eigenvalue_mode"": ""full_spectrum"", ""heat_signature"": ""heat_trace"", ""implementation_mode"": ""paper_faithful"", ""laplacian_type"": ""normalized"", ""method"": ""native_netlsd"", ""netlsd_normalization"": ""empty"", ""netlsd_time_scale_count"": 250, ""netlsd_time_scale_max"": 100.0, ""netlsd_time_scale_min"": 0.01, ""netlsd_time_scale_schedule"": ""logspace""}",edge,insertion,,5,8,8,1,12,1.9508203840613143,1.9508203840613143,1.9653484959329848,3.6,3.6,0.04032703998382203,0.09210205078125,success,
erdos_renyi,"{""data_root"": """", ""dataset_name"": """", ""edge_probability"": 0.12, ""family"": ""erdos_renyi"", ""m"": 2, ""num_blocks"": 3, ""num_graphs"": 5, ""num_nodes"": 8, ""p_in"": 0.25, ""p_out"": 0.03, ""seed"": 1}",edge_insertion,"{""alpha"": 1.0, ""edges_added"": 18, ""edges_removed"": 0, ""graphs"": 5, ""graphs_skipped"": 0, ""graphs_success"": 5, ""label_source"": null, ""method"": ""edge_insertion"", ""perturbation_direction"": ""insertion"", ""perturbation_family"": ""edge"", ""rewires"": 0, ""triangles_affected"": 0}",1.0,1,diversity_curves_shortest_path,paper_faithful,"{""distance_metric"": ""shortest_path"", ""distribution_distance"": ""l2_between_mean_curves"", ""diversity_contraction_mode"": ""random_edge"", ""diversity_curve_definition"": ""shortest_path_spread"", ""diversity_repetitions"": 3, ""diversity_scale_count"": ""dataset_max_nodes"", ""diversity_scale_schedule"": ""all_integer_cardinalities"", ""diversity_upsampling_enabled"": true, ""implementation_mode"": ""paper_faithful"", ""method"": ""diversity_curves_shortest_path"", ""random_seed"": 0}",edge,insertion,,5,8,8,1,12,2.0586576960926246,2.0586576960926246,2.1393764481105464,3.6,3.6,0.03490263898856938,0.015418052673339844,success,
erdos_renyi,"{""data_root"": """", ""dataset_name"": """", ""edge_probability"": 0.12, ""family"": ""erdos_renyi"", ""m"": 2, ""num_blocks"": 3, ""num_graphs"": 5, ""num_nodes"": 8, ""p_in"": 0.25, ""p_out"": 0.03, ""seed"": 1}",edge_deletion,"{""alpha"": 0.5, ""edges_added"": 0, ""edges_removed"": 8, ""graphs"": 5, ""graphs_skipped"": 0, ""graphs_success"": 5, ""label_source"": null, ""method"": ""edge_deletion"", ""perturbation_direction"": ""deletion"", ""perturbation_family"": ""edge"", ""rewires"": 0, ""triangles_affected"": 0}",0.5,1,structural_statistics_mmd,descriptor_baseline,"{""bandwidth"": 10.0, ""feature_count"": 9, ""implementation_mode"": ""descriptor_baseline"", ""kernel"": ""rbf_mmd"", ""method"": ""structural_statistics_mmd""}",edge,deletion,,5,8,8,1,6,0.04818787260238944,2.321398351451652,2.322312841922016,1.6,1.9756885090218426,0.001609666011063382,0.0054473876953125,success,
erdos_renyi,"{""data_root"": """", ""dataset_name"": """", ""edge_probability"": 0.12, ""family"": ""erdos_renyi"", ""m"": 2, ""num_blocks"": 3, ""num_graphs"": 5, ""num_nodes"": 8, ""p_in"": 0.25, ""p_out"": 0.03, ""seed"": 1}",edge_deletion,"{""alpha"": 0.5, ""edges_added"": 0, ""edges_removed"": 8, ""graphs"": 5, ""graphs_skipped"": 0, ""graphs_success"": 5, ""label_source"": null, ""method"": ""edge_deletion"", ""perturbation_direction"": ""deletion"", ""perturbation_family"": ""edge"", ""rewires"": 0, ""triangles_affected"": 0}",0.5,1,wl_subtree_kernel_mmd,paper_faithful,"{""implementation_mode"": ""paper_faithful"", ""method"": ""wl_subtree_kernel_mmd"", ""wl_compression"": ""shared_canonical_dictionary_per_comparison"", ""wl_feature_construction"": ""subtree_histograms_across_iterations"", ""wl_iterations"": 3, ""wl_kernel_distance_mode"": ""linear_mmd"", ""wl_label_initialization"": ""node_label_or_degree"", ""wl_node_label_key"": ""node_labels""}",edge,deletion,,5,8,8,1,6,24.559999999999995,4.955804677345546,6.736294512018802,1.6,1.9756885090218426,0.003130944009171799,0.02324676513671875,success,
erdos_renyi,"{""data_root"": """", ""dataset_name"": """", ""edge_probability"": 0.12, ""family"": ""erdos_renyi"", ""m"": 2, ""num_blocks"": 3, ""num_graphs"": 5, ""num_nodes"": 8, ""p_in"": 0.25, ""p_out"": 0.03, ""seed"": 1}",edge_deletion,"{""alpha"": 0.5, ""edges_added"": 0, ""edges_removed"": 8, ""graphs"": 5, ""graphs_skipped"": 0, ""graphs_success"": 5, ""label_source"": null, ""method"": ""edge_deletion"", ""perturbation_direction"": ""deletion"", ""perturbation_family"": ""edge"", ""rewires"": 0, ""triangles_affected"": 0}",0.5,1,native_netlsd,paper_faithful,"{""distribution_distance"": ""l2_between_mean_signatures"", ""eigenvalue_count"": ""all"", ""eigenvalue_mode"": ""full_spectrum"", ""heat_signature"": ""heat_trace"", ""implementation_mode"": ""paper_faithful"", ""laplacian_type"": ""normalized"", ""method"": ""native_netlsd"", ""netlsd_normalization"": ""empty"", ""netlsd_time_scale_count"": 250, ""netlsd_time_scale_max"": 100.0, ""netlsd_time_scale_min"": 0.01, ""netlsd_time_scale_schedule"": ""logspace""}",edge,deletion,,5,8,8,1,6,2.073340473528484,2.073340473528484,2.0787953049841255,1.6,1.9756885090218426,0.02545402300893329,0.092193603515625,success,
erdos_renyi,"{""data_root"": """", ""dataset_name"": """", ""edge_probability"": 0.12, ""family"": ""erdos_renyi"", ""m"": 2, ""num_blocks"": 3, ""num_graphs"": 5, ""num_nodes"": 8, ""p_in"": 0.25, ""p_out"": 0.03, ""seed"": 1}",edge_deletion,"{""alpha"": 0.5, ""edges_added"": 0, ""edges_removed"": 8, ""graphs"": 5, ""graphs_skipped"": 0, ""graphs_success"": 5, ""label_source"": null, ""method"": ""edge_deletion"", ""perturbation_direction"": ""deletion"", ""perturbation_family"": ""edge"", ""rewires"": 0, ""triangles_affected"": 0}",0.5,1,diversity_curves_shortest_path,paper_faithful,"{""distance_metric"": ""shortest_path"", ""distribution_distance"": ""l2_between_mean_curves"", ""diversity_contraction_mode"": ""random_edge"", ""diversity_curve_definition"": ""shortest_path_spread"", ""diversity_repetitions"": 3, ""diversity_scale_count"": ""dataset_max_nodes"", ""diversity_scale_schedule"": ""all_integer_cardinalities"", ""diversity_upsampling_enabled"": true, ""implementation_mode"": ""paper_faithful"", ""method"": ""diversity_curves_shortest_path"", ""random_seed"": 0}",edge,deletion,,5,8,8,1,6,1.7229385727475701,1.7229385727475701,1.7939596275013288,1.6,1.9756885090218426,0.028039142984198406,0.013935089111328125,success,
erdos_renyi,"{""data_root"": """", ""dataset_name"": """", ""edge_probability"": 0.12, ""family"": ""erdos_renyi"", ""m"": 2, ""num_blocks"": 3, ""num_graphs"": 5, ""num_nodes"": 8, ""p_in"": 0.25, ""p_out"": 0.03, ""seed"": 1}",triangle_insertion,"{""alpha"": 0.0, ""edges_added"": 0, ""edges_removed"": 0, ""graphs"": 5, ""graphs_skipped"": 0, ""graphs_success"": 5, ""label_source"": null, ""method"": ""triangle_insertion"", ""perturbation_direction"": ""insertion"", ""perturbation_family"": ""triangle"", ""rewires"": 0, ""triangles_affected"": 0}",0.0,1,structural_statistics_mmd,descriptor_baseline,"{""bandwidth"": 10.0, ""feature_count"": 9, ""implementation_mode"": ""descriptor_baseline"", ""kernel"": ""rbf_mmd"", ""method"": ""structural_statistics_mmd""}",triangle,insertion,,5,8,8,1,6,0.0,0.0,0.0,0.0,0.0,0.0016610919847153127,0.00604248046875,success,
erdos_renyi,"{""data_root"": """", ""dataset_name"": """", ""edge_probability"": 0.12, ""family"": ""erdos_renyi"", ""m"": 2, ""num_blocks"": 3, ""num_graphs"": 5, ""num_nodes"": 8, ""p_in"": 0.25, ""p_out"": 0.03, ""seed"": 1}",triangle_insertion,"{""alpha"": 0.0, ""edges_added"": 0, ""edges_removed"": 0, ""graphs"": 5, ""graphs_skipped"": 0, ""graphs_success"": 5, ""label_source"": null, ""method"": ""triangle_insertion"", ""perturbation_direction"": ""insertion"", ""perturbation_family"": ""triangle"", ""rewires"": 0, ""triangles_affected"": 0}",0.0,1,wl_subtree_kernel_mmd,paper_faithful,"{""implementation_mode"": ""paper_faithful"", ""method"": ""wl_subtree_kernel_mmd"", ""wl_compression"": ""shared_canonical_dictionary_per_comparison"", ""wl_feature_construction"": ""subtree_histograms_across_iterations"", ""wl_iterations"": 3, ""wl_kernel_distance_mode"": ""linear_mmd"", ""wl_label_initialization"": ""node_label_or_degree"", ""wl_node_label_key"": ""node_labels""}",triangle,insertion,,5,8,8,1,6,0.0,0.0,0.0,0.0,0.0,0.0017329250113107264,0.026224136352539062,success,
erdos_renyi,"{""data_root"": """", ""dataset_name"": """", ""edge_probability"": 0.12, ""family"": ""erdos_renyi"", ""m"": 2, ""num_blocks"": 3, ""num_graphs"": 5, ""num_nodes"": 8, ""p_in"": 0.25, ""p_out"": 0.03, ""seed"": 1}",triangle_insertion,"{""alpha"": 0.0, ""edges_added"": 0, ""edges_removed"": 0, ""graphs"": 5, ""graphs_skipped"": 0, ""graphs_success"": 5, ""label_source"": null, ""method"": ""triangle_insertion"", ""perturbation_direction"": ""insertion"", ""perturbation_family"": ""triangle"", ""rewires"": 0, ""triangles_affected"": 0}",0.0,1,native_netlsd,paper_faithful,"{""distribution_distance"": ""l2_between_mean_signatures"", ""eigenvalue_count"": ""all"", ""eigenvalue_mode"": ""full_spectrum"", ""heat_signature"": ""heat_trace"", ""implementation_mode"": ""paper_faithful"", ""laplacian_type"": ""normalized"", ""method"": ""native_netlsd"", ""netlsd_normalization"": ""empty"", ""netlsd_time_scale_count"": 250, ""netlsd_time_scale_max"": 100.0, ""netlsd_time_scale_min"": 0.01, ""netlsd_time_scale_schedule"": ""logspace""}",triangle,insertion,,5,8,8,1,6,0.0,0.0,0.0,0.0,0.0,0.031143988016992807,0.092193603515625,success,
erdos_renyi,"{""data_root"": """", ""dataset_name"": """", ""edge_probability"": 0.12, ""family"": ""erdos_renyi"", ""m"": 2, ""num_blocks"": 3, ""num_graphs"": 5, ""num_nodes"": 8, ""p_in"": 0.25, ""p_out"": 0.03, ""seed"": 1}",triangle_insertion,"{""alpha"": 0.0, ""edges_added"": 0, ""edges_removed"": 0, ""graphs"": 5, ""graphs_skipped"": 0, ""graphs_success"": 5, ""label_source"": null, ""method"": ""triangle_insertion"", ""perturbation_direction"": ""insertion"", ""perturbation_family"": ""triangle"", ""rewires"": 0, ""triangles_affected"": 0}",0.0,1,diversity_curves_shortest_path,paper_faithful,"{""distance_metric"": ""shortest_path"", ""distribution_distance"": ""l2_between_mean_curves"", ""diversity_contraction_mode"": ""random_edge"", ""diversity_curve_definition"": ""shortest_path_spread"", ""diversity_repetitions"": 3, ""diversity_scale_count"": ""dataset_max_nodes"", ""diversity_scale_schedule"": ""all_integer_cardinalities"", ""diversity_upsampling_enabled"": true, ""implementation_mode"": ""paper_faithful"", ""method"": ""diversity_curves_shortest_path"", ""random_seed"": 0}",triangle,insertion,,5,8,8,1,6,0.0,0.0,0.0,0.0,0.0,0.02793610602384433,0.014809608459472656,success,
erdos_renyi,"{""data_root"": """", ""dataset_name"": """", ""edge_probability"": 0.12, ""family"": ""erdos_renyi"", ""m"": 2, ""num_blocks"": 3, ""num_graphs"": 5, ""num_nodes"": 8, ""p_in"": 0.25, ""p_out"": 0.03, ""seed"": 1}",edge_deletion,"{""alpha"": 1.0, ""edges_added"": 0, ""edges_removed"": 18, ""graphs"": 5, ""graphs_skipped"": 0, ""graphs_success"": 5, ""label_source"": null, ""method"": ""edge_deletion"", ""perturbation_direction"": ""deletion"", ""perturbation_family"": ""edge"", ""rewires"": 0, ""triangles_affected"": 0}",1.0,1,structural_statistics_mmd,descriptor_baseline,"{""bandwidth"": 10.0, ""feature_count"": 9, ""implementation_mode"": ""descriptor_baseline"", ""kernel"": ""rbf_mmd"", ""method"": ""structural_statistics_mmd""}",edge,deletion,,5,8,8,0,6,0.22690789087788787,5.209333509408367,5.211754582558872,3.6,4.230389363722697,0.0014854749897494912,0.005859375,success,
erdos_renyi,"{""data_root"": """", ""dataset_name"": """", ""edge_probability"": 0.12, ""family"": ""erdos_renyi"", ""m"": 2, ""num_blocks"": 3, ""num_graphs"": 5, ""num_nodes"": 8, ""p_in"": 0.25, ""p_out"": 0.03, ""seed"": 1}",edge_deletion,"{""alpha"": 1.0, ""edges_added"": 0, ""edges_removed"": 18, ""graphs"": 5, ""graphs_skipped"": 0, ""graphs_success"": 5, ""label_source"": null, ""method"": ""edge_deletion"", ""perturbation_direction"": ""deletion"", ""perturbation_family"": ""edge"", ""rewires"": 0, ""triangles_affected"": 0}",1.0,1,wl_subtree_kernel_mmd,paper_faithful,"{""implementation_mode"": ""paper_faithful"", ""method"": ""wl_subtree_kernel_mmd"", ""wl_compression"": ""shared_canonical_dictionary_per_comparison"", ""wl_feature_construction"": ""subtree_histograms_across_iterations"", ""wl_iterations"": 3, ""wl_kernel_distance_mode"": ""linear_mmd"", ""wl_label_initialization"": ""node_label_or_degree"", ""wl_node_label_key"": ""node_labels""}",edge,deletion,,5,8,8,0,6,111.28,10.548933595392475,11.339303641828861,3.6,4.230389363722697,0.0025579709908924997,0.01983928680419922,success,
erdos_renyi,"{""data_root"": """", ""dataset_name"": """", ""edge_probability"": 0.12, ""family"": ""erdos_renyi"", ""m"": 2, ""num_blocks"": 3, ""num_graphs"": 5, ""num_nodes"": 8, ""p_in"": 0.25, ""p_out"": 0.03, ""seed"": 1}",edge_deletion,"{""alpha"": 1.0, ""edges_added"": 0, ""edges_removed"": 18, ""graphs"": 5, ""graphs_skipped"": 0, ""graphs_success"": 5, ""label_source"": null, ""method"": ""edge_deletion"", ""perturbation_direction"": ""deletion"", ""perturbation_family"": ""edge"", ""rewires"": 0, ""triangles_affected"": 0}",1.0,1,native_netlsd,paper_faithful,"{""distribution_distance"": ""l2_between_mean_signatures"", ""eigenvalue_count"": ""all"", ""eigenvalue_mode"": ""full_spectrum"", ""heat_signature"": ""heat_trace"", ""implementation_mode"": ""paper_faithful"", ""laplacian_type"": ""normalized"", ""method"": ""native_netlsd"", ""netlsd_normalization"": ""empty"", ""netlsd_time_scale_count"": 250, ""netlsd_time_scale_max"": 100.0, ""netlsd_time_scale_min"": 0.01, ""netlsd_time_scale_schedule"": ""logspace""}",edge,deletion,,5,8,8,0,6,4.959596819571982,4.959596819571982,4.964821439495857,3.6,4.230389363722697,0.023757199000101537,0.09207916259765625,success,
erdos_renyi,"{""data_root"": """", ""dataset_name"": """", ""edge_probability"": 0.12, ""family"": ""erdos_renyi"", ""m"": 2, ""num_blocks"": 3, ""num_graphs"": 5, ""num_nodes"": 8, ""p_in"": 0.25, ""p_out"": 0.03, ""seed"": 1}",edge_deletion,"{""alpha"": 1.0, ""edges_added"": 0, ""edges_removed"": 18, ""graphs"": 5, ""graphs_skipped"": 0, ""graphs_success"": 5, ""label_source"": null, ""method"": ""edge_deletion"", ""perturbation_direction"": ""deletion"", ""perturbation_family"": ""edge"", ""rewires"": 0, ""triangles_affected"": 0}",1.0,1,diversity_curves_shortest_path,paper_faithful,"{""distance_metric"": ""shortest_path"", ""distribution_distance"": ""l2_between_mean_curves"", ""diversity_contraction_mode"": ""random_edge"", ""diversity_curve_definition"": ""shortest_path_spread"", ""diversity_repetitions"": 3, ""diversity_scale_count"": ""dataset_max_nodes"", ""diversity_scale_schedule"": ""all_integer_cardinalities"", ""diversity_upsampling_enabled"": true, ""implementation_mode"": ""paper_faithful"", ""method"": ""diversity_curves_shortest_path"", ""random_seed"": 0}",edge,deletion,,5,8,8,0,6,2.793703571243961,2.793703571243961,2.8953132615362516,3.6,4.230389363722697,0.021636710996972397,0.013619422912597656,success,
erdos_renyi,"{""data_root"": """", ""dataset_name"": """", ""edge_probability"": 0.12, ""family"": ""erdos_renyi"", ""m"": 2, ""num_blocks"": 3, ""num_graphs"": 5, ""num_nodes"": 8, ""p_in"": 0.25, ""p_out"": 0.03, ""seed"": 1}",triangle_deletion,"{""alpha"": 0.5, ""edges_added"": 0, ""edges_removed"": 0, ""graphs"": 5, ""graphs_skipped"": 0, ""graphs_success"": 5, ""label_source"": null, ""method"": ""triangle_deletion"", ""perturbation_direction"": ""deletion"", ""perturbation_family"": ""triangle"", ""rewires"": 0, ""triangles_affected"": 0}",0.5,1,structural_statistics_mmd,descriptor_baseline,"{""bandwidth"": 10.0, ""feature_count"": 9, ""implementation_mode"": ""descriptor_baseline"", ""kernel"": ""rbf_mmd"", ""method"": ""structural_statistics_mmd""}",triangle,deletion,,5,8,8,1,6,0.0,0.0,0.0,0.0,0.0,0.001653718005400151,0.00604248046875,success,
erdos_renyi,"{""data_root"": """", ""dataset_name"": """", ""edge_probability"": 0.12, ""family"": ""erdos_renyi"", ""m"": 2, ""num_blocks"": 3, ""num_graphs"": 5, ""num_nodes"": 8, ""p_in"": 0.25, ""p_out"": 0.03, ""seed"": 1}",triangle_deletion,"{""alpha"": 0.5, ""edges_added"": 0, ""edges_removed"": 0, ""graphs"": 5, ""graphs_skipped"": 0, ""graphs_success"": 5, ""label_source"": null, ""method"": ""triangle_deletion"", ""perturbation_direction"": ""deletion"", ""perturbation_family"": ""triangle"", ""rewires"": 0, ""triangles_affected"": 0}",0.5,1,wl_subtree_kernel_mmd,paper_faithful,"{""implementation_mode"": ""paper_faithful"", ""method"": ""wl_subtree_kernel_mmd"", ""wl_compression"": ""shared_canonical_dictionary_per_comparison"", ""wl_feature_construction"": ""subtree_histograms_across_iterations"", ""wl_iterations"": 3, ""wl_kernel_distance_mode"": ""linear_mmd"", ""wl_label_initialization"": ""node_label_or_degree"", ""wl_node_label_key"": ""node_labels""}",triangle,deletion,,5,8,8,1,6,0.0,0.0,0.0,0.0,0.0,0.0029328790260478854,0.026491165161132812,success,
erdos_renyi,"{""data_root"": """", ""dataset_name"": """", ""edge_probability"": 0.12, ""family"": ""erdos_renyi"", ""m"": 2, ""num_blocks"": 3, ""num_graphs"": 5, ""num_nodes"": 8, ""p_in"": 0.25, ""p_out"": 0.03, ""seed"": 1}",triangle_deletion,"{""alpha"": 0.5, ""edges_added"": 0, ""edges_removed"": 0, ""graphs"": 5, ""graphs_skipped"": 0, ""graphs_success"": 5, ""label_source"": null, ""method"": ""triangle_deletion"", ""perturbation_direction"": ""deletion"", ""perturbation_family"": ""triangle"", ""rewires"": 0, ""triangles_affected"": 0}",0.5,1,native_netlsd,paper_faithful,"{""distribution_distance"": ""l2_between_mean_signatures"", ""eigenvalue_count"": ""all"", ""eigenvalue_mode"": ""full_spectrum"", ""heat_signature"": ""heat_trace"", ""implementation_mode"": ""paper_faithful"", ""laplacian_type"": ""normalized"", ""method"": ""native_netlsd"", ""netlsd_normalization"": ""empty"", ""netlsd_time_scale_count"": 250, ""netlsd_time_scale_max"": 100.0, ""netlsd_time_scale_min"": 0.01, ""netlsd_time_scale_schedule"": ""logspace""}",triangle,deletion,,5,8,8,1,6,0.0,0.0,0.0,0.0,0.0,0.02363510598661378,0.092193603515625,success,
erdos_renyi,"{""data_root"": """", ""dataset_name"": """", ""edge_probability"": 0.12, ""family"": ""erdos_renyi"", ""m"": 2, ""num_blocks"": 3, ""num_graphs"": 5, ""num_nodes"": 8, ""p_in"": 0.25, ""p_out"": 0.03, ""seed"": 1}",triangle_deletion,"{""alpha"": 0.5, ""edges_added"": 0, ""edges_removed"": 0, ""graphs"": 5, ""graphs_skipped"": 0, ""graphs_success"": 5, ""label_source"": null, ""method"": ""triangle_deletion"", ""perturbation_direction"": ""deletion"", ""perturbation_family"": ""triangle"", ""rewires"": 0, ""triangles_affected"": 0}",0.5,1,diversity_curves_shortest_path,paper_faithful,"{""distance_metric"": ""shortest_path"", ""distribution_distance"": ""l2_between_mean_curves"", ""diversity_contraction_mode"": ""random_edge"", ""diversity_curve_definition"": ""shortest_path_spread"", ""diversity_repetitions"": 3, ""diversity_scale_count"": ""dataset_max_nodes"", ""diversity_scale_schedule"": ""all_integer_cardinalities"", ""diversity_upsampling_enabled"": true, ""implementation_mode"": ""paper_faithful"", ""method"": ""diversity_curves_shortest_path"", ""random_seed"": 0}",triangle,deletion,,5,8,8,1,6,0.0,0.0,0.0,0.0,0.0,0.026313310983823612,0.014809608459472656,success,
erdos_renyi,"{""data_root"": """", ""dataset_name"": """", ""edge_probability"": 0.12, ""family"": ""erdos_renyi"", ""m"": 2, ""num_blocks"": 3, ""num_graphs"": 5, ""num_nodes"": 8, ""p_in"": 0.25, ""p_out"": 0.03, ""seed"": 1}",community_weakening,"{""alpha"": 1.0, ""edges_added"": 14, ""edges_removed"": 14, ""graphs"": 5, ""graphs_skipped"": 0, ""graphs_success"": 5, ""label_source"": ""detected"", ""method"": ""community_weakening"", ""perturbation_direction"": ""weakening"", ""perturbation_family"": ""community"", ""rewires"": 14, ""triangles_affected"": 0}",1.0,1,structural_statistics_mmd,descriptor_baseline,"{""bandwidth"": 10.0, ""feature_count"": 9, ""implementation_mode"": ""descriptor_baseline"", ""kernel"": ""rbf_mmd"", ""method"": ""structural_statistics_mmd""}",community,weakening,detected,5,8,8,1,6,0.0008489484592124619,0.3,0.3,5.6,5.888888888888888,0.001369108009384945,0.005218505859375,success,
erdos_renyi,"{""data_root"": """", ""dataset_name"": """", ""edge_probability"": 0.12, ""family"": ""erdos_renyi"", ""m"": 2, ""num_blocks"": 3, ""num_graphs"": 5, ""num_nodes"": 8, ""p_in"": 0.25, ""p_out"": 0.03, ""seed"": 1}",community_weakening,"{""alpha"": 1.0, ""edges_added"": 14, ""edges_removed"": 14, ""graphs"": 5, ""graphs_skipped"": 0, ""graphs_success"": 5, ""label_source"": ""detected"", ""method"": ""community_weakening"", ""perturbation_direction"": ""weakening"", ""perturbation_family"": ""community"", ""rewires"": 14, ""triangles_affected"": 0}",1.0,1,wl_subtree_kernel_mmd,paper_faithful,"{""implementation_mode"": ""paper_faithful"", ""method"": ""wl_subtree_kernel_mmd"", ""wl_compression"": ""shared_canonical_dictionary_per_comparison"", ""wl_feature_construction"": ""subtree_histograms_across_iterations"", ""wl_iterations"": 3, ""wl_kernel_distance_mode"": ""linear_mmd"", ""wl_label_initialization"": ""node_label_or_degree"", ""wl_node_label_key"": ""node_labels""}",community,weakening,detected,5,8,8,1,6,16.32,4.039801975344831,5.656854249492381,5.6,5.888888888888888,0.0021019419946242124,0.024393081665039062,success,
erdos_renyi,"{""data_root"": """", ""dataset_name"": """", ""edge_probability"": 0.12, ""family"": ""erdos_renyi"", ""m"": 2, ""num_blocks"": 3, ""num_graphs"": 5, ""num_nodes"": 8, ""p_in"": 0.25, ""p_out"": 0.03, ""seed"": 1}",community_weakening,"{""alpha"": 1.0, ""edges_added"": 14, ""edges_removed"": 14, ""graphs"": 5, ""graphs_skipped"": 0, ""graphs_success"": 5, ""label_source"": ""detected"", ""method"": ""community_weakening"", ""perturbation_direction"": ""weakening"", ""perturbation_family"": ""community"", ""rewires"": 14, ""triangles_affected"": 0}",1.0,1,native_netlsd,paper_faithful,"{""distribution_distance"": ""l2_between_mean_signatures"", ""eigenvalue_count"": ""all"", ""eigenvalue_mode"": ""full_spectrum"", ""heat_signature"": ""heat_trace"", ""implementation_mode"": ""paper_faithful"", ""laplacian_type"": ""normalized"", ""method"": ""native_netlsd"", ""netlsd_normalization"": ""empty"", ""netlsd_time_scale_count"": 250, ""netlsd_time_scale_max"": 100.0, ""netlsd_time_scale_min"": 0.01, ""netlsd_time_scale_schedule"": ""logspace""}",community,weakening,detected,5,8,8,1,6,0.1511961035676627,0.1511961035676627,0.154331824319599,5.6,5.888888888888888,0.02514300399343483,0.092193603515625,success,
erdos_renyi,"{""data_root"": """", ""dataset_name"": """", ""edge_probability"": 0.12, ""family"": ""erdos_renyi"", ""m"": 2, ""num_blocks"": 3, ""num_graphs"": 5, ""num_nodes"": 8, ""p_in"": 0.25, ""p_out"": 0.03, ""seed"": 1}",community_weakening,"{""alpha"": 1.0, ""edges_added"": 14, ""edges_removed"": 14, ""graphs"": 5, ""graphs_skipped"": 0, ""graphs_success"": 5, ""label_source"": ""detected"", ""method"": ""community_weakening"", ""perturbation_direction"": ""weakening"", ""perturbation_family"": ""community"", ""rewires"": 14, ""triangles_affected"": 0}",1.0,1,diversity_curves_shortest_path,paper_faithful,"{""distance_metric"": ""shortest_path"", ""distribution_distance"": ""l2_between_mean_curves"", ""diversity_contraction_mode"": ""random_edge"", ""diversity_curve_definition"": ""shortest_path_spread"", ""diversity_repetitions"": 3, ""diversity_scale_count"": ""dataset_max_nodes"", ""diversity_scale_schedule"": ""all_integer_cardinalities"", ""diversity_upsampling_enabled"": true, ""implementation_mode"": ""paper_faithful"", ""method"": ""diversity_curves_shortest_path"", ""random_seed"": 0}",community,weakening,detected,5,8,8,1,6,0.05038728910880848,0.05038728910880848,0.05132306356167889,5.6,5.888888888888888,0.031881505012279376,0.014321327209472656,success,
erdos_renyi,"{""data_root"": """", ""dataset_name"": """", ""edge_probability"": 0.12, ""family"": ""erdos_renyi"", ""m"": 2, ""num_blocks"": 3, ""num_graphs"": 5, ""num_nodes"": 8, ""p_in"": 0.25, ""p_out"": 0.03, ""seed"": 1}",community_weakening,"{""alpha"": 0.0, ""edges_added"": 0, ""edges_removed"": 0, ""graphs"": 5, ""graphs_skipped"": 0, ""graphs_success"": 5, ""label_source"": ""detected"", ""method"": ""community_weakening"", ""perturbation_direction"": ""weakening"", ""perturbation_family"": ""community"", ""rewires"": 0, ""triangles_affected"": 0}",0.0,1,structural_statistics_mmd,descriptor_baseline,"{""bandwidth"": 10.0, ""feature_count"": 9, ""implementation_mode"": ""descriptor_baseline"", ""kernel"": ""rbf_mmd"", ""method"": ""structural_statistics_mmd""}",community,weakening,detected,5,8,8,1,6,0.0,0.0,0.0,0.0,0.0,0.0015025369939394295,0.00604248046875,success,
erdos_renyi,"{""data_root"": """", ""dataset_name"": """", ""edge_probability"": 0.12, ""family"": ""erdos_renyi"", ""m"": 2, ""num_blocks"": 3, ""num_graphs"": 5, ""num_nodes"": 8, ""p_in"": 0.25, ""p_out"": 0.03, ""seed"": 1}",community_weakening,"{""alpha"": 0.0, ""edges_added"": 0, ""edges_removed"": 0, ""graphs"": 5, ""graphs_skipped"": 0, ""graphs_success"": 5, ""label_source"": ""detected"", ""method"": ""community_weakening"", ""perturbation_direction"": ""weakening"", ""perturbation_family"": ""community"", ""rewires"": 0, ""triangles_affected"": 0}",0.0,1,wl_subtree_kernel_mmd,paper_faithful,"{""implementation_mode"": ""paper_faithful"", ""method"": ""wl_subtree_kernel_mmd"", ""wl_compression"": ""shared_canonical_dictionary_per_comparison"", ""wl_feature_construction"": ""subtree_histograms_across_iterations"", ""wl_iterations"": 3, ""wl_kernel_distance_mode"": ""linear_mmd"", ""wl_label_initialization"": ""node_label_or_degree"", ""wl_node_label_key"": ""node_labels""}",community,weakening,detected,5,8,8,1,6,0.0,0.0,0.0,0.0,0.0,0.002478403999703005,0.026170730590820312,success,
erdos_renyi,"{""data_root"": """", ""dataset_name"": """", ""edge_probability"": 0.12, ""family"": ""erdos_renyi"", ""m"": 2, ""num_blocks"": 3, ""num_graphs"": 5, ""num_nodes"": 8, ""p_in"": 0.25, ""p_out"": 0.03, ""seed"": 1}",community_weakening,"{""alpha"": 0.0, ""edges_added"": 0, ""edges_removed"": 0, ""graphs"": 5, ""graphs_skipped"": 0, ""graphs_success"": 5, ""label_source"": ""detected"", ""method"": ""community_weakening"", ""perturbation_direction"": ""weakening"", ""perturbation_family"": ""community"", ""rewires"": 0, ""triangles_affected"": 0}",0.0,1,native_netlsd,paper_faithful,"{""distribution_distance"": ""l2_between_mean_signatures"", ""eigenvalue_count"": ""all"", ""eigenvalue_mode"": ""full_spectrum"", ""heat_signature"": ""heat_trace"", ""implementation_mode"": ""paper_faithful"", ""laplacian_type"": ""normalized"", ""method"": ""native_netlsd"", ""netlsd_normalization"": ""empty"", ""netlsd_time_scale_count"": 250, ""netlsd_time_scale_max"": 100.0, ""netlsd_time_scale_min"": 0.01, ""netlsd_time_scale_schedule"": ""logspace""}",community,weakening,detected,5,8,8,1,6,0.0,0.0,0.0,0.0,0.0,0.031680545973358676,0.092193603515625,success,
erdos_renyi,"{""data_root"": """", ""dataset_name"": """", ""edge_probability"": 0.12, ""family"": ""erdos_renyi"", ""m"": 2, ""num_blocks"": 3, ""num_graphs"": 5, ""num_nodes"": 8, ""p_in"": 0.25, ""p_out"": 0.03, ""seed"": 1}",community_weakening,"{""alpha"": 0.0, ""edges_added"": 0, ""edges_removed"": 0, ""graphs"": 5, ""graphs_skipped"": 0, ""graphs_success"": 5, ""label_source"": ""detected"", ""method"": ""community_weakening"", ""perturbation_direction"": ""weakening"", ""perturbation_family"": ""community"", ""rewires"": 0, ""triangles_affected"": 0}",0.0,1,diversity_curves_shortest_path,paper_faithful,"{""distance_metric"": ""shortest_path"", ""distribution_distance"": ""l2_between_mean_curves"", ""diversity_contraction_mode"": ""random_edge"", ""diversity_curve_definition"": ""shortest_path_spread"", ""diversity_repetitions"": 3, ""diversity_scale_count"": ""dataset_max_nodes"", ""diversity_scale_schedule"": ""all_integer_cardinalities"", ""diversity_upsampling_enabled"": true, ""implementation_mode"": ""paper_faithful"", ""method"": ""diversity_curves_shortest_path"", ""random_seed"": 0}",community,weakening,detected,5,8,8,1,6,0.0,0.0,0.0,0.0,0.0,0.027089188020909205,0.014809608459472656,success,
erdos_renyi,"{""data_root"": """", ""dataset_name"": """", ""edge_probability"": 0.12, ""family"": ""erdos_renyi"", ""m"": 2, ""num_blocks"": 3, ""num_graphs"": 5, ""num_nodes"": 8, ""p_in"": 0.25, ""p_out"": 0.03, ""seed"": 1}",triangle_insertion,"{""alpha"": 1.0, ""edges_added"": 14, ""edges_removed"": 0, ""graphs"": 5, ""graphs_skipped"": 0, ""graphs_success"": 5, ""label_source"": null, ""method"": ""triangle_insertion"", ""perturbation_direction"": ""insertion"", ""perturbation_family"": ""triangle"", ""rewires"": 0, ""triangles_affected"": 14}",1.0,1,structural_statistics_mmd,descriptor_baseline,"{""bandwidth"": 10.0, ""feature_count"": 9, ""implementation_mode"": ""descriptor_baseline"", ""kernel"": ""rbf_mmd"", ""method"": ""structural_statistics_mmd""}",triangle,insertion,,5,8,8,1,12,0.14174174421435715,4.451317359878791,4.545939374522495,2.8,3.118474687705457,0.0017339279875159264,0.0053558349609375,success,
erdos_renyi,"{""data_root"": """", ""dataset_name"": """", ""edge_probability"": 0.12, ""family"": ""erdos_renyi"", ""m"": 2, ""num_blocks"": 3, ""num_graphs"": 5, ""num_nodes"": 8, ""p_in"": 0.25, ""p_out"": 0.03, ""seed"": 1}",triangle_insertion,"{""alpha"": 1.0, ""edges_added"": 14, ""edges_removed"": 0, ""graphs"": 5, ""graphs_skipped"": 0, ""graphs_success"": 5, ""label_source"": null, ""method"": ""triangle_insertion"", ""perturbation_direction"": ""insertion"", ""perturbation_family"": ""triangle"", ""rewires"": 0, ""triangles_affected"": 14}",1.0,1,wl_subtree_kernel_mmd,paper_faithful,"{""implementation_mode"": ""paper_faithful"", ""method"": ""wl_subtree_kernel_mmd"", ""wl_compression"": ""shared_canonical_dictionary_per_comparison"", ""wl_feature_construction"": ""subtree_histograms_across_iterations"", ""wl_iterations"": 3, ""wl_kernel_distance_mode"": ""linear_mmd"", ""wl_label_initialization"": ""node_label_or_degree"", ""wl_node_label_key"": ""node_labels""}",triangle,insertion,,5,8,8,1,12,18.080000000000002,4.25205832509386,6.4267104012616,2.8,3.118474687705457,0.0033111929951701313,0.029754638671875,success,
erdos_renyi,"{""data_root"": """", ""dataset_name"": """", ""edge_probability"": 0.12, ""family"": ""erdos_renyi"", ""m"": 2, ""num_blocks"": 3, ""num_graphs"": 5, ""num_nodes"": 8, ""p_in"": 0.25, ""p_out"": 0.03, ""seed"": 1}",triangle_insertion,"{""alpha"": 1.0, ""edges_added"": 14, ""edges_removed"": 0, ""graphs"": 5, ""graphs_skipped"": 0, ""graphs_success"": 5, ""label_source"": null, ""method"": ""triangle_insertion"", ""perturbation_direction"": ""insertion"", ""perturbation_family"": ""triangle"", ""rewires"": 0, ""triangles_affected"": 14}",1.0,1,native_netlsd,paper_faithful,"{""distribution_distance"": ""l2_between_mean_signatures"", ""eigenvalue_count"": ""all"", ""eigenvalue_mode"": ""full_spectrum"", ""heat_signature"": ""heat_trace"", ""implementation_mode"": ""paper_faithful"", ""laplacian_type"": ""normalized"", ""method"": ""native_netlsd"", ""netlsd_normalization"": ""empty"", ""netlsd_time_scale_count"": 250, ""netlsd_time_scale_max"": 100.0, ""netlsd_time_scale_min"": 0.01, ""netlsd_time_scale_schedule"": ""logspace""}",triangle,insertion,,5,8,8,1,12,0.16219504837258078,0.16219504837258078,0.16604774874099754,2.8,3.118474687705457,0.030363876023329794,0.0921478271484375,success,
erdos_renyi,"{""data_root"": """", ""dataset_name"": """", ""edge_probability"": 0.12, ""family"": ""erdos_renyi"", ""m"": 2, ""num_blocks"": 3, ""num_graphs"": 5, ""num_nodes"": 8, ""p_in"": 0.25, ""p_out"": 0.03, ""seed"": 1}",triangle_insertion,"{""alpha"": 1.0, ""edges_added"": 14, ""edges_removed"": 0, ""graphs"": 5, ""graphs_skipped"": 0, ""graphs_success"": 5, ""label_source"": null, ""method"": ""triangle_insertion"", ""perturbation_direction"": ""insertion"", ""perturbation_family"": ""triangle"", ""rewires"": 0, ""triangles_affected"": 14}",1.0,1,diversity_curves_shortest_path,paper_faithful,"{""distance_metric"": ""shortest_path"", ""distribution_distance"": ""l2_between_mean_curves"", ""diversity_contraction_mode"": ""random_edge"", ""diversity_curve_definition"": ""shortest_path_spread"", ""diversity_repetitions"": 3, ""diversity_scale_count"": ""dataset_max_nodes"", ""diversity_scale_schedule"": ""all_integer_cardinalities"", ""diversity_upsampling_enabled"": true, ""implementation_mode"": ""paper_faithful"", ""method"": ""diversity_curves_shortest_path"", ""random_seed"": 0}",triangle,insertion,,5,8,8,1,12,0.5647339015891916,0.5647339015891916,0.5807310091979703,2.8,3.118474687705457,0.03578563599148765,0.016005516052246094,success,
erdos_renyi,"{""data_root"": """", ""dataset_name"": """", ""edge_probability"": 0.12, ""family"": ""erdos_renyi"", ""m"": 2, ""num_blocks"": 3, ""num_graphs"": 5, ""num_nodes"": 8, ""p_in"": 0.25, ""p_out"": 0.03, ""seed"": 1}",triangle_deletion,"{""alpha"": 0.0, ""edges_added"": 0, ""edges_removed"": 0, ""graphs"": 5, ""graphs_skipped"": 0, ""graphs_success"": 5, ""label_source"": null, ""method"": ""triangle_deletion"", ""perturbation_direction"": ""deletion"", ""perturbation_family"": ""triangle"", ""rewires"": 0, ""triangles_affected"": 0}",0.0,1,structural_statistics_mmd,descriptor_baseline,"{""bandwidth"": 10.0, ""feature_count"": 9, ""implementation_mode"": ""descriptor_baseline"", ""kernel"": ""rbf_mmd"", ""method"": ""structural_statistics_mmd""}",triangle,deletion,,5,8,8,1,6,0.0,0.0,0.0,0.0,0.0,0.0012070270022377372,0.00604248046875,success,
erdos_renyi,"{""data_root"": """", ""dataset_name"": """", ""edge_probability"": 0.12, ""family"": ""erdos_renyi"", ""m"": 2, ""num_blocks"": 3, ""num_graphs"": 5, ""num_nodes"": 8, ""p_in"": 0.25, ""p_out"": 0.03, ""seed"": 1}",triangle_deletion,"{""alpha"": 0.0, ""edges_added"": 0, ""edges_removed"": 0, ""graphs"": 5, ""graphs_skipped"": 0, ""graphs_success"": 5, ""label_source"": null, ""method"": ""triangle_deletion"", ""perturbation_direction"": ""deletion"", ""perturbation_family"": ""triangle"", ""rewires"": 0, ""triangles_affected"": 0}",0.0,1,wl_subtree_kernel_mmd,paper_faithful,"{""implementation_mode"": ""paper_faithful"", ""method"": ""wl_subtree_kernel_mmd"", ""wl_compression"": ""shared_canonical_dictionary_per_comparison"", ""wl_feature_construction"": ""subtree_histograms_across_iterations"", ""wl_iterations"": 3, ""wl_kernel_distance_mode"": ""linear_mmd"", ""wl_label_initialization"": ""node_label_or_degree"", ""wl_node_label_key"": ""node_labels""}",triangle,deletion,,5,8,8,1,6,0.0,0.0,0.0,0.0,0.0,0.0020919329836033285,0.026170730590820312,success,
erdos_renyi,"{""data_root"": """", ""dataset_name"": """", ""edge_probability"": 0.12, ""family"": ""erdos_renyi"", ""m"": 2, ""num_blocks"": 3, ""num_graphs"": 5, ""num_nodes"": 8, ""p_in"": 0.25, ""p_out"": 0.03, ""seed"": 1}",triangle_deletion,"{""alpha"": 0.0, ""edges_added"": 0, ""edges_removed"": 0, ""graphs"": 5, ""graphs_skipped"": 0, ""graphs_success"": 5, ""label_source"": null, ""method"": ""triangle_deletion"", ""perturbation_direction"": ""deletion"", ""perturbation_family"": ""triangle"", ""rewires"": 0, ""triangles_affected"": 0}",0.0,1,native_netlsd,paper_faithful,"{""distribution_distance"": ""l2_between_mean_signatures"", ""eigenvalue_count"": ""all"", ""eigenvalue_mode"": ""full_spectrum"", ""heat_signature"": ""heat_trace"", ""implementation_mode"": ""paper_faithful"", ""laplacian_type"": ""normalized"", ""method"": ""native_netlsd"", ""netlsd_normalization"": ""empty"", ""netlsd_time_scale_count"": 250, ""netlsd_time_scale_max"": 100.0, ""netlsd_time_scale_min"": 0.01, ""netlsd_time_scale_schedule"": ""logspace""}",triangle,deletion,,5,8,8,1,6,0.0,0.0,0.0,0.0,0.0,0.03558677699766122,0.092193603515625,success,
erdos_renyi,"{""data_root"": """", ""dataset_name"": """", ""edge_probability"": 0.12, ""family"": ""erdos_renyi"", ""m"": 2, ""num_blocks"": 3, ""num_graphs"": 5, ""num_nodes"": 8, ""p_in"": 0.25, ""p_out"": 0.03, ""seed"": 1}",triangle_deletion,"{""alpha"": 0.0, ""edges_added"": 0, ""edges_removed"": 0, ""graphs"": 5, ""graphs_skipped"": 0, ""graphs_success"": 5, ""label_source"": null, ""method"": ""triangle_deletion"", ""perturbation_direction"": ""deletion"", ""perturbation_family"": ""triangle"", ""rewires"": 0, ""triangles_affected"": 0}",0.0,1,diversity_curves_shortest_path,paper_faithful,"{""distance_metric"": ""shortest_path"", ""distribution_distance"": ""l2_between_mean_curves"", ""diversity_contraction_mode"": ""random_edge"", ""diversity_curve_definition"": ""shortest_path_spread"", ""diversity_repetitions"": 3, ""diversity_scale_count"": ""dataset_max_nodes"", ""diversity_scale_schedule"": ""all_integer_cardinalities"", ""diversity_upsampling_enabled"": true, ""implementation_mode"": ""paper_faithful"", ""method"": ""diversity_curves_shortest_path"", ""random_seed"": 0}",triangle,deletion,,5,8,8,1,6,0.0,0.0,0.0,0.0,0.0,0.02832181501435116,0.014809608459472656,success,
erdos_renyi,"{""data_root"": """", ""dataset_name"": """", ""edge_probability"": 0.12, ""family"": ""erdos_renyi"", ""m"": 2, ""num_blocks"": 3, ""num_graphs"": 5, ""num_nodes"": 8, ""p_in"": 0.25, ""p_out"": 0.03, ""seed"": 1}",triangle_deletion,"{""alpha"": 1.0, ""edges_added"": 0, ""edges_removed"": 0, ""graphs"": 5, ""graphs_skipped"": 0, ""graphs_success"": 5, ""label_source"": null, ""method"": ""triangle_deletion"", ""perturbation_direction"": ""deletion"", ""perturbation_family"": ""triangle"", ""rewires"": 0, ""triangles_affected"": 0}",1.0,1,structural_statistics_mmd,descriptor_baseline,"{""bandwidth"": 10.0, ""feature_count"": 9, ""implementation_mode"": ""descriptor_baseline"", ""kernel"": ""rbf_mmd"", ""method"": ""structural_statistics_mmd""}",triangle,deletion,,5,8,8,1,6,0.0,0.0,0.0,0.0,0.0,0.001266827981453389,0.00604248046875,success,
erdos_renyi,"{""data_root"": """", ""dataset_name"": """", ""edge_probability"": 0.12, ""family"": ""erdos_renyi"", ""m"": 2, ""num_blocks"": 3, ""num_graphs"": 5, ""num_nodes"": 8, ""p_in"": 0.25, ""p_out"": 0.03, ""seed"": 1}",triangle_deletion,"{""alpha"": 1.0, ""edges_added"": 0, ""edges_removed"": 0, ""graphs"": 5, ""graphs_skipped"": 0, ""graphs_success"": 5, ""label_source"": null, ""method"": ""triangle_deletion"", ""perturbation_direction"": ""deletion"", ""perturbation_family"": ""triangle"", ""rewires"": 0, ""triangles_affected"": 0}",1.0,1,wl_subtree_kernel_mmd,paper_faithful,"{""implementation_mode"": ""paper_faithful"", ""method"": ""wl_subtree_kernel_mmd"", ""wl_compression"": ""shared_canonical_dictionary_per_comparison"", ""wl_feature_construction"": ""subtree_histograms_across_iterations"", ""wl_iterations"": 3, ""wl_kernel_distance_mode"": ""linear_mmd"", ""wl_label_initialization"": ""node_label_or_degree"", ""wl_node_label_key"": ""node_labels""}",triangle,deletion,,5,8,8,1,6,0.0,0.0,0.0,0.0,0.0,0.002010020980378613,0.026170730590820312,success,
erdos_renyi,"{""data_root"": """", ""dataset_name"": """", ""edge_probability"": 0.12, ""family"": ""erdos_renyi"", ""m"": 2, ""num_blocks"": 3, ""num_graphs"": 5, ""num_nodes"": 8, ""p_in"": 0.25, ""p_out"": 0.03, ""seed"": 1}",triangle_deletion,"{""alpha"": 1.0, ""edges_added"": 0, ""edges_removed"": 0, ""graphs"": 5, ""graphs_skipped"": 0, ""graphs_success"": 5, ""label_source"": null, ""method"": ""triangle_deletion"", ""perturbation_direction"": ""deletion"", ""perturbation_family"": ""triangle"", ""rewires"": 0, ""triangles_affected"": 0}",1.0,1,native_netlsd,paper_faithful,"{""distribution_distance"": ""l2_between_mean_signatures"", ""eigenvalue_count"": ""all"", ""eigenvalue_mode"": ""full_spectrum"", ""heat_signature"": ""heat_trace"", ""implementation_mode"": ""paper_faithful"", ""laplacian_type"": ""normalized"", ""method"": ""native_netlsd"", ""netlsd_normalization"": ""empty"", ""netlsd_time_scale_count"": 250, ""netlsd_time_scale_max"": 100.0, ""netlsd_time_scale_min"": 0.01, ""netlsd_time_scale_schedule"": ""logspace""}",triangle,deletion,,5,8,8,1,6,0.0,0.0,0.0,0.0,0.0,0.03205390099901706,0.092193603515625,success,
erdos_renyi,"{""data_root"": """", ""dataset_name"": """", ""edge_probability"": 0.12, ""family"": ""erdos_renyi"", ""m"": 2, ""num_blocks"": 3, ""num_graphs"": 5, ""num_nodes"": 8, ""p_in"": 0.25, ""p_out"": 0.03, ""seed"": 1}",triangle_deletion,"{""alpha"": 1.0, ""edges_added"": 0, ""edges_removed"": 0, ""graphs"": 5, ""graphs_skipped"": 0, ""graphs_success"": 5, ""label_source"": null, ""method"": ""triangle_deletion"", ""perturbation_direction"": ""deletion"", ""perturbation_family"": ""triangle"", ""rewires"": 0, ""triangles_affected"": 0}",1.0,1,diversity_curves_shortest_path,paper_faithful,"{""distance_metric"": ""shortest_path"", ""distribution_distance"": ""l2_between_mean_curves"", ""diversity_contraction_mode"": ""random_edge"", ""diversity_curve_definition"": ""shortest_path_spread"", ""diversity_repetitions"": 3, ""diversity_scale_count"": ""dataset_max_nodes"", ""diversity_scale_schedule"": ""all_integer_cardinalities"", ""diversity_upsampling_enabled"": true, ""implementation_mode"": ""paper_faithful"", ""method"": ""diversity_curves_shortest_path"", ""random_seed"": 0}",triangle,deletion,,5,8,8,1,6,0.0,0.0,0.0,0.0,0.0,0.029298306006239727,0.014809608459472656,success,
erdos_renyi,"{""data_root"": """", ""dataset_name"": """", ""edge_probability"": 0.12, ""family"": ""erdos_renyi"", ""m"": 2, ""num_blocks"": 3, ""num_graphs"": 5, ""num_nodes"": 8, ""p_in"": 0.25, ""p_out"": 0.03, ""seed"": 1}",community_weakening,"{""alpha"": 0.5, ""edges_added"": 6, ""edges_removed"": 6, ""graphs"": 5, ""graphs_skipped"": 0, ""graphs_success"": 5, ""label_source"": ""detected"", ""method"": ""community_weakening"", ""perturbation_direction"": ""weakening"", ""perturbation_family"": ""community"", ""rewires"": 6, ""triangles_affected"": 0}",0.5,1,structural_statistics_mmd,descriptor_baseline,"{""bandwidth"": 10.0, ""feature_count"": 9, ""implementation_mode"": ""descriptor_baseline"", ""kernel"": ""rbf_mmd"", ""method"": ""structural_statistics_mmd""}",community,weakening,detected,5,8,8,1,6,0.002260271325748464,0.47820555784678537,0.5782055578467857,2.4,2.511111111111111,0.0018811710178852081,0.00569915771484375,success,
erdos_renyi,"{""data_root"": """", ""dataset_name"": """", ""edge_probability"": 0.12, ""family"": ""erdos_renyi"", ""m"": 2, ""num_blocks"": 3, ""num_graphs"": 5, ""num_nodes"": 8, ""p_in"": 0.25, ""p_out"": 0.03, ""seed"": 1}",community_weakening,"{""alpha"": 0.5, ""edges_added"": 6, ""edges_removed"": 6, ""graphs"": 5, ""graphs_skipped"": 0, ""graphs_success"": 5, ""label_source"": ""detected"", ""method"": ""community_weakening"", ""perturbation_direction"": ""weakening"", ""perturbation_family"": ""community"", ""rewires"": 6, ""triangles_affected"": 0}",0.5,1,wl_subtree_kernel_mmd,paper_faithful,"{""implementation_mode"": ""paper_faithful"", ""method"": ""wl_subtree_kernel_mmd"", ""wl_compression"": ""shared_canonical_dictionary_per_comparison"", ""wl_feature_construction"": ""subtree_histograms_across_iterations"", ""wl_iterations"": 3, ""wl_kernel_distance_mode"": ""linear_mmd"", ""wl_label_initialization"": ""node_label_or_degree"", ""wl_node_label_key"": ""node_labels""}",community,weakening,detected,5,8,8,1,6,6.08,2.4657656011875906,4.882836362449579,2.4,2.511111111111111,0.0033303920063190162,0.026185035705566406,success,
erdos_renyi,"{""data_root"": """", ""dataset_name"": """", ""edge_probability"": 0.12, ""family"": ""erdos_renyi"", ""m"": 2, ""num_blocks"": 3, ""num_graphs"": 5, ""num_nodes"": 8, ""p_in"": 0.25, ""p_out"": 0.03, ""seed"": 1}",community_weakening,"{""alpha"": 0.5, ""edges_added"": 6, ""edges_removed"": 6, ""graphs"": 5, ""graphs_skipped"": 0, ""graphs_success"": 5, ""label_source"": ""detected"", ""method"": ""community_weakening"", ""perturbation_direction"": ""weakening"", ""perturbation_family"": ""community"", ""rewires"": 6, ""triangles_affected"": 0}",0.5,1,native_netlsd,paper_faithful,"{""distribution_distance"": ""l2_between_mean_signatures"", ""eigenvalue_count"": ""all"", ""eigenvalue_mode"": ""full_spectrum"", ""heat_signature"": ""heat_trace"", ""implementation_mode"": ""paper_faithful"", ""laplacian_type"": ""normalized"", ""method"": ""native_netlsd"", ""netlsd_normalization"": ""empty"", ""netlsd_time_scale_count"": 250, ""netlsd_time_scale_max"": 100.0, ""netlsd_time_scale_min"": 0.01, ""netlsd_time_scale_schedule"": ""logspace""}",community,weakening,detected,5,8,8,1,6,0.5011850206580153,0.5011850206580153,0.5949102486942984,2.4,2.511111111111111,0.0323820739868097,0.092193603515625,success,
erdos_renyi,"{""data_root"": """", ""dataset_name"": """", ""edge_probability"": 0.12, ""family"": ""erdos_renyi"", ""m"": 2, ""num_blocks"": 3, ""num_graphs"": 5, ""num_nodes"": 8, ""p_in"": 0.25, ""p_out"": 0.03, ""seed"": 1}",community_weakening,"{""alpha"": 0.5, ""edges_added"": 6, ""edges_removed"": 6, ""graphs"": 5, ""graphs_skipped"": 0, ""graphs_success"": 5, ""label_source"": ""detected"", ""method"": ""community_weakening"", ""perturbation_direction"": ""weakening"", ""perturbation_family"": ""community"", ""rewires"": 6, ""triangles_affected"": 0}",0.5,1,diversity_curves_shortest_path,paper_faithful,"{""distance_metric"": ""shortest_path"", ""distribution_distance"": ""l2_between_mean_curves"", ""diversity_contraction_mode"": ""random_edge"", ""diversity_curve_definition"": ""shortest_path_spread"", ""diversity_repetitions"": 3, ""diversity_scale_count"": ""dataset_max_nodes"", ""diversity_scale_schedule"": ""all_integer_cardinalities"", ""diversity_upsampling_enabled"": true, ""implementation_mode"": ""paper_faithful"", ""method"": ""diversity_curves_shortest_path"", ""random_seed"": 0}",community,weakening,detected,5,8,8,1,6,0.4366108643688812,0.4366108643688812,0.4440103998073476,2.4,2.511111111111111,0.027890922996448353,0.014718055725097656,success,
erdos_renyi,"{""data_root"": """", ""dataset_name"": """", ""edge_probability"": 0.12, ""family"": ""erdos_renyi"", ""m"": 2, ""num_blocks"": 3, ""num_graphs"": 5, ""num_nodes"": 8, ""p_in"": 0.25, ""p_out"": 0.03, ""seed"": 1}",hub_modification,"{""alpha"": 0.0, ""edges_added"": 0, ""edges_removed"": 0, ""graphs"": 5, ""graphs_skipped"": 0, ""graphs_success"": 5, ""label_source"": null, ""method"": ""hub_modification"", ""perturbation_direction"": ""modification"", ""perturbation_family"": ""hub"", ""rewires"": 0, ""triangles_affected"": 0}",0.0,1,structural_statistics_mmd,descriptor_baseline,"{""bandwidth"": 10.0, ""feature_count"": 9, ""implementation_mode"": ""descriptor_baseline"", ""kernel"": ""rbf_mmd"", ""method"": ""structural_statistics_mmd""}",hub,modification,,5,8,8,1,6,0.0,0.0,0.0,0.0,0.0,0.001614264998352155,0.00604248046875,success,
erdos_renyi,"{""data_root"": """", ""dataset_name"": """", ""edge_probability"": 0.12, ""family"": ""erdos_renyi"", ""m"": 2, ""num_blocks"": 3, ""num_graphs"": 5, ""num_nodes"": 8, ""p_in"": 0.25, ""p_out"": 0.03, ""seed"": 1}",hub_modification,"{""alpha"": 0.0, ""edges_added"": 0, ""edges_removed"": 0, ""graphs"": 5, ""graphs_skipped"": 0, ""graphs_success"": 5, ""label_source"": null, ""method"": ""hub_modification"", ""perturbation_direction"": ""modification"", ""perturbation_family"": ""hub"", ""rewires"": 0, ""triangles_affected"": 0}",0.0,1,wl_subtree_kernel_mmd,paper_faithful,"{""implementation_mode"": ""paper_faithful"", ""method"": ""wl_subtree_kernel_mmd"", ""wl_compression"": ""shared_canonical_dictionary_per_comparison"", ""wl_feature_construction"": ""subtree_histograms_across_iterations"", ""wl_iterations"": 3, ""wl_kernel_distance_mode"": ""linear_mmd"", ""wl_label_initialization"": ""node_label_or_degree"", ""wl_node_label_key"": ""node_labels""}",hub,modification,,5,8,8,1,6,0.0,0.0,0.0,0.0,0.0,0.0028530900017358363,0.026384353637695312,success,
erdos_renyi,"{""data_root"": """", ""dataset_name"": """", ""edge_probability"": 0.12, ""family"": ""erdos_renyi"", ""m"": 2, ""num_blocks"": 3, ""num_graphs"": 5, ""num_nodes"": 8, ""p_in"": 0.25, ""p_out"": 0.03, ""seed"": 1}",hub_modification,"{""alpha"": 0.0, ""edges_added"": 0, ""edges_removed"": 0, ""graphs"": 5, ""graphs_skipped"": 0, ""graphs_success"": 5, ""label_source"": null, ""method"": ""hub_modification"", ""perturbation_direction"": ""modification"", ""perturbation_family"": ""hub"", ""rewires"": 0, ""triangles_affected"": 0}",0.0,1,native_netlsd,paper_faithful,"{""distribution_distance"": ""l2_between_mean_signatures"", ""eigenvalue_count"": ""all"", ""eigenvalue_mode"": ""full_spectrum"", ""heat_signature"": ""heat_trace"", ""implementation_mode"": ""paper_faithful"", ""laplacian_type"": ""normalized"", ""method"": ""native_netlsd"", ""netlsd_normalization"": ""empty"", ""netlsd_time_scale_count"": 250, ""netlsd_time_scale_max"": 100.0, ""netlsd_time_scale_min"": 0.01, ""netlsd_time_scale_schedule"": ""logspace""}",hub,modification,,5,8,8,1,6,0.0,0.0,0.0,0.0,0.0,0.03666449899901636,0.092193603515625,success,
erdos_renyi,"{""data_root"": """", ""dataset_name"": """", ""edge_probability"": 0.12, ""family"": ""erdos_renyi"", ""m"": 2, ""num_blocks"": 3, ""num_graphs"": 5, ""num_nodes"": 8, ""p_in"": 0.25, ""p_out"": 0.03, ""seed"": 1}",hub_modification,"{""alpha"": 0.0, ""edges_added"": 0, ""edges_removed"": 0, ""graphs"": 5, ""graphs_skipped"": 0, ""graphs_success"": 5, ""label_source"": null, ""method"": ""hub_modification"", ""perturbation_direction"": ""modification"", ""perturbation_family"": ""hub"", ""rewires"": 0, ""triangles_affected"": 0}",0.0,1,diversity_curves_shortest_path,paper_faithful,"{""distance_metric"": ""shortest_path"", ""distribution_distance"": ""l2_between_mean_curves"", ""diversity_contraction_mode"": ""random_edge"", ""diversity_curve_definition"": ""shortest_path_spread"", ""diversity_repetitions"": 3, ""diversity_scale_count"": ""dataset_max_nodes"", ""diversity_scale_schedule"": ""all_integer_cardinalities"", ""diversity_upsampling_enabled"": true, ""implementation_mode"": ""paper_faithful"", ""method"": ""diversity_curves_shortest_path"", ""random_seed"": 0}",hub,modification,,5,8,8,1,6,0.0,0.0,0.0,0.0,0.0,0.02916920601273887,0.014809608459472656,success,
erdos_renyi,"{""data_root"": """", ""dataset_name"": """", ""edge_probability"": 0.12, ""family"": ""erdos_renyi"", ""m"": 2, ""num_blocks"": 3, ""num_graphs"": 5, ""num_nodes"": 8, ""p_in"": 0.25, ""p_out"": 0.03, ""seed"": 1}",triangle_insertion,"{""alpha"": 0.5, ""edges_added"": 8, ""edges_removed"": 0, ""graphs"": 5, ""graphs_skipped"": 0, ""graphs_success"": 5, ""label_source"": null, ""method"": ""triangle_insertion"", ""perturbation_direction"": ""insertion"", ""perturbation_family"": ""triangle"", ""rewires"": 0, ""triangles_affected"": 8}",0.5,1,structural_statistics_mmd,descriptor_baseline,"{""bandwidth"": 10.0, ""feature_count"": 9, ""implementation_mode"": ""descriptor_baseline"", ""kernel"": ""rbf_mmd"", ""method"": ""structural_statistics_mmd""}",triangle,insertion,,5,8,8,1,9,0.05093450302780589,2.440414830819806,2.5135612101660856,1.6,1.6295857988165678,0.001804639003239572,0.0053558349609375,success,
erdos_renyi,"{""data_root"": """", ""dataset_name"": """", ""edge_probability"": 0.12, ""family"": ""erdos_renyi"", ""m"": 2, ""num_blocks"": 3, ""num_graphs"": 5, ""num_nodes"": 8, ""p_in"": 0.25, ""p_out"": 0.03, ""seed"": 1}",triangle_insertion,"{""alpha"": 0.5, ""edges_added"": 8, ""edges_removed"": 0, ""graphs"": 5, ""graphs_skipped"": 0, ""graphs_success"": 5, ""label_source"": null, ""method"": ""triangle_insertion"", ""perturbation_direction"": ""insertion"", ""perturbation_family"": ""triangle"", ""rewires"": 0, ""triangles_affected"": 8}",0.5,1,wl_subtree_kernel_mmd,paper_faithful,"{""implementation_mode"": ""paper_faithful"", ""method"": ""wl_subtree_kernel_mmd"", ""wl_compression"": ""shared_canonical_dictionary_per_comparison"", ""wl_feature_construction"": ""subtree_histograms_across_iterations"", ""wl_iterations"": 3, ""wl_kernel_distance_mode"": ""linear_mmd"", ""wl_label_initialization"": ""node_label_or_degree"", ""wl_node_label_key"": ""node_labels""}",triangle,insertion,,5,8,8,1,9,16.64,4.079215610874228,6.24594845300243,1.6,1.6295857988165678,0.0020559670228976756,0.02872467041015625,success,
erdos_renyi,"{""data_root"": """", ""dataset_name"": """", ""edge_probability"": 0.12, ""family"": ""erdos_renyi"", ""m"": 2, ""num_blocks"": 3, ""num_graphs"": 5, ""num_nodes"": 8, ""p_in"": 0.25, ""p_out"": 0.03, ""seed"": 1}",triangle_insertion,"{""alpha"": 0.5, ""edges_added"": 8, ""edges_removed"": 0, ""graphs"": 5, ""graphs_skipped"": 0, ""graphs_success"": 5, ""label_source"": null, ""method"": ""triangle_insertion"", ""perturbation_direction"": ""insertion"", ""perturbation_family"": ""triangle"", ""rewires"": 0, ""triangles_affected"": 8}",0.5,1,native_netlsd,paper_faithful,"{""distribution_distance"": ""l2_between_mean_signatures"", ""eigenvalue_count"": ""all"", ""eigenvalue_mode"": ""full_spectrum"", ""heat_signature"": ""heat_trace"", ""implementation_mode"": ""paper_faithful"", ""laplacian_type"": ""normalized"", ""method"": ""native_netlsd"", ""netlsd_normalization"": ""empty"", ""netlsd_time_scale_count"": 250, ""netlsd_time_scale_max"": 100.0, ""netlsd_time_scale_min"": 0.01, ""netlsd_time_scale_schedule"": ""logspace""}",triangle,insertion,,5,8,8,1,9,0.0896236066506133,0.0896236066506133,0.09223916249360029,1.6,1.6295857988165678,0.02520199300488457,0.092193603515625,success,
erdos_renyi,"{""data_root"": """", ""dataset_name"": """", ""edge_probability"": 0.12, ""family"": ""erdos_renyi"", ""m"": 2, ""num_blocks"": 3, ""num_graphs"": 5, ""num_nodes"": 8, ""p_in"": 0.25, ""p_out"": 0.03, ""seed"": 1}",triangle_insertion,"{""alpha"": 0.5, ""edges_added"": 8, ""edges_removed"": 0, ""graphs"": 5, ""graphs_skipped"": 0, ""graphs_success"": 5, ""label_source"": null, ""method"": ""triangle_insertion"", ""perturbation_direction"": ""insertion"", ""perturbation_family"": ""triangle"", ""rewires"": 0, ""triangles_affected"": 8}",0.5,1,diversity_curves_shortest_path,paper_faithful,"{""distance_metric"": ""shortest_path"", ""distribution_distance"": ""l2_between_mean_curves"", ""diversity_contraction_mode"": ""random_edge"", ""diversity_curve_definition"": ""shortest_path_spread"", ""diversity_repetitions"": 3, ""diversity_scale_count"": ""dataset_max_nodes"", ""diversity_scale_schedule"": ""all_integer_cardinalities"", ""diversity_upsampling_enabled"": true, ""implementation_mode"": ""paper_faithful"", ""method"": ""diversity_curves_shortest_path"", ""random_seed"": 0}",triangle,insertion,,5,8,8,1,9,0.3207636063516796,0.3207636063516796,0.33185386679503226,1.6,1.6295857988165678,0.03170198600855656,0.015201568603515625,success,
stochastic_block_model,"{""data_root"": """", ""dataset_name"": """", ""edge_probability"": 0.1, ""family"": ""stochastic_block_model"", ""m"": 2, ""num_blocks"": 4, ""num_graphs"": 5, ""num_nodes"": 8, ""p_in"": 0.28, ""p_out"": 0.04, ""seed"": 1}",edge_deletion,"{""alpha"": 0.0, ""edges_added"": 0, ""edges_removed"": 0, ""graphs"": 5, ""graphs_skipped"": 0, ""graphs_success"": 5, ""label_source"": null, ""method"": ""edge_deletion"", ""perturbation_direction"": ""deletion"", ""perturbation_family"": ""edge"", ""rewires"": 0, ""triangles_affected"": 0}",0.0,1,structural_statistics_mmd,descriptor_baseline,"{""bandwidth"": 10.0, ""feature_count"": 9, ""implementation_mode"": ""descriptor_baseline"", ""kernel"": ""rbf_mmd"", ""method"": ""structural_statistics_mmd""}",edge,deletion,,5,8,8,1,7,0.0,0.0,0.0,0.0,0.0,0.0016751379880588502,0.006134033203125,success,
stochastic_block_model,"{""data_root"": """", ""dataset_name"": """", ""edge_probability"": 0.1, ""family"": ""stochastic_block_model"", ""m"": 2, ""num_blocks"": 4, ""num_graphs"": 5, ""num_nodes"": 8, ""p_in"": 0.28, ""p_out"": 0.04, ""seed"": 1}",edge_deletion,"{""alpha"": 0.0, ""edges_added"": 0, ""edges_removed"": 0, ""graphs"": 5, ""graphs_skipped"": 0, ""graphs_success"": 5, ""label_source"": null, ""method"": ""edge_deletion"", ""perturbation_direction"": ""deletion"", ""perturbation_family"": ""edge"", ""rewires"": 0, ""triangles_affected"": 0}",0.0,1,wl_subtree_kernel_mmd,paper_faithful,"{""implementation_mode"": ""paper_faithful"", ""method"": ""wl_subtree_kernel_mmd"", ""wl_compression"": ""shared_canonical_dictionary_per_comparison"", ""wl_feature_construction"": ""subtree_histograms_across_iterations"", ""wl_iterations"": 3, ""wl_kernel_distance_mode"": ""linear_mmd"", ""wl_label_initialization"": ""node_label_or_degree"", ""wl_node_label_key"": ""node_labels""}",edge,deletion,,5,8,8,1,7,0.0,0.0,0.0,0.0,0.0,0.0025970340066123754,0.02077484130859375,success,
stochastic_block_model,"{""data_root"": """", ""dataset_name"": """", ""edge_probability"": 0.1, ""family"": ""stochastic_block_model"", ""m"": 2, ""num_blocks"": 4, ""num_graphs"": 5, ""num_nodes"": 8, ""p_in"": 0.28, ""p_out"": 0.04, ""seed"": 1}",edge_deletion,"{""alpha"": 0.0, ""edges_added"": 0, ""edges_removed"": 0, ""graphs"": 5, ""graphs_skipped"": 0, ""graphs_success"": 5, ""label_source"": null, ""method"": ""edge_deletion"", ""perturbation_direction"": ""deletion"", ""perturbation_family"": ""edge"", ""rewires"": 0, ""triangles_affected"": 0}",0.0,1,native_netlsd,paper_faithful,"{""distribution_distance"": ""l2_between_mean_signatures"", ""eigenvalue_count"": ""all"", ""eigenvalue_mode"": ""full_spectrum"", ""heat_signature"": ""heat_trace"", ""implementation_mode"": ""paper_faithful"", ""laplacian_type"": ""normalized"", ""method"": ""native_netlsd"", ""netlsd_normalization"": ""empty"", ""netlsd_time_scale_count"": 250, ""netlsd_time_scale_max"": 100.0, ""netlsd_time_scale_min"": 0.01, ""netlsd_time_scale_schedule"": ""logspace""}",edge,deletion,,5,8,8,1,7,0.0,0.0,0.0,0.0,0.0,0.024660043010953814,0.092193603515625,success,
stochastic_block_model,"{""data_root"": """", ""dataset_name"": """", ""edge_probability"": 0.1, ""family"": ""stochastic_block_model"", ""m"": 2, ""num_blocks"": 4, ""num_graphs"": 5, ""num_nodes"": 8, ""p_in"": 0.28, ""p_out"": 0.04, ""seed"": 1}",edge_deletion,"{""alpha"": 0.0, ""edges_added"": 0, ""edges_removed"": 0, ""graphs"": 5, ""graphs_skipped"": 0, ""graphs_success"": 5, ""label_source"": null, ""method"": ""edge_deletion"", ""perturbation_direction"": ""deletion"", ""perturbation_family"": ""edge"", ""rewires"": 0, ""triangles_affected"": 0}",0.0,1,diversity_curves_shortest_path,paper_faithful,"{""distance_metric"": ""shortest_path"", ""distribution_distance"": ""l2_between_mean_curves"", ""diversity_contraction_mode"": ""random_edge"", ""diversity_curve_definition"": ""shortest_path_spread"", ""diversity_repetitions"": 3, ""diversity_scale_count"": ""dataset_max_nodes"", ""diversity_scale_schedule"": ""all_integer_cardinalities"", ""diversity_upsampling_enabled"": true, ""implementation_mode"": ""paper_faithful"", ""method"": ""diversity_curves_shortest_path"", ""random_seed"": 0}",edge,deletion,,5,8,8,1,7,0.0,0.0,0.0,0.0,0.0,0.02076221999595873,0.013935089111328125,success,
stochastic_block_model,"{""data_root"": """", ""dataset_name"": """", ""edge_probability"": 0.1, ""family"": ""stochastic_block_model"", ""m"": 2, ""num_blocks"": 4, ""num_graphs"": 5, ""num_nodes"": 8, ""p_in"": 0.28, ""p_out"": 0.04, ""seed"": 1}",triangle_deletion,"{""alpha"": 0.0, ""edges_added"": 0, ""edges_removed"": 0, ""graphs"": 5, ""graphs_skipped"": 0, ""graphs_success"": 5, ""label_source"": null, ""method"": ""triangle_deletion"", ""perturbation_direction"": ""deletion"", ""perturbation_family"": ""triangle"", ""rewires"": 0, ""triangles_affected"": 0}",0.0,1,structural_statistics_mmd,descriptor_baseline,"{""bandwidth"": 10.0, ""feature_count"": 9, ""implementation_mode"": ""descriptor_baseline"", ""kernel"": ""rbf_mmd"", ""method"": ""structural_statistics_mmd""}",triangle,deletion,,5,8,8,1,7,0.0,0.0,0.0,0.0,0.0,0.0017919850070029497,0.006134033203125,success,
stochastic_block_model,"{""data_root"": """", ""dataset_name"": """", ""edge_probability"": 0.1, ""family"": ""stochastic_block_model"", ""m"": 2, ""num_blocks"": 4, ""num_graphs"": 5, ""num_nodes"": 8, ""p_in"": 0.28, ""p_out"": 0.04, ""seed"": 1}",triangle_deletion,"{""alpha"": 0.0, ""edges_added"": 0, ""edges_removed"": 0, ""graphs"": 5, ""graphs_skipped"": 0, ""graphs_success"": 5, ""label_source"": null, ""method"": ""triangle_deletion"", ""perturbation_direction"": ""deletion"", ""perturbation_family"": ""triangle"", ""rewires"": 0, ""triangles_affected"": 0}",0.0,1,wl_subtree_kernel_mmd,paper_faithful,"{""implementation_mode"": ""paper_faithful"", ""method"": ""wl_subtree_kernel_mmd"", ""wl_compression"": ""shared_canonical_dictionary_per_comparison"", ""wl_feature_construction"": ""subtree_histograms_across_iterations"", ""wl_iterations"": 3, ""wl_kernel_distance_mode"": ""linear_mmd"", ""wl_label_initialization"": ""node_label_or_degree"", ""wl_node_label_key"": ""node_labels""}",triangle,deletion,,5,8,8,1,7,0.0,0.0,0.0,0.0,0.0,0.002864502021111548,0.02077484130859375,success,
stochastic_block_model,"{""data_root"": """", ""dataset_name"": """", ""edge_probability"": 0.1, ""family"": ""stochastic_block_model"", ""m"": 2, ""num_blocks"": 4, ""num_graphs"": 5, ""num_nodes"": 8, ""p_in"": 0.28, ""p_out"": 0.04, ""seed"": 1}",triangle_deletion,"{""alpha"": 0.0, ""edges_added"": 0, ""edges_removed"": 0, ""graphs"": 5, ""graphs_skipped"": 0, ""graphs_success"": 5, ""label_source"": null, ""method"": ""triangle_deletion"", ""perturbation_direction"": ""deletion"", ""perturbation_family"": ""triangle"", ""rewires"": 0, ""triangles_affected"": 0}",0.0,1,native_netlsd,paper_faithful,"{""distribution_distance"": ""l2_between_mean_signatures"", ""eigenvalue_count"": ""all"", ""eigenvalue_mode"": ""full_spectrum"", ""heat_signature"": ""heat_trace"", ""implementation_mode"": ""paper_faithful"", ""laplacian_type"": ""normalized"", ""method"": ""native_netlsd"", ""netlsd_normalization"": ""empty"", ""netlsd_time_scale_count"": 250, ""netlsd_time_scale_max"": 100.0, ""netlsd_time_scale_min"": 0.01, ""netlsd_time_scale_schedule"": ""logspace""}",triangle,deletion,,5,8,8,1,7,0.0,0.0,0.0,0.0,0.0,0.021382951003033668,0.092193603515625,success,
stochastic_block_model,"{""data_root"": """", ""dataset_name"": """", ""edge_probability"": 0.1, ""family"": ""stochastic_block_model"", ""m"": 2, ""num_blocks"": 4, ""num_graphs"": 5, ""num_nodes"": 8, ""p_in"": 0.28, ""p_out"": 0.04, ""seed"": 1}",triangle_deletion,"{""alpha"": 0.0, ""edges_added"": 0, ""edges_removed"": 0, ""graphs"": 5, ""graphs_skipped"": 0, ""graphs_success"": 5, ""label_source"": null, ""method"": ""triangle_deletion"", ""perturbation_direction"": ""deletion"", ""perturbation_family"": ""triangle"", ""rewires"": 0, ""triangles_affected"": 0}",0.0,1,diversity_curves_shortest_path,paper_faithful,"{""distance_metric"": ""shortest_path"", ""distribution_distance"": ""l2_between_mean_curves"", ""diversity_contraction_mode"": ""random_edge"", ""diversity_curve_definition"": ""shortest_path_spread"", ""diversity_repetitions"": 3, ""diversity_scale_count"": ""dataset_max_nodes"", ""diversity_scale_schedule"": ""all_integer_cardinalities"", ""diversity_upsampling_enabled"": true, ""implementation_mode"": ""paper_faithful"", ""method"": ""diversity_curves_shortest_path"", ""random_seed"": 0}",triangle,deletion,,5,8,8,1,7,0.0,0.0,0.0,0.0,0.0,0.026395603985292837,0.013935089111328125,success,
stochastic_block_model,"{""data_root"": """", ""dataset_name"": """", ""edge_probability"": 0.1, ""family"": ""stochastic_block_model"", ""m"": 2, ""num_blocks"": 4, ""num_graphs"": 5, ""num_nodes"": 8, ""p_in"": 0.28, ""p_out"": 0.04, ""seed"": 1}",edge_insertion,"{""alpha"": 0.5, ""edges_added"": 6, ""edges_removed"": 0, ""graphs"": 5, ""graphs_skipped"": 0, ""graphs_success"": 5, ""label_source"": null, ""method"": ""edge_insertion"", ""perturbation_direction"": ""insertion"", ""perturbation_family"": ""edge"", ""rewires"": 0, ""triangles_affected"": 0}",0.5,1,structural_statistics_mmd,descriptor_baseline,"{""bandwidth"": 10.0, ""feature_count"": 9, ""implementation_mode"": ""descriptor_baseline"", ""kernel"": ""rbf_mmd"", ""method"": ""structural_statistics_mmd""}",edge,insertion,,5,8,8,1,10,0.021009816651164304,1.6047875416845543,1.767834514300759,1.2,1.2163265306122448,0.0012689319846685976,0.00560760498046875,success,
stochastic_block_model,"{""data_root"": """", ""dataset_name"": """", ""edge_probability"": 0.1, ""family"": ""stochastic_block_model"", ""m"": 2, ""num_blocks"": 4, ""num_graphs"": 5, ""num_nodes"": 8, ""p_in"": 0.28, ""p_out"": 0.04, ""seed"": 1}",edge_insertion,"{""alpha"": 0.5, ""edges_added"": 6, ""edges_removed"": 0, ""graphs"": 5, ""graphs_skipped"": 0, ""graphs_success"": 5, ""label_source"": null, ""method"": ""edge_insertion"", ""perturbation_direction"": ""insertion"", ""perturbation_family"": ""edge"", ""rewires"": 0, ""triangles_affected"": 0}",0.5,1,wl_subtree_kernel_mmd,paper_faithful,"{""implementation_mode"": ""paper_faithful"", ""method"": ""wl_subtree_kernel_mmd"", ""wl_compression"": ""shared_canonical_dictionary_per_comparison"", ""wl_feature_construction"": ""subtree_histograms_across_iterations"", ""wl_iterations"": 3, ""wl_kernel_distance_mode"": ""linear_mmd"", ""wl_label_initialization"": ""node_label_or_degree"", ""wl_node_label_key"": ""node_labels""}",edge,insertion,,5,8,8,1,10,14.24,3.7735924528226414,5.45074656874119,1.2,1.2163265306122448,0.0022004059865139425,0.025452613830566406,success,
stochastic_block_model,"{""data_root"": """", ""dataset_name"": """", ""edge_probability"": 0.1, ""family"": ""stochastic_block_model"", ""m"": 2, ""num_blocks"": 4, ""num_graphs"": 5, ""num_nodes"": 8, ""p_in"": 0.28, ""p_out"": 0.04, ""seed"": 1}",edge_insertion,"{""alpha"": 0.5, ""edges_added"": 6, ""edges_removed"": 0, ""graphs"": 5, ""graphs_skipped"": 0, ""graphs_success"": 5, ""label_source"": null, ""method"": ""edge_insertion"", ""perturbation_direction"": ""insertion"", ""perturbation_family"": ""edge"", ""rewires"": 0, ""triangles_affected"": 0}",0.5,1,native_netlsd,paper_faithful,"{""distribution_distance"": ""l2_between_mean_signatures"", ""eigenvalue_count"": ""all"", ""eigenvalue_mode"": ""full_spectrum"", ""heat_signature"": ""heat_trace"", ""implementation_mode"": ""paper_faithful"", ""laplacian_type"": ""normalized"", ""method"": ""native_netlsd"", ""netlsd_normalization"": ""empty"", ""netlsd_time_scale_count"": 250, ""netlsd_time_scale_max"": 100.0, ""netlsd_time_scale_min"": 0.01, ""netlsd_time_scale_schedule"": ""logspace""}",edge,insertion,,5,8,8,1,10,0.9737981013600359,0.9737981013600359,0.9776720460500027,1.2,1.2163265306122448,0.0291522039915435,0.092193603515625,success,
stochastic_block_model,"{""data_root"": """", ""dataset_name"": """", ""edge_probability"": 0.1, ""family"": ""stochastic_block_model"", ""m"": 2, ""num_blocks"": 4, ""num_graphs"": 5, ""num_nodes"": 8, ""p_in"": 0.28, ""p_out"": 0.04, ""seed"": 1}",edge_insertion,"{""alpha"": 0.5, ""edges_added"": 6, ""edges_removed"": 0, ""graphs"": 5, ""graphs_skipped"": 0, ""graphs_success"": 5, ""label_source"": null, ""method"": ""edge_insertion"", ""perturbation_direction"": ""insertion"", ""perturbation_family"": ""edge"", ""rewires"": 0, ""triangles_affected"": 0}",0.5,1,diversity_curves_shortest_path,paper_faithful,"{""distance_metric"": ""shortest_path"", ""distribution_distance"": ""l2_between_mean_curves"", ""diversity_contraction_mode"": ""random_edge"", ""diversity_curve_definition"": ""shortest_path_spread"", ""diversity_repetitions"": 3, ""diversity_scale_count"": ""dataset_max_nodes"", ""diversity_scale_schedule"": ""all_integer_cardinalities"", ""diversity_upsampling_enabled"": true, ""implementation_mode"": ""paper_faithful"", ""method"": ""diversity_curves_shortest_path"", ""random_seed"": 0}",edge,insertion,,5,8,8,1,10,1.0366829488493776,1.0366829488493776,1.0735628134082016,1.2,1.2163265306122448,0.02297038398683071,0.014649391174316406,success,
stochastic_block_model,"{""data_root"": """", ""dataset_name"": """", ""edge_probability"": 0.1, ""family"": ""stochastic_block_model"", ""m"": 2, ""num_blocks"": 4, ""num_graphs"": 5, ""num_nodes"": 8, ""p_in"": 0.28, ""p_out"": 0.04, ""seed"": 1}",edge_deletion,"{""alpha"": 0.5, ""edges_added"": 0, ""edges_removed"": 6, ""graphs"": 5, ""graphs_skipped"": 0, ""graphs_success"": 5, ""label_source"": null, ""method"": ""edge_deletion"", ""perturbation_direction"": ""deletion"", ""perturbation_family"": ""edge"", ""rewires"": 0, ""triangles_affected"": 0}",0.5,1,structural_statistics_mmd,descriptor_baseline,"{""bandwidth"": 10.0, ""feature_count"": 9, ""implementation_mode"": ""descriptor_baseline"", ""kernel"": ""rbf_mmd"", ""method"": ""structural_statistics_mmd""}",edge,deletion,,5,8,8,1,7,0.02258071407825568,1.5913710235812004,1.5991862432294284,1.2,1.273469387755102,0.0010176549840252846,0.0056304931640625,success,
stochastic_block_model,"{""data_root"": """", ""dataset_name"": """", ""edge_probability"": 0.1, ""family"": ""stochastic_block_model"", ""m"": 2, ""num_blocks"": 4, ""num_graphs"": 5, ""num_nodes"": 8, ""p_in"": 0.28, ""p_out"": 0.04, ""seed"": 1}",edge_deletion,"{""alpha"": 0.5, ""edges_added"": 0, ""edges_removed"": 6, ""graphs"": 5, ""graphs_skipped"": 0, ""graphs_success"": 5, ""label_source"": null, ""method"": ""edge_deletion"", ""perturbation_direction"": ""deletion"", ""perturbation_family"": ""edge"", ""rewires"": 0, ""triangles_affected"": 0}",0.5,1,wl_subtree_kernel_mmd,paper_faithful,"{""implementation_mode"": ""paper_faithful"", ""method"": ""wl_subtree_kernel_mmd"", ""wl_compression"": ""shared_canonical_dictionary_per_comparison"", ""wl_feature_construction"": ""subtree_histograms_across_iterations"", ""wl_iterations"": 3, ""wl_kernel_distance_mode"": ""linear_mmd"", ""wl_label_initialization"": ""node_label_or_degree"", ""wl_node_label_key"": ""node_labels""}",edge,deletion,,5,8,8,1,7,9.920000000000003,3.149603149604725,4.151188425780835,1.2,1.273469387755102,0.0014654279802925885,0.019618988037109375,success,
stochastic_block_model,"{""data_root"": """", ""dataset_name"": """", ""edge_probability"": 0.1, ""family"": ""stochastic_block_model"", ""m"": 2, ""num_blocks"": 4, ""num_graphs"": 5, ""num_nodes"": 8, ""p_in"": 0.28, ""p_out"": 0.04, ""seed"": 1}",edge_deletion,"{""alpha"": 0.5, ""edges_added"": 0, ""edges_removed"": 6, ""graphs"": 5, ""graphs_skipped"": 0, ""graphs_success"": 5, ""label_source"": null, ""method"": ""edge_deletion"", ""perturbation_direction"": ""deletion"", ""perturbation_family"": ""edge"", ""rewires"": 0, ""triangles_affected"": 0}",0.5,1,native_netlsd,paper_faithful,"{""distribution_distance"": ""l2_between_mean_signatures"", ""eigenvalue_count"": ""all"", ""eigenvalue_mode"": ""full_spectrum"", ""heat_signature"": ""heat_trace"", ""implementation_mode"": ""paper_faithful"", ""laplacian_type"": ""normalized"", ""method"": ""native_netlsd"", ""netlsd_normalization"": ""empty"", ""netlsd_time_scale_count"": 250, ""netlsd_time_scale_max"": 100.0, ""netlsd_time_scale_min"": 0.01, ""netlsd_time_scale_schedule"": ""logspace""}",edge,deletion,,5,8,8,1,7,1.4086405417763437,1.4086405417763437,1.4110056947035374,1.2,1.273469387755102,0.017735066008754075,0.092193603515625,success,
stochastic_block_model,"{""data_root"": """", ""dataset_name"": """", ""edge_probability"": 0.1, ""family"": ""stochastic_block_model"", ""m"": 2, ""num_blocks"": 4, ""num_graphs"": 5, ""num_nodes"": 8, ""p_in"": 0.28, ""p_out"": 0.04, ""seed"": 1}",edge_deletion,"{""alpha"": 0.5, ""edges_added"": 0, ""edges_removed"": 6, ""graphs"": 5, ""graphs_skipped"": 0, ""graphs_success"": 5, ""label_source"": null, ""method"": ""edge_deletion"", ""perturbation_direction"": ""deletion"", ""perturbation_family"": ""edge"", ""rewires"": 0, ""triangles_affected"": 0}",0.5,1,diversity_curves_shortest_path,paper_faithful,"{""distance_metric"": ""shortest_path"", ""distribution_distance"": ""l2_between_mean_curves"", ""diversity_contraction_mode"": ""random_edge"", ""diversity_curve_definition"": ""shortest_path_spread"", ""diversity_repetitions"": 3, ""diversity_scale_count"": ""dataset_max_nodes"", ""diversity_scale_schedule"": ""all_integer_cardinalities"", ""diversity_upsampling_enabled"": true, ""implementation_mode"": ""paper_faithful"", ""method"": ""diversity_curves_shortest_path"", ""random_seed"": 0}",edge,deletion,,5,8,8,1,7,1.090462182605137,1.090462182605137,1.13300165222604,1.2,1.273469387755102,0.01659555800142698,0.013935089111328125,success,
stochastic_block_model,"{""data_root"": """", ""dataset_name"": """", ""edge_probability"": 0.1, ""family"": ""stochastic_block_model"", ""m"": 2, ""num_blocks"": 4, ""num_graphs"": 5, ""num_nodes"": 8, ""p_in"": 0.28, ""p_out"": 0.04, ""seed"": 1}",edge_insertion,"{""alpha"": 0.0, ""edges_added"": 0, ""edges_removed"": 0, ""graphs"": 5, ""graphs_skipped"": 0, ""graphs_success"": 5, ""label_source"": null, ""method"": ""edge_insertion"", ""perturbation_direction"": ""insertion"", ""perturbation_family"": ""edge"", ""rewires"": 0, ""triangles_affected"": 0}",0.0,1,structural_statistics_mmd,descriptor_baseline,"{""bandwidth"": 10.0, ""feature_count"": 9, ""implementation_mode"": ""descriptor_baseline"", ""kernel"": ""rbf_mmd"", ""method"": ""structural_statistics_mmd""}",edge,insertion,,5,8,8,1,7,0.0,0.0,0.0,0.0,0.0,0.0016025439836084843,0.006134033203125,success,
stochastic_block_model,"{""data_root"": """", ""dataset_name"": """", ""edge_probability"": 0.1, ""family"": ""stochastic_block_model"", ""m"": 2, ""num_blocks"": 4, ""num_graphs"": 5, ""num_nodes"": 8, ""p_in"": 0.28, ""p_out"": 0.04, ""seed"": 1}",edge_insertion,"{""alpha"": 0.0, ""edges_added"": 0, ""edges_removed"": 0, ""graphs"": 5, ""graphs_skipped"": 0, ""graphs_success"": 5, ""label_source"": null, ""method"": ""edge_insertion"", ""perturbation_direction"": ""insertion"", ""perturbation_family"": ""edge"", ""rewires"": 0, ""triangles_affected"": 0}",0.0,1,wl_subtree_kernel_mmd,paper_faithful,"{""implementation_mode"": ""paper_faithful"", ""method"": ""wl_subtree_kernel_mmd"", ""wl_compression"": ""shared_canonical_dictionary_per_comparison"", ""wl_feature_construction"": ""subtree_histograms_across_iterations"", ""wl_iterations"": 3, ""wl_kernel_distance_mode"": ""linear_mmd"", ""wl_label_initialization"": ""node_label_or_degree"", ""wl_node_label_key"": ""node_labels""}",edge,insertion,,5,8,8,1,7,0.0,0.0,0.0,0.0,0.0,0.00239761799457483,0.02130889892578125,success,
stochastic_block_model,"{""data_root"": """", ""dataset_name"": """", ""edge_probability"": 0.1, ""family"": ""stochastic_block_model"", ""m"": 2, ""num_blocks"": 4, ""num_graphs"": 5, ""num_nodes"": 8, ""p_in"": 0.28, ""p_out"": 0.04, ""seed"": 1}",edge_insertion,"{""alpha"": 0.0, ""edges_added"": 0, ""edges_removed"": 0, ""graphs"": 5, ""graphs_skipped"": 0, ""graphs_success"": 5, ""label_source"": null, ""method"": ""edge_insertion"", ""perturbation_direction"": ""insertion"", ""perturbation_family"": ""edge"", ""rewires"": 0, ""triangles_affected"": 0}",0.0,1,native_netlsd,paper_faithful,"{""distribution_distance"": ""l2_between_mean_signatures"", ""eigenvalue_count"": ""all"", ""eigenvalue_mode"": ""full_spectrum"", ""heat_signature"": ""heat_trace"", ""implementation_mode"": ""paper_faithful"", ""laplacian_type"": ""normalized"", ""method"": ""native_netlsd"", ""netlsd_normalization"": ""empty"", ""netlsd_time_scale_count"": 250, ""netlsd_time_scale_max"": 100.0, ""netlsd_time_scale_min"": 0.01, ""netlsd_time_scale_schedule"": ""logspace""}",edge,insertion,,5,8,8,1,7,0.0,0.0,0.0,0.0,0.0,0.019028210983378813,0.092193603515625,success,
stochastic_block_model,"{""data_root"": """", ""dataset_name"": """", ""edge_probability"": 0.1, ""family"": ""stochastic_block_model"", ""m"": 2, ""num_blocks"": 4, ""num_graphs"": 5, ""num_nodes"": 8, ""p_in"": 0.28, ""p_out"": 0.04, ""seed"": 1}",edge_insertion,"{""alpha"": 0.0, ""edges_added"": 0, ""edges_removed"": 0, ""graphs"": 5, ""graphs_skipped"": 0, ""graphs_success"": 5, ""label_source"": null, ""method"": ""edge_insertion"", ""perturbation_direction"": ""insertion"", ""perturbation_family"": ""edge"", ""rewires"": 0, ""triangles_affected"": 0}",0.0,1,diversity_curves_shortest_path,paper_faithful,"{""distance_metric"": ""shortest_path"", ""distribution_distance"": ""l2_between_mean_curves"", ""diversity_contraction_mode"": ""random_edge"", ""diversity_curve_definition"": ""shortest_path_spread"", ""diversity_repetitions"": 3, ""diversity_scale_count"": ""dataset_max_nodes"", ""diversity_scale_schedule"": ""all_integer_cardinalities"", ""diversity_upsampling_enabled"": true, ""implementation_mode"": ""paper_faithful"", ""method"": ""diversity_curves_shortest_path"", ""random_seed"": 0}",edge,insertion,,5,8,8,1,7,0.0,0.0,0.0,0.0,0.0,0.023292442987440154,0.013935089111328125,success,
stochastic_block_model,"{""data_root"": """", ""dataset_name"": """", ""edge_probability"": 0.1, ""family"": ""stochastic_block_model"", ""m"": 2, ""num_blocks"": 4, ""num_graphs"": 5, ""num_nodes"": 8, ""p_in"": 0.28, ""p_out"": 0.04, ""seed"": 1}",triangle_insertion,"{""alpha"": 0.5, ""edges_added"": 4, ""edges_removed"": 0, ""graphs"": 5, ""graphs_skipped"": 0, ""graphs_success"": 5, ""label_source"": null, ""method"": ""triangle_insertion"", ""perturbation_direction"": ""insertion"", ""perturbation_family"": ""triangle"", ""rewires"": 0, ""triangles_affected"": 4}",0.5,1,structural_statistics_mmd,descriptor_baseline,"{""bandwidth"": 10.0, ""feature_count"": 9, ""implementation_mode"": ""descriptor_baseline"", ""kernel"": ""rbf_mmd"", ""method"": ""structural_statistics_mmd""}",triangle,insertion,,5,8,8,1,10,0.019805419307468153,1.5221456689954884,1.5614750812517124,0.8,0.8448979591836736,0.0010348960058763623,0.005584716796875,success,
stochastic_block_model,"{""data_root"": """", ""dataset_name"": """", ""edge_probability"": 0.1, ""family"": ""stochastic_block_model"", ""m"": 2, ""num_blocks"": 4, ""num_graphs"": 5, ""num_nodes"": 8, ""p_in"": 0.28, ""p_out"": 0.04, ""seed"": 1}",triangle_insertion,"{""alpha"": 0.5, ""edges_added"": 4, ""edges_removed"": 0, ""graphs"": 5, ""graphs_skipped"": 0, ""graphs_success"": 5, ""label_source"": null, ""method"": ""triangle_insertion"", ""perturbation_direction"": ""insertion"", ""perturbation_family"": ""triangle"", ""rewires"": 0, ""triangles_affected"": 4}",0.5,1,wl_subtree_kernel_mmd,paper_faithful,"{""implementation_mode"": ""paper_faithful"", ""method"": ""wl_subtree_kernel_mmd"", ""wl_compression"": ""shared_canonical_dictionary_per_comparison"", ""wl_feature_construction"": ""subtree_histograms_across_iterations"", ""wl_iterations"": 3, ""wl_kernel_distance_mode"": ""linear_mmd"", ""wl_label_initialization"": ""node_label_or_degree"", ""wl_node_label_key"": ""node_labels""}",triangle,insertion,,5,8,8,1,10,3.9200000000000004,1.9798989873223332,2.937368183545877,0.8,0.8448979591836736,0.001489542017225176,0.02111530303955078,success,
stochastic_block_model,"{""data_root"": """", ""dataset_name"": """", ""edge_probability"": 0.1, ""family"": ""stochastic_block_model"", ""m"": 2, ""num_blocks"": 4, ""num_graphs"": 5, ""num_nodes"": 8, ""p_in"": 0.28, ""p_out"": 0.04, ""seed"": 1}",triangle_insertion,"{""alpha"": 0.5, ""edges_added"": 4, ""edges_removed"": 0, ""graphs"": 5, ""graphs_skipped"": 0, ""graphs_success"": 5, ""label_source"": null, ""method"": ""triangle_insertion"", ""perturbation_direction"": ""insertion"", ""perturbation_family"": ""triangle"", ""rewires"": 0, ""triangles_affected"": 4}",0.5,1,native_netlsd,paper_faithful,"{""distribution_distance"": ""l2_between_mean_signatures"", ""eigenvalue_count"": ""all"", ""eigenvalue_mode"": ""full_spectrum"", ""heat_signature"": ""heat_trace"", ""implementation_mode"": ""paper_faithful"", ""laplacian_type"": ""normalized"", ""method"": ""native_netlsd"", ""netlsd_normalization"": ""empty"", ""netlsd_time_scale_count"": 250, ""netlsd_time_scale_max"": 100.0, ""netlsd_time_scale_min"": 0.01, ""netlsd_time_scale_schedule"": ""logspace""}",triangle,insertion,,5,8,8,1,10,0.031215957975792335,0.031215957975792335,0.0314001111451174,0.8,0.8448979591836736,0.016666541021550074,0.092193603515625,success,
stochastic_block_model,"{""data_root"": """", ""dataset_name"": """", ""edge_probability"": 0.1, ""family"": ""stochastic_block_model"", ""m"": 2, ""num_blocks"": 4, ""num_graphs"": 5, ""num_nodes"": 8, ""p_in"": 0.28, ""p_out"": 0.04, ""seed"": 1}",triangle_insertion,"{""alpha"": 0.5, ""edges_added"": 4, ""edges_removed"": 0, ""graphs"": 5, ""graphs_skipped"": 0, ""graphs_success"": 5, ""label_source"": null, ""method"": ""triangle_insertion"", ""perturbation_direction"": ""insertion"", ""perturbation_family"": ""triangle"", ""rewires"": 0, ""triangles_affected"": 4}",0.5,1,diversity_curves_shortest_path,paper_faithful,"{""distance_metric"": ""shortest_path"", ""distribution_distance"": ""l2_between_mean_curves"", ""diversity_contraction_mode"": ""random_edge"", ""diversity_curve_definition"": ""shortest_path_spread"", ""diversity_repetitions"": 3, ""diversity_scale_count"": ""dataset_max_nodes"", ""diversity_scale_schedule"": ""all_integer_cardinalities"", ""diversity_upsampling_enabled"": true, ""implementation_mode"": ""paper_faithful"", ""method"": ""diversity_curves_shortest_path"", ""random_seed"": 0}",triangle,insertion,,5,8,8,1,10,0.11297314246105003,0.11297314246105003,0.11579659503434914,0.8,0.8448979591836736,0.023580150009365752,0.014148712158203125,success,
stochastic_block_model,"{""data_root"": """", ""dataset_name"": """", ""edge_probability"": 0.1, ""family"": ""stochastic_block_model"", ""m"": 2, ""num_blocks"": 4, ""num_graphs"": 5, ""num_nodes"": 8, ""p_in"": 0.28, ""p_out"": 0.04, ""seed"": 1}",triangle_insertion,"{""alpha"": 1.0, ""edges_added"": 6, ""edges_removed"": 0, ""graphs"": 5, ""graphs_skipped"": 0, ""graphs_success"": 5, ""label_source"": null, ""method"": ""triangle_insertion"", ""perturbation_direction"": ""insertion"", ""perturbation_family"": ""triangle"", ""rewires"": 0, ""triangles_affected"": 6}",1.0,1,structural_statistics_mmd,descriptor_baseline,"{""bandwidth"": 10.0, ""feature_count"": 9, ""implementation_mode"": ""descriptor_baseline"", ""kernel"": ""rbf_mmd"", ""method"": ""structural_statistics_mmd""}",triangle,insertion,,5,8,8,1,12,0.03673145923294063,2.234604894400036,2.282068751352265,1.2,1.2448979591836735,0.0017059750098269433,0.005584716796875,success,
stochastic_block_model,"{""data_root"": """", ""dataset_name"": """", ""edge_probability"": 0.1, ""family"": ""stochastic_block_model"", ""m"": 2, ""num_blocks"": 4, ""num_graphs"": 5, ""num_nodes"": 8, ""p_in"": 0.28, ""p_out"": 0.04, ""seed"": 1}",triangle_insertion,"{""alpha"": 1.0, ""edges_added"": 6, ""edges_removed"": 0, ""graphs"": 5, ""graphs_skipped"": 0, ""graphs_success"": 5, ""label_source"": null, ""method"": ""triangle_insertion"", ""perturbation_direction"": ""insertion"", ""perturbation_family"": ""triangle"", ""rewires"": 0, ""triangles_affected"": 6}",1.0,1,wl_subtree_kernel_mmd,paper_faithful,"{""implementation_mode"": ""paper_faithful"", ""method"": ""wl_subtree_kernel_mmd"", ""wl_compression"": ""shared_canonical_dictionary_per_comparison"", ""wl_feature_construction"": ""subtree_histograms_across_iterations"", ""wl_iterations"": 3, ""wl_kernel_distance_mode"": ""linear_mmd"", ""wl_label_initialization"": ""node_label_or_degree"", ""wl_node_label_key"": ""node_labels""}",triangle,insertion,,5,8,8,1,12,10.08,3.1749015732775088,3.568279485226897,1.2,1.2448979591836735,0.002728188002947718,0.020700454711914062,success,
stochastic_block_model,"{""data_root"": """", ""dataset_name"": """", ""edge_probability"": 0.1, ""family"": ""stochastic_block_model"", ""m"": 2, ""num_blocks"": 4, ""num_graphs"": 5, ""num_nodes"": 8, ""p_in"": 0.28, ""p_out"": 0.04, ""seed"": 1}",triangle_insertion,"{""alpha"": 1.0, ""edges_added"": 6, ""edges_removed"": 0, ""graphs"": 5, ""graphs_skipped"": 0, ""graphs_success"": 5, ""label_source"": null, ""method"": ""triangle_insertion"", ""perturbation_direction"": ""insertion"", ""perturbation_family"": ""triangle"", ""rewires"": 0, ""triangles_affected"": 6}",1.0,1,native_netlsd,paper_faithful,"{""distribution_distance"": ""l2_between_mean_signatures"", ""eigenvalue_count"": ""all"", ""eigenvalue_mode"": ""full_spectrum"", ""heat_signature"": ""heat_trace"", ""implementation_mode"": ""paper_faithful"", ""laplacian_type"": ""normalized"", ""method"": ""native_netlsd"", ""netlsd_normalization"": ""empty"", ""netlsd_time_scale_count"": 250, ""netlsd_time_scale_max"": 100.0, ""netlsd_time_scale_min"": 0.01, ""netlsd_time_scale_schedule"": ""logspace""}",triangle,insertion,,5,8,8,1,12,0.04457582139554693,0.04457582139554693,0.04468857044079939,1.2,1.2448979591836735,0.016973632998997346,0.092193603515625,success,
stochastic_block_model,"{""data_root"": """", ""dataset_name"": """", ""edge_probability"": 0.1, ""family"": ""stochastic_block_model"", ""m"": 2, ""num_blocks"": 4, ""num_graphs"": 5, ""num_nodes"": 8, ""p_in"": 0.28, ""p_out"": 0.04, ""seed"": 1}",triangle_insertion,"{""alpha"": 1.0, ""edges_added"": 6, ""edges_removed"": 0, ""graphs"": 5, ""graphs_skipped"": 0, ""graphs_success"": 5, ""label_source"": null, ""method"": ""triangle_insertion"", ""perturbation_direction"": ""insertion"", ""perturbation_family"": ""triangle"", ""rewires"": 0, ""triangles_affected"": 6}",1.0,1,diversity_curves_shortest_path,paper_faithful,"{""distance_metric"": ""shortest_path"", ""distribution_distance"": ""l2_between_mean_curves"", ""diversity_contraction_mode"": ""random_edge"", ""diversity_curve_definition"": ""shortest_path_spread"", ""diversity_repetitions"": 3, ""diversity_scale_count"": ""dataset_max_nodes"", ""diversity_scale_schedule"": ""all_integer_cardinalities"", ""diversity_upsampling_enabled"": true, ""implementation_mode"": ""paper_faithful"", ""method"": ""diversity_curves_shortest_path"", ""random_seed"": 0}",triangle,insertion,,5,8,8,1,12,0.1835984779254484,0.1835984779254484,0.18891348544027248,1.2,1.2448979591836735,0.02362510800594464,0.013935089111328125,success,
stochastic_block_model,"{""data_root"": """", ""dataset_name"": """", ""edge_probability"": 0.1, ""family"": ""stochastic_block_model"", ""m"": 2, ""num_blocks"": 4, ""num_graphs"": 5, ""num_nodes"": 8, ""p_in"": 0.28, ""p_out"": 0.04, ""seed"": 1}",edge_insertion,"{""alpha"": 1.0, ""edges_added"": 16, ""edges_removed"": 0, ""graphs"": 5, ""graphs_skipped"": 0, ""graphs_success"": 5, ""label_source"": null, ""method"": ""edge_insertion"", ""perturbation_direction"": ""insertion"", ""perturbation_family"": ""edge"", ""rewires"": 0, ""triangles_affected"": 0}",1.0,1,structural_statistics_mmd,descriptor_baseline,"{""bandwidth"": 10.0, ""feature_count"": 9, ""implementation_mode"": ""descriptor_baseline"", ""kernel"": ""rbf_mmd"", ""method"": ""structural_statistics_mmd""}",edge,insertion,,5,8,8,1,14,0.09424165363617587,3.8486138524929867,4.067642222218655,3.2,3.2326530612244895,0.000906106986803934,0.005401611328125,success,
stochastic_block_model,"{""data_root"": """", ""dataset_name"": """", ""edge_probability"": 0.1, ""family"": ""stochastic_block_model"", ""m"": 2, ""num_blocks"": 4, ""num_graphs"": 5, ""num_nodes"": 8, ""p_in"": 0.28, ""p_out"": 0.04, ""seed"": 1}",edge_insertion,"{""alpha"": 1.0, ""edges_added"": 16, ""edges_removed"": 0, ""graphs"": 5, ""graphs_skipped"": 0, ""graphs_success"": 5, ""label_source"": null, ""method"": ""edge_insertion"", ""perturbation_direction"": ""insertion"", ""perturbation_family"": ""edge"", ""rewires"": 0, ""triangles_affected"": 0}",1.0,1,wl_subtree_kernel_mmd,paper_faithful,"{""implementation_mode"": ""paper_faithful"", ""method"": ""wl_subtree_kernel_mmd"", ""wl_compression"": ""shared_canonical_dictionary_per_comparison"", ""wl_feature_construction"": ""subtree_histograms_across_iterations"", ""wl_iterations"": 3, ""wl_kernel_distance_mode"": ""linear_mmd"", ""wl_label_initialization"": ""node_label_or_degree"", ""wl_node_label_key"": ""node_labels""}",edge,insertion,,5,8,8,1,14,23.200000000000003,4.8166378315169185,9.553585462675345,3.2,3.2326530612244895,0.001866514008725062,0.026853561401367188,success,
stochastic_block_model,"{""data_root"": """", ""dataset_name"": """", ""edge_probability"": 0.1, ""family"": ""stochastic_block_model"", ""m"": 2, ""num_blocks"": 4, ""num_graphs"": 5, ""num_nodes"": 8, ""p_in"": 0.28, ""p_out"": 0.04, ""seed"": 1}",edge_insertion,"{""alpha"": 1.0, ""edges_added"": 16, ""edges_removed"": 0, ""graphs"": 5, ""graphs_skipped"": 0, ""graphs_success"": 5, ""label_source"": null, ""method"": ""edge_insertion"", ""perturbation_direction"": ""insertion"", ""perturbation_family"": ""edge"", ""rewires"": 0, ""triangles_affected"": 0}",1.0,1,native_netlsd,paper_faithful,"{""distribution_distance"": ""l2_between_mean_signatures"", ""eigenvalue_count"": ""all"", ""eigenvalue_mode"": ""full_spectrum"", ""heat_signature"": ""heat_trace"", ""implementation_mode"": ""paper_faithful"", ""laplacian_type"": ""normalized"", ""method"": ""native_netlsd"", ""netlsd_normalization"": ""empty"", ""netlsd_time_scale_count"": 250, ""netlsd_time_scale_max"": 100.0, ""netlsd_time_scale_min"": 0.01, ""netlsd_time_scale_schedule"": ""logspace""}",edge,insertion,,5,8,8,1,14,2.3548990239084775,2.3548990239084775,2.372258716722187,3.2,3.2326530612244895,0.020447242015507072,0.092193603515625,success,
stochastic_block_model,"{""data_root"": """", ""dataset_name"": """", ""edge_probability"": 0.1, ""family"": ""stochastic_block_model"", ""m"": 2, ""num_blocks"": 4, ""num_graphs"": 5, ""num_nodes"": 8, ""p_in"": 0.28, ""p_out"": 0.04, ""seed"": 1}",edge_insertion,"{""alpha"": 1.0, ""edges_added"": 16, ""edges_removed"": 0, ""graphs"": 5, ""graphs_skipped"": 0, ""graphs_success"": 5, ""label_source"": null, ""method"": ""edge_insertion"", ""perturbation_direction"": ""insertion"", ""perturbation_family"": ""edge"", ""rewires"": 0, ""triangles_affected"": 0}",1.0,1,diversity_curves_shortest_path,paper_faithful,"{""distance_metric"": ""shortest_path"", ""distribution_distance"": ""l2_between_mean_curves"", ""diversity_contraction_mode"": ""random_edge"", ""diversity_curve_definition"": ""shortest_path_spread"", ""diversity_repetitions"": 3, ""diversity_scale_count"": ""dataset_max_nodes"", ""diversity_scale_schedule"": ""all_integer_cardinalities"", ""diversity_upsampling_enabled"": true, ""implementation_mode"": ""paper_faithful"", ""method"": ""diversity_curves_shortest_path"", ""random_seed"": 0}",edge,insertion,,5,8,8,1,14,2.370170402886614,2.370170402886614,2.4716084304611794,3.2,3.2326530612244895,0.026173160993494093,0.015559196472167969,success,
erdos_renyi,"{""data_root"": """", ""dataset_name"": """", ""edge_probability"": 0.12, ""family"": ""erdos_renyi"", ""m"": 2, ""num_blocks"": 3, ""num_graphs"": 5, ""num_nodes"": 8, ""p_in"": 0.25, ""p_out"": 0.03, ""seed"": 1}",hub_modification,"{""alpha"": 1.0, ""edges_added"": 11, ""edges_removed"": 12, ""graphs"": 5, ""graphs_skipped"": 0, ""graphs_success"": 5, ""label_source"": null, ""method"": ""hub_modification"", ""perturbation_direction"": ""modification"", ""perturbation_family"": ""hub"", ""rewires"": 11, ""triangles_affected"": 0}",1.0,1,structural_statistics_mmd,descriptor_baseline,"{""bandwidth"": 10.0, ""feature_count"": 9, ""implementation_mode"": ""descriptor_baseline"", ""kernel"": ""rbf_mmd"", ""method"": ""structural_statistics_mmd""}",hub,modification,,5,8,8,1,6,0.006038387559987424,0.7852080710567151,0.9595395792761596,4.6,5.242735042735043,0.0012334159982856363,0.00567626953125,success,
erdos_renyi,"{""data_root"": """", ""dataset_name"": """", ""edge_probability"": 0.12, ""family"": ""erdos_renyi"", ""m"": 2, ""num_blocks"": 3, ""num_graphs"": 5, ""num_nodes"": 8, ""p_in"": 0.25, ""p_out"": 0.03, ""seed"": 1}",hub_modification,"{""alpha"": 1.0, ""edges_added"": 11, ""edges_removed"": 12, ""graphs"": 5, ""graphs_skipped"": 0, ""graphs_success"": 5, ""label_source"": null, ""method"": ""hub_modification"", ""perturbation_direction"": ""modification"", ""perturbation_family"": ""hub"", ""rewires"": 11, ""triangles_affected"": 0}",1.0,1,wl_subtree_kernel_mmd,paper_faithful,"{""implementation_mode"": ""paper_faithful"", ""method"": ""wl_subtree_kernel_mmd"", ""wl_compression"": ""shared_canonical_dictionary_per_comparison"", ""wl_feature_construction"": ""subtree_histograms_across_iterations"", ""wl_iterations"": 3, ""wl_kernel_distance_mode"": ""linear_mmd"", ""wl_label_initialization"": ""node_label_or_degree"", ""wl_node_label_key"": ""node_labels""}",hub,modification,,5,8,8,1,6,9.52,3.0854497241083023,4.788519035280374,4.6,5.242735042735043,0.0032261849846690893,0.027884483337402344,success,
erdos_renyi,"{""data_root"": """", ""dataset_name"": """", ""edge_probability"": 0.12, ""family"": ""erdos_renyi"", ""m"": 2, ""num_blocks"": 3, ""num_graphs"": 5, ""num_nodes"": 8, ""p_in"": 0.25, ""p_out"": 0.03, ""seed"": 1}",hub_modification,"{""alpha"": 1.0, ""edges_added"": 11, ""edges_removed"": 12, ""graphs"": 5, ""graphs_skipped"": 0, ""graphs_success"": 5, ""label_source"": null, ""method"": ""hub_modification"", ""perturbation_direction"": ""modification"", ""perturbation_family"": ""hub"", ""rewires"": 11, ""triangles_affected"": 0}",1.0,1,native_netlsd,paper_faithful,"{""distribution_distance"": ""l2_between_mean_signatures"", ""eigenvalue_count"": ""all"", ""eigenvalue_mode"": ""full_spectrum"", ""heat_signature"": ""heat_trace"", ""implementation_mode"": ""paper_faithful"", ""laplacian_type"": ""normalized"", ""method"": ""native_netlsd"", ""netlsd_normalization"": ""empty"", ""netlsd_time_scale_count"": 250, ""netlsd_time_scale_max"": 100.0, ""netlsd_time_scale_min"": 0.01, ""netlsd_time_scale_schedule"": ""logspace""}",hub,modification,,5,8,8,1,6,0.7911794205260021,0.7911794205260021,0.8228027000265005,4.6,5.242735042735043,0.026732461992651224,0.092193603515625,success,
erdos_renyi,"{""data_root"": """", ""dataset_name"": """", ""edge_probability"": 0.12, ""family"": ""erdos_renyi"", ""m"": 2, ""num_blocks"": 3, ""num_graphs"": 5, ""num_nodes"": 8, ""p_in"": 0.25, ""p_out"": 0.03, ""seed"": 1}",hub_modification,"{""alpha"": 1.0, ""edges_added"": 11, ""edges_removed"": 12, ""graphs"": 5, ""graphs_skipped"": 0, ""graphs_success"": 5, ""label_source"": null, ""method"": ""hub_modification"", ""perturbation_direction"": ""modification"", ""perturbation_family"": ""hub"", ""rewires"": 11, ""triangles_affected"": 0}",1.0,1,diversity_curves_shortest_path,paper_faithful,"{""distance_metric"": ""shortest_path"", ""distribution_distance"": ""l2_between_mean_curves"", ""diversity_contraction_mode"": ""random_edge"", ""diversity_curve_definition"": ""shortest_path_spread"", ""diversity_repetitions"": 3, ""diversity_scale_count"": ""dataset_max_nodes"", ""diversity_scale_schedule"": ""all_integer_cardinalities"", ""diversity_upsampling_enabled"": true, ""implementation_mode"": ""paper_faithful"", ""method"": ""diversity_curves_shortest_path"", ""random_seed"": 0}",hub,modification,,5,8,8,1,6,0.7397249090724823,0.7397249090724823,0.7498513940694077,4.6,5.242735042735043,0.02137877600034699,0.014718055725097656,success,
erdos_renyi,"{""data_root"": """", ""dataset_name"": """", ""edge_probability"": 0.12, ""family"": ""erdos_renyi"", ""m"": 2, ""num_blocks"": 3, ""num_graphs"": 5, ""num_nodes"": 8, ""p_in"": 0.25, ""p_out"": 0.03, ""seed"": 1}",hub_modification,"{""alpha"": 0.5, ""edges_added"": 8, ""edges_removed"": 8, ""graphs"": 5, ""graphs_skipped"": 0, ""graphs_success"": 5, ""label_source"": null, ""method"": ""hub_modification"", ""perturbation_direction"": ""modification"", ""perturbation_family"": ""hub"", ""rewires"": 8, ""triangles_affected"": 0}",0.5,1,structural_statistics_mmd,descriptor_baseline,"{""bandwidth"": 10.0, ""feature_count"": 9, ""implementation_mode"": ""descriptor_baseline"", ""kernel"": ""rbf_mmd"", ""method"": ""structural_statistics_mmd""}",hub,modification,,5,8,8,1,6,0.003909697071969864,0.6335175170778184,0.6655034073378022,3.2,3.8427350427350424,0.0014495780051220208,0.00569915771484375,success,
erdos_renyi,"{""data_root"": """", ""dataset_name"": """", ""edge_probability"": 0.12, ""family"": ""erdos_renyi"", ""m"": 2, ""num_blocks"": 3, ""num_graphs"": 5, ""num_nodes"": 8, ""p_in"": 0.25, ""p_out"": 0.03, ""seed"": 1}",hub_modification,"{""alpha"": 0.5, ""edges_added"": 8, ""edges_removed"": 8, ""graphs"": 5, ""graphs_skipped"": 0, ""graphs_success"": 5, ""label_source"": null, ""method"": ""hub_modification"", ""perturbation_direction"": ""modification"", ""perturbation_family"": ""hub"", ""rewires"": 8, ""triangles_affected"": 0}",0.5,1,wl_subtree_kernel_mmd,paper_faithful,"{""implementation_mode"": ""paper_faithful"", ""method"": ""wl_subtree_kernel_mmd"", ""wl_compression"": ""shared_canonical_dictionary_per_comparison"", ""wl_feature_construction"": ""subtree_histograms_across_iterations"", ""wl_iterations"": 3, ""wl_kernel_distance_mode"": ""linear_mmd"", ""wl_label_initialization"": ""node_label_or_degree"", ""wl_node_label_key"": ""node_labels""}",hub,modification,,5,8,8,1,6,5.439999999999999,2.33238075793812,3.139276785033309,3.2,3.8427350427350424,0.003110445017227903,0.027123451232910156,success,
erdos_renyi,"{""data_root"": """", ""dataset_name"": """", ""edge_probability"": 0.12, ""family"": ""erdos_renyi"", ""m"": 2, ""num_blocks"": 3, ""num_graphs"": 5, ""num_nodes"": 8, ""p_in"": 0.25, ""p_out"": 0.03, ""seed"": 1}",hub_modification,"{""alpha"": 0.5, ""edges_added"": 8, ""edges_removed"": 8, ""graphs"": 5, ""graphs_skipped"": 0, ""graphs_success"": 5, ""label_source"": null, ""method"": ""hub_modification"", ""perturbation_direction"": ""modification"", ""perturbation_family"": ""hub"", ""rewires"": 8, ""triangles_affected"": 0}",0.5,1,native_netlsd,paper_faithful,"{""distribution_distance"": ""l2_between_mean_signatures"", ""eigenvalue_count"": ""all"", ""eigenvalue_mode"": ""full_spectrum"", ""heat_signature"": ""heat_trace"", ""implementation_mode"": ""paper_faithful"", ""laplacian_type"": ""normalized"", ""method"": ""native_netlsd"", ""netlsd_normalization"": ""empty"", ""netlsd_time_scale_count"": 250, ""netlsd_time_scale_max"": 100.0, ""netlsd_time_scale_min"": 0.01, ""netlsd_time_scale_schedule"": ""logspace""}",hub,modification,,5,8,8,1,6,0.5210011490782477,0.5210011490782477,0.551854445023891,3.2,3.8427350427350424,0.027850236976519227,0.092193603515625,success,
erdos_renyi,"{""data_root"": """", ""dataset_name"": """", ""edge_probability"": 0.12, ""family"": ""erdos_renyi"", ""m"": 2, ""num_blocks"": 3, ""num_graphs"": 5, ""num_nodes"": 8, ""p_in"": 0.25, ""p_out"": 0.03, ""seed"": 1}",hub_modification,"{""alpha"": 0.5, ""edges_added"": 8, ""edges_removed"": 8, ""graphs"": 5, ""graphs_skipped"": 0, ""graphs_success"": 5, ""label_source"": null, ""method"": ""hub_modification"", ""perturbation_direction"": ""modification"", ""perturbation_family"": ""hub"", ""rewires"": 8, ""triangles_affected"": 0}",0.5,1,diversity_curves_shortest_path,paper_faithful,"{""distance_metric"": ""shortest_path"", ""distribution_distance"": ""l2_between_mean_curves"", ""diversity_contraction_mode"": ""random_edge"", ""diversity_curve_definition"": ""shortest_path_spread"", ""diversity_repetitions"": 3, ""diversity_scale_count"": ""dataset_max_nodes"", ""diversity_scale_schedule"": ""all_integer_cardinalities"", ""diversity_upsampling_enabled"": true, ""implementation_mode"": ""paper_faithful"", ""method"": ""diversity_curves_shortest_path"", ""random_seed"": 0}",hub,modification,,5,8,8,1,6,0.45767155165533824,0.45767155165533824,0.4627796931606983,3.2,3.8427350427350424,0.03006256601656787,0.014718055725097656,success,
stochastic_block_model,"{""data_root"": """", ""dataset_name"": """", ""edge_probability"": 0.1, ""family"": ""stochastic_block_model"", ""m"": 2, ""num_blocks"": 4, ""num_graphs"": 5, ""num_nodes"": 8, ""p_in"": 0.28, ""p_out"": 0.04, ""seed"": 1}",triangle_insertion,"{""alpha"": 0.0, ""edges_added"": 0, ""edges_removed"": 0, ""graphs"": 5, ""graphs_skipped"": 0, ""graphs_success"": 5, ""label_source"": null, ""method"": ""triangle_insertion"", ""perturbation_direction"": ""insertion"", ""perturbation_family"": ""triangle"", ""rewires"": 0, ""triangles_affected"": 0}",0.0,1,structural_statistics_mmd,descriptor_baseline,"{""bandwidth"": 10.0, ""feature_count"": 9, ""implementation_mode"": ""descriptor_baseline"", ""kernel"": ""rbf_mmd"", ""method"": ""structural_statistics_mmd""}",triangle,insertion,,5,8,8,1,7,0.0,0.0,0.0,0.0,0.0,0.000995381997199729,0.006134033203125,success,
stochastic_block_model,"{""data_root"": """", ""dataset_name"": """", ""edge_probability"": 0.1, ""family"": ""stochastic_block_model"", ""m"": 2, ""num_blocks"": 4, ""num_graphs"": 5, ""num_nodes"": 8, ""p_in"": 0.28, ""p_out"": 0.04, ""seed"": 1}",triangle_insertion,"{""alpha"": 0.0, ""edges_added"": 0, ""edges_removed"": 0, ""graphs"": 5, ""graphs_skipped"": 0, ""graphs_success"": 5, ""label_source"": null, ""method"": ""triangle_insertion"", ""perturbation_direction"": ""insertion"", ""perturbation_family"": ""triangle"", ""rewires"": 0, ""triangles_affected"": 0}",0.0,1,wl_subtree_kernel_mmd,paper_faithful,"{""implementation_mode"": ""paper_faithful"", ""method"": ""wl_subtree_kernel_mmd"", ""wl_compression"": ""shared_canonical_dictionary_per_comparison"", ""wl_feature_construction"": ""subtree_histograms_across_iterations"", ""wl_iterations"": 3, ""wl_kernel_distance_mode"": ""linear_mmd"", ""wl_label_initialization"": ""node_label_or_degree"", ""wl_node_label_key"": ""node_labels""}",triangle,insertion,,5,8,8,1,7,0.0,0.0,0.0,0.0,0.0,0.0014404509856831282,0.020721435546875,success,
stochastic_block_model,"{""data_root"": """", ""dataset_name"": """", ""edge_probability"": 0.1, ""family"": ""stochastic_block_model"", ""m"": 2, ""num_blocks"": 4, ""num_graphs"": 5, ""num_nodes"": 8, ""p_in"": 0.28, ""p_out"": 0.04, ""seed"": 1}",triangle_insertion,"{""alpha"": 0.0, ""edges_added"": 0, ""edges_removed"": 0, ""graphs"": 5, ""graphs_skipped"": 0, ""graphs_success"": 5, ""label_source"": null, ""method"": ""triangle_insertion"", ""perturbation_direction"": ""insertion"", ""perturbation_family"": ""triangle"", ""rewires"": 0, ""triangles_affected"": 0}",0.0,1,native_netlsd,paper_faithful,"{""distribution_distance"": ""l2_between_mean_signatures"", ""eigenvalue_count"": ""all"", ""eigenvalue_mode"": ""full_spectrum"", ""heat_signature"": ""heat_trace"", ""implementation_mode"": ""paper_faithful"", ""laplacian_type"": ""normalized"", ""method"": ""native_netlsd"", ""netlsd_normalization"": ""empty"", ""netlsd_time_scale_count"": 250, ""netlsd_time_scale_max"": 100.0, ""netlsd_time_scale_min"": 0.01, ""netlsd_time_scale_schedule"": ""logspace""}",triangle,insertion,,5,8,8,1,7,0.0,0.0,0.0,0.0,0.0,0.014194074989063665,0.092193603515625,success,
stochastic_block_model,"{""data_root"": """", ""dataset_name"": """", ""edge_probability"": 0.1, ""family"": ""stochastic_block_model"", ""m"": 2, ""num_blocks"": 4, ""num_graphs"": 5, ""num_nodes"": 8, ""p_in"": 0.28, ""p_out"": 0.04, ""seed"": 1}",triangle_insertion,"{""alpha"": 0.0, ""edges_added"": 0, ""edges_removed"": 0, ""graphs"": 5, ""graphs_skipped"": 0, ""graphs_success"": 5, ""label_source"": null, ""method"": ""triangle_insertion"", ""perturbation_direction"": ""insertion"", ""perturbation_family"": ""triangle"", ""rewires"": 0, ""triangles_affected"": 0}",0.0,1,diversity_curves_shortest_path,paper_faithful,"{""distance_metric"": ""shortest_path"", ""distribution_distance"": ""l2_between_mean_curves"", ""diversity_contraction_mode"": ""random_edge"", ""diversity_curve_definition"": ""shortest_path_spread"", ""diversity_repetitions"": 3, ""diversity_scale_count"": ""dataset_max_nodes"", ""diversity_scale_schedule"": ""all_integer_cardinalities"", ""diversity_upsampling_enabled"": true, ""implementation_mode"": ""paper_faithful"", ""method"": ""diversity_curves_shortest_path"", ""random_seed"": 0}",triangle,insertion,,5,8,8,1,7,0.0,0.0,0.0,0.0,0.0,0.02269729701220058,0.013935089111328125,success,
stochastic_block_model,"{""data_root"": """", ""dataset_name"": """", ""edge_probability"": 0.1, ""family"": ""stochastic_block_model"", ""m"": 2, ""num_blocks"": 4, ""num_graphs"": 5, ""num_nodes"": 8, ""p_in"": 0.28, ""p_out"": 0.04, ""seed"": 1}",edge_deletion,"{""alpha"": 1.0, ""edges_added"": 0, ""edges_removed"": 16, ""graphs"": 5, ""graphs_skipped"": 0, ""graphs_success"": 5, ""label_source"": null, ""method"": ""edge_deletion"", ""perturbation_direction"": ""deletion"", ""perturbation_family"": ""edge"", ""rewires"": 0, ""triangles_affected"": 0}",1.0,1,structural_statistics_mmd,descriptor_baseline,"{""bandwidth"": 10.0, ""feature_count"": 9, ""implementation_mode"": ""descriptor_baseline"", ""kernel"": ""rbf_mmd"", ""method"": ""structural_statistics_mmd""}",edge,deletion,,5,8,8,0,7,0.16769454184338062,4.467164785911731,4.47216482167632,3.2,3.330612244897959,0.001568600011523813,0.00601959228515625,success,
stochastic_block_model,"{""data_root"": """", ""dataset_name"": """", ""edge_probability"": 0.1, ""family"": ""stochastic_block_model"", ""m"": 2, ""num_blocks"": 4, ""num_graphs"": 5, ""num_nodes"": 8, ""p_in"": 0.28, ""p_out"": 0.04, ""seed"": 1}",edge_deletion,"{""alpha"": 1.0, ""edges_added"": 0, ""edges_removed"": 16, ""graphs"": 5, ""graphs_skipped"": 0, ""graphs_success"": 5, ""label_source"": null, ""method"": ""edge_deletion"", ""perturbation_direction"": ""deletion"", ""perturbation_family"": ""edge"", ""rewires"": 0, ""triangles_affected"": 0}",1.0,1,wl_subtree_kernel_mmd,paper_faithful,"{""implementation_mode"": ""paper_faithful"", ""method"": ""wl_subtree_kernel_mmd"", ""wl_compression"": ""shared_canonical_dictionary_per_comparison"", ""wl_feature_construction"": ""subtree_histograms_across_iterations"", ""wl_iterations"": 3, ""wl_kernel_distance_mode"": ""linear_mmd"", ""wl_label_initialization"": ""node_label_or_degree"", ""wl_node_label_key"": ""node_labels""}",edge,deletion,,5,8,8,0,7,142.24000000000004,11.92644121270046,12.664295256334832,3.2,3.330612244897959,0.0026813299919012934,0.016719818115234375,success,
stochastic_block_model,"{""data_root"": """", ""dataset_name"": """", ""edge_probability"": 0.1, ""family"": ""stochastic_block_model"", ""m"": 2, ""num_blocks"": 4, ""num_graphs"": 5, ""num_nodes"": 8, ""p_in"": 0.28, ""p_out"": 0.04, ""seed"": 1}",edge_deletion,"{""alpha"": 1.0, ""edges_added"": 0, ""edges_removed"": 16, ""graphs"": 5, ""graphs_skipped"": 0, ""graphs_success"": 5, ""label_source"": null, ""method"": ""edge_deletion"", ""perturbation_direction"": ""deletion"", ""perturbation_family"": ""edge"", ""rewires"": 0, ""triangles_affected"": 0}",1.0,1,native_netlsd,paper_faithful,"{""distribution_distance"": ""l2_between_mean_signatures"", ""eigenvalue_count"": ""all"", ""eigenvalue_mode"": ""full_spectrum"", ""heat_signature"": ""heat_trace"", ""implementation_mode"": ""paper_faithful"", ""laplacian_type"": ""normalized"", ""method"": ""native_netlsd"", ""netlsd_normalization"": ""empty"", ""netlsd_time_scale_count"": 250, ""netlsd_time_scale_max"": 100.0, ""netlsd_time_scale_min"": 0.01, ""netlsd_time_scale_schedule"": ""logspace""}",edge,deletion,,5,8,8,0,7,4.326136181892413,4.326136181892413,4.329733877267671,3.2,3.330612244897959,0.014297410991275683,0.09207916259765625,success,
stochastic_block_model,"{""data_root"": """", ""dataset_name"": """", ""edge_probability"": 0.1, ""family"": ""stochastic_block_model"", ""m"": 2, ""num_blocks"": 4, ""num_graphs"": 5, ""num_nodes"": 8, ""p_in"": 0.28, ""p_out"": 0.04, ""seed"": 1}",edge_deletion,"{""alpha"": 1.0, ""edges_added"": 0, ""edges_removed"": 16, ""graphs"": 5, ""graphs_skipped"": 0, ""graphs_success"": 5, ""label_source"": null, ""method"": ""edge_deletion"", ""perturbation_direction"": ""deletion"", ""perturbation_family"": ""edge"", ""rewires"": 0, ""triangles_affected"": 0}",1.0,1,diversity_curves_shortest_path,paper_faithful,"{""distance_metric"": ""shortest_path"", ""distribution_distance"": ""l2_between_mean_curves"", ""diversity_contraction_mode"": ""random_edge"", ""diversity_curve_definition"": ""shortest_path_spread"", ""diversity_repetitions"": 3, ""diversity_scale_count"": ""dataset_max_nodes"", ""diversity_scale_schedule"": ""all_integer_cardinalities"", ""diversity_upsampling_enabled"": true, ""implementation_mode"": ""paper_faithful"", ""method"": ""diversity_curves_shortest_path"", ""random_seed"": 0}",edge,deletion,,5,8,8,0,7,2.226734295251823,2.226734295251823,2.3182893805846665,3.2,3.330612244897959,0.013353455025935546,0.013568878173828125,success,
stochastic_block_model,"{""data_root"": """", ""dataset_name"": """", ""edge_probability"": 0.1, ""family"": ""stochastic_block_model"", ""m"": 2, ""num_blocks"": 4, ""num_graphs"": 5, ""num_nodes"": 8, ""p_in"": 0.28, ""p_out"": 0.04, ""seed"": 1}",community_weakening,"{""alpha"": 0.5, ""edges_added"": 3, ""edges_removed"": 3, ""graphs"": 5, ""graphs_skipped"": 0, ""graphs_success"": 5, ""label_source"": ""ground_truth"", ""method"": ""community_weakening"", ""perturbation_direction"": ""weakening"", ""perturbation_family"": ""community"", ""rewires"": 3, ""triangles_affected"": 0}",0.5,1,structural_statistics_mmd,descriptor_baseline,"{""bandwidth"": 10.0, ""feature_count"": 9, ""implementation_mode"": ""descriptor_baseline"", ""kernel"": ""rbf_mmd"", ""method"": ""structural_statistics_mmd""}",community,weakening,ground_truth,5,8,8,1,7,0.0010242754175933122,0.3208924099686845,0.4049130019784499,1.2,1.2,0.0009221569926012307,0.00560760498046875,success,
stochastic_block_model,"{""data_root"": """", ""dataset_name"": """", ""edge_probability"": 0.1, ""family"": ""stochastic_block_model"", ""m"": 2, ""num_blocks"": 4, ""num_graphs"": 5, ""num_nodes"": 8, ""p_in"": 0.28, ""p_out"": 0.04, ""seed"": 1}",community_weakening,"{""alpha"": 0.5, ""edges_added"": 3, ""edges_removed"": 3, ""graphs"": 5, ""graphs_skipped"": 0, ""graphs_success"": 5, ""label_source"": ""ground_truth"", ""method"": ""community_weakening"", ""perturbation_direction"": ""weakening"", ""perturbation_family"": ""community"", ""rewires"": 3, ""triangles_affected"": 0}",0.5,1,wl_subtree_kernel_mmd,paper_faithful,"{""implementation_mode"": ""paper_faithful"", ""method"": ""wl_subtree_kernel_mmd"", ""wl_compression"": ""shared_canonical_dictionary_per_comparison"", ""wl_feature_construction"": ""subtree_histograms_across_iterations"", ""wl_iterations"": 3, ""wl_kernel_distance_mode"": ""linear_mmd"", ""wl_label_initialization"": ""node_label_or_degree"", ""wl_node_label_key"": ""node_labels""}",community,weakening,ground_truth,5,8,8,1,7,16.159999999999997,4.019950248448356,5.363577571473348,1.2,1.2,0.0017601170111447573,0.020837783813476562,success,
stochastic_block_model,"{""data_root"": """", ""dataset_name"": """", ""edge_probability"": 0.1, ""family"": ""stochastic_block_model"", ""m"": 2, ""num_blocks"": 4, ""num_graphs"": 5, ""num_nodes"": 8, ""p_in"": 0.28, ""p_out"": 0.04, ""seed"": 1}",community_weakening,"{""alpha"": 0.5, ""edges_added"": 3, ""edges_removed"": 3, ""graphs"": 5, ""graphs_skipped"": 0, ""graphs_success"": 5, ""label_source"": ""ground_truth"", ""method"": ""community_weakening"", ""perturbation_direction"": ""weakening"", ""perturbation_family"": ""community"", ""rewires"": 3, ""triangles_affected"": 0}",0.5,1,native_netlsd,paper_faithful,"{""distribution_distance"": ""l2_between_mean_signatures"", ""eigenvalue_count"": ""all"", ""eigenvalue_mode"": ""full_spectrum"", ""heat_signature"": ""heat_trace"", ""implementation_mode"": ""paper_faithful"", ""laplacian_type"": ""normalized"", ""method"": ""native_netlsd"", ""netlsd_normalization"": ""empty"", ""netlsd_time_scale_count"": 250, ""netlsd_time_scale_max"": 100.0, ""netlsd_time_scale_min"": 0.01, ""netlsd_time_scale_schedule"": ""logspace""}",community,weakening,ground_truth,5,8,8,1,7,0.32137244521873287,0.32137244521873287,0.3678628827486655,1.2,1.2,0.016014957975130528,0.092193603515625,success,
stochastic_block_model,"{""data_root"": """", ""dataset_name"": """", ""edge_probability"": 0.1, ""family"": ""stochastic_block_model"", ""m"": 2, ""num_blocks"": 4, ""num_graphs"": 5, ""num_nodes"": 8, ""p_in"": 0.28, ""p_out"": 0.04, ""seed"": 1}",community_weakening,"{""alpha"": 0.5, ""edges_added"": 3, ""edges_removed"": 3, ""graphs"": 5, ""graphs_skipped"": 0, ""graphs_success"": 5, ""label_source"": ""ground_truth"", ""method"": ""community_weakening"", ""perturbation_direction"": ""weakening"", ""perturbation_family"": ""community"", ""rewires"": 3, ""triangles_affected"": 0}",0.5,1,diversity_curves_shortest_path,paper_faithful,"{""distance_metric"": ""shortest_path"", ""distribution_distance"": ""l2_between_mean_curves"", ""diversity_contraction_mode"": ""random_edge"", ""diversity_curve_definition"": ""shortest_path_spread"", ""diversity_repetitions"": 3, ""diversity_scale_count"": ""dataset_max_nodes"", ""diversity_scale_schedule"": ""all_integer_cardinalities"", ""diversity_upsampling_enabled"": true, ""implementation_mode"": ""paper_faithful"", ""method"": ""diversity_curves_shortest_path"", ""random_seed"": 0}",community,weakening,ground_truth,5,8,8,1,7,0.24097520835165115,0.24097520835165115,0.250935937634954,1.2,1.2,0.02788356100791134,0.013935089111328125,success,
stochastic_block_model,"{""data_root"": """", ""dataset_name"": """", ""edge_probability"": 0.1, ""family"": ""stochastic_block_model"", ""m"": 2, ""num_blocks"": 4, ""num_graphs"": 5, ""num_nodes"": 8, ""p_in"": 0.28, ""p_out"": 0.04, ""seed"": 1}",community_weakening,"{""alpha"": 0.0, ""edges_added"": 0, ""edges_removed"": 0, ""graphs"": 5, ""graphs_skipped"": 0, ""graphs_success"": 5, ""label_source"": ""ground_truth"", ""method"": ""community_weakening"", ""perturbation_direction"": ""weakening"", ""perturbation_family"": ""community"", ""rewires"": 0, ""triangles_affected"": 0}",0.0,1,structural_statistics_mmd,descriptor_baseline,"{""bandwidth"": 10.0, ""feature_count"": 9, ""implementation_mode"": ""descriptor_baseline"", ""kernel"": ""rbf_mmd"", ""method"": ""structural_statistics_mmd""}",community,weakening,ground_truth,5,8,8,1,7,0.0,0.0,0.0,0.0,0.0,0.0012817360111512244,0.006134033203125,success,
stochastic_block_model,"{""data_root"": """", ""dataset_name"": """", ""edge_probability"": 0.1, ""family"": ""stochastic_block_model"", ""m"": 2, ""num_blocks"": 4, ""num_graphs"": 5, ""num_nodes"": 8, ""p_in"": 0.28, ""p_out"": 0.04, ""seed"": 1}",community_weakening,"{""alpha"": 0.0, ""edges_added"": 0, ""edges_removed"": 0, ""graphs"": 5, ""graphs_skipped"": 0, ""graphs_success"": 5, ""label_source"": ""ground_truth"", ""method"": ""community_weakening"", ""perturbation_direction"": ""weakening"", ""perturbation_family"": ""community"", ""rewires"": 0, ""triangles_affected"": 0}",0.0,1,wl_subtree_kernel_mmd,paper_faithful,"{""implementation_mode"": ""paper_faithful"", ""method"": ""wl_subtree_kernel_mmd"", ""wl_compression"": ""shared_canonical_dictionary_per_comparison"", ""wl_feature_construction"": ""subtree_histograms_across_iterations"", ""wl_iterations"": 3, ""wl_kernel_distance_mode"": ""linear_mmd"", ""wl_label_initialization"": ""node_label_or_degree"", ""wl_node_label_key"": ""node_labels""}",community,weakening,ground_truth,5,8,8,1,7,0.0,0.0,0.0,0.0,0.0,0.0018517669814173132,0.0208282470703125,success,
stochastic_block_model,"{""data_root"": """", ""dataset_name"": """", ""edge_probability"": 0.1, ""family"": ""stochastic_block_model"", ""m"": 2, ""num_blocks"": 4, ""num_graphs"": 5, ""num_nodes"": 8, ""p_in"": 0.28, ""p_out"": 0.04, ""seed"": 1}",community_weakening,"{""alpha"": 0.0, ""edges_added"": 0, ""edges_removed"": 0, ""graphs"": 5, ""graphs_skipped"": 0, ""graphs_success"": 5, ""label_source"": ""ground_truth"", ""method"": ""community_weakening"", ""perturbation_direction"": ""weakening"", ""perturbation_family"": ""community"", ""rewires"": 0, ""triangles_affected"": 0}",0.0,1,native_netlsd,paper_faithful,"{""distribution_distance"": ""l2_between_mean_signatures"", ""eigenvalue_count"": ""all"", ""eigenvalue_mode"": ""full_spectrum"", ""heat_signature"": ""heat_trace"", ""implementation_mode"": ""paper_faithful"", ""laplacian_type"": ""normalized"", ""method"": ""native_netlsd"", ""netlsd_normalization"": ""empty"", ""netlsd_time_scale_count"": 250, ""netlsd_time_scale_max"": 100.0, ""netlsd_time_scale_min"": 0.01, ""netlsd_time_scale_schedule"": ""logspace""}",community,weakening,ground_truth,5,8,8,1,7,0.0,0.0,0.0,0.0,0.0,0.023209440987557173,0.092193603515625,success,
stochastic_block_model,"{""data_root"": """", ""dataset_name"": """", ""edge_probability"": 0.1, ""family"": ""stochastic_block_model"", ""m"": 2, ""num_blocks"": 4, ""num_graphs"": 5, ""num_nodes"": 8, ""p_in"": 0.28, ""p_out"": 0.04, ""seed"": 1}",community_weakening,"{""alpha"": 0.0, ""edges_added"": 0, ""edges_removed"": 0, ""graphs"": 5, ""graphs_skipped"": 0, ""graphs_success"": 5, ""label_source"": ""ground_truth"", ""method"": ""community_weakening"", ""perturbation_direction"": ""weakening"", ""perturbation_family"": ""community"", ""rewires"": 0, ""triangles_affected"": 0}",0.0,1,diversity_curves_shortest_path,paper_faithful,"{""distance_metric"": ""shortest_path"", ""distribution_distance"": ""l2_between_mean_curves"", ""diversity_contraction_mode"": ""random_edge"", ""diversity_curve_definition"": ""shortest_path_spread"", ""diversity_repetitions"": 3, ""diversity_scale_count"": ""dataset_max_nodes"", ""diversity_scale_schedule"": ""all_integer_cardinalities"", ""diversity_upsampling_enabled"": true, ""implementation_mode"": ""paper_faithful"", ""method"": ""diversity_curves_shortest_path"", ""random_seed"": 0}",community,weakening,ground_truth,5,8,8,1,7,0.0,0.0,0.0,0.0,0.0,0.026640044001396745,0.013935089111328125,success,
stochastic_block_model,"{""data_root"": """", ""dataset_name"": """", ""edge_probability"": 0.1, ""family"": ""stochastic_block_model"", ""m"": 2, ""num_blocks"": 4, ""num_graphs"": 5, ""num_nodes"": 8, ""p_in"": 0.28, ""p_out"": 0.04, ""seed"": 1}",triangle_deletion,"{""alpha"": 1.0, ""edges_added"": 0, ""edges_removed"": 0, ""graphs"": 5, ""graphs_skipped"": 0, ""graphs_success"": 5, ""label_source"": null, ""method"": ""triangle_deletion"", ""perturbation_direction"": ""deletion"", ""perturbation_family"": ""triangle"", ""rewires"": 0, ""triangles_affected"": 0}",1.0,1,structural_statistics_mmd,descriptor_baseline,"{""bandwidth"": 10.0, ""feature_count"": 9, ""implementation_mode"": ""descriptor_baseline"", ""kernel"": ""rbf_mmd"", ""method"": ""structural_statistics_mmd""}",triangle,deletion,,5,8,8,1,7,0.0,0.0,0.0,0.0,0.0,0.001181489002192393,0.006134033203125,success,
stochastic_block_model,"{""data_root"": """", ""dataset_name"": """", ""edge_probability"": 0.1, ""family"": ""stochastic_block_model"", ""m"": 2, ""num_blocks"": 4, ""num_graphs"": 5, ""num_nodes"": 8, ""p_in"": 0.28, ""p_out"": 0.04, ""seed"": 1}",triangle_deletion,"{""alpha"": 1.0, ""edges_added"": 0, ""edges_removed"": 0, ""graphs"": 5, ""graphs_skipped"": 0, ""graphs_success"": 5, ""label_source"": null, ""method"": ""triangle_deletion"", ""perturbation_direction"": ""deletion"", ""perturbation_family"": ""triangle"", ""rewires"": 0, ""triangles_affected"": 0}",1.0,1,wl_subtree_kernel_mmd,paper_faithful,"{""implementation_mode"": ""paper_faithful"", ""method"": ""wl_subtree_kernel_mmd"", ""wl_compression"": ""shared_canonical_dictionary_per_comparison"", ""wl_feature_construction"": ""subtree_histograms_across_iterations"", ""wl_iterations"": 3, ""wl_kernel_distance_mode"": ""linear_mmd"", ""wl_label_initialization"": ""node_label_or_degree"", ""wl_node_label_key"": ""node_labels""}",triangle,deletion,,5,8,8,1,7,0.0,0.0,0.0,0.0,0.0,0.0016665520088281482,0.020721435546875,success,
stochastic_block_model,"{""data_root"": """", ""dataset_name"": """", ""edge_probability"": 0.1, ""family"": ""stochastic_block_model"", ""m"": 2, ""num_blocks"": 4, ""num_graphs"": 5, ""num_nodes"": 8, ""p_in"": 0.28, ""p_out"": 0.04, ""seed"": 1}",triangle_deletion,"{""alpha"": 1.0, ""edges_added"": 0, ""edges_removed"": 0, ""graphs"": 5, ""graphs_skipped"": 0, ""graphs_success"": 5, ""label_source"": null, ""method"": ""triangle_deletion"", ""perturbation_direction"": ""deletion"", ""perturbation_family"": ""triangle"", ""rewires"": 0, ""triangles_affected"": 0}",1.0,1,native_netlsd,paper_faithful,"{""distribution_distance"": ""l2_between_mean_signatures"", ""eigenvalue_count"": ""all"", ""eigenvalue_mode"": ""full_spectrum"", ""heat_signature"": ""heat_trace"", ""implementation_mode"": ""paper_faithful"", ""laplacian_type"": ""normalized"", ""method"": ""native_netlsd"", ""netlsd_normalization"": ""empty"", ""netlsd_time_scale_count"": 250, ""netlsd_time_scale_max"": 100.0, ""netlsd_time_scale_min"": 0.01, ""netlsd_time_scale_schedule"": ""logspace""}",triangle,deletion,,5,8,8,1,7,0.0,0.0,0.0,0.0,0.0,0.02025037701241672,0.092193603515625,success,
stochastic_block_model,"{""data_root"": """", ""dataset_name"": """", ""edge_probability"": 0.1, ""family"": ""stochastic_block_model"", ""m"": 2, ""num_blocks"": 4, ""num_graphs"": 5, ""num_nodes"": 8, ""p_in"": 0.28, ""p_out"": 0.04, ""seed"": 1}",triangle_deletion,"{""alpha"": 1.0, ""edges_added"": 0, ""edges_removed"": 0, ""graphs"": 5, ""graphs_skipped"": 0, ""graphs_success"": 5, ""label_source"": null, ""method"": ""triangle_deletion"", ""perturbation_direction"": ""deletion"", ""perturbation_family"": ""triangle"", ""rewires"": 0, ""triangles_affected"": 0}",1.0,1,diversity_curves_shortest_path,paper_faithful,"{""distance_metric"": ""shortest_path"", ""distribution_distance"": ""l2_between_mean_curves"", ""diversity_contraction_mode"": ""random_edge"", ""diversity_curve_definition"": ""shortest_path_spread"", ""diversity_repetitions"": 3, ""diversity_scale_count"": ""dataset_max_nodes"", ""diversity_scale_schedule"": ""all_integer_cardinalities"", ""diversity_upsampling_enabled"": true, ""implementation_mode"": ""paper_faithful"", ""method"": ""diversity_curves_shortest_path"", ""random_seed"": 0}",triangle,deletion,,5,8,8,1,7,0.0,0.0,0.0,0.0,0.0,0.020878134993836284,0.013935089111328125,success,
stochastic_block_model,"{""data_root"": """", ""dataset_name"": """", ""edge_probability"": 0.1, ""family"": ""stochastic_block_model"", ""m"": 2, ""num_blocks"": 4, ""num_graphs"": 5, ""num_nodes"": 8, ""p_in"": 0.28, ""p_out"": 0.04, ""seed"": 1}",triangle_deletion,"{""alpha"": 0.5, ""edges_added"": 0, ""edges_removed"": 0, ""graphs"": 5, ""graphs_skipped"": 0, ""graphs_success"": 5, ""label_source"": null, ""method"": ""triangle_deletion"", ""perturbation_direction"": ""deletion"", ""perturbation_family"": ""triangle"", ""rewires"": 0, ""triangles_affected"": 0}",0.5,1,structural_statistics_mmd,descriptor_baseline,"{""bandwidth"": 10.0, ""feature_count"": 9, ""implementation_mode"": ""descriptor_baseline"", ""kernel"": ""rbf_mmd"", ""method"": ""structural_statistics_mmd""}",triangle,deletion,,5,8,8,1,7,0.0,0.0,0.0,0.0,0.0,0.0016419560124631971,0.006134033203125,success,
stochastic_block_model,"{""data_root"": """", ""dataset_name"": """", ""edge_probability"": 0.1, ""family"": ""stochastic_block_model"", ""m"": 2, ""num_blocks"": 4, ""num_graphs"": 5, ""num_nodes"": 8, ""p_in"": 0.28, ""p_out"": 0.04, ""seed"": 1}",triangle_deletion,"{""alpha"": 0.5, ""edges_added"": 0, ""edges_removed"": 0, ""graphs"": 5, ""graphs_skipped"": 0, ""graphs_success"": 5, ""label_source"": null, ""method"": ""triangle_deletion"", ""perturbation_direction"": ""deletion"", ""perturbation_family"": ""triangle"", ""rewires"": 0, ""triangles_affected"": 0}",0.5,1,wl_subtree_kernel_mmd,paper_faithful,"{""implementation_mode"": ""paper_faithful"", ""method"": ""wl_subtree_kernel_mmd"", ""wl_compression"": ""shared_canonical_dictionary_per_comparison"", ""wl_feature_construction"": ""subtree_histograms_across_iterations"", ""wl_iterations"": 3, ""wl_kernel_distance_mode"": ""linear_mmd"", ""wl_label_initialization"": ""node_label_or_degree"", ""wl_node_label_key"": ""node_labels""}",triangle,deletion,,5,8,8,1,7,0.0,0.0,0.0,0.0,0.0,0.0026784249930642545,0.020721435546875,success,
stochastic_block_model,"{""data_root"": """", ""dataset_name"": """", ""edge_probability"": 0.1, ""family"": ""stochastic_block_model"", ""m"": 2, ""num_blocks"": 4, ""num_graphs"": 5, ""num_nodes"": 8, ""p_in"": 0.28, ""p_out"": 0.04, ""seed"": 1}",triangle_deletion,"{""alpha"": 0.5, ""edges_added"": 0, ""edges_removed"": 0, ""graphs"": 5, ""graphs_skipped"": 0, ""graphs_success"": 5, ""label_source"": null, ""method"": ""triangle_deletion"", ""perturbation_direction"": ""deletion"", ""perturbation_family"": ""triangle"", ""rewires"": 0, ""triangles_affected"": 0}",0.5,1,native_netlsd,paper_faithful,"{""distribution_distance"": ""l2_between_mean_signatures"", ""eigenvalue_count"": ""all"", ""eigenvalue_mode"": ""full_spectrum"", ""heat_signature"": ""heat_trace"", ""implementation_mode"": ""paper_faithful"", ""laplacian_type"": ""normalized"", ""method"": ""native_netlsd"", ""netlsd_normalization"": ""empty"", ""netlsd_time_scale_count"": 250, ""netlsd_time_scale_max"": 100.0, ""netlsd_time_scale_min"": 0.01, ""netlsd_time_scale_schedule"": ""logspace""}",triangle,deletion,,5,8,8,1,7,0.0,0.0,0.0,0.0,0.0,0.025315128994407132,0.092193603515625,success,
stochastic_block_model,"{""data_root"": """", ""dataset_name"": """", ""edge_probability"": 0.1, ""family"": ""stochastic_block_model"", ""m"": 2, ""num_blocks"": 4, ""num_graphs"": 5, ""num_nodes"": 8, ""p_in"": 0.28, ""p_out"": 0.04, ""seed"": 1}",triangle_deletion,"{""alpha"": 0.5, ""edges_added"": 0, ""edges_removed"": 0, ""graphs"": 5, ""graphs_skipped"": 0, ""graphs_success"": 5, ""label_source"": null, ""method"": ""triangle_deletion"", ""perturbation_direction"": ""deletion"", ""perturbation_family"": ""triangle"", ""rewires"": 0, ""triangles_affected"": 0}",0.5,1,diversity_curves_shortest_path,paper_faithful,"{""distance_metric"": ""shortest_path"", ""distribution_distance"": ""l2_between_mean_curves"", ""diversity_contraction_mode"": ""random_edge"", ""diversity_curve_definition"": ""shortest_path_spread"", ""diversity_repetitions"": 3, ""diversity_scale_count"": ""dataset_max_nodes"", ""diversity_scale_schedule"": ""all_integer_cardinalities"", ""diversity_upsampling_enabled"": true, ""implementation_mode"": ""paper_faithful"", ""method"": ""diversity_curves_shortest_path"", ""random_seed"": 0}",triangle,deletion,,5,8,8,1,7,0.0,0.0,0.0,0.0,0.0,0.02463833399815485,0.013935089111328125,success,
stochastic_block_model,"{""data_root"": """", ""dataset_name"": """", ""edge_probability"": 0.1, ""family"": ""stochastic_block_model"", ""m"": 2, ""num_blocks"": 4, ""num_graphs"": 5, ""num_nodes"": 8, ""p_in"": 0.28, ""p_out"": 0.04, ""seed"": 1}",hub_modification,"{""alpha"": 0.0, ""edges_added"": 0, ""edges_removed"": 0, ""graphs"": 5, ""graphs_skipped"": 0, ""graphs_success"": 5, ""label_source"": null, ""method"": ""hub_modification"", ""perturbation_direction"": ""modification"", ""perturbation_family"": ""hub"", ""rewires"": 0, ""triangles_affected"": 0}",0.0,1,structural_statistics_mmd,descriptor_baseline,"{""bandwidth"": 10.0, ""feature_count"": 9, ""implementation_mode"": ""descriptor_baseline"", ""kernel"": ""rbf_mmd"", ""method"": ""structural_statistics_mmd""}",hub,modification,,5,8,8,1,7,0.0,0.0,0.0,0.0,0.0,0.0012517299910541624,0.006134033203125,success,
stochastic_block_model,"{""data_root"": """", ""dataset_name"": """", ""edge_probability"": 0.1, ""family"": ""stochastic_block_model"", ""m"": 2, ""num_blocks"": 4, ""num_graphs"": 5, ""num_nodes"": 8, ""p_in"": 0.28, ""p_out"": 0.04, ""seed"": 1}",hub_modification,"{""alpha"": 0.0, ""edges_added"": 0, ""edges_removed"": 0, ""graphs"": 5, ""graphs_skipped"": 0, ""graphs_success"": 5, ""label_source"": null, ""method"": ""hub_modification"", ""perturbation_direction"": ""modification"", ""perturbation_family"": ""hub"", ""rewires"": 0, ""triangles_affected"": 0}",0.0,1,wl_subtree_kernel_mmd,paper_faithful,"{""implementation_mode"": ""paper_faithful"", ""method"": ""wl_subtree_kernel_mmd"", ""wl_compression"": ""shared_canonical_dictionary_per_comparison"", ""wl_feature_construction"": ""subtree_histograms_across_iterations"", ""wl_iterations"": 3, ""wl_kernel_distance_mode"": ""linear_mmd"", ""wl_label_initialization"": ""node_label_or_degree"", ""wl_node_label_key"": ""node_labels""}",hub,modification,,5,8,8,1,7,0.0,0.0,0.0,0.0,0.0,0.0019347610068507493,0.02077484130859375,success,
stochastic_block_model,"{""data_root"": """", ""dataset_name"": """", ""edge_probability"": 0.1, ""family"": ""stochastic_block_model"", ""m"": 2, ""num_blocks"": 4, ""num_graphs"": 5, ""num_nodes"": 8, ""p_in"": 0.28, ""p_out"": 0.04, ""seed"": 1}",hub_modification,"{""alpha"": 0.0, ""edges_added"": 0, ""edges_removed"": 0, ""graphs"": 5, ""graphs_skipped"": 0, ""graphs_success"": 5, ""label_source"": null, ""method"": ""hub_modification"", ""perturbation_direction"": ""modification"", ""perturbation_family"": ""hub"", ""rewires"": 0, ""triangles_affected"": 0}",0.0,1,native_netlsd,paper_faithful,"{""distribution_distance"": ""l2_between_mean_signatures"", ""eigenvalue_count"": ""all"", ""eigenvalue_mode"": ""full_spectrum"", ""heat_signature"": ""heat_trace"", ""implementation_mode"": ""paper_faithful"", ""laplacian_type"": ""normalized"", ""method"": ""native_netlsd"", ""netlsd_normalization"": ""empty"", ""netlsd_time_scale_count"": 250, ""netlsd_time_scale_max"": 100.0, ""netlsd_time_scale_min"": 0.01, ""netlsd_time_scale_schedule"": ""logspace""}",hub,modification,,5,8,8,1,7,0.0,0.0,0.0,0.0,0.0,0.021656316006556153,0.092193603515625,success,
stochastic_block_model,"{""data_root"": """", ""dataset_name"": """", ""edge_probability"": 0.1, ""family"": ""stochastic_block_model"", ""m"": 2, ""num_blocks"": 4, ""num_graphs"": 5, ""num_nodes"": 8, ""p_in"": 0.28, ""p_out"": 0.04, ""seed"": 1}",hub_modification,"{""alpha"": 0.0, ""edges_added"": 0, ""edges_removed"": 0, ""graphs"": 5, ""graphs_skipped"": 0, ""graphs_success"": 5, ""label_source"": null, ""method"": ""hub_modification"", ""perturbation_direction"": ""modification"", ""perturbation_family"": ""hub"", ""rewires"": 0, ""triangles_affected"": 0}",0.0,1,diversity_curves_shortest_path,paper_faithful,"{""distance_metric"": ""shortest_path"", ""distribution_distance"": ""l2_between_mean_curves"", ""diversity_contraction_mode"": ""random_edge"", ""diversity_curve_definition"": ""shortest_path_spread"", ""diversity_repetitions"": 3, ""diversity_scale_count"": ""dataset_max_nodes"", ""diversity_scale_schedule"": ""all_integer_cardinalities"", ""diversity_upsampling_enabled"": true, ""implementation_mode"": ""paper_faithful"", ""method"": ""diversity_curves_shortest_path"", ""random_seed"": 0}",hub,modification,,5,8,8,1,7,0.0,0.0,0.0,0.0,0.0,0.026494663004996255,0.013935089111328125,success,
stochastic_block_model,"{""data_root"": """", ""dataset_name"": """", ""edge_probability"": 0.1, ""family"": ""stochastic_block_model"", ""m"": 2, ""num_blocks"": 4, ""num_graphs"": 5, ""num_nodes"": 8, ""p_in"": 0.28, ""p_out"": 0.04, ""seed"": 1}",hub_modification,"{""alpha"": 0.5, ""edges_added"": 6, ""edges_removed"": 6, ""graphs"": 5, ""graphs_skipped"": 0, ""graphs_success"": 5, ""label_source"": null, ""method"": ""hub_modification"", ""perturbation_direction"": ""modification"", ""perturbation_family"": ""hub"", ""rewires"": 6, ""triangles_affected"": 0}",0.5,1,structural_statistics_mmd,descriptor_baseline,"{""bandwidth"": 10.0, ""feature_count"": 9, ""implementation_mode"": ""descriptor_baseline"", ""kernel"": ""rbf_mmd"", ""method"": ""structural_statistics_mmd""}",hub,modification,,5,8,8,1,7,0.0010439929739138876,0.3283840908313177,0.36045366403856005,2.4,2.6,0.0012493960093706846,0.00560760498046875,success,
stochastic_block_model,"{""data_root"": """", ""dataset_name"": """", ""edge_probability"": 0.1, ""family"": ""stochastic_block_model"", ""m"": 2, ""num_blocks"": 4, ""num_graphs"": 5, ""num_nodes"": 8, ""p_in"": 0.28, ""p_out"": 0.04, ""seed"": 1}",hub_modification,"{""alpha"": 0.5, ""edges_added"": 6, ""edges_removed"": 6, ""graphs"": 5, ""graphs_skipped"": 0, ""graphs_success"": 5, ""label_source"": null, ""method"": ""hub_modification"", ""perturbation_direction"": ""modification"", ""perturbation_family"": ""hub"", ""rewires"": 6, ""triangles_affected"": 0}",0.5,1,wl_subtree_kernel_mmd,paper_faithful,"{""implementation_mode"": ""paper_faithful"", ""method"": ""wl_subtree_kernel_mmd"", ""wl_compression"": ""shared_canonical_dictionary_per_comparison"", ""wl_feature_construction"": ""subtree_histograms_across_iterations"", ""wl_iterations"": 3, ""wl_kernel_distance_mode"": ""linear_mmd"", ""wl_label_initialization"": ""node_label_or_degree"", ""wl_node_label_key"": ""node_labels""}",hub,modification,,5,8,8,1,7,9.679999999999998,3.1112698372208087,4.905628958298879,2.4,2.6,0.0019170879968442023,0.023565292358398438,success,
stochastic_block_model,"{""data_root"": """", ""dataset_name"": """", ""edge_probability"": 0.1, ""family"": ""stochastic_block_model"", ""m"": 2, ""num_blocks"": 4, ""num_graphs"": 5, ""num_nodes"": 8, ""p_in"": 0.28, ""p_out"": 0.04, ""seed"": 1}",hub_modification,"{""alpha"": 0.5, ""edges_added"": 6, ""edges_removed"": 6, ""graphs"": 5, ""graphs_skipped"": 0, ""graphs_success"": 5, ""label_source"": null, ""method"": ""hub_modification"", ""perturbation_direction"": ""modification"", ""perturbation_family"": ""hub"", ""rewires"": 6, ""triangles_affected"": 0}",0.5,1,native_netlsd,paper_faithful,"{""distribution_distance"": ""l2_between_mean_signatures"", ""eigenvalue_count"": ""all"", ""eigenvalue_mode"": ""full_spectrum"", ""heat_signature"": ""heat_trace"", ""implementation_mode"": ""paper_faithful"", ""laplacian_type"": ""normalized"", ""method"": ""native_netlsd"", ""netlsd_normalization"": ""empty"", ""netlsd_time_scale_count"": 250, ""netlsd_time_scale_max"": 100.0, ""netlsd_time_scale_min"": 0.01, ""netlsd_time_scale_schedule"": ""logspace""}",hub,modification,,5,8,8,1,7,0.18628634508279082,0.18628634508279082,0.19217202244555442,2.4,2.6,0.021462878008605912,0.092193603515625,success,
stochastic_block_model,"{""data_root"": """", ""dataset_name"": """", ""edge_probability"": 0.1, ""family"": ""stochastic_block_model"", ""m"": 2, ""num_blocks"": 4, ""num_graphs"": 5, ""num_nodes"": 8, ""p_in"": 0.28, ""p_out"": 0.04, ""seed"": 1}",hub_modification,"{""alpha"": 0.5, ""edges_added"": 6, ""edges_removed"": 6, ""graphs"": 5, ""graphs_skipped"": 0, ""graphs_success"": 5, ""label_source"": null, ""method"": ""hub_modification"", ""perturbation_direction"": ""modification"", ""perturbation_family"": ""hub"", ""rewires"": 6, ""triangles_affected"": 0}",0.5,1,diversity_curves_shortest_path,paper_faithful,"{""distance_metric"": ""shortest_path"", ""distribution_distance"": ""l2_between_mean_curves"", ""diversity_contraction_mode"": ""random_edge"", ""diversity_curve_definition"": ""shortest_path_spread"", ""diversity_repetitions"": 3, ""diversity_scale_count"": ""dataset_max_nodes"", ""diversity_scale_schedule"": ""all_integer_cardinalities"", ""diversity_upsampling_enabled"": true, ""implementation_mode"": ""paper_faithful"", ""method"": ""diversity_curves_shortest_path"", ""random_seed"": 0}",hub,modification,,5,8,8,1,7,0.020648665417559206,0.020648665417559206,0.025802899155375314,2.4,2.6,0.026172304002102464,0.014026641845703125,success,
stochastic_block_model,"{""data_root"": """", ""dataset_name"": """", ""edge_probability"": 0.1, ""family"": ""stochastic_block_model"", ""m"": 2, ""num_blocks"": 4, ""num_graphs"": 5, ""num_nodes"": 8, ""p_in"": 0.28, ""p_out"": 0.04, ""seed"": 1}",hub_modification,"{""alpha"": 1.0, ""edges_added"": 8, ""edges_removed"": 8, ""graphs"": 5, ""graphs_skipped"": 0, ""graphs_success"": 5, ""label_source"": null, ""method"": ""hub_modification"", ""perturbation_direction"": ""modification"", ""perturbation_family"": ""hub"", ""rewires"": 8, ""triangles_affected"": 0}",1.0,1,structural_statistics_mmd,descriptor_baseline,"{""bandwidth"": 10.0, ""feature_count"": 9, ""implementation_mode"": ""descriptor_baseline"", ""kernel"": ""rbf_mmd"", ""method"": ""structural_statistics_mmd""}",hub,modification,,5,8,8,1,7,0.0010439929739138876,0.3283840908313177,0.36045366403856005,3.2,3.4,0.0016116199840325862,0.00560760498046875,success,
stochastic_block_model,"{""data_root"": """", ""dataset_name"": """", ""edge_probability"": 0.1, ""family"": ""stochastic_block_model"", ""m"": 2, ""num_blocks"": 4, ""num_graphs"": 5, ""num_nodes"": 8, ""p_in"": 0.28, ""p_out"": 0.04, ""seed"": 1}",hub_modification,"{""alpha"": 1.0, ""edges_added"": 8, ""edges_removed"": 8, ""graphs"": 5, ""graphs_skipped"": 0, ""graphs_success"": 5, ""label_source"": null, ""method"": ""hub_modification"", ""perturbation_direction"": ""modification"", ""perturbation_family"": ""hub"", ""rewires"": 8, ""triangles_affected"": 0}",1.0,1,wl_subtree_kernel_mmd,paper_faithful,"{""implementation_mode"": ""paper_faithful"", ""method"": ""wl_subtree_kernel_mmd"", ""wl_compression"": ""shared_canonical_dictionary_per_comparison"", ""wl_feature_construction"": ""subtree_histograms_across_iterations"", ""wl_iterations"": 3, ""wl_kernel_distance_mode"": ""linear_mmd"", ""wl_label_initialization"": ""node_label_or_degree"", ""wl_node_label_key"": ""node_labels""}",hub,modification,,5,8,8,1,7,9.679999999999998,3.1112698372208087,4.905628958298879,3.2,3.4,0.002652075985679403,0.023511886596679688,success,
stochastic_block_model,"{""data_root"": """", ""dataset_name"": """", ""edge_probability"": 0.1, ""family"": ""stochastic_block_model"", ""m"": 2, ""num_blocks"": 4, ""num_graphs"": 5, ""num_nodes"": 8, ""p_in"": 0.28, ""p_out"": 0.04, ""seed"": 1}",hub_modification,"{""alpha"": 1.0, ""edges_added"": 8, ""edges_removed"": 8, ""graphs"": 5, ""graphs_skipped"": 0, ""graphs_success"": 5, ""label_source"": null, ""method"": ""hub_modification"", ""perturbation_direction"": ""modification"", ""perturbation_family"": ""hub"", ""rewires"": 8, ""triangles_affected"": 0}",1.0,1,native_netlsd,paper_faithful,"{""distribution_distance"": ""l2_between_mean_signatures"", ""eigenvalue_count"": ""all"", ""eigenvalue_mode"": ""full_spectrum"", ""heat_signature"": ""heat_trace"", ""implementation_mode"": ""paper_faithful"", ""laplacian_type"": ""normalized"", ""method"": ""native_netlsd"", ""netlsd_normalization"": ""empty"", ""netlsd_time_scale_count"": 250, ""netlsd_time_scale_max"": 100.0, ""netlsd_time_scale_min"": 0.01, ""netlsd_time_scale_schedule"": ""logspace""}",hub,modification,,5,8,8,1,7,0.18628634508279082,0.18628634508279082,0.19217202244555442,3.2,3.4,0.021495413995580748,0.092193603515625,success,
stochastic_block_model,"{""data_root"": """", ""dataset_name"": """", ""edge_probability"": 0.1, ""family"": ""stochastic_block_model"", ""m"": 2, ""num_blocks"": 4, ""num_graphs"": 5, ""num_nodes"": 8, ""p_in"": 0.28, ""p_out"": 0.04, ""seed"": 1}",hub_modification,"{""alpha"": 1.0, ""edges_added"": 8, ""edges_removed"": 8, ""graphs"": 5, ""graphs_skipped"": 0, ""graphs_success"": 5, ""label_source"": null, ""method"": ""hub_modification"", ""perturbation_direction"": ""modification"", ""perturbation_family"": ""hub"", ""rewires"": 8, ""triangles_affected"": 0}",1.0,1,diversity_curves_shortest_path,paper_faithful,"{""distance_metric"": ""shortest_path"", ""distribution_distance"": ""l2_between_mean_curves"", ""diversity_contraction_mode"": ""random_edge"", ""diversity_curve_definition"": ""shortest_path_spread"", ""diversity_repetitions"": 3, ""diversity_scale_count"": ""dataset_max_nodes"", ""diversity_scale_schedule"": ""all_integer_cardinalities"", ""diversity_upsampling_enabled"": true, ""implementation_mode"": ""paper_faithful"", ""method"": ""diversity_curves_shortest_path"", ""random_seed"": 0}",hub,modification,,5,8,8,1,7,0.020648665417559206,0.020648665417559206,0.02580289915537549,3.2,3.4,0.019679764984175563,0.014026641845703125,success,
stochastic_block_model,"{""data_root"": """", ""dataset_name"": """", ""edge_probability"": 0.1, ""family"": ""stochastic_block_model"", ""m"": 2, ""num_blocks"": 4, ""num_graphs"": 5, ""num_nodes"": 8, ""p_in"": 0.28, ""p_out"": 0.04, ""seed"": 1}",community_weakening,"{""alpha"": 1.0, ""edges_added"": 8, ""edges_removed"": 8, ""graphs"": 5, ""graphs_skipped"": 0, ""graphs_success"": 5, ""label_source"": ""ground_truth"", ""method"": ""community_weakening"", ""perturbation_direction"": ""weakening"", ""perturbation_family"": ""community"", ""rewires"": 8, ""triangles_affected"": 0}",1.0,1,structural_statistics_mmd,descriptor_baseline,"{""bandwidth"": 10.0, ""feature_count"": 9, ""implementation_mode"": ""descriptor_baseline"", ""kernel"": ""rbf_mmd"", ""method"": ""structural_statistics_mmd""}",community,weakening,ground_truth,5,8,8,1,7,0.0013175632469131227,0.36902649709140883,0.43702437755546486,3.2,3.236734693877551,0.0010500039788894355,0.00579071044921875,success,
stochastic_block_model,"{""data_root"": """", ""dataset_name"": """", ""edge_probability"": 0.1, ""family"": ""stochastic_block_model"", ""m"": 2, ""num_blocks"": 4, ""num_graphs"": 5, ""num_nodes"": 8, ""p_in"": 0.28, ""p_out"": 0.04, ""seed"": 1}",community_weakening,"{""alpha"": 1.0, ""edges_added"": 8, ""edges_removed"": 8, ""graphs"": 5, ""graphs_skipped"": 0, ""graphs_success"": 5, ""label_source"": ""ground_truth"", ""method"": ""community_weakening"", ""perturbation_direction"": ""weakening"", ""perturbation_family"": ""community"", ""rewires"": 8, ""triangles_affected"": 0}",1.0,1,wl_subtree_kernel_mmd,paper_faithful,"{""implementation_mode"": ""paper_faithful"", ""method"": ""wl_subtree_kernel_mmd"", ""wl_compression"": ""shared_canonical_dictionary_per_comparison"", ""wl_feature_construction"": ""subtree_histograms_across_iterations"", ""wl_iterations"": 3, ""wl_kernel_distance_mode"": ""linear_mmd"", ""wl_label_initialization"": ""node_label_or_degree"", ""wl_node_label_key"": ""node_labels""}",community,weakening,ground_truth,5,8,8,1,7,25.759999999999994,5.075431016179808,6.234546223273094,3.2,3.236734693877551,0.0018734170007519424,0.02501964569091797,success,
stochastic_block_model,"{""data_root"": """", ""dataset_name"": """", ""edge_probability"": 0.1, ""family"": ""stochastic_block_model"", ""m"": 2, ""num_blocks"": 4, ""num_graphs"": 5, ""num_nodes"": 8, ""p_in"": 0.28, ""p_out"": 0.04, ""seed"": 1}",community_weakening,"{""alpha"": 1.0, ""edges_added"": 8, ""edges_removed"": 8, ""graphs"": 5, ""graphs_skipped"": 0, ""graphs_success"": 5, ""label_source"": ""ground_truth"", ""method"": ""community_weakening"", ""perturbation_direction"": ""weakening"", ""perturbation_family"": ""community"", ""rewires"": 8, ""triangles_affected"": 0}",1.0,1,native_netlsd,paper_faithful,"{""distribution_distance"": ""l2_between_mean_signatures"", ""eigenvalue_count"": ""all"", ""eigenvalue_mode"": ""full_spectrum"", ""heat_signature"": ""heat_trace"", ""implementation_mode"": ""paper_faithful"", ""laplacian_type"": ""normalized"", ""method"": ""native_netlsd"", ""netlsd_normalization"": ""empty"", ""netlsd_time_scale_count"": 250, ""netlsd_time_scale_max"": 100.0, ""netlsd_time_scale_min"": 0.01, ""netlsd_time_scale_schedule"": ""logspace""}",community,weakening,ground_truth,5,8,8,1,7,0.3261012461547306,0.3261012461547306,0.33413907857411107,3.2,3.236734693877551,0.024074950983049348,0.092193603515625,success,
stochastic_block_model,"{""data_root"": """", ""dataset_name"": """", ""edge_probability"": 0.1, ""family"": ""stochastic_block_model"", ""m"": 2, ""num_blocks"": 4, ""num_graphs"": 5, ""num_nodes"": 8, ""p_in"": 0.28, ""p_out"": 0.04, ""seed"": 1}",community_weakening,"{""alpha"": 1.0, ""edges_added"": 8, ""edges_removed"": 8, ""graphs"": 5, ""graphs_skipped"": 0, ""graphs_success"": 5, ""label_source"": ""ground_truth"", ""method"": ""community_weakening"", ""perturbation_direction"": ""weakening"", ""perturbation_family"": ""community"", ""rewires"": 8, ""triangles_affected"": 0}",1.0,1,diversity_curves_shortest_path,paper_faithful,"{""distance_metric"": ""shortest_path"", ""distribution_distance"": ""l2_between_mean_curves"", ""diversity_contraction_mode"": ""random_edge"", ""diversity_curve_definition"": ""shortest_path_spread"", ""diversity_repetitions"": 3, ""diversity_scale_count"": ""dataset_max_nodes"", ""diversity_scale_schedule"": ""all_integer_cardinalities"", ""diversity_upsampling_enabled"": true, ""implementation_mode"": ""paper_faithful"", ""method"": ""diversity_curves_shortest_path"", ""random_seed"": 0}",community,weakening,ground_truth,5,8,8,1,7,0.016358943637871815,0.016358943637871815,0.041630650397088784,3.2,3.236734693877551,0.02743966502021067,0.014472007751464844,success,
barabasi_albert,"{""data_root"": """", ""dataset_name"": """", ""edge_probability"": 0.1, ""family"": ""barabasi_albert"", ""m"": 2, ""num_blocks"": 3, ""num_graphs"": 5, ""num_nodes"": 8, ""p_in"": 0.25, ""p_out"": 0.03, ""seed"": 1}",edge_insertion,"{""alpha"": 0.0, ""edges_added"": 0, ""edges_removed"": 0, ""graphs"": 5, ""graphs_skipped"": 0, ""graphs_success"": 5, ""label_source"": null, ""method"": ""edge_insertion"", ""perturbation_direction"": ""insertion"", ""perturbation_family"": ""edge"", ""rewires"": 0, ""triangles_affected"": 0}",0.0,1,structural_statistics_mmd,descriptor_baseline,"{""bandwidth"": 10.0, ""feature_count"": 9, ""implementation_mode"": ""descriptor_baseline"", ""kernel"": ""rbf_mmd"", ""method"": ""structural_statistics_mmd""}",edge,insertion,,5,8,8,13,13,0.0,0.0,0.0,0.0,0.0,0.002390189009020105,0.0052490234375,success,
barabasi_albert,"{""data_root"": """", ""dataset_name"": """", ""edge_probability"": 0.1, ""family"": ""barabasi_albert"", ""m"": 2, ""num_blocks"": 3, ""num_graphs"": 5, ""num_nodes"": 8, ""p_in"": 0.25, ""p_out"": 0.03, ""seed"": 1}",edge_insertion,"{""alpha"": 0.0, ""edges_added"": 0, ""edges_removed"": 0, ""graphs"": 5, ""graphs_skipped"": 0, ""graphs_success"": 5, ""label_source"": null, ""method"": ""edge_insertion"", ""perturbation_direction"": ""insertion"", ""perturbation_family"": ""edge"", ""rewires"": 0, ""triangles_affected"": 0}",0.0,1,wl_subtree_kernel_mmd,paper_faithful,"{""implementation_mode"": ""paper_faithful"", ""method"": ""wl_subtree_kernel_mmd"", ""wl_compression"": ""shared_canonical_dictionary_per_comparison"", ""wl_feature_construction"": ""subtree_histograms_across_iterations"", ""wl_iterations"": 3, ""wl_kernel_distance_mode"": ""linear_mmd"", ""wl_label_initialization"": ""node_label_or_degree"", ""wl_node_label_key"": ""node_labels""}",edge,insertion,,5,8,8,13,13,0.0,0.0,0.0,0.0,0.0,0.004029870993690565,0.05044364929199219,success,
barabasi_albert,"{""data_root"": """", ""dataset_name"": """", ""edge_probability"": 0.1, ""family"": ""barabasi_albert"", ""m"": 2, ""num_blocks"": 3, ""num_graphs"": 5, ""num_nodes"": 8, ""p_in"": 0.25, ""p_out"": 0.03, ""seed"": 1}",edge_insertion,"{""alpha"": 0.0, ""edges_added"": 0, ""edges_removed"": 0, ""graphs"": 5, ""graphs_skipped"": 0, ""graphs_success"": 5, ""label_source"": null, ""method"": ""edge_insertion"", ""perturbation_direction"": ""insertion"", ""perturbation_family"": ""edge"", ""rewires"": 0, ""triangles_affected"": 0}",0.0,1,native_netlsd,paper_faithful,"{""distribution_distance"": ""l2_between_mean_signatures"", ""eigenvalue_count"": ""all"", ""eigenvalue_mode"": ""full_spectrum"", ""heat_signature"": ""heat_trace"", ""implementation_mode"": ""paper_faithful"", ""laplacian_type"": ""normalized"", ""method"": ""native_netlsd"", ""netlsd_normalization"": ""empty"", ""netlsd_time_scale_count"": 250, ""netlsd_time_scale_max"": 100.0, ""netlsd_time_scale_min"": 0.01, ""netlsd_time_scale_schedule"": ""logspace""}",edge,insertion,,5,8,8,13,13,0.0,0.0,0.0,0.0,0.0,0.048920377012109384,0.09210205078125,success,
barabasi_albert,"{""data_root"": """", ""dataset_name"": """", ""edge_probability"": 0.1, ""family"": ""barabasi_albert"", ""m"": 2, ""num_blocks"": 3, ""num_graphs"": 5, ""num_nodes"": 8, ""p_in"": 0.25, ""p_out"": 0.03, ""seed"": 1}",edge_insertion,"{""alpha"": 0.0, ""edges_added"": 0, ""edges_removed"": 0, ""graphs"": 5, ""graphs_skipped"": 0, ""graphs_success"": 5, ""label_source"": null, ""method"": ""edge_insertion"", ""perturbation_direction"": ""insertion"", ""perturbation_family"": ""edge"", ""rewires"": 0, ""triangles_affected"": 0}",0.0,1,diversity_curves_shortest_path,paper_faithful,"{""distance_metric"": ""shortest_path"", ""distribution_distance"": ""l2_between_mean_curves"", ""diversity_contraction_mode"": ""random_edge"", ""diversity_curve_definition"": ""shortest_path_spread"", ""diversity_repetitions"": 3, ""diversity_scale_count"": ""dataset_max_nodes"", ""diversity_scale_schedule"": ""all_integer_cardinalities"", ""diversity_upsampling_enabled"": true, ""implementation_mode"": ""paper_faithful"", ""method"": ""diversity_curves_shortest_path"", ""random_seed"": 0}",edge,insertion,,5,8,8,13,13,0.0,0.0,0.0,0.0,0.0,0.09455714601790532,0.015533447265625,success,
barabasi_albert,"{""data_root"": """", ""dataset_name"": """", ""edge_probability"": 0.1, ""family"": ""barabasi_albert"", ""m"": 2, ""num_blocks"": 3, ""num_graphs"": 5, ""num_nodes"": 8, ""p_in"": 0.25, ""p_out"": 0.03, ""seed"": 1}",edge_deletion,"{""alpha"": 0.5, ""edges_added"": 0, ""edges_removed"": 30, ""graphs"": 5, ""graphs_skipped"": 0, ""graphs_success"": 5, ""label_source"": null, ""method"": ""edge_deletion"", ""perturbation_direction"": ""deletion"", ""perturbation_family"": ""edge"", ""rewires"": 0, ""triangles_affected"": 0}",0.5,1,structural_statistics_mmd,descriptor_baseline,"{""bandwidth"": 10.0, ""feature_count"": 9, ""implementation_mode"": ""descriptor_baseline"", ""kernel"": ""rbf_mmd"", ""method"": ""structural_statistics_mmd""}",edge,deletion,,5,8,8,7,13,0.4748918799604047,7.40331354250858,7.469261313899496,6.0,6.724363412178991,0.0012848409824073315,0.00496673583984375,success,
barabasi_albert,"{""data_root"": """", ""dataset_name"": """", ""edge_probability"": 0.1, ""family"": ""barabasi_albert"", ""m"": 2, ""num_blocks"": 3, ""num_graphs"": 5, ""num_nodes"": 8, ""p_in"": 0.25, ""p_out"": 0.03, ""seed"": 1}",edge_deletion,"{""alpha"": 0.5, ""edges_added"": 0, ""edges_removed"": 30, ""graphs"": 5, ""graphs_skipped"": 0, ""graphs_success"": 5, ""label_source"": null, ""method"": ""edge_deletion"", ""perturbation_direction"": ""deletion"", ""perturbation_family"": ""edge"", ""rewires"": 0, ""triangles_affected"": 0}",0.5,1,wl_subtree_kernel_mmd,paper_faithful,"{""implementation_mode"": ""paper_faithful"", ""method"": ""wl_subtree_kernel_mmd"", ""wl_compression"": ""shared_canonical_dictionary_per_comparison"", ""wl_feature_construction"": ""subtree_histograms_across_iterations"", ""wl_iterations"": 3, ""wl_kernel_distance_mode"": ""linear_mmd"", ""wl_label_initialization"": ""node_label_or_degree"", ""wl_node_label_key"": ""node_labels""}",edge,deletion,,5,8,8,7,13,40.64,6.374950980203691,9.871145489859535,6.0,6.724363412178991,0.003406159987207502,0.04324531555175781,success,
barabasi_albert,"{""data_root"": """", ""dataset_name"": """", ""edge_probability"": 0.1, ""family"": ""barabasi_albert"", ""m"": 2, ""num_blocks"": 3, ""num_graphs"": 5, ""num_nodes"": 8, ""p_in"": 0.25, ""p_out"": 0.03, ""seed"": 1}",edge_deletion,"{""alpha"": 0.5, ""edges_added"": 0, ""edges_removed"": 30, ""graphs"": 5, ""graphs_skipped"": 0, ""graphs_success"": 5, ""label_source"": null, ""method"": ""edge_deletion"", ""perturbation_direction"": ""deletion"", ""perturbation_family"": ""edge"", ""rewires"": 0, ""triangles_affected"": 0}",0.5,1,native_netlsd,paper_faithful,"{""distribution_distance"": ""l2_between_mean_signatures"", ""eigenvalue_count"": ""all"", ""eigenvalue_mode"": ""full_spectrum"", ""heat_signature"": ""heat_trace"", ""implementation_mode"": ""paper_faithful"", ""laplacian_type"": ""normalized"", ""method"": ""native_netlsd"", ""netlsd_normalization"": ""empty"", ""netlsd_time_scale_count"": 250, ""netlsd_time_scale_max"": 100.0, ""netlsd_time_scale_min"": 0.01, ""netlsd_time_scale_schedule"": ""logspace""}",edge,deletion,,5,8,8,7,13,1.9595703593277605,1.9595703593277605,1.961059038560268,6.0,6.724363412178991,0.05004160199314356,0.09210205078125,success,
barabasi_albert,"{""data_root"": """", ""dataset_name"": """", ""edge_probability"": 0.1, ""family"": ""barabasi_albert"", ""m"": 2, ""num_blocks"": 3, ""num_graphs"": 5, ""num_nodes"": 8, ""p_in"": 0.25, ""p_out"": 0.03, ""seed"": 1}",edge_deletion,"{""alpha"": 0.5, ""edges_added"": 0, ""edges_removed"": 30, ""graphs"": 5, ""graphs_skipped"": 0, ""graphs_success"": 5, ""label_source"": null, ""method"": ""edge_deletion"", ""perturbation_direction"": ""deletion"", ""perturbation_family"": ""edge"", ""rewires"": 0, ""triangles_affected"": 0}",0.5,1,diversity_curves_shortest_path,paper_faithful,"{""distance_metric"": ""shortest_path"", ""distribution_distance"": ""l2_between_mean_curves"", ""diversity_contraction_mode"": ""random_edge"", ""diversity_curve_definition"": ""shortest_path_spread"", ""diversity_repetitions"": 3, ""diversity_scale_count"": ""dataset_max_nodes"", ""diversity_scale_schedule"": ""all_integer_cardinalities"", ""diversity_upsampling_enabled"": true, ""implementation_mode"": ""paper_faithful"", ""method"": ""diversity_curves_shortest_path"", ""random_seed"": 0}",edge,deletion,,5,8,8,7,13,3.0147130496971406,3.0147130496971406,3.0218765356670296,6.0,6.724363412178991,0.07550323801115155,0.015169143676757812,success,
barabasi_albert,"{""data_root"": """", ""dataset_name"": """", ""edge_probability"": 0.1, ""family"": ""barabasi_albert"", ""m"": 2, ""num_blocks"": 3, ""num_graphs"": 5, ""num_nodes"": 8, ""p_in"": 0.25, ""p_out"": 0.03, ""seed"": 1}",edge_insertion,"{""alpha"": 0.5, ""edges_added"": 30, ""edges_removed"": 0, ""graphs"": 5, ""graphs_skipped"": 0, ""graphs_success"": 5, ""label_source"": null, ""method"": ""edge_insertion"", ""perturbation_direction"": ""insertion"", ""perturbation_family"": ""edge"", ""rewires"": 0, ""triangles_affected"": 0}",0.5,1,structural_statistics_mmd,descriptor_baseline,"{""bandwidth"": 10.0, ""feature_count"": 9, ""implementation_mode"": ""descriptor_baseline"", ""kernel"": ""rbf_mmd"", ""method"": ""structural_statistics_mmd""}",edge,insertion,,5,8,8,13,19,1.1821166312434728,13.690484185906769,13.712076976121361,6.0,6.129848107154677,0.001862406003056094,0.00417327880859375,success,
barabasi_albert,"{""data_root"": """", ""dataset_name"": """", ""edge_probability"": 0.1, ""family"": ""barabasi_albert"", ""m"": 2, ""num_blocks"": 3, ""num_graphs"": 5, ""num_nodes"": 8, ""p_in"": 0.25, ""p_out"": 0.03, ""seed"": 1}",edge_insertion,"{""alpha"": 0.5, ""edges_added"": 30, ""edges_removed"": 0, ""graphs"": 5, ""graphs_skipped"": 0, ""graphs_success"": 5, ""label_source"": null, ""method"": ""edge_insertion"", ""perturbation_direction"": ""insertion"", ""perturbation_family"": ""edge"", ""rewires"": 0, ""triangles_affected"": 0}",0.5,1,wl_subtree_kernel_mmd,paper_faithful,"{""implementation_mode"": ""paper_faithful"", ""method"": ""wl_subtree_kernel_mmd"", ""wl_compression"": ""shared_canonical_dictionary_per_comparison"", ""wl_feature_construction"": ""subtree_histograms_across_iterations"", ""wl_iterations"": 3, ""wl_kernel_distance_mode"": ""linear_mmd"", ""wl_label_initialization"": ""node_label_or_degree"", ""wl_node_label_key"": ""node_labels""}",edge,insertion,,5,8,8,13,19,32.00000000000001,5.656854249492381,9.855100896763052,6.0,6.129848107154677,0.003983786009484902,0.05064868927001953,success,
barabasi_albert,"{""data_root"": """", ""dataset_name"": """", ""edge_probability"": 0.1, ""family"": ""barabasi_albert"", ""m"": 2, ""num_blocks"": 3, ""num_graphs"": 5, ""num_nodes"": 8, ""p_in"": 0.25, ""p_out"": 0.03, ""seed"": 1}",edge_insertion,"{""alpha"": 0.5, ""edges_added"": 30, ""edges_removed"": 0, ""graphs"": 5, ""graphs_skipped"": 0, ""graphs_success"": 5, ""label_source"": null, ""method"": ""edge_insertion"", ""perturbation_direction"": ""insertion"", ""perturbation_family"": ""edge"", ""rewires"": 0, ""triangles_affected"": 0}",0.5,1,native_netlsd,paper_faithful,"{""distribution_distance"": ""l2_between_mean_signatures"", ""eigenvalue_count"": ""all"", ""eigenvalue_mode"": ""full_spectrum"", ""heat_signature"": ""heat_trace"", ""implementation_mode"": ""paper_faithful"", ""laplacian_type"": ""normalized"", ""method"": ""native_netlsd"", ""netlsd_normalization"": ""empty"", ""netlsd_time_scale_count"": 250, ""netlsd_time_scale_max"": 100.0, ""netlsd_time_scale_min"": 0.01, ""netlsd_time_scale_schedule"": ""logspace""}",edge,insertion,,5,8,8,13,19,0.11348611096948656,0.11348611096948656,0.11407011679774888,6.0,6.129848107154677,0.043477144005009905,0.09210205078125,success,
barabasi_albert,"{""data_root"": """", ""dataset_name"": """", ""edge_probability"": 0.1, ""family"": ""barabasi_albert"", ""m"": 2, ""num_blocks"": 3, ""num_graphs"": 5, ""num_nodes"": 8, ""p_in"": 0.25, ""p_out"": 0.03, ""seed"": 1}",edge_insertion,"{""alpha"": 0.5, ""edges_added"": 30, ""edges_removed"": 0, ""graphs"": 5, ""graphs_skipped"": 0, ""graphs_success"": 5, ""label_source"": null, ""method"": ""edge_insertion"", ""perturbation_direction"": ""insertion"", ""perturbation_family"": ""edge"", ""rewires"": 0, ""triangles_affected"": 0}",0.5,1,diversity_curves_shortest_path,paper_faithful,"{""distance_metric"": ""shortest_path"", ""distribution_distance"": ""l2_between_mean_curves"", ""diversity_contraction_mode"": ""random_edge"", ""diversity_curve_definition"": ""shortest_path_spread"", ""diversity_repetitions"": 3, ""diversity_scale_count"": ""dataset_max_nodes"", ""diversity_scale_schedule"": ""all_integer_cardinalities"", ""diversity_upsampling_enabled"": true, ""implementation_mode"": ""paper_faithful"", ""method"": ""diversity_curves_shortest_path"", ""random_seed"": 0}",edge,insertion,,5,8,8,13,19,0.5984236361373028,0.5984236361373028,0.6089223023939104,6.0,6.129848107154677,0.10781774000497535,0.03431415557861328,success,
barabasi_albert,"{""data_root"": """", ""dataset_name"": """", ""edge_probability"": 0.1, ""family"": ""barabasi_albert"", ""m"": 2, ""num_blocks"": 3, ""num_graphs"": 5, ""num_nodes"": 8, ""p_in"": 0.25, ""p_out"": 0.03, ""seed"": 1}",edge_deletion,"{""alpha"": 1.0, ""edges_added"": 0, ""edges_removed"": 65, ""graphs"": 5, ""graphs_skipped"": 0, ""graphs_success"": 5, ""label_source"": null, ""method"": ""edge_deletion"", ""perturbation_direction"": ""deletion"", ""perturbation_family"": ""edge"", ""rewires"": 0, ""triangles_affected"": 0}",1.0,1,structural_statistics_mmd,descriptor_baseline,"{""bandwidth"": 10.0, ""feature_count"": 9, ""implementation_mode"": ""descriptor_baseline"", ""kernel"": ""rbf_mmd"", ""method"": ""structural_statistics_mmd""}",edge,deletion,,5,8,8,0,13,1.448981589679593,16.139114205361274,16.165122345028998,13.0,14.736824771910545,0.001595469017047435,0.00556182861328125,success,
barabasi_albert,"{""data_root"": """", ""dataset_name"": """", ""edge_probability"": 0.1, ""family"": ""barabasi_albert"", ""m"": 2, ""num_blocks"": 3, ""num_graphs"": 5, ""num_nodes"": 8, ""p_in"": 0.25, ""p_out"": 0.03, ""seed"": 1}",edge_deletion,"{""alpha"": 1.0, ""edges_added"": 0, ""edges_removed"": 65, ""graphs"": 5, ""graphs_skipped"": 0, ""graphs_success"": 5, ""label_source"": null, ""method"": ""edge_deletion"", ""perturbation_direction"": ""deletion"", ""perturbation_family"": ""edge"", ""rewires"": 0, ""triangles_affected"": 0}",1.0,1,wl_subtree_kernel_mmd,paper_faithful,"{""implementation_mode"": ""paper_faithful"", ""method"": ""wl_subtree_kernel_mmd"", ""wl_compression"": ""shared_canonical_dictionary_per_comparison"", ""wl_feature_construction"": ""subtree_histograms_across_iterations"", ""wl_iterations"": 3, ""wl_kernel_distance_mode"": ""linear_mmd"", ""wl_label_initialization"": ""node_label_or_degree"", ""wl_node_label_key"": ""node_labels""}",edge,deletion,,5,8,8,0,13,280.23999999999995,16.74037036627326,17.58014256844382,13.0,14.736824771910545,0.002294100006110966,0.028257369995117188,success,
barabasi_albert,"{""data_root"": """", ""dataset_name"": """", ""edge_probability"": 0.1, ""family"": ""barabasi_albert"", ""m"": 2, ""num_blocks"": 3, ""num_graphs"": 5, ""num_nodes"": 8, ""p_in"": 0.25, ""p_out"": 0.03, ""seed"": 1}",edge_deletion,"{""alpha"": 1.0, ""edges_added"": 0, ""edges_removed"": 65, ""graphs"": 5, ""graphs_skipped"": 0, ""graphs_success"": 5, ""label_source"": null, ""method"": ""edge_deletion"", ""perturbation_direction"": ""deletion"", ""perturbation_family"": ""edge"", ""rewires"": 0, ""triangles_affected"": 0}",1.0,1,native_netlsd,paper_faithful,"{""distribution_distance"": ""l2_between_mean_signatures"", ""eigenvalue_count"": ""all"", ""eigenvalue_mode"": ""full_spectrum"", ""heat_signature"": ""heat_trace"", ""implementation_mode"": ""paper_faithful"", ""laplacian_type"": ""normalized"", ""method"": ""native_netlsd"", ""netlsd_normalization"": ""empty"", ""netlsd_time_scale_count"": 250, ""netlsd_time_scale_max"": 100.0, ""netlsd_time_scale_min"": 0.01, ""netlsd_time_scale_schedule"": ""logspace""}",edge,deletion,,5,8,8,0,13,9.683968306752757,9.683968306752757,9.683988107919438,13.0,14.736824771910545,0.03630853700451553,0.09198760986328125,success,
barabasi_albert,"{""data_root"": """", ""dataset_name"": """", ""edge_probability"": 0.1, ""family"": ""barabasi_albert"", ""m"": 2, ""num_blocks"": 3, ""num_graphs"": 5, ""num_nodes"": 8, ""p_in"": 0.25, ""p_out"": 0.03, ""seed"": 1}",edge_deletion,"{""alpha"": 1.0, ""edges_added"": 0, ""edges_removed"": 65, ""graphs"": 5, ""graphs_skipped"": 0, ""graphs_success"": 5, ""label_source"": null, ""method"": ""edge_deletion"", ""perturbation_direction"": ""deletion"", ""perturbation_family"": ""edge"", ""rewires"": 0, ""triangles_affected"": 0}",1.0,1,diversity_curves_shortest_path,paper_faithful,"{""distance_metric"": ""shortest_path"", ""distribution_distance"": ""l2_between_mean_curves"", ""diversity_contraction_mode"": ""random_edge"", ""diversity_curve_definition"": ""shortest_path_spread"", ""diversity_repetitions"": 3, ""diversity_scale_count"": ""dataset_max_nodes"", ""diversity_scale_schedule"": ""all_integer_cardinalities"", ""diversity_upsampling_enabled"": true, ""implementation_mode"": ""paper_faithful"", ""method"": ""diversity_curves_shortest_path"", ""random_seed"": 0}",edge,deletion,,5,8,8,0,13,8.111907136647815,8.111907136647815,8.112767319131926,13.0,14.736824771910545,0.05309374598436989,0.0152435302734375,success,
barabasi_albert,"{""data_root"": """", ""dataset_name"": """", ""edge_probability"": 0.1, ""family"": ""barabasi_albert"", ""m"": 2, ""num_blocks"": 3, ""num_graphs"": 5, ""num_nodes"": 8, ""p_in"": 0.25, ""p_out"": 0.03, ""seed"": 1}",triangle_insertion,"{""alpha"": 0.0, ""edges_added"": 0, ""edges_removed"": 0, ""graphs"": 5, ""graphs_skipped"": 0, ""graphs_success"": 5, ""label_source"": null, ""method"": ""triangle_insertion"", ""perturbation_direction"": ""insertion"", ""perturbation_family"": ""triangle"", ""rewires"": 0, ""triangles_affected"": 0}",0.0,1,structural_statistics_mmd,descriptor_baseline,"{""bandwidth"": 10.0, ""feature_count"": 9, ""implementation_mode"": ""descriptor_baseline"", ""kernel"": ""rbf_mmd"", ""method"": ""structural_statistics_mmd""}",triangle,insertion,,5,8,8,13,13,0.0,0.0,0.0,0.0,0.0,0.002003077999688685,0.0052490234375,success,
barabasi_albert,"{""data_root"": """", ""dataset_name"": """", ""edge_probability"": 0.1, ""family"": ""barabasi_albert"", ""m"": 2, ""num_blocks"": 3, ""num_graphs"": 5, ""num_nodes"": 8, ""p_in"": 0.25, ""p_out"": 0.03, ""seed"": 1}",triangle_insertion,"{""alpha"": 0.0, ""edges_added"": 0, ""edges_removed"": 0, ""graphs"": 5, ""graphs_skipped"": 0, ""graphs_success"": 5, ""label_source"": null, ""method"": ""triangle_insertion"", ""perturbation_direction"": ""insertion"", ""perturbation_family"": ""triangle"", ""rewires"": 0, ""triangles_affected"": 0}",0.0,1,wl_subtree_kernel_mmd,paper_faithful,"{""implementation_mode"": ""paper_faithful"", ""method"": ""wl_subtree_kernel_mmd"", ""wl_compression"": ""shared_canonical_dictionary_per_comparison"", ""wl_feature_construction"": ""subtree_histograms_across_iterations"", ""wl_iterations"": 3, ""wl_kernel_distance_mode"": ""linear_mmd"", ""wl_label_initialization"": ""node_label_or_degree"", ""wl_node_label_key"": ""node_labels""}",triangle,insertion,,5,8,8,13,13,0.0,0.0,0.0,0.0,0.0,0.003783032007049769,0.05044364929199219,success,
barabasi_albert,"{""data_root"": """", ""dataset_name"": """", ""edge_probability"": 0.1, ""family"": ""barabasi_albert"", ""m"": 2, ""num_blocks"": 3, ""num_graphs"": 5, ""num_nodes"": 8, ""p_in"": 0.25, ""p_out"": 0.03, ""seed"": 1}",triangle_insertion,"{""alpha"": 0.0, ""edges_added"": 0, ""edges_removed"": 0, ""graphs"": 5, ""graphs_skipped"": 0, ""graphs_success"": 5, ""label_source"": null, ""method"": ""triangle_insertion"", ""perturbation_direction"": ""insertion"", ""perturbation_family"": ""triangle"", ""rewires"": 0, ""triangles_affected"": 0}",0.0,1,native_netlsd,paper_faithful,"{""distribution_distance"": ""l2_between_mean_signatures"", ""eigenvalue_count"": ""all"", ""eigenvalue_mode"": ""full_spectrum"", ""heat_signature"": ""heat_trace"", ""implementation_mode"": ""paper_faithful"", ""laplacian_type"": ""normalized"", ""method"": ""native_netlsd"", ""netlsd_normalization"": ""empty"", ""netlsd_time_scale_count"": 250, ""netlsd_time_scale_max"": 100.0, ""netlsd_time_scale_min"": 0.01, ""netlsd_time_scale_schedule"": ""logspace""}",triangle,insertion,,5,8,8,13,13,0.0,0.0,0.0,0.0,0.0,0.06802940697525628,0.09210205078125,success,
barabasi_albert,"{""data_root"": """", ""dataset_name"": """", ""edge_probability"": 0.1, ""family"": ""barabasi_albert"", ""m"": 2, ""num_blocks"": 3, ""num_graphs"": 5, ""num_nodes"": 8, ""p_in"": 0.25, ""p_out"": 0.03, ""seed"": 1}",triangle_insertion,"{""alpha"": 0.0, ""edges_added"": 0, ""edges_removed"": 0, ""graphs"": 5, ""graphs_skipped"": 0, ""graphs_success"": 5, ""label_source"": null, ""method"": ""triangle_insertion"", ""perturbation_direction"": ""insertion"", ""perturbation_family"": ""triangle"", ""rewires"": 0, ""triangles_affected"": 0}",0.0,1,diversity_curves_shortest_path,paper_faithful,"{""distance_metric"": ""shortest_path"", ""distribution_distance"": ""l2_between_mean_curves"", ""diversity_contraction_mode"": ""random_edge"", ""diversity_curve_definition"": ""shortest_path_spread"", ""diversity_repetitions"": 3, ""diversity_scale_count"": ""dataset_max_nodes"", ""diversity_scale_schedule"": ""all_integer_cardinalities"", ""diversity_upsampling_enabled"": true, ""implementation_mode"": ""paper_faithful"", ""method"": ""diversity_curves_shortest_path"", ""random_seed"": 0}",triangle,insertion,,5,8,8,13,13,0.0,0.0,0.0,0.0,0.0,0.08260478600277565,0.015533447265625,success,
barabasi_albert,"{""data_root"": """", ""dataset_name"": """", ""edge_probability"": 0.1, ""family"": ""barabasi_albert"", ""m"": 2, ""num_blocks"": 3, ""num_graphs"": 5, ""num_nodes"": 8, ""p_in"": 0.25, ""p_out"": 0.03, ""seed"": 1}",edge_deletion,"{""alpha"": 0.0, ""edges_added"": 0, ""edges_removed"": 0, ""graphs"": 5, ""graphs_skipped"": 0, ""graphs_success"": 5, ""label_source"": null, ""method"": ""edge_deletion"", ""perturbation_direction"": ""deletion"", ""perturbation_family"": ""edge"", ""rewires"": 0, ""triangles_affected"": 0}",0.0,1,structural_statistics_mmd,descriptor_baseline,"{""bandwidth"": 10.0, ""feature_count"": 9, ""implementation_mode"": ""descriptor_baseline"", ""kernel"": ""rbf_mmd"", ""method"": ""structural_statistics_mmd""}",edge,deletion,,5,8,8,13,13,0.0,0.0,0.0,0.0,0.0,0.0014278780145104975,0.0052490234375,success,
barabasi_albert,"{""data_root"": """", ""dataset_name"": """", ""edge_probability"": 0.1, ""family"": ""barabasi_albert"", ""m"": 2, ""num_blocks"": 3, ""num_graphs"": 5, ""num_nodes"": 8, ""p_in"": 0.25, ""p_out"": 0.03, ""seed"": 1}",edge_deletion,"{""alpha"": 0.0, ""edges_added"": 0, ""edges_removed"": 0, ""graphs"": 5, ""graphs_skipped"": 0, ""graphs_success"": 5, ""label_source"": null, ""method"": ""edge_deletion"", ""perturbation_direction"": ""deletion"", ""perturbation_family"": ""edge"", ""rewires"": 0, ""triangles_affected"": 0}",0.0,1,wl_subtree_kernel_mmd,paper_faithful,"{""implementation_mode"": ""paper_faithful"", ""method"": ""wl_subtree_kernel_mmd"", ""wl_compression"": ""shared_canonical_dictionary_per_comparison"", ""wl_feature_construction"": ""subtree_histograms_across_iterations"", ""wl_iterations"": 3, ""wl_kernel_distance_mode"": ""linear_mmd"", ""wl_label_initialization"": ""node_label_or_degree"", ""wl_node_label_key"": ""node_labels""}",edge,deletion,,5,8,8,13,13,0.0,0.0,0.0,0.0,0.0,0.0024045860045589507,0.05044364929199219,success,
barabasi_albert,"{""data_root"": """", ""dataset_name"": """", ""edge_probability"": 0.1, ""family"": ""barabasi_albert"", ""m"": 2, ""num_blocks"": 3, ""num_graphs"": 5, ""num_nodes"": 8, ""p_in"": 0.25, ""p_out"": 0.03, ""seed"": 1}",edge_deletion,"{""alpha"": 0.0, ""edges_added"": 0, ""edges_removed"": 0, ""graphs"": 5, ""graphs_skipped"": 0, ""graphs_success"": 5, ""label_source"": null, ""method"": ""edge_deletion"", ""perturbation_direction"": ""deletion"", ""perturbation_family"": ""edge"", ""rewires"": 0, ""triangles_affected"": 0}",0.0,1,native_netlsd,paper_faithful,"{""distribution_distance"": ""l2_between_mean_signatures"", ""eigenvalue_count"": ""all"", ""eigenvalue_mode"": ""full_spectrum"", ""heat_signature"": ""heat_trace"", ""implementation_mode"": ""paper_faithful"", ""laplacian_type"": ""normalized"", ""method"": ""native_netlsd"", ""netlsd_normalization"": ""empty"", ""netlsd_time_scale_count"": 250, ""netlsd_time_scale_max"": 100.0, ""netlsd_time_scale_min"": 0.01, ""netlsd_time_scale_schedule"": ""logspace""}",edge,deletion,,5,8,8,13,13,0.0,0.0,0.0,0.0,0.0,0.06290588199044578,0.09210205078125,success,
barabasi_albert,"{""data_root"": """", ""dataset_name"": """", ""edge_probability"": 0.1, ""family"": ""barabasi_albert"", ""m"": 2, ""num_blocks"": 3, ""num_graphs"": 5, ""num_nodes"": 8, ""p_in"": 0.25, ""p_out"": 0.03, ""seed"": 1}",edge_deletion,"{""alpha"": 0.0, ""edges_added"": 0, ""edges_removed"": 0, ""graphs"": 5, ""graphs_skipped"": 0, ""graphs_success"": 5, ""label_source"": null, ""method"": ""edge_deletion"", ""perturbation_direction"": ""deletion"", ""perturbation_family"": ""edge"", ""rewires"": 0, ""triangles_affected"": 0}",0.0,1,diversity_curves_shortest_path,paper_faithful,"{""distance_metric"": ""shortest_path"", ""distribution_distance"": ""l2_between_mean_curves"", ""diversity_contraction_mode"": ""random_edge"", ""diversity_curve_definition"": ""shortest_path_spread"", ""diversity_repetitions"": 3, ""diversity_scale_count"": ""dataset_max_nodes"", ""diversity_scale_schedule"": ""all_integer_cardinalities"", ""diversity_upsampling_enabled"": true, ""implementation_mode"": ""paper_faithful"", ""method"": ""diversity_curves_shortest_path"", ""random_seed"": 0}",edge,deletion,,5,8,8,13,13,0.0,0.0,0.0,0.0,0.0,0.08878838398959488,0.016021728515625,success,
barabasi_albert,"{""data_root"": """", ""dataset_name"": """", ""edge_probability"": 0.1, ""family"": ""barabasi_albert"", ""m"": 2, ""num_blocks"": 3, ""num_graphs"": 5, ""num_nodes"": 8, ""p_in"": 0.25, ""p_out"": 0.03, ""seed"": 1}",edge_insertion,"{""alpha"": 1.0, ""edges_added"": 65, ""edges_removed"": 0, ""graphs"": 5, ""graphs_skipped"": 0, ""graphs_success"": 5, ""label_source"": null, ""method"": ""edge_insertion"", ""perturbation_direction"": ""insertion"", ""perturbation_family"": ""edge"", ""rewires"": 0, ""triangles_affected"": 0}",1.0,1,structural_statistics_mmd,descriptor_baseline,"{""bandwidth"": 10.0, ""feature_count"": 9, ""implementation_mode"": ""descriptor_baseline"", ""kernel"": ""rbf_mmd"", ""method"": ""structural_statistics_mmd""}",edge,insertion,,5,8,8,13,26,1.9879432169921774,41.655821296930306,41.66174723897315,13.0,13.277704935251796,0.002800832997309044,0.00417327880859375,success,
barabasi_albert,"{""data_root"": """", ""dataset_name"": """", ""edge_probability"": 0.1, ""family"": ""barabasi_albert"", ""m"": 2, ""num_blocks"": 3, ""num_graphs"": 5, ""num_nodes"": 8, ""p_in"": 0.25, ""p_out"": 0.03, ""seed"": 1}",edge_insertion,"{""alpha"": 1.0, ""edges_added"": 65, ""edges_removed"": 0, ""graphs"": 5, ""graphs_skipped"": 0, ""graphs_success"": 5, ""label_source"": null, ""method"": ""edge_insertion"", ""perturbation_direction"": ""insertion"", ""perturbation_family"": ""edge"", ""rewires"": 0, ""triangles_affected"": 0}",1.0,1,wl_subtree_kernel_mmd,paper_faithful,"{""implementation_mode"": ""paper_faithful"", ""method"": ""wl_subtree_kernel_mmd"", ""wl_compression"": ""shared_canonical_dictionary_per_comparison"", ""wl_feature_construction"": ""subtree_histograms_across_iterations"", ""wl_iterations"": 3, ""wl_kernel_distance_mode"": ""linear_mmd"", ""wl_label_initialization"": ""node_label_or_degree"", ""wl_node_label_key"": ""node_labels""}",edge,insertion,,5,8,8,13,26,94.56,9.724196624914574,12.954424621003088,13.0,13.277704935251796,0.00259103300049901,0.03514289855957031,success,
barabasi_albert,"{""data_root"": """", ""dataset_name"": """", ""edge_probability"": 0.1, ""family"": ""barabasi_albert"", ""m"": 2, ""num_blocks"": 3, ""num_graphs"": 5, ""num_nodes"": 8, ""p_in"": 0.25, ""p_out"": 0.03, ""seed"": 1}",edge_insertion,"{""alpha"": 1.0, ""edges_added"": 65, ""edges_removed"": 0, ""graphs"": 5, ""graphs_skipped"": 0, ""graphs_success"": 5, ""label_source"": null, ""method"": ""edge_insertion"", ""perturbation_direction"": ""insertion"", ""perturbation_family"": ""edge"", ""rewires"": 0, ""triangles_affected"": 0}",1.0,1,native_netlsd,paper_faithful,"{""distribution_distance"": ""l2_between_mean_signatures"", ""eigenvalue_count"": ""all"", ""eigenvalue_mode"": ""full_spectrum"", ""heat_signature"": ""heat_trace"", ""implementation_mode"": ""paper_faithful"", ""laplacian_type"": ""normalized"", ""method"": ""native_netlsd"", ""netlsd_normalization"": ""empty"", ""netlsd_time_scale_count"": 250, ""netlsd_time_scale_max"": 100.0, ""netlsd_time_scale_min"": 0.01, ""netlsd_time_scale_schedule"": ""logspace""}",edge,insertion,,5,8,8,13,26,0.18260829493390704,0.18260829493390704,0.18282014621485057,13.0,13.277704935251796,0.05783805300598033,0.09210205078125,success,
barabasi_albert,"{""data_root"": """", ""dataset_name"": """", ""edge_probability"": 0.1, ""family"": ""barabasi_albert"", ""m"": 2, ""num_blocks"": 3, ""num_graphs"": 5, ""num_nodes"": 8, ""p_in"": 0.25, ""p_out"": 0.03, ""seed"": 1}",edge_insertion,"{""alpha"": 1.0, ""edges_added"": 65, ""edges_removed"": 0, ""graphs"": 5, ""graphs_skipped"": 0, ""graphs_success"": 5, ""label_source"": null, ""method"": ""edge_insertion"", ""perturbation_direction"": ""insertion"", ""perturbation_family"": ""edge"", ""rewires"": 0, ""triangles_affected"": 0}",1.0,1,diversity_curves_shortest_path,paper_faithful,"{""distance_metric"": ""shortest_path"", ""distribution_distance"": ""l2_between_mean_curves"", ""diversity_contraction_mode"": ""random_edge"", ""diversity_curve_definition"": ""shortest_path_spread"", ""diversity_repetitions"": 3, ""diversity_scale_count"": ""dataset_max_nodes"", ""diversity_scale_schedule"": ""all_integer_cardinalities"", ""diversity_upsampling_enabled"": true, ""implementation_mode"": ""paper_faithful"", ""method"": ""diversity_curves_shortest_path"", ""random_seed"": 0}",edge,insertion,,5,8,8,13,26,1.1022646386433288,1.1022646386433288,1.110441405130247,13.0,13.277704935251796,0.1469479469815269,0.05827808380126953,success,
barabasi_albert,"{""data_root"": """", ""dataset_name"": """", ""edge_probability"": 0.1, ""family"": ""barabasi_albert"", ""m"": 2, ""num_blocks"": 3, ""num_graphs"": 5, ""num_nodes"": 8, ""p_in"": 0.25, ""p_out"": 0.03, ""seed"": 1}",triangle_insertion,"{""alpha"": 0.5, ""edges_added"": 30, ""edges_removed"": 0, ""graphs"": 5, ""graphs_skipped"": 0, ""graphs_success"": 5, ""label_source"": null, ""method"": ""triangle_insertion"", ""perturbation_direction"": ""insertion"", ""perturbation_family"": ""triangle"", ""rewires"": 0, ""triangles_affected"": 30}",0.5,1,structural_statistics_mmd,descriptor_baseline,"{""bandwidth"": 10.0, ""feature_count"": 9, ""implementation_mode"": ""descriptor_baseline"", ""kernel"": ""rbf_mmd"", ""method"": ""structural_statistics_mmd""}",triangle,insertion,,5,8,8,13,19,1.2480132591661215,14.228419362428589,14.239013166994258,6.0,6.135569669194049,0.0024110369849950075,0.00417327880859375,success,
barabasi_albert,"{""data_root"": """", ""dataset_name"": """", ""edge_probability"": 0.1, ""family"": ""barabasi_albert"", ""m"": 2, ""num_blocks"": 3, ""num_graphs"": 5, ""num_nodes"": 8, ""p_in"": 0.25, ""p_out"": 0.03, ""seed"": 1}",triangle_insertion,"{""alpha"": 0.5, ""edges_added"": 30, ""edges_removed"": 0, ""graphs"": 5, ""graphs_skipped"": 0, ""graphs_success"": 5, ""label_source"": null, ""method"": ""triangle_insertion"", ""perturbation_direction"": ""insertion"", ""perturbation_family"": ""triangle"", ""rewires"": 0, ""triangles_affected"": 30}",0.5,1,wl_subtree_kernel_mmd,paper_faithful,"{""implementation_mode"": ""paper_faithful"", ""method"": ""wl_subtree_kernel_mmd"", ""wl_compression"": ""shared_canonical_dictionary_per_comparison"", ""wl_feature_construction"": ""subtree_histograms_across_iterations"", ""wl_iterations"": 3, ""wl_kernel_distance_mode"": ""linear_mmd"", ""wl_label_initialization"": ""node_label_or_degree"", ""wl_node_label_key"": ""node_labels""}",triangle,insertion,,5,8,8,13,19,29.04,5.388877434122992,9.398793318664014,6.0,6.135569669194049,0.004420001991093159,0.05353260040283203,success,
barabasi_albert,"{""data_root"": """", ""dataset_name"": """", ""edge_probability"": 0.1, ""family"": ""barabasi_albert"", ""m"": 2, ""num_blocks"": 3, ""num_graphs"": 5, ""num_nodes"": 8, ""p_in"": 0.25, ""p_out"": 0.03, ""seed"": 1}",triangle_insertion,"{""alpha"": 0.5, ""edges_added"": 30, ""edges_removed"": 0, ""graphs"": 5, ""graphs_skipped"": 0, ""graphs_success"": 5, ""label_source"": null, ""method"": ""triangle_insertion"", ""perturbation_direction"": ""insertion"", ""perturbation_family"": ""triangle"", ""rewires"": 0, ""triangles_affected"": 30}",0.5,1,native_netlsd,paper_faithful,"{""distribution_distance"": ""l2_between_mean_signatures"", ""eigenvalue_count"": ""all"", ""eigenvalue_mode"": ""full_spectrum"", ""heat_signature"": ""heat_trace"", ""implementation_mode"": ""paper_faithful"", ""laplacian_type"": ""normalized"", ""method"": ""native_netlsd"", ""netlsd_normalization"": ""empty"", ""netlsd_time_scale_count"": 250, ""netlsd_time_scale_max"": 100.0, ""netlsd_time_scale_min"": 0.01, ""netlsd_time_scale_schedule"": ""logspace""}",triangle,insertion,,5,8,8,13,19,0.10915062665154045,0.10915062665154045,0.10968253297205637,6.0,6.135569669194049,0.06323209800757468,0.09210205078125,success,
barabasi_albert,"{""data_root"": """", ""dataset_name"": """", ""edge_probability"": 0.1, ""family"": ""barabasi_albert"", ""m"": 2, ""num_blocks"": 3, ""num_graphs"": 5, ""num_nodes"": 8, ""p_in"": 0.25, ""p_out"": 0.03, ""seed"": 1}",triangle_insertion,"{""alpha"": 0.5, ""edges_added"": 30, ""edges_removed"": 0, ""graphs"": 5, ""graphs_skipped"": 0, ""graphs_success"": 5, ""label_source"": null, ""method"": ""triangle_insertion"", ""perturbation_direction"": ""insertion"", ""perturbation_family"": ""triangle"", ""rewires"": 0, ""triangles_affected"": 30}",0.5,1,diversity_curves_shortest_path,paper_faithful,"{""distance_metric"": ""shortest_path"", ""distribution_distance"": ""l2_between_mean_curves"", ""diversity_contraction_mode"": ""random_edge"", ""diversity_curve_definition"": ""shortest_path_spread"", ""diversity_repetitions"": 3, ""diversity_scale_count"": ""dataset_max_nodes"", ""diversity_scale_schedule"": ""all_integer_cardinalities"", ""diversity_upsampling_enabled"": true, ""implementation_mode"": ""paper_faithful"", ""method"": ""diversity_curves_shortest_path"", ""random_seed"": 0}",triangle,insertion,,5,8,8,13,19,0.5657024703795667,0.5657024703795667,0.5775576150526449,6.0,6.135569669194049,0.11253041299642064,0.04545402526855469,success,
barabasi_albert,"{""data_root"": """", ""dataset_name"": """", ""edge_probability"": 0.1, ""family"": ""barabasi_albert"", ""m"": 2, ""num_blocks"": 3, ""num_graphs"": 5, ""num_nodes"": 8, ""p_in"": 0.25, ""p_out"": 0.03, ""seed"": 1}",triangle_deletion,"{""alpha"": 1.0, ""edges_added"": 0, ""edges_removed"": 57, ""graphs"": 5, ""graphs_skipped"": 0, ""graphs_success"": 5, ""label_source"": null, ""method"": ""triangle_deletion"", ""perturbation_direction"": ""deletion"", ""perturbation_family"": ""triangle"", ""rewires"": 0, ""triangles_affected"": 57}",1.0,1,structural_statistics_mmd,descriptor_baseline,"{""bandwidth"": 10.0, ""feature_count"": 9, ""implementation_mode"": ""descriptor_baseline"", ""kernel"": ""rbf_mmd"", ""method"": ""structural_statistics_mmd""}",triangle,deletion,,5,8,8,0,13,1.1972712604920797,14.06404854283882,14.097839605113558,11.4,13.07049901486918,0.0013059109915047884,0.00533294677734375,success,
barabasi_albert,"{""data_root"": """", ""dataset_name"": """", ""edge_probability"": 0.1, ""family"": ""barabasi_albert"", ""m"": 2, ""num_blocks"": 3, ""num_graphs"": 5, ""num_nodes"": 8, ""p_in"": 0.25, ""p_out"": 0.03, ""seed"": 1}",triangle_deletion,"{""alpha"": 1.0, ""edges_added"": 0, ""edges_removed"": 57, ""graphs"": 5, ""graphs_skipped"": 0, ""graphs_success"": 5, ""label_source"": null, ""method"": ""triangle_deletion"", ""perturbation_direction"": ""deletion"", ""perturbation_family"": ""triangle"", ""rewires"": 0, ""triangles_affected"": 57}",1.0,1,wl_subtree_kernel_mmd,paper_faithful,"{""implementation_mode"": ""paper_faithful"", ""method"": ""wl_subtree_kernel_mmd"", ""wl_compression"": ""shared_canonical_dictionary_per_comparison"", ""wl_feature_construction"": ""subtree_histograms_across_iterations"", ""wl_iterations"": 3, ""wl_kernel_distance_mode"": ""linear_mmd"", ""wl_label_initialization"": ""node_label_or_degree"", ""wl_node_label_key"": ""node_labels""}",triangle,deletion,,5,8,8,0,13,158.56,12.592060990957755,14.28747771775466,11.4,13.07049901486918,0.002251389989396557,0.03191661834716797,success,
barabasi_albert,"{""data_root"": """", ""dataset_name"": """", ""edge_probability"": 0.1, ""family"": ""barabasi_albert"", ""m"": 2, ""num_blocks"": 3, ""num_graphs"": 5, ""num_nodes"": 8, ""p_in"": 0.25, ""p_out"": 0.03, ""seed"": 1}",triangle_deletion,"{""alpha"": 1.0, ""edges_added"": 0, ""edges_removed"": 57, ""graphs"": 5, ""graphs_skipped"": 0, ""graphs_success"": 5, ""label_source"": null, ""method"": ""triangle_deletion"", ""perturbation_direction"": ""deletion"", ""perturbation_family"": ""triangle"", ""rewires"": 0, ""triangles_affected"": 57}",1.0,1,native_netlsd,paper_faithful,"{""distribution_distance"": ""l2_between_mean_signatures"", ""eigenvalue_count"": ""all"", ""eigenvalue_mode"": ""full_spectrum"", ""heat_signature"": ""heat_trace"", ""implementation_mode"": ""paper_faithful"", ""laplacian_type"": ""normalized"", ""method"": ""native_netlsd"", ""netlsd_normalization"": ""empty"", ""netlsd_time_scale_count"": 250, ""netlsd_time_scale_max"": 100.0, ""netlsd_time_scale_min"": 0.01, ""netlsd_time_scale_schedule"": ""logspace""}",triangle,deletion,,5,8,8,0,13,7.456153149823819,7.456153149823819,7.4569755857323035,11.4,13.07049901486918,0.039332423999439925,0.09198760986328125,success,
barabasi_albert,"{""data_root"": """", ""dataset_name"": """", ""edge_probability"": 0.1, ""family"": ""barabasi_albert"", ""m"": 2, ""num_blocks"": 3, ""num_graphs"": 5, ""num_nodes"": 8, ""p_in"": 0.25, ""p_out"": 0.03, ""seed"": 1}",triangle_deletion,"{""alpha"": 1.0, ""edges_added"": 0, ""edges_removed"": 57, ""graphs"": 5, ""graphs_skipped"": 0, ""graphs_success"": 5, ""label_source"": null, ""method"": ""triangle_deletion"", ""perturbation_direction"": ""deletion"", ""perturbation_family"": ""triangle"", ""rewires"": 0, ""triangles_affected"": 57}",1.0,1,diversity_curves_shortest_path,paper_faithful,"{""distance_metric"": ""shortest_path"", ""distribution_distance"": ""l2_between_mean_curves"", ""diversity_contraction_mode"": ""random_edge"", ""diversity_curve_definition"": ""shortest_path_spread"", ""diversity_repetitions"": 3, ""diversity_scale_count"": ""dataset_max_nodes"", ""diversity_scale_schedule"": ""all_integer_cardinalities"", ""diversity_upsampling_enabled"": true, ""implementation_mode"": ""paper_faithful"", ""method"": ""diversity_curves_shortest_path"", ""random_seed"": 0}",triangle,deletion,,5,8,8,0,13,7.186702548100913,7.186702548100913,7.214330877146243,11.4,13.07049901486918,0.05247135800891556,0.014609336853027344,success,
barabasi_albert,"{""data_root"": """", ""dataset_name"": """", ""edge_probability"": 0.1, ""family"": ""barabasi_albert"", ""m"": 2, ""num_blocks"": 3, ""num_graphs"": 5, ""num_nodes"": 8, ""p_in"": 0.25, ""p_out"": 0.03, ""seed"": 1}",triangle_deletion,"{""alpha"": 0.5, ""edges_added"": 0, ""edges_removed"": 30, ""graphs"": 5, ""graphs_skipped"": 0, ""graphs_success"": 5, ""label_source"": null, ""method"": ""triangle_deletion"", ""perturbation_direction"": ""deletion"", ""perturbation_family"": ""triangle"", ""rewires"": 0, ""triangles_affected"": 30}",0.5,1,structural_statistics_mmd,descriptor_baseline,"{""bandwidth"": 10.0, ""feature_count"": 9, ""implementation_mode"": ""descriptor_baseline"", ""kernel"": ""rbf_mmd"", ""method"": ""structural_statistics_mmd""}",triangle,deletion,,5,8,8,7,13,0.5418038228236135,7.998588884894921,8.033026770058559,6.0,7.251698318513578,0.0019169780134689063,0.00473785400390625,success,
barabasi_albert,"{""data_root"": """", ""dataset_name"": """", ""edge_probability"": 0.1, ""family"": ""barabasi_albert"", ""m"": 2, ""num_blocks"": 3, ""num_graphs"": 5, ""num_nodes"": 8, ""p_in"": 0.25, ""p_out"": 0.03, ""seed"": 1}",triangle_deletion,"{""alpha"": 0.5, ""edges_added"": 0, ""edges_removed"": 30, ""graphs"": 5, ""graphs_skipped"": 0, ""graphs_success"": 5, ""label_source"": null, ""method"": ""triangle_deletion"", ""perturbation_direction"": ""deletion"", ""perturbation_family"": ""triangle"", ""rewires"": 0, ""triangles_affected"": 30}",0.5,1,wl_subtree_kernel_mmd,paper_faithful,"{""implementation_mode"": ""paper_faithful"", ""method"": ""wl_subtree_kernel_mmd"", ""wl_compression"": ""shared_canonical_dictionary_per_comparison"", ""wl_feature_construction"": ""subtree_histograms_across_iterations"", ""wl_iterations"": 3, ""wl_kernel_distance_mode"": ""linear_mmd"", ""wl_label_initialization"": ""node_label_or_degree"", ""wl_node_label_key"": ""node_labels""}",triangle,deletion,,5,8,8,7,13,31.520000000000007,5.6142675390472805,9.945188036934933,6.0,7.251698318513578,0.004348223010310903,0.04709053039550781,success,
barabasi_albert,"{""data_root"": """", ""dataset_name"": """", ""edge_probability"": 0.1, ""family"": ""barabasi_albert"", ""m"": 2, ""num_blocks"": 3, ""num_graphs"": 5, ""num_nodes"": 8, ""p_in"": 0.25, ""p_out"": 0.03, ""seed"": 1}",triangle_deletion,"{""alpha"": 0.5, ""edges_added"": 0, ""edges_removed"": 30, ""graphs"": 5, ""graphs_skipped"": 0, ""graphs_success"": 5, ""label_source"": null, ""method"": ""triangle_deletion"", ""perturbation_direction"": ""deletion"", ""perturbation_family"": ""triangle"", ""rewires"": 0, ""triangles_affected"": 30}",0.5,1,native_netlsd,paper_faithful,"{""distribution_distance"": ""l2_between_mean_signatures"", ""eigenvalue_count"": ""all"", ""eigenvalue_mode"": ""full_spectrum"", ""heat_signature"": ""heat_trace"", ""implementation_mode"": ""paper_faithful"", ""laplacian_type"": ""normalized"", ""method"": ""native_netlsd"", ""netlsd_normalization"": ""empty"", ""netlsd_time_scale_count"": 250, ""netlsd_time_scale_max"": 100.0, ""netlsd_time_scale_min"": 0.01, ""netlsd_time_scale_schedule"": ""logspace""}",triangle,deletion,,5,8,8,7,13,1.2201723790863366,1.2201723790863366,1.2541679270351365,6.0,7.251698318513578,0.049653389025479555,0.09210205078125,success,
barabasi_albert,"{""data_root"": """", ""dataset_name"": """", ""edge_probability"": 0.1, ""family"": ""barabasi_albert"", ""m"": 2, ""num_blocks"": 3, ""num_graphs"": 5, ""num_nodes"": 8, ""p_in"": 0.25, ""p_out"": 0.03, ""seed"": 1}",triangle_deletion,"{""alpha"": 0.5, ""edges_added"": 0, ""edges_removed"": 30, ""graphs"": 5, ""graphs_skipped"": 0, ""graphs_success"": 5, ""label_source"": null, ""method"": ""triangle_deletion"", ""perturbation_direction"": ""deletion"", ""perturbation_family"": ""triangle"", ""rewires"": 0, ""triangles_affected"": 30}",0.5,1,diversity_curves_shortest_path,paper_faithful,"{""distance_metric"": ""shortest_path"", ""distribution_distance"": ""l2_between_mean_curves"", ""diversity_contraction_mode"": ""random_edge"", ""diversity_curve_definition"": ""shortest_path_spread"", ""diversity_repetitions"": 3, ""diversity_scale_count"": ""dataset_max_nodes"", ""diversity_scale_schedule"": ""all_integer_cardinalities"", ""diversity_upsampling_enabled"": true, ""implementation_mode"": ""paper_faithful"", ""method"": ""diversity_curves_shortest_path"", ""random_seed"": 0}",triangle,deletion,,5,8,8,7,13,2.3796492261032447,2.3796492261032447,2.403744744847869,6.0,7.251698318513578,0.06863843600149266,0.014680862426757812,success,
barabasi_albert,"{""data_root"": """", ""dataset_name"": """", ""edge_probability"": 0.1, ""family"": ""barabasi_albert"", ""m"": 2, ""num_blocks"": 3, ""num_graphs"": 5, ""num_nodes"": 8, ""p_in"": 0.25, ""p_out"": 0.03, ""seed"": 1}",triangle_deletion,"{""alpha"": 0.0, ""edges_added"": 0, ""edges_removed"": 0, ""graphs"": 5, ""graphs_skipped"": 0, ""graphs_success"": 5, ""label_source"": null, ""method"": ""triangle_deletion"", ""perturbation_direction"": ""deletion"", ""perturbation_family"": ""triangle"", ""rewires"": 0, ""triangles_affected"": 0}",0.0,1,structural_statistics_mmd,descriptor_baseline,"{""bandwidth"": 10.0, ""feature_count"": 9, ""implementation_mode"": ""descriptor_baseline"", ""kernel"": ""rbf_mmd"", ""method"": ""structural_statistics_mmd""}",triangle,deletion,,5,8,8,13,13,0.0,0.0,0.0,0.0,0.0,0.0014462870021816343,0.0052490234375,success,
barabasi_albert,"{""data_root"": """", ""dataset_name"": """", ""edge_probability"": 0.1, ""family"": ""barabasi_albert"", ""m"": 2, ""num_blocks"": 3, ""num_graphs"": 5, ""num_nodes"": 8, ""p_in"": 0.25, ""p_out"": 0.03, ""seed"": 1}",triangle_deletion,"{""alpha"": 0.0, ""edges_added"": 0, ""edges_removed"": 0, ""graphs"": 5, ""graphs_skipped"": 0, ""graphs_success"": 5, ""label_source"": null, ""method"": ""triangle_deletion"", ""perturbation_direction"": ""deletion"", ""perturbation_family"": ""triangle"", ""rewires"": 0, ""triangles_affected"": 0}",0.0,1,wl_subtree_kernel_mmd,paper_faithful,"{""implementation_mode"": ""paper_faithful"", ""method"": ""wl_subtree_kernel_mmd"", ""wl_compression"": ""shared_canonical_dictionary_per_comparison"", ""wl_feature_construction"": ""subtree_histograms_across_iterations"", ""wl_iterations"": 3, ""wl_kernel_distance_mode"": ""linear_mmd"", ""wl_label_initialization"": ""node_label_or_degree"", ""wl_node_label_key"": ""node_labels""}",triangle,deletion,,5,8,8,13,13,0.0,0.0,0.0,0.0,0.0,0.0022630220046266913,0.05044364929199219,success,
barabasi_albert,"{""data_root"": """", ""dataset_name"": """", ""edge_probability"": 0.1, ""family"": ""barabasi_albert"", ""m"": 2, ""num_blocks"": 3, ""num_graphs"": 5, ""num_nodes"": 8, ""p_in"": 0.25, ""p_out"": 0.03, ""seed"": 1}",triangle_deletion,"{""alpha"": 0.0, ""edges_added"": 0, ""edges_removed"": 0, ""graphs"": 5, ""graphs_skipped"": 0, ""graphs_success"": 5, ""label_source"": null, ""method"": ""triangle_deletion"", ""perturbation_direction"": ""deletion"", ""perturbation_family"": ""triangle"", ""rewires"": 0, ""triangles_affected"": 0}",0.0,1,native_netlsd,paper_faithful,"{""distribution_distance"": ""l2_between_mean_signatures"", ""eigenvalue_count"": ""all"", ""eigenvalue_mode"": ""full_spectrum"", ""heat_signature"": ""heat_trace"", ""implementation_mode"": ""paper_faithful"", ""laplacian_type"": ""normalized"", ""method"": ""native_netlsd"", ""netlsd_normalization"": ""empty"", ""netlsd_time_scale_count"": 250, ""netlsd_time_scale_max"": 100.0, ""netlsd_time_scale_min"": 0.01, ""netlsd_time_scale_schedule"": ""logspace""}",triangle,deletion,,5,8,8,13,13,0.0,0.0,0.0,0.0,0.0,0.0687736620020587,0.09210205078125,success,
barabasi_albert,"{""data_root"": """", ""dataset_name"": """", ""edge_probability"": 0.1, ""family"": ""barabasi_albert"", ""m"": 2, ""num_blocks"": 3, ""num_graphs"": 5, ""num_nodes"": 8, ""p_in"": 0.25, ""p_out"": 0.03, ""seed"": 1}",triangle_deletion,"{""alpha"": 0.0, ""edges_added"": 0, ""edges_removed"": 0, ""graphs"": 5, ""graphs_skipped"": 0, ""graphs_success"": 5, ""label_source"": null, ""method"": ""triangle_deletion"", ""perturbation_direction"": ""deletion"", ""perturbation_family"": ""triangle"", ""rewires"": 0, ""triangles_affected"": 0}",0.0,1,diversity_curves_shortest_path,paper_faithful,"{""distance_metric"": ""shortest_path"", ""distribution_distance"": ""l2_between_mean_curves"", ""diversity_contraction_mode"": ""random_edge"", ""diversity_curve_definition"": ""shortest_path_spread"", ""diversity_repetitions"": 3, ""diversity_scale_count"": ""dataset_max_nodes"", ""diversity_scale_schedule"": ""all_integer_cardinalities"", ""diversity_upsampling_enabled"": true, ""implementation_mode"": ""paper_faithful"", ""method"": ""diversity_curves_shortest_path"", ""random_seed"": 0}",triangle,deletion,,5,8,8,13,13,0.0,0.0,0.0,0.0,0.0,0.09260478301439434,0.015533447265625,success,
barabasi_albert,"{""data_root"": """", ""dataset_name"": """", ""edge_probability"": 0.1, ""family"": ""barabasi_albert"", ""m"": 2, ""num_blocks"": 3, ""num_graphs"": 5, ""num_nodes"": 8, ""p_in"": 0.25, ""p_out"": 0.03, ""seed"": 1}",community_weakening,"{""alpha"": 0.0, ""edges_added"": 0, ""edges_removed"": 0, ""graphs"": 5, ""graphs_skipped"": 0, ""graphs_success"": 5, ""label_source"": ""detected"", ""method"": ""community_weakening"", ""perturbation_direction"": ""weakening"", ""perturbation_family"": ""community"", ""rewires"": 0, ""triangles_affected"": 0}",0.0,1,structural_statistics_mmd,descriptor_baseline,"{""bandwidth"": 10.0, ""feature_count"": 9, ""implementation_mode"": ""descriptor_baseline"", ""kernel"": ""rbf_mmd"", ""method"": ""structural_statistics_mmd""}",community,weakening,detected,5,8,8,13,13,0.0,0.0,0.0,0.0,0.0,0.0014530149928759784,0.0052490234375,success,
barabasi_albert,"{""data_root"": """", ""dataset_name"": """", ""edge_probability"": 0.1, ""family"": ""barabasi_albert"", ""m"": 2, ""num_blocks"": 3, ""num_graphs"": 5, ""num_nodes"": 8, ""p_in"": 0.25, ""p_out"": 0.03, ""seed"": 1}",community_weakening,"{""alpha"": 0.0, ""edges_added"": 0, ""edges_removed"": 0, ""graphs"": 5, ""graphs_skipped"": 0, ""graphs_success"": 5, ""label_source"": ""detected"", ""method"": ""community_weakening"", ""perturbation_direction"": ""weakening"", ""perturbation_family"": ""community"", ""rewires"": 0, ""triangles_affected"": 0}",0.0,1,wl_subtree_kernel_mmd,paper_faithful,"{""implementation_mode"": ""paper_faithful"", ""method"": ""wl_subtree_kernel_mmd"", ""wl_compression"": ""shared_canonical_dictionary_per_comparison"", ""wl_feature_construction"": ""subtree_histograms_across_iterations"", ""wl_iterations"": 3, ""wl_kernel_distance_mode"": ""linear_mmd"", ""wl_label_initialization"": ""node_label_or_degree"", ""wl_node_label_key"": ""node_labels""}",community,weakening,detected,5,8,8,13,13,0.0,0.0,0.0,0.0,0.0,0.0027738219941966236,0.05044364929199219,success,
barabasi_albert,"{""data_root"": """", ""dataset_name"": """", ""edge_probability"": 0.1, ""family"": ""barabasi_albert"", ""m"": 2, ""num_blocks"": 3, ""num_graphs"": 5, ""num_nodes"": 8, ""p_in"": 0.25, ""p_out"": 0.03, ""seed"": 1}",community_weakening,"{""alpha"": 0.0, ""edges_added"": 0, ""edges_removed"": 0, ""graphs"": 5, ""graphs_skipped"": 0, ""graphs_success"": 5, ""label_source"": ""detected"", ""method"": ""community_weakening"", ""perturbation_direction"": ""weakening"", ""perturbation_family"": ""community"", ""rewires"": 0, ""triangles_affected"": 0}",0.0,1,native_netlsd,paper_faithful,"{""distribution_distance"": ""l2_between_mean_signatures"", ""eigenvalue_count"": ""all"", ""eigenvalue_mode"": ""full_spectrum"", ""heat_signature"": ""heat_trace"", ""implementation_mode"": ""paper_faithful"", ""laplacian_type"": ""normalized"", ""method"": ""native_netlsd"", ""netlsd_normalization"": ""empty"", ""netlsd_time_scale_count"": 250, ""netlsd_time_scale_max"": 100.0, ""netlsd_time_scale_min"": 0.01, ""netlsd_time_scale_schedule"": ""logspace""}",community,weakening,detected,5,8,8,13,13,0.0,0.0,0.0,0.0,0.0,0.05917919400963001,0.09210205078125,success,
barabasi_albert,"{""data_root"": """", ""dataset_name"": """", ""edge_probability"": 0.1, ""family"": ""barabasi_albert"", ""m"": 2, ""num_blocks"": 3, ""num_graphs"": 5, ""num_nodes"": 8, ""p_in"": 0.25, ""p_out"": 0.03, ""seed"": 1}",community_weakening,"{""alpha"": 0.0, ""edges_added"": 0, ""edges_removed"": 0, ""graphs"": 5, ""graphs_skipped"": 0, ""graphs_success"": 5, ""label_source"": ""detected"", ""method"": ""community_weakening"", ""perturbation_direction"": ""weakening"", ""perturbation_family"": ""community"", ""rewires"": 0, ""triangles_affected"": 0}",0.0,1,diversity_curves_shortest_path,paper_faithful,"{""distance_metric"": ""shortest_path"", ""distribution_distance"": ""l2_between_mean_curves"", ""diversity_contraction_mode"": ""random_edge"", ""diversity_curve_definition"": ""shortest_path_spread"", ""diversity_repetitions"": 3, ""diversity_scale_count"": ""dataset_max_nodes"", ""diversity_scale_schedule"": ""all_integer_cardinalities"", ""diversity_upsampling_enabled"": true, ""implementation_mode"": ""paper_faithful"", ""method"": ""diversity_curves_shortest_path"", ""random_seed"": 0}",community,weakening,detected,5,8,8,13,13,0.0,0.0,0.0,0.0,0.0,0.07934972801012918,0.015533447265625,success,
barabasi_albert,"{""data_root"": """", ""dataset_name"": """", ""edge_probability"": 0.1, ""family"": ""barabasi_albert"", ""m"": 2, ""num_blocks"": 3, ""num_graphs"": 5, ""num_nodes"": 8, ""p_in"": 0.25, ""p_out"": 0.03, ""seed"": 1}",triangle_insertion,"{""alpha"": 1.0, ""edges_added"": 64, ""edges_removed"": 0, ""graphs"": 5, ""graphs_skipped"": 0, ""graphs_success"": 5, ""label_source"": null, ""method"": ""triangle_insertion"", ""perturbation_direction"": ""insertion"", ""perturbation_family"": ""triangle"", ""rewires"": 0, ""triangles_affected"": 64}",1.0,1,structural_statistics_mmd,descriptor_baseline,"{""bandwidth"": 10.0, ""feature_count"": 9, ""implementation_mode"": ""descriptor_baseline"", ""kernel"": ""rbf_mmd"", ""method"": ""structural_statistics_mmd""}",triangle,insertion,,5,8,8,13,26,1.9638409466614617,41.204195657270034,41.20878852720097,12.8,13.213396335343338,0.002122620993759483,0.00417327880859375,success,
barabasi_albert,"{""data_root"": """", ""dataset_name"": """", ""edge_probability"": 0.1, ""family"": ""barabasi_albert"", ""m"": 2, ""num_blocks"": 3, ""num_graphs"": 5, ""num_nodes"": 8, ""p_in"": 0.25, ""p_out"": 0.03, ""seed"": 1}",triangle_insertion,"{""alpha"": 1.0, ""edges_added"": 64, ""edges_removed"": 0, ""graphs"": 5, ""graphs_skipped"": 0, ""graphs_success"": 5, ""label_source"": null, ""method"": ""triangle_insertion"", ""perturbation_direction"": ""insertion"", ""perturbation_family"": ""triangle"", ""rewires"": 0, ""triangles_affected"": 64}",1.0,1,wl_subtree_kernel_mmd,paper_faithful,"{""implementation_mode"": ""paper_faithful"", ""method"": ""wl_subtree_kernel_mmd"", ""wl_compression"": ""shared_canonical_dictionary_per_comparison"", ""wl_feature_construction"": ""subtree_histograms_across_iterations"", ""wl_iterations"": 3, ""wl_kernel_distance_mode"": ""linear_mmd"", ""wl_label_initialization"": ""node_label_or_degree"", ""wl_node_label_key"": ""node_labels""}",triangle,insertion,,5,8,8,13,26,106.88,10.338278386656068,12.773868265827668,12.8,13.213396335343338,0.0030246399983298033,0.033847808837890625,success,
barabasi_albert,"{""data_root"": """", ""dataset_name"": """", ""edge_probability"": 0.1, ""family"": ""barabasi_albert"", ""m"": 2, ""num_blocks"": 3, ""num_graphs"": 5, ""num_nodes"": 8, ""p_in"": 0.25, ""p_out"": 0.03, ""seed"": 1}",triangle_insertion,"{""alpha"": 1.0, ""edges_added"": 64, ""edges_removed"": 0, ""graphs"": 5, ""graphs_skipped"": 0, ""graphs_success"": 5, ""label_source"": null, ""method"": ""triangle_insertion"", ""perturbation_direction"": ""insertion"", ""perturbation_family"": ""triangle"", ""rewires"": 0, ""triangles_affected"": 64}",1.0,1,native_netlsd,paper_faithful,"{""distribution_distance"": ""l2_between_mean_signatures"", ""eigenvalue_count"": ""all"", ""eigenvalue_mode"": ""full_spectrum"", ""heat_signature"": ""heat_trace"", ""implementation_mode"": ""paper_faithful"", ""laplacian_type"": ""normalized"", ""method"": ""native_netlsd"", ""netlsd_normalization"": ""empty"", ""netlsd_time_scale_count"": 250, ""netlsd_time_scale_max"": 100.0, ""netlsd_time_scale_min"": 0.01, ""netlsd_time_scale_schedule"": ""logspace""}",triangle,insertion,,5,8,8,13,26,0.18113244042031618,0.18113244042031618,0.1813441123488952,12.8,13.213396335343338,0.06608027400216088,0.09210205078125,success,
barabasi_albert,"{""data_root"": """", ""dataset_name"": """", ""edge_probability"": 0.1, ""family"": ""barabasi_albert"", ""m"": 2, ""num_blocks"": 3, ""num_graphs"": 5, ""num_nodes"": 8, ""p_in"": 0.25, ""p_out"": 0.03, ""seed"": 1}",triangle_insertion,"{""alpha"": 1.0, ""edges_added"": 64, ""edges_removed"": 0, ""graphs"": 5, ""graphs_skipped"": 0, ""graphs_success"": 5, ""label_source"": null, ""method"": ""triangle_insertion"", ""perturbation_direction"": ""insertion"", ""perturbation_family"": ""triangle"", ""rewires"": 0, ""triangles_affected"": 64}",1.0,1,diversity_curves_shortest_path,paper_faithful,"{""distance_metric"": ""shortest_path"", ""distribution_distance"": ""l2_between_mean_curves"", ""diversity_contraction_mode"": ""random_edge"", ""diversity_curve_definition"": ""shortest_path_spread"", ""diversity_repetitions"": 3, ""diversity_scale_count"": ""dataset_max_nodes"", ""diversity_scale_schedule"": ""all_integer_cardinalities"", ""diversity_upsampling_enabled"": true, ""implementation_mode"": ""paper_faithful"", ""method"": ""diversity_curves_shortest_path"", ""random_seed"": 0}",triangle,insertion,,5,8,8,13,26,1.1022085806953037,1.1022085806953037,1.1097141168127134,12.8,13.213396335343338,0.11599637300241739,0.03963947296142578,success,
barabasi_albert,"{""data_root"": """", ""dataset_name"": """", ""edge_probability"": 0.1, ""family"": ""barabasi_albert"", ""m"": 2, ""num_blocks"": 3, ""num_graphs"": 5, ""num_nodes"": 8, ""p_in"": 0.25, ""p_out"": 0.03, ""seed"": 1}",community_weakening,"{""alpha"": 0.5, ""edges_added"": 18, ""edges_removed"": 18, ""graphs"": 5, ""graphs_skipped"": 0, ""graphs_success"": 5, ""label_source"": ""detected"", ""method"": ""community_weakening"", ""perturbation_direction"": ""weakening"", ""perturbation_family"": ""community"", ""rewires"": 18, ""triangles_affected"": 0}",0.5,1,structural_statistics_mmd,descriptor_baseline,"{""bandwidth"": 10.0, ""feature_count"": 9, ""implementation_mode"": ""descriptor_baseline"", ""kernel"": ""rbf_mmd"", ""method"": ""structural_statistics_mmd""}",community,weakening,detected,5,8,8,13,13,0.003979309518542529,0.6338064241177344,1.014152714650881,7.2,7.371475841253155,0.0020700329914689064,0.004150390625,success,
barabasi_albert,"{""data_root"": """", ""dataset_name"": """", ""edge_probability"": 0.1, ""family"": ""barabasi_albert"", ""m"": 2, ""num_blocks"": 3, ""num_graphs"": 5, ""num_nodes"": 8, ""p_in"": 0.25, ""p_out"": 0.03, ""seed"": 1}",community_weakening,"{""alpha"": 0.5, ""edges_added"": 18, ""edges_removed"": 18, ""graphs"": 5, ""graphs_skipped"": 0, ""graphs_success"": 5, ""label_source"": ""detected"", ""method"": ""community_weakening"", ""perturbation_direction"": ""weakening"", ""perturbation_family"": ""community"", ""rewires"": 18, ""triangles_affected"": 0}",0.5,1,wl_subtree_kernel_mmd,paper_faithful,"{""implementation_mode"": ""paper_faithful"", ""method"": ""wl_subtree_kernel_mmd"", ""wl_compression"": ""shared_canonical_dictionary_per_comparison"", ""wl_feature_construction"": ""subtree_histograms_across_iterations"", ""wl_iterations"": 3, ""wl_kernel_distance_mode"": ""linear_mmd"", ""wl_label_initialization"": ""node_label_or_degree"", ""wl_node_label_key"": ""node_labels""}",community,weakening,detected,5,8,8,13,13,15.84,3.97994974842648,8.41063355600192,7.2,7.371475841253155,0.0034733049978967756,0.05186653137207031,success,
barabasi_albert,"{""data_root"": """", ""dataset_name"": """", ""edge_probability"": 0.1, ""family"": ""barabasi_albert"", ""m"": 2, ""num_blocks"": 3, ""num_graphs"": 5, ""num_nodes"": 8, ""p_in"": 0.25, ""p_out"": 0.03, ""seed"": 1}",community_weakening,"{""alpha"": 0.5, ""edges_added"": 18, ""edges_removed"": 18, ""graphs"": 5, ""graphs_skipped"": 0, ""graphs_success"": 5, ""label_source"": ""detected"", ""method"": ""community_weakening"", ""perturbation_direction"": ""weakening"", ""perturbation_family"": ""community"", ""rewires"": 18, ""triangles_affected"": 0}",0.5,1,native_netlsd,paper_faithful,"{""distribution_distance"": ""l2_between_mean_signatures"", ""eigenvalue_count"": ""all"", ""eigenvalue_mode"": ""full_spectrum"", ""heat_signature"": ""heat_trace"", ""implementation_mode"": ""paper_faithful"", ""laplacian_type"": ""normalized"", ""method"": ""native_netlsd"", ""netlsd_normalization"": ""empty"", ""netlsd_time_scale_count"": 250, ""netlsd_time_scale_max"": 100.0, ""netlsd_time_scale_min"": 0.01, ""netlsd_time_scale_schedule"": ""logspace""}",community,weakening,detected,5,8,8,13,13,0.017158580287622672,0.017158580287622672,0.02657227555522442,7.2,7.371475841253155,0.06227446100092493,0.09210205078125,success,
barabasi_albert,"{""data_root"": """", ""dataset_name"": """", ""edge_probability"": 0.1, ""family"": ""barabasi_albert"", ""m"": 2, ""num_blocks"": 3, ""num_graphs"": 5, ""num_nodes"": 8, ""p_in"": 0.25, ""p_out"": 0.03, ""seed"": 1}",community_weakening,"{""alpha"": 0.5, ""edges_added"": 18, ""edges_removed"": 18, ""graphs"": 5, ""graphs_skipped"": 0, ""graphs_success"": 5, ""label_source"": ""detected"", ""method"": ""community_weakening"", ""perturbation_direction"": ""weakening"", ""perturbation_family"": ""community"", ""rewires"": 18, ""triangles_affected"": 0}",0.5,1,diversity_curves_shortest_path,paper_faithful,"{""distance_metric"": ""shortest_path"", ""distribution_distance"": ""l2_between_mean_curves"", ""diversity_contraction_mode"": ""random_edge"", ""diversity_curve_definition"": ""shortest_path_spread"", ""diversity_repetitions"": 3, ""diversity_scale_count"": ""dataset_max_nodes"", ""diversity_scale_schedule"": ""all_integer_cardinalities"", ""diversity_upsampling_enabled"": true, ""implementation_mode"": ""paper_faithful"", ""method"": ""diversity_curves_shortest_path"", ""random_seed"": 0}",community,weakening,detected,5,8,8,13,13,0.04386695945936324,0.04386695945936324,0.16475945928616065,7.2,7.371475841253155,0.0783126890019048,0.0181121826171875,success,
barabasi_albert,"{""data_root"": """", ""dataset_name"": """", ""edge_probability"": 0.1, ""family"": ""barabasi_albert"", ""m"": 2, ""num_blocks"": 3, ""num_graphs"": 5, ""num_nodes"": 8, ""p_in"": 0.25, ""p_out"": 0.03, ""seed"": 1}",community_weakening,"{""alpha"": 1.0, ""edges_added"": 41, ""edges_removed"": 41, ""graphs"": 5, ""graphs_skipped"": 0, ""graphs_success"": 5, ""label_source"": ""detected"", ""method"": ""community_weakening"", ""perturbation_direction"": ""weakening"", ""perturbation_family"": ""community"", ""rewires"": 41, ""triangles_affected"": 0}",1.0,1,structural_statistics_mmd,descriptor_baseline,"{""bandwidth"": 10.0, ""feature_count"": 9, ""implementation_mode"": ""descriptor_baseline"", ""kernel"": ""rbf_mmd"", ""method"": ""structural_statistics_mmd""}",community,weakening,detected,5,8,8,13,13,0.11722041068755051,3.5619489988965567,4.4230108058927184,16.4,17.40327215249728,0.0022625550045631826,0.004150390625,success,
barabasi_albert,"{""data_root"": """", ""dataset_name"": """", ""edge_probability"": 0.1, ""family"": ""barabasi_albert"", ""m"": 2, ""num_blocks"": 3, ""num_graphs"": 5, ""num_nodes"": 8, ""p_in"": 0.25, ""p_out"": 0.03, ""seed"": 1}",community_weakening,"{""alpha"": 1.0, ""edges_added"": 41, ""edges_removed"": 41, ""graphs"": 5, ""graphs_skipped"": 0, ""graphs_success"": 5, ""label_source"": ""detected"", ""method"": ""community_weakening"", ""perturbation_direction"": ""weakening"", ""perturbation_family"": ""community"", ""rewires"": 41, ""triangles_affected"": 0}",1.0,1,wl_subtree_kernel_mmd,paper_faithful,"{""implementation_mode"": ""paper_faithful"", ""method"": ""wl_subtree_kernel_mmd"", ""wl_compression"": ""shared_canonical_dictionary_per_comparison"", ""wl_feature_construction"": ""subtree_histograms_across_iterations"", ""wl_iterations"": 3, ""wl_kernel_distance_mode"": ""linear_mmd"", ""wl_label_initialization"": ""node_label_or_degree"", ""wl_node_label_key"": ""node_labels""}",community,weakening,detected,5,8,8,13,13,24.4,4.9396356140913875,9.136355208377843,16.4,17.40327215249728,0.004254956002114341,0.04913043975830078,success,
barabasi_albert,"{""data_root"": """", ""dataset_name"": """", ""edge_probability"": 0.1, ""family"": ""barabasi_albert"", ""m"": 2, ""num_blocks"": 3, ""num_graphs"": 5, ""num_nodes"": 8, ""p_in"": 0.25, ""p_out"": 0.03, ""seed"": 1}",community_weakening,"{""alpha"": 1.0, ""edges_added"": 41, ""edges_removed"": 41, ""graphs"": 5, ""graphs_skipped"": 0, ""graphs_success"": 5, ""label_source"": ""detected"", ""method"": ""community_weakening"", ""perturbation_direction"": ""weakening"", ""perturbation_family"": ""community"", ""rewires"": 41, ""triangles_affected"": 0}",1.0,1,native_netlsd,paper_faithful,"{""distribution_distance"": ""l2_between_mean_signatures"", ""eigenvalue_count"": ""all"", ""eigenvalue_mode"": ""full_spectrum"", ""heat_signature"": ""heat_trace"", ""implementation_mode"": ""paper_faithful"", ""laplacian_type"": ""normalized"", ""method"": ""native_netlsd"", ""netlsd_normalization"": ""empty"", ""netlsd_time_scale_count"": 250, ""netlsd_time_scale_max"": 100.0, ""netlsd_time_scale_min"": 0.01, ""netlsd_time_scale_schedule"": ""logspace""}",community,weakening,detected,5,8,8,13,13,0.018862649124648346,0.018862649124648346,0.022456780574922747,16.4,17.40327215249728,0.056753247015876696,0.09210205078125,success,
barabasi_albert,"{""data_root"": """", ""dataset_name"": """", ""edge_probability"": 0.1, ""family"": ""barabasi_albert"", ""m"": 2, ""num_blocks"": 3, ""num_graphs"": 5, ""num_nodes"": 8, ""p_in"": 0.25, ""p_out"": 0.03, ""seed"": 1}",community_weakening,"{""alpha"": 1.0, ""edges_added"": 41, ""edges_removed"": 41, ""graphs"": 5, ""graphs_skipped"": 0, ""graphs_success"": 5, ""label_source"": ""detected"", ""method"": ""community_weakening"", ""perturbation_direction"": ""weakening"", ""perturbation_family"": ""community"", ""rewires"": 41, ""triangles_affected"": 0}",1.0,1,diversity_curves_shortest_path,paper_faithful,"{""distance_metric"": ""shortest_path"", ""distribution_distance"": ""l2_between_mean_curves"", ""diversity_contraction_mode"": ""random_edge"", ""diversity_curve_definition"": ""shortest_path_spread"", ""diversity_repetitions"": 3, ""diversity_scale_count"": ""dataset_max_nodes"", ""diversity_scale_schedule"": ""all_integer_cardinalities"", ""diversity_upsampling_enabled"": true, ""implementation_mode"": ""paper_faithful"", ""method"": ""diversity_curves_shortest_path"", ""random_seed"": 0}",community,weakening,detected,5,8,8,13,13,0.07772012501653093,0.07772012501653093,0.2038112764814676,16.4,17.40327215249728,0.07924632998765446,0.018341064453125,success,
barabasi_albert,"{""data_root"": """", ""dataset_name"": """", ""edge_probability"": 0.1, ""family"": ""barabasi_albert"", ""m"": 2, ""num_blocks"": 3, ""num_graphs"": 5, ""num_nodes"": 8, ""p_in"": 0.25, ""p_out"": 0.03, ""seed"": 1}",hub_modification,"{""alpha"": 1.0, ""edges_added"": 5, ""edges_removed"": 30, ""graphs"": 5, ""graphs_skipped"": 0, ""graphs_success"": 5, ""label_source"": null, ""method"": ""hub_modification"", ""perturbation_direction"": ""modification"", ""perturbation_family"": ""hub"", ""rewires"": 5, ""triangles_affected"": 0}",1.0,1,structural_statistics_mmd,descriptor_baseline,"{""bandwidth"": 10.0, ""feature_count"": 9, ""implementation_mode"": ""descriptor_baseline"", ""kernel"": ""rbf_mmd"", ""method"": ""structural_statistics_mmd""}",hub,modification,,5,8,8,6,13,0.4545515994920586,7.289145698463445,7.3143960453098416,7.0,8.301687001788482,0.0013368079962674528,0.004150390625,success,
barabasi_albert,"{""data_root"": """", ""dataset_name"": """", ""edge_probability"": 0.1, ""family"": ""barabasi_albert"", ""m"": 2, ""num_blocks"": 3, ""num_graphs"": 5, ""num_nodes"": 8, ""p_in"": 0.25, ""p_out"": 0.03, ""seed"": 1}",hub_modification,"{""alpha"": 1.0, ""edges_added"": 5, ""edges_removed"": 30, ""graphs"": 5, ""graphs_skipped"": 0, ""graphs_success"": 5, ""label_source"": null, ""method"": ""hub_modification"", ""perturbation_direction"": ""modification"", ""perturbation_family"": ""hub"", ""rewires"": 5, ""triangles_affected"": 0}",1.0,1,wl_subtree_kernel_mmd,paper_faithful,"{""implementation_mode"": ""paper_faithful"", ""method"": ""wl_subtree_kernel_mmd"", ""wl_compression"": ""shared_canonical_dictionary_per_comparison"", ""wl_feature_construction"": ""subtree_histograms_across_iterations"", ""wl_iterations"": 3, ""wl_kernel_distance_mode"": ""linear_mmd"", ""wl_label_initialization"": ""node_label_or_degree"", ""wl_node_label_key"": ""node_labels""}",hub,modification,,5,8,8,6,13,28.960000000000004,5.3814496188294845,9.3230609776715,7.0,8.301687001788482,0.003966844000387937,0.050049781799316406,success,
barabasi_albert,"{""data_root"": """", ""dataset_name"": """", ""edge_probability"": 0.1, ""family"": ""barabasi_albert"", ""m"": 2, ""num_blocks"": 3, ""num_graphs"": 5, ""num_nodes"": 8, ""p_in"": 0.25, ""p_out"": 0.03, ""seed"": 1}",hub_modification,"{""alpha"": 1.0, ""edges_added"": 5, ""edges_removed"": 30, ""graphs"": 5, ""graphs_skipped"": 0, ""graphs_success"": 5, ""label_source"": null, ""method"": ""hub_modification"", ""perturbation_direction"": ""modification"", ""perturbation_family"": ""hub"", ""rewires"": 5, ""triangles_affected"": 0}",1.0,1,native_netlsd,paper_faithful,"{""distribution_distance"": ""l2_between_mean_signatures"", ""eigenvalue_count"": ""all"", ""eigenvalue_mode"": ""full_spectrum"", ""heat_signature"": ""heat_trace"", ""implementation_mode"": ""paper_faithful"", ""laplacian_type"": ""normalized"", ""method"": ""native_netlsd"", ""netlsd_normalization"": ""empty"", ""netlsd_time_scale_count"": 250, ""netlsd_time_scale_max"": 100.0, ""netlsd_time_scale_min"": 0.01, ""netlsd_time_scale_schedule"": ""logspace""}",hub,modification,,5,8,8,6,13,0.4952419607370633,0.4952419607370633,0.5229009863395196,7.0,8.301687001788482,0.04624548499123193,0.09210205078125,success,
barabasi_albert,"{""data_root"": """", ""dataset_name"": """", ""edge_probability"": 0.1, ""family"": ""barabasi_albert"", ""m"": 2, ""num_blocks"": 3, ""num_graphs"": 5, ""num_nodes"": 8, ""p_in"": 0.25, ""p_out"": 0.03, ""seed"": 1}",hub_modification,"{""alpha"": 1.0, ""edges_added"": 5, ""edges_removed"": 30, ""graphs"": 5, ""graphs_skipped"": 0, ""graphs_success"": 5, ""label_source"": null, ""method"": ""hub_modification"", ""perturbation_direction"": ""modification"", ""perturbation_family"": ""hub"", ""rewires"": 5, ""triangles_affected"": 0}",1.0,1,diversity_curves_shortest_path,paper_faithful,"{""distance_metric"": ""shortest_path"", ""distribution_distance"": ""l2_between_mean_curves"", ""diversity_contraction_mode"": ""random_edge"", ""diversity_curve_definition"": ""shortest_path_spread"", ""diversity_repetitions"": 3, ""diversity_scale_count"": ""dataset_max_nodes"", ""diversity_scale_schedule"": ""all_integer_cardinalities"", ""diversity_upsampling_enabled"": true, ""implementation_mode"": ""paper_faithful"", ""method"": ""diversity_curves_shortest_path"", ""random_seed"": 0}",hub,modification,,5,8,8,6,13,1.2683937163937566,1.2683937163937566,1.2855145771861436,7.0,8.301687001788482,0.04758622800000012,0.014714241027832031,success,
barabasi_albert,"{""data_root"": """", ""dataset_name"": """", ""edge_probability"": 0.1, ""family"": ""barabasi_albert"", ""m"": 2, ""num_blocks"": 3, ""num_graphs"": 5, ""num_nodes"": 8, ""p_in"": 0.25, ""p_out"": 0.03, ""seed"": 1}",hub_modification,"{""alpha"": 0.0, ""edges_added"": 0, ""edges_removed"": 0, ""graphs"": 5, ""graphs_skipped"": 0, ""graphs_success"": 5, ""label_source"": null, ""method"": ""hub_modification"", ""perturbation_direction"": ""modification"", ""perturbation_family"": ""hub"", ""rewires"": 0, ""triangles_affected"": 0}",0.0,1,structural_statistics_mmd,descriptor_baseline,"{""bandwidth"": 10.0, ""feature_count"": 9, ""implementation_mode"": ""descriptor_baseline"", ""kernel"": ""rbf_mmd"", ""method"": ""structural_statistics_mmd""}",hub,modification,,5,8,8,13,13,0.0,0.0,0.0,0.0,0.0,0.0023374599986709654,0.0052490234375,success,
barabasi_albert,"{""data_root"": """", ""dataset_name"": """", ""edge_probability"": 0.1, ""family"": ""barabasi_albert"", ""m"": 2, ""num_blocks"": 3, ""num_graphs"": 5, ""num_nodes"": 8, ""p_in"": 0.25, ""p_out"": 0.03, ""seed"": 1}",hub_modification,"{""alpha"": 0.0, ""edges_added"": 0, ""edges_removed"": 0, ""graphs"": 5, ""graphs_skipped"": 0, ""graphs_success"": 5, ""label_source"": null, ""method"": ""hub_modification"", ""perturbation_direction"": ""modification"", ""perturbation_family"": ""hub"", ""rewires"": 0, ""triangles_affected"": 0}",0.0,1,wl_subtree_kernel_mmd,paper_faithful,"{""implementation_mode"": ""paper_faithful"", ""method"": ""wl_subtree_kernel_mmd"", ""wl_compression"": ""shared_canonical_dictionary_per_comparison"", ""wl_feature_construction"": ""subtree_histograms_across_iterations"", ""wl_iterations"": 3, ""wl_kernel_distance_mode"": ""linear_mmd"", ""wl_label_initialization"": ""node_label_or_degree"", ""wl_node_label_key"": ""node_labels""}",hub,modification,,5,8,8,13,13,0.0,0.0,0.0,0.0,0.0,0.004093728988664225,0.05044364929199219,success,
barabasi_albert,"{""data_root"": """", ""dataset_name"": """", ""edge_probability"": 0.1, ""family"": ""barabasi_albert"", ""m"": 2, ""num_blocks"": 3, ""num_graphs"": 5, ""num_nodes"": 8, ""p_in"": 0.25, ""p_out"": 0.03, ""seed"": 1}",hub_modification,"{""alpha"": 0.0, ""edges_added"": 0, ""edges_removed"": 0, ""graphs"": 5, ""graphs_skipped"": 0, ""graphs_success"": 5, ""label_source"": null, ""method"": ""hub_modification"", ""perturbation_direction"": ""modification"", ""perturbation_family"": ""hub"", ""rewires"": 0, ""triangles_affected"": 0}",0.0,1,native_netlsd,paper_faithful,"{""distribution_distance"": ""l2_between_mean_signatures"", ""eigenvalue_count"": ""all"", ""eigenvalue_mode"": ""full_spectrum"", ""heat_signature"": ""heat_trace"", ""implementation_mode"": ""paper_faithful"", ""laplacian_type"": ""normalized"", ""method"": ""native_netlsd"", ""netlsd_normalization"": ""empty"", ""netlsd_time_scale_count"": 250, ""netlsd_time_scale_max"": 100.0, ""netlsd_time_scale_min"": 0.01, ""netlsd_time_scale_schedule"": ""logspace""}",hub,modification,,5,8,8,13,13,0.0,0.0,0.0,0.0,0.0,0.06180960399797186,0.09210205078125,success,
barabasi_albert,"{""data_root"": """", ""dataset_name"": """", ""edge_probability"": 0.1, ""family"": ""barabasi_albert"", ""m"": 2, ""num_blocks"": 3, ""num_graphs"": 5, ""num_nodes"": 8, ""p_in"": 0.25, ""p_out"": 0.03, ""seed"": 1}",hub_modification,"{""alpha"": 0.0, ""edges_added"": 0, ""edges_removed"": 0, ""graphs"": 5, ""graphs_skipped"": 0, ""graphs_success"": 5, ""label_source"": null, ""method"": ""hub_modification"", ""perturbation_direction"": ""modification"", ""perturbation_family"": ""hub"", ""rewires"": 0, ""triangles_affected"": 0}",0.0,1,diversity_curves_shortest_path,paper_faithful,"{""distance_metric"": ""shortest_path"", ""distribution_distance"": ""l2_between_mean_curves"", ""diversity_contraction_mode"": ""random_edge"", ""diversity_curve_definition"": ""shortest_path_spread"", ""diversity_repetitions"": 3, ""diversity_scale_count"": ""dataset_max_nodes"", ""diversity_scale_schedule"": ""all_integer_cardinalities"", ""diversity_upsampling_enabled"": true, ""implementation_mode"": ""paper_faithful"", ""method"": ""diversity_curves_shortest_path"", ""random_seed"": 0}",hub,modification,,5,8,8,13,13,0.0,0.0,0.0,0.0,0.0,0.0739530689897947,0.015533447265625,success,
barabasi_albert,"{""data_root"": """", ""dataset_name"": """", ""edge_probability"": 0.1, ""family"": ""barabasi_albert"", ""m"": 2, ""num_blocks"": 3, ""num_graphs"": 5, ""num_nodes"": 8, ""p_in"": 0.25, ""p_out"": 0.03, ""seed"": 1}",hub_modification,"{""alpha"": 0.5, ""edges_added"": 5, ""edges_removed"": 29, ""graphs"": 5, ""graphs_skipped"": 0, ""graphs_success"": 5, ""label_source"": null, ""method"": ""hub_modification"", ""perturbation_direction"": ""modification"", ""perturbation_family"": ""hub"", ""rewires"": 5, ""triangles_affected"": 0}",0.5,1,structural_statistics_mmd,descriptor_baseline,"{""bandwidth"": 10.0, ""feature_count"": 9, ""implementation_mode"": ""descriptor_baseline"", ""kernel"": ""rbf_mmd"", ""method"": ""structural_statistics_mmd""}",hub,modification,,5,8,8,7,13,0.44314481064349254,7.151240365379152,7.166704659052479,6.8,8.10168700178848,0.0020566970051731914,0.004150390625,success,
barabasi_albert,"{""data_root"": """", ""dataset_name"": """", ""edge_probability"": 0.1, ""family"": ""barabasi_albert"", ""m"": 2, ""num_blocks"": 3, ""num_graphs"": 5, ""num_nodes"": 8, ""p_in"": 0.25, ""p_out"": 0.03, ""seed"": 1}",hub_modification,"{""alpha"": 0.5, ""edges_added"": 5, ""edges_removed"": 29, ""graphs"": 5, ""graphs_skipped"": 0, ""graphs_success"": 5, ""label_source"": null, ""method"": ""hub_modification"", ""perturbation_direction"": ""modification"", ""perturbation_family"": ""hub"", ""rewires"": 5, ""triangles_affected"": 0}",0.5,1,wl_subtree_kernel_mmd,paper_faithful,"{""implementation_mode"": ""paper_faithful"", ""method"": ""wl_subtree_kernel_mmd"", ""wl_compression"": ""shared_canonical_dictionary_per_comparison"", ""wl_feature_construction"": ""subtree_histograms_across_iterations"", ""wl_iterations"": 3, ""wl_kernel_distance_mode"": ""linear_mmd"", ""wl_label_initialization"": ""node_label_or_degree"", ""wl_node_label_key"": ""node_labels""}",hub,modification,,5,8,8,7,13,29.04,5.388877434122992,9.401521946754153,6.8,8.10168700178848,0.004572202014969662,0.04886150360107422,success,
barabasi_albert,"{""data_root"": """", ""dataset_name"": """", ""edge_probability"": 0.1, ""family"": ""barabasi_albert"", ""m"": 2, ""num_blocks"": 3, ""num_graphs"": 5, ""num_nodes"": 8, ""p_in"": 0.25, ""p_out"": 0.03, ""seed"": 1}",hub_modification,"{""alpha"": 0.5, ""edges_added"": 5, ""edges_removed"": 29, ""graphs"": 5, ""graphs_skipped"": 0, ""graphs_success"": 5, ""label_source"": null, ""method"": ""hub_modification"", ""perturbation_direction"": ""modification"", ""perturbation_family"": ""hub"", ""rewires"": 5, ""triangles_affected"": 0}",0.5,1,native_netlsd,paper_faithful,"{""distribution_distance"": ""l2_between_mean_signatures"", ""eigenvalue_count"": ""all"", ""eigenvalue_mode"": ""full_spectrum"", ""heat_signature"": ""heat_trace"", ""implementation_mode"": ""paper_faithful"", ""laplacian_type"": ""normalized"", ""method"": ""native_netlsd"", ""netlsd_normalization"": ""empty"", ""netlsd_time_scale_count"": 250, ""netlsd_time_scale_max"": 100.0, ""netlsd_time_scale_min"": 0.01, ""netlsd_time_scale_schedule"": ""logspace""}",hub,modification,,5,8,8,7,13,0.3001608952490033,0.3001608952490033,0.3012642810765077,6.8,8.10168700178848,0.0685000579978805,0.09210205078125,success,
barabasi_albert,"{""data_root"": """", ""dataset_name"": """", ""edge_probability"": 0.1, ""family"": ""barabasi_albert"", ""m"": 2, ""num_blocks"": 3, ""num_graphs"": 5, ""num_nodes"": 8, ""p_in"": 0.25, ""p_out"": 0.03, ""seed"": 1}",hub_modification,"{""alpha"": 0.5, ""edges_added"": 5, ""edges_removed"": 29, ""graphs"": 5, ""graphs_skipped"": 0, ""graphs_success"": 5, ""label_source"": null, ""method"": ""hub_modification"", ""perturbation_direction"": ""modification"", ""perturbation_family"": ""hub"", ""rewires"": 5, ""triangles_affected"": 0}",0.5,1,diversity_curves_shortest_path,paper_faithful,"{""distance_metric"": ""shortest_path"", ""distribution_distance"": ""l2_between_mean_curves"", ""diversity_contraction_mode"": ""random_edge"", ""diversity_curve_definition"": ""shortest_path_spread"", ""diversity_repetitions"": 3, ""diversity_scale_count"": ""dataset_max_nodes"", ""diversity_scale_schedule"": ""all_integer_cardinalities"", ""diversity_upsampling_enabled"": true, ""implementation_mode"": ""paper_faithful"", ""method"": ""diversity_curves_shortest_path"", ""random_seed"": 0}",hub,modification,,5,8,8,7,13,1.0242968194164412,1.0242968194164412,1.0316527048902768,6.8,8.10168700178848,0.06757515700883232,0.014714241027832031,success,
