dataset,dataset_params,perturbation,perturbation_params,alpha,seed,workflow,implementation_mode,workflow_params,perturbation_family,perturbation_direction,label_source,graph_count,node_count_min,node_count_max,edge_count_min,edge_count_max,distribution_score,mean_shift_score,paired_score,edit_distance_raw,edit_distance_weighted,runtime_seconds,memory_mb,status,error_message
imdb_binary,"{""data_root"": ""data"", ""dataset_name"": ""IMDB-BINARY"", ""edge_probability"": 0.1, ""family"": ""imdb_binary"", ""m"": 2, ""num_blocks"": 3, ""num_graphs"": 100, ""num_nodes"": 50, ""p_in"": 0.25, ""p_out"": 0.03, ""seed"": 0}",edge_deletion,"{""alpha"": 0.0, ""edges_added"": 0, ""edges_removed"": 0, ""graphs"": 100, ""graphs_skipped"": 0, ""graphs_success"": 100, ""label_source"": null, ""method"": ""edge_deletion"", ""perturbation_direction"": ""deletion"", ""perturbation_family"": ""edge"", ""rewires"": 0, ""triangles_affected"": 0}",0.0,0,structural_statistics_mmd,descriptor_baseline,"{""bandwidth"": 10.0, ""feature_count"": 9, ""implementation_mode"": ""descriptor_baseline"", ""kernel"": ""rbf_mmd"", ""method"": ""structural_statistics_mmd""}",edge,deletion,,100,12,72,26,435,0.0,0.0,0.0,0.0,0.0,0.7751098409989936,0.0677337646484375,success,
imdb_binary,"{""data_root"": ""data"", ""dataset_name"": ""IMDB-BINARY"", ""edge_probability"": 0.1, ""family"": ""imdb_binary"", ""m"": 2, ""num_blocks"": 3, ""num_graphs"": 100, ""num_nodes"": 50, ""p_in"": 0.25, ""p_out"": 0.03, ""seed"": 0}",edge_deletion,"{""alpha"": 0.0, ""edges_added"": 0, ""edges_removed"": 0, ""graphs"": 100, ""graphs_skipped"": 0, ""graphs_success"": 100, ""label_source"": null, ""method"": ""edge_deletion"", ""perturbation_direction"": ""deletion"", ""perturbation_family"": ""edge"", ""rewires"": 0, ""triangles_affected"": 0}",0.0,0,wl_subtree_kernel_mmd,paper_faithful,"{""implementation_mode"": ""paper_faithful"", ""method"": ""wl_subtree_kernel_mmd"", ""wl_compression"": ""shared_canonical_dictionary_per_comparison"", ""wl_feature_construction"": ""subtree_histograms_across_iterations"", ""wl_iterations"": 3, ""wl_kernel_distance_mode"": ""linear_mmd"", ""wl_label_initialization"": ""node_label_or_degree"", ""wl_node_label_key"": ""node_labels""}",edge,deletion,,100,12,72,26,435,0.0,0.0,0.0,0.0,0.0,0.16787440799998876,1.4975481033325195,success,
imdb_binary,"{""data_root"": ""data"", ""dataset_name"": ""IMDB-BINARY"", ""edge_probability"": 0.1, ""family"": ""imdb_binary"", ""m"": 2, ""num_blocks"": 3, ""num_graphs"": 100, ""num_nodes"": 50, ""p_in"": 0.25, ""p_out"": 0.03, ""seed"": 0}",edge_deletion,"{""alpha"": 0.0, ""edges_added"": 0, ""edges_removed"": 0, ""graphs"": 100, ""graphs_skipped"": 0, ""graphs_success"": 100, ""label_source"": null, ""method"": ""edge_deletion"", ""perturbation_direction"": ""deletion"", ""perturbation_family"": ""edge"", ""rewires"": 0, ""triangles_affected"": 0}",0.0,0,native_netlsd,paper_faithful,"{""distribution_distance"": ""l2_between_mean_signatures"", ""eigenvalue_count"": ""all"", ""eigenvalue_mode"": ""full_spectrum"", ""heat_signature"": ""heat_trace"", ""implementation_mode"": ""paper_faithful"", ""laplacian_type"": ""normalized"", ""method"": ""native_netlsd"", ""netlsd_normalization"": ""empty"", ""netlsd_time_scale_count"": 250, ""netlsd_time_scale_max"": 100.0, ""netlsd_time_scale_min"": 0.01, ""netlsd_time_scale_schedule"": ""logspace""}",edge,deletion,,100,12,72,26,435,0.0,0.0,0.0,0.0,0.0,6.686298209999222,1.5850677490234375,success,
imdb_binary,"{""data_root"": ""data"", ""dataset_name"": ""IMDB-BINARY"", ""edge_probability"": 0.1, ""family"": ""imdb_binary"", ""m"": 2, ""num_blocks"": 3, ""num_graphs"": 100, ""num_nodes"": 50, ""p_in"": 0.25, ""p_out"": 0.03, ""seed"": 0}",edge_deletion,"{""alpha"": 0.0, ""edges_added"": 0, ""edges_removed"": 0, ""graphs"": 100, ""graphs_skipped"": 0, ""graphs_success"": 100, ""label_source"": null, ""method"": ""edge_deletion"", ""perturbation_direction"": ""deletion"", ""perturbation_family"": ""edge"", ""rewires"": 0, ""triangles_affected"": 0}",0.0,0,diversity_curves_shortest_path,paper_faithful,"{""distance_metric"": ""shortest_path"", ""distribution_distance"": ""l2_between_mean_curves"", ""diversity_contraction_mode"": ""random_edge"", ""diversity_curve_definition"": ""shortest_path_spread"", ""diversity_repetitions"": 3, ""diversity_scale_count"": ""dataset_max_nodes"", ""diversity_scale_schedule"": ""all_integer_cardinalities"", ""diversity_upsampling_enabled"": true, ""implementation_mode"": ""paper_faithful"", ""method"": ""diversity_curves_shortest_path"", ""random_seed"": 0}",edge,deletion,,100,12,72,26,435,0.0,0.0,0.0,0.0,0.0,690.1160888030008,1.4405097961425781,success,
imdb_binary,"{""data_root"": ""data"", ""dataset_name"": ""IMDB-BINARY"", ""edge_probability"": 0.1, ""family"": ""imdb_binary"", ""m"": 2, ""num_blocks"": 3, ""num_graphs"": 100, ""num_nodes"": 50, ""p_in"": 0.25, ""p_out"": 0.03, ""seed"": 0}",edge_insertion,"{""alpha"": 0.0, ""edges_added"": 0, ""edges_removed"": 0, ""graphs"": 100, ""graphs_skipped"": 0, ""graphs_success"": 100, ""label_source"": null, ""method"": ""edge_insertion"", ""perturbation_direction"": ""insertion"", ""perturbation_family"": ""edge"", ""rewires"": 0, ""triangles_affected"": 0}",0.0,0,structural_statistics_mmd,descriptor_baseline,"{""bandwidth"": 10.0, ""feature_count"": 9, ""implementation_mode"": ""descriptor_baseline"", ""kernel"": ""rbf_mmd"", ""method"": ""structural_statistics_mmd""}",edge,insertion,,100,12,72,26,435,0.0,0.0,0.0,0.0,0.0,0.7695697429990105,0.0677337646484375,success,
imdb_binary,"{""data_root"": ""data"", ""dataset_name"": ""IMDB-BINARY"", ""edge_probability"": 0.1, ""family"": ""imdb_binary"", ""m"": 2, ""num_blocks"": 3, ""num_graphs"": 100, ""num_nodes"": 50, ""p_in"": 0.25, ""p_out"": 0.03, ""seed"": 0}",edge_insertion,"{""alpha"": 0.0, ""edges_added"": 0, ""edges_removed"": 0, ""graphs"": 100, ""graphs_skipped"": 0, ""graphs_success"": 100, ""label_source"": null, ""method"": ""edge_insertion"", ""perturbation_direction"": ""insertion"", ""perturbation_family"": ""edge"", ""rewires"": 0, ""triangles_affected"": 0}",0.0,0,wl_subtree_kernel_mmd,paper_faithful,"{""implementation_mode"": ""paper_faithful"", ""method"": ""wl_subtree_kernel_mmd"", ""wl_compression"": ""shared_canonical_dictionary_per_comparison"", ""wl_feature_construction"": ""subtree_histograms_across_iterations"", ""wl_iterations"": 3, ""wl_kernel_distance_mode"": ""linear_mmd"", ""wl_label_initialization"": ""node_label_or_degree"", ""wl_node_label_key"": ""node_labels""}",edge,insertion,,100,12,72,26,435,0.0,0.0,0.0,0.0,0.0,0.1697702580004261,1.4975481033325195,success,
imdb_binary,"{""data_root"": ""data"", ""dataset_name"": ""IMDB-BINARY"", ""edge_probability"": 0.1, ""family"": ""imdb_binary"", ""m"": 2, ""num_blocks"": 3, ""num_graphs"": 100, ""num_nodes"": 50, ""p_in"": 0.25, ""p_out"": 0.03, ""seed"": 0}",edge_insertion,"{""alpha"": 0.0, ""edges_added"": 0, ""edges_removed"": 0, ""graphs"": 100, ""graphs_skipped"": 0, ""graphs_success"": 100, ""label_source"": null, ""method"": ""edge_insertion"", ""perturbation_direction"": ""insertion"", ""perturbation_family"": ""edge"", ""rewires"": 0, ""triangles_affected"": 0}",0.0,0,native_netlsd,paper_faithful,"{""distribution_distance"": ""l2_between_mean_signatures"", ""eigenvalue_count"": ""all"", ""eigenvalue_mode"": ""full_spectrum"", ""heat_signature"": ""heat_trace"", ""implementation_mode"": ""paper_faithful"", ""laplacian_type"": ""normalized"", ""method"": ""native_netlsd"", ""netlsd_normalization"": ""empty"", ""netlsd_time_scale_count"": 250, ""netlsd_time_scale_max"": 100.0, ""netlsd_time_scale_min"": 0.01, ""netlsd_time_scale_schedule"": ""logspace""}",edge,insertion,,100,12,72,26,435,0.0,0.0,0.0,0.0,0.0,6.8124300180006685,1.5850677490234375,success,
imdb_binary,"{""data_root"": ""data"", ""dataset_name"": ""IMDB-BINARY"", ""edge_probability"": 0.1, ""family"": ""imdb_binary"", ""m"": 2, ""num_blocks"": 3, ""num_graphs"": 100, ""num_nodes"": 50, ""p_in"": 0.25, ""p_out"": 0.03, ""seed"": 0}",edge_insertion,"{""alpha"": 0.0, ""edges_added"": 0, ""edges_removed"": 0, ""graphs"": 100, ""graphs_skipped"": 0, ""graphs_success"": 100, ""label_source"": null, ""method"": ""edge_insertion"", ""perturbation_direction"": ""insertion"", ""perturbation_family"": ""edge"", ""rewires"": 0, ""triangles_affected"": 0}",0.0,0,diversity_curves_shortest_path,paper_faithful,"{""distance_metric"": ""shortest_path"", ""distribution_distance"": ""l2_between_mean_curves"", ""diversity_contraction_mode"": ""random_edge"", ""diversity_curve_definition"": ""shortest_path_spread"", ""diversity_repetitions"": 3, ""diversity_scale_count"": ""dataset_max_nodes"", ""diversity_scale_schedule"": ""all_integer_cardinalities"", ""diversity_upsampling_enabled"": true, ""implementation_mode"": ""paper_faithful"", ""method"": ""diversity_curves_shortest_path"", ""random_seed"": 0}",edge,insertion,,100,12,72,26,435,0.0,0.0,0.0,0.0,0.0,698.2530139749997,1.4405097961425781,success,
imdb_binary,"{""data_root"": ""data"", ""dataset_name"": ""IMDB-BINARY"", ""edge_probability"": 0.1, ""family"": ""imdb_binary"", ""m"": 2, ""num_blocks"": 3, ""num_graphs"": 100, ""num_nodes"": 50, ""p_in"": 0.25, ""p_out"": 0.03, ""seed"": 0}",edge_insertion,"{""alpha"": 0.1, ""edges_added"": 597, ""edges_removed"": 0, ""graphs"": 100, ""graphs_skipped"": 0, ""graphs_success"": 100, ""label_source"": null, ""method"": ""edge_insertion"", ""perturbation_direction"": ""insertion"", ""perturbation_family"": ""edge"", ""rewires"": 0, ""triangles_affected"": 0}",0.1,0,structural_statistics_mmd,descriptor_baseline,"{""bandwidth"": 10.0, ""feature_count"": 9, ""implementation_mode"": ""descriptor_baseline"", ""kernel"": ""rbf_mmd"", ""method"": ""structural_statistics_mmd""}",edge,insertion,,100,12,72,26,435,0.010074082664536549,14.348184794243233,14.653586984551065,5.97,5.970101322696363,0.7956582940005319,0.067535400390625,success,
imdb_binary,"{""data_root"": ""data"", ""dataset_name"": ""IMDB-BINARY"", ""edge_probability"": 0.1, ""family"": ""imdb_binary"", ""m"": 2, ""num_blocks"": 3, ""num_graphs"": 100, ""num_nodes"": 50, ""p_in"": 0.25, ""p_out"": 0.03, ""seed"": 0}",edge_insertion,"{""alpha"": 0.1, ""edges_added"": 597, ""edges_removed"": 0, ""graphs"": 100, ""graphs_skipped"": 0, ""graphs_success"": 100, ""label_source"": null, ""method"": ""edge_insertion"", ""perturbation_direction"": ""insertion"", ""perturbation_family"": ""edge"", ""rewires"": 0, ""triangles_affected"": 0}",0.1,0,wl_subtree_kernel_mmd,paper_faithful,"{""implementation_mode"": ""paper_faithful"", ""method"": ""wl_subtree_kernel_mmd"", ""wl_compression"": ""shared_canonical_dictionary_per_comparison"", ""wl_feature_construction"": ""subtree_histograms_across_iterations"", ""wl_iterations"": 3, ""wl_kernel_distance_mode"": ""linear_mmd"", ""wl_label_initialization"": ""node_label_or_degree"", ""wl_node_label_key"": ""node_labels""}",edge,insertion,,100,12,72,26,435,8.700000000000001,2.9495762407505253,19.80788581146859,5.97,5.970101322696363,0.19983334000062314,2.1072559356689453,success,
imdb_binary,"{""data_root"": ""data"", ""dataset_name"": ""IMDB-BINARY"", ""edge_probability"": 0.1, ""family"": ""imdb_binary"", ""m"": 2, ""num_blocks"": 3, ""num_graphs"": 100, ""num_nodes"": 50, ""p_in"": 0.25, ""p_out"": 0.03, ""seed"": 0}",edge_insertion,"{""alpha"": 0.1, ""edges_added"": 597, ""edges_removed"": 0, ""graphs"": 100, ""graphs_skipped"": 0, ""graphs_success"": 100, ""label_source"": null, ""method"": ""edge_insertion"", ""perturbation_direction"": ""insertion"", ""perturbation_family"": ""edge"", ""rewires"": 0, ""triangles_affected"": 0}",0.1,0,native_netlsd,paper_faithful,"{""distribution_distance"": ""l2_between_mean_signatures"", ""eigenvalue_count"": ""all"", ""eigenvalue_mode"": ""full_spectrum"", ""heat_signature"": ""heat_trace"", ""implementation_mode"": ""paper_faithful"", ""laplacian_type"": ""normalized"", ""method"": ""native_netlsd"", ""netlsd_normalization"": ""empty"", ""netlsd_time_scale_count"": 250, ""netlsd_time_scale_max"": 100.0, ""netlsd_time_scale_min"": 0.01, ""netlsd_time_scale_schedule"": ""logspace""}",edge,insertion,,100,12,72,26,435,0.07331659593869917,0.07331659593869917,0.07404269885670495,5.97,5.970101322696363,13.333300193999094,1.5850677490234375,success,
imdb_binary,"{""data_root"": ""data"", ""dataset_name"": ""IMDB-BINARY"", ""edge_probability"": 0.1, ""family"": ""imdb_binary"", ""m"": 2, ""num_blocks"": 3, ""num_graphs"": 100, ""num_nodes"": 50, ""p_in"": 0.25, ""p_out"": 0.03, ""seed"": 0}",edge_insertion,"{""alpha"": 0.1, ""edges_added"": 597, ""edges_removed"": 0, ""graphs"": 100, ""graphs_skipped"": 0, ""graphs_success"": 100, ""label_source"": null, ""method"": ""edge_insertion"", ""perturbation_direction"": ""insertion"", ""perturbation_family"": ""edge"", ""rewires"": 0, ""triangles_affected"": 0}",0.1,0,diversity_curves_shortest_path,paper_faithful,"{""distance_metric"": ""shortest_path"", ""distribution_distance"": ""l2_between_mean_curves"", ""diversity_contraction_mode"": ""random_edge"", ""diversity_curve_definition"": ""shortest_path_spread"", ""diversity_repetitions"": 3, ""diversity_scale_count"": ""dataset_max_nodes"", ""diversity_scale_schedule"": ""all_integer_cardinalities"", ""diversity_upsampling_enabled"": true, ""implementation_mode"": ""paper_faithful"", ""method"": ""diversity_curves_shortest_path"", ""random_seed"": 0}",edge,insertion,,100,12,72,26,435,1.125881408427027,1.125881408427027,1.2667176607312798,5.97,5.970101322696363,723.2477571529998,1.4180412292480469,success,
imdb_binary,"{""data_root"": ""data"", ""dataset_name"": ""IMDB-BINARY"", ""edge_probability"": 0.1, ""family"": ""imdb_binary"", ""m"": 2, ""num_blocks"": 3, ""num_graphs"": 100, ""num_nodes"": 50, ""p_in"": 0.25, ""p_out"": 0.03, ""seed"": 0}",edge_insertion,"{""alpha"": 0.2, ""edges_added"": 1239, ""edges_removed"": 0, ""graphs"": 100, ""graphs_skipped"": 0, ""graphs_success"": 100, ""label_source"": null, ""method"": ""edge_insertion"", ""perturbation_direction"": ""insertion"", ""perturbation_family"": ""edge"", ""rewires"": 0, ""triangles_affected"": 0}",0.2,0,structural_statistics_mmd,descriptor_baseline,"{""bandwidth"": 10.0, ""feature_count"": 9, ""implementation_mode"": ""descriptor_baseline"", ""kernel"": ""rbf_mmd"", ""method"": ""structural_statistics_mmd""}",edge,insertion,,100,12,72,26,445,0.023009393313191795,37.460943224699086,38.083320273810365,12.39,12.390156289211163,0.8071471200000815,0.067535400390625,success,
imdb_binary,"{""data_root"": ""data"", ""dataset_name"": ""IMDB-BINARY"", ""edge_probability"": 0.1, ""family"": ""imdb_binary"", ""m"": 2, ""num_blocks"": 3, ""num_graphs"": 100, ""num_nodes"": 50, ""p_in"": 0.25, ""p_out"": 0.03, ""seed"": 0}",edge_insertion,"{""alpha"": 0.2, ""edges_added"": 1239, ""edges_removed"": 0, ""graphs"": 100, ""graphs_skipped"": 0, ""graphs_success"": 100, ""label_source"": null, ""method"": ""edge_insertion"", ""perturbation_direction"": ""insertion"", ""perturbation_family"": ""edge"", ""rewires"": 0, ""triangles_affected"": 0}",0.2,0,wl_subtree_kernel_mmd,paper_faithful,"{""implementation_mode"": ""paper_faithful"", ""method"": ""wl_subtree_kernel_mmd"", ""wl_compression"": ""shared_canonical_dictionary_per_comparison"", ""wl_feature_construction"": ""subtree_histograms_across_iterations"", ""wl_iterations"": 3, ""wl_kernel_distance_mode"": ""linear_mmd"", ""wl_label_initialization"": ""node_label_or_degree"", ""wl_node_label_key"": ""node_labels""}",edge,insertion,,100,12,72,26,445,13.9498,3.734943105323025,20.226266702179608,12.39,12.390156289211163,0.23075142500056245,2.302888870239258,success,
imdb_binary,"{""data_root"": ""data"", ""dataset_name"": ""IMDB-BINARY"", ""edge_probability"": 0.1, ""family"": ""imdb_binary"", ""m"": 2, ""num_blocks"": 3, ""num_graphs"": 100, ""num_nodes"": 50, ""p_in"": 0.25, ""p_out"": 0.03, ""seed"": 0}",edge_insertion,"{""alpha"": 0.2, ""edges_added"": 1239, ""edges_removed"": 0, ""graphs"": 100, ""graphs_skipped"": 0, ""graphs_success"": 100, ""label_source"": null, ""method"": ""edge_insertion"", ""perturbation_direction"": ""insertion"", ""perturbation_family"": ""edge"", ""rewires"": 0, ""triangles_affected"": 0}",0.2,0,native_netlsd,paper_faithful,"{""distribution_distance"": ""l2_between_mean_signatures"", ""eigenvalue_count"": ""all"", ""eigenvalue_mode"": ""full_spectrum"", ""heat_signature"": ""heat_trace"", ""implementation_mode"": ""paper_faithful"", ""laplacian_type"": ""normalized"", ""method"": ""native_netlsd"", ""netlsd_normalization"": ""empty"", ""netlsd_time_scale_count"": 250, ""netlsd_time_scale_max"": 100.0, ""netlsd_time_scale_min"": 0.01, ""netlsd_time_scale_schedule"": ""logspace""}",edge,insertion,,100,12,72,26,445,0.11389669193091957,0.11389669193091957,0.11483881086022224,12.39,12.390156289211163,18.334554899000068,1.5850677490234375,success,
imdb_binary,"{""data_root"": ""data"", ""dataset_name"": ""IMDB-BINARY"", ""edge_probability"": 0.1, ""family"": ""imdb_binary"", ""m"": 2, ""num_blocks"": 3, ""num_graphs"": 100, ""num_nodes"": 50, ""p_in"": 0.25, ""p_out"": 0.03, ""seed"": 0}",edge_insertion,"{""alpha"": 0.2, ""edges_added"": 1239, ""edges_removed"": 0, ""graphs"": 100, ""graphs_skipped"": 0, ""graphs_success"": 100, ""label_source"": null, ""method"": ""edge_insertion"", ""perturbation_direction"": ""insertion"", ""perturbation_family"": ""edge"", ""rewires"": 0, ""triangles_affected"": 0}",0.2,0,diversity_curves_shortest_path,paper_faithful,"{""distance_metric"": ""shortest_path"", ""distribution_distance"": ""l2_between_mean_curves"", ""diversity_contraction_mode"": ""random_edge"", ""diversity_curve_definition"": ""shortest_path_spread"", ""diversity_repetitions"": 3, ""diversity_scale_count"": ""dataset_max_nodes"", ""diversity_scale_schedule"": ""all_integer_cardinalities"", ""diversity_upsampling_enabled"": true, ""implementation_mode"": ""paper_faithful"", ""method"": ""diversity_curves_shortest_path"", ""random_seed"": 0}",edge,insertion,,100,12,72,26,445,2.0020126662135933,2.0020126662135933,2.081709139316732,12.39,12.390156289211163,732.8655488229997,1.4066505432128906,success,
imdb_binary,"{""data_root"": ""data"", ""dataset_name"": ""IMDB-BINARY"", ""edge_probability"": 0.1, ""family"": ""imdb_binary"", ""m"": 2, ""num_blocks"": 3, ""num_graphs"": 100, ""num_nodes"": 50, ""p_in"": 0.25, ""p_out"": 0.03, ""seed"": 0}",edge_insertion,"{""alpha"": 0.0, ""edges_added"": 0, ""edges_removed"": 0, ""graphs"": 100, ""graphs_skipped"": 0, ""graphs_success"": 100, ""label_source"": null, ""method"": ""edge_insertion"", ""perturbation_direction"": ""insertion"", ""perturbation_family"": ""edge"", ""rewires"": 0, ""triangles_affected"": 0}",0.0,0,structural_statistics_mmd,descriptor_baseline,"{""bandwidth"": 10.0, ""feature_count"": 9, ""implementation_mode"": ""descriptor_baseline"", ""kernel"": ""rbf_mmd"", ""method"": ""structural_statistics_mmd""}",edge,insertion,,100,12,72,26,435,0.0,0.0,0.0,0.0,0.0,2.21537148599964,0.0677337646484375,success,
imdb_binary,"{""data_root"": ""data"", ""dataset_name"": ""IMDB-BINARY"", ""edge_probability"": 0.1, ""family"": ""imdb_binary"", ""m"": 2, ""num_blocks"": 3, ""num_graphs"": 100, ""num_nodes"": 50, ""p_in"": 0.25, ""p_out"": 0.03, ""seed"": 0}",edge_insertion,"{""alpha"": 0.0, ""edges_added"": 0, ""edges_removed"": 0, ""graphs"": 100, ""graphs_skipped"": 0, ""graphs_success"": 100, ""label_source"": null, ""method"": ""edge_insertion"", ""perturbation_direction"": ""insertion"", ""perturbation_family"": ""edge"", ""rewires"": 0, ""triangles_affected"": 0}",0.0,0,wl_subtree_kernel_mmd,paper_faithful,"{""implementation_mode"": ""paper_faithful"", ""method"": ""wl_subtree_kernel_mmd"", ""wl_compression"": ""shared_canonical_dictionary_per_comparison"", ""wl_feature_construction"": ""subtree_histograms_across_iterations"", ""wl_iterations"": 3, ""wl_kernel_distance_mode"": ""linear_mmd"", ""wl_label_initialization"": ""node_label_or_degree"", ""wl_node_label_key"": ""node_labels""}",edge,insertion,,100,12,72,26,435,0.0,0.0,0.0,0.0,0.0,0.7390438319998793,1.4975481033325195,success,
imdb_binary,"{""data_root"": ""data"", ""dataset_name"": ""IMDB-BINARY"", ""edge_probability"": 0.1, ""family"": ""imdb_binary"", ""m"": 2, ""num_blocks"": 3, ""num_graphs"": 100, ""num_nodes"": 50, ""p_in"": 0.25, ""p_out"": 0.03, ""seed"": 0}",edge_insertion,"{""alpha"": 0.0, ""edges_added"": 0, ""edges_removed"": 0, ""graphs"": 100, ""graphs_skipped"": 0, ""graphs_success"": 100, ""label_source"": null, ""method"": ""edge_insertion"", ""perturbation_direction"": ""insertion"", ""perturbation_family"": ""edge"", ""rewires"": 0, ""triangles_affected"": 0}",0.0,0,native_netlsd,paper_faithful,"{""distribution_distance"": ""l2_between_mean_signatures"", ""eigenvalue_count"": ""all"", ""eigenvalue_mode"": ""full_spectrum"", ""heat_signature"": ""heat_trace"", ""implementation_mode"": ""paper_faithful"", ""laplacian_type"": ""normalized"", ""method"": ""native_netlsd"", ""netlsd_normalization"": ""empty"", ""netlsd_time_scale_count"": 250, ""netlsd_time_scale_max"": 100.0, ""netlsd_time_scale_min"": 0.01, ""netlsd_time_scale_schedule"": ""logspace""}",edge,insertion,,100,12,72,26,435,0.0,0.0,0.0,0.0,0.0,16.71961141599968,1.5850677490234375,success,
imdb_binary,"{""data_root"": ""data"", ""dataset_name"": ""IMDB-BINARY"", ""edge_probability"": 0.1, ""family"": ""imdb_binary"", ""m"": 2, ""num_blocks"": 3, ""num_graphs"": 100, ""num_nodes"": 50, ""p_in"": 0.25, ""p_out"": 0.03, ""seed"": 0}",edge_insertion,"{""alpha"": 0.0, ""edges_added"": 0, ""edges_removed"": 0, ""graphs"": 100, ""graphs_skipped"": 0, ""graphs_success"": 100, ""label_source"": null, ""method"": ""edge_insertion"", ""perturbation_direction"": ""insertion"", ""perturbation_family"": ""edge"", ""rewires"": 0, ""triangles_affected"": 0}",0.0,0,diversity_curves_shortest_path,paper_faithful,"{""distance_metric"": ""shortest_path"", ""distribution_distance"": ""l2_between_mean_curves"", ""diversity_contraction_mode"": ""random_edge"", ""diversity_curve_definition"": ""shortest_path_spread"", ""diversity_repetitions"": 3, ""diversity_scale_count"": ""dataset_max_nodes"", ""diversity_scale_schedule"": ""all_integer_cardinalities"", ""diversity_upsampling_enabled"": true, ""implementation_mode"": ""paper_faithful"", ""method"": ""diversity_curves_shortest_path"", ""random_seed"": 0}",edge,insertion,,100,12,72,26,435,0.0,0.0,0.0,0.0,0.0,725.995665561999,1.4405097961425781,success,
imdb_binary,"{""data_root"": ""data"", ""dataset_name"": ""IMDB-BINARY"", ""edge_probability"": 0.1, ""family"": ""imdb_binary"", ""m"": 2, ""num_blocks"": 3, ""num_graphs"": 100, ""num_nodes"": 50, ""p_in"": 0.25, ""p_out"": 0.03, ""seed"": 0}",edge_insertion,"{""alpha"": 0.3, ""edges_added"": 1847, ""edges_removed"": 0, ""graphs"": 100, ""graphs_skipped"": 0, ""graphs_success"": 100, ""label_source"": null, ""method"": ""edge_insertion"", ""perturbation_direction"": ""insertion"", ""perturbation_family"": ""edge"", ""rewires"": 0, ""triangles_affected"": 0}",0.3,0,structural_statistics_mmd,descriptor_baseline,"{""bandwidth"": 10.0, ""feature_count"": 9, ""implementation_mode"": ""descriptor_baseline"", ""kernel"": ""rbf_mmd"", ""method"": ""structural_statistics_mmd""}",edge,insertion,,100,12,72,26,482,0.03355560702966073,67.5076032466762,68.44787347312294,18.47,18.470240000613042,0.8437399479989836,0.067535400390625,success,
imdb_binary,"{""data_root"": ""data"", ""dataset_name"": ""IMDB-BINARY"", ""edge_probability"": 0.1, ""family"": ""imdb_binary"", ""m"": 2, ""num_blocks"": 3, ""num_graphs"": 100, ""num_nodes"": 50, ""p_in"": 0.25, ""p_out"": 0.03, ""seed"": 0}",edge_insertion,"{""alpha"": 0.3, ""edges_added"": 1847, ""edges_removed"": 0, ""graphs"": 100, ""graphs_skipped"": 0, ""graphs_success"": 100, ""label_source"": null, ""method"": ""edge_insertion"", ""perturbation_direction"": ""insertion"", ""perturbation_family"": ""edge"", ""rewires"": 0, ""triangles_affected"": 0}",0.3,0,wl_subtree_kernel_mmd,paper_faithful,"{""implementation_mode"": ""paper_faithful"", ""method"": ""wl_subtree_kernel_mmd"", ""wl_compression"": ""shared_canonical_dictionary_per_comparison"", ""wl_feature_construction"": ""subtree_histograms_across_iterations"", ""wl_iterations"": 3, ""wl_kernel_distance_mode"": ""linear_mmd"", ""wl_label_initialization"": ""node_label_or_degree"", ""wl_node_label_key"": ""node_labels""}",edge,insertion,,100,12,72,26,482,19.6246,4.42996613982545,20.791892451835064,18.47,18.470240000613042,0.2281391589986015,2.355113983154297,success,
imdb_binary,"{""data_root"": ""data"", ""dataset_name"": ""IMDB-BINARY"", ""edge_probability"": 0.1, ""family"": ""imdb_binary"", ""m"": 2, ""num_blocks"": 3, ""num_graphs"": 100, ""num_nodes"": 50, ""p_in"": 0.25, ""p_out"": 0.03, ""seed"": 0}",edge_insertion,"{""alpha"": 0.3, ""edges_added"": 1847, ""edges_removed"": 0, ""graphs"": 100, ""graphs_skipped"": 0, ""graphs_success"": 100, ""label_source"": null, ""method"": ""edge_insertion"", ""perturbation_direction"": ""insertion"", ""perturbation_family"": ""edge"", ""rewires"": 0, ""triangles_affected"": 0}",0.3,0,native_netlsd,paper_faithful,"{""distribution_distance"": ""l2_between_mean_signatures"", ""eigenvalue_count"": ""all"", ""eigenvalue_mode"": ""full_spectrum"", ""heat_signature"": ""heat_trace"", ""implementation_mode"": ""paper_faithful"", ""laplacian_type"": ""normalized"", ""method"": ""native_netlsd"", ""netlsd_normalization"": ""empty"", ""netlsd_time_scale_count"": 250, ""netlsd_time_scale_max"": 100.0, ""netlsd_time_scale_min"": 0.01, ""netlsd_time_scale_schedule"": ""logspace""}",edge,insertion,,100,12,72,26,482,0.1365468280122907,0.1365468280122907,0.1375681533486171,18.47,18.470240000613042,19.30637147699963,1.5850677490234375,success,
imdb_binary,"{""data_root"": ""data"", ""dataset_name"": ""IMDB-BINARY"", ""edge_probability"": 0.1, ""family"": ""imdb_binary"", ""m"": 2, ""num_blocks"": 3, ""num_graphs"": 100, ""num_nodes"": 50, ""p_in"": 0.25, ""p_out"": 0.03, ""seed"": 0}",edge_insertion,"{""alpha"": 0.3, ""edges_added"": 1847, ""edges_removed"": 0, ""graphs"": 100, ""graphs_skipped"": 0, ""graphs_success"": 100, ""label_source"": null, ""method"": ""edge_insertion"", ""perturbation_direction"": ""insertion"", ""perturbation_family"": ""edge"", ""rewires"": 0, ""triangles_affected"": 0}",0.3,0,diversity_curves_shortest_path,paper_faithful,"{""distance_metric"": ""shortest_path"", ""distribution_distance"": ""l2_between_mean_curves"", ""diversity_contraction_mode"": ""random_edge"", ""diversity_curve_definition"": ""shortest_path_spread"", ""diversity_repetitions"": 3, ""diversity_scale_count"": ""dataset_max_nodes"", ""diversity_scale_schedule"": ""all_integer_cardinalities"", ""diversity_upsampling_enabled"": true, ""implementation_mode"": ""paper_faithful"", ""method"": ""diversity_curves_shortest_path"", ""random_seed"": 0}",edge,insertion,,100,12,72,26,482,2.7892157097768844,2.7892157097768844,2.8460162433223104,18.47,18.470240000613042,741.8181005980005,1.4006538391113281,success,
imdb_binary,"{""data_root"": ""data"", ""dataset_name"": ""IMDB-BINARY"", ""edge_probability"": 0.1, ""family"": ""imdb_binary"", ""m"": 2, ""num_blocks"": 3, ""num_graphs"": 100, ""num_nodes"": 50, ""p_in"": 0.25, ""p_out"": 0.03, ""seed"": 0}",edge_insertion,"{""alpha"": 0.5, ""edges_added"": 3092, ""edges_removed"": 0, ""graphs"": 100, ""graphs_skipped"": 0, ""graphs_success"": 100, ""label_source"": null, ""method"": ""edge_insertion"", ""perturbation_direction"": ""insertion"", ""perturbation_family"": ""edge"", ""rewires"": 0, ""triangles_affected"": 0}",0.5,0,structural_statistics_mmd,descriptor_baseline,"{""bandwidth"": 10.0, ""feature_count"": 9, ""implementation_mode"": ""descriptor_baseline"", ""kernel"": ""rbf_mmd"", ""method"": ""structural_statistics_mmd""}",edge,insertion,,100,12,72,26,556,0.053515584057624,152.4656222787841,153.94528527168302,30.92,30.92025647553357,0.8410519179997209,0.067535400390625,success,
imdb_binary,"{""data_root"": ""data"", ""dataset_name"": ""IMDB-BINARY"", ""edge_probability"": 0.1, ""family"": ""imdb_binary"", ""m"": 2, ""num_blocks"": 3, ""num_graphs"": 100, ""num_nodes"": 50, ""p_in"": 0.25, ""p_out"": 0.03, ""seed"": 0}",edge_insertion,"{""alpha"": 0.5, ""edges_added"": 3092, ""edges_removed"": 0, ""graphs"": 100, ""graphs_skipped"": 0, ""graphs_success"": 100, ""label_source"": null, ""method"": ""edge_insertion"", ""perturbation_direction"": ""insertion"", ""perturbation_family"": ""edge"", ""rewires"": 0, ""triangles_affected"": 0}",0.5,0,wl_subtree_kernel_mmd,paper_faithful,"{""implementation_mode"": ""paper_faithful"", ""method"": ""wl_subtree_kernel_mmd"", ""wl_compression"": ""shared_canonical_dictionary_per_comparison"", ""wl_feature_construction"": ""subtree_histograms_across_iterations"", ""wl_iterations"": 3, ""wl_kernel_distance_mode"": ""linear_mmd"", ""wl_label_initialization"": ""node_label_or_degree"", ""wl_node_label_key"": ""node_labels""}",edge,insertion,,100,12,72,26,556,32.2344,5.677534676248134,22.302317564972284,30.92,30.92025647553357,0.2339816849998897,2.321749687194824,success,
imdb_binary,"{""data_root"": ""data"", ""dataset_name"": ""IMDB-BINARY"", ""edge_probability"": 0.1, ""family"": ""imdb_binary"", ""m"": 2, ""num_blocks"": 3, ""num_graphs"": 100, ""num_nodes"": 50, ""p_in"": 0.25, ""p_out"": 0.03, ""seed"": 0}",edge_insertion,"{""alpha"": 0.5, ""edges_added"": 3092, ""edges_removed"": 0, ""graphs"": 100, ""graphs_skipped"": 0, ""graphs_success"": 100, ""label_source"": null, ""method"": ""edge_insertion"", ""perturbation_direction"": ""insertion"", ""perturbation_family"": ""edge"", ""rewires"": 0, ""triangles_affected"": 0}",0.5,0,native_netlsd,paper_faithful,"{""distribution_distance"": ""l2_between_mean_signatures"", ""eigenvalue_count"": ""all"", ""eigenvalue_mode"": ""full_spectrum"", ""heat_signature"": ""heat_trace"", ""implementation_mode"": ""paper_faithful"", ""laplacian_type"": ""normalized"", ""method"": ""native_netlsd"", ""netlsd_normalization"": ""empty"", ""netlsd_time_scale_count"": 250, ""netlsd_time_scale_max"": 100.0, ""netlsd_time_scale_min"": 0.01, ""netlsd_time_scale_schedule"": ""logspace""}",edge,insertion,,100,12,72,26,556,0.16553174646369462,0.16553174646369462,0.1666268080640816,30.92,30.92025647553357,19.473411581999244,1.5850677490234375,success,
imdb_binary,"{""data_root"": ""data"", ""dataset_name"": ""IMDB-BINARY"", ""edge_probability"": 0.1, ""family"": ""imdb_binary"", ""m"": 2, ""num_blocks"": 3, ""num_graphs"": 100, ""num_nodes"": 50, ""p_in"": 0.25, ""p_out"": 0.03, ""seed"": 0}",edge_insertion,"{""alpha"": 0.5, ""edges_added"": 3092, ""edges_removed"": 0, ""graphs"": 100, ""graphs_skipped"": 0, ""graphs_success"": 100, ""label_source"": null, ""method"": ""edge_insertion"", ""perturbation_direction"": ""insertion"", ""perturbation_family"": ""edge"", ""rewires"": 0, ""triangles_affected"": 0}",0.5,0,diversity_curves_shortest_path,paper_faithful,"{""distance_metric"": ""shortest_path"", ""distribution_distance"": ""l2_between_mean_curves"", ""diversity_contraction_mode"": ""random_edge"", ""diversity_curve_definition"": ""shortest_path_spread"", ""diversity_repetitions"": 3, ""diversity_scale_count"": ""dataset_max_nodes"", ""diversity_scale_schedule"": ""all_integer_cardinalities"", ""diversity_upsampling_enabled"": true, ""implementation_mode"": ""paper_faithful"", ""method"": ""diversity_curves_shortest_path"", ""random_seed"": 0}",edge,insertion,,100,12,72,26,556,4.212019962752474,4.212019962752474,4.2441534905541065,30.92,30.92025647553357,746.0012101949997,1.4033470153808594,success,
imdb_binary,"{""data_root"": ""data"", ""dataset_name"": ""IMDB-BINARY"", ""edge_probability"": 0.1, ""family"": ""imdb_binary"", ""m"": 2, ""num_blocks"": 3, ""num_graphs"": 100, ""num_nodes"": 50, ""p_in"": 0.25, ""p_out"": 0.03, ""seed"": 0}",edge_insertion,"{""alpha"": 0.2, ""edges_added"": 1239, ""edges_removed"": 0, ""graphs"": 100, ""graphs_skipped"": 0, ""graphs_success"": 100, ""label_source"": null, ""method"": ""edge_insertion"", ""perturbation_direction"": ""insertion"", ""perturbation_family"": ""edge"", ""rewires"": 0, ""triangles_affected"": 0}",0.2,0,structural_statistics_mmd,descriptor_baseline,"{""bandwidth"": 10.0, ""feature_count"": 9, ""implementation_mode"": ""descriptor_baseline"", ""kernel"": ""rbf_mmd"", ""method"": ""structural_statistics_mmd""}",edge,insertion,,100,12,72,26,445,0.023009393313191795,37.460943224699086,38.083320273810365,12.39,12.390156289211163,1.6147829090004961,0.067535400390625,success,
imdb_binary,"{""data_root"": ""data"", ""dataset_name"": ""IMDB-BINARY"", ""edge_probability"": 0.1, ""family"": ""imdb_binary"", ""m"": 2, ""num_blocks"": 3, ""num_graphs"": 100, ""num_nodes"": 50, ""p_in"": 0.25, ""p_out"": 0.03, ""seed"": 0}",edge_insertion,"{""alpha"": 0.2, ""edges_added"": 1239, ""edges_removed"": 0, ""graphs"": 100, ""graphs_skipped"": 0, ""graphs_success"": 100, ""label_source"": null, ""method"": ""edge_insertion"", ""perturbation_direction"": ""insertion"", ""perturbation_family"": ""edge"", ""rewires"": 0, ""triangles_affected"": 0}",0.2,0,wl_subtree_kernel_mmd,paper_faithful,"{""implementation_mode"": ""paper_faithful"", ""method"": ""wl_subtree_kernel_mmd"", ""wl_compression"": ""shared_canonical_dictionary_per_comparison"", ""wl_feature_construction"": ""subtree_histograms_across_iterations"", ""wl_iterations"": 3, ""wl_kernel_distance_mode"": ""linear_mmd"", ""wl_label_initialization"": ""node_label_or_degree"", ""wl_node_label_key"": ""node_labels""}",edge,insertion,,100,12,72,26,445,13.9498,3.734943105323025,20.226266702179608,12.39,12.390156289211163,0.5312850190002791,2.302888870239258,success,
imdb_binary,"{""data_root"": ""data"", ""dataset_name"": ""IMDB-BINARY"", ""edge_probability"": 0.1, ""family"": ""imdb_binary"", ""m"": 2, ""num_blocks"": 3, ""num_graphs"": 100, ""num_nodes"": 50, ""p_in"": 0.25, ""p_out"": 0.03, ""seed"": 0}",edge_insertion,"{""alpha"": 0.2, ""edges_added"": 1239, ""edges_removed"": 0, ""graphs"": 100, ""graphs_skipped"": 0, ""graphs_success"": 100, ""label_source"": null, ""method"": ""edge_insertion"", ""perturbation_direction"": ""insertion"", ""perturbation_family"": ""edge"", ""rewires"": 0, ""triangles_affected"": 0}",0.2,0,native_netlsd,paper_faithful,"{""distribution_distance"": ""l2_between_mean_signatures"", ""eigenvalue_count"": ""all"", ""eigenvalue_mode"": ""full_spectrum"", ""heat_signature"": ""heat_trace"", ""implementation_mode"": ""paper_faithful"", ""laplacian_type"": ""normalized"", ""method"": ""native_netlsd"", ""netlsd_normalization"": ""empty"", ""netlsd_time_scale_count"": 250, ""netlsd_time_scale_max"": 100.0, ""netlsd_time_scale_min"": 0.01, ""netlsd_time_scale_schedule"": ""logspace""}",edge,insertion,,100,12,72,26,445,0.11389669193091957,0.11389669193091957,0.11483881086022224,12.39,12.390156289211163,36.046117115000015,1.5850677490234375,success,
imdb_binary,"{""data_root"": ""data"", ""dataset_name"": ""IMDB-BINARY"", ""edge_probability"": 0.1, ""family"": ""imdb_binary"", ""m"": 2, ""num_blocks"": 3, ""num_graphs"": 100, ""num_nodes"": 50, ""p_in"": 0.25, ""p_out"": 0.03, ""seed"": 0}",edge_insertion,"{""alpha"": 0.2, ""edges_added"": 1239, ""edges_removed"": 0, ""graphs"": 100, ""graphs_skipped"": 0, ""graphs_success"": 100, ""label_source"": null, ""method"": ""edge_insertion"", ""perturbation_direction"": ""insertion"", ""perturbation_family"": ""edge"", ""rewires"": 0, ""triangles_affected"": 0}",0.2,0,diversity_curves_shortest_path,paper_faithful,"{""distance_metric"": ""shortest_path"", ""distribution_distance"": ""l2_between_mean_curves"", ""diversity_contraction_mode"": ""random_edge"", ""diversity_curve_definition"": ""shortest_path_spread"", ""diversity_repetitions"": 3, ""diversity_scale_count"": ""dataset_max_nodes"", ""diversity_scale_schedule"": ""all_integer_cardinalities"", ""diversity_upsampling_enabled"": true, ""implementation_mode"": ""paper_faithful"", ""method"": ""diversity_curves_shortest_path"", ""random_seed"": 0}",edge,insertion,,100,12,72,26,445,2.0020126662135933,2.0020126662135933,2.081709139316732,12.39,12.390156289211163,712.3947058989997,1.4066505432128906,success,
imdb_binary,"{""data_root"": ""data"", ""dataset_name"": ""IMDB-BINARY"", ""edge_probability"": 0.1, ""family"": ""imdb_binary"", ""m"": 2, ""num_blocks"": 3, ""num_graphs"": 100, ""num_nodes"": 50, ""p_in"": 0.25, ""p_out"": 0.03, ""seed"": 0}",edge_deletion,"{""alpha"": 0.0, ""edges_added"": 0, ""edges_removed"": 0, ""graphs"": 100, ""graphs_skipped"": 0, ""graphs_success"": 100, ""label_source"": null, ""method"": ""edge_deletion"", ""perturbation_direction"": ""deletion"", ""perturbation_family"": ""edge"", ""rewires"": 0, ""triangles_affected"": 0}",0.0,0,structural_statistics_mmd,descriptor_baseline,"{""bandwidth"": 10.0, ""feature_count"": 9, ""implementation_mode"": ""descriptor_baseline"", ""kernel"": ""rbf_mmd"", ""method"": ""structural_statistics_mmd""}",edge,deletion,,100,12,72,26,435,0.0,0.0,0.0,0.0,0.0,2.3384026329986227,0.0677337646484375,success,
imdb_binary,"{""data_root"": ""data"", ""dataset_name"": ""IMDB-BINARY"", ""edge_probability"": 0.1, ""family"": ""imdb_binary"", ""m"": 2, ""num_blocks"": 3, ""num_graphs"": 100, ""num_nodes"": 50, ""p_in"": 0.25, ""p_out"": 0.03, ""seed"": 0}",edge_deletion,"{""alpha"": 0.0, ""edges_added"": 0, ""edges_removed"": 0, ""graphs"": 100, ""graphs_skipped"": 0, ""graphs_success"": 100, ""label_source"": null, ""method"": ""edge_deletion"", ""perturbation_direction"": ""deletion"", ""perturbation_family"": ""edge"", ""rewires"": 0, ""triangles_affected"": 0}",0.0,0,wl_subtree_kernel_mmd,paper_faithful,"{""implementation_mode"": ""paper_faithful"", ""method"": ""wl_subtree_kernel_mmd"", ""wl_compression"": ""shared_canonical_dictionary_per_comparison"", ""wl_feature_construction"": ""subtree_histograms_across_iterations"", ""wl_iterations"": 3, ""wl_kernel_distance_mode"": ""linear_mmd"", ""wl_label_initialization"": ""node_label_or_degree"", ""wl_node_label_key"": ""node_labels""}",edge,deletion,,100,12,72,26,435,0.0,0.0,0.0,0.0,0.0,0.4952575090010214,1.4975481033325195,success,
imdb_binary,"{""data_root"": ""data"", ""dataset_name"": ""IMDB-BINARY"", ""edge_probability"": 0.1, ""family"": ""imdb_binary"", ""m"": 2, ""num_blocks"": 3, ""num_graphs"": 100, ""num_nodes"": 50, ""p_in"": 0.25, ""p_out"": 0.03, ""seed"": 0}",edge_deletion,"{""alpha"": 0.0, ""edges_added"": 0, ""edges_removed"": 0, ""graphs"": 100, ""graphs_skipped"": 0, ""graphs_success"": 100, ""label_source"": null, ""method"": ""edge_deletion"", ""perturbation_direction"": ""deletion"", ""perturbation_family"": ""edge"", ""rewires"": 0, ""triangles_affected"": 0}",0.0,0,native_netlsd,paper_faithful,"{""distribution_distance"": ""l2_between_mean_signatures"", ""eigenvalue_count"": ""all"", ""eigenvalue_mode"": ""full_spectrum"", ""heat_signature"": ""heat_trace"", ""implementation_mode"": ""paper_faithful"", ""laplacian_type"": ""normalized"", ""method"": ""native_netlsd"", ""netlsd_normalization"": ""empty"", ""netlsd_time_scale_count"": 250, ""netlsd_time_scale_max"": 100.0, ""netlsd_time_scale_min"": 0.01, ""netlsd_time_scale_schedule"": ""logspace""}",edge,deletion,,100,12,72,26,435,0.0,0.0,0.0,0.0,0.0,16.425098671999876,1.5850677490234375,success,
imdb_binary,"{""data_root"": ""data"", ""dataset_name"": ""IMDB-BINARY"", ""edge_probability"": 0.1, ""family"": ""imdb_binary"", ""m"": 2, ""num_blocks"": 3, ""num_graphs"": 100, ""num_nodes"": 50, ""p_in"": 0.25, ""p_out"": 0.03, ""seed"": 0}",edge_deletion,"{""alpha"": 0.0, ""edges_added"": 0, ""edges_removed"": 0, ""graphs"": 100, ""graphs_skipped"": 0, ""graphs_success"": 100, ""label_source"": null, ""method"": ""edge_deletion"", ""perturbation_direction"": ""deletion"", ""perturbation_family"": ""edge"", ""rewires"": 0, ""triangles_affected"": 0}",0.0,0,diversity_curves_shortest_path,paper_faithful,"{""distance_metric"": ""shortest_path"", ""distribution_distance"": ""l2_between_mean_curves"", ""diversity_contraction_mode"": ""random_edge"", ""diversity_curve_definition"": ""shortest_path_spread"", ""diversity_repetitions"": 3, ""diversity_scale_count"": ""dataset_max_nodes"", ""diversity_scale_schedule"": ""all_integer_cardinalities"", ""diversity_upsampling_enabled"": true, ""implementation_mode"": ""paper_faithful"", ""method"": ""diversity_curves_shortest_path"", ""random_seed"": 0}",edge,deletion,,100,12,72,26,435,0.0,0.0,0.0,0.0,0.0,732.9564642259993,1.4405097961425781,success,
imdb_binary,"{""data_root"": ""data"", ""dataset_name"": ""IMDB-BINARY"", ""edge_probability"": 0.1, ""family"": ""imdb_binary"", ""m"": 2, ""num_blocks"": 3, ""num_graphs"": 100, ""num_nodes"": 50, ""p_in"": 0.25, ""p_out"": 0.03, ""seed"": 0}",edge_insertion,"{""alpha"": 0.1, ""edges_added"": 597, ""edges_removed"": 0, ""graphs"": 100, ""graphs_skipped"": 0, ""graphs_success"": 100, ""label_source"": null, ""method"": ""edge_insertion"", ""perturbation_direction"": ""insertion"", ""perturbation_family"": ""edge"", ""rewires"": 0, ""triangles_affected"": 0}",0.1,0,structural_statistics_mmd,descriptor_baseline,"{""bandwidth"": 10.0, ""feature_count"": 9, ""implementation_mode"": ""descriptor_baseline"", ""kernel"": ""rbf_mmd"", ""method"": ""structural_statistics_mmd""}",edge,insertion,,100,12,72,26,435,0.010074082664536549,14.348184794243233,14.653586984551065,5.97,5.970101322696363,1.8958877500008384,0.067535400390625,success,
imdb_binary,"{""data_root"": ""data"", ""dataset_name"": ""IMDB-BINARY"", ""edge_probability"": 0.1, ""family"": ""imdb_binary"", ""m"": 2, ""num_blocks"": 3, ""num_graphs"": 100, ""num_nodes"": 50, ""p_in"": 0.25, ""p_out"": 0.03, ""seed"": 0}",edge_insertion,"{""alpha"": 0.1, ""edges_added"": 597, ""edges_removed"": 0, ""graphs"": 100, ""graphs_skipped"": 0, ""graphs_success"": 100, ""label_source"": null, ""method"": ""edge_insertion"", ""perturbation_direction"": ""insertion"", ""perturbation_family"": ""edge"", ""rewires"": 0, ""triangles_affected"": 0}",0.1,0,wl_subtree_kernel_mmd,paper_faithful,"{""implementation_mode"": ""paper_faithful"", ""method"": ""wl_subtree_kernel_mmd"", ""wl_compression"": ""shared_canonical_dictionary_per_comparison"", ""wl_feature_construction"": ""subtree_histograms_across_iterations"", ""wl_iterations"": 3, ""wl_kernel_distance_mode"": ""linear_mmd"", ""wl_label_initialization"": ""node_label_or_degree"", ""wl_node_label_key"": ""node_labels""}",edge,insertion,,100,12,72,26,435,8.700000000000001,2.9495762407505253,19.80788581146859,5.97,5.970101322696363,0.6010145340005693,2.1072559356689453,success,
imdb_binary,"{""data_root"": ""data"", ""dataset_name"": ""IMDB-BINARY"", ""edge_probability"": 0.1, ""family"": ""imdb_binary"", ""m"": 2, ""num_blocks"": 3, ""num_graphs"": 100, ""num_nodes"": 50, ""p_in"": 0.25, ""p_out"": 0.03, ""seed"": 0}",edge_insertion,"{""alpha"": 0.1, ""edges_added"": 597, ""edges_removed"": 0, ""graphs"": 100, ""graphs_skipped"": 0, ""graphs_success"": 100, ""label_source"": null, ""method"": ""edge_insertion"", ""perturbation_direction"": ""insertion"", ""perturbation_family"": ""edge"", ""rewires"": 0, ""triangles_affected"": 0}",0.1,0,native_netlsd,paper_faithful,"{""distribution_distance"": ""l2_between_mean_signatures"", ""eigenvalue_count"": ""all"", ""eigenvalue_mode"": ""full_spectrum"", ""heat_signature"": ""heat_trace"", ""implementation_mode"": ""paper_faithful"", ""laplacian_type"": ""normalized"", ""method"": ""native_netlsd"", ""netlsd_normalization"": ""empty"", ""netlsd_time_scale_count"": 250, ""netlsd_time_scale_max"": 100.0, ""netlsd_time_scale_min"": 0.01, ""netlsd_time_scale_schedule"": ""logspace""}",edge,insertion,,100,12,72,26,435,0.07331659593869917,0.07331659593869917,0.07404269885670495,5.97,5.970101322696363,28.05966154000089,1.5850677490234375,success,
imdb_binary,"{""data_root"": ""data"", ""dataset_name"": ""IMDB-BINARY"", ""edge_probability"": 0.1, ""family"": ""imdb_binary"", ""m"": 2, ""num_blocks"": 3, ""num_graphs"": 100, ""num_nodes"": 50, ""p_in"": 0.25, ""p_out"": 0.03, ""seed"": 0}",edge_insertion,"{""alpha"": 0.1, ""edges_added"": 597, ""edges_removed"": 0, ""graphs"": 100, ""graphs_skipped"": 0, ""graphs_success"": 100, ""label_source"": null, ""method"": ""edge_insertion"", ""perturbation_direction"": ""insertion"", ""perturbation_family"": ""edge"", ""rewires"": 0, ""triangles_affected"": 0}",0.1,0,diversity_curves_shortest_path,paper_faithful,"{""distance_metric"": ""shortest_path"", ""distribution_distance"": ""l2_between_mean_curves"", ""diversity_contraction_mode"": ""random_edge"", ""diversity_curve_definition"": ""shortest_path_spread"", ""diversity_repetitions"": 3, ""diversity_scale_count"": ""dataset_max_nodes"", ""diversity_scale_schedule"": ""all_integer_cardinalities"", ""diversity_upsampling_enabled"": true, ""implementation_mode"": ""paper_faithful"", ""method"": ""diversity_curves_shortest_path"", ""random_seed"": 0}",edge,insertion,,100,12,72,26,435,1.125881408427027,1.125881408427027,1.2667176607312798,5.97,5.970101322696363,722.9271897959989,1.4180412292480469,success,
imdb_binary,"{""data_root"": ""data"", ""dataset_name"": ""IMDB-BINARY"", ""edge_probability"": 0.1, ""family"": ""imdb_binary"", ""m"": 2, ""num_blocks"": 3, ""num_graphs"": 100, ""num_nodes"": 50, ""p_in"": 0.25, ""p_out"": 0.03, ""seed"": 0}",edge_insertion,"{""alpha"": 0.7, ""edges_added"": 4125, ""edges_removed"": 0, ""graphs"": 100, ""graphs_skipped"": 0, ""graphs_success"": 100, ""label_source"": null, ""method"": ""edge_insertion"", ""perturbation_direction"": ""insertion"", ""perturbation_family"": ""edge"", ""rewires"": 0, ""triangles_affected"": 0}",0.7,0,structural_statistics_mmd,descriptor_baseline,"{""bandwidth"": 10.0, ""feature_count"": 9, ""implementation_mode"": ""descriptor_baseline"", ""kernel"": ""rbf_mmd"", ""method"": ""structural_statistics_mmd""}",edge,insertion,,100,12,72,26,595,0.06856884633529448,232.5878619881818,234.19535389693235,41.25,41.25034907816595,0.866006213998844,0.067535400390625,success,
imdb_binary,"{""data_root"": ""data"", ""dataset_name"": ""IMDB-BINARY"", ""edge_probability"": 0.1, ""family"": ""imdb_binary"", ""m"": 2, ""num_blocks"": 3, ""num_graphs"": 100, ""num_nodes"": 50, ""p_in"": 0.25, ""p_out"": 0.03, ""seed"": 0}",edge_insertion,"{""alpha"": 0.7, ""edges_added"": 4125, ""edges_removed"": 0, ""graphs"": 100, ""graphs_skipped"": 0, ""graphs_success"": 100, ""label_source"": null, ""method"": ""edge_insertion"", ""perturbation_direction"": ""insertion"", ""perturbation_family"": ""edge"", ""rewires"": 0, ""triangles_affected"": 0}",0.7,0,wl_subtree_kernel_mmd,paper_faithful,"{""implementation_mode"": ""paper_faithful"", ""method"": ""wl_subtree_kernel_mmd"", ""wl_compression"": ""shared_canonical_dictionary_per_comparison"", ""wl_feature_construction"": ""subtree_histograms_across_iterations"", ""wl_iterations"": 3, ""wl_kernel_distance_mode"": ""linear_mmd"", ""wl_label_initialization"": ""node_label_or_degree"", ""wl_node_label_key"": ""node_labels""}",edge,insertion,,100,12,72,26,595,44.413399999999996,6.664337926606063,24.792714774637748,41.25,41.25034907816595,0.2032880889983062,2.19907283782959,success,
imdb_binary,"{""data_root"": ""data"", ""dataset_name"": ""IMDB-BINARY"", ""edge_probability"": 0.1, ""family"": ""imdb_binary"", ""m"": 2, ""num_blocks"": 3, ""num_graphs"": 100, ""num_nodes"": 50, ""p_in"": 0.25, ""p_out"": 0.03, ""seed"": 0}",edge_insertion,"{""alpha"": 0.7, ""edges_added"": 4125, ""edges_removed"": 0, ""graphs"": 100, ""graphs_skipped"": 0, ""graphs_success"": 100, ""label_source"": null, ""method"": ""edge_insertion"", ""perturbation_direction"": ""insertion"", ""perturbation_family"": ""edge"", ""rewires"": 0, ""triangles_affected"": 0}",0.7,0,native_netlsd,paper_faithful,"{""distribution_distance"": ""l2_between_mean_signatures"", ""eigenvalue_count"": ""all"", ""eigenvalue_mode"": ""full_spectrum"", ""heat_signature"": ""heat_trace"", ""implementation_mode"": ""paper_faithful"", ""laplacian_type"": ""normalized"", ""method"": ""native_netlsd"", ""netlsd_normalization"": ""empty"", ""netlsd_time_scale_count"": 250, ""netlsd_time_scale_max"": 100.0, ""netlsd_time_scale_min"": 0.01, ""netlsd_time_scale_schedule"": ""logspace""}",edge,insertion,,100,12,72,26,595,0.18067154547296152,0.18067154547296152,0.18174960302819015,41.25,41.25034907816595,16.23854838400075,1.5850677490234375,success,
imdb_binary,"{""data_root"": ""data"", ""dataset_name"": ""IMDB-BINARY"", ""edge_probability"": 0.1, ""family"": ""imdb_binary"", ""m"": 2, ""num_blocks"": 3, ""num_graphs"": 100, ""num_nodes"": 50, ""p_in"": 0.25, ""p_out"": 0.03, ""seed"": 0}",edge_insertion,"{""alpha"": 0.7, ""edges_added"": 4125, ""edges_removed"": 0, ""graphs"": 100, ""graphs_skipped"": 0, ""graphs_success"": 100, ""label_source"": null, ""method"": ""edge_insertion"", ""perturbation_direction"": ""insertion"", ""perturbation_family"": ""edge"", ""rewires"": 0, ""triangles_affected"": 0}",0.7,0,diversity_curves_shortest_path,paper_faithful,"{""distance_metric"": ""shortest_path"", ""distribution_distance"": ""l2_between_mean_curves"", ""diversity_contraction_mode"": ""random_edge"", ""diversity_curve_definition"": ""shortest_path_spread"", ""diversity_repetitions"": 3, ""diversity_scale_count"": ""dataset_max_nodes"", ""diversity_scale_schedule"": ""all_integer_cardinalities"", ""diversity_upsampling_enabled"": true, ""implementation_mode"": ""paper_faithful"", ""method"": ""diversity_curves_shortest_path"", ""random_seed"": 0}",edge,insertion,,100,12,72,26,595,5.383345542512526,5.383345542512526,5.408874340695645,41.25,41.25034907816595,764.4211597209996,1.4185914993286133,success,
imdb_binary,"{""data_root"": ""data"", ""dataset_name"": ""IMDB-BINARY"", ""edge_probability"": 0.1, ""family"": ""imdb_binary"", ""m"": 2, ""num_blocks"": 3, ""num_graphs"": 100, ""num_nodes"": 50, ""p_in"": 0.25, ""p_out"": 0.03, ""seed"": 0}",edge_insertion,"{""alpha"": 0.4, ""edges_added"": 2473, ""edges_removed"": 0, ""graphs"": 100, ""graphs_skipped"": 0, ""graphs_success"": 100, ""label_source"": null, ""method"": ""edge_insertion"", ""perturbation_direction"": ""insertion"", ""perturbation_family"": ""edge"", ""rewires"": 0, ""triangles_affected"": 0}",0.4,0,structural_statistics_mmd,descriptor_baseline,"{""bandwidth"": 10.0, ""feature_count"": 9, ""implementation_mode"": ""descriptor_baseline"", ""kernel"": ""rbf_mmd"", ""method"": ""structural_statistics_mmd""}",edge,insertion,,100,12,72,26,519,0.047497030836357486,104.98403015434737,106.2102013898004,24.73,24.730244562129464,0.8376684509985353,0.067535400390625,success,
imdb_binary,"{""data_root"": ""data"", ""dataset_name"": ""IMDB-BINARY"", ""edge_probability"": 0.1, ""family"": ""imdb_binary"", ""m"": 2, ""num_blocks"": 3, ""num_graphs"": 100, ""num_nodes"": 50, ""p_in"": 0.25, ""p_out"": 0.03, ""seed"": 0}",edge_insertion,"{""alpha"": 0.4, ""edges_added"": 2473, ""edges_removed"": 0, ""graphs"": 100, ""graphs_skipped"": 0, ""graphs_success"": 100, ""label_source"": null, ""method"": ""edge_insertion"", ""perturbation_direction"": ""insertion"", ""perturbation_family"": ""edge"", ""rewires"": 0, ""triangles_affected"": 0}",0.4,0,wl_subtree_kernel_mmd,paper_faithful,"{""implementation_mode"": ""paper_faithful"", ""method"": ""wl_subtree_kernel_mmd"", ""wl_compression"": ""shared_canonical_dictionary_per_comparison"", ""wl_feature_construction"": ""subtree_histograms_across_iterations"", ""wl_iterations"": 3, ""wl_kernel_distance_mode"": ""linear_mmd"", ""wl_label_initialization"": ""node_label_or_degree"", ""wl_node_label_key"": ""node_labels""}",edge,insertion,,100,12,72,26,519,25.9972,5.098744943611123,21.388721815514796,24.73,24.730244562129464,0.2354548530001921,2.3599424362182617,success,
imdb_binary,"{""data_root"": ""data"", ""dataset_name"": ""IMDB-BINARY"", ""edge_probability"": 0.1, ""family"": ""imdb_binary"", ""m"": 2, ""num_blocks"": 3, ""num_graphs"": 100, ""num_nodes"": 50, ""p_in"": 0.25, ""p_out"": 0.03, ""seed"": 0}",edge_insertion,"{""alpha"": 0.4, ""edges_added"": 2473, ""edges_removed"": 0, ""graphs"": 100, ""graphs_skipped"": 0, ""graphs_success"": 100, ""label_source"": null, ""method"": ""edge_insertion"", ""perturbation_direction"": ""insertion"", ""perturbation_family"": ""edge"", ""rewires"": 0, ""triangles_affected"": 0}",0.4,0,native_netlsd,paper_faithful,"{""distribution_distance"": ""l2_between_mean_signatures"", ""eigenvalue_count"": ""all"", ""eigenvalue_mode"": ""full_spectrum"", ""heat_signature"": ""heat_trace"", ""implementation_mode"": ""paper_faithful"", ""laplacian_type"": ""normalized"", ""method"": ""native_netlsd"", ""netlsd_normalization"": ""empty"", ""netlsd_time_scale_count"": 250, ""netlsd_time_scale_max"": 100.0, ""netlsd_time_scale_min"": 0.01, ""netlsd_time_scale_schedule"": ""logspace""}",edge,insertion,,100,12,72,26,519,0.15383968083664737,0.15383968083664737,0.15490647598063773,24.73,24.730244562129464,18.718258663000597,1.5850677490234375,success,
imdb_binary,"{""data_root"": ""data"", ""dataset_name"": ""IMDB-BINARY"", ""edge_probability"": 0.1, ""family"": ""imdb_binary"", ""m"": 2, ""num_blocks"": 3, ""num_graphs"": 100, ""num_nodes"": 50, ""p_in"": 0.25, ""p_out"": 0.03, ""seed"": 0}",edge_insertion,"{""alpha"": 0.4, ""edges_added"": 2473, ""edges_removed"": 0, ""graphs"": 100, ""graphs_skipped"": 0, ""graphs_success"": 100, ""label_source"": null, ""method"": ""edge_insertion"", ""perturbation_direction"": ""insertion"", ""perturbation_family"": ""edge"", ""rewires"": 0, ""triangles_affected"": 0}",0.4,0,diversity_curves_shortest_path,paper_faithful,"{""distance_metric"": ""shortest_path"", ""distribution_distance"": ""l2_between_mean_curves"", ""diversity_contraction_mode"": ""random_edge"", ""diversity_curve_definition"": ""shortest_path_spread"", ""diversity_repetitions"": 3, ""diversity_scale_count"": ""dataset_max_nodes"", ""diversity_scale_schedule"": ""all_integer_cardinalities"", ""diversity_upsampling_enabled"": true, ""implementation_mode"": ""paper_faithful"", ""method"": ""diversity_curves_shortest_path"", ""random_seed"": 0}",edge,insertion,,100,12,72,26,519,3.538596376881413,3.538596376881413,3.5814603388146353,24.73,24.730244562129464,762.593391078999,1.4001121520996094,success,
imdb_binary,"{""data_root"": ""data"", ""dataset_name"": ""IMDB-BINARY"", ""edge_probability"": 0.1, ""family"": ""imdb_binary"", ""m"": 2, ""num_blocks"": 3, ""num_graphs"": 100, ""num_nodes"": 50, ""p_in"": 0.25, ""p_out"": 0.03, ""seed"": 0}",edge_insertion,"{""alpha"": 0.6, ""edges_added"": 3633, ""edges_removed"": 0, ""graphs"": 100, ""graphs_skipped"": 0, ""graphs_success"": 100, ""label_source"": null, ""method"": ""edge_insertion"", ""perturbation_direction"": ""insertion"", ""perturbation_family"": ""edge"", ""rewires"": 0, ""triangles_affected"": 0}",0.6,0,structural_statistics_mmd,descriptor_baseline,"{""bandwidth"": 10.0, ""feature_count"": 9, ""implementation_mode"": ""descriptor_baseline"", ""kernel"": ""rbf_mmd"", ""method"": ""structural_statistics_mmd""}",edge,insertion,,100,12,72,26,593,0.058615003986780524,197.41806654189136,199.0497288377362,36.33,36.330270253271976,0.8401619549986208,0.067535400390625,success,
imdb_binary,"{""data_root"": ""data"", ""dataset_name"": ""IMDB-BINARY"", ""edge_probability"": 0.1, ""family"": ""imdb_binary"", ""m"": 2, ""num_blocks"": 3, ""num_graphs"": 100, ""num_nodes"": 50, ""p_in"": 0.25, ""p_out"": 0.03, ""seed"": 0}",edge_insertion,"{""alpha"": 0.6, ""edges_added"": 3633, ""edges_removed"": 0, ""graphs"": 100, ""graphs_skipped"": 0, ""graphs_success"": 100, ""label_source"": null, ""method"": ""edge_insertion"", ""perturbation_direction"": ""insertion"", ""perturbation_family"": ""edge"", ""rewires"": 0, ""triangles_affected"": 0}",0.6,0,wl_subtree_kernel_mmd,paper_faithful,"{""implementation_mode"": ""paper_faithful"", ""method"": ""wl_subtree_kernel_mmd"", ""wl_compression"": ""shared_canonical_dictionary_per_comparison"", ""wl_feature_construction"": ""subtree_histograms_across_iterations"", ""wl_iterations"": 3, ""wl_kernel_distance_mode"": ""linear_mmd"", ""wl_label_initialization"": ""node_label_or_degree"", ""wl_node_label_key"": ""node_labels""}",edge,insertion,,100,12,72,26,593,38.07,6.17008914036094,23.64157897030636,36.33,36.330270253271976,0.2160068039993348,2.2769908905029297,success,
imdb_binary,"{""data_root"": ""data"", ""dataset_name"": ""IMDB-BINARY"", ""edge_probability"": 0.1, ""family"": ""imdb_binary"", ""m"": 2, ""num_blocks"": 3, ""num_graphs"": 100, ""num_nodes"": 50, ""p_in"": 0.25, ""p_out"": 0.03, ""seed"": 0}",edge_insertion,"{""alpha"": 0.6, ""edges_added"": 3633, ""edges_removed"": 0, ""graphs"": 100, ""graphs_skipped"": 0, ""graphs_success"": 100, ""label_source"": null, ""method"": ""edge_insertion"", ""perturbation_direction"": ""insertion"", ""perturbation_family"": ""edge"", ""rewires"": 0, ""triangles_affected"": 0}",0.6,0,native_netlsd,paper_faithful,"{""distribution_distance"": ""l2_between_mean_signatures"", ""eigenvalue_count"": ""all"", ""eigenvalue_mode"": ""full_spectrum"", ""heat_signature"": ""heat_trace"", ""implementation_mode"": ""paper_faithful"", ""laplacian_type"": ""normalized"", ""method"": ""native_netlsd"", ""netlsd_normalization"": ""empty"", ""netlsd_time_scale_count"": 250, ""netlsd_time_scale_max"": 100.0, ""netlsd_time_scale_min"": 0.01, ""netlsd_time_scale_schedule"": ""logspace""}",edge,insertion,,100,12,72,26,593,0.1737829935407872,0.1737829935407872,0.17487573062439896,36.33,36.330270253271976,16.094587714000227,1.5850677490234375,success,
imdb_binary,"{""data_root"": ""data"", ""dataset_name"": ""IMDB-BINARY"", ""edge_probability"": 0.1, ""family"": ""imdb_binary"", ""m"": 2, ""num_blocks"": 3, ""num_graphs"": 100, ""num_nodes"": 50, ""p_in"": 0.25, ""p_out"": 0.03, ""seed"": 0}",edge_insertion,"{""alpha"": 0.6, ""edges_added"": 3633, ""edges_removed"": 0, ""graphs"": 100, ""graphs_skipped"": 0, ""graphs_success"": 100, ""label_source"": null, ""method"": ""edge_insertion"", ""perturbation_direction"": ""insertion"", ""perturbation_family"": ""edge"", ""rewires"": 0, ""triangles_affected"": 0}",0.6,0,diversity_curves_shortest_path,paper_faithful,"{""distance_metric"": ""shortest_path"", ""distribution_distance"": ""l2_between_mean_curves"", ""diversity_contraction_mode"": ""random_edge"", ""diversity_curve_definition"": ""shortest_path_spread"", ""diversity_repetitions"": 3, ""diversity_scale_count"": ""dataset_max_nodes"", ""diversity_scale_schedule"": ""all_integer_cardinalities"", ""diversity_upsampling_enabled"": true, ""implementation_mode"": ""paper_faithful"", ""method"": ""diversity_curves_shortest_path"", ""random_seed"": 0}",edge,insertion,,100,12,72,26,593,4.791305883644024,4.791305883644024,4.820043227120456,36.33,36.330270253271976,765.9602867670001,1.424250602722168,success,
imdb_binary,"{""data_root"": ""data"", ""dataset_name"": ""IMDB-BINARY"", ""edge_probability"": 0.1, ""family"": ""imdb_binary"", ""m"": 2, ""num_blocks"": 3, ""num_graphs"": 100, ""num_nodes"": 50, ""p_in"": 0.25, ""p_out"": 0.03, ""seed"": 0}",edge_insertion,"{""alpha"": 1.0, ""edges_added"": 5289, ""edges_removed"": 0, ""graphs"": 100, ""graphs_skipped"": 0, ""graphs_success"": 100, ""label_source"": null, ""method"": ""edge_insertion"", ""perturbation_direction"": ""insertion"", ""perturbation_family"": ""edge"", ""rewires"": 0, ""triangles_affected"": 0}",1.0,0,structural_statistics_mmd,descriptor_baseline,"{""bandwidth"": 10.0, ""feature_count"": 9, ""implementation_mode"": ""descriptor_baseline"", ""kernel"": ""rbf_mmd"", ""method"": ""structural_statistics_mmd""}",edge,insertion,,100,12,72,26,595,0.09328424346125358,319.44594257851526,320.8335939551861,52.89,52.8904398197779,0.9307996019997518,0.067535400390625,success,
imdb_binary,"{""data_root"": ""data"", ""dataset_name"": ""IMDB-BINARY"", ""edge_probability"": 0.1, ""family"": ""imdb_binary"", ""m"": 2, ""num_blocks"": 3, ""num_graphs"": 100, ""num_nodes"": 50, ""p_in"": 0.25, ""p_out"": 0.03, ""seed"": 0}",edge_insertion,"{""alpha"": 1.0, ""edges_added"": 5289, ""edges_removed"": 0, ""graphs"": 100, ""graphs_skipped"": 0, ""graphs_success"": 100, ""label_source"": null, ""method"": ""edge_insertion"", ""perturbation_direction"": ""insertion"", ""perturbation_family"": ""edge"", ""rewires"": 0, ""triangles_affected"": 0}",1.0,0,wl_subtree_kernel_mmd,paper_faithful,"{""implementation_mode"": ""paper_faithful"", ""method"": ""wl_subtree_kernel_mmd"", ""wl_compression"": ""shared_canonical_dictionary_per_comparison"", ""wl_feature_construction"": ""subtree_histograms_across_iterations"", ""wl_iterations"": 3, ""wl_kernel_distance_mode"": ""linear_mmd"", ""wl_label_initialization"": ""node_label_or_degree"", ""wl_node_label_key"": ""node_labels""}",edge,insertion,,100,12,72,26,595,65.07299999999998,8.066783745706834,27.468904213284226,52.89,52.8904398197779,0.19801564999943366,2.0996646881103516,success,
imdb_binary,"{""data_root"": ""data"", ""dataset_name"": ""IMDB-BINARY"", ""edge_probability"": 0.1, ""family"": ""imdb_binary"", ""m"": 2, ""num_blocks"": 3, ""num_graphs"": 100, ""num_nodes"": 50, ""p_in"": 0.25, ""p_out"": 0.03, ""seed"": 0}",edge_insertion,"{""alpha"": 1.0, ""edges_added"": 5289, ""edges_removed"": 0, ""graphs"": 100, ""graphs_skipped"": 0, ""graphs_success"": 100, ""label_source"": null, ""method"": ""edge_insertion"", ""perturbation_direction"": ""insertion"", ""perturbation_family"": ""edge"", ""rewires"": 0, ""triangles_affected"": 0}",1.0,0,native_netlsd,paper_faithful,"{""distribution_distance"": ""l2_between_mean_signatures"", ""eigenvalue_count"": ""all"", ""eigenvalue_mode"": ""full_spectrum"", ""heat_signature"": ""heat_trace"", ""implementation_mode"": ""paper_faithful"", ""laplacian_type"": ""normalized"", ""method"": ""native_netlsd"", ""netlsd_normalization"": ""empty"", ""netlsd_time_scale_count"": 250, ""netlsd_time_scale_max"": 100.0, ""netlsd_time_scale_min"": 0.01, ""netlsd_time_scale_schedule"": ""logspace""}",edge,insertion,,100,12,72,26,595,0.192934774142133,0.192934774142133,0.19395412099300605,52.89,52.8904398197779,13.508092553000097,1.5850677490234375,success,
imdb_binary,"{""data_root"": ""data"", ""dataset_name"": ""IMDB-BINARY"", ""edge_probability"": 0.1, ""family"": ""imdb_binary"", ""m"": 2, ""num_blocks"": 3, ""num_graphs"": 100, ""num_nodes"": 50, ""p_in"": 0.25, ""p_out"": 0.03, ""seed"": 0}",edge_insertion,"{""alpha"": 1.0, ""edges_added"": 5289, ""edges_removed"": 0, ""graphs"": 100, ""graphs_skipped"": 0, ""graphs_success"": 100, ""label_source"": null, ""method"": ""edge_insertion"", ""perturbation_direction"": ""insertion"", ""perturbation_family"": ""edge"", ""rewires"": 0, ""triangles_affected"": 0}",1.0,0,diversity_curves_shortest_path,paper_faithful,"{""distance_metric"": ""shortest_path"", ""distribution_distance"": ""l2_between_mean_curves"", ""diversity_contraction_mode"": ""random_edge"", ""diversity_curve_definition"": ""shortest_path_spread"", ""diversity_repetitions"": 3, ""diversity_scale_count"": ""dataset_max_nodes"", ""diversity_scale_schedule"": ""all_integer_cardinalities"", ""diversity_upsampling_enabled"": true, ""implementation_mode"": ""paper_faithful"", ""method"": ""diversity_curves_shortest_path"", ""random_seed"": 0}",edge,insertion,,100,12,72,26,595,6.4016618083801395,6.4016618083801395,6.420425267668252,52.89,52.8904398197779,785.6996362539994,1.4040040969848633,success,
imdb_binary,"{""data_root"": ""data"", ""dataset_name"": ""IMDB-BINARY"", ""edge_probability"": 0.1, ""family"": ""imdb_binary"", ""m"": 2, ""num_blocks"": 3, ""num_graphs"": 100, ""num_nodes"": 50, ""p_in"": 0.25, ""p_out"": 0.03, ""seed"": 0}",edge_insertion,"{""alpha"": 0.6, ""edges_added"": 3633, ""edges_removed"": 0, ""graphs"": 100, ""graphs_skipped"": 0, ""graphs_success"": 100, ""label_source"": null, ""method"": ""edge_insertion"", ""perturbation_direction"": ""insertion"", ""perturbation_family"": ""edge"", ""rewires"": 0, ""triangles_affected"": 0}",0.6,0,structural_statistics_mmd,descriptor_baseline,"{""bandwidth"": 10.0, ""feature_count"": 9, ""implementation_mode"": ""descriptor_baseline"", ""kernel"": ""rbf_mmd"", ""method"": ""structural_statistics_mmd""}",edge,insertion,,100,12,72,26,593,0.058615003986780524,197.41806654189136,199.0497288377362,36.33,36.330270253271976,2.077293942000324,0.067535400390625,success,
imdb_binary,"{""data_root"": ""data"", ""dataset_name"": ""IMDB-BINARY"", ""edge_probability"": 0.1, ""family"": ""imdb_binary"", ""m"": 2, ""num_blocks"": 3, ""num_graphs"": 100, ""num_nodes"": 50, ""p_in"": 0.25, ""p_out"": 0.03, ""seed"": 0}",edge_insertion,"{""alpha"": 0.6, ""edges_added"": 3633, ""edges_removed"": 0, ""graphs"": 100, ""graphs_skipped"": 0, ""graphs_success"": 100, ""label_source"": null, ""method"": ""edge_insertion"", ""perturbation_direction"": ""insertion"", ""perturbation_family"": ""edge"", ""rewires"": 0, ""triangles_affected"": 0}",0.6,0,wl_subtree_kernel_mmd,paper_faithful,"{""implementation_mode"": ""paper_faithful"", ""method"": ""wl_subtree_kernel_mmd"", ""wl_compression"": ""shared_canonical_dictionary_per_comparison"", ""wl_feature_construction"": ""subtree_histograms_across_iterations"", ""wl_iterations"": 3, ""wl_kernel_distance_mode"": ""linear_mmd"", ""wl_label_initialization"": ""node_label_or_degree"", ""wl_node_label_key"": ""node_labels""}",edge,insertion,,100,12,72,26,593,38.07,6.17008914036094,23.64157897030636,36.33,36.330270253271976,0.7209214680005971,2.2769908905029297,success,
imdb_binary,"{""data_root"": ""data"", ""dataset_name"": ""IMDB-BINARY"", ""edge_probability"": 0.1, ""family"": ""imdb_binary"", ""m"": 2, ""num_blocks"": 3, ""num_graphs"": 100, ""num_nodes"": 50, ""p_in"": 0.25, ""p_out"": 0.03, ""seed"": 0}",edge_insertion,"{""alpha"": 0.6, ""edges_added"": 3633, ""edges_removed"": 0, ""graphs"": 100, ""graphs_skipped"": 0, ""graphs_success"": 100, ""label_source"": null, ""method"": ""edge_insertion"", ""perturbation_direction"": ""insertion"", ""perturbation_family"": ""edge"", ""rewires"": 0, ""triangles_affected"": 0}",0.6,0,native_netlsd,paper_faithful,"{""distribution_distance"": ""l2_between_mean_signatures"", ""eigenvalue_count"": ""all"", ""eigenvalue_mode"": ""full_spectrum"", ""heat_signature"": ""heat_trace"", ""implementation_mode"": ""paper_faithful"", ""laplacian_type"": ""normalized"", ""method"": ""native_netlsd"", ""netlsd_normalization"": ""empty"", ""netlsd_time_scale_count"": 250, ""netlsd_time_scale_max"": 100.0, ""netlsd_time_scale_min"": 0.01, ""netlsd_time_scale_schedule"": ""logspace""}",edge,insertion,,100,12,72,26,593,0.1737829935407872,0.1737829935407872,0.17487573062439896,36.33,36.330270253271976,29.3754807360001,1.5850677490234375,success,
imdb_binary,"{""data_root"": ""data"", ""dataset_name"": ""IMDB-BINARY"", ""edge_probability"": 0.1, ""family"": ""imdb_binary"", ""m"": 2, ""num_blocks"": 3, ""num_graphs"": 100, ""num_nodes"": 50, ""p_in"": 0.25, ""p_out"": 0.03, ""seed"": 0}",edge_insertion,"{""alpha"": 0.6, ""edges_added"": 3633, ""edges_removed"": 0, ""graphs"": 100, ""graphs_skipped"": 0, ""graphs_success"": 100, ""label_source"": null, ""method"": ""edge_insertion"", ""perturbation_direction"": ""insertion"", ""perturbation_family"": ""edge"", ""rewires"": 0, ""triangles_affected"": 0}",0.6,0,diversity_curves_shortest_path,paper_faithful,"{""distance_metric"": ""shortest_path"", ""distribution_distance"": ""l2_between_mean_curves"", ""diversity_contraction_mode"": ""random_edge"", ""diversity_curve_definition"": ""shortest_path_spread"", ""diversity_repetitions"": 3, ""diversity_scale_count"": ""dataset_max_nodes"", ""diversity_scale_schedule"": ""all_integer_cardinalities"", ""diversity_upsampling_enabled"": true, ""implementation_mode"": ""paper_faithful"", ""method"": ""diversity_curves_shortest_path"", ""random_seed"": 0}",edge,insertion,,100,12,72,26,593,4.791305883644024,4.791305883644024,4.820043227120456,36.33,36.330270253271976,758.0018516889995,1.424250602722168,success,
imdb_binary,"{""data_root"": ""data"", ""dataset_name"": ""IMDB-BINARY"", ""edge_probability"": 0.1, ""family"": ""imdb_binary"", ""m"": 2, ""num_blocks"": 3, ""num_graphs"": 100, ""num_nodes"": 50, ""p_in"": 0.25, ""p_out"": 0.03, ""seed"": 0}",edge_insertion,"{""alpha"": 0.9, ""edges_added"": 4936, ""edges_removed"": 0, ""graphs"": 100, ""graphs_skipped"": 0, ""graphs_success"": 100, ""label_source"": null, ""method"": ""edge_insertion"", ""perturbation_direction"": ""insertion"", ""perturbation_family"": ""edge"", ""rewires"": 0, ""triangles_affected"": 0}",0.9,0,structural_statistics_mmd,descriptor_baseline,"{""bandwidth"": 10.0, ""feature_count"": 9, ""implementation_mode"": ""descriptor_baseline"", ""kernel"": ""rbf_mmd"", ""method"": ""structural_statistics_mmd""}",edge,insertion,,100,12,72,26,595,0.09044320126206756,293.0915543072352,294.58229727957837,49.36,49.36043884606848,0.913108781000119,0.067535400390625,success,
imdb_binary,"{""data_root"": ""data"", ""dataset_name"": ""IMDB-BINARY"", ""edge_probability"": 0.1, ""family"": ""imdb_binary"", ""m"": 2, ""num_blocks"": 3, ""num_graphs"": 100, ""num_nodes"": 50, ""p_in"": 0.25, ""p_out"": 0.03, ""seed"": 0}",edge_insertion,"{""alpha"": 0.9, ""edges_added"": 4936, ""edges_removed"": 0, ""graphs"": 100, ""graphs_skipped"": 0, ""graphs_success"": 100, ""label_source"": null, ""method"": ""edge_insertion"", ""perturbation_direction"": ""insertion"", ""perturbation_family"": ""edge"", ""rewires"": 0, ""triangles_affected"": 0}",0.9,0,wl_subtree_kernel_mmd,paper_faithful,"{""implementation_mode"": ""paper_faithful"", ""method"": ""wl_subtree_kernel_mmd"", ""wl_compression"": ""shared_canonical_dictionary_per_comparison"", ""wl_feature_construction"": ""subtree_histograms_across_iterations"", ""wl_iterations"": 3, ""wl_kernel_distance_mode"": ""linear_mmd"", ""wl_label_initialization"": ""node_label_or_degree"", ""wl_node_label_key"": ""node_labels""}",edge,insertion,,100,12,72,26,595,61.3042,7.829699866533838,27.172959463269894,49.36,49.36043884606848,0.20646302699969965,2.14778995513916,success,
imdb_binary,"{""data_root"": ""data"", ""dataset_name"": ""IMDB-BINARY"", ""edge_probability"": 0.1, ""family"": ""imdb_binary"", ""m"": 2, ""num_blocks"": 3, ""num_graphs"": 100, ""num_nodes"": 50, ""p_in"": 0.25, ""p_out"": 0.03, ""seed"": 0}",edge_insertion,"{""alpha"": 0.9, ""edges_added"": 4936, ""edges_removed"": 0, ""graphs"": 100, ""graphs_skipped"": 0, ""graphs_success"": 100, ""label_source"": null, ""method"": ""edge_insertion"", ""perturbation_direction"": ""insertion"", ""perturbation_family"": ""edge"", ""rewires"": 0, ""triangles_affected"": 0}",0.9,0,native_netlsd,paper_faithful,"{""distribution_distance"": ""l2_between_mean_signatures"", ""eigenvalue_count"": ""all"", ""eigenvalue_mode"": ""full_spectrum"", ""heat_signature"": ""heat_trace"", ""implementation_mode"": ""paper_faithful"", ""laplacian_type"": ""normalized"", ""method"": ""native_netlsd"", ""netlsd_normalization"": ""empty"", ""netlsd_time_scale_count"": 250, ""netlsd_time_scale_max"": 100.0, ""netlsd_time_scale_min"": 0.01, ""netlsd_time_scale_schedule"": ""logspace""}",edge,insertion,,100,12,72,26,595,0.1896906902424309,0.1896906902424309,0.1907216589512299,49.36,49.36043884606848,13.745437053999922,1.5850677490234375,success,
imdb_binary,"{""data_root"": ""data"", ""dataset_name"": ""IMDB-BINARY"", ""edge_probability"": 0.1, ""family"": ""imdb_binary"", ""m"": 2, ""num_blocks"": 3, ""num_graphs"": 100, ""num_nodes"": 50, ""p_in"": 0.25, ""p_out"": 0.03, ""seed"": 0}",edge_insertion,"{""alpha"": 0.9, ""edges_added"": 4936, ""edges_removed"": 0, ""graphs"": 100, ""graphs_skipped"": 0, ""graphs_success"": 100, ""label_source"": null, ""method"": ""edge_insertion"", ""perturbation_direction"": ""insertion"", ""perturbation_family"": ""edge"", ""rewires"": 0, ""triangles_affected"": 0}",0.9,0,diversity_curves_shortest_path,paper_faithful,"{""distance_metric"": ""shortest_path"", ""distribution_distance"": ""l2_between_mean_curves"", ""diversity_contraction_mode"": ""random_edge"", ""diversity_curve_definition"": ""shortest_path_spread"", ""diversity_repetitions"": 3, ""diversity_scale_count"": ""dataset_max_nodes"", ""diversity_scale_schedule"": ""all_integer_cardinalities"", ""diversity_upsampling_enabled"": true, ""implementation_mode"": ""paper_faithful"", ""method"": ""diversity_curves_shortest_path"", ""random_seed"": 0}",edge,insertion,,100,12,72,26,595,6.10579843427573,6.10579843427573,6.125440157222463,49.36,49.36043884606848,793.7859188390012,1.4058961868286133,success,
imdb_binary,"{""data_root"": ""data"", ""dataset_name"": ""IMDB-BINARY"", ""edge_probability"": 0.1, ""family"": ""imdb_binary"", ""m"": 2, ""num_blocks"": 3, ""num_graphs"": 100, ""num_nodes"": 50, ""p_in"": 0.25, ""p_out"": 0.03, ""seed"": 0}",edge_insertion,"{""alpha"": 0.3, ""edges_added"": 1847, ""edges_removed"": 0, ""graphs"": 100, ""graphs_skipped"": 0, ""graphs_success"": 100, ""label_source"": null, ""method"": ""edge_insertion"", ""perturbation_direction"": ""insertion"", ""perturbation_family"": ""edge"", ""rewires"": 0, ""triangles_affected"": 0}",0.3,0,structural_statistics_mmd,descriptor_baseline,"{""bandwidth"": 10.0, ""feature_count"": 9, ""implementation_mode"": ""descriptor_baseline"", ""kernel"": ""rbf_mmd"", ""method"": ""structural_statistics_mmd""}",edge,insertion,,100,12,72,26,482,0.03355560702966073,67.5076032466762,68.44787347312294,18.47,18.470240000613042,1.9049348720000125,0.067535400390625,success,
imdb_binary,"{""data_root"": ""data"", ""dataset_name"": ""IMDB-BINARY"", ""edge_probability"": 0.1, ""family"": ""imdb_binary"", ""m"": 2, ""num_blocks"": 3, ""num_graphs"": 100, ""num_nodes"": 50, ""p_in"": 0.25, ""p_out"": 0.03, ""seed"": 0}",edge_insertion,"{""alpha"": 0.3, ""edges_added"": 1847, ""edges_removed"": 0, ""graphs"": 100, ""graphs_skipped"": 0, ""graphs_success"": 100, ""label_source"": null, ""method"": ""edge_insertion"", ""perturbation_direction"": ""insertion"", ""perturbation_family"": ""edge"", ""rewires"": 0, ""triangles_affected"": 0}",0.3,0,wl_subtree_kernel_mmd,paper_faithful,"{""implementation_mode"": ""paper_faithful"", ""method"": ""wl_subtree_kernel_mmd"", ""wl_compression"": ""shared_canonical_dictionary_per_comparison"", ""wl_feature_construction"": ""subtree_histograms_across_iterations"", ""wl_iterations"": 3, ""wl_kernel_distance_mode"": ""linear_mmd"", ""wl_label_initialization"": ""node_label_or_degree"", ""wl_node_label_key"": ""node_labels""}",edge,insertion,,100,12,72,26,482,19.6246,4.42996613982545,20.791892451835064,18.47,18.470240000613042,0.7914732000008371,2.355113983154297,success,
imdb_binary,"{""data_root"": ""data"", ""dataset_name"": ""IMDB-BINARY"", ""edge_probability"": 0.1, ""family"": ""imdb_binary"", ""m"": 2, ""num_blocks"": 3, ""num_graphs"": 100, ""num_nodes"": 50, ""p_in"": 0.25, ""p_out"": 0.03, ""seed"": 0}",edge_insertion,"{""alpha"": 0.3, ""edges_added"": 1847, ""edges_removed"": 0, ""graphs"": 100, ""graphs_skipped"": 0, ""graphs_success"": 100, ""label_source"": null, ""method"": ""edge_insertion"", ""perturbation_direction"": ""insertion"", ""perturbation_family"": ""edge"", ""rewires"": 0, ""triangles_affected"": 0}",0.3,0,native_netlsd,paper_faithful,"{""distribution_distance"": ""l2_between_mean_signatures"", ""eigenvalue_count"": ""all"", ""eigenvalue_mode"": ""full_spectrum"", ""heat_signature"": ""heat_trace"", ""implementation_mode"": ""paper_faithful"", ""laplacian_type"": ""normalized"", ""method"": ""native_netlsd"", ""netlsd_normalization"": ""empty"", ""netlsd_time_scale_count"": 250, ""netlsd_time_scale_max"": 100.0, ""netlsd_time_scale_min"": 0.01, ""netlsd_time_scale_schedule"": ""logspace""}",edge,insertion,,100,12,72,26,482,0.1365468280122907,0.1365468280122907,0.1375681533486171,18.47,18.470240000613042,37.06317475800097,1.5850677490234375,success,
imdb_binary,"{""data_root"": ""data"", ""dataset_name"": ""IMDB-BINARY"", ""edge_probability"": 0.1, ""family"": ""imdb_binary"", ""m"": 2, ""num_blocks"": 3, ""num_graphs"": 100, ""num_nodes"": 50, ""p_in"": 0.25, ""p_out"": 0.03, ""seed"": 0}",edge_insertion,"{""alpha"": 0.3, ""edges_added"": 1847, ""edges_removed"": 0, ""graphs"": 100, ""graphs_skipped"": 0, ""graphs_success"": 100, ""label_source"": null, ""method"": ""edge_insertion"", ""perturbation_direction"": ""insertion"", ""perturbation_family"": ""edge"", ""rewires"": 0, ""triangles_affected"": 0}",0.3,0,diversity_curves_shortest_path,paper_faithful,"{""distance_metric"": ""shortest_path"", ""distribution_distance"": ""l2_between_mean_curves"", ""diversity_contraction_mode"": ""random_edge"", ""diversity_curve_definition"": ""shortest_path_spread"", ""diversity_repetitions"": 3, ""diversity_scale_count"": ""dataset_max_nodes"", ""diversity_scale_schedule"": ""all_integer_cardinalities"", ""diversity_upsampling_enabled"": true, ""implementation_mode"": ""paper_faithful"", ""method"": ""diversity_curves_shortest_path"", ""random_seed"": 0}",edge,insertion,,100,12,72,26,482,2.7892157097768844,2.7892157097768844,2.8460162433223104,18.47,18.470240000613042,753.6896874279992,1.4006538391113281,success,
imdb_binary,"{""data_root"": ""data"", ""dataset_name"": ""IMDB-BINARY"", ""edge_probability"": 0.1, ""family"": ""imdb_binary"", ""m"": 2, ""num_blocks"": 3, ""num_graphs"": 100, ""num_nodes"": 50, ""p_in"": 0.25, ""p_out"": 0.03, ""seed"": 0}",edge_insertion,"{""alpha"": 0.8, ""edges_added"": 4566, ""edges_removed"": 0, ""graphs"": 100, ""graphs_skipped"": 0, ""graphs_success"": 100, ""label_source"": null, ""method"": ""edge_insertion"", ""perturbation_direction"": ""insertion"", ""perturbation_family"": ""edge"", ""rewires"": 0, ""triangles_affected"": 0}",0.8,0,structural_statistics_mmd,descriptor_baseline,"{""bandwidth"": 10.0, ""feature_count"": 9, ""implementation_mode"": ""descriptor_baseline"", ""kernel"": ""rbf_mmd"", ""method"": ""structural_statistics_mmd""}",edge,insertion,,100,12,72,26,595,0.07737158019845775,266.0115317277483,267.5731101787141,45.66,45.66043688723415,0.9093518239988043,0.067535400390625,success,
imdb_binary,"{""data_root"": ""data"", ""dataset_name"": ""IMDB-BINARY"", ""edge_probability"": 0.1, ""family"": ""imdb_binary"", ""m"": 2, ""num_blocks"": 3, ""num_graphs"": 100, ""num_nodes"": 50, ""p_in"": 0.25, ""p_out"": 0.03, ""seed"": 0}",edge_insertion,"{""alpha"": 0.8, ""edges_added"": 4566, ""edges_removed"": 0, ""graphs"": 100, ""graphs_skipped"": 0, ""graphs_success"": 100, ""label_source"": null, ""method"": ""edge_insertion"", ""perturbation_direction"": ""insertion"", ""perturbation_family"": ""edge"", ""rewires"": 0, ""triangles_affected"": 0}",0.8,0,wl_subtree_kernel_mmd,paper_faithful,"{""implementation_mode"": ""paper_faithful"", ""method"": ""wl_subtree_kernel_mmd"", ""wl_compression"": ""shared_canonical_dictionary_per_comparison"", ""wl_feature_construction"": ""subtree_histograms_across_iterations"", ""wl_iterations"": 3, ""wl_kernel_distance_mode"": ""linear_mmd"", ""wl_label_initialization"": ""node_label_or_degree"", ""wl_node_label_key"": ""node_labels""}",edge,insertion,,100,12,72,26,595,51.96360000000001,7.208578223200467,26.25926223585057,45.66,45.66043688723415,0.21897062799871492,2.1643075942993164,success,
imdb_binary,"{""data_root"": ""data"", ""dataset_name"": ""IMDB-BINARY"", ""edge_probability"": 0.1, ""family"": ""imdb_binary"", ""m"": 2, ""num_blocks"": 3, ""num_graphs"": 100, ""num_nodes"": 50, ""p_in"": 0.25, ""p_out"": 0.03, ""seed"": 0}",edge_insertion,"{""alpha"": 0.8, ""edges_added"": 4566, ""edges_removed"": 0, ""graphs"": 100, ""graphs_skipped"": 0, ""graphs_success"": 100, ""label_source"": null, ""method"": ""edge_insertion"", ""perturbation_direction"": ""insertion"", ""perturbation_family"": ""edge"", ""rewires"": 0, ""triangles_affected"": 0}",0.8,0,native_netlsd,paper_faithful,"{""distribution_distance"": ""l2_between_mean_signatures"", ""eigenvalue_count"": ""all"", ""eigenvalue_mode"": ""full_spectrum"", ""heat_signature"": ""heat_trace"", ""implementation_mode"": ""paper_faithful"", ""laplacian_type"": ""normalized"", ""method"": ""native_netlsd"", ""netlsd_normalization"": ""empty"", ""netlsd_time_scale_count"": 250, ""netlsd_time_scale_max"": 100.0, ""netlsd_time_scale_min"": 0.01, ""netlsd_time_scale_schedule"": ""logspace""}",edge,insertion,,100,12,72,26,595,0.18575855597967844,0.18575855597967844,0.1868134598105073,45.66,45.66043688723415,14.07662399200126,1.5850677490234375,success,
imdb_binary,"{""data_root"": ""data"", ""dataset_name"": ""IMDB-BINARY"", ""edge_probability"": 0.1, ""family"": ""imdb_binary"", ""m"": 2, ""num_blocks"": 3, ""num_graphs"": 100, ""num_nodes"": 50, ""p_in"": 0.25, ""p_out"": 0.03, ""seed"": 0}",edge_insertion,"{""alpha"": 0.8, ""edges_added"": 4566, ""edges_removed"": 0, ""graphs"": 100, ""graphs_skipped"": 0, ""graphs_success"": 100, ""label_source"": null, ""method"": ""edge_insertion"", ""perturbation_direction"": ""insertion"", ""perturbation_family"": ""edge"", ""rewires"": 0, ""triangles_affected"": 0}",0.8,0,diversity_curves_shortest_path,paper_faithful,"{""distance_metric"": ""shortest_path"", ""distribution_distance"": ""l2_between_mean_curves"", ""diversity_contraction_mode"": ""random_edge"", ""diversity_curve_definition"": ""shortest_path_spread"", ""diversity_repetitions"": 3, ""diversity_scale_count"": ""dataset_max_nodes"", ""diversity_scale_schedule"": ""all_integer_cardinalities"", ""diversity_upsampling_enabled"": true, ""implementation_mode"": ""paper_faithful"", ""method"": ""diversity_curves_shortest_path"", ""random_seed"": 0}",edge,insertion,,100,12,72,26,595,5.755112333590919,5.755112333590919,5.77749683253997,45.66,45.66043688723415,795.6035142359997,1.4122743606567383,success,
imdb_binary,"{""data_root"": ""data"", ""dataset_name"": ""IMDB-BINARY"", ""edge_probability"": 0.1, ""family"": ""imdb_binary"", ""m"": 2, ""num_blocks"": 3, ""num_graphs"": 100, ""num_nodes"": 50, ""p_in"": 0.25, ""p_out"": 0.03, ""seed"": 0}",edge_insertion,"{""alpha"": 0.4, ""edges_added"": 2473, ""edges_removed"": 0, ""graphs"": 100, ""graphs_skipped"": 0, ""graphs_success"": 100, ""label_source"": null, ""method"": ""edge_insertion"", ""perturbation_direction"": ""insertion"", ""perturbation_family"": ""edge"", ""rewires"": 0, ""triangles_affected"": 0}",0.4,0,structural_statistics_mmd,descriptor_baseline,"{""bandwidth"": 10.0, ""feature_count"": 9, ""implementation_mode"": ""descriptor_baseline"", ""kernel"": ""rbf_mmd"", ""method"": ""structural_statistics_mmd""}",edge,insertion,,100,12,72,26,519,0.047497030836357486,104.98403015434737,106.2102013898004,24.73,24.730244562129464,2.039007371999105,0.067535400390625,success,
imdb_binary,"{""data_root"": ""data"", ""dataset_name"": ""IMDB-BINARY"", ""edge_probability"": 0.1, ""family"": ""imdb_binary"", ""m"": 2, ""num_blocks"": 3, ""num_graphs"": 100, ""num_nodes"": 50, ""p_in"": 0.25, ""p_out"": 0.03, ""seed"": 0}",edge_insertion,"{""alpha"": 0.4, ""edges_added"": 2473, ""edges_removed"": 0, ""graphs"": 100, ""graphs_skipped"": 0, ""graphs_success"": 100, ""label_source"": null, ""method"": ""edge_insertion"", ""perturbation_direction"": ""insertion"", ""perturbation_family"": ""edge"", ""rewires"": 0, ""triangles_affected"": 0}",0.4,0,wl_subtree_kernel_mmd,paper_faithful,"{""implementation_mode"": ""paper_faithful"", ""method"": ""wl_subtree_kernel_mmd"", ""wl_compression"": ""shared_canonical_dictionary_per_comparison"", ""wl_feature_construction"": ""subtree_histograms_across_iterations"", ""wl_iterations"": 3, ""wl_kernel_distance_mode"": ""linear_mmd"", ""wl_label_initialization"": ""node_label_or_degree"", ""wl_node_label_key"": ""node_labels""}",edge,insertion,,100,12,72,26,519,25.9972,5.098744943611123,21.388721815514796,24.73,24.730244562129464,0.6073008520015719,2.3599424362182617,success,
imdb_binary,"{""data_root"": ""data"", ""dataset_name"": ""IMDB-BINARY"", ""edge_probability"": 0.1, ""family"": ""imdb_binary"", ""m"": 2, ""num_blocks"": 3, ""num_graphs"": 100, ""num_nodes"": 50, ""p_in"": 0.25, ""p_out"": 0.03, ""seed"": 0}",edge_insertion,"{""alpha"": 0.4, ""edges_added"": 2473, ""edges_removed"": 0, ""graphs"": 100, ""graphs_skipped"": 0, ""graphs_success"": 100, ""label_source"": null, ""method"": ""edge_insertion"", ""perturbation_direction"": ""insertion"", ""perturbation_family"": ""edge"", ""rewires"": 0, ""triangles_affected"": 0}",0.4,0,native_netlsd,paper_faithful,"{""distribution_distance"": ""l2_between_mean_signatures"", ""eigenvalue_count"": ""all"", ""eigenvalue_mode"": ""full_spectrum"", ""heat_signature"": ""heat_trace"", ""implementation_mode"": ""paper_faithful"", ""laplacian_type"": ""normalized"", ""method"": ""native_netlsd"", ""netlsd_normalization"": ""empty"", ""netlsd_time_scale_count"": 250, ""netlsd_time_scale_max"": 100.0, ""netlsd_time_scale_min"": 0.01, ""netlsd_time_scale_schedule"": ""logspace""}",edge,insertion,,100,12,72,26,519,0.15383968083664737,0.15383968083664737,0.15490647598063773,24.73,24.730244562129464,33.883840640000926,1.5850677490234375,success,
imdb_binary,"{""data_root"": ""data"", ""dataset_name"": ""IMDB-BINARY"", ""edge_probability"": 0.1, ""family"": ""imdb_binary"", ""m"": 2, ""num_blocks"": 3, ""num_graphs"": 100, ""num_nodes"": 50, ""p_in"": 0.25, ""p_out"": 0.03, ""seed"": 0}",edge_insertion,"{""alpha"": 0.4, ""edges_added"": 2473, ""edges_removed"": 0, ""graphs"": 100, ""graphs_skipped"": 0, ""graphs_success"": 100, ""label_source"": null, ""method"": ""edge_insertion"", ""perturbation_direction"": ""insertion"", ""perturbation_family"": ""edge"", ""rewires"": 0, ""triangles_affected"": 0}",0.4,0,diversity_curves_shortest_path,paper_faithful,"{""distance_metric"": ""shortest_path"", ""distribution_distance"": ""l2_between_mean_curves"", ""diversity_contraction_mode"": ""random_edge"", ""diversity_curve_definition"": ""shortest_path_spread"", ""diversity_repetitions"": 3, ""diversity_scale_count"": ""dataset_max_nodes"", ""diversity_scale_schedule"": ""all_integer_cardinalities"", ""diversity_upsampling_enabled"": true, ""implementation_mode"": ""paper_faithful"", ""method"": ""diversity_curves_shortest_path"", ""random_seed"": 0}",edge,insertion,,100,12,72,26,519,3.538596376881413,3.538596376881413,3.5814603388146353,24.73,24.730244562129464,782.0765186879999,1.4001121520996094,success,
imdb_binary,"{""data_root"": ""data"", ""dataset_name"": ""IMDB-BINARY"", ""edge_probability"": 0.1, ""family"": ""imdb_binary"", ""m"": 2, ""num_blocks"": 3, ""num_graphs"": 100, ""num_nodes"": 50, ""p_in"": 0.25, ""p_out"": 0.03, ""seed"": 0}",edge_insertion,"{""alpha"": 0.9, ""edges_added"": 4936, ""edges_removed"": 0, ""graphs"": 100, ""graphs_skipped"": 0, ""graphs_success"": 100, ""label_source"": null, ""method"": ""edge_insertion"", ""perturbation_direction"": ""insertion"", ""perturbation_family"": ""edge"", ""rewires"": 0, ""triangles_affected"": 0}",0.9,0,structural_statistics_mmd,descriptor_baseline,"{""bandwidth"": 10.0, ""feature_count"": 9, ""implementation_mode"": ""descriptor_baseline"", ""kernel"": ""rbf_mmd"", ""method"": ""structural_statistics_mmd""}",edge,insertion,,100,12,72,26,595,0.09044320126206756,293.0915543072352,294.58229727957837,49.36,49.36043884606848,2.1862139820004813,0.067535400390625,success,
imdb_binary,"{""data_root"": ""data"", ""dataset_name"": ""IMDB-BINARY"", ""edge_probability"": 0.1, ""family"": ""imdb_binary"", ""m"": 2, ""num_blocks"": 3, ""num_graphs"": 100, ""num_nodes"": 50, ""p_in"": 0.25, ""p_out"": 0.03, ""seed"": 0}",edge_insertion,"{""alpha"": 0.9, ""edges_added"": 4936, ""edges_removed"": 0, ""graphs"": 100, ""graphs_skipped"": 0, ""graphs_success"": 100, ""label_source"": null, ""method"": ""edge_insertion"", ""perturbation_direction"": ""insertion"", ""perturbation_family"": ""edge"", ""rewires"": 0, ""triangles_affected"": 0}",0.9,0,wl_subtree_kernel_mmd,paper_faithful,"{""implementation_mode"": ""paper_faithful"", ""method"": ""wl_subtree_kernel_mmd"", ""wl_compression"": ""shared_canonical_dictionary_per_comparison"", ""wl_feature_construction"": ""subtree_histograms_across_iterations"", ""wl_iterations"": 3, ""wl_kernel_distance_mode"": ""linear_mmd"", ""wl_label_initialization"": ""node_label_or_degree"", ""wl_node_label_key"": ""node_labels""}",edge,insertion,,100,12,72,26,595,61.3042,7.829699866533838,27.172959463269894,49.36,49.36043884606848,0.6107510139991064,2.14778995513916,success,
imdb_binary,"{""data_root"": ""data"", ""dataset_name"": ""IMDB-BINARY"", ""edge_probability"": 0.1, ""family"": ""imdb_binary"", ""m"": 2, ""num_blocks"": 3, ""num_graphs"": 100, ""num_nodes"": 50, ""p_in"": 0.25, ""p_out"": 0.03, ""seed"": 0}",edge_insertion,"{""alpha"": 0.9, ""edges_added"": 4936, ""edges_removed"": 0, ""graphs"": 100, ""graphs_skipped"": 0, ""graphs_success"": 100, ""label_source"": null, ""method"": ""edge_insertion"", ""perturbation_direction"": ""insertion"", ""perturbation_family"": ""edge"", ""rewires"": 0, ""triangles_affected"": 0}",0.9,0,native_netlsd,paper_faithful,"{""distribution_distance"": ""l2_between_mean_signatures"", ""eigenvalue_count"": ""all"", ""eigenvalue_mode"": ""full_spectrum"", ""heat_signature"": ""heat_trace"", ""implementation_mode"": ""paper_faithful"", ""laplacian_type"": ""normalized"", ""method"": ""native_netlsd"", ""netlsd_normalization"": ""empty"", ""netlsd_time_scale_count"": 250, ""netlsd_time_scale_max"": 100.0, ""netlsd_time_scale_min"": 0.01, ""netlsd_time_scale_schedule"": ""logspace""}",edge,insertion,,100,12,72,26,595,0.1896906902424309,0.1896906902424309,0.1907216589512299,49.36,49.36043884606848,31.284554730998934,1.5850677490234375,success,
imdb_binary,"{""data_root"": ""data"", ""dataset_name"": ""IMDB-BINARY"", ""edge_probability"": 0.1, ""family"": ""imdb_binary"", ""m"": 2, ""num_blocks"": 3, ""num_graphs"": 100, ""num_nodes"": 50, ""p_in"": 0.25, ""p_out"": 0.03, ""seed"": 0}",edge_insertion,"{""alpha"": 0.9, ""edges_added"": 4936, ""edges_removed"": 0, ""graphs"": 100, ""graphs_skipped"": 0, ""graphs_success"": 100, ""label_source"": null, ""method"": ""edge_insertion"", ""perturbation_direction"": ""insertion"", ""perturbation_family"": ""edge"", ""rewires"": 0, ""triangles_affected"": 0}",0.9,0,diversity_curves_shortest_path,paper_faithful,"{""distance_metric"": ""shortest_path"", ""distribution_distance"": ""l2_between_mean_curves"", ""diversity_contraction_mode"": ""random_edge"", ""diversity_curve_definition"": ""shortest_path_spread"", ""diversity_repetitions"": 3, ""diversity_scale_count"": ""dataset_max_nodes"", ""diversity_scale_schedule"": ""all_integer_cardinalities"", ""diversity_upsampling_enabled"": true, ""implementation_mode"": ""paper_faithful"", ""method"": ""diversity_curves_shortest_path"", ""random_seed"": 0}",edge,insertion,,100,12,72,26,595,6.10579843427573,6.10579843427573,6.125440157222463,49.36,49.36043884606848,785.3478512390011,1.4058961868286133,success,
imdb_binary,"{""data_root"": ""data"", ""dataset_name"": ""IMDB-BINARY"", ""edge_probability"": 0.1, ""family"": ""imdb_binary"", ""m"": 2, ""num_blocks"": 3, ""num_graphs"": 100, ""num_nodes"": 50, ""p_in"": 0.25, ""p_out"": 0.03, ""seed"": 0}",edge_insertion,"{""alpha"": 0.7, ""edges_added"": 4125, ""edges_removed"": 0, ""graphs"": 100, ""graphs_skipped"": 0, ""graphs_success"": 100, ""label_source"": null, ""method"": ""edge_insertion"", ""perturbation_direction"": ""insertion"", ""perturbation_family"": ""edge"", ""rewires"": 0, ""triangles_affected"": 0}",0.7,0,structural_statistics_mmd,descriptor_baseline,"{""bandwidth"": 10.0, ""feature_count"": 9, ""implementation_mode"": ""descriptor_baseline"", ""kernel"": ""rbf_mmd"", ""method"": ""structural_statistics_mmd""}",edge,insertion,,100,12,72,26,595,0.06856884633529448,232.5878619881818,234.19535389693235,41.25,41.25034907816595,2.0198131109991664,0.067535400390625,success,
imdb_binary,"{""data_root"": ""data"", ""dataset_name"": ""IMDB-BINARY"", ""edge_probability"": 0.1, ""family"": ""imdb_binary"", ""m"": 2, ""num_blocks"": 3, ""num_graphs"": 100, ""num_nodes"": 50, ""p_in"": 0.25, ""p_out"": 0.03, ""seed"": 0}",edge_insertion,"{""alpha"": 0.7, ""edges_added"": 4125, ""edges_removed"": 0, ""graphs"": 100, ""graphs_skipped"": 0, ""graphs_success"": 100, ""label_source"": null, ""method"": ""edge_insertion"", ""perturbation_direction"": ""insertion"", ""perturbation_family"": ""edge"", ""rewires"": 0, ""triangles_affected"": 0}",0.7,0,wl_subtree_kernel_mmd,paper_faithful,"{""implementation_mode"": ""paper_faithful"", ""method"": ""wl_subtree_kernel_mmd"", ""wl_compression"": ""shared_canonical_dictionary_per_comparison"", ""wl_feature_construction"": ""subtree_histograms_across_iterations"", ""wl_iterations"": 3, ""wl_kernel_distance_mode"": ""linear_mmd"", ""wl_label_initialization"": ""node_label_or_degree"", ""wl_node_label_key"": ""node_labels""}",edge,insertion,,100,12,72,26,595,44.413399999999996,6.664337926606063,24.792714774637748,41.25,41.25034907816595,0.6656156210010522,2.19907283782959,success,
imdb_binary,"{""data_root"": ""data"", ""dataset_name"": ""IMDB-BINARY"", ""edge_probability"": 0.1, ""family"": ""imdb_binary"", ""m"": 2, ""num_blocks"": 3, ""num_graphs"": 100, ""num_nodes"": 50, ""p_in"": 0.25, ""p_out"": 0.03, ""seed"": 0}",edge_insertion,"{""alpha"": 0.7, ""edges_added"": 4125, ""edges_removed"": 0, ""graphs"": 100, ""graphs_skipped"": 0, ""graphs_success"": 100, ""label_source"": null, ""method"": ""edge_insertion"", ""perturbation_direction"": ""insertion"", ""perturbation_family"": ""edge"", ""rewires"": 0, ""triangles_affected"": 0}",0.7,0,native_netlsd,paper_faithful,"{""distribution_distance"": ""l2_between_mean_signatures"", ""eigenvalue_count"": ""all"", ""eigenvalue_mode"": ""full_spectrum"", ""heat_signature"": ""heat_trace"", ""implementation_mode"": ""paper_faithful"", ""laplacian_type"": ""normalized"", ""method"": ""native_netlsd"", ""netlsd_normalization"": ""empty"", ""netlsd_time_scale_count"": 250, ""netlsd_time_scale_max"": 100.0, ""netlsd_time_scale_min"": 0.01, ""netlsd_time_scale_schedule"": ""logspace""}",edge,insertion,,100,12,72,26,595,0.18067154547296152,0.18067154547296152,0.18174960302819015,41.25,41.25034907816595,31.533288456001173,1.5850677490234375,success,
imdb_binary,"{""data_root"": ""data"", ""dataset_name"": ""IMDB-BINARY"", ""edge_probability"": 0.1, ""family"": ""imdb_binary"", ""m"": 2, ""num_blocks"": 3, ""num_graphs"": 100, ""num_nodes"": 50, ""p_in"": 0.25, ""p_out"": 0.03, ""seed"": 0}",edge_insertion,"{""alpha"": 0.7, ""edges_added"": 4125, ""edges_removed"": 0, ""graphs"": 100, ""graphs_skipped"": 0, ""graphs_success"": 100, ""label_source"": null, ""method"": ""edge_insertion"", ""perturbation_direction"": ""insertion"", ""perturbation_family"": ""edge"", ""rewires"": 0, ""triangles_affected"": 0}",0.7,0,diversity_curves_shortest_path,paper_faithful,"{""distance_metric"": ""shortest_path"", ""distribution_distance"": ""l2_between_mean_curves"", ""diversity_contraction_mode"": ""random_edge"", ""diversity_curve_definition"": ""shortest_path_spread"", ""diversity_repetitions"": 3, ""diversity_scale_count"": ""dataset_max_nodes"", ""diversity_scale_schedule"": ""all_integer_cardinalities"", ""diversity_upsampling_enabled"": true, ""implementation_mode"": ""paper_faithful"", ""method"": ""diversity_curves_shortest_path"", ""random_seed"": 0}",edge,insertion,,100,12,72,26,595,5.383345542512526,5.383345542512526,5.408874340695645,41.25,41.25034907816595,803.0818424379995,1.4185914993286133,success,
imdb_binary,"{""data_root"": ""data"", ""dataset_name"": ""IMDB-BINARY"", ""edge_probability"": 0.1, ""family"": ""imdb_binary"", ""m"": 2, ""num_blocks"": 3, ""num_graphs"": 100, ""num_nodes"": 50, ""p_in"": 0.25, ""p_out"": 0.03, ""seed"": 0}",edge_insertion,"{""alpha"": 0.5, ""edges_added"": 3092, ""edges_removed"": 0, ""graphs"": 100, ""graphs_skipped"": 0, ""graphs_success"": 100, ""label_source"": null, ""method"": ""edge_insertion"", ""perturbation_direction"": ""insertion"", ""perturbation_family"": ""edge"", ""rewires"": 0, ""triangles_affected"": 0}",0.5,0,structural_statistics_mmd,descriptor_baseline,"{""bandwidth"": 10.0, ""feature_count"": 9, ""implementation_mode"": ""descriptor_baseline"", ""kernel"": ""rbf_mmd"", ""method"": ""structural_statistics_mmd""}",edge,insertion,,100,12,72,26,556,0.053515584057624,152.4656222787841,153.94528527168302,30.92,30.92025647553357,2.1935189490013727,0.067535400390625,success,
imdb_binary,"{""data_root"": ""data"", ""dataset_name"": ""IMDB-BINARY"", ""edge_probability"": 0.1, ""family"": ""imdb_binary"", ""m"": 2, ""num_blocks"": 3, ""num_graphs"": 100, ""num_nodes"": 50, ""p_in"": 0.25, ""p_out"": 0.03, ""seed"": 0}",edge_insertion,"{""alpha"": 0.5, ""edges_added"": 3092, ""edges_removed"": 0, ""graphs"": 100, ""graphs_skipped"": 0, ""graphs_success"": 100, ""label_source"": null, ""method"": ""edge_insertion"", ""perturbation_direction"": ""insertion"", ""perturbation_family"": ""edge"", ""rewires"": 0, ""triangles_affected"": 0}",0.5,0,wl_subtree_kernel_mmd,paper_faithful,"{""implementation_mode"": ""paper_faithful"", ""method"": ""wl_subtree_kernel_mmd"", ""wl_compression"": ""shared_canonical_dictionary_per_comparison"", ""wl_feature_construction"": ""subtree_histograms_across_iterations"", ""wl_iterations"": 3, ""wl_kernel_distance_mode"": ""linear_mmd"", ""wl_label_initialization"": ""node_label_or_degree"", ""wl_node_label_key"": ""node_labels""}",edge,insertion,,100,12,72,26,556,32.2344,5.677534676248134,22.302317564972284,30.92,30.92025647553357,0.47702507300164143,2.321749687194824,success,
imdb_binary,"{""data_root"": ""data"", ""dataset_name"": ""IMDB-BINARY"", ""edge_probability"": 0.1, ""family"": ""imdb_binary"", ""m"": 2, ""num_blocks"": 3, ""num_graphs"": 100, ""num_nodes"": 50, ""p_in"": 0.25, ""p_out"": 0.03, ""seed"": 0}",edge_insertion,"{""alpha"": 0.5, ""edges_added"": 3092, ""edges_removed"": 0, ""graphs"": 100, ""graphs_skipped"": 0, ""graphs_success"": 100, ""label_source"": null, ""method"": ""edge_insertion"", ""perturbation_direction"": ""insertion"", ""perturbation_family"": ""edge"", ""rewires"": 0, ""triangles_affected"": 0}",0.5,0,native_netlsd,paper_faithful,"{""distribution_distance"": ""l2_between_mean_signatures"", ""eigenvalue_count"": ""all"", ""eigenvalue_mode"": ""full_spectrum"", ""heat_signature"": ""heat_trace"", ""implementation_mode"": ""paper_faithful"", ""laplacian_type"": ""normalized"", ""method"": ""native_netlsd"", ""netlsd_normalization"": ""empty"", ""netlsd_time_scale_count"": 250, ""netlsd_time_scale_max"": 100.0, ""netlsd_time_scale_min"": 0.01, ""netlsd_time_scale_schedule"": ""logspace""}",edge,insertion,,100,12,72,26,556,0.16553174646369462,0.16553174646369462,0.1666268080640816,30.92,30.92025647553357,36.21943299200029,1.5850677490234375,success,
imdb_binary,"{""data_root"": ""data"", ""dataset_name"": ""IMDB-BINARY"", ""edge_probability"": 0.1, ""family"": ""imdb_binary"", ""m"": 2, ""num_blocks"": 3, ""num_graphs"": 100, ""num_nodes"": 50, ""p_in"": 0.25, ""p_out"": 0.03, ""seed"": 0}",edge_insertion,"{""alpha"": 0.5, ""edges_added"": 3092, ""edges_removed"": 0, ""graphs"": 100, ""graphs_skipped"": 0, ""graphs_success"": 100, ""label_source"": null, ""method"": ""edge_insertion"", ""perturbation_direction"": ""insertion"", ""perturbation_family"": ""edge"", ""rewires"": 0, ""triangles_affected"": 0}",0.5,0,diversity_curves_shortest_path,paper_faithful,"{""distance_metric"": ""shortest_path"", ""distribution_distance"": ""l2_between_mean_curves"", ""diversity_contraction_mode"": ""random_edge"", ""diversity_curve_definition"": ""shortest_path_spread"", ""diversity_repetitions"": 3, ""diversity_scale_count"": ""dataset_max_nodes"", ""diversity_scale_schedule"": ""all_integer_cardinalities"", ""diversity_upsampling_enabled"": true, ""implementation_mode"": ""paper_faithful"", ""method"": ""diversity_curves_shortest_path"", ""random_seed"": 0}",edge,insertion,,100,12,72,26,556,4.212019962752474,4.212019962752474,4.2441534905541065,30.92,30.92025647553357,802.9998983370006,1.4033470153808594,success,
imdb_binary,"{""data_root"": ""data"", ""dataset_name"": ""IMDB-BINARY"", ""edge_probability"": 0.1, ""family"": ""imdb_binary"", ""m"": 2, ""num_blocks"": 3, ""num_graphs"": 100, ""num_nodes"": 50, ""p_in"": 0.25, ""p_out"": 0.03, ""seed"": 0}",edge_insertion,"{""alpha"": 0.8, ""edges_added"": 4566, ""edges_removed"": 0, ""graphs"": 100, ""graphs_skipped"": 0, ""graphs_success"": 100, ""label_source"": null, ""method"": ""edge_insertion"", ""perturbation_direction"": ""insertion"", ""perturbation_family"": ""edge"", ""rewires"": 0, ""triangles_affected"": 0}",0.8,0,structural_statistics_mmd,descriptor_baseline,"{""bandwidth"": 10.0, ""feature_count"": 9, ""implementation_mode"": ""descriptor_baseline"", ""kernel"": ""rbf_mmd"", ""method"": ""structural_statistics_mmd""}",edge,insertion,,100,12,72,26,595,0.07737158019845775,266.0115317277483,267.5731101787141,45.66,45.66043688723415,2.4990226209993125,0.067535400390625,success,
imdb_binary,"{""data_root"": ""data"", ""dataset_name"": ""IMDB-BINARY"", ""edge_probability"": 0.1, ""family"": ""imdb_binary"", ""m"": 2, ""num_blocks"": 3, ""num_graphs"": 100, ""num_nodes"": 50, ""p_in"": 0.25, ""p_out"": 0.03, ""seed"": 0}",edge_insertion,"{""alpha"": 0.8, ""edges_added"": 4566, ""edges_removed"": 0, ""graphs"": 100, ""graphs_skipped"": 0, ""graphs_success"": 100, ""label_source"": null, ""method"": ""edge_insertion"", ""perturbation_direction"": ""insertion"", ""perturbation_family"": ""edge"", ""rewires"": 0, ""triangles_affected"": 0}",0.8,0,wl_subtree_kernel_mmd,paper_faithful,"{""implementation_mode"": ""paper_faithful"", ""method"": ""wl_subtree_kernel_mmd"", ""wl_compression"": ""shared_canonical_dictionary_per_comparison"", ""wl_feature_construction"": ""subtree_histograms_across_iterations"", ""wl_iterations"": 3, ""wl_kernel_distance_mode"": ""linear_mmd"", ""wl_label_initialization"": ""node_label_or_degree"", ""wl_node_label_key"": ""node_labels""}",edge,insertion,,100,12,72,26,595,51.96360000000001,7.208578223200467,26.25926223585057,45.66,45.66043688723415,0.37268544400103565,2.1643075942993164,success,
imdb_binary,"{""data_root"": ""data"", ""dataset_name"": ""IMDB-BINARY"", ""edge_probability"": 0.1, ""family"": ""imdb_binary"", ""m"": 2, ""num_blocks"": 3, ""num_graphs"": 100, ""num_nodes"": 50, ""p_in"": 0.25, ""p_out"": 0.03, ""seed"": 0}",edge_insertion,"{""alpha"": 0.8, ""edges_added"": 4566, ""edges_removed"": 0, ""graphs"": 100, ""graphs_skipped"": 0, ""graphs_success"": 100, ""label_source"": null, ""method"": ""edge_insertion"", ""perturbation_direction"": ""insertion"", ""perturbation_family"": ""edge"", ""rewires"": 0, ""triangles_affected"": 0}",0.8,0,native_netlsd,paper_faithful,"{""distribution_distance"": ""l2_between_mean_signatures"", ""eigenvalue_count"": ""all"", ""eigenvalue_mode"": ""full_spectrum"", ""heat_signature"": ""heat_trace"", ""implementation_mode"": ""paper_faithful"", ""laplacian_type"": ""normalized"", ""method"": ""native_netlsd"", ""netlsd_normalization"": ""empty"", ""netlsd_time_scale_count"": 250, ""netlsd_time_scale_max"": 100.0, ""netlsd_time_scale_min"": 0.01, ""netlsd_time_scale_schedule"": ""logspace""}",edge,insertion,,100,12,72,26,595,0.18575855597967844,0.18575855597967844,0.1868134598105073,45.66,45.66043688723415,34.67988654200053,1.5850677490234375,success,
imdb_binary,"{""data_root"": ""data"", ""dataset_name"": ""IMDB-BINARY"", ""edge_probability"": 0.1, ""family"": ""imdb_binary"", ""m"": 2, ""num_blocks"": 3, ""num_graphs"": 100, ""num_nodes"": 50, ""p_in"": 0.25, ""p_out"": 0.03, ""seed"": 0}",edge_insertion,"{""alpha"": 0.8, ""edges_added"": 4566, ""edges_removed"": 0, ""graphs"": 100, ""graphs_skipped"": 0, ""graphs_success"": 100, ""label_source"": null, ""method"": ""edge_insertion"", ""perturbation_direction"": ""insertion"", ""perturbation_family"": ""edge"", ""rewires"": 0, ""triangles_affected"": 0}",0.8,0,diversity_curves_shortest_path,paper_faithful,"{""distance_metric"": ""shortest_path"", ""distribution_distance"": ""l2_between_mean_curves"", ""diversity_contraction_mode"": ""random_edge"", ""diversity_curve_definition"": ""shortest_path_spread"", ""diversity_repetitions"": 3, ""diversity_scale_count"": ""dataset_max_nodes"", ""diversity_scale_schedule"": ""all_integer_cardinalities"", ""diversity_upsampling_enabled"": true, ""implementation_mode"": ""paper_faithful"", ""method"": ""diversity_curves_shortest_path"", ""random_seed"": 0}",edge,insertion,,100,12,72,26,595,5.755112333590919,5.755112333590919,5.77749683253997,45.66,45.66043688723415,805.9595487719998,1.4122743606567383,success,
imdb_binary,"{""data_root"": ""data"", ""dataset_name"": ""IMDB-BINARY"", ""edge_probability"": 0.1, ""family"": ""imdb_binary"", ""m"": 2, ""num_blocks"": 3, ""num_graphs"": 100, ""num_nodes"": 50, ""p_in"": 0.25, ""p_out"": 0.03, ""seed"": 0}",edge_insertion,"{""alpha"": 1.0, ""edges_added"": 5289, ""edges_removed"": 0, ""graphs"": 100, ""graphs_skipped"": 0, ""graphs_success"": 100, ""label_source"": null, ""method"": ""edge_insertion"", ""perturbation_direction"": ""insertion"", ""perturbation_family"": ""edge"", ""rewires"": 0, ""triangles_affected"": 0}",1.0,0,structural_statistics_mmd,descriptor_baseline,"{""bandwidth"": 10.0, ""feature_count"": 9, ""implementation_mode"": ""descriptor_baseline"", ""kernel"": ""rbf_mmd"", ""method"": ""structural_statistics_mmd""}",edge,insertion,,100,12,72,26,595,0.09328424346125358,319.44594257851526,320.8335939551861,52.89,52.8904398197779,2.488669440999729,0.067535400390625,success,
imdb_binary,"{""data_root"": ""data"", ""dataset_name"": ""IMDB-BINARY"", ""edge_probability"": 0.1, ""family"": ""imdb_binary"", ""m"": 2, ""num_blocks"": 3, ""num_graphs"": 100, ""num_nodes"": 50, ""p_in"": 0.25, ""p_out"": 0.03, ""seed"": 0}",edge_insertion,"{""alpha"": 1.0, ""edges_added"": 5289, ""edges_removed"": 0, ""graphs"": 100, ""graphs_skipped"": 0, ""graphs_success"": 100, ""label_source"": null, ""method"": ""edge_insertion"", ""perturbation_direction"": ""insertion"", ""perturbation_family"": ""edge"", ""rewires"": 0, ""triangles_affected"": 0}",1.0,0,wl_subtree_kernel_mmd,paper_faithful,"{""implementation_mode"": ""paper_faithful"", ""method"": ""wl_subtree_kernel_mmd"", ""wl_compression"": ""shared_canonical_dictionary_per_comparison"", ""wl_feature_construction"": ""subtree_histograms_across_iterations"", ""wl_iterations"": 3, ""wl_kernel_distance_mode"": ""linear_mmd"", ""wl_label_initialization"": ""node_label_or_degree"", ""wl_node_label_key"": ""node_labels""}",edge,insertion,,100,12,72,26,595,65.07299999999998,8.066783745706834,27.468904213284226,52.89,52.8904398197779,0.5233506510012376,2.0996646881103516,success,
imdb_binary,"{""data_root"": ""data"", ""dataset_name"": ""IMDB-BINARY"", ""edge_probability"": 0.1, ""family"": ""imdb_binary"", ""m"": 2, ""num_blocks"": 3, ""num_graphs"": 100, ""num_nodes"": 50, ""p_in"": 0.25, ""p_out"": 0.03, ""seed"": 0}",edge_insertion,"{""alpha"": 1.0, ""edges_added"": 5289, ""edges_removed"": 0, ""graphs"": 100, ""graphs_skipped"": 0, ""graphs_success"": 100, ""label_source"": null, ""method"": ""edge_insertion"", ""perturbation_direction"": ""insertion"", ""perturbation_family"": ""edge"", ""rewires"": 0, ""triangles_affected"": 0}",1.0,0,native_netlsd,paper_faithful,"{""distribution_distance"": ""l2_between_mean_signatures"", ""eigenvalue_count"": ""all"", ""eigenvalue_mode"": ""full_spectrum"", ""heat_signature"": ""heat_trace"", ""implementation_mode"": ""paper_faithful"", ""laplacian_type"": ""normalized"", ""method"": ""native_netlsd"", ""netlsd_normalization"": ""empty"", ""netlsd_time_scale_count"": 250, ""netlsd_time_scale_max"": 100.0, ""netlsd_time_scale_min"": 0.01, ""netlsd_time_scale_schedule"": ""logspace""}",edge,insertion,,100,12,72,26,595,0.192934774142133,0.192934774142133,0.19395412099300605,52.89,52.8904398197779,27.443166916000337,1.5850677490234375,success,
imdb_binary,"{""data_root"": ""data"", ""dataset_name"": ""IMDB-BINARY"", ""edge_probability"": 0.1, ""family"": ""imdb_binary"", ""m"": 2, ""num_blocks"": 3, ""num_graphs"": 100, ""num_nodes"": 50, ""p_in"": 0.25, ""p_out"": 0.03, ""seed"": 0}",edge_insertion,"{""alpha"": 1.0, ""edges_added"": 5289, ""edges_removed"": 0, ""graphs"": 100, ""graphs_skipped"": 0, ""graphs_success"": 100, ""label_source"": null, ""method"": ""edge_insertion"", ""perturbation_direction"": ""insertion"", ""perturbation_family"": ""edge"", ""rewires"": 0, ""triangles_affected"": 0}",1.0,0,diversity_curves_shortest_path,paper_faithful,"{""distance_metric"": ""shortest_path"", ""distribution_distance"": ""l2_between_mean_curves"", ""diversity_contraction_mode"": ""random_edge"", ""diversity_curve_definition"": ""shortest_path_spread"", ""diversity_repetitions"": 3, ""diversity_scale_count"": ""dataset_max_nodes"", ""diversity_scale_schedule"": ""all_integer_cardinalities"", ""diversity_upsampling_enabled"": true, ""implementation_mode"": ""paper_faithful"", ""method"": ""diversity_curves_shortest_path"", ""random_seed"": 0}",edge,insertion,,100,12,72,26,595,6.4016618083801395,6.4016618083801395,6.420425267668252,52.89,52.8904398197779,823.9675533549998,1.4040040969848633,success,
imdb_binary,"{""data_root"": ""data"", ""dataset_name"": ""IMDB-BINARY"", ""edge_probability"": 0.1, ""family"": ""imdb_binary"", ""m"": 2, ""num_blocks"": 3, ""num_graphs"": 100, ""num_nodes"": 50, ""p_in"": 0.25, ""p_out"": 0.03, ""seed"": 0}",edge_deletion,"{""alpha"": 1.0, ""edges_added"": 0, ""edges_removed"": 8674, ""graphs"": 100, ""graphs_skipped"": 0, ""graphs_success"": 100, ""label_source"": null, ""method"": ""edge_deletion"", ""perturbation_direction"": ""deletion"", ""perturbation_family"": ""edge"", ""rewires"": 0, ""triangles_affected"": 0}",1.0,0,structural_statistics_mmd,descriptor_baseline,"{""bandwidth"": 10.0, ""feature_count"": 9, ""implementation_mode"": ""descriptor_baseline"", ""kernel"": ""rbf_mmd"", ""method"": ""structural_statistics_mmd""}",edge,deletion,,100,12,72,0,435,0.7070829254032692,351.1221119825804,357.7264049231858,86.74,87.52293994507599,1.4747741099999985,0.06784820556640625,success,
imdb_binary,"{""data_root"": ""data"", ""dataset_name"": ""IMDB-BINARY"", ""edge_probability"": 0.1, ""family"": ""imdb_binary"", ""m"": 2, ""num_blocks"": 3, ""num_graphs"": 100, ""num_nodes"": 50, ""p_in"": 0.25, ""p_out"": 0.03, ""seed"": 0}",edge_deletion,"{""alpha"": 1.0, ""edges_added"": 0, ""edges_removed"": 8674, ""graphs"": 100, ""graphs_skipped"": 0, ""graphs_success"": 100, ""label_source"": null, ""method"": ""edge_deletion"", ""perturbation_direction"": ""deletion"", ""perturbation_family"": ""edge"", ""rewires"": 0, ""triangles_affected"": 0}",1.0,0,wl_subtree_kernel_mmd,paper_faithful,"{""implementation_mode"": ""paper_faithful"", ""method"": ""wl_subtree_kernel_mmd"", ""wl_compression"": ""shared_canonical_dictionary_per_comparison"", ""wl_feature_construction"": ""subtree_histograms_across_iterations"", ""wl_iterations"": 3, ""wl_kernel_distance_mode"": ""linear_mmd"", ""wl_label_initialization"": ""node_label_or_degree"", ""wl_node_label_key"": ""node_labels""}",edge,deletion,,100,12,72,0,435,1437.3860000000004,37.91287380297094,44.38235682394537,86.74,87.52293994507599,0.37977830999989237,0.957758903503418,success,
imdb_binary,"{""data_root"": ""data"", ""dataset_name"": ""IMDB-BINARY"", ""edge_probability"": 0.1, ""family"": ""imdb_binary"", ""m"": 2, ""num_blocks"": 3, ""num_graphs"": 100, ""num_nodes"": 50, ""p_in"": 0.25, ""p_out"": 0.03, ""seed"": 0}",edge_deletion,"{""alpha"": 1.0, ""edges_added"": 0, ""edges_removed"": 8674, ""graphs"": 100, ""graphs_skipped"": 0, ""graphs_success"": 100, ""label_source"": null, ""method"": ""edge_deletion"", ""perturbation_direction"": ""deletion"", ""perturbation_family"": ""edge"", ""rewires"": 0, ""triangles_affected"": 0}",1.0,0,native_netlsd,paper_faithful,"{""distribution_distance"": ""l2_between_mean_signatures"", ""eigenvalue_count"": ""all"", ""eigenvalue_mode"": ""full_spectrum"", ""heat_signature"": ""heat_trace"", ""implementation_mode"": ""paper_faithful"", ""laplacian_type"": ""normalized"", ""method"": ""native_netlsd"", ""netlsd_normalization"": ""empty"", ""netlsd_time_scale_count"": 250, ""netlsd_time_scale_max"": 100.0, ""netlsd_time_scale_min"": 0.01, ""netlsd_time_scale_schedule"": ""logspace""}",edge,deletion,,100,12,72,0,435,10.297233781000031,10.297233781000031,10.297718886388747,86.74,87.52293994507599,9.854030201999194,1.5850296020507812,success,
imdb_binary,"{""data_root"": ""data"", ""dataset_name"": ""IMDB-BINARY"", ""edge_probability"": 0.1, ""family"": ""imdb_binary"", ""m"": 2, ""num_blocks"": 3, ""num_graphs"": 100, ""num_nodes"": 50, ""p_in"": 0.25, ""p_out"": 0.03, ""seed"": 0}",edge_deletion,"{""alpha"": 1.0, ""edges_added"": 0, ""edges_removed"": 8674, ""graphs"": 100, ""graphs_skipped"": 0, ""graphs_success"": 100, ""label_source"": null, ""method"": ""edge_deletion"", ""perturbation_direction"": ""deletion"", ""perturbation_family"": ""edge"", ""rewires"": 0, ""triangles_affected"": 0}",1.0,0,diversity_curves_shortest_path,paper_faithful,"{""distance_metric"": ""shortest_path"", ""distribution_distance"": ""l2_between_mean_curves"", ""diversity_contraction_mode"": ""random_edge"", ""diversity_curve_definition"": ""shortest_path_spread"", ""diversity_repetitions"": 3, ""diversity_scale_count"": ""dataset_max_nodes"", ""diversity_scale_schedule"": ""all_integer_cardinalities"", ""diversity_upsampling_enabled"": true, ""implementation_mode"": ""paper_faithful"", ""method"": ""diversity_curves_shortest_path"", ""random_seed"": 0}",edge,deletion,,100,12,72,0,435,165.06979424886694,165.06979424886694,165.3513201886617,86.74,87.52293994507599,385.7946751470008,1.0442085266113281,success,
imdb_binary,"{""data_root"": ""data"", ""dataset_name"": ""IMDB-BINARY"", ""edge_probability"": 0.1, ""family"": ""imdb_binary"", ""m"": 2, ""num_blocks"": 3, ""num_graphs"": 100, ""num_nodes"": 50, ""p_in"": 0.25, ""p_out"": 0.03, ""seed"": 0}",edge_deletion,"{""alpha"": 0.9, ""edges_added"": 0, ""edges_removed"": 7760, ""graphs"": 100, ""graphs_skipped"": 0, ""graphs_success"": 100, ""label_source"": null, ""method"": ""edge_deletion"", ""perturbation_direction"": ""deletion"", ""perturbation_family"": ""edge"", ""rewires"": 0, ""triangles_affected"": 0}",0.9,0,structural_statistics_mmd,descriptor_baseline,"{""bandwidth"": 10.0, ""feature_count"": 9, ""implementation_mode"": ""descriptor_baseline"", ""kernel"": ""rbf_mmd"", ""method"": ""structural_statistics_mmd""}",edge,deletion,,100,12,72,3,435,0.6650660848781395,348.3215031535037,353.55761259931904,77.6,78.27035052211863,1.4872482619994116,0.06859588623046875,success,
imdb_binary,"{""data_root"": ""data"", ""dataset_name"": ""IMDB-BINARY"", ""edge_probability"": 0.1, ""family"": ""imdb_binary"", ""m"": 2, ""num_blocks"": 3, ""num_graphs"": 100, ""num_nodes"": 50, ""p_in"": 0.25, ""p_out"": 0.03, ""seed"": 0}",edge_deletion,"{""alpha"": 0.9, ""edges_added"": 0, ""edges_removed"": 7760, ""graphs"": 100, ""graphs_skipped"": 0, ""graphs_success"": 100, ""label_source"": null, ""method"": ""edge_deletion"", ""perturbation_direction"": ""deletion"", ""perturbation_family"": ""edge"", ""rewires"": 0, ""triangles_affected"": 0}",0.9,0,wl_subtree_kernel_mmd,paper_faithful,"{""implementation_mode"": ""paper_faithful"", ""method"": ""wl_subtree_kernel_mmd"", ""wl_compression"": ""shared_canonical_dictionary_per_comparison"", ""wl_feature_construction"": ""subtree_histograms_across_iterations"", ""wl_iterations"": 3, ""wl_kernel_distance_mode"": ""linear_mmd"", ""wl_label_initialization"": ""node_label_or_degree"", ""wl_node_label_key"": ""node_labels""}",edge,deletion,,100,12,72,3,435,361.64439999999996,19.016950333846907,31.445960721103912,77.6,78.27035052211863,0.4257247740006278,1.2714567184448242,success,
imdb_binary,"{""data_root"": ""data"", ""dataset_name"": ""IMDB-BINARY"", ""edge_probability"": 0.1, ""family"": ""imdb_binary"", ""m"": 2, ""num_blocks"": 3, ""num_graphs"": 100, ""num_nodes"": 50, ""p_in"": 0.25, ""p_out"": 0.03, ""seed"": 0}",edge_deletion,"{""alpha"": 0.9, ""edges_added"": 0, ""edges_removed"": 7760, ""graphs"": 100, ""graphs_skipped"": 0, ""graphs_success"": 100, ""label_source"": null, ""method"": ""edge_deletion"", ""perturbation_direction"": ""deletion"", ""perturbation_family"": ""edge"", ""rewires"": 0, ""triangles_affected"": 0}",0.9,0,native_netlsd,paper_faithful,"{""distribution_distance"": ""l2_between_mean_signatures"", ""eigenvalue_count"": ""all"", ""eigenvalue_mode"": ""full_spectrum"", ""heat_signature"": ""heat_trace"", ""implementation_mode"": ""paper_faithful"", ""laplacian_type"": ""normalized"", ""method"": ""native_netlsd"", ""netlsd_normalization"": ""empty"", ""netlsd_time_scale_count"": 250, ""netlsd_time_scale_max"": 100.0, ""netlsd_time_scale_min"": 0.01, ""netlsd_time_scale_schedule"": ""logspace""}",edge,deletion,,100,12,72,3,435,5.61004707962123,5.61004707962123,5.617252687896706,77.6,78.27035052211863,17.33235969999987,1.5850296020507812,success,
imdb_binary,"{""data_root"": ""data"", ""dataset_name"": ""IMDB-BINARY"", ""edge_probability"": 0.1, ""family"": ""imdb_binary"", ""m"": 2, ""num_blocks"": 3, ""num_graphs"": 100, ""num_nodes"": 50, ""p_in"": 0.25, ""p_out"": 0.03, ""seed"": 0}",edge_deletion,"{""alpha"": 0.9, ""edges_added"": 0, ""edges_removed"": 7760, ""graphs"": 100, ""graphs_skipped"": 0, ""graphs_success"": 100, ""label_source"": null, ""method"": ""edge_deletion"", ""perturbation_direction"": ""deletion"", ""perturbation_family"": ""edge"", ""rewires"": 0, ""triangles_affected"": 0}",0.9,0,diversity_curves_shortest_path,paper_faithful,"{""distance_metric"": ""shortest_path"", ""distribution_distance"": ""l2_between_mean_curves"", ""diversity_contraction_mode"": ""random_edge"", ""diversity_curve_definition"": ""shortest_path_spread"", ""diversity_repetitions"": 3, ""diversity_scale_count"": ""dataset_max_nodes"", ""diversity_scale_schedule"": ""all_integer_cardinalities"", ""diversity_upsampling_enabled"": true, ""implementation_mode"": ""paper_faithful"", ""method"": ""diversity_curves_shortest_path"", ""random_seed"": 0}",edge,deletion,,100,12,72,3,435,108.78501547848991,108.78501547848991,108.94348865568229,77.6,78.27035052211863,427.02858545100025,1.0329475402832031,success,
imdb_binary,"{""data_root"": ""data"", ""dataset_name"": ""IMDB-BINARY"", ""edge_probability"": 0.1, ""family"": ""imdb_binary"", ""m"": 2, ""num_blocks"": 3, ""num_graphs"": 100, ""num_nodes"": 50, ""p_in"": 0.25, ""p_out"": 0.03, ""seed"": 0}",edge_deletion,"{""alpha"": 1.0, ""edges_added"": 0, ""edges_removed"": 8674, ""graphs"": 100, ""graphs_skipped"": 0, ""graphs_success"": 100, ""label_source"": null, ""method"": ""edge_deletion"", ""perturbation_direction"": ""deletion"", ""perturbation_family"": ""edge"", ""rewires"": 0, ""triangles_affected"": 0}",1.0,0,structural_statistics_mmd,descriptor_baseline,"{""bandwidth"": 10.0, ""feature_count"": 9, ""implementation_mode"": ""descriptor_baseline"", ""kernel"": ""rbf_mmd"", ""method"": ""structural_statistics_mmd""}",edge,deletion,,100,12,72,0,435,0.7070829254032692,351.1221119825804,357.7264049231858,86.74,87.52293994507599,1.828829730000507,0.06784820556640625,success,
imdb_binary,"{""data_root"": ""data"", ""dataset_name"": ""IMDB-BINARY"", ""edge_probability"": 0.1, ""family"": ""imdb_binary"", ""m"": 2, ""num_blocks"": 3, ""num_graphs"": 100, ""num_nodes"": 50, ""p_in"": 0.25, ""p_out"": 0.03, ""seed"": 0}",edge_deletion,"{""alpha"": 1.0, ""edges_added"": 0, ""edges_removed"": 8674, ""graphs"": 100, ""graphs_skipped"": 0, ""graphs_success"": 100, ""label_source"": null, ""method"": ""edge_deletion"", ""perturbation_direction"": ""deletion"", ""perturbation_family"": ""edge"", ""rewires"": 0, ""triangles_affected"": 0}",1.0,0,wl_subtree_kernel_mmd,paper_faithful,"{""implementation_mode"": ""paper_faithful"", ""method"": ""wl_subtree_kernel_mmd"", ""wl_compression"": ""shared_canonical_dictionary_per_comparison"", ""wl_feature_construction"": ""subtree_histograms_across_iterations"", ""wl_iterations"": 3, ""wl_kernel_distance_mode"": ""linear_mmd"", ""wl_label_initialization"": ""node_label_or_degree"", ""wl_node_label_key"": ""node_labels""}",edge,deletion,,100,12,72,0,435,1437.3860000000004,37.91287380297094,44.38235682394537,86.74,87.52293994507599,0.364183862999198,0.957758903503418,success,
imdb_binary,"{""data_root"": ""data"", ""dataset_name"": ""IMDB-BINARY"", ""edge_probability"": 0.1, ""family"": ""imdb_binary"", ""m"": 2, ""num_blocks"": 3, ""num_graphs"": 100, ""num_nodes"": 50, ""p_in"": 0.25, ""p_out"": 0.03, ""seed"": 0}",edge_deletion,"{""alpha"": 1.0, ""edges_added"": 0, ""edges_removed"": 8674, ""graphs"": 100, ""graphs_skipped"": 0, ""graphs_success"": 100, ""label_source"": null, ""method"": ""edge_deletion"", ""perturbation_direction"": ""deletion"", ""perturbation_family"": ""edge"", ""rewires"": 0, ""triangles_affected"": 0}",1.0,0,native_netlsd,paper_faithful,"{""distribution_distance"": ""l2_between_mean_signatures"", ""eigenvalue_count"": ""all"", ""eigenvalue_mode"": ""full_spectrum"", ""heat_signature"": ""heat_trace"", ""implementation_mode"": ""paper_faithful"", ""laplacian_type"": ""normalized"", ""method"": ""native_netlsd"", ""netlsd_normalization"": ""empty"", ""netlsd_time_scale_count"": 250, ""netlsd_time_scale_max"": 100.0, ""netlsd_time_scale_min"": 0.01, ""netlsd_time_scale_schedule"": ""logspace""}",edge,deletion,,100,12,72,0,435,10.297233781000031,10.297233781000031,10.297718886388747,86.74,87.52293994507599,10.384438589999263,1.5850296020507812,success,
imdb_binary,"{""data_root"": ""data"", ""dataset_name"": ""IMDB-BINARY"", ""edge_probability"": 0.1, ""family"": ""imdb_binary"", ""m"": 2, ""num_blocks"": 3, ""num_graphs"": 100, ""num_nodes"": 50, ""p_in"": 0.25, ""p_out"": 0.03, ""seed"": 0}",edge_deletion,"{""alpha"": 1.0, ""edges_added"": 0, ""edges_removed"": 8674, ""graphs"": 100, ""graphs_skipped"": 0, ""graphs_success"": 100, ""label_source"": null, ""method"": ""edge_deletion"", ""perturbation_direction"": ""deletion"", ""perturbation_family"": ""edge"", ""rewires"": 0, ""triangles_affected"": 0}",1.0,0,diversity_curves_shortest_path,paper_faithful,"{""distance_metric"": ""shortest_path"", ""distribution_distance"": ""l2_between_mean_curves"", ""diversity_contraction_mode"": ""random_edge"", ""diversity_curve_definition"": ""shortest_path_spread"", ""diversity_repetitions"": 3, ""diversity_scale_count"": ""dataset_max_nodes"", ""diversity_scale_schedule"": ""all_integer_cardinalities"", ""diversity_upsampling_enabled"": true, ""implementation_mode"": ""paper_faithful"", ""method"": ""diversity_curves_shortest_path"", ""random_seed"": 0}",edge,deletion,,100,12,72,0,435,165.06979424886694,165.06979424886694,165.3513201886617,86.74,87.52293994507599,380.19020499399994,1.0442085266113281,success,
imdb_binary,"{""data_root"": ""data"", ""dataset_name"": ""IMDB-BINARY"", ""edge_probability"": 0.1, ""family"": ""imdb_binary"", ""m"": 2, ""num_blocks"": 3, ""num_graphs"": 100, ""num_nodes"": 50, ""p_in"": 0.25, ""p_out"": 0.03, ""seed"": 0}",edge_deletion,"{""alpha"": 0.9, ""edges_added"": 0, ""edges_removed"": 7760, ""graphs"": 100, ""graphs_skipped"": 0, ""graphs_success"": 100, ""label_source"": null, ""method"": ""edge_deletion"", ""perturbation_direction"": ""deletion"", ""perturbation_family"": ""edge"", ""rewires"": 0, ""triangles_affected"": 0}",0.9,0,structural_statistics_mmd,descriptor_baseline,"{""bandwidth"": 10.0, ""feature_count"": 9, ""implementation_mode"": ""descriptor_baseline"", ""kernel"": ""rbf_mmd"", ""method"": ""structural_statistics_mmd""}",edge,deletion,,100,12,72,3,435,0.6650660848781395,348.3215031535037,353.55761259931904,77.6,78.27035052211863,1.4985279089996766,0.06859588623046875,success,
imdb_binary,"{""data_root"": ""data"", ""dataset_name"": ""IMDB-BINARY"", ""edge_probability"": 0.1, ""family"": ""imdb_binary"", ""m"": 2, ""num_blocks"": 3, ""num_graphs"": 100, ""num_nodes"": 50, ""p_in"": 0.25, ""p_out"": 0.03, ""seed"": 0}",edge_deletion,"{""alpha"": 0.9, ""edges_added"": 0, ""edges_removed"": 7760, ""graphs"": 100, ""graphs_skipped"": 0, ""graphs_success"": 100, ""label_source"": null, ""method"": ""edge_deletion"", ""perturbation_direction"": ""deletion"", ""perturbation_family"": ""edge"", ""rewires"": 0, ""triangles_affected"": 0}",0.9,0,wl_subtree_kernel_mmd,paper_faithful,"{""implementation_mode"": ""paper_faithful"", ""method"": ""wl_subtree_kernel_mmd"", ""wl_compression"": ""shared_canonical_dictionary_per_comparison"", ""wl_feature_construction"": ""subtree_histograms_across_iterations"", ""wl_iterations"": 3, ""wl_kernel_distance_mode"": ""linear_mmd"", ""wl_label_initialization"": ""node_label_or_degree"", ""wl_node_label_key"": ""node_labels""}",edge,deletion,,100,12,72,3,435,361.64439999999996,19.016950333846907,31.445960721103912,77.6,78.27035052211863,0.36063968900089094,1.2727537155151367,success,
imdb_binary,"{""data_root"": ""data"", ""dataset_name"": ""IMDB-BINARY"", ""edge_probability"": 0.1, ""family"": ""imdb_binary"", ""m"": 2, ""num_blocks"": 3, ""num_graphs"": 100, ""num_nodes"": 50, ""p_in"": 0.25, ""p_out"": 0.03, ""seed"": 0}",edge_deletion,"{""alpha"": 0.9, ""edges_added"": 0, ""edges_removed"": 7760, ""graphs"": 100, ""graphs_skipped"": 0, ""graphs_success"": 100, ""label_source"": null, ""method"": ""edge_deletion"", ""perturbation_direction"": ""deletion"", ""perturbation_family"": ""edge"", ""rewires"": 0, ""triangles_affected"": 0}",0.9,0,native_netlsd,paper_faithful,"{""distribution_distance"": ""l2_between_mean_signatures"", ""eigenvalue_count"": ""all"", ""eigenvalue_mode"": ""full_spectrum"", ""heat_signature"": ""heat_trace"", ""implementation_mode"": ""paper_faithful"", ""laplacian_type"": ""normalized"", ""method"": ""native_netlsd"", ""netlsd_normalization"": ""empty"", ""netlsd_time_scale_count"": 250, ""netlsd_time_scale_max"": 100.0, ""netlsd_time_scale_min"": 0.01, ""netlsd_time_scale_schedule"": ""logspace""}",edge,deletion,,100,12,72,3,435,5.61004707962123,5.61004707962123,5.617252687896706,77.6,78.27035052211863,17.624921607999568,1.5850296020507812,success,
imdb_binary,"{""data_root"": ""data"", ""dataset_name"": ""IMDB-BINARY"", ""edge_probability"": 0.1, ""family"": ""imdb_binary"", ""m"": 2, ""num_blocks"": 3, ""num_graphs"": 100, ""num_nodes"": 50, ""p_in"": 0.25, ""p_out"": 0.03, ""seed"": 0}",edge_deletion,"{""alpha"": 0.9, ""edges_added"": 0, ""edges_removed"": 7760, ""graphs"": 100, ""graphs_skipped"": 0, ""graphs_success"": 100, ""label_source"": null, ""method"": ""edge_deletion"", ""perturbation_direction"": ""deletion"", ""perturbation_family"": ""edge"", ""rewires"": 0, ""triangles_affected"": 0}",0.9,0,diversity_curves_shortest_path,paper_faithful,"{""distance_metric"": ""shortest_path"", ""distribution_distance"": ""l2_between_mean_curves"", ""diversity_contraction_mode"": ""random_edge"", ""diversity_curve_definition"": ""shortest_path_spread"", ""diversity_repetitions"": 3, ""diversity_scale_count"": ""dataset_max_nodes"", ""diversity_scale_schedule"": ""all_integer_cardinalities"", ""diversity_upsampling_enabled"": true, ""implementation_mode"": ""paper_faithful"", ""method"": ""diversity_curves_shortest_path"", ""random_seed"": 0}",edge,deletion,,100,12,72,3,435,108.78501547848991,108.78501547848991,108.94348865568229,77.6,78.27035052211863,407.3679634830005,1.0329475402832031,success,
imdb_binary,"{""data_root"": ""data"", ""dataset_name"": ""IMDB-BINARY"", ""edge_probability"": 0.1, ""family"": ""imdb_binary"", ""m"": 2, ""num_blocks"": 3, ""num_graphs"": 100, ""num_nodes"": 50, ""p_in"": 0.25, ""p_out"": 0.03, ""seed"": 0}",edge_deletion,"{""alpha"": 0.8, ""edges_added"": 0, ""edges_removed"": 6893, ""graphs"": 100, ""graphs_skipped"": 0, ""graphs_success"": 100, ""label_source"": null, ""method"": ""edge_deletion"", ""perturbation_direction"": ""deletion"", ""perturbation_family"": ""edge"", ""rewires"": 0, ""triangles_affected"": 0}",0.8,0,structural_statistics_mmd,descriptor_baseline,"{""bandwidth"": 10.0, ""feature_count"": 9, ""implementation_mode"": ""descriptor_baseline"", ""kernel"": ""rbf_mmd"", ""method"": ""structural_statistics_mmd""}",edge,deletion,,100,12,72,6,435,0.598808254300472,344.03638079079263,348.1861012289587,68.93,69.50895579498788,1.467464622000989,0.0670013427734375,success,
imdb_binary,"{""data_root"": ""data"", ""dataset_name"": ""IMDB-BINARY"", ""edge_probability"": 0.1, ""family"": ""imdb_binary"", ""m"": 2, ""num_blocks"": 3, ""num_graphs"": 100, ""num_nodes"": 50, ""p_in"": 0.25, ""p_out"": 0.03, ""seed"": 0}",edge_deletion,"{""alpha"": 0.8, ""edges_added"": 0, ""edges_removed"": 6893, ""graphs"": 100, ""graphs_skipped"": 0, ""graphs_success"": 100, ""label_source"": null, ""method"": ""edge_deletion"", ""perturbation_direction"": ""deletion"", ""perturbation_family"": ""edge"", ""rewires"": 0, ""triangles_affected"": 0}",0.8,0,wl_subtree_kernel_mmd,paper_faithful,"{""implementation_mode"": ""paper_faithful"", ""method"": ""wl_subtree_kernel_mmd"", ""wl_compression"": ""shared_canonical_dictionary_per_comparison"", ""wl_feature_construction"": ""subtree_histograms_across_iterations"", ""wl_iterations"": 3, ""wl_kernel_distance_mode"": ""linear_mmd"", ""wl_label_initialization"": ""node_label_or_degree"", ""wl_node_label_key"": ""node_labels""}",edge,deletion,,100,12,72,6,435,154.34140000000002,12.42342142889792,27.964070213330384,68.93,69.50895579498788,0.45684212899868726,1.6265249252319336,success,
imdb_binary,"{""data_root"": ""data"", ""dataset_name"": ""IMDB-BINARY"", ""edge_probability"": 0.1, ""family"": ""imdb_binary"", ""m"": 2, ""num_blocks"": 3, ""num_graphs"": 100, ""num_nodes"": 50, ""p_in"": 0.25, ""p_out"": 0.03, ""seed"": 0}",edge_deletion,"{""alpha"": 0.8, ""edges_added"": 0, ""edges_removed"": 6893, ""graphs"": 100, ""graphs_skipped"": 0, ""graphs_success"": 100, ""label_source"": null, ""method"": ""edge_deletion"", ""perturbation_direction"": ""deletion"", ""perturbation_family"": ""edge"", ""rewires"": 0, ""triangles_affected"": 0}",0.8,0,native_netlsd,paper_faithful,"{""distribution_distance"": ""l2_between_mean_signatures"", ""eigenvalue_count"": ""all"", ""eigenvalue_mode"": ""full_spectrum"", ""heat_signature"": ""heat_trace"", ""implementation_mode"": ""paper_faithful"", ""laplacian_type"": ""normalized"", ""method"": ""native_netlsd"", ""netlsd_normalization"": ""empty"", ""netlsd_time_scale_count"": 250, ""netlsd_time_scale_max"": 100.0, ""netlsd_time_scale_min"": 0.01, ""netlsd_time_scale_schedule"": ""logspace""}",edge,deletion,,100,12,72,6,435,2.96560102652024,2.96560102652024,2.9800299563772668,68.93,69.50895579498788,28.182377690000067,1.5850296020507812,success,
imdb_binary,"{""data_root"": ""data"", ""dataset_name"": ""IMDB-BINARY"", ""edge_probability"": 0.1, ""family"": ""imdb_binary"", ""m"": 2, ""num_blocks"": 3, ""num_graphs"": 100, ""num_nodes"": 50, ""p_in"": 0.25, ""p_out"": 0.03, ""seed"": 0}",edge_deletion,"{""alpha"": 0.8, ""edges_added"": 0, ""edges_removed"": 6893, ""graphs"": 100, ""graphs_skipped"": 0, ""graphs_success"": 100, ""label_source"": null, ""method"": ""edge_deletion"", ""perturbation_direction"": ""deletion"", ""perturbation_family"": ""edge"", ""rewires"": 0, ""triangles_affected"": 0}",0.8,0,diversity_curves_shortest_path,paper_faithful,"{""distance_metric"": ""shortest_path"", ""distribution_distance"": ""l2_between_mean_curves"", ""diversity_contraction_mode"": ""random_edge"", ""diversity_curve_definition"": ""shortest_path_spread"", ""diversity_repetitions"": 3, ""diversity_scale_count"": ""dataset_max_nodes"", ""diversity_scale_schedule"": ""all_integer_cardinalities"", ""diversity_upsampling_enabled"": true, ""implementation_mode"": ""paper_faithful"", ""method"": ""diversity_curves_shortest_path"", ""random_seed"": 0}",edge,deletion,,100,12,72,6,435,70.34600499533121,70.34600499533121,70.43306214564393,68.93,69.50895579498788,487.6754077470014,1.0178413391113281,success,
imdb_binary,"{""data_root"": ""data"", ""dataset_name"": ""IMDB-BINARY"", ""edge_probability"": 0.1, ""family"": ""imdb_binary"", ""m"": 2, ""num_blocks"": 3, ""num_graphs"": 100, ""num_nodes"": 50, ""p_in"": 0.25, ""p_out"": 0.03, ""seed"": 0}",edge_deletion,"{""alpha"": 0.8, ""edges_added"": 0, ""edges_removed"": 6893, ""graphs"": 100, ""graphs_skipped"": 0, ""graphs_success"": 100, ""label_source"": null, ""method"": ""edge_deletion"", ""perturbation_direction"": ""deletion"", ""perturbation_family"": ""edge"", ""rewires"": 0, ""triangles_affected"": 0}",0.8,0,structural_statistics_mmd,descriptor_baseline,"{""bandwidth"": 10.0, ""feature_count"": 9, ""implementation_mode"": ""descriptor_baseline"", ""kernel"": ""rbf_mmd"", ""method"": ""structural_statistics_mmd""}",edge,deletion,,100,12,72,6,435,0.598808254300472,344.03638079079263,348.1861012289587,68.93,69.50895579498788,1.6448985419992823,0.0670013427734375,success,
imdb_binary,"{""data_root"": ""data"", ""dataset_name"": ""IMDB-BINARY"", ""edge_probability"": 0.1, ""family"": ""imdb_binary"", ""m"": 2, ""num_blocks"": 3, ""num_graphs"": 100, ""num_nodes"": 50, ""p_in"": 0.25, ""p_out"": 0.03, ""seed"": 0}",edge_deletion,"{""alpha"": 0.8, ""edges_added"": 0, ""edges_removed"": 6893, ""graphs"": 100, ""graphs_skipped"": 0, ""graphs_success"": 100, ""label_source"": null, ""method"": ""edge_deletion"", ""perturbation_direction"": ""deletion"", ""perturbation_family"": ""edge"", ""rewires"": 0, ""triangles_affected"": 0}",0.8,0,wl_subtree_kernel_mmd,paper_faithful,"{""implementation_mode"": ""paper_faithful"", ""method"": ""wl_subtree_kernel_mmd"", ""wl_compression"": ""shared_canonical_dictionary_per_comparison"", ""wl_feature_construction"": ""subtree_histograms_across_iterations"", ""wl_iterations"": 3, ""wl_kernel_distance_mode"": ""linear_mmd"", ""wl_label_initialization"": ""node_label_or_degree"", ""wl_node_label_key"": ""node_labels""}",edge,deletion,,100,12,72,6,435,154.34140000000002,12.42342142889792,27.964070213330384,68.93,69.50895579498788,0.39321159400060424,1.643874168395996,success,
imdb_binary,"{""data_root"": ""data"", ""dataset_name"": ""IMDB-BINARY"", ""edge_probability"": 0.1, ""family"": ""imdb_binary"", ""m"": 2, ""num_blocks"": 3, ""num_graphs"": 100, ""num_nodes"": 50, ""p_in"": 0.25, ""p_out"": 0.03, ""seed"": 0}",edge_deletion,"{""alpha"": 0.8, ""edges_added"": 0, ""edges_removed"": 6893, ""graphs"": 100, ""graphs_skipped"": 0, ""graphs_success"": 100, ""label_source"": null, ""method"": ""edge_deletion"", ""perturbation_direction"": ""deletion"", ""perturbation_family"": ""edge"", ""rewires"": 0, ""triangles_affected"": 0}",0.8,0,native_netlsd,paper_faithful,"{""distribution_distance"": ""l2_between_mean_signatures"", ""eigenvalue_count"": ""all"", ""eigenvalue_mode"": ""full_spectrum"", ""heat_signature"": ""heat_trace"", ""implementation_mode"": ""paper_faithful"", ""laplacian_type"": ""normalized"", ""method"": ""native_netlsd"", ""netlsd_normalization"": ""empty"", ""netlsd_time_scale_count"": 250, ""netlsd_time_scale_max"": 100.0, ""netlsd_time_scale_min"": 0.01, ""netlsd_time_scale_schedule"": ""logspace""}",edge,deletion,,100,12,72,6,435,2.96560102652024,2.96560102652024,2.9800299563772668,68.93,69.50895579498788,28.040817895000146,1.5850296020507812,success,
imdb_binary,"{""data_root"": ""data"", ""dataset_name"": ""IMDB-BINARY"", ""edge_probability"": 0.1, ""family"": ""imdb_binary"", ""m"": 2, ""num_blocks"": 3, ""num_graphs"": 100, ""num_nodes"": 50, ""p_in"": 0.25, ""p_out"": 0.03, ""seed"": 0}",edge_deletion,"{""alpha"": 0.8, ""edges_added"": 0, ""edges_removed"": 6893, ""graphs"": 100, ""graphs_skipped"": 0, ""graphs_success"": 100, ""label_source"": null, ""method"": ""edge_deletion"", ""perturbation_direction"": ""deletion"", ""perturbation_family"": ""edge"", ""rewires"": 0, ""triangles_affected"": 0}",0.8,0,diversity_curves_shortest_path,paper_faithful,"{""distance_metric"": ""shortest_path"", ""distribution_distance"": ""l2_between_mean_curves"", ""diversity_contraction_mode"": ""random_edge"", ""diversity_curve_definition"": ""shortest_path_spread"", ""diversity_repetitions"": 3, ""diversity_scale_count"": ""dataset_max_nodes"", ""diversity_scale_schedule"": ""all_integer_cardinalities"", ""diversity_upsampling_enabled"": true, ""implementation_mode"": ""paper_faithful"", ""method"": ""diversity_curves_shortest_path"", ""random_seed"": 0}",edge,deletion,,100,12,72,6,435,70.34600499533121,70.34600499533121,70.43306214564393,68.93,69.50895579498788,468.18045784899914,1.0178413391113281,success,
imdb_binary,"{""data_root"": ""data"", ""dataset_name"": ""IMDB-BINARY"", ""edge_probability"": 0.1, ""family"": ""imdb_binary"", ""m"": 2, ""num_blocks"": 3, ""num_graphs"": 100, ""num_nodes"": 50, ""p_in"": 0.25, ""p_out"": 0.03, ""seed"": 0}",edge_deletion,"{""alpha"": 0.7, ""edges_added"": 0, ""edges_removed"": 6033, ""graphs"": 100, ""graphs_skipped"": 0, ""graphs_success"": 100, ""label_source"": null, ""method"": ""edge_deletion"", ""perturbation_direction"": ""deletion"", ""perturbation_family"": ""edge"", ""rewires"": 0, ""triangles_affected"": 0}",0.7,0,structural_statistics_mmd,descriptor_baseline,"{""bandwidth"": 10.0, ""feature_count"": 9, ""implementation_mode"": ""descriptor_baseline"", ""kernel"": ""rbf_mmd"", ""method"": ""structural_statistics_mmd""}",edge,deletion,,100,12,72,8,435,0.5238459804246148,336.25459492842805,339.5553404048232,60.33,60.847126032105805,1.7025979270001699,0.06813812255859375,success,
imdb_binary,"{""data_root"": ""data"", ""dataset_name"": ""IMDB-BINARY"", ""edge_probability"": 0.1, ""family"": ""imdb_binary"", ""m"": 2, ""num_blocks"": 3, ""num_graphs"": 100, ""num_nodes"": 50, ""p_in"": 0.25, ""p_out"": 0.03, ""seed"": 0}",edge_deletion,"{""alpha"": 0.7, ""edges_added"": 0, ""edges_removed"": 6033, ""graphs"": 100, ""graphs_skipped"": 0, ""graphs_success"": 100, ""label_source"": null, ""method"": ""edge_deletion"", ""perturbation_direction"": ""deletion"", ""perturbation_family"": ""edge"", ""rewires"": 0, ""triangles_affected"": 0}",0.7,0,wl_subtree_kernel_mmd,paper_faithful,"{""implementation_mode"": ""paper_faithful"", ""method"": ""wl_subtree_kernel_mmd"", ""wl_compression"": ""shared_canonical_dictionary_per_comparison"", ""wl_feature_construction"": ""subtree_histograms_across_iterations"", ""wl_iterations"": 3, ""wl_kernel_distance_mode"": ""linear_mmd"", ""wl_label_initialization"": ""node_label_or_degree"", ""wl_node_label_key"": ""node_labels""}",edge,deletion,,100,12,72,8,435,89.79280000000001,9.475906289110293,26.744708429473313,60.33,60.847126032105805,0.5009560720009176,1.8462066650390625,success,
imdb_binary,"{""data_root"": ""data"", ""dataset_name"": ""IMDB-BINARY"", ""edge_probability"": 0.1, ""family"": ""imdb_binary"", ""m"": 2, ""num_blocks"": 3, ""num_graphs"": 100, ""num_nodes"": 50, ""p_in"": 0.25, ""p_out"": 0.03, ""seed"": 0}",edge_deletion,"{""alpha"": 0.7, ""edges_added"": 0, ""edges_removed"": 6033, ""graphs"": 100, ""graphs_skipped"": 0, ""graphs_success"": 100, ""label_source"": null, ""method"": ""edge_deletion"", ""perturbation_direction"": ""deletion"", ""perturbation_family"": ""edge"", ""rewires"": 0, ""triangles_affected"": 0}",0.7,0,native_netlsd,paper_faithful,"{""distribution_distance"": ""l2_between_mean_signatures"", ""eigenvalue_count"": ""all"", ""eigenvalue_mode"": ""full_spectrum"", ""heat_signature"": ""heat_trace"", ""implementation_mode"": ""paper_faithful"", ""laplacian_type"": ""normalized"", ""method"": ""native_netlsd"", ""netlsd_normalization"": ""empty"", ""netlsd_time_scale_count"": 250, ""netlsd_time_scale_max"": 100.0, ""netlsd_time_scale_min"": 0.01, ""netlsd_time_scale_schedule"": ""logspace""}",edge,deletion,,100,12,72,8,435,1.5048804050092675,1.5048804050092675,1.5292144539556807,60.33,60.847126032105805,33.609543002001374,1.5850296020507812,success,
imdb_binary,"{""data_root"": ""data"", ""dataset_name"": ""IMDB-BINARY"", ""edge_probability"": 0.1, ""family"": ""imdb_binary"", ""m"": 2, ""num_blocks"": 3, ""num_graphs"": 100, ""num_nodes"": 50, ""p_in"": 0.25, ""p_out"": 0.03, ""seed"": 0}",edge_deletion,"{""alpha"": 0.7, ""edges_added"": 0, ""edges_removed"": 6033, ""graphs"": 100, ""graphs_skipped"": 0, ""graphs_success"": 100, ""label_source"": null, ""method"": ""edge_deletion"", ""perturbation_direction"": ""deletion"", ""perturbation_family"": ""edge"", ""rewires"": 0, ""triangles_affected"": 0}",0.7,0,diversity_curves_shortest_path,paper_faithful,"{""distance_metric"": ""shortest_path"", ""distribution_distance"": ""l2_between_mean_curves"", ""diversity_contraction_mode"": ""random_edge"", ""diversity_curve_definition"": ""shortest_path_spread"", ""diversity_repetitions"": 3, ""diversity_scale_count"": ""dataset_max_nodes"", ""diversity_scale_schedule"": ""all_integer_cardinalities"", ""diversity_upsampling_enabled"": true, ""implementation_mode"": ""paper_faithful"", ""method"": ""diversity_curves_shortest_path"", ""random_seed"": 0}",edge,deletion,,100,12,72,8,435,44.28986734674489,44.28986734674489,44.37177983105876,60.33,60.847126032105805,568.7478364029994,1.0178413391113281,success,
imdb_binary,"{""data_root"": ""data"", ""dataset_name"": ""IMDB-BINARY"", ""edge_probability"": 0.1, ""family"": ""imdb_binary"", ""m"": 2, ""num_blocks"": 3, ""num_graphs"": 100, ""num_nodes"": 50, ""p_in"": 0.25, ""p_out"": 0.03, ""seed"": 0}",edge_deletion,"{""alpha"": 0.6, ""edges_added"": 0, ""edges_removed"": 5159, ""graphs"": 100, ""graphs_skipped"": 0, ""graphs_success"": 100, ""label_source"": null, ""method"": ""edge_deletion"", ""perturbation_direction"": ""deletion"", ""perturbation_family"": ""edge"", ""rewires"": 0, ""triangles_affected"": 0}",0.6,0,structural_statistics_mmd,descriptor_baseline,"{""bandwidth"": 10.0, ""feature_count"": 9, ""implementation_mode"": ""descriptor_baseline"", ""kernel"": ""rbf_mmd"", ""method"": ""structural_statistics_mmd""}",edge,deletion,,100,12,72,11,435,0.4416862361425611,322.2372369546467,324.77968972178144,51.59,52.0130913208249,1.6016374729988456,0.06744384765625,success,
imdb_binary,"{""data_root"": ""data"", ""dataset_name"": ""IMDB-BINARY"", ""edge_probability"": 0.1, ""family"": ""imdb_binary"", ""m"": 2, ""num_blocks"": 3, ""num_graphs"": 100, ""num_nodes"": 50, ""p_in"": 0.25, ""p_out"": 0.03, ""seed"": 0}",edge_deletion,"{""alpha"": 0.6, ""edges_added"": 0, ""edges_removed"": 5159, ""graphs"": 100, ""graphs_skipped"": 0, ""graphs_success"": 100, ""label_source"": null, ""method"": ""edge_deletion"", ""perturbation_direction"": ""deletion"", ""perturbation_family"": ""edge"", ""rewires"": 0, ""triangles_affected"": 0}",0.6,0,wl_subtree_kernel_mmd,paper_faithful,"{""implementation_mode"": ""paper_faithful"", ""method"": ""wl_subtree_kernel_mmd"", ""wl_compression"": ""shared_canonical_dictionary_per_comparison"", ""wl_feature_construction"": ""subtree_histograms_across_iterations"", ""wl_iterations"": 3, ""wl_kernel_distance_mode"": ""linear_mmd"", ""wl_label_initialization"": ""node_label_or_degree"", ""wl_node_label_key"": ""node_labels""}",edge,deletion,,100,12,72,11,435,63.355599999999995,7.959623106655239,26.12086006039031,51.59,52.0130913208249,0.6798233839999739,1.9471511840820312,success,
imdb_binary,"{""data_root"": ""data"", ""dataset_name"": ""IMDB-BINARY"", ""edge_probability"": 0.1, ""family"": ""imdb_binary"", ""m"": 2, ""num_blocks"": 3, ""num_graphs"": 100, ""num_nodes"": 50, ""p_in"": 0.25, ""p_out"": 0.03, ""seed"": 0}",edge_deletion,"{""alpha"": 0.6, ""edges_added"": 0, ""edges_removed"": 5159, ""graphs"": 100, ""graphs_skipped"": 0, ""graphs_success"": 100, ""label_source"": null, ""method"": ""edge_deletion"", ""perturbation_direction"": ""deletion"", ""perturbation_family"": ""edge"", ""rewires"": 0, ""triangles_affected"": 0}",0.6,0,native_netlsd,paper_faithful,"{""distribution_distance"": ""l2_between_mean_signatures"", ""eigenvalue_count"": ""all"", ""eigenvalue_mode"": ""full_spectrum"", ""heat_signature"": ""heat_trace"", ""implementation_mode"": ""paper_faithful"", ""laplacian_type"": ""normalized"", ""method"": ""native_netlsd"", ""netlsd_normalization"": ""empty"", ""netlsd_time_scale_count"": 250, ""netlsd_time_scale_max"": 100.0, ""netlsd_time_scale_min"": 0.01, ""netlsd_time_scale_schedule"": ""logspace""}",edge,deletion,,100,12,72,11,435,0.65077628703844,0.65077628703844,0.6816937913225865,51.59,52.0130913208249,38.70112252599938,1.5850296020507812,success,
imdb_binary,"{""data_root"": ""data"", ""dataset_name"": ""IMDB-BINARY"", ""edge_probability"": 0.1, ""family"": ""imdb_binary"", ""m"": 2, ""num_blocks"": 3, ""num_graphs"": 100, ""num_nodes"": 50, ""p_in"": 0.25, ""p_out"": 0.03, ""seed"": 0}",edge_deletion,"{""alpha"": 0.6, ""edges_added"": 0, ""edges_removed"": 5159, ""graphs"": 100, ""graphs_skipped"": 0, ""graphs_success"": 100, ""label_source"": null, ""method"": ""edge_deletion"", ""perturbation_direction"": ""deletion"", ""perturbation_family"": ""edge"", ""rewires"": 0, ""triangles_affected"": 0}",0.6,0,diversity_curves_shortest_path,paper_faithful,"{""distance_metric"": ""shortest_path"", ""distribution_distance"": ""l2_between_mean_curves"", ""diversity_contraction_mode"": ""random_edge"", ""diversity_curve_definition"": ""shortest_path_spread"", ""diversity_repetitions"": 3, ""diversity_scale_count"": ""dataset_max_nodes"", ""diversity_scale_schedule"": ""all_integer_cardinalities"", ""diversity_upsampling_enabled"": true, ""implementation_mode"": ""paper_faithful"", ""method"": ""diversity_curves_shortest_path"", ""random_seed"": 0}",edge,deletion,,100,12,72,11,435,27.106833867205527,27.106833867205527,27.204156413636632,51.59,52.0130913208249,588.7655285799992,1.0257225036621094,success,
imdb_binary,"{""data_root"": ""data"", ""dataset_name"": ""IMDB-BINARY"", ""edge_probability"": 0.1, ""family"": ""imdb_binary"", ""m"": 2, ""num_blocks"": 3, ""num_graphs"": 100, ""num_nodes"": 50, ""p_in"": 0.25, ""p_out"": 0.03, ""seed"": 0}",edge_deletion,"{""alpha"": 0.7, ""edges_added"": 0, ""edges_removed"": 6033, ""graphs"": 100, ""graphs_skipped"": 0, ""graphs_success"": 100, ""label_source"": null, ""method"": ""edge_deletion"", ""perturbation_direction"": ""deletion"", ""perturbation_family"": ""edge"", ""rewires"": 0, ""triangles_affected"": 0}",0.7,0,structural_statistics_mmd,descriptor_baseline,"{""bandwidth"": 10.0, ""feature_count"": 9, ""implementation_mode"": ""descriptor_baseline"", ""kernel"": ""rbf_mmd"", ""method"": ""structural_statistics_mmd""}",edge,deletion,,100,12,72,8,435,0.5238459804246148,336.25459492842805,339.5553404048232,60.33,60.847126032105805,1.6429428989995358,0.06813812255859375,success,
imdb_binary,"{""data_root"": ""data"", ""dataset_name"": ""IMDB-BINARY"", ""edge_probability"": 0.1, ""family"": ""imdb_binary"", ""m"": 2, ""num_blocks"": 3, ""num_graphs"": 100, ""num_nodes"": 50, ""p_in"": 0.25, ""p_out"": 0.03, ""seed"": 0}",edge_deletion,"{""alpha"": 0.7, ""edges_added"": 0, ""edges_removed"": 6033, ""graphs"": 100, ""graphs_skipped"": 0, ""graphs_success"": 100, ""label_source"": null, ""method"": ""edge_deletion"", ""perturbation_direction"": ""deletion"", ""perturbation_family"": ""edge"", ""rewires"": 0, ""triangles_affected"": 0}",0.7,0,wl_subtree_kernel_mmd,paper_faithful,"{""implementation_mode"": ""paper_faithful"", ""method"": ""wl_subtree_kernel_mmd"", ""wl_compression"": ""shared_canonical_dictionary_per_comparison"", ""wl_feature_construction"": ""subtree_histograms_across_iterations"", ""wl_iterations"": 3, ""wl_kernel_distance_mode"": ""linear_mmd"", ""wl_label_initialization"": ""node_label_or_degree"", ""wl_node_label_key"": ""node_labels""}",edge,deletion,,100,12,72,8,435,89.79280000000001,9.475906289110293,26.744708429473313,60.33,60.847126032105805,0.5211725660010416,1.8294143676757812,success,
imdb_binary,"{""data_root"": ""data"", ""dataset_name"": ""IMDB-BINARY"", ""edge_probability"": 0.1, ""family"": ""imdb_binary"", ""m"": 2, ""num_blocks"": 3, ""num_graphs"": 100, ""num_nodes"": 50, ""p_in"": 0.25, ""p_out"": 0.03, ""seed"": 0}",edge_deletion,"{""alpha"": 0.7, ""edges_added"": 0, ""edges_removed"": 6033, ""graphs"": 100, ""graphs_skipped"": 0, ""graphs_success"": 100, ""label_source"": null, ""method"": ""edge_deletion"", ""perturbation_direction"": ""deletion"", ""perturbation_family"": ""edge"", ""rewires"": 0, ""triangles_affected"": 0}",0.7,0,native_netlsd,paper_faithful,"{""distribution_distance"": ""l2_between_mean_signatures"", ""eigenvalue_count"": ""all"", ""eigenvalue_mode"": ""full_spectrum"", ""heat_signature"": ""heat_trace"", ""implementation_mode"": ""paper_faithful"", ""laplacian_type"": ""normalized"", ""method"": ""native_netlsd"", ""netlsd_normalization"": ""empty"", ""netlsd_time_scale_count"": 250, ""netlsd_time_scale_max"": 100.0, ""netlsd_time_scale_min"": 0.01, ""netlsd_time_scale_schedule"": ""logspace""}",edge,deletion,,100,12,72,8,435,1.5048804050092675,1.5048804050092675,1.5292144539556807,60.33,60.847126032105805,34.80920171999969,1.5850296020507812,success,
imdb_binary,"{""data_root"": ""data"", ""dataset_name"": ""IMDB-BINARY"", ""edge_probability"": 0.1, ""family"": ""imdb_binary"", ""m"": 2, ""num_blocks"": 3, ""num_graphs"": 100, ""num_nodes"": 50, ""p_in"": 0.25, ""p_out"": 0.03, ""seed"": 0}",edge_deletion,"{""alpha"": 0.7, ""edges_added"": 0, ""edges_removed"": 6033, ""graphs"": 100, ""graphs_skipped"": 0, ""graphs_success"": 100, ""label_source"": null, ""method"": ""edge_deletion"", ""perturbation_direction"": ""deletion"", ""perturbation_family"": ""edge"", ""rewires"": 0, ""triangles_affected"": 0}",0.7,0,diversity_curves_shortest_path,paper_faithful,"{""distance_metric"": ""shortest_path"", ""distribution_distance"": ""l2_between_mean_curves"", ""diversity_contraction_mode"": ""random_edge"", ""diversity_curve_definition"": ""shortest_path_spread"", ""diversity_repetitions"": 3, ""diversity_scale_count"": ""dataset_max_nodes"", ""diversity_scale_schedule"": ""all_integer_cardinalities"", ""diversity_upsampling_enabled"": true, ""implementation_mode"": ""paper_faithful"", ""method"": ""diversity_curves_shortest_path"", ""random_seed"": 0}",edge,deletion,,100,12,72,8,435,44.28986734674489,44.28986734674489,44.37177983105876,60.33,60.847126032105805,533.5681639189988,1.0178413391113281,success,
imdb_binary,"{""data_root"": ""data"", ""dataset_name"": ""IMDB-BINARY"", ""edge_probability"": 0.1, ""family"": ""imdb_binary"", ""m"": 2, ""num_blocks"": 3, ""num_graphs"": 100, ""num_nodes"": 50, ""p_in"": 0.25, ""p_out"": 0.03, ""seed"": 0}",edge_deletion,"{""alpha"": 0.1, ""edges_added"": 0, ""edges_removed"": 823, ""graphs"": 100, ""graphs_skipped"": 0, ""graphs_success"": 100, ""label_source"": null, ""method"": ""edge_deletion"", ""perturbation_direction"": ""deletion"", ""perturbation_family"": ""edge"", ""rewires"": 0, ""triangles_affected"": 0}",0.1,0,structural_statistics_mmd,descriptor_baseline,"{""bandwidth"": 10.0, ""feature_count"": 9, ""implementation_mode"": ""descriptor_baseline"", ""kernel"": ""rbf_mmd"", ""method"": ""structural_statistics_mmd""}",edge,deletion,,100,12,72,24,435,0.03523334772824287,90.94548356754551,91.23450503232776,8.23,8.30213021277803,1.5659973110014107,0.067535400390625,success,
imdb_binary,"{""data_root"": ""data"", ""dataset_name"": ""IMDB-BINARY"", ""edge_probability"": 0.1, ""family"": ""imdb_binary"", ""m"": 2, ""num_blocks"": 3, ""num_graphs"": 100, ""num_nodes"": 50, ""p_in"": 0.25, ""p_out"": 0.03, ""seed"": 0}",edge_deletion,"{""alpha"": 0.1, ""edges_added"": 0, ""edges_removed"": 823, ""graphs"": 100, ""graphs_skipped"": 0, ""graphs_success"": 100, ""label_source"": null, ""method"": ""edge_deletion"", ""perturbation_direction"": ""deletion"", ""perturbation_family"": ""edge"", ""rewires"": 0, ""triangles_affected"": 0}",0.1,0,wl_subtree_kernel_mmd,paper_faithful,"{""implementation_mode"": ""paper_faithful"", ""method"": ""wl_subtree_kernel_mmd"", ""wl_compression"": ""shared_canonical_dictionary_per_comparison"", ""wl_feature_construction"": ""subtree_histograms_across_iterations"", ""wl_iterations"": 3, ""wl_kernel_distance_mode"": ""linear_mmd"", ""wl_label_initialization"": ""node_label_or_degree"", ""wl_node_label_key"": ""node_labels""}",edge,deletion,,100,12,72,24,435,12.5426,3.541553331519942,24.596397412534415,8.23,8.30213021277803,0.4509587709999323,1.6931991577148438,success,
imdb_binary,"{""data_root"": ""data"", ""dataset_name"": ""IMDB-BINARY"", ""edge_probability"": 0.1, ""family"": ""imdb_binary"", ""m"": 2, ""num_blocks"": 3, ""num_graphs"": 100, ""num_nodes"": 50, ""p_in"": 0.25, ""p_out"": 0.03, ""seed"": 0}",edge_deletion,"{""alpha"": 0.1, ""edges_added"": 0, ""edges_removed"": 823, ""graphs"": 100, ""graphs_skipped"": 0, ""graphs_success"": 100, ""label_source"": null, ""method"": ""edge_deletion"", ""perturbation_direction"": ""deletion"", ""perturbation_family"": ""edge"", ""rewires"": 0, ""triangles_affected"": 0}",0.1,0,native_netlsd,paper_faithful,"{""distribution_distance"": ""l2_between_mean_signatures"", ""eigenvalue_count"": ""all"", ""eigenvalue_mode"": ""full_spectrum"", ""heat_signature"": ""heat_trace"", ""implementation_mode"": ""paper_faithful"", ""laplacian_type"": ""normalized"", ""method"": ""native_netlsd"", ""netlsd_normalization"": ""empty"", ""netlsd_time_scale_count"": 250, ""netlsd_time_scale_max"": 100.0, ""netlsd_time_scale_min"": 0.01, ""netlsd_time_scale_schedule"": ""logspace""}",edge,deletion,,100,12,72,24,435,0.020231642825138906,0.020231642825138906,0.024797739783643902,8.23,8.30213021277803,35.138072693998765,1.5850296020507812,success,
imdb_binary,"{""data_root"": ""data"", ""dataset_name"": ""IMDB-BINARY"", ""edge_probability"": 0.1, ""family"": ""imdb_binary"", ""m"": 2, ""num_blocks"": 3, ""num_graphs"": 100, ""num_nodes"": 50, ""p_in"": 0.25, ""p_out"": 0.03, ""seed"": 0}",edge_deletion,"{""alpha"": 0.1, ""edges_added"": 0, ""edges_removed"": 823, ""graphs"": 100, ""graphs_skipped"": 0, ""graphs_success"": 100, ""label_source"": null, ""method"": ""edge_deletion"", ""perturbation_direction"": ""deletion"", ""perturbation_family"": ""edge"", ""rewires"": 0, ""triangles_affected"": 0}",0.1,0,diversity_curves_shortest_path,paper_faithful,"{""distance_metric"": ""shortest_path"", ""distribution_distance"": ""l2_between_mean_curves"", ""diversity_contraction_mode"": ""random_edge"", ""diversity_curve_definition"": ""shortest_path_spread"", ""diversity_repetitions"": 3, ""diversity_scale_count"": ""dataset_max_nodes"", ""diversity_scale_schedule"": ""all_integer_cardinalities"", ""diversity_upsampling_enabled"": true, ""implementation_mode"": ""paper_faithful"", ""method"": ""diversity_curves_shortest_path"", ""random_seed"": 0}",edge,deletion,,100,12,72,24,435,2.0420761054423826,2.0420761054423826,2.163444154826459,8.23,8.30213021277803,684.0953312499987,1.2379570007324219,success,
imdb_binary,"{""data_root"": ""data"", ""dataset_name"": ""IMDB-BINARY"", ""edge_probability"": 0.1, ""family"": ""imdb_binary"", ""m"": 2, ""num_blocks"": 3, ""num_graphs"": 100, ""num_nodes"": 50, ""p_in"": 0.25, ""p_out"": 0.03, ""seed"": 0}",edge_deletion,"{""alpha"": 0.2, ""edges_added"": 0, ""edges_removed"": 1702, ""graphs"": 100, ""graphs_skipped"": 0, ""graphs_success"": 100, ""label_source"": null, ""method"": ""edge_deletion"", ""perturbation_direction"": ""deletion"", ""perturbation_family"": ""edge"", ""rewires"": 0, ""triangles_affected"": 0}",0.2,0,structural_statistics_mmd,descriptor_baseline,"{""bandwidth"": 10.0, ""feature_count"": 9, ""implementation_mode"": ""descriptor_baseline"", ""kernel"": ""rbf_mmd"", ""method"": ""structural_statistics_mmd""}",edge,deletion,,100,12,72,21,435,0.0859567697893629,166.7469706751776,167.3544860962059,17.02,17.151077875704747,1.7214512569989893,0.067535400390625,success,
imdb_binary,"{""data_root"": ""data"", ""dataset_name"": ""IMDB-BINARY"", ""edge_probability"": 0.1, ""family"": ""imdb_binary"", ""m"": 2, ""num_blocks"": 3, ""num_graphs"": 100, ""num_nodes"": 50, ""p_in"": 0.25, ""p_out"": 0.03, ""seed"": 0}",edge_deletion,"{""alpha"": 0.2, ""edges_added"": 0, ""edges_removed"": 1702, ""graphs"": 100, ""graphs_skipped"": 0, ""graphs_success"": 100, ""label_source"": null, ""method"": ""edge_deletion"", ""perturbation_direction"": ""deletion"", ""perturbation_family"": ""edge"", ""rewires"": 0, ""triangles_affected"": 0}",0.2,0,wl_subtree_kernel_mmd,paper_faithful,"{""implementation_mode"": ""paper_faithful"", ""method"": ""wl_subtree_kernel_mmd"", ""wl_compression"": ""shared_canonical_dictionary_per_comparison"", ""wl_feature_construction"": ""subtree_histograms_across_iterations"", ""wl_iterations"": 3, ""wl_kernel_distance_mode"": ""linear_mmd"", ""wl_label_initialization"": ""node_label_or_degree"", ""wl_node_label_key"": ""node_labels""}",edge,deletion,,100,12,72,21,435,16.529600000000002,4.065661077856835,24.635384845338823,17.02,17.151077875704747,0.45118302999981097,1.8806686401367188,success,
imdb_binary,"{""data_root"": ""data"", ""dataset_name"": ""IMDB-BINARY"", ""edge_probability"": 0.1, ""family"": ""imdb_binary"", ""m"": 2, ""num_blocks"": 3, ""num_graphs"": 100, ""num_nodes"": 50, ""p_in"": 0.25, ""p_out"": 0.03, ""seed"": 0}",edge_deletion,"{""alpha"": 0.2, ""edges_added"": 0, ""edges_removed"": 1702, ""graphs"": 100, ""graphs_skipped"": 0, ""graphs_success"": 100, ""label_source"": null, ""method"": ""edge_deletion"", ""perturbation_direction"": ""deletion"", ""perturbation_family"": ""edge"", ""rewires"": 0, ""triangles_affected"": 0}",0.2,0,native_netlsd,paper_faithful,"{""distribution_distance"": ""l2_between_mean_signatures"", ""eigenvalue_count"": ""all"", ""eigenvalue_mode"": ""full_spectrum"", ""heat_signature"": ""heat_trace"", ""implementation_mode"": ""paper_faithful"", ""laplacian_type"": ""normalized"", ""method"": ""native_netlsd"", ""netlsd_normalization"": ""empty"", ""netlsd_time_scale_count"": 250, ""netlsd_time_scale_max"": 100.0, ""netlsd_time_scale_min"": 0.01, ""netlsd_time_scale_schedule"": ""logspace""}",edge,deletion,,100,12,72,21,435,0.04874658612929945,0.04874658612929945,0.05529332825485842,17.02,17.151077875704747,37.271480325000084,1.5850296020507812,success,
imdb_binary,"{""data_root"": ""data"", ""dataset_name"": ""IMDB-BINARY"", ""edge_probability"": 0.1, ""family"": ""imdb_binary"", ""m"": 2, ""num_blocks"": 3, ""num_graphs"": 100, ""num_nodes"": 50, ""p_in"": 0.25, ""p_out"": 0.03, ""seed"": 0}",edge_deletion,"{""alpha"": 0.2, ""edges_added"": 0, ""edges_removed"": 1702, ""graphs"": 100, ""graphs_skipped"": 0, ""graphs_success"": 100, ""label_source"": null, ""method"": ""edge_deletion"", ""perturbation_direction"": ""deletion"", ""perturbation_family"": ""edge"", ""rewires"": 0, ""triangles_affected"": 0}",0.2,0,diversity_curves_shortest_path,paper_faithful,"{""distance_metric"": ""shortest_path"", ""distribution_distance"": ""l2_between_mean_curves"", ""diversity_contraction_mode"": ""random_edge"", ""diversity_curve_definition"": ""shortest_path_spread"", ""diversity_repetitions"": 3, ""diversity_scale_count"": ""dataset_max_nodes"", ""diversity_scale_schedule"": ""all_integer_cardinalities"", ""diversity_upsampling_enabled"": true, ""implementation_mode"": ""paper_faithful"", ""method"": ""diversity_curves_shortest_path"", ""random_seed"": 0}",edge,deletion,,100,12,72,21,435,4.521760856729618,4.521760856729618,4.592214266528051,17.02,17.151077875704747,680.9122028389993,1.1758232116699219,success,
imdb_binary,"{""data_root"": ""data"", ""dataset_name"": ""IMDB-BINARY"", ""edge_probability"": 0.1, ""family"": ""imdb_binary"", ""m"": 2, ""num_blocks"": 3, ""num_graphs"": 100, ""num_nodes"": 50, ""p_in"": 0.25, ""p_out"": 0.03, ""seed"": 0}",edge_deletion,"{""alpha"": 0.5, ""edges_added"": 0, ""edges_removed"": 4313, ""graphs"": 100, ""graphs_skipped"": 0, ""graphs_success"": 100, ""label_source"": null, ""method"": ""edge_deletion"", ""perturbation_direction"": ""deletion"", ""perturbation_family"": ""edge"", ""rewires"": 0, ""triangles_affected"": 0}",0.5,0,structural_statistics_mmd,descriptor_baseline,"{""bandwidth"": 10.0, ""feature_count"": 9, ""implementation_mode"": ""descriptor_baseline"", ""kernel"": ""rbf_mmd"", ""method"": ""structural_statistics_mmd""}",edge,deletion,,100,12,72,13,435,0.3467067151563659,301.09197252257974,303.040815158607,43.13,43.45616869418499,1.5896644520016707,0.06751251220703125,success,
imdb_binary,"{""data_root"": ""data"", ""dataset_name"": ""IMDB-BINARY"", ""edge_probability"": 0.1, ""family"": ""imdb_binary"", ""m"": 2, ""num_blocks"": 3, ""num_graphs"": 100, ""num_nodes"": 50, ""p_in"": 0.25, ""p_out"": 0.03, ""seed"": 0}",edge_deletion,"{""alpha"": 0.5, ""edges_added"": 0, ""edges_removed"": 4313, ""graphs"": 100, ""graphs_skipped"": 0, ""graphs_success"": 100, ""label_source"": null, ""method"": ""edge_deletion"", ""perturbation_direction"": ""deletion"", ""perturbation_family"": ""edge"", ""rewires"": 0, ""triangles_affected"": 0}",0.5,0,wl_subtree_kernel_mmd,paper_faithful,"{""implementation_mode"": ""paper_faithful"", ""method"": ""wl_subtree_kernel_mmd"", ""wl_compression"": ""shared_canonical_dictionary_per_comparison"", ""wl_feature_construction"": ""subtree_histograms_across_iterations"", ""wl_iterations"": 3, ""wl_kernel_distance_mode"": ""linear_mmd"", ""wl_label_initialization"": ""node_label_or_degree"", ""wl_node_label_key"": ""node_labels""}",edge,deletion,,100,12,72,13,435,46.0714,6.787591620007792,25.58775335373499,43.13,43.45616869418499,0.5462835380003526,1.9616365432739258,success,
imdb_binary,"{""data_root"": ""data"", ""dataset_name"": ""IMDB-BINARY"", ""edge_probability"": 0.1, ""family"": ""imdb_binary"", ""m"": 2, ""num_blocks"": 3, ""num_graphs"": 100, ""num_nodes"": 50, ""p_in"": 0.25, ""p_out"": 0.03, ""seed"": 0}",edge_deletion,"{""alpha"": 0.5, ""edges_added"": 0, ""edges_removed"": 4313, ""graphs"": 100, ""graphs_skipped"": 0, ""graphs_success"": 100, ""label_source"": null, ""method"": ""edge_deletion"", ""perturbation_direction"": ""deletion"", ""perturbation_family"": ""edge"", ""rewires"": 0, ""triangles_affected"": 0}",0.5,0,native_netlsd,paper_faithful,"{""distribution_distance"": ""l2_between_mean_signatures"", ""eigenvalue_count"": ""all"", ""eigenvalue_mode"": ""full_spectrum"", ""heat_signature"": ""heat_trace"", ""implementation_mode"": ""paper_faithful"", ""laplacian_type"": ""normalized"", ""method"": ""native_netlsd"", ""netlsd_normalization"": ""empty"", ""netlsd_time_scale_count"": 250, ""netlsd_time_scale_max"": 100.0, ""netlsd_time_scale_min"": 0.01, ""netlsd_time_scale_schedule"": ""logspace""}",edge,deletion,,100,12,72,13,435,0.33702831328159205,0.33702831328159205,0.3616662559632989,43.13,43.45616869418499,43.05281368299984,1.5850296020507812,success,
imdb_binary,"{""data_root"": ""data"", ""dataset_name"": ""IMDB-BINARY"", ""edge_probability"": 0.1, ""family"": ""imdb_binary"", ""m"": 2, ""num_blocks"": 3, ""num_graphs"": 100, ""num_nodes"": 50, ""p_in"": 0.25, ""p_out"": 0.03, ""seed"": 0}",edge_deletion,"{""alpha"": 0.5, ""edges_added"": 0, ""edges_removed"": 4313, ""graphs"": 100, ""graphs_skipped"": 0, ""graphs_success"": 100, ""label_source"": null, ""method"": ""edge_deletion"", ""perturbation_direction"": ""deletion"", ""perturbation_family"": ""edge"", ""rewires"": 0, ""triangles_affected"": 0}",0.5,0,diversity_curves_shortest_path,paper_faithful,"{""distance_metric"": ""shortest_path"", ""distribution_distance"": ""l2_between_mean_curves"", ""diversity_contraction_mode"": ""random_edge"", ""diversity_curve_definition"": ""shortest_path_spread"", ""diversity_repetitions"": 3, ""diversity_scale_count"": ""dataset_max_nodes"", ""diversity_scale_schedule"": ""all_integer_cardinalities"", ""diversity_upsampling_enabled"": true, ""implementation_mode"": ""paper_faithful"", ""method"": ""diversity_curves_shortest_path"", ""random_seed"": 0}",edge,deletion,,100,12,72,13,435,17.810744035150755,17.810744035150755,17.89442917272708,43.13,43.45616869418499,627.7578312900005,1.0526084899902344,success,
imdb_binary,"{""data_root"": ""data"", ""dataset_name"": ""IMDB-BINARY"", ""edge_probability"": 0.1, ""family"": ""imdb_binary"", ""m"": 2, ""num_blocks"": 3, ""num_graphs"": 100, ""num_nodes"": 50, ""p_in"": 0.25, ""p_out"": 0.03, ""seed"": 0}",edge_deletion,"{""alpha"": 0.4, ""edges_added"": 0, ""edges_removed"": 3436, ""graphs"": 100, ""graphs_skipped"": 0, ""graphs_success"": 100, ""label_source"": null, ""method"": ""edge_deletion"", ""perturbation_direction"": ""deletion"", ""perturbation_family"": ""edge"", ""rewires"": 0, ""triangles_affected"": 0}",0.4,0,structural_statistics_mmd,descriptor_baseline,"{""bandwidth"": 10.0, ""feature_count"": 9, ""implementation_mode"": ""descriptor_baseline"", ""kernel"": ""rbf_mmd"", ""method"": ""structural_statistics_mmd""}",edge,deletion,,100,12,72,16,435,0.24230326023694232,268.43318272492195,269.8481803039381,34.36,34.62204308669279,1.669086423000408,0.06751251220703125,success,
imdb_binary,"{""data_root"": ""data"", ""dataset_name"": ""IMDB-BINARY"", ""edge_probability"": 0.1, ""family"": ""imdb_binary"", ""m"": 2, ""num_blocks"": 3, ""num_graphs"": 100, ""num_nodes"": 50, ""p_in"": 0.25, ""p_out"": 0.03, ""seed"": 0}",edge_deletion,"{""alpha"": 0.4, ""edges_added"": 0, ""edges_removed"": 3436, ""graphs"": 100, ""graphs_skipped"": 0, ""graphs_success"": 100, ""label_source"": null, ""method"": ""edge_deletion"", ""perturbation_direction"": ""deletion"", ""perturbation_family"": ""edge"", ""rewires"": 0, ""triangles_affected"": 0}",0.4,0,wl_subtree_kernel_mmd,paper_faithful,"{""implementation_mode"": ""paper_faithful"", ""method"": ""wl_subtree_kernel_mmd"", ""wl_compression"": ""shared_canonical_dictionary_per_comparison"", ""wl_feature_construction"": ""subtree_histograms_across_iterations"", ""wl_iterations"": 3, ""wl_kernel_distance_mode"": ""linear_mmd"", ""wl_label_initialization"": ""node_label_or_degree"", ""wl_node_label_key"": ""node_labels""}",edge,deletion,,100,12,72,16,435,31.872,5.645529204600752,25.227361753161578,34.36,34.62204308669279,0.5784704349989624,1.951207160949707,success,
imdb_binary,"{""data_root"": ""data"", ""dataset_name"": ""IMDB-BINARY"", ""edge_probability"": 0.1, ""family"": ""imdb_binary"", ""m"": 2, ""num_blocks"": 3, ""num_graphs"": 100, ""num_nodes"": 50, ""p_in"": 0.25, ""p_out"": 0.03, ""seed"": 0}",edge_deletion,"{""alpha"": 0.4, ""edges_added"": 0, ""edges_removed"": 3436, ""graphs"": 100, ""graphs_skipped"": 0, ""graphs_success"": 100, ""label_source"": null, ""method"": ""edge_deletion"", ""perturbation_direction"": ""deletion"", ""perturbation_family"": ""edge"", ""rewires"": 0, ""triangles_affected"": 0}",0.4,0,native_netlsd,paper_faithful,"{""distribution_distance"": ""l2_between_mean_signatures"", ""eigenvalue_count"": ""all"", ""eigenvalue_mode"": ""full_spectrum"", ""heat_signature"": ""heat_trace"", ""implementation_mode"": ""paper_faithful"", ""laplacian_type"": ""normalized"", ""method"": ""native_netlsd"", ""netlsd_normalization"": ""empty"", ""netlsd_time_scale_count"": 250, ""netlsd_time_scale_max"": 100.0, ""netlsd_time_scale_min"": 0.01, ""netlsd_time_scale_schedule"": ""logspace""}",edge,deletion,,100,12,72,16,435,0.19470493407624134,0.19470493407624134,0.2131608446134721,34.36,34.62204308669279,40.64424748499914,1.5850296020507812,success,
imdb_binary,"{""data_root"": ""data"", ""dataset_name"": ""IMDB-BINARY"", ""edge_probability"": 0.1, ""family"": ""imdb_binary"", ""m"": 2, ""num_blocks"": 3, ""num_graphs"": 100, ""num_nodes"": 50, ""p_in"": 0.25, ""p_out"": 0.03, ""seed"": 0}",edge_deletion,"{""alpha"": 0.4, ""edges_added"": 0, ""edges_removed"": 3436, ""graphs"": 100, ""graphs_skipped"": 0, ""graphs_success"": 100, ""label_source"": null, ""method"": ""edge_deletion"", ""perturbation_direction"": ""deletion"", ""perturbation_family"": ""edge"", ""rewires"": 0, ""triangles_affected"": 0}",0.4,0,diversity_curves_shortest_path,paper_faithful,"{""distance_metric"": ""shortest_path"", ""distribution_distance"": ""l2_between_mean_curves"", ""diversity_contraction_mode"": ""random_edge"", ""diversity_curve_definition"": ""shortest_path_spread"", ""diversity_repetitions"": 3, ""diversity_scale_count"": ""dataset_max_nodes"", ""diversity_scale_schedule"": ""all_integer_cardinalities"", ""diversity_upsampling_enabled"": true, ""implementation_mode"": ""paper_faithful"", ""method"": ""diversity_curves_shortest_path"", ""random_seed"": 0}",edge,deletion,,100,12,72,16,435,11.850158389834007,11.850158389834007,11.941132517311889,34.36,34.62204308669279,649.7379334029993,1.1174278259277344,success,
imdb_binary,"{""data_root"": ""data"", ""dataset_name"": ""IMDB-BINARY"", ""edge_probability"": 0.1, ""family"": ""imdb_binary"", ""m"": 2, ""num_blocks"": 3, ""num_graphs"": 100, ""num_nodes"": 50, ""p_in"": 0.25, ""p_out"": 0.03, ""seed"": 0}",edge_deletion,"{""alpha"": 0.4, ""edges_added"": 0, ""edges_removed"": 3436, ""graphs"": 100, ""graphs_skipped"": 0, ""graphs_success"": 100, ""label_source"": null, ""method"": ""edge_deletion"", ""perturbation_direction"": ""deletion"", ""perturbation_family"": ""edge"", ""rewires"": 0, ""triangles_affected"": 0}",0.4,0,structural_statistics_mmd,descriptor_baseline,"{""bandwidth"": 10.0, ""feature_count"": 9, ""implementation_mode"": ""descriptor_baseline"", ""kernel"": ""rbf_mmd"", ""method"": ""structural_statistics_mmd""}",edge,deletion,,100,12,72,16,435,0.24230326023694232,268.43318272492195,269.8481803039381,34.36,34.62204308669279,1.6248938320004527,0.06751251220703125,success,
imdb_binary,"{""data_root"": ""data"", ""dataset_name"": ""IMDB-BINARY"", ""edge_probability"": 0.1, ""family"": ""imdb_binary"", ""m"": 2, ""num_blocks"": 3, ""num_graphs"": 100, ""num_nodes"": 50, ""p_in"": 0.25, ""p_out"": 0.03, ""seed"": 0}",edge_deletion,"{""alpha"": 0.4, ""edges_added"": 0, ""edges_removed"": 3436, ""graphs"": 100, ""graphs_skipped"": 0, ""graphs_success"": 100, ""label_source"": null, ""method"": ""edge_deletion"", ""perturbation_direction"": ""deletion"", ""perturbation_family"": ""edge"", ""rewires"": 0, ""triangles_affected"": 0}",0.4,0,wl_subtree_kernel_mmd,paper_faithful,"{""implementation_mode"": ""paper_faithful"", ""method"": ""wl_subtree_kernel_mmd"", ""wl_compression"": ""shared_canonical_dictionary_per_comparison"", ""wl_feature_construction"": ""subtree_histograms_across_iterations"", ""wl_iterations"": 3, ""wl_kernel_distance_mode"": ""linear_mmd"", ""wl_label_initialization"": ""node_label_or_degree"", ""wl_node_label_key"": ""node_labels""}",edge,deletion,,100,12,72,16,435,31.872,5.645529204600752,25.227361753161578,34.36,34.62204308669279,0.43086426599984406,1.937626838684082,success,
imdb_binary,"{""data_root"": ""data"", ""dataset_name"": ""IMDB-BINARY"", ""edge_probability"": 0.1, ""family"": ""imdb_binary"", ""m"": 2, ""num_blocks"": 3, ""num_graphs"": 100, ""num_nodes"": 50, ""p_in"": 0.25, ""p_out"": 0.03, ""seed"": 0}",edge_deletion,"{""alpha"": 0.4, ""edges_added"": 0, ""edges_removed"": 3436, ""graphs"": 100, ""graphs_skipped"": 0, ""graphs_success"": 100, ""label_source"": null, ""method"": ""edge_deletion"", ""perturbation_direction"": ""deletion"", ""perturbation_family"": ""edge"", ""rewires"": 0, ""triangles_affected"": 0}",0.4,0,native_netlsd,paper_faithful,"{""distribution_distance"": ""l2_between_mean_signatures"", ""eigenvalue_count"": ""all"", ""eigenvalue_mode"": ""full_spectrum"", ""heat_signature"": ""heat_trace"", ""implementation_mode"": ""paper_faithful"", ""laplacian_type"": ""normalized"", ""method"": ""native_netlsd"", ""netlsd_normalization"": ""empty"", ""netlsd_time_scale_count"": 250, ""netlsd_time_scale_max"": 100.0, ""netlsd_time_scale_min"": 0.01, ""netlsd_time_scale_schedule"": ""logspace""}",edge,deletion,,100,12,72,16,435,0.19470493407624134,0.19470493407624134,0.2131608446134721,34.36,34.62204308669279,40.86304072100029,1.5850296020507812,success,
imdb_binary,"{""data_root"": ""data"", ""dataset_name"": ""IMDB-BINARY"", ""edge_probability"": 0.1, ""family"": ""imdb_binary"", ""m"": 2, ""num_blocks"": 3, ""num_graphs"": 100, ""num_nodes"": 50, ""p_in"": 0.25, ""p_out"": 0.03, ""seed"": 0}",edge_deletion,"{""alpha"": 0.4, ""edges_added"": 0, ""edges_removed"": 3436, ""graphs"": 100, ""graphs_skipped"": 0, ""graphs_success"": 100, ""label_source"": null, ""method"": ""edge_deletion"", ""perturbation_direction"": ""deletion"", ""perturbation_family"": ""edge"", ""rewires"": 0, ""triangles_affected"": 0}",0.4,0,diversity_curves_shortest_path,paper_faithful,"{""distance_metric"": ""shortest_path"", ""distribution_distance"": ""l2_between_mean_curves"", ""diversity_contraction_mode"": ""random_edge"", ""diversity_curve_definition"": ""shortest_path_spread"", ""diversity_repetitions"": 3, ""diversity_scale_count"": ""dataset_max_nodes"", ""diversity_scale_schedule"": ""all_integer_cardinalities"", ""diversity_upsampling_enabled"": true, ""implementation_mode"": ""paper_faithful"", ""method"": ""diversity_curves_shortest_path"", ""random_seed"": 0}",edge,deletion,,100,12,72,16,435,11.850158389834007,11.850158389834007,11.941132517311889,34.36,34.62204308669279,642.2590030980009,1.1174278259277344,success,
imdb_binary,"{""data_root"": ""data"", ""dataset_name"": ""IMDB-BINARY"", ""edge_probability"": 0.1, ""family"": ""imdb_binary"", ""m"": 2, ""num_blocks"": 3, ""num_graphs"": 100, ""num_nodes"": 50, ""p_in"": 0.25, ""p_out"": 0.03, ""seed"": 0}",edge_deletion,"{""alpha"": 0.6, ""edges_added"": 0, ""edges_removed"": 5159, ""graphs"": 100, ""graphs_skipped"": 0, ""graphs_success"": 100, ""label_source"": null, ""method"": ""edge_deletion"", ""perturbation_direction"": ""deletion"", ""perturbation_family"": ""edge"", ""rewires"": 0, ""triangles_affected"": 0}",0.6,0,structural_statistics_mmd,descriptor_baseline,"{""bandwidth"": 10.0, ""feature_count"": 9, ""implementation_mode"": ""descriptor_baseline"", ""kernel"": ""rbf_mmd"", ""method"": ""structural_statistics_mmd""}",edge,deletion,,100,12,72,11,435,0.4416862361425611,322.2372369546467,324.77968972178144,51.59,52.0130913208249,1.5260006560001784,0.06744384765625,success,
imdb_binary,"{""data_root"": ""data"", ""dataset_name"": ""IMDB-BINARY"", ""edge_probability"": 0.1, ""family"": ""imdb_binary"", ""m"": 2, ""num_blocks"": 3, ""num_graphs"": 100, ""num_nodes"": 50, ""p_in"": 0.25, ""p_out"": 0.03, ""seed"": 0}",edge_deletion,"{""alpha"": 0.6, ""edges_added"": 0, ""edges_removed"": 5159, ""graphs"": 100, ""graphs_skipped"": 0, ""graphs_success"": 100, ""label_source"": null, ""method"": ""edge_deletion"", ""perturbation_direction"": ""deletion"", ""perturbation_family"": ""edge"", ""rewires"": 0, ""triangles_affected"": 0}",0.6,0,wl_subtree_kernel_mmd,paper_faithful,"{""implementation_mode"": ""paper_faithful"", ""method"": ""wl_subtree_kernel_mmd"", ""wl_compression"": ""shared_canonical_dictionary_per_comparison"", ""wl_feature_construction"": ""subtree_histograms_across_iterations"", ""wl_iterations"": 3, ""wl_kernel_distance_mode"": ""linear_mmd"", ""wl_label_initialization"": ""node_label_or_degree"", ""wl_node_label_key"": ""node_labels""}",edge,deletion,,100,12,72,11,435,63.355599999999995,7.959623106655239,26.12086006039031,51.59,52.0130913208249,0.42449095800111536,1.9267120361328125,success,
imdb_binary,"{""data_root"": ""data"", ""dataset_name"": ""IMDB-BINARY"", ""edge_probability"": 0.1, ""family"": ""imdb_binary"", ""m"": 2, ""num_blocks"": 3, ""num_graphs"": 100, ""num_nodes"": 50, ""p_in"": 0.25, ""p_out"": 0.03, ""seed"": 0}",edge_deletion,"{""alpha"": 0.6, ""edges_added"": 0, ""edges_removed"": 5159, ""graphs"": 100, ""graphs_skipped"": 0, ""graphs_success"": 100, ""label_source"": null, ""method"": ""edge_deletion"", ""perturbation_direction"": ""deletion"", ""perturbation_family"": ""edge"", ""rewires"": 0, ""triangles_affected"": 0}",0.6,0,native_netlsd,paper_faithful,"{""distribution_distance"": ""l2_between_mean_signatures"", ""eigenvalue_count"": ""all"", ""eigenvalue_mode"": ""full_spectrum"", ""heat_signature"": ""heat_trace"", ""implementation_mode"": ""paper_faithful"", ""laplacian_type"": ""normalized"", ""method"": ""native_netlsd"", ""netlsd_normalization"": ""empty"", ""netlsd_time_scale_count"": 250, ""netlsd_time_scale_max"": 100.0, ""netlsd_time_scale_min"": 0.01, ""netlsd_time_scale_schedule"": ""logspace""}",edge,deletion,,100,12,72,11,435,0.65077628703844,0.65077628703844,0.6816937913225865,51.59,52.0130913208249,43.173545264000495,1.5850296020507812,success,
imdb_binary,"{""data_root"": ""data"", ""dataset_name"": ""IMDB-BINARY"", ""edge_probability"": 0.1, ""family"": ""imdb_binary"", ""m"": 2, ""num_blocks"": 3, ""num_graphs"": 100, ""num_nodes"": 50, ""p_in"": 0.25, ""p_out"": 0.03, ""seed"": 0}",edge_deletion,"{""alpha"": 0.6, ""edges_added"": 0, ""edges_removed"": 5159, ""graphs"": 100, ""graphs_skipped"": 0, ""graphs_success"": 100, ""label_source"": null, ""method"": ""edge_deletion"", ""perturbation_direction"": ""deletion"", ""perturbation_family"": ""edge"", ""rewires"": 0, ""triangles_affected"": 0}",0.6,0,diversity_curves_shortest_path,paper_faithful,"{""distance_metric"": ""shortest_path"", ""distribution_distance"": ""l2_between_mean_curves"", ""diversity_contraction_mode"": ""random_edge"", ""diversity_curve_definition"": ""shortest_path_spread"", ""diversity_repetitions"": 3, ""diversity_scale_count"": ""dataset_max_nodes"", ""diversity_scale_schedule"": ""all_integer_cardinalities"", ""diversity_upsampling_enabled"": true, ""implementation_mode"": ""paper_faithful"", ""method"": ""diversity_curves_shortest_path"", ""random_seed"": 0}",edge,deletion,,100,12,72,11,435,27.106833867205527,27.106833867205527,27.204156413636632,51.59,52.0130913208249,603.080316779,1.0257225036621094,success,
imdb_binary,"{""data_root"": ""data"", ""dataset_name"": ""IMDB-BINARY"", ""edge_probability"": 0.1, ""family"": ""imdb_binary"", ""m"": 2, ""num_blocks"": 3, ""num_graphs"": 100, ""num_nodes"": 50, ""p_in"": 0.25, ""p_out"": 0.03, ""seed"": 0}",edge_deletion,"{""alpha"": 0.5, ""edges_added"": 0, ""edges_removed"": 4313, ""graphs"": 100, ""graphs_skipped"": 0, ""graphs_success"": 100, ""label_source"": null, ""method"": ""edge_deletion"", ""perturbation_direction"": ""deletion"", ""perturbation_family"": ""edge"", ""rewires"": 0, ""triangles_affected"": 0}",0.5,0,structural_statistics_mmd,descriptor_baseline,"{""bandwidth"": 10.0, ""feature_count"": 9, ""implementation_mode"": ""descriptor_baseline"", ""kernel"": ""rbf_mmd"", ""method"": ""structural_statistics_mmd""}",edge,deletion,,100,12,72,13,435,0.3467067151563659,301.09197252257974,303.040815158607,43.13,43.45616869418499,1.6671155790008925,0.06751251220703125,success,
imdb_binary,"{""data_root"": ""data"", ""dataset_name"": ""IMDB-BINARY"", ""edge_probability"": 0.1, ""family"": ""imdb_binary"", ""m"": 2, ""num_blocks"": 3, ""num_graphs"": 100, ""num_nodes"": 50, ""p_in"": 0.25, ""p_out"": 0.03, ""seed"": 0}",edge_deletion,"{""alpha"": 0.5, ""edges_added"": 0, ""edges_removed"": 4313, ""graphs"": 100, ""graphs_skipped"": 0, ""graphs_success"": 100, ""label_source"": null, ""method"": ""edge_deletion"", ""perturbation_direction"": ""deletion"", ""perturbation_family"": ""edge"", ""rewires"": 0, ""triangles_affected"": 0}",0.5,0,wl_subtree_kernel_mmd,paper_faithful,"{""implementation_mode"": ""paper_faithful"", ""method"": ""wl_subtree_kernel_mmd"", ""wl_compression"": ""shared_canonical_dictionary_per_comparison"", ""wl_feature_construction"": ""subtree_histograms_across_iterations"", ""wl_iterations"": 3, ""wl_kernel_distance_mode"": ""linear_mmd"", ""wl_label_initialization"": ""node_label_or_degree"", ""wl_node_label_key"": ""node_labels""}",edge,deletion,,100,12,72,13,435,46.0714,6.787591620007792,25.58775335373499,43.13,43.45616869418499,0.6060392390008928,1.987828254699707,success,
imdb_binary,"{""data_root"": ""data"", ""dataset_name"": ""IMDB-BINARY"", ""edge_probability"": 0.1, ""family"": ""imdb_binary"", ""m"": 2, ""num_blocks"": 3, ""num_graphs"": 100, ""num_nodes"": 50, ""p_in"": 0.25, ""p_out"": 0.03, ""seed"": 0}",edge_deletion,"{""alpha"": 0.5, ""edges_added"": 0, ""edges_removed"": 4313, ""graphs"": 100, ""graphs_skipped"": 0, ""graphs_success"": 100, ""label_source"": null, ""method"": ""edge_deletion"", ""perturbation_direction"": ""deletion"", ""perturbation_family"": ""edge"", ""rewires"": 0, ""triangles_affected"": 0}",0.5,0,native_netlsd,paper_faithful,"{""distribution_distance"": ""l2_between_mean_signatures"", ""eigenvalue_count"": ""all"", ""eigenvalue_mode"": ""full_spectrum"", ""heat_signature"": ""heat_trace"", ""implementation_mode"": ""paper_faithful"", ""laplacian_type"": ""normalized"", ""method"": ""native_netlsd"", ""netlsd_normalization"": ""empty"", ""netlsd_time_scale_count"": 250, ""netlsd_time_scale_max"": 100.0, ""netlsd_time_scale_min"": 0.01, ""netlsd_time_scale_schedule"": ""logspace""}",edge,deletion,,100,12,72,13,435,0.33702831328159205,0.33702831328159205,0.3616662559632989,43.13,43.45616869418499,42.12829009399866,1.5850296020507812,success,
imdb_binary,"{""data_root"": ""data"", ""dataset_name"": ""IMDB-BINARY"", ""edge_probability"": 0.1, ""family"": ""imdb_binary"", ""m"": 2, ""num_blocks"": 3, ""num_graphs"": 100, ""num_nodes"": 50, ""p_in"": 0.25, ""p_out"": 0.03, ""seed"": 0}",edge_deletion,"{""alpha"": 0.5, ""edges_added"": 0, ""edges_removed"": 4313, ""graphs"": 100, ""graphs_skipped"": 0, ""graphs_success"": 100, ""label_source"": null, ""method"": ""edge_deletion"", ""perturbation_direction"": ""deletion"", ""perturbation_family"": ""edge"", ""rewires"": 0, ""triangles_affected"": 0}",0.5,0,diversity_curves_shortest_path,paper_faithful,"{""distance_metric"": ""shortest_path"", ""distribution_distance"": ""l2_between_mean_curves"", ""diversity_contraction_mode"": ""random_edge"", ""diversity_curve_definition"": ""shortest_path_spread"", ""diversity_repetitions"": 3, ""diversity_scale_count"": ""dataset_max_nodes"", ""diversity_scale_schedule"": ""all_integer_cardinalities"", ""diversity_upsampling_enabled"": true, ""implementation_mode"": ""paper_faithful"", ""method"": ""diversity_curves_shortest_path"", ""random_seed"": 0}",edge,deletion,,100,12,72,13,435,17.810744035150755,17.810744035150755,17.89442917272708,43.13,43.45616869418499,621.9103468800004,1.0526084899902344,success,
imdb_binary,"{""data_root"": ""data"", ""dataset_name"": ""IMDB-BINARY"", ""edge_probability"": 0.1, ""family"": ""imdb_binary"", ""m"": 2, ""num_blocks"": 3, ""num_graphs"": 100, ""num_nodes"": 50, ""p_in"": 0.25, ""p_out"": 0.03, ""seed"": 0}",edge_deletion,"{""alpha"": 0.3, ""edges_added"": 0, ""edges_removed"": 2549, ""graphs"": 100, ""graphs_skipped"": 0, ""graphs_success"": 100, ""label_source"": null, ""method"": ""edge_deletion"", ""perturbation_direction"": ""deletion"", ""perturbation_family"": ""edge"", ""rewires"": 0, ""triangles_affected"": 0}",0.3,0,structural_statistics_mmd,descriptor_baseline,"{""bandwidth"": 10.0, ""feature_count"": 9, ""implementation_mode"": ""descriptor_baseline"", ""kernel"": ""rbf_mmd"", ""method"": ""structural_statistics_mmd""}",edge,deletion,,100,12,72,19,435,0.14229155484475536,223.53531801013332,224.49135484076072,25.49,25.671200855724443,1.9198818980003125,0.06751251220703125,success,
imdb_binary,"{""data_root"": ""data"", ""dataset_name"": ""IMDB-BINARY"", ""edge_probability"": 0.1, ""family"": ""imdb_binary"", ""m"": 2, ""num_blocks"": 3, ""num_graphs"": 100, ""num_nodes"": 50, ""p_in"": 0.25, ""p_out"": 0.03, ""seed"": 0}",edge_deletion,"{""alpha"": 0.3, ""edges_added"": 0, ""edges_removed"": 2549, ""graphs"": 100, ""graphs_skipped"": 0, ""graphs_success"": 100, ""label_source"": null, ""method"": ""edge_deletion"", ""perturbation_direction"": ""deletion"", ""perturbation_family"": ""edge"", ""rewires"": 0, ""triangles_affected"": 0}",0.3,0,wl_subtree_kernel_mmd,paper_faithful,"{""implementation_mode"": ""paper_faithful"", ""method"": ""wl_subtree_kernel_mmd"", ""wl_compression"": ""shared_canonical_dictionary_per_comparison"", ""wl_feature_construction"": ""subtree_histograms_across_iterations"", ""wl_iterations"": 3, ""wl_kernel_distance_mode"": ""linear_mmd"", ""wl_label_initialization"": ""node_label_or_degree"", ""wl_node_label_key"": ""node_labels""}",edge,deletion,,100,12,72,19,435,23.217,4.818402224804401,24.883584085684106,25.49,25.671200855724443,0.5018657519995031,1.910715103149414,success,
imdb_binary,"{""data_root"": ""data"", ""dataset_name"": ""IMDB-BINARY"", ""edge_probability"": 0.1, ""family"": ""imdb_binary"", ""m"": 2, ""num_blocks"": 3, ""num_graphs"": 100, ""num_nodes"": 50, ""p_in"": 0.25, ""p_out"": 0.03, ""seed"": 0}",edge_deletion,"{""alpha"": 0.3, ""edges_added"": 0, ""edges_removed"": 2549, ""graphs"": 100, ""graphs_skipped"": 0, ""graphs_success"": 100, ""label_source"": null, ""method"": ""edge_deletion"", ""perturbation_direction"": ""deletion"", ""perturbation_family"": ""edge"", ""rewires"": 0, ""triangles_affected"": 0}",0.3,0,native_netlsd,paper_faithful,"{""distribution_distance"": ""l2_between_mean_signatures"", ""eigenvalue_count"": ""all"", ""eigenvalue_mode"": ""full_spectrum"", ""heat_signature"": ""heat_trace"", ""implementation_mode"": ""paper_faithful"", ""laplacian_type"": ""normalized"", ""method"": ""native_netlsd"", ""netlsd_normalization"": ""empty"", ""netlsd_time_scale_count"": 250, ""netlsd_time_scale_max"": 100.0, ""netlsd_time_scale_min"": 0.01, ""netlsd_time_scale_schedule"": ""logspace""}",edge,deletion,,100,12,72,19,435,0.08725163615770182,0.08725163615770182,0.0971453748575809,25.49,25.671200855724443,41.43479280400061,1.5850296020507812,success,
imdb_binary,"{""data_root"": ""data"", ""dataset_name"": ""IMDB-BINARY"", ""edge_probability"": 0.1, ""family"": ""imdb_binary"", ""m"": 2, ""num_blocks"": 3, ""num_graphs"": 100, ""num_nodes"": 50, ""p_in"": 0.25, ""p_out"": 0.03, ""seed"": 0}",edge_deletion,"{""alpha"": 0.3, ""edges_added"": 0, ""edges_removed"": 2549, ""graphs"": 100, ""graphs_skipped"": 0, ""graphs_success"": 100, ""label_source"": null, ""method"": ""edge_deletion"", ""perturbation_direction"": ""deletion"", ""perturbation_family"": ""edge"", ""rewires"": 0, ""triangles_affected"": 0}",0.3,0,diversity_curves_shortest_path,paper_faithful,"{""distance_metric"": ""shortest_path"", ""distribution_distance"": ""l2_between_mean_curves"", ""diversity_contraction_mode"": ""random_edge"", ""diversity_curve_definition"": ""shortest_path_spread"", ""diversity_repetitions"": 3, ""diversity_scale_count"": ""dataset_max_nodes"", ""diversity_scale_schedule"": ""all_integer_cardinalities"", ""diversity_upsampling_enabled"": true, ""implementation_mode"": ""paper_faithful"", ""method"": ""diversity_curves_shortest_path"", ""random_seed"": 0}",edge,deletion,,100,12,72,19,435,7.118708006411254,7.118708006411254,7.200895243827376,25.49,25.671200855724443,695.847087877999,1.0900840759277344,success,
imdb_binary,"{""data_root"": ""data"", ""dataset_name"": ""IMDB-BINARY"", ""edge_probability"": 0.1, ""family"": ""imdb_binary"", ""m"": 2, ""num_blocks"": 3, ""num_graphs"": 100, ""num_nodes"": 50, ""p_in"": 0.25, ""p_out"": 0.03, ""seed"": 0}",edge_deletion,"{""alpha"": 0.2, ""edges_added"": 0, ""edges_removed"": 1702, ""graphs"": 100, ""graphs_skipped"": 0, ""graphs_success"": 100, ""label_source"": null, ""method"": ""edge_deletion"", ""perturbation_direction"": ""deletion"", ""perturbation_family"": ""edge"", ""rewires"": 0, ""triangles_affected"": 0}",0.2,0,structural_statistics_mmd,descriptor_baseline,"{""bandwidth"": 10.0, ""feature_count"": 9, ""implementation_mode"": ""descriptor_baseline"", ""kernel"": ""rbf_mmd"", ""method"": ""structural_statistics_mmd""}",edge,deletion,,100,12,72,21,435,0.0859567697893629,166.7469706751776,167.3544860962059,17.02,17.151077875704747,1.650925116999133,0.067535400390625,success,
imdb_binary,"{""data_root"": ""data"", ""dataset_name"": ""IMDB-BINARY"", ""edge_probability"": 0.1, ""family"": ""imdb_binary"", ""m"": 2, ""num_blocks"": 3, ""num_graphs"": 100, ""num_nodes"": 50, ""p_in"": 0.25, ""p_out"": 0.03, ""seed"": 0}",edge_deletion,"{""alpha"": 0.2, ""edges_added"": 0, ""edges_removed"": 1702, ""graphs"": 100, ""graphs_skipped"": 0, ""graphs_success"": 100, ""label_source"": null, ""method"": ""edge_deletion"", ""perturbation_direction"": ""deletion"", ""perturbation_family"": ""edge"", ""rewires"": 0, ""triangles_affected"": 0}",0.2,0,wl_subtree_kernel_mmd,paper_faithful,"{""implementation_mode"": ""paper_faithful"", ""method"": ""wl_subtree_kernel_mmd"", ""wl_compression"": ""shared_canonical_dictionary_per_comparison"", ""wl_feature_construction"": ""subtree_histograms_across_iterations"", ""wl_iterations"": 3, ""wl_kernel_distance_mode"": ""linear_mmd"", ""wl_label_initialization"": ""node_label_or_degree"", ""wl_node_label_key"": ""node_labels""}",edge,deletion,,100,12,72,21,435,16.529600000000002,4.065661077856835,24.635384845338823,17.02,17.151077875704747,0.33539579499847605,1.8535995483398438,success,
imdb_binary,"{""data_root"": ""data"", ""dataset_name"": ""IMDB-BINARY"", ""edge_probability"": 0.1, ""family"": ""imdb_binary"", ""m"": 2, ""num_blocks"": 3, ""num_graphs"": 100, ""num_nodes"": 50, ""p_in"": 0.25, ""p_out"": 0.03, ""seed"": 0}",edge_deletion,"{""alpha"": 0.2, ""edges_added"": 0, ""edges_removed"": 1702, ""graphs"": 100, ""graphs_skipped"": 0, ""graphs_success"": 100, ""label_source"": null, ""method"": ""edge_deletion"", ""perturbation_direction"": ""deletion"", ""perturbation_family"": ""edge"", ""rewires"": 0, ""triangles_affected"": 0}",0.2,0,native_netlsd,paper_faithful,"{""distribution_distance"": ""l2_between_mean_signatures"", ""eigenvalue_count"": ""all"", ""eigenvalue_mode"": ""full_spectrum"", ""heat_signature"": ""heat_trace"", ""implementation_mode"": ""paper_faithful"", ""laplacian_type"": ""normalized"", ""method"": ""native_netlsd"", ""netlsd_normalization"": ""empty"", ""netlsd_time_scale_count"": 250, ""netlsd_time_scale_max"": 100.0, ""netlsd_time_scale_min"": 0.01, ""netlsd_time_scale_schedule"": ""logspace""}",edge,deletion,,100,12,72,21,435,0.04874658612929945,0.04874658612929945,0.05529332825485842,17.02,17.151077875704747,38.487256727001295,1.5850296020507812,success,
imdb_binary,"{""data_root"": ""data"", ""dataset_name"": ""IMDB-BINARY"", ""edge_probability"": 0.1, ""family"": ""imdb_binary"", ""m"": 2, ""num_blocks"": 3, ""num_graphs"": 100, ""num_nodes"": 50, ""p_in"": 0.25, ""p_out"": 0.03, ""seed"": 0}",edge_deletion,"{""alpha"": 0.2, ""edges_added"": 0, ""edges_removed"": 1702, ""graphs"": 100, ""graphs_skipped"": 0, ""graphs_success"": 100, ""label_source"": null, ""method"": ""edge_deletion"", ""perturbation_direction"": ""deletion"", ""perturbation_family"": ""edge"", ""rewires"": 0, ""triangles_affected"": 0}",0.2,0,diversity_curves_shortest_path,paper_faithful,"{""distance_metric"": ""shortest_path"", ""distribution_distance"": ""l2_between_mean_curves"", ""diversity_contraction_mode"": ""random_edge"", ""diversity_curve_definition"": ""shortest_path_spread"", ""diversity_repetitions"": 3, ""diversity_scale_count"": ""dataset_max_nodes"", ""diversity_scale_schedule"": ""all_integer_cardinalities"", ""diversity_upsampling_enabled"": true, ""implementation_mode"": ""paper_faithful"", ""method"": ""diversity_curves_shortest_path"", ""random_seed"": 0}",edge,deletion,,100,12,72,21,435,4.521760856729618,4.521760856729618,4.592214266528051,17.02,17.151077875704747,673.9679802830015,1.1758232116699219,success,
imdb_binary,"{""data_root"": ""data"", ""dataset_name"": ""IMDB-BINARY"", ""edge_probability"": 0.1, ""family"": ""imdb_binary"", ""m"": 2, ""num_blocks"": 3, ""num_graphs"": 100, ""num_nodes"": 50, ""p_in"": 0.25, ""p_out"": 0.03, ""seed"": 0}",edge_deletion,"{""alpha"": 0.1, ""edges_added"": 0, ""edges_removed"": 823, ""graphs"": 100, ""graphs_skipped"": 0, ""graphs_success"": 100, ""label_source"": null, ""method"": ""edge_deletion"", ""perturbation_direction"": ""deletion"", ""perturbation_family"": ""edge"", ""rewires"": 0, ""triangles_affected"": 0}",0.1,0,structural_statistics_mmd,descriptor_baseline,"{""bandwidth"": 10.0, ""feature_count"": 9, ""implementation_mode"": ""descriptor_baseline"", ""kernel"": ""rbf_mmd"", ""method"": ""structural_statistics_mmd""}",edge,deletion,,100,12,72,24,435,0.03523334772824287,90.94548356754551,91.23450503232776,8.23,8.30213021277803,2.046308797000165,0.067535400390625,success,
imdb_binary,"{""data_root"": ""data"", ""dataset_name"": ""IMDB-BINARY"", ""edge_probability"": 0.1, ""family"": ""imdb_binary"", ""m"": 2, ""num_blocks"": 3, ""num_graphs"": 100, ""num_nodes"": 50, ""p_in"": 0.25, ""p_out"": 0.03, ""seed"": 0}",edge_deletion,"{""alpha"": 0.1, ""edges_added"": 0, ""edges_removed"": 823, ""graphs"": 100, ""graphs_skipped"": 0, ""graphs_success"": 100, ""label_source"": null, ""method"": ""edge_deletion"", ""perturbation_direction"": ""deletion"", ""perturbation_family"": ""edge"", ""rewires"": 0, ""triangles_affected"": 0}",0.1,0,wl_subtree_kernel_mmd,paper_faithful,"{""implementation_mode"": ""paper_faithful"", ""method"": ""wl_subtree_kernel_mmd"", ""wl_compression"": ""shared_canonical_dictionary_per_comparison"", ""wl_feature_construction"": ""subtree_histograms_across_iterations"", ""wl_iterations"": 3, ""wl_kernel_distance_mode"": ""linear_mmd"", ""wl_label_initialization"": ""node_label_or_degree"", ""wl_node_label_key"": ""node_labels""}",edge,deletion,,100,12,72,24,435,12.5426,3.541553331519942,24.596397412534415,8.23,8.30213021277803,0.6073821860009048,1.6931991577148438,success,
imdb_binary,"{""data_root"": ""data"", ""dataset_name"": ""IMDB-BINARY"", ""edge_probability"": 0.1, ""family"": ""imdb_binary"", ""m"": 2, ""num_blocks"": 3, ""num_graphs"": 100, ""num_nodes"": 50, ""p_in"": 0.25, ""p_out"": 0.03, ""seed"": 0}",edge_deletion,"{""alpha"": 0.1, ""edges_added"": 0, ""edges_removed"": 823, ""graphs"": 100, ""graphs_skipped"": 0, ""graphs_success"": 100, ""label_source"": null, ""method"": ""edge_deletion"", ""perturbation_direction"": ""deletion"", ""perturbation_family"": ""edge"", ""rewires"": 0, ""triangles_affected"": 0}",0.1,0,native_netlsd,paper_faithful,"{""distribution_distance"": ""l2_between_mean_signatures"", ""eigenvalue_count"": ""all"", ""eigenvalue_mode"": ""full_spectrum"", ""heat_signature"": ""heat_trace"", ""implementation_mode"": ""paper_faithful"", ""laplacian_type"": ""normalized"", ""method"": ""native_netlsd"", ""netlsd_normalization"": ""empty"", ""netlsd_time_scale_count"": 250, ""netlsd_time_scale_max"": 100.0, ""netlsd_time_scale_min"": 0.01, ""netlsd_time_scale_schedule"": ""logspace""}",edge,deletion,,100,12,72,24,435,0.020231642825138906,0.020231642825138906,0.024797739783643902,8.23,8.30213021277803,38.92464551699959,1.5850296020507812,success,
imdb_binary,"{""data_root"": ""data"", ""dataset_name"": ""IMDB-BINARY"", ""edge_probability"": 0.1, ""family"": ""imdb_binary"", ""m"": 2, ""num_blocks"": 3, ""num_graphs"": 100, ""num_nodes"": 50, ""p_in"": 0.25, ""p_out"": 0.03, ""seed"": 0}",edge_deletion,"{""alpha"": 0.1, ""edges_added"": 0, ""edges_removed"": 823, ""graphs"": 100, ""graphs_skipped"": 0, ""graphs_success"": 100, ""label_source"": null, ""method"": ""edge_deletion"", ""perturbation_direction"": ""deletion"", ""perturbation_family"": ""edge"", ""rewires"": 0, ""triangles_affected"": 0}",0.1,0,diversity_curves_shortest_path,paper_faithful,"{""distance_metric"": ""shortest_path"", ""distribution_distance"": ""l2_between_mean_curves"", ""diversity_contraction_mode"": ""random_edge"", ""diversity_curve_definition"": ""shortest_path_spread"", ""diversity_repetitions"": 3, ""diversity_scale_count"": ""dataset_max_nodes"", ""diversity_scale_schedule"": ""all_integer_cardinalities"", ""diversity_upsampling_enabled"": true, ""implementation_mode"": ""paper_faithful"", ""method"": ""diversity_curves_shortest_path"", ""random_seed"": 0}",edge,deletion,,100,12,72,24,435,2.0420761054423826,2.0420761054423826,2.163444154826459,8.23,8.30213021277803,678.169081977001,1.2379570007324219,success,
imdb_binary,"{""data_root"": ""data"", ""dataset_name"": ""IMDB-BINARY"", ""edge_probability"": 0.1, ""family"": ""imdb_binary"", ""m"": 2, ""num_blocks"": 3, ""num_graphs"": 100, ""num_nodes"": 50, ""p_in"": 0.25, ""p_out"": 0.03, ""seed"": 0}",edge_deletion,"{""alpha"": 0.3, ""edges_added"": 0, ""edges_removed"": 2549, ""graphs"": 100, ""graphs_skipped"": 0, ""graphs_success"": 100, ""label_source"": null, ""method"": ""edge_deletion"", ""perturbation_direction"": ""deletion"", ""perturbation_family"": ""edge"", ""rewires"": 0, ""triangles_affected"": 0}",0.3,0,structural_statistics_mmd,descriptor_baseline,"{""bandwidth"": 10.0, ""feature_count"": 9, ""implementation_mode"": ""descriptor_baseline"", ""kernel"": ""rbf_mmd"", ""method"": ""structural_statistics_mmd""}",edge,deletion,,100,12,72,19,435,0.14229155484475536,223.53531801013332,224.49135484076072,25.49,25.671200855724443,1.362039432000529,0.06751251220703125,success,
imdb_binary,"{""data_root"": ""data"", ""dataset_name"": ""IMDB-BINARY"", ""edge_probability"": 0.1, ""family"": ""imdb_binary"", ""m"": 2, ""num_blocks"": 3, ""num_graphs"": 100, ""num_nodes"": 50, ""p_in"": 0.25, ""p_out"": 0.03, ""seed"": 0}",edge_deletion,"{""alpha"": 0.3, ""edges_added"": 0, ""edges_removed"": 2549, ""graphs"": 100, ""graphs_skipped"": 0, ""graphs_success"": 100, ""label_source"": null, ""method"": ""edge_deletion"", ""perturbation_direction"": ""deletion"", ""perturbation_family"": ""edge"", ""rewires"": 0, ""triangles_affected"": 0}",0.3,0,wl_subtree_kernel_mmd,paper_faithful,"{""implementation_mode"": ""paper_faithful"", ""method"": ""wl_subtree_kernel_mmd"", ""wl_compression"": ""shared_canonical_dictionary_per_comparison"", ""wl_feature_construction"": ""subtree_histograms_across_iterations"", ""wl_iterations"": 3, ""wl_kernel_distance_mode"": ""linear_mmd"", ""wl_label_initialization"": ""node_label_or_degree"", ""wl_node_label_key"": ""node_labels""}",edge,deletion,,100,12,72,19,435,23.217,4.818402224804401,24.883584085684106,25.49,25.671200855724443,0.6480913690011221,1.936380386352539,success,
imdb_binary,"{""data_root"": ""data"", ""dataset_name"": ""IMDB-BINARY"", ""edge_probability"": 0.1, ""family"": ""imdb_binary"", ""m"": 2, ""num_blocks"": 3, ""num_graphs"": 100, ""num_nodes"": 50, ""p_in"": 0.25, ""p_out"": 0.03, ""seed"": 0}",edge_deletion,"{""alpha"": 0.3, ""edges_added"": 0, ""edges_removed"": 2549, ""graphs"": 100, ""graphs_skipped"": 0, ""graphs_success"": 100, ""label_source"": null, ""method"": ""edge_deletion"", ""perturbation_direction"": ""deletion"", ""perturbation_family"": ""edge"", ""rewires"": 0, ""triangles_affected"": 0}",0.3,0,native_netlsd,paper_faithful,"{""distribution_distance"": ""l2_between_mean_signatures"", ""eigenvalue_count"": ""all"", ""eigenvalue_mode"": ""full_spectrum"", ""heat_signature"": ""heat_trace"", ""implementation_mode"": ""paper_faithful"", ""laplacian_type"": ""normalized"", ""method"": ""native_netlsd"", ""netlsd_normalization"": ""empty"", ""netlsd_time_scale_count"": 250, ""netlsd_time_scale_max"": 100.0, ""netlsd_time_scale_min"": 0.01, ""netlsd_time_scale_schedule"": ""logspace""}",edge,deletion,,100,12,72,19,435,0.08725163615770182,0.08725163615770182,0.0971453748575809,25.49,25.671200855724443,40.51981029699891,1.5850296020507812,success,
imdb_binary,"{""data_root"": ""data"", ""dataset_name"": ""IMDB-BINARY"", ""edge_probability"": 0.1, ""family"": ""imdb_binary"", ""m"": 2, ""num_blocks"": 3, ""num_graphs"": 100, ""num_nodes"": 50, ""p_in"": 0.25, ""p_out"": 0.03, ""seed"": 0}",edge_deletion,"{""alpha"": 0.3, ""edges_added"": 0, ""edges_removed"": 2549, ""graphs"": 100, ""graphs_skipped"": 0, ""graphs_success"": 100, ""label_source"": null, ""method"": ""edge_deletion"", ""perturbation_direction"": ""deletion"", ""perturbation_family"": ""edge"", ""rewires"": 0, ""triangles_affected"": 0}",0.3,0,diversity_curves_shortest_path,paper_faithful,"{""distance_metric"": ""shortest_path"", ""distribution_distance"": ""l2_between_mean_curves"", ""diversity_contraction_mode"": ""random_edge"", ""diversity_curve_definition"": ""shortest_path_spread"", ""diversity_repetitions"": 3, ""diversity_scale_count"": ""dataset_max_nodes"", ""diversity_scale_schedule"": ""all_integer_cardinalities"", ""diversity_upsampling_enabled"": true, ""implementation_mode"": ""paper_faithful"", ""method"": ""diversity_curves_shortest_path"", ""random_seed"": 0}",edge,deletion,,100,12,72,19,435,7.118708006411254,7.118708006411254,7.200895243827376,25.49,25.671200855724443,670.6659694859991,1.0900840759277344,success,
imdb_binary,"{""data_root"": ""data"", ""dataset_name"": ""IMDB-BINARY"", ""edge_probability"": 0.1, ""family"": ""imdb_binary"", ""m"": 2, ""num_blocks"": 3, ""num_graphs"": 100, ""num_nodes"": 50, ""p_in"": 0.25, ""p_out"": 0.03, ""seed"": 0}",triangle_insertion,"{""alpha"": 0.0, ""edges_added"": 0, ""edges_removed"": 0, ""graphs"": 100, ""graphs_skipped"": 0, ""graphs_success"": 100, ""label_source"": null, ""method"": ""triangle_insertion"", ""perturbation_direction"": ""insertion"", ""perturbation_family"": ""triangle"", ""rewires"": 0, ""triangles_affected"": 0}",0.0,0,structural_statistics_mmd,descriptor_baseline,"{""bandwidth"": 10.0, ""feature_count"": 9, ""implementation_mode"": ""descriptor_baseline"", ""kernel"": ""rbf_mmd"", ""method"": ""structural_statistics_mmd""}",triangle,insertion,,100,12,72,26,435,0.0,0.0,0.0,0.0,0.0,1.5351438420002523,0.067535400390625,success,
imdb_binary,"{""data_root"": ""data"", ""dataset_name"": ""IMDB-BINARY"", ""edge_probability"": 0.1, ""family"": ""imdb_binary"", ""m"": 2, ""num_blocks"": 3, ""num_graphs"": 100, ""num_nodes"": 50, ""p_in"": 0.25, ""p_out"": 0.03, ""seed"": 0}",triangle_insertion,"{""alpha"": 0.0, ""edges_added"": 0, ""edges_removed"": 0, ""graphs"": 100, ""graphs_skipped"": 0, ""graphs_success"": 100, ""label_source"": null, ""method"": ""triangle_insertion"", ""perturbation_direction"": ""insertion"", ""perturbation_family"": ""triangle"", ""rewires"": 0, ""triangles_affected"": 0}",0.0,0,wl_subtree_kernel_mmd,paper_faithful,"{""implementation_mode"": ""paper_faithful"", ""method"": ""wl_subtree_kernel_mmd"", ""wl_compression"": ""shared_canonical_dictionary_per_comparison"", ""wl_feature_construction"": ""subtree_histograms_across_iterations"", ""wl_iterations"": 3, ""wl_kernel_distance_mode"": ""linear_mmd"", ""wl_label_initialization"": ""node_label_or_degree"", ""wl_node_label_key"": ""node_labels""}",triangle,insertion,,100,12,72,26,435,0.0,0.0,0.0,0.0,0.0,0.4819695349997346,1.1749210357666016,success,
imdb_binary,"{""data_root"": ""data"", ""dataset_name"": ""IMDB-BINARY"", ""edge_probability"": 0.1, ""family"": ""imdb_binary"", ""m"": 2, ""num_blocks"": 3, ""num_graphs"": 100, ""num_nodes"": 50, ""p_in"": 0.25, ""p_out"": 0.03, ""seed"": 0}",triangle_insertion,"{""alpha"": 0.0, ""edges_added"": 0, ""edges_removed"": 0, ""graphs"": 100, ""graphs_skipped"": 0, ""graphs_success"": 100, ""label_source"": null, ""method"": ""triangle_insertion"", ""perturbation_direction"": ""insertion"", ""perturbation_family"": ""triangle"", ""rewires"": 0, ""triangles_affected"": 0}",0.0,0,native_netlsd,paper_faithful,"{""distribution_distance"": ""l2_between_mean_signatures"", ""eigenvalue_count"": ""all"", ""eigenvalue_mode"": ""full_spectrum"", ""heat_signature"": ""heat_trace"", ""implementation_mode"": ""paper_faithful"", ""laplacian_type"": ""normalized"", ""method"": ""native_netlsd"", ""netlsd_normalization"": ""empty"", ""netlsd_time_scale_count"": 250, ""netlsd_time_scale_max"": 100.0, ""netlsd_time_scale_min"": 0.01, ""netlsd_time_scale_schedule"": ""logspace""}",triangle,insertion,,100,12,72,26,435,0.0,0.0,0.0,0.0,0.0,19.187145473999408,1.5850296020507812,success,
imdb_binary,"{""data_root"": ""data"", ""dataset_name"": ""IMDB-BINARY"", ""edge_probability"": 0.1, ""family"": ""imdb_binary"", ""m"": 2, ""num_blocks"": 3, ""num_graphs"": 100, ""num_nodes"": 50, ""p_in"": 0.25, ""p_out"": 0.03, ""seed"": 0}",triangle_insertion,"{""alpha"": 0.0, ""edges_added"": 0, ""edges_removed"": 0, ""graphs"": 100, ""graphs_skipped"": 0, ""graphs_success"": 100, ""label_source"": null, ""method"": ""triangle_insertion"", ""perturbation_direction"": ""insertion"", ""perturbation_family"": ""triangle"", ""rewires"": 0, ""triangles_affected"": 0}",0.0,0,diversity_curves_shortest_path,paper_faithful,"{""distance_metric"": ""shortest_path"", ""distribution_distance"": ""l2_between_mean_curves"", ""diversity_contraction_mode"": ""random_edge"", ""diversity_curve_definition"": ""shortest_path_spread"", ""diversity_repetitions"": 3, ""diversity_scale_count"": ""dataset_max_nodes"", ""diversity_scale_schedule"": ""all_integer_cardinalities"", ""diversity_upsampling_enabled"": true, ""implementation_mode"": ""paper_faithful"", ""method"": ""diversity_curves_shortest_path"", ""random_seed"": 0}",triangle,insertion,,100,12,72,26,435,0.0,0.0,0.0,0.0,0.0,686.6235377600005,1.2469444274902344,success,
imdb_binary,"{""data_root"": ""data"", ""dataset_name"": ""IMDB-BINARY"", ""edge_probability"": 0.1, ""family"": ""imdb_binary"", ""m"": 2, ""num_blocks"": 3, ""num_graphs"": 100, ""num_nodes"": 50, ""p_in"": 0.25, ""p_out"": 0.03, ""seed"": 0}",triangle_insertion,"{""alpha"": 0.1, ""edges_added"": 597, ""edges_removed"": 0, ""graphs"": 100, ""graphs_skipped"": 0, ""graphs_success"": 100, ""label_source"": null, ""method"": ""triangle_insertion"", ""perturbation_direction"": ""insertion"", ""perturbation_family"": ""triangle"", ""rewires"": 0, ""triangles_affected"": 597}",0.1,0,structural_statistics_mmd,descriptor_baseline,"{""bandwidth"": 10.0, ""feature_count"": 9, ""implementation_mode"": ""descriptor_baseline"", ""kernel"": ""rbf_mmd"", ""method"": ""structural_statistics_mmd""}",triangle,insertion,,100,12,72,26,435,0.010074082664536549,14.348184794243233,14.653586984551065,5.97,5.970101322696363,2.0127939250014606,0.067535400390625,success,
imdb_binary,"{""data_root"": ""data"", ""dataset_name"": ""IMDB-BINARY"", ""edge_probability"": 0.1, ""family"": ""imdb_binary"", ""m"": 2, ""num_blocks"": 3, ""num_graphs"": 100, ""num_nodes"": 50, ""p_in"": 0.25, ""p_out"": 0.03, ""seed"": 0}",triangle_insertion,"{""alpha"": 0.1, ""edges_added"": 597, ""edges_removed"": 0, ""graphs"": 100, ""graphs_skipped"": 0, ""graphs_success"": 100, ""label_source"": null, ""method"": ""triangle_insertion"", ""perturbation_direction"": ""insertion"", ""perturbation_family"": ""triangle"", ""rewires"": 0, ""triangles_affected"": 597}",0.1,0,wl_subtree_kernel_mmd,paper_faithful,"{""implementation_mode"": ""paper_faithful"", ""method"": ""wl_subtree_kernel_mmd"", ""wl_compression"": ""shared_canonical_dictionary_per_comparison"", ""wl_feature_construction"": ""subtree_histograms_across_iterations"", ""wl_iterations"": 3, ""wl_kernel_distance_mode"": ""linear_mmd"", ""wl_label_initialization"": ""node_label_or_degree"", ""wl_node_label_key"": ""node_labels""}",triangle,insertion,,100,12,72,26,435,8.700000000000001,2.9495762407505253,19.80788581146859,5.97,5.970101322696363,0.4522228890000406,1.7237920761108398,success,
imdb_binary,"{""data_root"": ""data"", ""dataset_name"": ""IMDB-BINARY"", ""edge_probability"": 0.1, ""family"": ""imdb_binary"", ""m"": 2, ""num_blocks"": 3, ""num_graphs"": 100, ""num_nodes"": 50, ""p_in"": 0.25, ""p_out"": 0.03, ""seed"": 0}",triangle_insertion,"{""alpha"": 0.1, ""edges_added"": 597, ""edges_removed"": 0, ""graphs"": 100, ""graphs_skipped"": 0, ""graphs_success"": 100, ""label_source"": null, ""method"": ""triangle_insertion"", ""perturbation_direction"": ""insertion"", ""perturbation_family"": ""triangle"", ""rewires"": 0, ""triangles_affected"": 597}",0.1,0,native_netlsd,paper_faithful,"{""distribution_distance"": ""l2_between_mean_signatures"", ""eigenvalue_count"": ""all"", ""eigenvalue_mode"": ""full_spectrum"", ""heat_signature"": ""heat_trace"", ""implementation_mode"": ""paper_faithful"", ""laplacian_type"": ""normalized"", ""method"": ""native_netlsd"", ""netlsd_normalization"": ""empty"", ""netlsd_time_scale_count"": 250, ""netlsd_time_scale_max"": 100.0, ""netlsd_time_scale_min"": 0.01, ""netlsd_time_scale_schedule"": ""logspace""}",triangle,insertion,,100,12,72,26,435,0.07331659593869917,0.07331659593869917,0.07404269885670495,5.97,5.970101322696363,32.582962167000005,1.5850296020507812,success,
imdb_binary,"{""data_root"": ""data"", ""dataset_name"": ""IMDB-BINARY"", ""edge_probability"": 0.1, ""family"": ""imdb_binary"", ""m"": 2, ""num_blocks"": 3, ""num_graphs"": 100, ""num_nodes"": 50, ""p_in"": 0.25, ""p_out"": 0.03, ""seed"": 0}",triangle_insertion,"{""alpha"": 0.1, ""edges_added"": 597, ""edges_removed"": 0, ""graphs"": 100, ""graphs_skipped"": 0, ""graphs_success"": 100, ""label_source"": null, ""method"": ""triangle_insertion"", ""perturbation_direction"": ""insertion"", ""perturbation_family"": ""triangle"", ""rewires"": 0, ""triangles_affected"": 597}",0.1,0,diversity_curves_shortest_path,paper_faithful,"{""distance_metric"": ""shortest_path"", ""distribution_distance"": ""l2_between_mean_curves"", ""diversity_contraction_mode"": ""random_edge"", ""diversity_curve_definition"": ""shortest_path_spread"", ""diversity_repetitions"": 3, ""diversity_scale_count"": ""dataset_max_nodes"", ""diversity_scale_schedule"": ""all_integer_cardinalities"", ""diversity_upsampling_enabled"": true, ""implementation_mode"": ""paper_faithful"", ""method"": ""diversity_curves_shortest_path"", ""random_seed"": 0}",triangle,insertion,,100,12,72,26,435,1.125881408427027,1.125881408427027,1.2667176607312798,5.97,5.970101322696363,677.5928165139994,1.2469444274902344,success,
imdb_binary,"{""data_root"": ""data"", ""dataset_name"": ""IMDB-BINARY"", ""edge_probability"": 0.1, ""family"": ""imdb_binary"", ""m"": 2, ""num_blocks"": 3, ""num_graphs"": 100, ""num_nodes"": 50, ""p_in"": 0.25, ""p_out"": 0.03, ""seed"": 0}",triangle_insertion,"{""alpha"": 0.0, ""edges_added"": 0, ""edges_removed"": 0, ""graphs"": 100, ""graphs_skipped"": 0, ""graphs_success"": 100, ""label_source"": null, ""method"": ""triangle_insertion"", ""perturbation_direction"": ""insertion"", ""perturbation_family"": ""triangle"", ""rewires"": 0, ""triangles_affected"": 0}",0.0,0,structural_statistics_mmd,descriptor_baseline,"{""bandwidth"": 10.0, ""feature_count"": 9, ""implementation_mode"": ""descriptor_baseline"", ""kernel"": ""rbf_mmd"", ""method"": ""structural_statistics_mmd""}",triangle,insertion,,100,12,72,26,435,0.0,0.0,0.0,0.0,0.0,2.127223319001132,0.067535400390625,success,
imdb_binary,"{""data_root"": ""data"", ""dataset_name"": ""IMDB-BINARY"", ""edge_probability"": 0.1, ""family"": ""imdb_binary"", ""m"": 2, ""num_blocks"": 3, ""num_graphs"": 100, ""num_nodes"": 50, ""p_in"": 0.25, ""p_out"": 0.03, ""seed"": 0}",triangle_insertion,"{""alpha"": 0.0, ""edges_added"": 0, ""edges_removed"": 0, ""graphs"": 100, ""graphs_skipped"": 0, ""graphs_success"": 100, ""label_source"": null, ""method"": ""triangle_insertion"", ""perturbation_direction"": ""insertion"", ""perturbation_family"": ""triangle"", ""rewires"": 0, ""triangles_affected"": 0}",0.0,0,wl_subtree_kernel_mmd,paper_faithful,"{""implementation_mode"": ""paper_faithful"", ""method"": ""wl_subtree_kernel_mmd"", ""wl_compression"": ""shared_canonical_dictionary_per_comparison"", ""wl_feature_construction"": ""subtree_histograms_across_iterations"", ""wl_iterations"": 3, ""wl_kernel_distance_mode"": ""linear_mmd"", ""wl_label_initialization"": ""node_label_or_degree"", ""wl_node_label_key"": ""node_labels""}",triangle,insertion,,100,12,72,26,435,0.0,0.0,0.0,0.0,0.0,0.4057460789990728,1.168619155883789,success,
imdb_binary,"{""data_root"": ""data"", ""dataset_name"": ""IMDB-BINARY"", ""edge_probability"": 0.1, ""family"": ""imdb_binary"", ""m"": 2, ""num_blocks"": 3, ""num_graphs"": 100, ""num_nodes"": 50, ""p_in"": 0.25, ""p_out"": 0.03, ""seed"": 0}",triangle_insertion,"{""alpha"": 0.0, ""edges_added"": 0, ""edges_removed"": 0, ""graphs"": 100, ""graphs_skipped"": 0, ""graphs_success"": 100, ""label_source"": null, ""method"": ""triangle_insertion"", ""perturbation_direction"": ""insertion"", ""perturbation_family"": ""triangle"", ""rewires"": 0, ""triangles_affected"": 0}",0.0,0,native_netlsd,paper_faithful,"{""distribution_distance"": ""l2_between_mean_signatures"", ""eigenvalue_count"": ""all"", ""eigenvalue_mode"": ""full_spectrum"", ""heat_signature"": ""heat_trace"", ""implementation_mode"": ""paper_faithful"", ""laplacian_type"": ""normalized"", ""method"": ""native_netlsd"", ""netlsd_normalization"": ""empty"", ""netlsd_time_scale_count"": 250, ""netlsd_time_scale_max"": 100.0, ""netlsd_time_scale_min"": 0.01, ""netlsd_time_scale_schedule"": ""logspace""}",triangle,insertion,,100,12,72,26,435,0.0,0.0,0.0,0.0,0.0,19.938383791000888,1.5850296020507812,success,
imdb_binary,"{""data_root"": ""data"", ""dataset_name"": ""IMDB-BINARY"", ""edge_probability"": 0.1, ""family"": ""imdb_binary"", ""m"": 2, ""num_blocks"": 3, ""num_graphs"": 100, ""num_nodes"": 50, ""p_in"": 0.25, ""p_out"": 0.03, ""seed"": 0}",triangle_insertion,"{""alpha"": 0.0, ""edges_added"": 0, ""edges_removed"": 0, ""graphs"": 100, ""graphs_skipped"": 0, ""graphs_success"": 100, ""label_source"": null, ""method"": ""triangle_insertion"", ""perturbation_direction"": ""insertion"", ""perturbation_family"": ""triangle"", ""rewires"": 0, ""triangles_affected"": 0}",0.0,0,diversity_curves_shortest_path,paper_faithful,"{""distance_metric"": ""shortest_path"", ""distribution_distance"": ""l2_between_mean_curves"", ""diversity_contraction_mode"": ""random_edge"", ""diversity_curve_definition"": ""shortest_path_spread"", ""diversity_repetitions"": 3, ""diversity_scale_count"": ""dataset_max_nodes"", ""diversity_scale_schedule"": ""all_integer_cardinalities"", ""diversity_upsampling_enabled"": true, ""implementation_mode"": ""paper_faithful"", ""method"": ""diversity_curves_shortest_path"", ""random_seed"": 0}",triangle,insertion,,100,12,72,26,435,0.0,0.0,0.0,0.0,0.0,682.4208068660009,1.2469444274902344,success,
imdb_binary,"{""data_root"": ""data"", ""dataset_name"": ""IMDB-BINARY"", ""edge_probability"": 0.1, ""family"": ""imdb_binary"", ""m"": 2, ""num_blocks"": 3, ""num_graphs"": 100, ""num_nodes"": 50, ""p_in"": 0.25, ""p_out"": 0.03, ""seed"": 0}",triangle_insertion,"{""alpha"": 0.1, ""edges_added"": 597, ""edges_removed"": 0, ""graphs"": 100, ""graphs_skipped"": 0, ""graphs_success"": 100, ""label_source"": null, ""method"": ""triangle_insertion"", ""perturbation_direction"": ""insertion"", ""perturbation_family"": ""triangle"", ""rewires"": 0, ""triangles_affected"": 597}",0.1,0,structural_statistics_mmd,descriptor_baseline,"{""bandwidth"": 10.0, ""feature_count"": 9, ""implementation_mode"": ""descriptor_baseline"", ""kernel"": ""rbf_mmd"", ""method"": ""structural_statistics_mmd""}",triangle,insertion,,100,12,72,26,435,0.010074082664536549,14.348184794243233,14.653586984551065,5.97,5.970101322696363,2.3987479400002485,0.067535400390625,success,
imdb_binary,"{""data_root"": ""data"", ""dataset_name"": ""IMDB-BINARY"", ""edge_probability"": 0.1, ""family"": ""imdb_binary"", ""m"": 2, ""num_blocks"": 3, ""num_graphs"": 100, ""num_nodes"": 50, ""p_in"": 0.25, ""p_out"": 0.03, ""seed"": 0}",triangle_insertion,"{""alpha"": 0.1, ""edges_added"": 597, ""edges_removed"": 0, ""graphs"": 100, ""graphs_skipped"": 0, ""graphs_success"": 100, ""label_source"": null, ""method"": ""triangle_insertion"", ""perturbation_direction"": ""insertion"", ""perturbation_family"": ""triangle"", ""rewires"": 0, ""triangles_affected"": 597}",0.1,0,wl_subtree_kernel_mmd,paper_faithful,"{""implementation_mode"": ""paper_faithful"", ""method"": ""wl_subtree_kernel_mmd"", ""wl_compression"": ""shared_canonical_dictionary_per_comparison"", ""wl_feature_construction"": ""subtree_histograms_across_iterations"", ""wl_iterations"": 3, ""wl_kernel_distance_mode"": ""linear_mmd"", ""wl_label_initialization"": ""node_label_or_degree"", ""wl_node_label_key"": ""node_labels""}",triangle,insertion,,100,12,72,26,435,8.700000000000001,2.9495762407505253,19.80788581146859,5.97,5.970101322696363,0.41553580700019666,1.7519292831420898,success,
imdb_binary,"{""data_root"": ""data"", ""dataset_name"": ""IMDB-BINARY"", ""edge_probability"": 0.1, ""family"": ""imdb_binary"", ""m"": 2, ""num_blocks"": 3, ""num_graphs"": 100, ""num_nodes"": 50, ""p_in"": 0.25, ""p_out"": 0.03, ""seed"": 0}",triangle_insertion,"{""alpha"": 0.1, ""edges_added"": 597, ""edges_removed"": 0, ""graphs"": 100, ""graphs_skipped"": 0, ""graphs_success"": 100, ""label_source"": null, ""method"": ""triangle_insertion"", ""perturbation_direction"": ""insertion"", ""perturbation_family"": ""triangle"", ""rewires"": 0, ""triangles_affected"": 597}",0.1,0,native_netlsd,paper_faithful,"{""distribution_distance"": ""l2_between_mean_signatures"", ""eigenvalue_count"": ""all"", ""eigenvalue_mode"": ""full_spectrum"", ""heat_signature"": ""heat_trace"", ""implementation_mode"": ""paper_faithful"", ""laplacian_type"": ""normalized"", ""method"": ""native_netlsd"", ""netlsd_normalization"": ""empty"", ""netlsd_time_scale_count"": 250, ""netlsd_time_scale_max"": 100.0, ""netlsd_time_scale_min"": 0.01, ""netlsd_time_scale_schedule"": ""logspace""}",triangle,insertion,,100,12,72,26,435,0.07331659593869917,0.07331659593869917,0.07404269885670495,5.97,5.970101322696363,32.34799790299985,1.5850296020507812,success,
imdb_binary,"{""data_root"": ""data"", ""dataset_name"": ""IMDB-BINARY"", ""edge_probability"": 0.1, ""family"": ""imdb_binary"", ""m"": 2, ""num_blocks"": 3, ""num_graphs"": 100, ""num_nodes"": 50, ""p_in"": 0.25, ""p_out"": 0.03, ""seed"": 0}",triangle_insertion,"{""alpha"": 0.1, ""edges_added"": 597, ""edges_removed"": 0, ""graphs"": 100, ""graphs_skipped"": 0, ""graphs_success"": 100, ""label_source"": null, ""method"": ""triangle_insertion"", ""perturbation_direction"": ""insertion"", ""perturbation_family"": ""triangle"", ""rewires"": 0, ""triangles_affected"": 597}",0.1,0,diversity_curves_shortest_path,paper_faithful,"{""distance_metric"": ""shortest_path"", ""distribution_distance"": ""l2_between_mean_curves"", ""diversity_contraction_mode"": ""random_edge"", ""diversity_curve_definition"": ""shortest_path_spread"", ""diversity_repetitions"": 3, ""diversity_scale_count"": ""dataset_max_nodes"", ""diversity_scale_schedule"": ""all_integer_cardinalities"", ""diversity_upsampling_enabled"": true, ""implementation_mode"": ""paper_faithful"", ""method"": ""diversity_curves_shortest_path"", ""random_seed"": 0}",triangle,insertion,,100,12,72,26,435,1.125881408427027,1.125881408427027,1.2667176607312798,5.97,5.970101322696363,681.2646621259992,1.2469444274902344,success,
imdb_binary,"{""data_root"": ""data"", ""dataset_name"": ""IMDB-BINARY"", ""edge_probability"": 0.1, ""family"": ""imdb_binary"", ""m"": 2, ""num_blocks"": 3, ""num_graphs"": 100, ""num_nodes"": 50, ""p_in"": 0.25, ""p_out"": 0.03, ""seed"": 0}",triangle_insertion,"{""alpha"": 0.2, ""edges_added"": 1239, ""edges_removed"": 0, ""graphs"": 100, ""graphs_skipped"": 0, ""graphs_success"": 100, ""label_source"": null, ""method"": ""triangle_insertion"", ""perturbation_direction"": ""insertion"", ""perturbation_family"": ""triangle"", ""rewires"": 0, ""triangles_affected"": 1239}",0.2,0,structural_statistics_mmd,descriptor_baseline,"{""bandwidth"": 10.0, ""feature_count"": 9, ""implementation_mode"": ""descriptor_baseline"", ""kernel"": ""rbf_mmd"", ""method"": ""structural_statistics_mmd""}",triangle,insertion,,100,12,72,26,445,0.023009393313191795,37.460943224699086,38.083320273810365,12.39,12.390156289211163,1.1673799170002894,0.067535400390625,success,
imdb_binary,"{""data_root"": ""data"", ""dataset_name"": ""IMDB-BINARY"", ""edge_probability"": 0.1, ""family"": ""imdb_binary"", ""m"": 2, ""num_blocks"": 3, ""num_graphs"": 100, ""num_nodes"": 50, ""p_in"": 0.25, ""p_out"": 0.03, ""seed"": 0}",triangle_insertion,"{""alpha"": 0.2, ""edges_added"": 1239, ""edges_removed"": 0, ""graphs"": 100, ""graphs_skipped"": 0, ""graphs_success"": 100, ""label_source"": null, ""method"": ""triangle_insertion"", ""perturbation_direction"": ""insertion"", ""perturbation_family"": ""triangle"", ""rewires"": 0, ""triangles_affected"": 1239}",0.2,0,wl_subtree_kernel_mmd,paper_faithful,"{""implementation_mode"": ""paper_faithful"", ""method"": ""wl_subtree_kernel_mmd"", ""wl_compression"": ""shared_canonical_dictionary_per_comparison"", ""wl_feature_construction"": ""subtree_histograms_across_iterations"", ""wl_iterations"": 3, ""wl_kernel_distance_mode"": ""linear_mmd"", ""wl_label_initialization"": ""node_label_or_degree"", ""wl_node_label_key"": ""node_labels""}",triangle,insertion,,100,12,72,26,445,13.9498,3.734943105323025,20.226266702179608,12.39,12.390156289211163,0.3982647199991334,1.912001609802246,success,
imdb_binary,"{""data_root"": ""data"", ""dataset_name"": ""IMDB-BINARY"", ""edge_probability"": 0.1, ""family"": ""imdb_binary"", ""m"": 2, ""num_blocks"": 3, ""num_graphs"": 100, ""num_nodes"": 50, ""p_in"": 0.25, ""p_out"": 0.03, ""seed"": 0}",triangle_insertion,"{""alpha"": 0.2, ""edges_added"": 1239, ""edges_removed"": 0, ""graphs"": 100, ""graphs_skipped"": 0, ""graphs_success"": 100, ""label_source"": null, ""method"": ""triangle_insertion"", ""perturbation_direction"": ""insertion"", ""perturbation_family"": ""triangle"", ""rewires"": 0, ""triangles_affected"": 1239}",0.2,0,native_netlsd,paper_faithful,"{""distribution_distance"": ""l2_between_mean_signatures"", ""eigenvalue_count"": ""all"", ""eigenvalue_mode"": ""full_spectrum"", ""heat_signature"": ""heat_trace"", ""implementation_mode"": ""paper_faithful"", ""laplacian_type"": ""normalized"", ""method"": ""native_netlsd"", ""netlsd_normalization"": ""empty"", ""netlsd_time_scale_count"": 250, ""netlsd_time_scale_max"": 100.0, ""netlsd_time_scale_min"": 0.01, ""netlsd_time_scale_schedule"": ""logspace""}",triangle,insertion,,100,12,72,26,445,0.11389669193091957,0.11389669193091957,0.11483881086022224,12.39,12.390156289211163,30.413192038999114,1.5850296020507812,success,
imdb_binary,"{""data_root"": ""data"", ""dataset_name"": ""IMDB-BINARY"", ""edge_probability"": 0.1, ""family"": ""imdb_binary"", ""m"": 2, ""num_blocks"": 3, ""num_graphs"": 100, ""num_nodes"": 50, ""p_in"": 0.25, ""p_out"": 0.03, ""seed"": 0}",triangle_insertion,"{""alpha"": 0.2, ""edges_added"": 1239, ""edges_removed"": 0, ""graphs"": 100, ""graphs_skipped"": 0, ""graphs_success"": 100, ""label_source"": null, ""method"": ""triangle_insertion"", ""perturbation_direction"": ""insertion"", ""perturbation_family"": ""triangle"", ""rewires"": 0, ""triangles_affected"": 1239}",0.2,0,diversity_curves_shortest_path,paper_faithful,"{""distance_metric"": ""shortest_path"", ""distribution_distance"": ""l2_between_mean_curves"", ""diversity_contraction_mode"": ""random_edge"", ""diversity_curve_definition"": ""shortest_path_spread"", ""diversity_repetitions"": 3, ""diversity_scale_count"": ""dataset_max_nodes"", ""diversity_scale_schedule"": ""all_integer_cardinalities"", ""diversity_upsampling_enabled"": true, ""implementation_mode"": ""paper_faithful"", ""method"": ""diversity_curves_shortest_path"", ""random_seed"": 0}",triangle,insertion,,100,12,72,26,445,2.0020126662135933,2.0020126662135933,2.081709139316732,12.39,12.390156289211163,667.5575535190001,1.2469444274902344,success,
imdb_binary,"{""data_root"": ""data"", ""dataset_name"": ""IMDB-BINARY"", ""edge_probability"": 0.1, ""family"": ""imdb_binary"", ""m"": 2, ""num_blocks"": 3, ""num_graphs"": 100, ""num_nodes"": 50, ""p_in"": 0.25, ""p_out"": 0.03, ""seed"": 0}",triangle_insertion,"{""alpha"": 0.2, ""edges_added"": 1239, ""edges_removed"": 0, ""graphs"": 100, ""graphs_skipped"": 0, ""graphs_success"": 100, ""label_source"": null, ""method"": ""triangle_insertion"", ""perturbation_direction"": ""insertion"", ""perturbation_family"": ""triangle"", ""rewires"": 0, ""triangles_affected"": 1239}",0.2,0,structural_statistics_mmd,descriptor_baseline,"{""bandwidth"": 10.0, ""feature_count"": 9, ""implementation_mode"": ""descriptor_baseline"", ""kernel"": ""rbf_mmd"", ""method"": ""structural_statistics_mmd""}",triangle,insertion,,100,12,72,26,445,0.023009393313191795,37.460943224699086,38.083320273810365,12.39,12.390156289211163,1.7043236969984719,0.067535400390625,success,
imdb_binary,"{""data_root"": ""data"", ""dataset_name"": ""IMDB-BINARY"", ""edge_probability"": 0.1, ""family"": ""imdb_binary"", ""m"": 2, ""num_blocks"": 3, ""num_graphs"": 100, ""num_nodes"": 50, ""p_in"": 0.25, ""p_out"": 0.03, ""seed"": 0}",triangle_insertion,"{""alpha"": 0.2, ""edges_added"": 1239, ""edges_removed"": 0, ""graphs"": 100, ""graphs_skipped"": 0, ""graphs_success"": 100, ""label_source"": null, ""method"": ""triangle_insertion"", ""perturbation_direction"": ""insertion"", ""perturbation_family"": ""triangle"", ""rewires"": 0, ""triangles_affected"": 1239}",0.2,0,wl_subtree_kernel_mmd,paper_faithful,"{""implementation_mode"": ""paper_faithful"", ""method"": ""wl_subtree_kernel_mmd"", ""wl_compression"": ""shared_canonical_dictionary_per_comparison"", ""wl_feature_construction"": ""subtree_histograms_across_iterations"", ""wl_iterations"": 3, ""wl_kernel_distance_mode"": ""linear_mmd"", ""wl_label_initialization"": ""node_label_or_degree"", ""wl_node_label_key"": ""node_labels""}",triangle,insertion,,100,12,72,26,445,13.9498,3.734943105323025,20.226266702179608,12.39,12.390156289211163,0.43134719699992274,1.8148870468139648,success,
imdb_binary,"{""data_root"": ""data"", ""dataset_name"": ""IMDB-BINARY"", ""edge_probability"": 0.1, ""family"": ""imdb_binary"", ""m"": 2, ""num_blocks"": 3, ""num_graphs"": 100, ""num_nodes"": 50, ""p_in"": 0.25, ""p_out"": 0.03, ""seed"": 0}",triangle_insertion,"{""alpha"": 0.2, ""edges_added"": 1239, ""edges_removed"": 0, ""graphs"": 100, ""graphs_skipped"": 0, ""graphs_success"": 100, ""label_source"": null, ""method"": ""triangle_insertion"", ""perturbation_direction"": ""insertion"", ""perturbation_family"": ""triangle"", ""rewires"": 0, ""triangles_affected"": 1239}",0.2,0,native_netlsd,paper_faithful,"{""distribution_distance"": ""l2_between_mean_signatures"", ""eigenvalue_count"": ""all"", ""eigenvalue_mode"": ""full_spectrum"", ""heat_signature"": ""heat_trace"", ""implementation_mode"": ""paper_faithful"", ""laplacian_type"": ""normalized"", ""method"": ""native_netlsd"", ""netlsd_normalization"": ""empty"", ""netlsd_time_scale_count"": 250, ""netlsd_time_scale_max"": 100.0, ""netlsd_time_scale_min"": 0.01, ""netlsd_time_scale_schedule"": ""logspace""}",triangle,insertion,,100,12,72,26,445,0.11389669193091957,0.11389669193091957,0.11483881086022224,12.39,12.390156289211163,31.54673677900064,1.5850296020507812,success,
imdb_binary,"{""data_root"": ""data"", ""dataset_name"": ""IMDB-BINARY"", ""edge_probability"": 0.1, ""family"": ""imdb_binary"", ""m"": 2, ""num_blocks"": 3, ""num_graphs"": 100, ""num_nodes"": 50, ""p_in"": 0.25, ""p_out"": 0.03, ""seed"": 0}",triangle_insertion,"{""alpha"": 0.2, ""edges_added"": 1239, ""edges_removed"": 0, ""graphs"": 100, ""graphs_skipped"": 0, ""graphs_success"": 100, ""label_source"": null, ""method"": ""triangle_insertion"", ""perturbation_direction"": ""insertion"", ""perturbation_family"": ""triangle"", ""rewires"": 0, ""triangles_affected"": 1239}",0.2,0,diversity_curves_shortest_path,paper_faithful,"{""distance_metric"": ""shortest_path"", ""distribution_distance"": ""l2_between_mean_curves"", ""diversity_contraction_mode"": ""random_edge"", ""diversity_curve_definition"": ""shortest_path_spread"", ""diversity_repetitions"": 3, ""diversity_scale_count"": ""dataset_max_nodes"", ""diversity_scale_schedule"": ""all_integer_cardinalities"", ""diversity_upsampling_enabled"": true, ""implementation_mode"": ""paper_faithful"", ""method"": ""diversity_curves_shortest_path"", ""random_seed"": 0}",triangle,insertion,,100,12,72,26,445,2.0020126662135933,2.0020126662135933,2.081709139316732,12.39,12.390156289211163,681.0672991130014,1.2469444274902344,success,
imdb_binary,"{""data_root"": ""data"", ""dataset_name"": ""IMDB-BINARY"", ""edge_probability"": 0.1, ""family"": ""imdb_binary"", ""m"": 2, ""num_blocks"": 3, ""num_graphs"": 100, ""num_nodes"": 50, ""p_in"": 0.25, ""p_out"": 0.03, ""seed"": 0}",triangle_insertion,"{""alpha"": 0.3, ""edges_added"": 1847, ""edges_removed"": 0, ""graphs"": 100, ""graphs_skipped"": 0, ""graphs_success"": 100, ""label_source"": null, ""method"": ""triangle_insertion"", ""perturbation_direction"": ""insertion"", ""perturbation_family"": ""triangle"", ""rewires"": 0, ""triangles_affected"": 1847}",0.3,0,structural_statistics_mmd,descriptor_baseline,"{""bandwidth"": 10.0, ""feature_count"": 9, ""implementation_mode"": ""descriptor_baseline"", ""kernel"": ""rbf_mmd"", ""method"": ""structural_statistics_mmd""}",triangle,insertion,,100,12,72,26,482,0.03355560702966073,67.5076032466762,68.44787347312294,18.47,18.470240000613042,1.421129018001011,0.067535400390625,success,
imdb_binary,"{""data_root"": ""data"", ""dataset_name"": ""IMDB-BINARY"", ""edge_probability"": 0.1, ""family"": ""imdb_binary"", ""m"": 2, ""num_blocks"": 3, ""num_graphs"": 100, ""num_nodes"": 50, ""p_in"": 0.25, ""p_out"": 0.03, ""seed"": 0}",triangle_insertion,"{""alpha"": 0.3, ""edges_added"": 1847, ""edges_removed"": 0, ""graphs"": 100, ""graphs_skipped"": 0, ""graphs_success"": 100, ""label_source"": null, ""method"": ""triangle_insertion"", ""perturbation_direction"": ""insertion"", ""perturbation_family"": ""triangle"", ""rewires"": 0, ""triangles_affected"": 1847}",0.3,0,wl_subtree_kernel_mmd,paper_faithful,"{""implementation_mode"": ""paper_faithful"", ""method"": ""wl_subtree_kernel_mmd"", ""wl_compression"": ""shared_canonical_dictionary_per_comparison"", ""wl_feature_construction"": ""subtree_histograms_across_iterations"", ""wl_iterations"": 3, ""wl_kernel_distance_mode"": ""linear_mmd"", ""wl_label_initialization"": ""node_label_or_degree"", ""wl_node_label_key"": ""node_labels""}",triangle,insertion,,100,12,72,26,482,19.6246,4.42996613982545,20.791892451835064,18.47,18.470240000613042,0.47505872400142835,1.849686622619629,success,
imdb_binary,"{""data_root"": ""data"", ""dataset_name"": ""IMDB-BINARY"", ""edge_probability"": 0.1, ""family"": ""imdb_binary"", ""m"": 2, ""num_blocks"": 3, ""num_graphs"": 100, ""num_nodes"": 50, ""p_in"": 0.25, ""p_out"": 0.03, ""seed"": 0}",triangle_insertion,"{""alpha"": 0.3, ""edges_added"": 1847, ""edges_removed"": 0, ""graphs"": 100, ""graphs_skipped"": 0, ""graphs_success"": 100, ""label_source"": null, ""method"": ""triangle_insertion"", ""perturbation_direction"": ""insertion"", ""perturbation_family"": ""triangle"", ""rewires"": 0, ""triangles_affected"": 1847}",0.3,0,native_netlsd,paper_faithful,"{""distribution_distance"": ""l2_between_mean_signatures"", ""eigenvalue_count"": ""all"", ""eigenvalue_mode"": ""full_spectrum"", ""heat_signature"": ""heat_trace"", ""implementation_mode"": ""paper_faithful"", ""laplacian_type"": ""normalized"", ""method"": ""native_netlsd"", ""netlsd_normalization"": ""empty"", ""netlsd_time_scale_count"": 250, ""netlsd_time_scale_max"": 100.0, ""netlsd_time_scale_min"": 0.01, ""netlsd_time_scale_schedule"": ""logspace""}",triangle,insertion,,100,12,72,26,482,0.1365468280122907,0.1365468280122907,0.1375681533486171,18.47,18.470240000613042,32.389221915000235,1.5850296020507812,success,
imdb_binary,"{""data_root"": ""data"", ""dataset_name"": ""IMDB-BINARY"", ""edge_probability"": 0.1, ""family"": ""imdb_binary"", ""m"": 2, ""num_blocks"": 3, ""num_graphs"": 100, ""num_nodes"": 50, ""p_in"": 0.25, ""p_out"": 0.03, ""seed"": 0}",triangle_insertion,"{""alpha"": 0.3, ""edges_added"": 1847, ""edges_removed"": 0, ""graphs"": 100, ""graphs_skipped"": 0, ""graphs_success"": 100, ""label_source"": null, ""method"": ""triangle_insertion"", ""perturbation_direction"": ""insertion"", ""perturbation_family"": ""triangle"", ""rewires"": 0, ""triangles_affected"": 1847}",0.3,0,diversity_curves_shortest_path,paper_faithful,"{""distance_metric"": ""shortest_path"", ""distribution_distance"": ""l2_between_mean_curves"", ""diversity_contraction_mode"": ""random_edge"", ""diversity_curve_definition"": ""shortest_path_spread"", ""diversity_repetitions"": 3, ""diversity_scale_count"": ""dataset_max_nodes"", ""diversity_scale_schedule"": ""all_integer_cardinalities"", ""diversity_upsampling_enabled"": true, ""implementation_mode"": ""paper_faithful"", ""method"": ""diversity_curves_shortest_path"", ""random_seed"": 0}",triangle,insertion,,100,12,72,26,482,2.7892157097768844,2.7892157097768844,2.8460162433223104,18.47,18.470240000613042,707.2964702860008,1.2719383239746094,success,
imdb_binary,"{""data_root"": ""data"", ""dataset_name"": ""IMDB-BINARY"", ""edge_probability"": 0.1, ""family"": ""imdb_binary"", ""m"": 2, ""num_blocks"": 3, ""num_graphs"": 100, ""num_nodes"": 50, ""p_in"": 0.25, ""p_out"": 0.03, ""seed"": 0}",triangle_insertion,"{""alpha"": 0.3, ""edges_added"": 1847, ""edges_removed"": 0, ""graphs"": 100, ""graphs_skipped"": 0, ""graphs_success"": 100, ""label_source"": null, ""method"": ""triangle_insertion"", ""perturbation_direction"": ""insertion"", ""perturbation_family"": ""triangle"", ""rewires"": 0, ""triangles_affected"": 1847}",0.3,0,structural_statistics_mmd,descriptor_baseline,"{""bandwidth"": 10.0, ""feature_count"": 9, ""implementation_mode"": ""descriptor_baseline"", ""kernel"": ""rbf_mmd"", ""method"": ""structural_statistics_mmd""}",triangle,insertion,,100,12,72,26,482,0.03355560702966073,67.5076032466762,68.44787347312294,18.47,18.470240000613042,1.406952271998307,0.067535400390625,success,
imdb_binary,"{""data_root"": ""data"", ""dataset_name"": ""IMDB-BINARY"", ""edge_probability"": 0.1, ""family"": ""imdb_binary"", ""m"": 2, ""num_blocks"": 3, ""num_graphs"": 100, ""num_nodes"": 50, ""p_in"": 0.25, ""p_out"": 0.03, ""seed"": 0}",triangle_insertion,"{""alpha"": 0.3, ""edges_added"": 1847, ""edges_removed"": 0, ""graphs"": 100, ""graphs_skipped"": 0, ""graphs_success"": 100, ""label_source"": null, ""method"": ""triangle_insertion"", ""perturbation_direction"": ""insertion"", ""perturbation_family"": ""triangle"", ""rewires"": 0, ""triangles_affected"": 1847}",0.3,0,wl_subtree_kernel_mmd,paper_faithful,"{""implementation_mode"": ""paper_faithful"", ""method"": ""wl_subtree_kernel_mmd"", ""wl_compression"": ""shared_canonical_dictionary_per_comparison"", ""wl_feature_construction"": ""subtree_histograms_across_iterations"", ""wl_iterations"": 3, ""wl_kernel_distance_mode"": ""linear_mmd"", ""wl_label_initialization"": ""node_label_or_degree"", ""wl_node_label_key"": ""node_labels""}",triangle,insertion,,100,12,72,26,482,19.6246,4.42996613982545,20.791892451835064,18.47,18.470240000613042,0.45804658499946527,1.8763360977172852,success,
imdb_binary,"{""data_root"": ""data"", ""dataset_name"": ""IMDB-BINARY"", ""edge_probability"": 0.1, ""family"": ""imdb_binary"", ""m"": 2, ""num_blocks"": 3, ""num_graphs"": 100, ""num_nodes"": 50, ""p_in"": 0.25, ""p_out"": 0.03, ""seed"": 0}",triangle_insertion,"{""alpha"": 0.3, ""edges_added"": 1847, ""edges_removed"": 0, ""graphs"": 100, ""graphs_skipped"": 0, ""graphs_success"": 100, ""label_source"": null, ""method"": ""triangle_insertion"", ""perturbation_direction"": ""insertion"", ""perturbation_family"": ""triangle"", ""rewires"": 0, ""triangles_affected"": 1847}",0.3,0,native_netlsd,paper_faithful,"{""distribution_distance"": ""l2_between_mean_signatures"", ""eigenvalue_count"": ""all"", ""eigenvalue_mode"": ""full_spectrum"", ""heat_signature"": ""heat_trace"", ""implementation_mode"": ""paper_faithful"", ""laplacian_type"": ""normalized"", ""method"": ""native_netlsd"", ""netlsd_normalization"": ""empty"", ""netlsd_time_scale_count"": 250, ""netlsd_time_scale_max"": 100.0, ""netlsd_time_scale_min"": 0.01, ""netlsd_time_scale_schedule"": ""logspace""}",triangle,insertion,,100,12,72,26,482,0.1365468280122907,0.1365468280122907,0.1375681533486171,18.47,18.470240000613042,33.30505765700036,1.5850296020507812,success,
imdb_binary,"{""data_root"": ""data"", ""dataset_name"": ""IMDB-BINARY"", ""edge_probability"": 0.1, ""family"": ""imdb_binary"", ""m"": 2, ""num_blocks"": 3, ""num_graphs"": 100, ""num_nodes"": 50, ""p_in"": 0.25, ""p_out"": 0.03, ""seed"": 0}",triangle_insertion,"{""alpha"": 0.3, ""edges_added"": 1847, ""edges_removed"": 0, ""graphs"": 100, ""graphs_skipped"": 0, ""graphs_success"": 100, ""label_source"": null, ""method"": ""triangle_insertion"", ""perturbation_direction"": ""insertion"", ""perturbation_family"": ""triangle"", ""rewires"": 0, ""triangles_affected"": 1847}",0.3,0,diversity_curves_shortest_path,paper_faithful,"{""distance_metric"": ""shortest_path"", ""distribution_distance"": ""l2_between_mean_curves"", ""diversity_contraction_mode"": ""random_edge"", ""diversity_curve_definition"": ""shortest_path_spread"", ""diversity_repetitions"": 3, ""diversity_scale_count"": ""dataset_max_nodes"", ""diversity_scale_schedule"": ""all_integer_cardinalities"", ""diversity_upsampling_enabled"": true, ""implementation_mode"": ""paper_faithful"", ""method"": ""diversity_curves_shortest_path"", ""random_seed"": 0}",triangle,insertion,,100,12,72,26,482,2.7892157097768844,2.7892157097768844,2.8460162433223104,18.47,18.470240000613042,710.8809873620012,1.2719383239746094,success,
imdb_binary,"{""data_root"": ""data"", ""dataset_name"": ""IMDB-BINARY"", ""edge_probability"": 0.1, ""family"": ""imdb_binary"", ""m"": 2, ""num_blocks"": 3, ""num_graphs"": 100, ""num_nodes"": 50, ""p_in"": 0.25, ""p_out"": 0.03, ""seed"": 0}",triangle_insertion,"{""alpha"": 0.4, ""edges_added"": 2473, ""edges_removed"": 0, ""graphs"": 100, ""graphs_skipped"": 0, ""graphs_success"": 100, ""label_source"": null, ""method"": ""triangle_insertion"", ""perturbation_direction"": ""insertion"", ""perturbation_family"": ""triangle"", ""rewires"": 0, ""triangles_affected"": 2473}",0.4,0,structural_statistics_mmd,descriptor_baseline,"{""bandwidth"": 10.0, ""feature_count"": 9, ""implementation_mode"": ""descriptor_baseline"", ""kernel"": ""rbf_mmd"", ""method"": ""structural_statistics_mmd""}",triangle,insertion,,100,12,72,26,519,0.047497030836357486,104.98403015434737,106.2102013898004,24.73,24.730244562129464,1.7871180810016085,0.067535400390625,success,
imdb_binary,"{""data_root"": ""data"", ""dataset_name"": ""IMDB-BINARY"", ""edge_probability"": 0.1, ""family"": ""imdb_binary"", ""m"": 2, ""num_blocks"": 3, ""num_graphs"": 100, ""num_nodes"": 50, ""p_in"": 0.25, ""p_out"": 0.03, ""seed"": 0}",triangle_insertion,"{""alpha"": 0.4, ""edges_added"": 2473, ""edges_removed"": 0, ""graphs"": 100, ""graphs_skipped"": 0, ""graphs_success"": 100, ""label_source"": null, ""method"": ""triangle_insertion"", ""perturbation_direction"": ""insertion"", ""perturbation_family"": ""triangle"", ""rewires"": 0, ""triangles_affected"": 2473}",0.4,0,wl_subtree_kernel_mmd,paper_faithful,"{""implementation_mode"": ""paper_faithful"", ""method"": ""wl_subtree_kernel_mmd"", ""wl_compression"": ""shared_canonical_dictionary_per_comparison"", ""wl_feature_construction"": ""subtree_histograms_across_iterations"", ""wl_iterations"": 3, ""wl_kernel_distance_mode"": ""linear_mmd"", ""wl_label_initialization"": ""node_label_or_degree"", ""wl_node_label_key"": ""node_labels""}",triangle,insertion,,100,12,72,26,519,25.9972,5.098744943611123,21.388721815514796,24.73,24.730244562129464,0.5141721119998692,1.7774581909179688,success,
imdb_binary,"{""data_root"": ""data"", ""dataset_name"": ""IMDB-BINARY"", ""edge_probability"": 0.1, ""family"": ""imdb_binary"", ""m"": 2, ""num_blocks"": 3, ""num_graphs"": 100, ""num_nodes"": 50, ""p_in"": 0.25, ""p_out"": 0.03, ""seed"": 0}",triangle_insertion,"{""alpha"": 0.4, ""edges_added"": 2473, ""edges_removed"": 0, ""graphs"": 100, ""graphs_skipped"": 0, ""graphs_success"": 100, ""label_source"": null, ""method"": ""triangle_insertion"", ""perturbation_direction"": ""insertion"", ""perturbation_family"": ""triangle"", ""rewires"": 0, ""triangles_affected"": 2473}",0.4,0,native_netlsd,paper_faithful,"{""distribution_distance"": ""l2_between_mean_signatures"", ""eigenvalue_count"": ""all"", ""eigenvalue_mode"": ""full_spectrum"", ""heat_signature"": ""heat_trace"", ""implementation_mode"": ""paper_faithful"", ""laplacian_type"": ""normalized"", ""method"": ""native_netlsd"", ""netlsd_normalization"": ""empty"", ""netlsd_time_scale_count"": 250, ""netlsd_time_scale_max"": 100.0, ""netlsd_time_scale_min"": 0.01, ""netlsd_time_scale_schedule"": ""logspace""}",triangle,insertion,,100,12,72,26,519,0.15383968083664737,0.15383968083664737,0.15490647598063773,24.73,24.730244562129464,31.202306678998866,1.5850296020507812,success,
imdb_binary,"{""data_root"": ""data"", ""dataset_name"": ""IMDB-BINARY"", ""edge_probability"": 0.1, ""family"": ""imdb_binary"", ""m"": 2, ""num_blocks"": 3, ""num_graphs"": 100, ""num_nodes"": 50, ""p_in"": 0.25, ""p_out"": 0.03, ""seed"": 0}",triangle_insertion,"{""alpha"": 0.4, ""edges_added"": 2473, ""edges_removed"": 0, ""graphs"": 100, ""graphs_skipped"": 0, ""graphs_success"": 100, ""label_source"": null, ""method"": ""triangle_insertion"", ""perturbation_direction"": ""insertion"", ""perturbation_family"": ""triangle"", ""rewires"": 0, ""triangles_affected"": 2473}",0.4,0,diversity_curves_shortest_path,paper_faithful,"{""distance_metric"": ""shortest_path"", ""distribution_distance"": ""l2_between_mean_curves"", ""diversity_contraction_mode"": ""random_edge"", ""diversity_curve_definition"": ""shortest_path_spread"", ""diversity_repetitions"": 3, ""diversity_scale_count"": ""dataset_max_nodes"", ""diversity_scale_schedule"": ""all_integer_cardinalities"", ""diversity_upsampling_enabled"": true, ""implementation_mode"": ""paper_faithful"", ""method"": ""diversity_curves_shortest_path"", ""random_seed"": 0}",triangle,insertion,,100,12,72,26,519,3.538596376881413,3.538596376881413,3.5814603388146353,24.73,24.730244562129464,704.1732917019999,1.2788734436035156,success,
imdb_binary,"{""data_root"": ""data"", ""dataset_name"": ""IMDB-BINARY"", ""edge_probability"": 0.1, ""family"": ""imdb_binary"", ""m"": 2, ""num_blocks"": 3, ""num_graphs"": 100, ""num_nodes"": 50, ""p_in"": 0.25, ""p_out"": 0.03, ""seed"": 0}",triangle_insertion,"{""alpha"": 0.4, ""edges_added"": 2473, ""edges_removed"": 0, ""graphs"": 100, ""graphs_skipped"": 0, ""graphs_success"": 100, ""label_source"": null, ""method"": ""triangle_insertion"", ""perturbation_direction"": ""insertion"", ""perturbation_family"": ""triangle"", ""rewires"": 0, ""triangles_affected"": 2473}",0.4,0,structural_statistics_mmd,descriptor_baseline,"{""bandwidth"": 10.0, ""feature_count"": 9, ""implementation_mode"": ""descriptor_baseline"", ""kernel"": ""rbf_mmd"", ""method"": ""structural_statistics_mmd""}",triangle,insertion,,100,12,72,26,519,0.047497030836357486,104.98403015434737,106.2102013898004,24.73,24.730244562129464,1.583528731000115,0.067535400390625,success,
imdb_binary,"{""data_root"": ""data"", ""dataset_name"": ""IMDB-BINARY"", ""edge_probability"": 0.1, ""family"": ""imdb_binary"", ""m"": 2, ""num_blocks"": 3, ""num_graphs"": 100, ""num_nodes"": 50, ""p_in"": 0.25, ""p_out"": 0.03, ""seed"": 0}",triangle_insertion,"{""alpha"": 0.4, ""edges_added"": 2473, ""edges_removed"": 0, ""graphs"": 100, ""graphs_skipped"": 0, ""graphs_success"": 100, ""label_source"": null, ""method"": ""triangle_insertion"", ""perturbation_direction"": ""insertion"", ""perturbation_family"": ""triangle"", ""rewires"": 0, ""triangles_affected"": 2473}",0.4,0,wl_subtree_kernel_mmd,paper_faithful,"{""implementation_mode"": ""paper_faithful"", ""method"": ""wl_subtree_kernel_mmd"", ""wl_compression"": ""shared_canonical_dictionary_per_comparison"", ""wl_feature_construction"": ""subtree_histograms_across_iterations"", ""wl_iterations"": 3, ""wl_kernel_distance_mode"": ""linear_mmd"", ""wl_label_initialization"": ""node_label_or_degree"", ""wl_node_label_key"": ""node_labels""}",triangle,insertion,,100,12,72,26,519,25.9972,5.098744943611123,21.388721815514796,24.73,24.730244562129464,0.45691557500140334,1.8894882202148438,success,
imdb_binary,"{""data_root"": ""data"", ""dataset_name"": ""IMDB-BINARY"", ""edge_probability"": 0.1, ""family"": ""imdb_binary"", ""m"": 2, ""num_blocks"": 3, ""num_graphs"": 100, ""num_nodes"": 50, ""p_in"": 0.25, ""p_out"": 0.03, ""seed"": 0}",triangle_insertion,"{""alpha"": 0.4, ""edges_added"": 2473, ""edges_removed"": 0, ""graphs"": 100, ""graphs_skipped"": 0, ""graphs_success"": 100, ""label_source"": null, ""method"": ""triangle_insertion"", ""perturbation_direction"": ""insertion"", ""perturbation_family"": ""triangle"", ""rewires"": 0, ""triangles_affected"": 2473}",0.4,0,native_netlsd,paper_faithful,"{""distribution_distance"": ""l2_between_mean_signatures"", ""eigenvalue_count"": ""all"", ""eigenvalue_mode"": ""full_spectrum"", ""heat_signature"": ""heat_trace"", ""implementation_mode"": ""paper_faithful"", ""laplacian_type"": ""normalized"", ""method"": ""native_netlsd"", ""netlsd_normalization"": ""empty"", ""netlsd_time_scale_count"": 250, ""netlsd_time_scale_max"": 100.0, ""netlsd_time_scale_min"": 0.01, ""netlsd_time_scale_schedule"": ""logspace""}",triangle,insertion,,100,12,72,26,519,0.15383968083664737,0.15383968083664737,0.15490647598063773,24.73,24.730244562129464,31.61922362199948,1.5850296020507812,success,
imdb_binary,"{""data_root"": ""data"", ""dataset_name"": ""IMDB-BINARY"", ""edge_probability"": 0.1, ""family"": ""imdb_binary"", ""m"": 2, ""num_blocks"": 3, ""num_graphs"": 100, ""num_nodes"": 50, ""p_in"": 0.25, ""p_out"": 0.03, ""seed"": 0}",triangle_insertion,"{""alpha"": 0.4, ""edges_added"": 2473, ""edges_removed"": 0, ""graphs"": 100, ""graphs_skipped"": 0, ""graphs_success"": 100, ""label_source"": null, ""method"": ""triangle_insertion"", ""perturbation_direction"": ""insertion"", ""perturbation_family"": ""triangle"", ""rewires"": 0, ""triangles_affected"": 2473}",0.4,0,diversity_curves_shortest_path,paper_faithful,"{""distance_metric"": ""shortest_path"", ""distribution_distance"": ""l2_between_mean_curves"", ""diversity_contraction_mode"": ""random_edge"", ""diversity_curve_definition"": ""shortest_path_spread"", ""diversity_repetitions"": 3, ""diversity_scale_count"": ""dataset_max_nodes"", ""diversity_scale_schedule"": ""all_integer_cardinalities"", ""diversity_upsampling_enabled"": true, ""implementation_mode"": ""paper_faithful"", ""method"": ""diversity_curves_shortest_path"", ""random_seed"": 0}",triangle,insertion,,100,12,72,26,519,3.538596376881413,3.538596376881413,3.5814603388146353,24.73,24.730244562129464,692.3799703109999,1.2788734436035156,success,
imdb_binary,"{""data_root"": ""data"", ""dataset_name"": ""IMDB-BINARY"", ""edge_probability"": 0.1, ""family"": ""imdb_binary"", ""m"": 2, ""num_blocks"": 3, ""num_graphs"": 100, ""num_nodes"": 50, ""p_in"": 0.25, ""p_out"": 0.03, ""seed"": 0}",triangle_insertion,"{""alpha"": 0.5, ""edges_added"": 3092, ""edges_removed"": 0, ""graphs"": 100, ""graphs_skipped"": 0, ""graphs_success"": 100, ""label_source"": null, ""method"": ""triangle_insertion"", ""perturbation_direction"": ""insertion"", ""perturbation_family"": ""triangle"", ""rewires"": 0, ""triangles_affected"": 3092}",0.5,0,structural_statistics_mmd,descriptor_baseline,"{""bandwidth"": 10.0, ""feature_count"": 9, ""implementation_mode"": ""descriptor_baseline"", ""kernel"": ""rbf_mmd"", ""method"": ""structural_statistics_mmd""}",triangle,insertion,,100,12,72,26,556,0.053515584057624,152.4656222787841,153.94528527168302,30.92,30.92025647553357,1.7147718129999703,0.067535400390625,success,
imdb_binary,"{""data_root"": ""data"", ""dataset_name"": ""IMDB-BINARY"", ""edge_probability"": 0.1, ""family"": ""imdb_binary"", ""m"": 2, ""num_blocks"": 3, ""num_graphs"": 100, ""num_nodes"": 50, ""p_in"": 0.25, ""p_out"": 0.03, ""seed"": 0}",triangle_insertion,"{""alpha"": 0.5, ""edges_added"": 3092, ""edges_removed"": 0, ""graphs"": 100, ""graphs_skipped"": 0, ""graphs_success"": 100, ""label_source"": null, ""method"": ""triangle_insertion"", ""perturbation_direction"": ""insertion"", ""perturbation_family"": ""triangle"", ""rewires"": 0, ""triangles_affected"": 3092}",0.5,0,wl_subtree_kernel_mmd,paper_faithful,"{""implementation_mode"": ""paper_faithful"", ""method"": ""wl_subtree_kernel_mmd"", ""wl_compression"": ""shared_canonical_dictionary_per_comparison"", ""wl_feature_construction"": ""subtree_histograms_across_iterations"", ""wl_iterations"": 3, ""wl_kernel_distance_mode"": ""linear_mmd"", ""wl_label_initialization"": ""node_label_or_degree"", ""wl_node_label_key"": ""node_labels""}",triangle,insertion,,100,12,72,26,556,32.2344,5.677534676248134,22.302317564972284,30.92,30.92025647553357,0.5361561610006902,1.7841415405273438,success,
imdb_binary,"{""data_root"": ""data"", ""dataset_name"": ""IMDB-BINARY"", ""edge_probability"": 0.1, ""family"": ""imdb_binary"", ""m"": 2, ""num_blocks"": 3, ""num_graphs"": 100, ""num_nodes"": 50, ""p_in"": 0.25, ""p_out"": 0.03, ""seed"": 0}",triangle_insertion,"{""alpha"": 0.5, ""edges_added"": 3092, ""edges_removed"": 0, ""graphs"": 100, ""graphs_skipped"": 0, ""graphs_success"": 100, ""label_source"": null, ""method"": ""triangle_insertion"", ""perturbation_direction"": ""insertion"", ""perturbation_family"": ""triangle"", ""rewires"": 0, ""triangles_affected"": 3092}",0.5,0,native_netlsd,paper_faithful,"{""distribution_distance"": ""l2_between_mean_signatures"", ""eigenvalue_count"": ""all"", ""eigenvalue_mode"": ""full_spectrum"", ""heat_signature"": ""heat_trace"", ""implementation_mode"": ""paper_faithful"", ""laplacian_type"": ""normalized"", ""method"": ""native_netlsd"", ""netlsd_normalization"": ""empty"", ""netlsd_time_scale_count"": 250, ""netlsd_time_scale_max"": 100.0, ""netlsd_time_scale_min"": 0.01, ""netlsd_time_scale_schedule"": ""logspace""}",triangle,insertion,,100,12,72,26,556,0.16553174646369462,0.16553174646369462,0.1666268080640816,30.92,30.92025647553357,32.664634319999095,1.5850296020507812,success,
imdb_binary,"{""data_root"": ""data"", ""dataset_name"": ""IMDB-BINARY"", ""edge_probability"": 0.1, ""family"": ""imdb_binary"", ""m"": 2, ""num_blocks"": 3, ""num_graphs"": 100, ""num_nodes"": 50, ""p_in"": 0.25, ""p_out"": 0.03, ""seed"": 0}",triangle_insertion,"{""alpha"": 0.5, ""edges_added"": 3092, ""edges_removed"": 0, ""graphs"": 100, ""graphs_skipped"": 0, ""graphs_success"": 100, ""label_source"": null, ""method"": ""triangle_insertion"", ""perturbation_direction"": ""insertion"", ""perturbation_family"": ""triangle"", ""rewires"": 0, ""triangles_affected"": 3092}",0.5,0,diversity_curves_shortest_path,paper_faithful,"{""distance_metric"": ""shortest_path"", ""distribution_distance"": ""l2_between_mean_curves"", ""diversity_contraction_mode"": ""random_edge"", ""diversity_curve_definition"": ""shortest_path_spread"", ""diversity_repetitions"": 3, ""diversity_scale_count"": ""dataset_max_nodes"", ""diversity_scale_schedule"": ""all_integer_cardinalities"", ""diversity_upsampling_enabled"": true, ""implementation_mode"": ""paper_faithful"", ""method"": ""diversity_curves_shortest_path"", ""random_seed"": 0}",triangle,insertion,,100,12,72,26,556,4.212019962752474,4.212019962752474,4.2441534905541065,30.92,30.92025647553357,713.5849621259986,1.2839622497558594,success,
imdb_binary,"{""data_root"": ""data"", ""dataset_name"": ""IMDB-BINARY"", ""edge_probability"": 0.1, ""family"": ""imdb_binary"", ""m"": 2, ""num_blocks"": 3, ""num_graphs"": 100, ""num_nodes"": 50, ""p_in"": 0.25, ""p_out"": 0.03, ""seed"": 0}",triangle_insertion,"{""alpha"": 0.6, ""edges_added"": 3633, ""edges_removed"": 0, ""graphs"": 100, ""graphs_skipped"": 0, ""graphs_success"": 100, ""label_source"": null, ""method"": ""triangle_insertion"", ""perturbation_direction"": ""insertion"", ""perturbation_family"": ""triangle"", ""rewires"": 0, ""triangles_affected"": 3633}",0.6,0,structural_statistics_mmd,descriptor_baseline,"{""bandwidth"": 10.0, ""feature_count"": 9, ""implementation_mode"": ""descriptor_baseline"", ""kernel"": ""rbf_mmd"", ""method"": ""structural_statistics_mmd""}",triangle,insertion,,100,12,72,26,593,0.058615003986780524,197.41806654189136,199.0497288377362,36.33,36.330270253271976,1.6014669569995021,0.067535400390625,success,
imdb_binary,"{""data_root"": ""data"", ""dataset_name"": ""IMDB-BINARY"", ""edge_probability"": 0.1, ""family"": ""imdb_binary"", ""m"": 2, ""num_blocks"": 3, ""num_graphs"": 100, ""num_nodes"": 50, ""p_in"": 0.25, ""p_out"": 0.03, ""seed"": 0}",triangle_insertion,"{""alpha"": 0.6, ""edges_added"": 3633, ""edges_removed"": 0, ""graphs"": 100, ""graphs_skipped"": 0, ""graphs_success"": 100, ""label_source"": null, ""method"": ""triangle_insertion"", ""perturbation_direction"": ""insertion"", ""perturbation_family"": ""triangle"", ""rewires"": 0, ""triangles_affected"": 3633}",0.6,0,wl_subtree_kernel_mmd,paper_faithful,"{""implementation_mode"": ""paper_faithful"", ""method"": ""wl_subtree_kernel_mmd"", ""wl_compression"": ""shared_canonical_dictionary_per_comparison"", ""wl_feature_construction"": ""subtree_histograms_across_iterations"", ""wl_iterations"": 3, ""wl_kernel_distance_mode"": ""linear_mmd"", ""wl_label_initialization"": ""node_label_or_degree"", ""wl_node_label_key"": ""node_labels""}",triangle,insertion,,100,12,72,26,593,38.07,6.17008914036094,23.64157897030636,36.33,36.330270253271976,0.3934762699991552,1.714320182800293,success,
imdb_binary,"{""data_root"": ""data"", ""dataset_name"": ""IMDB-BINARY"", ""edge_probability"": 0.1, ""family"": ""imdb_binary"", ""m"": 2, ""num_blocks"": 3, ""num_graphs"": 100, ""num_nodes"": 50, ""p_in"": 0.25, ""p_out"": 0.03, ""seed"": 0}",triangle_insertion,"{""alpha"": 0.6, ""edges_added"": 3633, ""edges_removed"": 0, ""graphs"": 100, ""graphs_skipped"": 0, ""graphs_success"": 100, ""label_source"": null, ""method"": ""triangle_insertion"", ""perturbation_direction"": ""insertion"", ""perturbation_family"": ""triangle"", ""rewires"": 0, ""triangles_affected"": 3633}",0.6,0,native_netlsd,paper_faithful,"{""distribution_distance"": ""l2_between_mean_signatures"", ""eigenvalue_count"": ""all"", ""eigenvalue_mode"": ""full_spectrum"", ""heat_signature"": ""heat_trace"", ""implementation_mode"": ""paper_faithful"", ""laplacian_type"": ""normalized"", ""method"": ""native_netlsd"", ""netlsd_normalization"": ""empty"", ""netlsd_time_scale_count"": 250, ""netlsd_time_scale_max"": 100.0, ""netlsd_time_scale_min"": 0.01, ""netlsd_time_scale_schedule"": ""logspace""}",triangle,insertion,,100,12,72,26,593,0.1737829935407872,0.1737829935407872,0.17487573062439896,36.33,36.330270253271976,28.349865642001532,1.5850296020507812,success,
imdb_binary,"{""data_root"": ""data"", ""dataset_name"": ""IMDB-BINARY"", ""edge_probability"": 0.1, ""family"": ""imdb_binary"", ""m"": 2, ""num_blocks"": 3, ""num_graphs"": 100, ""num_nodes"": 50, ""p_in"": 0.25, ""p_out"": 0.03, ""seed"": 0}",triangle_insertion,"{""alpha"": 0.6, ""edges_added"": 3633, ""edges_removed"": 0, ""graphs"": 100, ""graphs_skipped"": 0, ""graphs_success"": 100, ""label_source"": null, ""method"": ""triangle_insertion"", ""perturbation_direction"": ""insertion"", ""perturbation_family"": ""triangle"", ""rewires"": 0, ""triangles_affected"": 3633}",0.6,0,diversity_curves_shortest_path,paper_faithful,"{""distance_metric"": ""shortest_path"", ""distribution_distance"": ""l2_between_mean_curves"", ""diversity_contraction_mode"": ""random_edge"", ""diversity_curve_definition"": ""shortest_path_spread"", ""diversity_repetitions"": 3, ""diversity_scale_count"": ""dataset_max_nodes"", ""diversity_scale_schedule"": ""all_integer_cardinalities"", ""diversity_upsampling_enabled"": true, ""implementation_mode"": ""paper_faithful"", ""method"": ""diversity_curves_shortest_path"", ""random_seed"": 0}",triangle,insertion,,100,12,72,26,593,4.791305883644024,4.791305883644024,4.820043227120456,36.33,36.330270253271976,740.6217703319999,1.3123960494995117,success,
imdb_binary,"{""data_root"": ""data"", ""dataset_name"": ""IMDB-BINARY"", ""edge_probability"": 0.1, ""family"": ""imdb_binary"", ""m"": 2, ""num_blocks"": 3, ""num_graphs"": 100, ""num_nodes"": 50, ""p_in"": 0.25, ""p_out"": 0.03, ""seed"": 0}",triangle_deletion,"{""alpha"": 0.0, ""edges_added"": 0, ""edges_removed"": 0, ""graphs"": 100, ""graphs_skipped"": 0, ""graphs_success"": 100, ""label_source"": null, ""method"": ""triangle_deletion"", ""perturbation_direction"": ""deletion"", ""perturbation_family"": ""triangle"", ""rewires"": 0, ""triangles_affected"": 0}",0.0,0,structural_statistics_mmd,descriptor_baseline,"{""bandwidth"": 10.0, ""feature_count"": 9, ""implementation_mode"": ""descriptor_baseline"", ""kernel"": ""rbf_mmd"", ""method"": ""structural_statistics_mmd""}",triangle,deletion,,100,12,72,26,435,0.0,0.0,0.0,0.0,0.0,1.4748058740005945,0.067535400390625,success,
imdb_binary,"{""data_root"": ""data"", ""dataset_name"": ""IMDB-BINARY"", ""edge_probability"": 0.1, ""family"": ""imdb_binary"", ""m"": 2, ""num_blocks"": 3, ""num_graphs"": 100, ""num_nodes"": 50, ""p_in"": 0.25, ""p_out"": 0.03, ""seed"": 0}",triangle_deletion,"{""alpha"": 0.0, ""edges_added"": 0, ""edges_removed"": 0, ""graphs"": 100, ""graphs_skipped"": 0, ""graphs_success"": 100, ""label_source"": null, ""method"": ""triangle_deletion"", ""perturbation_direction"": ""deletion"", ""perturbation_family"": ""triangle"", ""rewires"": 0, ""triangles_affected"": 0}",0.0,0,wl_subtree_kernel_mmd,paper_faithful,"{""implementation_mode"": ""paper_faithful"", ""method"": ""wl_subtree_kernel_mmd"", ""wl_compression"": ""shared_canonical_dictionary_per_comparison"", ""wl_feature_construction"": ""subtree_histograms_across_iterations"", ""wl_iterations"": 3, ""wl_kernel_distance_mode"": ""linear_mmd"", ""wl_label_initialization"": ""node_label_or_degree"", ""wl_node_label_key"": ""node_labels""}",triangle,deletion,,100,12,72,26,435,0.0,0.0,0.0,0.0,0.0,0.3343216150005901,1.0926074981689453,success,
imdb_binary,"{""data_root"": ""data"", ""dataset_name"": ""IMDB-BINARY"", ""edge_probability"": 0.1, ""family"": ""imdb_binary"", ""m"": 2, ""num_blocks"": 3, ""num_graphs"": 100, ""num_nodes"": 50, ""p_in"": 0.25, ""p_out"": 0.03, ""seed"": 0}",triangle_deletion,"{""alpha"": 0.0, ""edges_added"": 0, ""edges_removed"": 0, ""graphs"": 100, ""graphs_skipped"": 0, ""graphs_success"": 100, ""label_source"": null, ""method"": ""triangle_deletion"", ""perturbation_direction"": ""deletion"", ""perturbation_family"": ""triangle"", ""rewires"": 0, ""triangles_affected"": 0}",0.0,0,native_netlsd,paper_faithful,"{""distribution_distance"": ""l2_between_mean_signatures"", ""eigenvalue_count"": ""all"", ""eigenvalue_mode"": ""full_spectrum"", ""heat_signature"": ""heat_trace"", ""implementation_mode"": ""paper_faithful"", ""laplacian_type"": ""normalized"", ""method"": ""native_netlsd"", ""netlsd_normalization"": ""empty"", ""netlsd_time_scale_count"": 250, ""netlsd_time_scale_max"": 100.0, ""netlsd_time_scale_min"": 0.01, ""netlsd_time_scale_schedule"": ""logspace""}",triangle,deletion,,100,12,72,26,435,0.0,0.0,0.0,0.0,0.0,15.651050184000269,1.5850296020507812,success,
imdb_binary,"{""data_root"": ""data"", ""dataset_name"": ""IMDB-BINARY"", ""edge_probability"": 0.1, ""family"": ""imdb_binary"", ""m"": 2, ""num_blocks"": 3, ""num_graphs"": 100, ""num_nodes"": 50, ""p_in"": 0.25, ""p_out"": 0.03, ""seed"": 0}",triangle_deletion,"{""alpha"": 0.0, ""edges_added"": 0, ""edges_removed"": 0, ""graphs"": 100, ""graphs_skipped"": 0, ""graphs_success"": 100, ""label_source"": null, ""method"": ""triangle_deletion"", ""perturbation_direction"": ""deletion"", ""perturbation_family"": ""triangle"", ""rewires"": 0, ""triangles_affected"": 0}",0.0,0,diversity_curves_shortest_path,paper_faithful,"{""distance_metric"": ""shortest_path"", ""distribution_distance"": ""l2_between_mean_curves"", ""diversity_contraction_mode"": ""random_edge"", ""diversity_curve_definition"": ""shortest_path_spread"", ""diversity_repetitions"": 3, ""diversity_scale_count"": ""dataset_max_nodes"", ""diversity_scale_schedule"": ""all_integer_cardinalities"", ""diversity_upsampling_enabled"": true, ""implementation_mode"": ""paper_faithful"", ""method"": ""diversity_curves_shortest_path"", ""random_seed"": 0}",triangle,deletion,,100,12,72,26,435,0.0,0.0,0.0,0.0,0.0,677.9450145079991,1.2469444274902344,success,
imdb_binary,"{""data_root"": ""data"", ""dataset_name"": ""IMDB-BINARY"", ""edge_probability"": 0.1, ""family"": ""imdb_binary"", ""m"": 2, ""num_blocks"": 3, ""num_graphs"": 100, ""num_nodes"": 50, ""p_in"": 0.25, ""p_out"": 0.03, ""seed"": 0}",triangle_deletion,"{""alpha"": 0.0, ""edges_added"": 0, ""edges_removed"": 0, ""graphs"": 100, ""graphs_skipped"": 0, ""graphs_success"": 100, ""label_source"": null, ""method"": ""triangle_deletion"", ""perturbation_direction"": ""deletion"", ""perturbation_family"": ""triangle"", ""rewires"": 0, ""triangles_affected"": 0}",0.0,0,structural_statistics_mmd,descriptor_baseline,"{""bandwidth"": 10.0, ""feature_count"": 9, ""implementation_mode"": ""descriptor_baseline"", ""kernel"": ""rbf_mmd"", ""method"": ""structural_statistics_mmd""}",triangle,deletion,,100,12,72,26,435,0.0,0.0,0.0,0.0,0.0,1.6610976009997103,0.067535400390625,success,
imdb_binary,"{""data_root"": ""data"", ""dataset_name"": ""IMDB-BINARY"", ""edge_probability"": 0.1, ""family"": ""imdb_binary"", ""m"": 2, ""num_blocks"": 3, ""num_graphs"": 100, ""num_nodes"": 50, ""p_in"": 0.25, ""p_out"": 0.03, ""seed"": 0}",triangle_deletion,"{""alpha"": 0.0, ""edges_added"": 0, ""edges_removed"": 0, ""graphs"": 100, ""graphs_skipped"": 0, ""graphs_success"": 100, ""label_source"": null, ""method"": ""triangle_deletion"", ""perturbation_direction"": ""deletion"", ""perturbation_family"": ""triangle"", ""rewires"": 0, ""triangles_affected"": 0}",0.0,0,wl_subtree_kernel_mmd,paper_faithful,"{""implementation_mode"": ""paper_faithful"", ""method"": ""wl_subtree_kernel_mmd"", ""wl_compression"": ""shared_canonical_dictionary_per_comparison"", ""wl_feature_construction"": ""subtree_histograms_across_iterations"", ""wl_iterations"": 3, ""wl_kernel_distance_mode"": ""linear_mmd"", ""wl_label_initialization"": ""node_label_or_degree"", ""wl_node_label_key"": ""node_labels""}",triangle,deletion,,100,12,72,26,435,0.0,0.0,0.0,0.0,0.0,0.3024040669988608,1.0926074981689453,success,
imdb_binary,"{""data_root"": ""data"", ""dataset_name"": ""IMDB-BINARY"", ""edge_probability"": 0.1, ""family"": ""imdb_binary"", ""m"": 2, ""num_blocks"": 3, ""num_graphs"": 100, ""num_nodes"": 50, ""p_in"": 0.25, ""p_out"": 0.03, ""seed"": 0}",triangle_deletion,"{""alpha"": 0.0, ""edges_added"": 0, ""edges_removed"": 0, ""graphs"": 100, ""graphs_skipped"": 0, ""graphs_success"": 100, ""label_source"": null, ""method"": ""triangle_deletion"", ""perturbation_direction"": ""deletion"", ""perturbation_family"": ""triangle"", ""rewires"": 0, ""triangles_affected"": 0}",0.0,0,native_netlsd,paper_faithful,"{""distribution_distance"": ""l2_between_mean_signatures"", ""eigenvalue_count"": ""all"", ""eigenvalue_mode"": ""full_spectrum"", ""heat_signature"": ""heat_trace"", ""implementation_mode"": ""paper_faithful"", ""laplacian_type"": ""normalized"", ""method"": ""native_netlsd"", ""netlsd_normalization"": ""empty"", ""netlsd_time_scale_count"": 250, ""netlsd_time_scale_max"": 100.0, ""netlsd_time_scale_min"": 0.01, ""netlsd_time_scale_schedule"": ""logspace""}",triangle,deletion,,100,12,72,26,435,0.0,0.0,0.0,0.0,0.0,15.815474793000249,1.5850296020507812,success,
imdb_binary,"{""data_root"": ""data"", ""dataset_name"": ""IMDB-BINARY"", ""edge_probability"": 0.1, ""family"": ""imdb_binary"", ""m"": 2, ""num_blocks"": 3, ""num_graphs"": 100, ""num_nodes"": 50, ""p_in"": 0.25, ""p_out"": 0.03, ""seed"": 0}",triangle_deletion,"{""alpha"": 0.0, ""edges_added"": 0, ""edges_removed"": 0, ""graphs"": 100, ""graphs_skipped"": 0, ""graphs_success"": 100, ""label_source"": null, ""method"": ""triangle_deletion"", ""perturbation_direction"": ""deletion"", ""perturbation_family"": ""triangle"", ""rewires"": 0, ""triangles_affected"": 0}",0.0,0,diversity_curves_shortest_path,paper_faithful,"{""distance_metric"": ""shortest_path"", ""distribution_distance"": ""l2_between_mean_curves"", ""diversity_contraction_mode"": ""random_edge"", ""diversity_curve_definition"": ""shortest_path_spread"", ""diversity_repetitions"": 3, ""diversity_scale_count"": ""dataset_max_nodes"", ""diversity_scale_schedule"": ""all_integer_cardinalities"", ""diversity_upsampling_enabled"": true, ""implementation_mode"": ""paper_faithful"", ""method"": ""diversity_curves_shortest_path"", ""random_seed"": 0}",triangle,deletion,,100,12,72,26,435,0.0,0.0,0.0,0.0,0.0,686.956545084,1.2469444274902344,success,
imdb_binary,"{""data_root"": ""data"", ""dataset_name"": ""IMDB-BINARY"", ""edge_probability"": 0.1, ""family"": ""imdb_binary"", ""m"": 2, ""num_blocks"": 3, ""num_graphs"": 100, ""num_nodes"": 50, ""p_in"": 0.25, ""p_out"": 0.03, ""seed"": 0}",triangle_insertion,"{""alpha"": 0.5, ""edges_added"": 3092, ""edges_removed"": 0, ""graphs"": 100, ""graphs_skipped"": 0, ""graphs_success"": 100, ""label_source"": null, ""method"": ""triangle_insertion"", ""perturbation_direction"": ""insertion"", ""perturbation_family"": ""triangle"", ""rewires"": 0, ""triangles_affected"": 3092}",0.5,0,structural_statistics_mmd,descriptor_baseline,"{""bandwidth"": 10.0, ""feature_count"": 9, ""implementation_mode"": ""descriptor_baseline"", ""kernel"": ""rbf_mmd"", ""method"": ""structural_statistics_mmd""}",triangle,insertion,,100,12,72,26,556,0.053515584057624,152.4656222787841,153.94528527168302,30.92,30.92025647553357,1.4852255749992764,0.067535400390625,success,
imdb_binary,"{""data_root"": ""data"", ""dataset_name"": ""IMDB-BINARY"", ""edge_probability"": 0.1, ""family"": ""imdb_binary"", ""m"": 2, ""num_blocks"": 3, ""num_graphs"": 100, ""num_nodes"": 50, ""p_in"": 0.25, ""p_out"": 0.03, ""seed"": 0}",triangle_insertion,"{""alpha"": 0.5, ""edges_added"": 3092, ""edges_removed"": 0, ""graphs"": 100, ""graphs_skipped"": 0, ""graphs_success"": 100, ""label_source"": null, ""method"": ""triangle_insertion"", ""perturbation_direction"": ""insertion"", ""perturbation_family"": ""triangle"", ""rewires"": 0, ""triangles_affected"": 3092}",0.5,0,wl_subtree_kernel_mmd,paper_faithful,"{""implementation_mode"": ""paper_faithful"", ""method"": ""wl_subtree_kernel_mmd"", ""wl_compression"": ""shared_canonical_dictionary_per_comparison"", ""wl_feature_construction"": ""subtree_histograms_across_iterations"", ""wl_iterations"": 3, ""wl_kernel_distance_mode"": ""linear_mmd"", ""wl_label_initialization"": ""node_label_or_degree"", ""wl_node_label_key"": ""node_labels""}",triangle,insertion,,100,12,72,26,556,32.2344,5.677534676248134,22.302317564972284,30.92,30.92025647553357,0.43212412700086134,1.763946533203125,success,
imdb_binary,"{""data_root"": ""data"", ""dataset_name"": ""IMDB-BINARY"", ""edge_probability"": 0.1, ""family"": ""imdb_binary"", ""m"": 2, ""num_blocks"": 3, ""num_graphs"": 100, ""num_nodes"": 50, ""p_in"": 0.25, ""p_out"": 0.03, ""seed"": 0}",triangle_insertion,"{""alpha"": 0.5, ""edges_added"": 3092, ""edges_removed"": 0, ""graphs"": 100, ""graphs_skipped"": 0, ""graphs_success"": 100, ""label_source"": null, ""method"": ""triangle_insertion"", ""perturbation_direction"": ""insertion"", ""perturbation_family"": ""triangle"", ""rewires"": 0, ""triangles_affected"": 3092}",0.5,0,native_netlsd,paper_faithful,"{""distribution_distance"": ""l2_between_mean_signatures"", ""eigenvalue_count"": ""all"", ""eigenvalue_mode"": ""full_spectrum"", ""heat_signature"": ""heat_trace"", ""implementation_mode"": ""paper_faithful"", ""laplacian_type"": ""normalized"", ""method"": ""native_netlsd"", ""netlsd_normalization"": ""empty"", ""netlsd_time_scale_count"": 250, ""netlsd_time_scale_max"": 100.0, ""netlsd_time_scale_min"": 0.01, ""netlsd_time_scale_schedule"": ""logspace""}",triangle,insertion,,100,12,72,26,556,0.16553174646369462,0.16553174646369462,0.1666268080640816,30.92,30.92025647553357,31.035004512999876,1.5850296020507812,success,
imdb_binary,"{""data_root"": ""data"", ""dataset_name"": ""IMDB-BINARY"", ""edge_probability"": 0.1, ""family"": ""imdb_binary"", ""m"": 2, ""num_blocks"": 3, ""num_graphs"": 100, ""num_nodes"": 50, ""p_in"": 0.25, ""p_out"": 0.03, ""seed"": 0}",triangle_insertion,"{""alpha"": 0.5, ""edges_added"": 3092, ""edges_removed"": 0, ""graphs"": 100, ""graphs_skipped"": 0, ""graphs_success"": 100, ""label_source"": null, ""method"": ""triangle_insertion"", ""perturbation_direction"": ""insertion"", ""perturbation_family"": ""triangle"", ""rewires"": 0, ""triangles_affected"": 3092}",0.5,0,diversity_curves_shortest_path,paper_faithful,"{""distance_metric"": ""shortest_path"", ""distribution_distance"": ""l2_between_mean_curves"", ""diversity_contraction_mode"": ""random_edge"", ""diversity_curve_definition"": ""shortest_path_spread"", ""diversity_repetitions"": 3, ""diversity_scale_count"": ""dataset_max_nodes"", ""diversity_scale_schedule"": ""all_integer_cardinalities"", ""diversity_upsampling_enabled"": true, ""implementation_mode"": ""paper_faithful"", ""method"": ""diversity_curves_shortest_path"", ""random_seed"": 0}",triangle,insertion,,100,12,72,26,556,4.212019962752474,4.212019962752474,4.2441534905541065,30.92,30.92025647553357,749.7030327720004,1.2846183776855469,success,
imdb_binary,"{""data_root"": ""data"", ""dataset_name"": ""IMDB-BINARY"", ""edge_probability"": 0.1, ""family"": ""imdb_binary"", ""m"": 2, ""num_blocks"": 3, ""num_graphs"": 100, ""num_nodes"": 50, ""p_in"": 0.25, ""p_out"": 0.03, ""seed"": 0}",triangle_insertion,"{""alpha"": 0.8, ""edges_added"": 4566, ""edges_removed"": 0, ""graphs"": 100, ""graphs_skipped"": 0, ""graphs_success"": 100, ""label_source"": null, ""method"": ""triangle_insertion"", ""perturbation_direction"": ""insertion"", ""perturbation_family"": ""triangle"", ""rewires"": 0, ""triangles_affected"": 4566}",0.8,0,structural_statistics_mmd,descriptor_baseline,"{""bandwidth"": 10.0, ""feature_count"": 9, ""implementation_mode"": ""descriptor_baseline"", ""kernel"": ""rbf_mmd"", ""method"": ""structural_statistics_mmd""}",triangle,insertion,,100,12,72,26,595,0.07737158019845775,266.0115317277483,267.5731101787141,45.66,45.66043688723415,1.6995188119999511,0.067535400390625,success,
imdb_binary,"{""data_root"": ""data"", ""dataset_name"": ""IMDB-BINARY"", ""edge_probability"": 0.1, ""family"": ""imdb_binary"", ""m"": 2, ""num_blocks"": 3, ""num_graphs"": 100, ""num_nodes"": 50, ""p_in"": 0.25, ""p_out"": 0.03, ""seed"": 0}",triangle_insertion,"{""alpha"": 0.8, ""edges_added"": 4566, ""edges_removed"": 0, ""graphs"": 100, ""graphs_skipped"": 0, ""graphs_success"": 100, ""label_source"": null, ""method"": ""triangle_insertion"", ""perturbation_direction"": ""insertion"", ""perturbation_family"": ""triangle"", ""rewires"": 0, ""triangles_affected"": 4566}",0.8,0,wl_subtree_kernel_mmd,paper_faithful,"{""implementation_mode"": ""paper_faithful"", ""method"": ""wl_subtree_kernel_mmd"", ""wl_compression"": ""shared_canonical_dictionary_per_comparison"", ""wl_feature_construction"": ""subtree_histograms_across_iterations"", ""wl_iterations"": 3, ""wl_kernel_distance_mode"": ""linear_mmd"", ""wl_label_initialization"": ""node_label_or_degree"", ""wl_node_label_key"": ""node_labels""}",triangle,insertion,,100,12,72,26,595,51.96360000000001,7.208578223200467,26.25926223585057,45.66,45.66043688723415,0.3940478330005135,1.7618846893310547,success,
imdb_binary,"{""data_root"": ""data"", ""dataset_name"": ""IMDB-BINARY"", ""edge_probability"": 0.1, ""family"": ""imdb_binary"", ""m"": 2, ""num_blocks"": 3, ""num_graphs"": 100, ""num_nodes"": 50, ""p_in"": 0.25, ""p_out"": 0.03, ""seed"": 0}",triangle_insertion,"{""alpha"": 0.8, ""edges_added"": 4566, ""edges_removed"": 0, ""graphs"": 100, ""graphs_skipped"": 0, ""graphs_success"": 100, ""label_source"": null, ""method"": ""triangle_insertion"", ""perturbation_direction"": ""insertion"", ""perturbation_family"": ""triangle"", ""rewires"": 0, ""triangles_affected"": 4566}",0.8,0,native_netlsd,paper_faithful,"{""distribution_distance"": ""l2_between_mean_signatures"", ""eigenvalue_count"": ""all"", ""eigenvalue_mode"": ""full_spectrum"", ""heat_signature"": ""heat_trace"", ""implementation_mode"": ""paper_faithful"", ""laplacian_type"": ""normalized"", ""method"": ""native_netlsd"", ""netlsd_normalization"": ""empty"", ""netlsd_time_scale_count"": 250, ""netlsd_time_scale_max"": 100.0, ""netlsd_time_scale_min"": 0.01, ""netlsd_time_scale_schedule"": ""logspace""}",triangle,insertion,,100,12,72,26,595,0.18575855597967844,0.18575855597967844,0.1868134598105073,45.66,45.66043688723415,26.918923197999902,1.5850296020507812,success,
imdb_binary,"{""data_root"": ""data"", ""dataset_name"": ""IMDB-BINARY"", ""edge_probability"": 0.1, ""family"": ""imdb_binary"", ""m"": 2, ""num_blocks"": 3, ""num_graphs"": 100, ""num_nodes"": 50, ""p_in"": 0.25, ""p_out"": 0.03, ""seed"": 0}",triangle_insertion,"{""alpha"": 0.8, ""edges_added"": 4566, ""edges_removed"": 0, ""graphs"": 100, ""graphs_skipped"": 0, ""graphs_success"": 100, ""label_source"": null, ""method"": ""triangle_insertion"", ""perturbation_direction"": ""insertion"", ""perturbation_family"": ""triangle"", ""rewires"": 0, ""triangles_affected"": 4566}",0.8,0,diversity_curves_shortest_path,paper_faithful,"{""distance_metric"": ""shortest_path"", ""distribution_distance"": ""l2_between_mean_curves"", ""diversity_contraction_mode"": ""random_edge"", ""diversity_curve_definition"": ""shortest_path_spread"", ""diversity_repetitions"": 3, ""diversity_scale_count"": ""dataset_max_nodes"", ""diversity_scale_schedule"": ""all_integer_cardinalities"", ""diversity_upsampling_enabled"": true, ""implementation_mode"": ""paper_faithful"", ""method"": ""diversity_curves_shortest_path"", ""random_seed"": 0}",triangle,insertion,,100,12,72,26,595,5.755112333590919,5.755112333590919,5.77749683253997,45.66,45.66043688723415,741.6012462769995,1.3165559768676758,success,
imdb_binary,"{""data_root"": ""data"", ""dataset_name"": ""IMDB-BINARY"", ""edge_probability"": 0.1, ""family"": ""imdb_binary"", ""m"": 2, ""num_blocks"": 3, ""num_graphs"": 100, ""num_nodes"": 50, ""p_in"": 0.25, ""p_out"": 0.03, ""seed"": 0}",triangle_insertion,"{""alpha"": 0.6, ""edges_added"": 3633, ""edges_removed"": 0, ""graphs"": 100, ""graphs_skipped"": 0, ""graphs_success"": 100, ""label_source"": null, ""method"": ""triangle_insertion"", ""perturbation_direction"": ""insertion"", ""perturbation_family"": ""triangle"", ""rewires"": 0, ""triangles_affected"": 3633}",0.6,0,structural_statistics_mmd,descriptor_baseline,"{""bandwidth"": 10.0, ""feature_count"": 9, ""implementation_mode"": ""descriptor_baseline"", ""kernel"": ""rbf_mmd"", ""method"": ""structural_statistics_mmd""}",triangle,insertion,,100,12,72,26,593,0.058615003986780524,197.41806654189136,199.0497288377362,36.33,36.330270253271976,1.6171515800015186,0.067535400390625,success,
imdb_binary,"{""data_root"": ""data"", ""dataset_name"": ""IMDB-BINARY"", ""edge_probability"": 0.1, ""family"": ""imdb_binary"", ""m"": 2, ""num_blocks"": 3, ""num_graphs"": 100, ""num_nodes"": 50, ""p_in"": 0.25, ""p_out"": 0.03, ""seed"": 0}",triangle_insertion,"{""alpha"": 0.6, ""edges_added"": 3633, ""edges_removed"": 0, ""graphs"": 100, ""graphs_skipped"": 0, ""graphs_success"": 100, ""label_source"": null, ""method"": ""triangle_insertion"", ""perturbation_direction"": ""insertion"", ""perturbation_family"": ""triangle"", ""rewires"": 0, ""triangles_affected"": 3633}",0.6,0,wl_subtree_kernel_mmd,paper_faithful,"{""implementation_mode"": ""paper_faithful"", ""method"": ""wl_subtree_kernel_mmd"", ""wl_compression"": ""shared_canonical_dictionary_per_comparison"", ""wl_feature_construction"": ""subtree_histograms_across_iterations"", ""wl_iterations"": 3, ""wl_kernel_distance_mode"": ""linear_mmd"", ""wl_label_initialization"": ""node_label_or_degree"", ""wl_node_label_key"": ""node_labels""}",triangle,insertion,,100,12,72,26,593,38.07,6.17008914036094,23.64157897030636,36.33,36.330270253271976,0.5127828309996403,1.8355894088745117,success,
imdb_binary,"{""data_root"": ""data"", ""dataset_name"": ""IMDB-BINARY"", ""edge_probability"": 0.1, ""family"": ""imdb_binary"", ""m"": 2, ""num_blocks"": 3, ""num_graphs"": 100, ""num_nodes"": 50, ""p_in"": 0.25, ""p_out"": 0.03, ""seed"": 0}",triangle_insertion,"{""alpha"": 0.6, ""edges_added"": 3633, ""edges_removed"": 0, ""graphs"": 100, ""graphs_skipped"": 0, ""graphs_success"": 100, ""label_source"": null, ""method"": ""triangle_insertion"", ""perturbation_direction"": ""insertion"", ""perturbation_family"": ""triangle"", ""rewires"": 0, ""triangles_affected"": 3633}",0.6,0,native_netlsd,paper_faithful,"{""distribution_distance"": ""l2_between_mean_signatures"", ""eigenvalue_count"": ""all"", ""eigenvalue_mode"": ""full_spectrum"", ""heat_signature"": ""heat_trace"", ""implementation_mode"": ""paper_faithful"", ""laplacian_type"": ""normalized"", ""method"": ""native_netlsd"", ""netlsd_normalization"": ""empty"", ""netlsd_time_scale_count"": 250, ""netlsd_time_scale_max"": 100.0, ""netlsd_time_scale_min"": 0.01, ""netlsd_time_scale_schedule"": ""logspace""}",triangle,insertion,,100,12,72,26,593,0.1737829935407872,0.1737829935407872,0.17487573062439896,36.33,36.330270253271976,30.637257571999726,1.5850296020507812,success,
imdb_binary,"{""data_root"": ""data"", ""dataset_name"": ""IMDB-BINARY"", ""edge_probability"": 0.1, ""family"": ""imdb_binary"", ""m"": 2, ""num_blocks"": 3, ""num_graphs"": 100, ""num_nodes"": 50, ""p_in"": 0.25, ""p_out"": 0.03, ""seed"": 0}",triangle_insertion,"{""alpha"": 0.6, ""edges_added"": 3633, ""edges_removed"": 0, ""graphs"": 100, ""graphs_skipped"": 0, ""graphs_success"": 100, ""label_source"": null, ""method"": ""triangle_insertion"", ""perturbation_direction"": ""insertion"", ""perturbation_family"": ""triangle"", ""rewires"": 0, ""triangles_affected"": 3633}",0.6,0,diversity_curves_shortest_path,paper_faithful,"{""distance_metric"": ""shortest_path"", ""distribution_distance"": ""l2_between_mean_curves"", ""diversity_contraction_mode"": ""random_edge"", ""diversity_curve_definition"": ""shortest_path_spread"", ""diversity_repetitions"": 3, ""diversity_scale_count"": ""dataset_max_nodes"", ""diversity_scale_schedule"": ""all_integer_cardinalities"", ""diversity_upsampling_enabled"": true, ""implementation_mode"": ""paper_faithful"", ""method"": ""diversity_curves_shortest_path"", ""random_seed"": 0}",triangle,insertion,,100,12,72,26,593,4.791305883644024,4.791305883644024,4.820043227120456,36.33,36.330270253271976,716.0007675319994,1.3123960494995117,success,
imdb_binary,"{""data_root"": ""data"", ""dataset_name"": ""IMDB-BINARY"", ""edge_probability"": 0.1, ""family"": ""imdb_binary"", ""m"": 2, ""num_blocks"": 3, ""num_graphs"": 100, ""num_nodes"": 50, ""p_in"": 0.25, ""p_out"": 0.03, ""seed"": 0}",triangle_deletion,"{""alpha"": 0.2, ""edges_added"": 0, ""edges_removed"": 1702, ""graphs"": 100, ""graphs_skipped"": 0, ""graphs_success"": 100, ""label_source"": null, ""method"": ""triangle_deletion"", ""perturbation_direction"": ""deletion"", ""perturbation_family"": ""triangle"", ""rewires"": 0, ""triangles_affected"": 1702}",0.2,0,structural_statistics_mmd,descriptor_baseline,"{""bandwidth"": 10.0, ""feature_count"": 9, ""implementation_mode"": ""descriptor_baseline"", ""kernel"": ""rbf_mmd"", ""method"": ""structural_statistics_mmd""}",triangle,deletion,,100,12,72,21,435,0.08345463946743299,166.38385095085198,166.95686070569434,17.02,17.192348985099333,1.3233509750007215,0.067535400390625,success,
imdb_binary,"{""data_root"": ""data"", ""dataset_name"": ""IMDB-BINARY"", ""edge_probability"": 0.1, ""family"": ""imdb_binary"", ""m"": 2, ""num_blocks"": 3, ""num_graphs"": 100, ""num_nodes"": 50, ""p_in"": 0.25, ""p_out"": 0.03, ""seed"": 0}",triangle_deletion,"{""alpha"": 0.2, ""edges_added"": 0, ""edges_removed"": 1702, ""graphs"": 100, ""graphs_skipped"": 0, ""graphs_success"": 100, ""label_source"": null, ""method"": ""triangle_deletion"", ""perturbation_direction"": ""deletion"", ""perturbation_family"": ""triangle"", ""rewires"": 0, ""triangles_affected"": 1702}",0.2,0,wl_subtree_kernel_mmd,paper_faithful,"{""implementation_mode"": ""paper_faithful"", ""method"": ""wl_subtree_kernel_mmd"", ""wl_compression"": ""shared_canonical_dictionary_per_comparison"", ""wl_feature_construction"": ""subtree_histograms_across_iterations"", ""wl_iterations"": 3, ""wl_kernel_distance_mode"": ""linear_mmd"", ""wl_label_initialization"": ""node_label_or_degree"", ""wl_node_label_key"": ""node_labels""}",triangle,deletion,,100,12,72,21,435,17.4166,4.173320021278023,24.66280205765465,17.02,17.192348985099333,0.3608626549994369,1.8158864974975586,success,
imdb_binary,"{""data_root"": ""data"", ""dataset_name"": ""IMDB-BINARY"", ""edge_probability"": 0.1, ""family"": ""imdb_binary"", ""m"": 2, ""num_blocks"": 3, ""num_graphs"": 100, ""num_nodes"": 50, ""p_in"": 0.25, ""p_out"": 0.03, ""seed"": 0}",triangle_deletion,"{""alpha"": 0.2, ""edges_added"": 0, ""edges_removed"": 1702, ""graphs"": 100, ""graphs_skipped"": 0, ""graphs_success"": 100, ""label_source"": null, ""method"": ""triangle_deletion"", ""perturbation_direction"": ""deletion"", ""perturbation_family"": ""triangle"", ""rewires"": 0, ""triangles_affected"": 1702}",0.2,0,native_netlsd,paper_faithful,"{""distribution_distance"": ""l2_between_mean_signatures"", ""eigenvalue_count"": ""all"", ""eigenvalue_mode"": ""full_spectrum"", ""heat_signature"": ""heat_trace"", ""implementation_mode"": ""paper_faithful"", ""laplacian_type"": ""normalized"", ""method"": ""native_netlsd"", ""netlsd_normalization"": ""empty"", ""netlsd_time_scale_count"": 250, ""netlsd_time_scale_max"": 100.0, ""netlsd_time_scale_min"": 0.01, ""netlsd_time_scale_schedule"": ""logspace""}",triangle,deletion,,100,12,72,21,435,0.04846385833585175,0.04846385833585175,0.054163051909865256,17.02,17.192348985099333,32.32730205200096,1.5850296020507812,success,
imdb_binary,"{""data_root"": ""data"", ""dataset_name"": ""IMDB-BINARY"", ""edge_probability"": 0.1, ""family"": ""imdb_binary"", ""m"": 2, ""num_blocks"": 3, ""num_graphs"": 100, ""num_nodes"": 50, ""p_in"": 0.25, ""p_out"": 0.03, ""seed"": 0}",triangle_deletion,"{""alpha"": 0.2, ""edges_added"": 0, ""edges_removed"": 1702, ""graphs"": 100, ""graphs_skipped"": 0, ""graphs_success"": 100, ""label_source"": null, ""method"": ""triangle_deletion"", ""perturbation_direction"": ""deletion"", ""perturbation_family"": ""triangle"", ""rewires"": 0, ""triangles_affected"": 1702}",0.2,0,diversity_curves_shortest_path,paper_faithful,"{""distance_metric"": ""shortest_path"", ""distribution_distance"": ""l2_between_mean_curves"", ""diversity_contraction_mode"": ""random_edge"", ""diversity_curve_definition"": ""shortest_path_spread"", ""diversity_repetitions"": 3, ""diversity_scale_count"": ""dataset_max_nodes"", ""diversity_scale_schedule"": ""all_integer_cardinalities"", ""diversity_upsampling_enabled"": true, ""implementation_mode"": ""paper_faithful"", ""method"": ""diversity_curves_shortest_path"", ""random_seed"": 0}",triangle,deletion,,100,12,72,21,435,4.162125914091603,4.162125914091603,4.2422729254614415,17.02,17.192348985099333,652.0011798289997,1.1425132751464844,success,
imdb_binary,"{""data_root"": ""data"", ""dataset_name"": ""IMDB-BINARY"", ""edge_probability"": 0.1, ""family"": ""imdb_binary"", ""m"": 2, ""num_blocks"": 3, ""num_graphs"": 100, ""num_nodes"": 50, ""p_in"": 0.25, ""p_out"": 0.03, ""seed"": 0}",triangle_insertion,"{""alpha"": 0.7, ""edges_added"": 4125, ""edges_removed"": 0, ""graphs"": 100, ""graphs_skipped"": 0, ""graphs_success"": 100, ""label_source"": null, ""method"": ""triangle_insertion"", ""perturbation_direction"": ""insertion"", ""perturbation_family"": ""triangle"", ""rewires"": 0, ""triangles_affected"": 4125}",0.7,0,structural_statistics_mmd,descriptor_baseline,"{""bandwidth"": 10.0, ""feature_count"": 9, ""implementation_mode"": ""descriptor_baseline"", ""kernel"": ""rbf_mmd"", ""method"": ""structural_statistics_mmd""}",triangle,insertion,,100,12,72,26,595,0.06856884633529448,232.5878619881818,234.19535389693235,41.25,41.25034907816595,1.6402898769993044,0.067535400390625,success,
imdb_binary,"{""data_root"": ""data"", ""dataset_name"": ""IMDB-BINARY"", ""edge_probability"": 0.1, ""family"": ""imdb_binary"", ""m"": 2, ""num_blocks"": 3, ""num_graphs"": 100, ""num_nodes"": 50, ""p_in"": 0.25, ""p_out"": 0.03, ""seed"": 0}",triangle_insertion,"{""alpha"": 0.7, ""edges_added"": 4125, ""edges_removed"": 0, ""graphs"": 100, ""graphs_skipped"": 0, ""graphs_success"": 100, ""label_source"": null, ""method"": ""triangle_insertion"", ""perturbation_direction"": ""insertion"", ""perturbation_family"": ""triangle"", ""rewires"": 0, ""triangles_affected"": 4125}",0.7,0,wl_subtree_kernel_mmd,paper_faithful,"{""implementation_mode"": ""paper_faithful"", ""method"": ""wl_subtree_kernel_mmd"", ""wl_compression"": ""shared_canonical_dictionary_per_comparison"", ""wl_feature_construction"": ""subtree_histograms_across_iterations"", ""wl_iterations"": 3, ""wl_kernel_distance_mode"": ""linear_mmd"", ""wl_label_initialization"": ""node_label_or_degree"", ""wl_node_label_key"": ""node_labels""}",triangle,insertion,,100,12,72,26,595,44.413399999999996,6.664337926606063,24.792714774637748,41.25,41.25034907816595,0.4257300560002477,1.7918357849121094,success,
imdb_binary,"{""data_root"": ""data"", ""dataset_name"": ""IMDB-BINARY"", ""edge_probability"": 0.1, ""family"": ""imdb_binary"", ""m"": 2, ""num_blocks"": 3, ""num_graphs"": 100, ""num_nodes"": 50, ""p_in"": 0.25, ""p_out"": 0.03, ""seed"": 0}",triangle_insertion,"{""alpha"": 0.7, ""edges_added"": 4125, ""edges_removed"": 0, ""graphs"": 100, ""graphs_skipped"": 0, ""graphs_success"": 100, ""label_source"": null, ""method"": ""triangle_insertion"", ""perturbation_direction"": ""insertion"", ""perturbation_family"": ""triangle"", ""rewires"": 0, ""triangles_affected"": 4125}",0.7,0,native_netlsd,paper_faithful,"{""distribution_distance"": ""l2_between_mean_signatures"", ""eigenvalue_count"": ""all"", ""eigenvalue_mode"": ""full_spectrum"", ""heat_signature"": ""heat_trace"", ""implementation_mode"": ""paper_faithful"", ""laplacian_type"": ""normalized"", ""method"": ""native_netlsd"", ""netlsd_normalization"": ""empty"", ""netlsd_time_scale_count"": 250, ""netlsd_time_scale_max"": 100.0, ""netlsd_time_scale_min"": 0.01, ""netlsd_time_scale_schedule"": ""logspace""}",triangle,insertion,,100,12,72,26,595,0.18067154547296152,0.18067154547296152,0.18174960302819015,41.25,41.25034907816595,29.134532341999147,1.5850296020507812,success,
imdb_binary,"{""data_root"": ""data"", ""dataset_name"": ""IMDB-BINARY"", ""edge_probability"": 0.1, ""family"": ""imdb_binary"", ""m"": 2, ""num_blocks"": 3, ""num_graphs"": 100, ""num_nodes"": 50, ""p_in"": 0.25, ""p_out"": 0.03, ""seed"": 0}",triangle_insertion,"{""alpha"": 0.7, ""edges_added"": 4125, ""edges_removed"": 0, ""graphs"": 100, ""graphs_skipped"": 0, ""graphs_success"": 100, ""label_source"": null, ""method"": ""triangle_insertion"", ""perturbation_direction"": ""insertion"", ""perturbation_family"": ""triangle"", ""rewires"": 0, ""triangles_affected"": 4125}",0.7,0,diversity_curves_shortest_path,paper_faithful,"{""distance_metric"": ""shortest_path"", ""distribution_distance"": ""l2_between_mean_curves"", ""diversity_contraction_mode"": ""random_edge"", ""diversity_curve_definition"": ""shortest_path_spread"", ""diversity_repetitions"": 3, ""diversity_scale_count"": ""dataset_max_nodes"", ""diversity_scale_schedule"": ""all_integer_cardinalities"", ""diversity_upsampling_enabled"": true, ""implementation_mode"": ""paper_faithful"", ""method"": ""diversity_curves_shortest_path"", ""random_seed"": 0}",triangle,insertion,,100,12,72,26,595,5.383345542512526,5.383345542512526,5.408874340695645,41.25,41.25034907816595,760.2121557049995,1.3154497146606445,success,
imdb_binary,"{""data_root"": ""data"", ""dataset_name"": ""IMDB-BINARY"", ""edge_probability"": 0.1, ""family"": ""imdb_binary"", ""m"": 2, ""num_blocks"": 3, ""num_graphs"": 100, ""num_nodes"": 50, ""p_in"": 0.25, ""p_out"": 0.03, ""seed"": 0}",triangle_deletion,"{""alpha"": 0.1, ""edges_added"": 0, ""edges_removed"": 823, ""graphs"": 100, ""graphs_skipped"": 0, ""graphs_success"": 100, ""label_source"": null, ""method"": ""triangle_deletion"", ""perturbation_direction"": ""deletion"", ""perturbation_family"": ""triangle"", ""rewires"": 0, ""triangles_affected"": 823}",0.1,0,structural_statistics_mmd,descriptor_baseline,"{""bandwidth"": 10.0, ""feature_count"": 9, ""implementation_mode"": ""descriptor_baseline"", ""kernel"": ""rbf_mmd"", ""method"": ""structural_statistics_mmd""}",triangle,deletion,,100,12,72,24,435,0.03827453312184745,90.27499590493747,90.54493476364216,8.23,8.32960208007111,1.7016188079996937,0.067535400390625,success,
imdb_binary,"{""data_root"": ""data"", ""dataset_name"": ""IMDB-BINARY"", ""edge_probability"": 0.1, ""family"": ""imdb_binary"", ""m"": 2, ""num_blocks"": 3, ""num_graphs"": 100, ""num_nodes"": 50, ""p_in"": 0.25, ""p_out"": 0.03, ""seed"": 0}",triangle_deletion,"{""alpha"": 0.1, ""edges_added"": 0, ""edges_removed"": 823, ""graphs"": 100, ""graphs_skipped"": 0, ""graphs_success"": 100, ""label_source"": null, ""method"": ""triangle_deletion"", ""perturbation_direction"": ""deletion"", ""perturbation_family"": ""triangle"", ""rewires"": 0, ""triangles_affected"": 823}",0.1,0,wl_subtree_kernel_mmd,paper_faithful,"{""implementation_mode"": ""paper_faithful"", ""method"": ""wl_subtree_kernel_mmd"", ""wl_compression"": ""shared_canonical_dictionary_per_comparison"", ""wl_feature_construction"": ""subtree_histograms_across_iterations"", ""wl_iterations"": 3, ""wl_kernel_distance_mode"": ""linear_mmd"", ""wl_label_initialization"": ""node_label_or_degree"", ""wl_node_label_key"": ""node_labels""}",triangle,deletion,,100,12,72,24,435,12.6588,3.5579207411070866,24.62463327219681,8.23,8.32960208007111,0.4259955050001736,1.6479969024658203,success,
imdb_binary,"{""data_root"": ""data"", ""dataset_name"": ""IMDB-BINARY"", ""edge_probability"": 0.1, ""family"": ""imdb_binary"", ""m"": 2, ""num_blocks"": 3, ""num_graphs"": 100, ""num_nodes"": 50, ""p_in"": 0.25, ""p_out"": 0.03, ""seed"": 0}",triangle_deletion,"{""alpha"": 0.1, ""edges_added"": 0, ""edges_removed"": 823, ""graphs"": 100, ""graphs_skipped"": 0, ""graphs_success"": 100, ""label_source"": null, ""method"": ""triangle_deletion"", ""perturbation_direction"": ""deletion"", ""perturbation_family"": ""triangle"", ""rewires"": 0, ""triangles_affected"": 823}",0.1,0,native_netlsd,paper_faithful,"{""distribution_distance"": ""l2_between_mean_signatures"", ""eigenvalue_count"": ""all"", ""eigenvalue_mode"": ""full_spectrum"", ""heat_signature"": ""heat_trace"", ""implementation_mode"": ""paper_faithful"", ""laplacian_type"": ""normalized"", ""method"": ""native_netlsd"", ""netlsd_normalization"": ""empty"", ""netlsd_time_scale_count"": 250, ""netlsd_time_scale_max"": 100.0, ""netlsd_time_scale_min"": 0.01, ""netlsd_time_scale_schedule"": ""logspace""}",triangle,deletion,,100,12,72,24,435,0.01960291339908059,0.01960291339908059,0.023604254629719712,8.23,8.32960208007111,31.28153288000067,1.5850296020507812,success,
imdb_binary,"{""data_root"": ""data"", ""dataset_name"": ""IMDB-BINARY"", ""edge_probability"": 0.1, ""family"": ""imdb_binary"", ""m"": 2, ""num_blocks"": 3, ""num_graphs"": 100, ""num_nodes"": 50, ""p_in"": 0.25, ""p_out"": 0.03, ""seed"": 0}",triangle_deletion,"{""alpha"": 0.1, ""edges_added"": 0, ""edges_removed"": 823, ""graphs"": 100, ""graphs_skipped"": 0, ""graphs_success"": 100, ""label_source"": null, ""method"": ""triangle_deletion"", ""perturbation_direction"": ""deletion"", ""perturbation_family"": ""triangle"", ""rewires"": 0, ""triangles_affected"": 823}",0.1,0,diversity_curves_shortest_path,paper_faithful,"{""distance_metric"": ""shortest_path"", ""distribution_distance"": ""l2_between_mean_curves"", ""diversity_contraction_mode"": ""random_edge"", ""diversity_curve_definition"": ""shortest_path_spread"", ""diversity_repetitions"": 3, ""diversity_scale_count"": ""dataset_max_nodes"", ""diversity_scale_schedule"": ""all_integer_cardinalities"", ""diversity_upsampling_enabled"": true, ""implementation_mode"": ""paper_faithful"", ""method"": ""diversity_curves_shortest_path"", ""random_seed"": 0}",triangle,deletion,,100,12,72,24,435,1.8779592417592514,1.8779592417592514,2.0241588833109683,8.23,8.32960208007111,661.4024686150005,1.2226524353027344,success,
imdb_binary,"{""data_root"": ""data"", ""dataset_name"": ""IMDB-BINARY"", ""edge_probability"": 0.1, ""family"": ""imdb_binary"", ""m"": 2, ""num_blocks"": 3, ""num_graphs"": 100, ""num_nodes"": 50, ""p_in"": 0.25, ""p_out"": 0.03, ""seed"": 0}",triangle_insertion,"{""alpha"": 0.7, ""edges_added"": 4125, ""edges_removed"": 0, ""graphs"": 100, ""graphs_skipped"": 0, ""graphs_success"": 100, ""label_source"": null, ""method"": ""triangle_insertion"", ""perturbation_direction"": ""insertion"", ""perturbation_family"": ""triangle"", ""rewires"": 0, ""triangles_affected"": 4125}",0.7,0,structural_statistics_mmd,descriptor_baseline,"{""bandwidth"": 10.0, ""feature_count"": 9, ""implementation_mode"": ""descriptor_baseline"", ""kernel"": ""rbf_mmd"", ""method"": ""structural_statistics_mmd""}",triangle,insertion,,100,12,72,26,595,0.06856884633529448,232.5878619881818,234.19535389693235,41.25,41.25034907816595,2.149073217999103,0.067535400390625,success,
imdb_binary,"{""data_root"": ""data"", ""dataset_name"": ""IMDB-BINARY"", ""edge_probability"": 0.1, ""family"": ""imdb_binary"", ""m"": 2, ""num_blocks"": 3, ""num_graphs"": 100, ""num_nodes"": 50, ""p_in"": 0.25, ""p_out"": 0.03, ""seed"": 0}",triangle_insertion,"{""alpha"": 0.7, ""edges_added"": 4125, ""edges_removed"": 0, ""graphs"": 100, ""graphs_skipped"": 0, ""graphs_success"": 100, ""label_source"": null, ""method"": ""triangle_insertion"", ""perturbation_direction"": ""insertion"", ""perturbation_family"": ""triangle"", ""rewires"": 0, ""triangles_affected"": 4125}",0.7,0,wl_subtree_kernel_mmd,paper_faithful,"{""implementation_mode"": ""paper_faithful"", ""method"": ""wl_subtree_kernel_mmd"", ""wl_compression"": ""shared_canonical_dictionary_per_comparison"", ""wl_feature_construction"": ""subtree_histograms_across_iterations"", ""wl_iterations"": 3, ""wl_kernel_distance_mode"": ""linear_mmd"", ""wl_label_initialization"": ""node_label_or_degree"", ""wl_node_label_key"": ""node_labels""}",triangle,insertion,,100,12,72,26,595,44.413399999999996,6.664337926606063,24.792714774637748,41.25,41.25034907816595,0.5590333880008984,1.7121772766113281,success,
imdb_binary,"{""data_root"": ""data"", ""dataset_name"": ""IMDB-BINARY"", ""edge_probability"": 0.1, ""family"": ""imdb_binary"", ""m"": 2, ""num_blocks"": 3, ""num_graphs"": 100, ""num_nodes"": 50, ""p_in"": 0.25, ""p_out"": 0.03, ""seed"": 0}",triangle_insertion,"{""alpha"": 0.7, ""edges_added"": 4125, ""edges_removed"": 0, ""graphs"": 100, ""graphs_skipped"": 0, ""graphs_success"": 100, ""label_source"": null, ""method"": ""triangle_insertion"", ""perturbation_direction"": ""insertion"", ""perturbation_family"": ""triangle"", ""rewires"": 0, ""triangles_affected"": 4125}",0.7,0,native_netlsd,paper_faithful,"{""distribution_distance"": ""l2_between_mean_signatures"", ""eigenvalue_count"": ""all"", ""eigenvalue_mode"": ""full_spectrum"", ""heat_signature"": ""heat_trace"", ""implementation_mode"": ""paper_faithful"", ""laplacian_type"": ""normalized"", ""method"": ""native_netlsd"", ""netlsd_normalization"": ""empty"", ""netlsd_time_scale_count"": 250, ""netlsd_time_scale_max"": 100.0, ""netlsd_time_scale_min"": 0.01, ""netlsd_time_scale_schedule"": ""logspace""}",triangle,insertion,,100,12,72,26,595,0.18067154547296152,0.18067154547296152,0.18174960302819015,41.25,41.25034907816595,28.639176966999003,1.5850296020507812,success,
imdb_binary,"{""data_root"": ""data"", ""dataset_name"": ""IMDB-BINARY"", ""edge_probability"": 0.1, ""family"": ""imdb_binary"", ""m"": 2, ""num_blocks"": 3, ""num_graphs"": 100, ""num_nodes"": 50, ""p_in"": 0.25, ""p_out"": 0.03, ""seed"": 0}",triangle_insertion,"{""alpha"": 0.7, ""edges_added"": 4125, ""edges_removed"": 0, ""graphs"": 100, ""graphs_skipped"": 0, ""graphs_success"": 100, ""label_source"": null, ""method"": ""triangle_insertion"", ""perturbation_direction"": ""insertion"", ""perturbation_family"": ""triangle"", ""rewires"": 0, ""triangles_affected"": 4125}",0.7,0,diversity_curves_shortest_path,paper_faithful,"{""distance_metric"": ""shortest_path"", ""distribution_distance"": ""l2_between_mean_curves"", ""diversity_contraction_mode"": ""random_edge"", ""diversity_curve_definition"": ""shortest_path_spread"", ""diversity_repetitions"": 3, ""diversity_scale_count"": ""dataset_max_nodes"", ""diversity_scale_schedule"": ""all_integer_cardinalities"", ""diversity_upsampling_enabled"": true, ""implementation_mode"": ""paper_faithful"", ""method"": ""diversity_curves_shortest_path"", ""random_seed"": 0}",triangle,insertion,,100,12,72,26,595,5.383345542512526,5.383345542512526,5.408874340695645,41.25,41.25034907816595,723.668417705001,1.3154497146606445,success,
imdb_binary,"{""data_root"": ""data"", ""dataset_name"": ""IMDB-BINARY"", ""edge_probability"": 0.1, ""family"": ""imdb_binary"", ""m"": 2, ""num_blocks"": 3, ""num_graphs"": 100, ""num_nodes"": 50, ""p_in"": 0.25, ""p_out"": 0.03, ""seed"": 0}",triangle_insertion,"{""alpha"": 1.0, ""edges_added"": 5289, ""edges_removed"": 0, ""graphs"": 100, ""graphs_skipped"": 0, ""graphs_success"": 100, ""label_source"": null, ""method"": ""triangle_insertion"", ""perturbation_direction"": ""insertion"", ""perturbation_family"": ""triangle"", ""rewires"": 0, ""triangles_affected"": 5289}",1.0,0,structural_statistics_mmd,descriptor_baseline,"{""bandwidth"": 10.0, ""feature_count"": 9, ""implementation_mode"": ""descriptor_baseline"", ""kernel"": ""rbf_mmd"", ""method"": ""structural_statistics_mmd""}",triangle,insertion,,100,12,72,26,595,0.09328424346125358,319.44594257851526,320.8335939551861,52.89,52.8904398197779,1.884386985000674,0.067535400390625,success,
imdb_binary,"{""data_root"": ""data"", ""dataset_name"": ""IMDB-BINARY"", ""edge_probability"": 0.1, ""family"": ""imdb_binary"", ""m"": 2, ""num_blocks"": 3, ""num_graphs"": 100, ""num_nodes"": 50, ""p_in"": 0.25, ""p_out"": 0.03, ""seed"": 0}",triangle_insertion,"{""alpha"": 1.0, ""edges_added"": 5289, ""edges_removed"": 0, ""graphs"": 100, ""graphs_skipped"": 0, ""graphs_success"": 100, ""label_source"": null, ""method"": ""triangle_insertion"", ""perturbation_direction"": ""insertion"", ""perturbation_family"": ""triangle"", ""rewires"": 0, ""triangles_affected"": 5289}",1.0,0,wl_subtree_kernel_mmd,paper_faithful,"{""implementation_mode"": ""paper_faithful"", ""method"": ""wl_subtree_kernel_mmd"", ""wl_compression"": ""shared_canonical_dictionary_per_comparison"", ""wl_feature_construction"": ""subtree_histograms_across_iterations"", ""wl_iterations"": 3, ""wl_kernel_distance_mode"": ""linear_mmd"", ""wl_label_initialization"": ""node_label_or_degree"", ""wl_node_label_key"": ""node_labels""}",triangle,insertion,,100,12,72,26,595,65.07299999999998,8.066783745706834,27.468904213284226,52.89,52.8904398197779,0.4292979540005035,1.6678380966186523,success,
imdb_binary,"{""data_root"": ""data"", ""dataset_name"": ""IMDB-BINARY"", ""edge_probability"": 0.1, ""family"": ""imdb_binary"", ""m"": 2, ""num_blocks"": 3, ""num_graphs"": 100, ""num_nodes"": 50, ""p_in"": 0.25, ""p_out"": 0.03, ""seed"": 0}",triangle_insertion,"{""alpha"": 1.0, ""edges_added"": 5289, ""edges_removed"": 0, ""graphs"": 100, ""graphs_skipped"": 0, ""graphs_success"": 100, ""label_source"": null, ""method"": ""triangle_insertion"", ""perturbation_direction"": ""insertion"", ""perturbation_family"": ""triangle"", ""rewires"": 0, ""triangles_affected"": 5289}",1.0,0,native_netlsd,paper_faithful,"{""distribution_distance"": ""l2_between_mean_signatures"", ""eigenvalue_count"": ""all"", ""eigenvalue_mode"": ""full_spectrum"", ""heat_signature"": ""heat_trace"", ""implementation_mode"": ""paper_faithful"", ""laplacian_type"": ""normalized"", ""method"": ""native_netlsd"", ""netlsd_normalization"": ""empty"", ""netlsd_time_scale_count"": 250, ""netlsd_time_scale_max"": 100.0, ""netlsd_time_scale_min"": 0.01, ""netlsd_time_scale_schedule"": ""logspace""}",triangle,insertion,,100,12,72,26,595,0.192934774142133,0.192934774142133,0.19395412099300605,52.89,52.8904398197779,25.621538366000095,1.5850296020507812,success,
imdb_binary,"{""data_root"": ""data"", ""dataset_name"": ""IMDB-BINARY"", ""edge_probability"": 0.1, ""family"": ""imdb_binary"", ""m"": 2, ""num_blocks"": 3, ""num_graphs"": 100, ""num_nodes"": 50, ""p_in"": 0.25, ""p_out"": 0.03, ""seed"": 0}",triangle_insertion,"{""alpha"": 1.0, ""edges_added"": 5289, ""edges_removed"": 0, ""graphs"": 100, ""graphs_skipped"": 0, ""graphs_success"": 100, ""label_source"": null, ""method"": ""triangle_insertion"", ""perturbation_direction"": ""insertion"", ""perturbation_family"": ""triangle"", ""rewires"": 0, ""triangles_affected"": 5289}",1.0,0,diversity_curves_shortest_path,paper_faithful,"{""distance_metric"": ""shortest_path"", ""distribution_distance"": ""l2_between_mean_curves"", ""diversity_contraction_mode"": ""random_edge"", ""diversity_curve_definition"": ""shortest_path_spread"", ""diversity_repetitions"": 3, ""diversity_scale_count"": ""dataset_max_nodes"", ""diversity_scale_schedule"": ""all_integer_cardinalities"", ""diversity_upsampling_enabled"": true, ""implementation_mode"": ""paper_faithful"", ""method"": ""diversity_curves_shortest_path"", ""random_seed"": 0}",triangle,insertion,,100,12,72,26,595,6.4016618083801395,6.4016618083801395,6.420425267668252,52.89,52.8904398197779,749.0264532620004,1.3184328079223633,success,
imdb_binary,"{""data_root"": ""data"", ""dataset_name"": ""IMDB-BINARY"", ""edge_probability"": 0.1, ""family"": ""imdb_binary"", ""m"": 2, ""num_blocks"": 3, ""num_graphs"": 100, ""num_nodes"": 50, ""p_in"": 0.25, ""p_out"": 0.03, ""seed"": 0}",triangle_insertion,"{""alpha"": 0.9, ""edges_added"": 4936, ""edges_removed"": 0, ""graphs"": 100, ""graphs_skipped"": 0, ""graphs_success"": 100, ""label_source"": null, ""method"": ""triangle_insertion"", ""perturbation_direction"": ""insertion"", ""perturbation_family"": ""triangle"", ""rewires"": 0, ""triangles_affected"": 4936}",0.9,0,structural_statistics_mmd,descriptor_baseline,"{""bandwidth"": 10.0, ""feature_count"": 9, ""implementation_mode"": ""descriptor_baseline"", ""kernel"": ""rbf_mmd"", ""method"": ""structural_statistics_mmd""}",triangle,insertion,,100,12,72,26,595,0.09044320126206756,293.0915543072352,294.58229727957837,49.36,49.36043884606848,1.6041853509996145,0.067535400390625,success,
imdb_binary,"{""data_root"": ""data"", ""dataset_name"": ""IMDB-BINARY"", ""edge_probability"": 0.1, ""family"": ""imdb_binary"", ""m"": 2, ""num_blocks"": 3, ""num_graphs"": 100, ""num_nodes"": 50, ""p_in"": 0.25, ""p_out"": 0.03, ""seed"": 0}",triangle_insertion,"{""alpha"": 0.9, ""edges_added"": 4936, ""edges_removed"": 0, ""graphs"": 100, ""graphs_skipped"": 0, ""graphs_success"": 100, ""label_source"": null, ""method"": ""triangle_insertion"", ""perturbation_direction"": ""insertion"", ""perturbation_family"": ""triangle"", ""rewires"": 0, ""triangles_affected"": 4936}",0.9,0,wl_subtree_kernel_mmd,paper_faithful,"{""implementation_mode"": ""paper_faithful"", ""method"": ""wl_subtree_kernel_mmd"", ""wl_compression"": ""shared_canonical_dictionary_per_comparison"", ""wl_feature_construction"": ""subtree_histograms_across_iterations"", ""wl_iterations"": 3, ""wl_kernel_distance_mode"": ""linear_mmd"", ""wl_label_initialization"": ""node_label_or_degree"", ""wl_node_label_key"": ""node_labels""}",triangle,insertion,,100,12,72,26,595,61.3042,7.829699866533838,27.172959463269894,49.36,49.36043884606848,0.44042654800068703,1.685781478881836,success,
imdb_binary,"{""data_root"": ""data"", ""dataset_name"": ""IMDB-BINARY"", ""edge_probability"": 0.1, ""family"": ""imdb_binary"", ""m"": 2, ""num_blocks"": 3, ""num_graphs"": 100, ""num_nodes"": 50, ""p_in"": 0.25, ""p_out"": 0.03, ""seed"": 0}",triangle_insertion,"{""alpha"": 0.9, ""edges_added"": 4936, ""edges_removed"": 0, ""graphs"": 100, ""graphs_skipped"": 0, ""graphs_success"": 100, ""label_source"": null, ""method"": ""triangle_insertion"", ""perturbation_direction"": ""insertion"", ""perturbation_family"": ""triangle"", ""rewires"": 0, ""triangles_affected"": 4936}",0.9,0,native_netlsd,paper_faithful,"{""distribution_distance"": ""l2_between_mean_signatures"", ""eigenvalue_count"": ""all"", ""eigenvalue_mode"": ""full_spectrum"", ""heat_signature"": ""heat_trace"", ""implementation_mode"": ""paper_faithful"", ""laplacian_type"": ""normalized"", ""method"": ""native_netlsd"", ""netlsd_normalization"": ""empty"", ""netlsd_time_scale_count"": 250, ""netlsd_time_scale_max"": 100.0, ""netlsd_time_scale_min"": 0.01, ""netlsd_time_scale_schedule"": ""logspace""}",triangle,insertion,,100,12,72,26,595,0.1896906902424309,0.1896906902424309,0.1907216589512299,49.36,49.36043884606848,26.340673943999718,1.5850296020507812,success,
imdb_binary,"{""data_root"": ""data"", ""dataset_name"": ""IMDB-BINARY"", ""edge_probability"": 0.1, ""family"": ""imdb_binary"", ""m"": 2, ""num_blocks"": 3, ""num_graphs"": 100, ""num_nodes"": 50, ""p_in"": 0.25, ""p_out"": 0.03, ""seed"": 0}",triangle_insertion,"{""alpha"": 0.9, ""edges_added"": 4936, ""edges_removed"": 0, ""graphs"": 100, ""graphs_skipped"": 0, ""graphs_success"": 100, ""label_source"": null, ""method"": ""triangle_insertion"", ""perturbation_direction"": ""insertion"", ""perturbation_family"": ""triangle"", ""rewires"": 0, ""triangles_affected"": 4936}",0.9,0,diversity_curves_shortest_path,paper_faithful,"{""distance_metric"": ""shortest_path"", ""distribution_distance"": ""l2_between_mean_curves"", ""diversity_contraction_mode"": ""random_edge"", ""diversity_curve_definition"": ""shortest_path_spread"", ""diversity_repetitions"": 3, ""diversity_scale_count"": ""dataset_max_nodes"", ""diversity_scale_schedule"": ""all_integer_cardinalities"", ""diversity_upsampling_enabled"": true, ""implementation_mode"": ""paper_faithful"", ""method"": ""diversity_curves_shortest_path"", ""random_seed"": 0}",triangle,insertion,,100,12,72,26,595,6.10579843427573,6.10579843427573,6.125440157222463,49.36,49.36043884606848,783.2928084930008,1.3154497146606445,success,
imdb_binary,"{""data_root"": ""data"", ""dataset_name"": ""IMDB-BINARY"", ""edge_probability"": 0.1, ""family"": ""imdb_binary"", ""m"": 2, ""num_blocks"": 3, ""num_graphs"": 100, ""num_nodes"": 50, ""p_in"": 0.25, ""p_out"": 0.03, ""seed"": 0}",triangle_deletion,"{""alpha"": 0.1, ""edges_added"": 0, ""edges_removed"": 823, ""graphs"": 100, ""graphs_skipped"": 0, ""graphs_success"": 100, ""label_source"": null, ""method"": ""triangle_deletion"", ""perturbation_direction"": ""deletion"", ""perturbation_family"": ""triangle"", ""rewires"": 0, ""triangles_affected"": 823}",0.1,0,structural_statistics_mmd,descriptor_baseline,"{""bandwidth"": 10.0, ""feature_count"": 9, ""implementation_mode"": ""descriptor_baseline"", ""kernel"": ""rbf_mmd"", ""method"": ""structural_statistics_mmd""}",triangle,deletion,,100,12,72,24,435,0.03827453312184745,90.27499590493747,90.54493476364216,8.23,8.32960208007111,1.6808840180001425,0.067535400390625,success,
imdb_binary,"{""data_root"": ""data"", ""dataset_name"": ""IMDB-BINARY"", ""edge_probability"": 0.1, ""family"": ""imdb_binary"", ""m"": 2, ""num_blocks"": 3, ""num_graphs"": 100, ""num_nodes"": 50, ""p_in"": 0.25, ""p_out"": 0.03, ""seed"": 0}",triangle_deletion,"{""alpha"": 0.1, ""edges_added"": 0, ""edges_removed"": 823, ""graphs"": 100, ""graphs_skipped"": 0, ""graphs_success"": 100, ""label_source"": null, ""method"": ""triangle_deletion"", ""perturbation_direction"": ""deletion"", ""perturbation_family"": ""triangle"", ""rewires"": 0, ""triangles_affected"": 823}",0.1,0,wl_subtree_kernel_mmd,paper_faithful,"{""implementation_mode"": ""paper_faithful"", ""method"": ""wl_subtree_kernel_mmd"", ""wl_compression"": ""shared_canonical_dictionary_per_comparison"", ""wl_feature_construction"": ""subtree_histograms_across_iterations"", ""wl_iterations"": 3, ""wl_kernel_distance_mode"": ""linear_mmd"", ""wl_label_initialization"": ""node_label_or_degree"", ""wl_node_label_key"": ""node_labels""}",triangle,deletion,,100,12,72,24,435,12.6588,3.5579207411070866,24.62463327219681,8.23,8.32960208007111,0.4578205779998825,1.6442584991455078,success,
imdb_binary,"{""data_root"": ""data"", ""dataset_name"": ""IMDB-BINARY"", ""edge_probability"": 0.1, ""family"": ""imdb_binary"", ""m"": 2, ""num_blocks"": 3, ""num_graphs"": 100, ""num_nodes"": 50, ""p_in"": 0.25, ""p_out"": 0.03, ""seed"": 0}",triangle_deletion,"{""alpha"": 0.1, ""edges_added"": 0, ""edges_removed"": 823, ""graphs"": 100, ""graphs_skipped"": 0, ""graphs_success"": 100, ""label_source"": null, ""method"": ""triangle_deletion"", ""perturbation_direction"": ""deletion"", ""perturbation_family"": ""triangle"", ""rewires"": 0, ""triangles_affected"": 823}",0.1,0,native_netlsd,paper_faithful,"{""distribution_distance"": ""l2_between_mean_signatures"", ""eigenvalue_count"": ""all"", ""eigenvalue_mode"": ""full_spectrum"", ""heat_signature"": ""heat_trace"", ""implementation_mode"": ""paper_faithful"", ""laplacian_type"": ""normalized"", ""method"": ""native_netlsd"", ""netlsd_normalization"": ""empty"", ""netlsd_time_scale_count"": 250, ""netlsd_time_scale_max"": 100.0, ""netlsd_time_scale_min"": 0.01, ""netlsd_time_scale_schedule"": ""logspace""}",triangle,deletion,,100,12,72,24,435,0.01960291339908059,0.01960291339908059,0.023604254629719712,8.23,8.32960208007111,30.398534542999187,1.5850296020507812,success,
imdb_binary,"{""data_root"": ""data"", ""dataset_name"": ""IMDB-BINARY"", ""edge_probability"": 0.1, ""family"": ""imdb_binary"", ""m"": 2, ""num_blocks"": 3, ""num_graphs"": 100, ""num_nodes"": 50, ""p_in"": 0.25, ""p_out"": 0.03, ""seed"": 0}",triangle_deletion,"{""alpha"": 0.1, ""edges_added"": 0, ""edges_removed"": 823, ""graphs"": 100, ""graphs_skipped"": 0, ""graphs_success"": 100, ""label_source"": null, ""method"": ""triangle_deletion"", ""perturbation_direction"": ""deletion"", ""perturbation_family"": ""triangle"", ""rewires"": 0, ""triangles_affected"": 823}",0.1,0,diversity_curves_shortest_path,paper_faithful,"{""distance_metric"": ""shortest_path"", ""distribution_distance"": ""l2_between_mean_curves"", ""diversity_contraction_mode"": ""random_edge"", ""diversity_curve_definition"": ""shortest_path_spread"", ""diversity_repetitions"": 3, ""diversity_scale_count"": ""dataset_max_nodes"", ""diversity_scale_schedule"": ""all_integer_cardinalities"", ""diversity_upsampling_enabled"": true, ""implementation_mode"": ""paper_faithful"", ""method"": ""diversity_curves_shortest_path"", ""random_seed"": 0}",triangle,deletion,,100,12,72,24,435,1.8779592417592514,1.8779592417592514,2.0241588833109683,8.23,8.32960208007111,649.8919856989996,1.2226524353027344,success,
imdb_binary,"{""data_root"": ""data"", ""dataset_name"": ""IMDB-BINARY"", ""edge_probability"": 0.1, ""family"": ""imdb_binary"", ""m"": 2, ""num_blocks"": 3, ""num_graphs"": 100, ""num_nodes"": 50, ""p_in"": 0.25, ""p_out"": 0.03, ""seed"": 0}",triangle_insertion,"{""alpha"": 0.9, ""edges_added"": 4936, ""edges_removed"": 0, ""graphs"": 100, ""graphs_skipped"": 0, ""graphs_success"": 100, ""label_source"": null, ""method"": ""triangle_insertion"", ""perturbation_direction"": ""insertion"", ""perturbation_family"": ""triangle"", ""rewires"": 0, ""triangles_affected"": 4936}",0.9,0,structural_statistics_mmd,descriptor_baseline,"{""bandwidth"": 10.0, ""feature_count"": 9, ""implementation_mode"": ""descriptor_baseline"", ""kernel"": ""rbf_mmd"", ""method"": ""structural_statistics_mmd""}",triangle,insertion,,100,12,72,26,595,0.09044320126206756,293.0915543072352,294.58229727957837,49.36,49.36043884606848,1.5231173129996023,0.067535400390625,success,
imdb_binary,"{""data_root"": ""data"", ""dataset_name"": ""IMDB-BINARY"", ""edge_probability"": 0.1, ""family"": ""imdb_binary"", ""m"": 2, ""num_blocks"": 3, ""num_graphs"": 100, ""num_nodes"": 50, ""p_in"": 0.25, ""p_out"": 0.03, ""seed"": 0}",triangle_insertion,"{""alpha"": 0.9, ""edges_added"": 4936, ""edges_removed"": 0, ""graphs"": 100, ""graphs_skipped"": 0, ""graphs_success"": 100, ""label_source"": null, ""method"": ""triangle_insertion"", ""perturbation_direction"": ""insertion"", ""perturbation_family"": ""triangle"", ""rewires"": 0, ""triangles_affected"": 4936}",0.9,0,wl_subtree_kernel_mmd,paper_faithful,"{""implementation_mode"": ""paper_faithful"", ""method"": ""wl_subtree_kernel_mmd"", ""wl_compression"": ""shared_canonical_dictionary_per_comparison"", ""wl_feature_construction"": ""subtree_histograms_across_iterations"", ""wl_iterations"": 3, ""wl_kernel_distance_mode"": ""linear_mmd"", ""wl_label_initialization"": ""node_label_or_degree"", ""wl_node_label_key"": ""node_labels""}",triangle,insertion,,100,12,72,26,595,61.3042,7.829699866533838,27.172959463269894,49.36,49.36043884606848,0.3725711389997741,1.700521469116211,success,
imdb_binary,"{""data_root"": ""data"", ""dataset_name"": ""IMDB-BINARY"", ""edge_probability"": 0.1, ""family"": ""imdb_binary"", ""m"": 2, ""num_blocks"": 3, ""num_graphs"": 100, ""num_nodes"": 50, ""p_in"": 0.25, ""p_out"": 0.03, ""seed"": 0}",triangle_insertion,"{""alpha"": 0.9, ""edges_added"": 4936, ""edges_removed"": 0, ""graphs"": 100, ""graphs_skipped"": 0, ""graphs_success"": 100, ""label_source"": null, ""method"": ""triangle_insertion"", ""perturbation_direction"": ""insertion"", ""perturbation_family"": ""triangle"", ""rewires"": 0, ""triangles_affected"": 4936}",0.9,0,native_netlsd,paper_faithful,"{""distribution_distance"": ""l2_between_mean_signatures"", ""eigenvalue_count"": ""all"", ""eigenvalue_mode"": ""full_spectrum"", ""heat_signature"": ""heat_trace"", ""implementation_mode"": ""paper_faithful"", ""laplacian_type"": ""normalized"", ""method"": ""native_netlsd"", ""netlsd_normalization"": ""empty"", ""netlsd_time_scale_count"": 250, ""netlsd_time_scale_max"": 100.0, ""netlsd_time_scale_min"": 0.01, ""netlsd_time_scale_schedule"": ""logspace""}",triangle,insertion,,100,12,72,26,595,0.1896906902424309,0.1896906902424309,0.1907216589512299,49.36,49.36043884606848,27.53446023000106,1.5850296020507812,success,
imdb_binary,"{""data_root"": ""data"", ""dataset_name"": ""IMDB-BINARY"", ""edge_probability"": 0.1, ""family"": ""imdb_binary"", ""m"": 2, ""num_blocks"": 3, ""num_graphs"": 100, ""num_nodes"": 50, ""p_in"": 0.25, ""p_out"": 0.03, ""seed"": 0}",triangle_insertion,"{""alpha"": 0.9, ""edges_added"": 4936, ""edges_removed"": 0, ""graphs"": 100, ""graphs_skipped"": 0, ""graphs_success"": 100, ""label_source"": null, ""method"": ""triangle_insertion"", ""perturbation_direction"": ""insertion"", ""perturbation_family"": ""triangle"", ""rewires"": 0, ""triangles_affected"": 4936}",0.9,0,diversity_curves_shortest_path,paper_faithful,"{""distance_metric"": ""shortest_path"", ""distribution_distance"": ""l2_between_mean_curves"", ""diversity_contraction_mode"": ""random_edge"", ""diversity_curve_definition"": ""shortest_path_spread"", ""diversity_repetitions"": 3, ""diversity_scale_count"": ""dataset_max_nodes"", ""diversity_scale_schedule"": ""all_integer_cardinalities"", ""diversity_upsampling_enabled"": true, ""implementation_mode"": ""paper_faithful"", ""method"": ""diversity_curves_shortest_path"", ""random_seed"": 0}",triangle,insertion,,100,12,72,26,595,6.10579843427573,6.10579843427573,6.125440157222463,49.36,49.36043884606848,749.5539891549997,1.3154497146606445,success,
imdb_binary,"{""data_root"": ""data"", ""dataset_name"": ""IMDB-BINARY"", ""edge_probability"": 0.1, ""family"": ""imdb_binary"", ""m"": 2, ""num_blocks"": 3, ""num_graphs"": 100, ""num_nodes"": 50, ""p_in"": 0.25, ""p_out"": 0.03, ""seed"": 0}",triangle_insertion,"{""alpha"": 0.8, ""edges_added"": 4566, ""edges_removed"": 0, ""graphs"": 100, ""graphs_skipped"": 0, ""graphs_success"": 100, ""label_source"": null, ""method"": ""triangle_insertion"", ""perturbation_direction"": ""insertion"", ""perturbation_family"": ""triangle"", ""rewires"": 0, ""triangles_affected"": 4566}",0.8,0,structural_statistics_mmd,descriptor_baseline,"{""bandwidth"": 10.0, ""feature_count"": 9, ""implementation_mode"": ""descriptor_baseline"", ""kernel"": ""rbf_mmd"", ""method"": ""structural_statistics_mmd""}",triangle,insertion,,100,12,72,26,595,0.07737158019845775,266.0115317277483,267.5731101787141,45.66,45.66043688723415,1.85218301399982,0.067535400390625,success,
imdb_binary,"{""data_root"": ""data"", ""dataset_name"": ""IMDB-BINARY"", ""edge_probability"": 0.1, ""family"": ""imdb_binary"", ""m"": 2, ""num_blocks"": 3, ""num_graphs"": 100, ""num_nodes"": 50, ""p_in"": 0.25, ""p_out"": 0.03, ""seed"": 0}",triangle_insertion,"{""alpha"": 0.8, ""edges_added"": 4566, ""edges_removed"": 0, ""graphs"": 100, ""graphs_skipped"": 0, ""graphs_success"": 100, ""label_source"": null, ""method"": ""triangle_insertion"", ""perturbation_direction"": ""insertion"", ""perturbation_family"": ""triangle"", ""rewires"": 0, ""triangles_affected"": 4566}",0.8,0,wl_subtree_kernel_mmd,paper_faithful,"{""implementation_mode"": ""paper_faithful"", ""method"": ""wl_subtree_kernel_mmd"", ""wl_compression"": ""shared_canonical_dictionary_per_comparison"", ""wl_feature_construction"": ""subtree_histograms_across_iterations"", ""wl_iterations"": 3, ""wl_kernel_distance_mode"": ""linear_mmd"", ""wl_label_initialization"": ""node_label_or_degree"", ""wl_node_label_key"": ""node_labels""}",triangle,insertion,,100,12,72,26,595,51.96360000000001,7.208578223200467,26.25926223585057,45.66,45.66043688723415,0.5174123790002341,1.6283016204833984,success,
imdb_binary,"{""data_root"": ""data"", ""dataset_name"": ""IMDB-BINARY"", ""edge_probability"": 0.1, ""family"": ""imdb_binary"", ""m"": 2, ""num_blocks"": 3, ""num_graphs"": 100, ""num_nodes"": 50, ""p_in"": 0.25, ""p_out"": 0.03, ""seed"": 0}",triangle_insertion,"{""alpha"": 0.8, ""edges_added"": 4566, ""edges_removed"": 0, ""graphs"": 100, ""graphs_skipped"": 0, ""graphs_success"": 100, ""label_source"": null, ""method"": ""triangle_insertion"", ""perturbation_direction"": ""insertion"", ""perturbation_family"": ""triangle"", ""rewires"": 0, ""triangles_affected"": 4566}",0.8,0,native_netlsd,paper_faithful,"{""distribution_distance"": ""l2_between_mean_signatures"", ""eigenvalue_count"": ""all"", ""eigenvalue_mode"": ""full_spectrum"", ""heat_signature"": ""heat_trace"", ""implementation_mode"": ""paper_faithful"", ""laplacian_type"": ""normalized"", ""method"": ""native_netlsd"", ""netlsd_normalization"": ""empty"", ""netlsd_time_scale_count"": 250, ""netlsd_time_scale_max"": 100.0, ""netlsd_time_scale_min"": 0.01, ""netlsd_time_scale_schedule"": ""logspace""}",triangle,insertion,,100,12,72,26,595,0.18575855597967844,0.18575855597967844,0.1868134598105073,45.66,45.66043688723415,26.950613418001012,1.5850296020507812,success,
imdb_binary,"{""data_root"": ""data"", ""dataset_name"": ""IMDB-BINARY"", ""edge_probability"": 0.1, ""family"": ""imdb_binary"", ""m"": 2, ""num_blocks"": 3, ""num_graphs"": 100, ""num_nodes"": 50, ""p_in"": 0.25, ""p_out"": 0.03, ""seed"": 0}",triangle_insertion,"{""alpha"": 0.8, ""edges_added"": 4566, ""edges_removed"": 0, ""graphs"": 100, ""graphs_skipped"": 0, ""graphs_success"": 100, ""label_source"": null, ""method"": ""triangle_insertion"", ""perturbation_direction"": ""insertion"", ""perturbation_family"": ""triangle"", ""rewires"": 0, ""triangles_affected"": 4566}",0.8,0,diversity_curves_shortest_path,paper_faithful,"{""distance_metric"": ""shortest_path"", ""distribution_distance"": ""l2_between_mean_curves"", ""diversity_contraction_mode"": ""random_edge"", ""diversity_curve_definition"": ""shortest_path_spread"", ""diversity_repetitions"": 3, ""diversity_scale_count"": ""dataset_max_nodes"", ""diversity_scale_schedule"": ""all_integer_cardinalities"", ""diversity_upsampling_enabled"": true, ""implementation_mode"": ""paper_faithful"", ""method"": ""diversity_curves_shortest_path"", ""random_seed"": 0}",triangle,insertion,,100,12,72,26,595,5.755112333590919,5.755112333590919,5.77749683253997,45.66,45.66043688723415,759.9856532680005,1.3158082962036133,success,
imdb_binary,"{""data_root"": ""data"", ""dataset_name"": ""IMDB-BINARY"", ""edge_probability"": 0.1, ""family"": ""imdb_binary"", ""m"": 2, ""num_blocks"": 3, ""num_graphs"": 100, ""num_nodes"": 50, ""p_in"": 0.25, ""p_out"": 0.03, ""seed"": 0}",triangle_insertion,"{""alpha"": 1.0, ""edges_added"": 5289, ""edges_removed"": 0, ""graphs"": 100, ""graphs_skipped"": 0, ""graphs_success"": 100, ""label_source"": null, ""method"": ""triangle_insertion"", ""perturbation_direction"": ""insertion"", ""perturbation_family"": ""triangle"", ""rewires"": 0, ""triangles_affected"": 5289}",1.0,0,structural_statistics_mmd,descriptor_baseline,"{""bandwidth"": 10.0, ""feature_count"": 9, ""implementation_mode"": ""descriptor_baseline"", ""kernel"": ""rbf_mmd"", ""method"": ""structural_statistics_mmd""}",triangle,insertion,,100,12,72,26,595,0.09328424346125358,319.44594257851526,320.8335939551861,52.89,52.8904398197779,1.7445254499998555,0.067535400390625,success,
imdb_binary,"{""data_root"": ""data"", ""dataset_name"": ""IMDB-BINARY"", ""edge_probability"": 0.1, ""family"": ""imdb_binary"", ""m"": 2, ""num_blocks"": 3, ""num_graphs"": 100, ""num_nodes"": 50, ""p_in"": 0.25, ""p_out"": 0.03, ""seed"": 0}",triangle_insertion,"{""alpha"": 1.0, ""edges_added"": 5289, ""edges_removed"": 0, ""graphs"": 100, ""graphs_skipped"": 0, ""graphs_success"": 100, ""label_source"": null, ""method"": ""triangle_insertion"", ""perturbation_direction"": ""insertion"", ""perturbation_family"": ""triangle"", ""rewires"": 0, ""triangles_affected"": 5289}",1.0,0,wl_subtree_kernel_mmd,paper_faithful,"{""implementation_mode"": ""paper_faithful"", ""method"": ""wl_subtree_kernel_mmd"", ""wl_compression"": ""shared_canonical_dictionary_per_comparison"", ""wl_feature_construction"": ""subtree_histograms_across_iterations"", ""wl_iterations"": 3, ""wl_kernel_distance_mode"": ""linear_mmd"", ""wl_label_initialization"": ""node_label_or_degree"", ""wl_node_label_key"": ""node_labels""}",triangle,insertion,,100,12,72,26,595,65.07299999999998,8.066783745706834,27.468904213284226,52.89,52.8904398197779,0.4503974300005211,1.7061452865600586,success,
imdb_binary,"{""data_root"": ""data"", ""dataset_name"": ""IMDB-BINARY"", ""edge_probability"": 0.1, ""family"": ""imdb_binary"", ""m"": 2, ""num_blocks"": 3, ""num_graphs"": 100, ""num_nodes"": 50, ""p_in"": 0.25, ""p_out"": 0.03, ""seed"": 0}",triangle_insertion,"{""alpha"": 1.0, ""edges_added"": 5289, ""edges_removed"": 0, ""graphs"": 100, ""graphs_skipped"": 0, ""graphs_success"": 100, ""label_source"": null, ""method"": ""triangle_insertion"", ""perturbation_direction"": ""insertion"", ""perturbation_family"": ""triangle"", ""rewires"": 0, ""triangles_affected"": 5289}",1.0,0,native_netlsd,paper_faithful,"{""distribution_distance"": ""l2_between_mean_signatures"", ""eigenvalue_count"": ""all"", ""eigenvalue_mode"": ""full_spectrum"", ""heat_signature"": ""heat_trace"", ""implementation_mode"": ""paper_faithful"", ""laplacian_type"": ""normalized"", ""method"": ""native_netlsd"", ""netlsd_normalization"": ""empty"", ""netlsd_time_scale_count"": 250, ""netlsd_time_scale_max"": 100.0, ""netlsd_time_scale_min"": 0.01, ""netlsd_time_scale_schedule"": ""logspace""}",triangle,insertion,,100,12,72,26,595,0.192934774142133,0.192934774142133,0.19395412099300605,52.89,52.8904398197779,25.211604915999487,1.5850296020507812,success,
imdb_binary,"{""data_root"": ""data"", ""dataset_name"": ""IMDB-BINARY"", ""edge_probability"": 0.1, ""family"": ""imdb_binary"", ""m"": 2, ""num_blocks"": 3, ""num_graphs"": 100, ""num_nodes"": 50, ""p_in"": 0.25, ""p_out"": 0.03, ""seed"": 0}",triangle_insertion,"{""alpha"": 1.0, ""edges_added"": 5289, ""edges_removed"": 0, ""graphs"": 100, ""graphs_skipped"": 0, ""graphs_success"": 100, ""label_source"": null, ""method"": ""triangle_insertion"", ""perturbation_direction"": ""insertion"", ""perturbation_family"": ""triangle"", ""rewires"": 0, ""triangles_affected"": 5289}",1.0,0,diversity_curves_shortest_path,paper_faithful,"{""distance_metric"": ""shortest_path"", ""distribution_distance"": ""l2_between_mean_curves"", ""diversity_contraction_mode"": ""random_edge"", ""diversity_curve_definition"": ""shortest_path_spread"", ""diversity_repetitions"": 3, ""diversity_scale_count"": ""dataset_max_nodes"", ""diversity_scale_schedule"": ""all_integer_cardinalities"", ""diversity_upsampling_enabled"": true, ""implementation_mode"": ""paper_faithful"", ""method"": ""diversity_curves_shortest_path"", ""random_seed"": 0}",triangle,insertion,,100,12,72,26,595,6.4016618083801395,6.4016618083801395,6.420425267668252,52.89,52.8904398197779,756.2008222969998,1.3184328079223633,success,
imdb_binary,"{""data_root"": ""data"", ""dataset_name"": ""IMDB-BINARY"", ""edge_probability"": 0.1, ""family"": ""imdb_binary"", ""m"": 2, ""num_blocks"": 3, ""num_graphs"": 100, ""num_nodes"": 50, ""p_in"": 0.25, ""p_out"": 0.03, ""seed"": 0}",triangle_deletion,"{""alpha"": 0.2, ""edges_added"": 0, ""edges_removed"": 1702, ""graphs"": 100, ""graphs_skipped"": 0, ""graphs_success"": 100, ""label_source"": null, ""method"": ""triangle_deletion"", ""perturbation_direction"": ""deletion"", ""perturbation_family"": ""triangle"", ""rewires"": 0, ""triangles_affected"": 1702}",0.2,0,structural_statistics_mmd,descriptor_baseline,"{""bandwidth"": 10.0, ""feature_count"": 9, ""implementation_mode"": ""descriptor_baseline"", ""kernel"": ""rbf_mmd"", ""method"": ""structural_statistics_mmd""}",triangle,deletion,,100,12,72,21,435,0.08345463946743299,166.38385095085198,166.95686070569434,17.02,17.192348985099333,1.2911315040000773,0.067535400390625,success,
imdb_binary,"{""data_root"": ""data"", ""dataset_name"": ""IMDB-BINARY"", ""edge_probability"": 0.1, ""family"": ""imdb_binary"", ""m"": 2, ""num_blocks"": 3, ""num_graphs"": 100, ""num_nodes"": 50, ""p_in"": 0.25, ""p_out"": 0.03, ""seed"": 0}",triangle_deletion,"{""alpha"": 0.2, ""edges_added"": 0, ""edges_removed"": 1702, ""graphs"": 100, ""graphs_skipped"": 0, ""graphs_success"": 100, ""label_source"": null, ""method"": ""triangle_deletion"", ""perturbation_direction"": ""deletion"", ""perturbation_family"": ""triangle"", ""rewires"": 0, ""triangles_affected"": 1702}",0.2,0,wl_subtree_kernel_mmd,paper_faithful,"{""implementation_mode"": ""paper_faithful"", ""method"": ""wl_subtree_kernel_mmd"", ""wl_compression"": ""shared_canonical_dictionary_per_comparison"", ""wl_feature_construction"": ""subtree_histograms_across_iterations"", ""wl_iterations"": 3, ""wl_kernel_distance_mode"": ""linear_mmd"", ""wl_label_initialization"": ""node_label_or_degree"", ""wl_node_label_key"": ""node_labels""}",triangle,deletion,,100,12,72,21,435,17.4166,4.173320021278023,24.66280205765465,17.02,17.192348985099333,0.5931772609983454,1.8158864974975586,success,
imdb_binary,"{""data_root"": ""data"", ""dataset_name"": ""IMDB-BINARY"", ""edge_probability"": 0.1, ""family"": ""imdb_binary"", ""m"": 2, ""num_blocks"": 3, ""num_graphs"": 100, ""num_nodes"": 50, ""p_in"": 0.25, ""p_out"": 0.03, ""seed"": 0}",triangle_deletion,"{""alpha"": 0.2, ""edges_added"": 0, ""edges_removed"": 1702, ""graphs"": 100, ""graphs_skipped"": 0, ""graphs_success"": 100, ""label_source"": null, ""method"": ""triangle_deletion"", ""perturbation_direction"": ""deletion"", ""perturbation_family"": ""triangle"", ""rewires"": 0, ""triangles_affected"": 1702}",0.2,0,native_netlsd,paper_faithful,"{""distribution_distance"": ""l2_between_mean_signatures"", ""eigenvalue_count"": ""all"", ""eigenvalue_mode"": ""full_spectrum"", ""heat_signature"": ""heat_trace"", ""implementation_mode"": ""paper_faithful"", ""laplacian_type"": ""normalized"", ""method"": ""native_netlsd"", ""netlsd_normalization"": ""empty"", ""netlsd_time_scale_count"": 250, ""netlsd_time_scale_max"": 100.0, ""netlsd_time_scale_min"": 0.01, ""netlsd_time_scale_schedule"": ""logspace""}",triangle,deletion,,100,12,72,21,435,0.04846385833585175,0.04846385833585175,0.054163051909865256,17.02,17.192348985099333,32.40745050700025,1.5850296020507812,success,
imdb_binary,"{""data_root"": ""data"", ""dataset_name"": ""IMDB-BINARY"", ""edge_probability"": 0.1, ""family"": ""imdb_binary"", ""m"": 2, ""num_blocks"": 3, ""num_graphs"": 100, ""num_nodes"": 50, ""p_in"": 0.25, ""p_out"": 0.03, ""seed"": 0}",triangle_deletion,"{""alpha"": 0.2, ""edges_added"": 0, ""edges_removed"": 1702, ""graphs"": 100, ""graphs_skipped"": 0, ""graphs_success"": 100, ""label_source"": null, ""method"": ""triangle_deletion"", ""perturbation_direction"": ""deletion"", ""perturbation_family"": ""triangle"", ""rewires"": 0, ""triangles_affected"": 1702}",0.2,0,diversity_curves_shortest_path,paper_faithful,"{""distance_metric"": ""shortest_path"", ""distribution_distance"": ""l2_between_mean_curves"", ""diversity_contraction_mode"": ""random_edge"", ""diversity_curve_definition"": ""shortest_path_spread"", ""diversity_repetitions"": 3, ""diversity_scale_count"": ""dataset_max_nodes"", ""diversity_scale_schedule"": ""all_integer_cardinalities"", ""diversity_upsampling_enabled"": true, ""implementation_mode"": ""paper_faithful"", ""method"": ""diversity_curves_shortest_path"", ""random_seed"": 0}",triangle,deletion,,100,12,72,21,435,4.162125914091603,4.162125914091603,4.2422729254614415,17.02,17.192348985099333,651.6835523119989,1.1425132751464844,success,
imdb_binary,"{""data_root"": ""data"", ""dataset_name"": ""IMDB-BINARY"", ""edge_probability"": 0.1, ""family"": ""imdb_binary"", ""m"": 2, ""num_blocks"": 3, ""num_graphs"": 100, ""num_nodes"": 50, ""p_in"": 0.25, ""p_out"": 0.03, ""seed"": 0}",triangle_deletion,"{""alpha"": 0.3, ""edges_added"": 0, ""edges_removed"": 2549, ""graphs"": 100, ""graphs_skipped"": 0, ""graphs_success"": 100, ""label_source"": null, ""method"": ""triangle_deletion"", ""perturbation_direction"": ""deletion"", ""perturbation_family"": ""triangle"", ""rewires"": 0, ""triangles_affected"": 2549}",0.3,0,structural_statistics_mmd,descriptor_baseline,"{""bandwidth"": 10.0, ""feature_count"": 9, ""implementation_mode"": ""descriptor_baseline"", ""kernel"": ""rbf_mmd"", ""method"": ""structural_statistics_mmd""}",triangle,deletion,,100,12,72,19,435,0.1503252742104566,224.33051134857837,225.26939358241,25.49,25.724068635043633,1.2709485609993862,0.067535400390625,success,
imdb_binary,"{""data_root"": ""data"", ""dataset_name"": ""IMDB-BINARY"", ""edge_probability"": 0.1, ""family"": ""imdb_binary"", ""m"": 2, ""num_blocks"": 3, ""num_graphs"": 100, ""num_nodes"": 50, ""p_in"": 0.25, ""p_out"": 0.03, ""seed"": 0}",triangle_deletion,"{""alpha"": 0.3, ""edges_added"": 0, ""edges_removed"": 2549, ""graphs"": 100, ""graphs_skipped"": 0, ""graphs_success"": 100, ""label_source"": null, ""method"": ""triangle_deletion"", ""perturbation_direction"": ""deletion"", ""perturbation_family"": ""triangle"", ""rewires"": 0, ""triangles_affected"": 2549}",0.3,0,wl_subtree_kernel_mmd,paper_faithful,"{""implementation_mode"": ""paper_faithful"", ""method"": ""wl_subtree_kernel_mmd"", ""wl_compression"": ""shared_canonical_dictionary_per_comparison"", ""wl_feature_construction"": ""subtree_histograms_across_iterations"", ""wl_iterations"": 3, ""wl_kernel_distance_mode"": ""linear_mmd"", ""wl_label_initialization"": ""node_label_or_degree"", ""wl_node_label_key"": ""node_labels""}",triangle,deletion,,100,12,72,19,435,23.065599999999996,4.802665926337163,24.899097181812717,25.49,25.724068635043633,0.38230249200023536,1.9217262268066406,success,
imdb_binary,"{""data_root"": ""data"", ""dataset_name"": ""IMDB-BINARY"", ""edge_probability"": 0.1, ""family"": ""imdb_binary"", ""m"": 2, ""num_blocks"": 3, ""num_graphs"": 100, ""num_nodes"": 50, ""p_in"": 0.25, ""p_out"": 0.03, ""seed"": 0}",triangle_deletion,"{""alpha"": 0.3, ""edges_added"": 0, ""edges_removed"": 2549, ""graphs"": 100, ""graphs_skipped"": 0, ""graphs_success"": 100, ""label_source"": null, ""method"": ""triangle_deletion"", ""perturbation_direction"": ""deletion"", ""perturbation_family"": ""triangle"", ""rewires"": 0, ""triangles_affected"": 2549}",0.3,0,native_netlsd,paper_faithful,"{""distribution_distance"": ""l2_between_mean_signatures"", ""eigenvalue_count"": ""all"", ""eigenvalue_mode"": ""full_spectrum"", ""heat_signature"": ""heat_trace"", ""implementation_mode"": ""paper_faithful"", ""laplacian_type"": ""normalized"", ""method"": ""native_netlsd"", ""netlsd_normalization"": ""empty"", ""netlsd_time_scale_count"": 250, ""netlsd_time_scale_max"": 100.0, ""netlsd_time_scale_min"": 0.01, ""netlsd_time_scale_schedule"": ""logspace""}",triangle,deletion,,100,12,72,19,435,0.0863023934905252,0.0863023934905252,0.0930338676194697,25.49,25.724068635043633,33.230314874001124,1.5850296020507812,success,
imdb_binary,"{""data_root"": ""data"", ""dataset_name"": ""IMDB-BINARY"", ""edge_probability"": 0.1, ""family"": ""imdb_binary"", ""m"": 2, ""num_blocks"": 3, ""num_graphs"": 100, ""num_nodes"": 50, ""p_in"": 0.25, ""p_out"": 0.03, ""seed"": 0}",triangle_deletion,"{""alpha"": 0.3, ""edges_added"": 0, ""edges_removed"": 2549, ""graphs"": 100, ""graphs_skipped"": 0, ""graphs_success"": 100, ""label_source"": null, ""method"": ""triangle_deletion"", ""perturbation_direction"": ""deletion"", ""perturbation_family"": ""triangle"", ""rewires"": 0, ""triangles_affected"": 2549}",0.3,0,diversity_curves_shortest_path,paper_faithful,"{""distance_metric"": ""shortest_path"", ""distribution_distance"": ""l2_between_mean_curves"", ""diversity_contraction_mode"": ""random_edge"", ""diversity_curve_definition"": ""shortest_path_spread"", ""diversity_repetitions"": 3, ""diversity_scale_count"": ""dataset_max_nodes"", ""diversity_scale_schedule"": ""all_integer_cardinalities"", ""diversity_upsampling_enabled"": true, ""implementation_mode"": ""paper_faithful"", ""method"": ""diversity_curves_shortest_path"", ""random_seed"": 0}",triangle,deletion,,100,12,72,19,435,7.176579091587535,7.176579091587535,7.246271141325854,25.49,25.724068635043633,623.8416057209997,1.0842247009277344,success,
imdb_binary,"{""data_root"": ""data"", ""dataset_name"": ""IMDB-BINARY"", ""edge_probability"": 0.1, ""family"": ""imdb_binary"", ""m"": 2, ""num_blocks"": 3, ""num_graphs"": 100, ""num_nodes"": 50, ""p_in"": 0.25, ""p_out"": 0.03, ""seed"": 0}",triangle_deletion,"{""alpha"": 1.0, ""edges_added"": 0, ""edges_removed"": 8674, ""graphs"": 100, ""graphs_skipped"": 0, ""graphs_success"": 100, ""label_source"": null, ""method"": ""triangle_deletion"", ""perturbation_direction"": ""deletion"", ""perturbation_family"": ""triangle"", ""rewires"": 0, ""triangles_affected"": 8674}",1.0,0,structural_statistics_mmd,descriptor_baseline,"{""bandwidth"": 10.0, ""feature_count"": 9, ""implementation_mode"": ""descriptor_baseline"", ""kernel"": ""rbf_mmd"", ""method"": ""structural_statistics_mmd""}",triangle,deletion,,100,12,72,0,435,0.7070829254032692,351.1221119825804,357.7264049231858,86.74,87.52293994507599,1.3907653700007359,0.06784820556640625,success,
imdb_binary,"{""data_root"": ""data"", ""dataset_name"": ""IMDB-BINARY"", ""edge_probability"": 0.1, ""family"": ""imdb_binary"", ""m"": 2, ""num_blocks"": 3, ""num_graphs"": 100, ""num_nodes"": 50, ""p_in"": 0.25, ""p_out"": 0.03, ""seed"": 0}",triangle_deletion,"{""alpha"": 1.0, ""edges_added"": 0, ""edges_removed"": 8674, ""graphs"": 100, ""graphs_skipped"": 0, ""graphs_success"": 100, ""label_source"": null, ""method"": ""triangle_deletion"", ""perturbation_direction"": ""deletion"", ""perturbation_family"": ""triangle"", ""rewires"": 0, ""triangles_affected"": 8674}",1.0,0,wl_subtree_kernel_mmd,paper_faithful,"{""implementation_mode"": ""paper_faithful"", ""method"": ""wl_subtree_kernel_mmd"", ""wl_compression"": ""shared_canonical_dictionary_per_comparison"", ""wl_feature_construction"": ""subtree_histograms_across_iterations"", ""wl_iterations"": 3, ""wl_kernel_distance_mode"": ""linear_mmd"", ""wl_label_initialization"": ""node_label_or_degree"", ""wl_node_label_key"": ""node_labels""}",triangle,deletion,,100,12,72,0,435,1437.3860000000004,37.91287380297094,44.38235682394537,86.74,87.52293994507599,0.28774644900113344,0.957758903503418,success,
imdb_binary,"{""data_root"": ""data"", ""dataset_name"": ""IMDB-BINARY"", ""edge_probability"": 0.1, ""family"": ""imdb_binary"", ""m"": 2, ""num_blocks"": 3, ""num_graphs"": 100, ""num_nodes"": 50, ""p_in"": 0.25, ""p_out"": 0.03, ""seed"": 0}",triangle_deletion,"{""alpha"": 1.0, ""edges_added"": 0, ""edges_removed"": 8674, ""graphs"": 100, ""graphs_skipped"": 0, ""graphs_success"": 100, ""label_source"": null, ""method"": ""triangle_deletion"", ""perturbation_direction"": ""deletion"", ""perturbation_family"": ""triangle"", ""rewires"": 0, ""triangles_affected"": 8674}",1.0,0,native_netlsd,paper_faithful,"{""distribution_distance"": ""l2_between_mean_signatures"", ""eigenvalue_count"": ""all"", ""eigenvalue_mode"": ""full_spectrum"", ""heat_signature"": ""heat_trace"", ""implementation_mode"": ""paper_faithful"", ""laplacian_type"": ""normalized"", ""method"": ""native_netlsd"", ""netlsd_normalization"": ""empty"", ""netlsd_time_scale_count"": 250, ""netlsd_time_scale_max"": 100.0, ""netlsd_time_scale_min"": 0.01, ""netlsd_time_scale_schedule"": ""logspace""}",triangle,deletion,,100,12,72,0,435,10.297233781000031,10.297233781000031,10.297718886388747,86.74,87.52293994507599,8.802600393999455,1.5850296020507812,success,
imdb_binary,"{""data_root"": ""data"", ""dataset_name"": ""IMDB-BINARY"", ""edge_probability"": 0.1, ""family"": ""imdb_binary"", ""m"": 2, ""num_blocks"": 3, ""num_graphs"": 100, ""num_nodes"": 50, ""p_in"": 0.25, ""p_out"": 0.03, ""seed"": 0}",triangle_deletion,"{""alpha"": 1.0, ""edges_added"": 0, ""edges_removed"": 8674, ""graphs"": 100, ""graphs_skipped"": 0, ""graphs_success"": 100, ""label_source"": null, ""method"": ""triangle_deletion"", ""perturbation_direction"": ""deletion"", ""perturbation_family"": ""triangle"", ""rewires"": 0, ""triangles_affected"": 8674}",1.0,0,diversity_curves_shortest_path,paper_faithful,"{""distance_metric"": ""shortest_path"", ""distribution_distance"": ""l2_between_mean_curves"", ""diversity_contraction_mode"": ""random_edge"", ""diversity_curve_definition"": ""shortest_path_spread"", ""diversity_repetitions"": 3, ""diversity_scale_count"": ""dataset_max_nodes"", ""diversity_scale_schedule"": ""all_integer_cardinalities"", ""diversity_upsampling_enabled"": true, ""implementation_mode"": ""paper_faithful"", ""method"": ""diversity_curves_shortest_path"", ""random_seed"": 0}",triangle,deletion,,100,12,72,0,435,165.06979424886694,165.06979424886694,165.3513201886617,86.74,87.52293994507599,385.93741226300153,1.0442085266113281,success,
imdb_binary,"{""data_root"": ""data"", ""dataset_name"": ""IMDB-BINARY"", ""edge_probability"": 0.1, ""family"": ""imdb_binary"", ""m"": 2, ""num_blocks"": 3, ""num_graphs"": 100, ""num_nodes"": 50, ""p_in"": 0.25, ""p_out"": 0.03, ""seed"": 0}",triangle_deletion,"{""alpha"": 0.9, ""edges_added"": 0, ""edges_removed"": 7760, ""graphs"": 100, ""graphs_skipped"": 0, ""graphs_success"": 100, ""label_source"": null, ""method"": ""triangle_deletion"", ""perturbation_direction"": ""deletion"", ""perturbation_family"": ""triangle"", ""rewires"": 0, ""triangles_affected"": 7760}",0.9,0,structural_statistics_mmd,descriptor_baseline,"{""bandwidth"": 10.0, ""feature_count"": 9, ""implementation_mode"": ""descriptor_baseline"", ""kernel"": ""rbf_mmd"", ""method"": ""structural_statistics_mmd""}",triangle,deletion,,100,12,72,3,435,0.6642290871681622,348.2339563302443,353.4764565237719,77.6,78.3043783901368,1.2997382300000027,0.06841278076171875,success,
imdb_binary,"{""data_root"": ""data"", ""dataset_name"": ""IMDB-BINARY"", ""edge_probability"": 0.1, ""family"": ""imdb_binary"", ""m"": 2, ""num_blocks"": 3, ""num_graphs"": 100, ""num_nodes"": 50, ""p_in"": 0.25, ""p_out"": 0.03, ""seed"": 0}",triangle_deletion,"{""alpha"": 0.9, ""edges_added"": 0, ""edges_removed"": 7760, ""graphs"": 100, ""graphs_skipped"": 0, ""graphs_success"": 100, ""label_source"": null, ""method"": ""triangle_deletion"", ""perturbation_direction"": ""deletion"", ""perturbation_family"": ""triangle"", ""rewires"": 0, ""triangles_affected"": 7760}",0.9,0,wl_subtree_kernel_mmd,paper_faithful,"{""implementation_mode"": ""paper_faithful"", ""method"": ""wl_subtree_kernel_mmd"", ""wl_compression"": ""shared_canonical_dictionary_per_comparison"", ""wl_feature_construction"": ""subtree_histograms_across_iterations"", ""wl_iterations"": 3, ""wl_kernel_distance_mode"": ""linear_mmd"", ""wl_label_initialization"": ""node_label_or_degree"", ""wl_node_label_key"": ""node_labels""}",triangle,deletion,,100,12,72,3,435,356.7902,18.888890915032572,31.319071942379956,77.6,78.3043783901368,0.2896794909993332,1.2712888717651367,success,
imdb_binary,"{""data_root"": ""data"", ""dataset_name"": ""IMDB-BINARY"", ""edge_probability"": 0.1, ""family"": ""imdb_binary"", ""m"": 2, ""num_blocks"": 3, ""num_graphs"": 100, ""num_nodes"": 50, ""p_in"": 0.25, ""p_out"": 0.03, ""seed"": 0}",triangle_deletion,"{""alpha"": 0.9, ""edges_added"": 0, ""edges_removed"": 7760, ""graphs"": 100, ""graphs_skipped"": 0, ""graphs_success"": 100, ""label_source"": null, ""method"": ""triangle_deletion"", ""perturbation_direction"": ""deletion"", ""perturbation_family"": ""triangle"", ""rewires"": 0, ""triangles_affected"": 7760}",0.9,0,native_netlsd,paper_faithful,"{""distribution_distance"": ""l2_between_mean_signatures"", ""eigenvalue_count"": ""all"", ""eigenvalue_mode"": ""full_spectrum"", ""heat_signature"": ""heat_trace"", ""implementation_mode"": ""paper_faithful"", ""laplacian_type"": ""normalized"", ""method"": ""native_netlsd"", ""netlsd_normalization"": ""empty"", ""netlsd_time_scale_count"": 250, ""netlsd_time_scale_max"": 100.0, ""netlsd_time_scale_min"": 0.01, ""netlsd_time_scale_schedule"": ""logspace""}",triangle,deletion,,100,12,72,3,435,5.564856787225221,5.564856787225221,5.571761503168277,77.6,78.3043783901368,14.066433451000194,1.5850296020507812,success,
imdb_binary,"{""data_root"": ""data"", ""dataset_name"": ""IMDB-BINARY"", ""edge_probability"": 0.1, ""family"": ""imdb_binary"", ""m"": 2, ""num_blocks"": 3, ""num_graphs"": 100, ""num_nodes"": 50, ""p_in"": 0.25, ""p_out"": 0.03, ""seed"": 0}",triangle_deletion,"{""alpha"": 0.9, ""edges_added"": 0, ""edges_removed"": 7760, ""graphs"": 100, ""graphs_skipped"": 0, ""graphs_success"": 100, ""label_source"": null, ""method"": ""triangle_deletion"", ""perturbation_direction"": ""deletion"", ""perturbation_family"": ""triangle"", ""rewires"": 0, ""triangles_affected"": 7760}",0.9,0,diversity_curves_shortest_path,paper_faithful,"{""distance_metric"": ""shortest_path"", ""distribution_distance"": ""l2_between_mean_curves"", ""diversity_contraction_mode"": ""random_edge"", ""diversity_curve_definition"": ""shortest_path_spread"", ""diversity_repetitions"": 3, ""diversity_scale_count"": ""dataset_max_nodes"", ""diversity_scale_schedule"": ""all_integer_cardinalities"", ""diversity_upsampling_enabled"": true, ""implementation_mode"": ""paper_faithful"", ""method"": ""diversity_curves_shortest_path"", ""random_seed"": 0}",triangle,deletion,,100,12,72,3,435,108.72085337993343,108.72085337993343,108.88935166283517,77.6,78.3043783901368,410.08223027500026,1.0330848693847656,success,
imdb_binary,"{""data_root"": ""data"", ""dataset_name"": ""IMDB-BINARY"", ""edge_probability"": 0.1, ""family"": ""imdb_binary"", ""m"": 2, ""num_blocks"": 3, ""num_graphs"": 100, ""num_nodes"": 50, ""p_in"": 0.25, ""p_out"": 0.03, ""seed"": 0}",triangle_deletion,"{""alpha"": 1.0, ""edges_added"": 0, ""edges_removed"": 8674, ""graphs"": 100, ""graphs_skipped"": 0, ""graphs_success"": 100, ""label_source"": null, ""method"": ""triangle_deletion"", ""perturbation_direction"": ""deletion"", ""perturbation_family"": ""triangle"", ""rewires"": 0, ""triangles_affected"": 8674}",1.0,0,structural_statistics_mmd,descriptor_baseline,"{""bandwidth"": 10.0, ""feature_count"": 9, ""implementation_mode"": ""descriptor_baseline"", ""kernel"": ""rbf_mmd"", ""method"": ""structural_statistics_mmd""}",triangle,deletion,,100,12,72,0,435,0.7070829254032692,351.1221119825804,357.7264049231858,86.74,87.52293994507599,0.9239975460004644,0.06784820556640625,success,
imdb_binary,"{""data_root"": ""data"", ""dataset_name"": ""IMDB-BINARY"", ""edge_probability"": 0.1, ""family"": ""imdb_binary"", ""m"": 2, ""num_blocks"": 3, ""num_graphs"": 100, ""num_nodes"": 50, ""p_in"": 0.25, ""p_out"": 0.03, ""seed"": 0}",triangle_deletion,"{""alpha"": 1.0, ""edges_added"": 0, ""edges_removed"": 8674, ""graphs"": 100, ""graphs_skipped"": 0, ""graphs_success"": 100, ""label_source"": null, ""method"": ""triangle_deletion"", ""perturbation_direction"": ""deletion"", ""perturbation_family"": ""triangle"", ""rewires"": 0, ""triangles_affected"": 8674}",1.0,0,wl_subtree_kernel_mmd,paper_faithful,"{""implementation_mode"": ""paper_faithful"", ""method"": ""wl_subtree_kernel_mmd"", ""wl_compression"": ""shared_canonical_dictionary_per_comparison"", ""wl_feature_construction"": ""subtree_histograms_across_iterations"", ""wl_iterations"": 3, ""wl_kernel_distance_mode"": ""linear_mmd"", ""wl_label_initialization"": ""node_label_or_degree"", ""wl_node_label_key"": ""node_labels""}",triangle,deletion,,100,12,72,0,435,1437.3860000000004,37.91287380297094,44.38235682394537,86.74,87.52293994507599,0.21073846299987053,0.957758903503418,success,
imdb_binary,"{""data_root"": ""data"", ""dataset_name"": ""IMDB-BINARY"", ""edge_probability"": 0.1, ""family"": ""imdb_binary"", ""m"": 2, ""num_blocks"": 3, ""num_graphs"": 100, ""num_nodes"": 50, ""p_in"": 0.25, ""p_out"": 0.03, ""seed"": 0}",triangle_deletion,"{""alpha"": 1.0, ""edges_added"": 0, ""edges_removed"": 8674, ""graphs"": 100, ""graphs_skipped"": 0, ""graphs_success"": 100, ""label_source"": null, ""method"": ""triangle_deletion"", ""perturbation_direction"": ""deletion"", ""perturbation_family"": ""triangle"", ""rewires"": 0, ""triangles_affected"": 8674}",1.0,0,native_netlsd,paper_faithful,"{""distribution_distance"": ""l2_between_mean_signatures"", ""eigenvalue_count"": ""all"", ""eigenvalue_mode"": ""full_spectrum"", ""heat_signature"": ""heat_trace"", ""implementation_mode"": ""paper_faithful"", ""laplacian_type"": ""normalized"", ""method"": ""native_netlsd"", ""netlsd_normalization"": ""empty"", ""netlsd_time_scale_count"": 250, ""netlsd_time_scale_max"": 100.0, ""netlsd_time_scale_min"": 0.01, ""netlsd_time_scale_schedule"": ""logspace""}",triangle,deletion,,100,12,72,0,435,10.297233781000031,10.297233781000031,10.297718886388747,86.74,87.52293994507599,8.011789176998718,1.5850296020507812,success,
imdb_binary,"{""data_root"": ""data"", ""dataset_name"": ""IMDB-BINARY"", ""edge_probability"": 0.1, ""family"": ""imdb_binary"", ""m"": 2, ""num_blocks"": 3, ""num_graphs"": 100, ""num_nodes"": 50, ""p_in"": 0.25, ""p_out"": 0.03, ""seed"": 0}",triangle_deletion,"{""alpha"": 1.0, ""edges_added"": 0, ""edges_removed"": 8674, ""graphs"": 100, ""graphs_skipped"": 0, ""graphs_success"": 100, ""label_source"": null, ""method"": ""triangle_deletion"", ""perturbation_direction"": ""deletion"", ""perturbation_family"": ""triangle"", ""rewires"": 0, ""triangles_affected"": 8674}",1.0,0,diversity_curves_shortest_path,paper_faithful,"{""distance_metric"": ""shortest_path"", ""distribution_distance"": ""l2_between_mean_curves"", ""diversity_contraction_mode"": ""random_edge"", ""diversity_curve_definition"": ""shortest_path_spread"", ""diversity_repetitions"": 3, ""diversity_scale_count"": ""dataset_max_nodes"", ""diversity_scale_schedule"": ""all_integer_cardinalities"", ""diversity_upsampling_enabled"": true, ""implementation_mode"": ""paper_faithful"", ""method"": ""diversity_curves_shortest_path"", ""random_seed"": 0}",triangle,deletion,,100,12,72,0,435,165.06979424886694,165.06979424886694,165.3513201886617,86.74,87.52293994507599,366.00228188500114,1.0442085266113281,success,
imdb_binary,"{""data_root"": ""data"", ""dataset_name"": ""IMDB-BINARY"", ""edge_probability"": 0.1, ""family"": ""imdb_binary"", ""m"": 2, ""num_blocks"": 3, ""num_graphs"": 100, ""num_nodes"": 50, ""p_in"": 0.25, ""p_out"": 0.03, ""seed"": 0}",triangle_deletion,"{""alpha"": 0.9, ""edges_added"": 0, ""edges_removed"": 7760, ""graphs"": 100, ""graphs_skipped"": 0, ""graphs_success"": 100, ""label_source"": null, ""method"": ""triangle_deletion"", ""perturbation_direction"": ""deletion"", ""perturbation_family"": ""triangle"", ""rewires"": 0, ""triangles_affected"": 7760}",0.9,0,structural_statistics_mmd,descriptor_baseline,"{""bandwidth"": 10.0, ""feature_count"": 9, ""implementation_mode"": ""descriptor_baseline"", ""kernel"": ""rbf_mmd"", ""method"": ""structural_statistics_mmd""}",triangle,deletion,,100,12,72,3,435,0.6642290871681622,348.2339563302443,353.4764565237719,77.6,78.3043783901368,1.2105606160002935,0.06841278076171875,success,
imdb_binary,"{""data_root"": ""data"", ""dataset_name"": ""IMDB-BINARY"", ""edge_probability"": 0.1, ""family"": ""imdb_binary"", ""m"": 2, ""num_blocks"": 3, ""num_graphs"": 100, ""num_nodes"": 50, ""p_in"": 0.25, ""p_out"": 0.03, ""seed"": 0}",triangle_deletion,"{""alpha"": 0.9, ""edges_added"": 0, ""edges_removed"": 7760, ""graphs"": 100, ""graphs_skipped"": 0, ""graphs_success"": 100, ""label_source"": null, ""method"": ""triangle_deletion"", ""perturbation_direction"": ""deletion"", ""perturbation_family"": ""triangle"", ""rewires"": 0, ""triangles_affected"": 7760}",0.9,0,wl_subtree_kernel_mmd,paper_faithful,"{""implementation_mode"": ""paper_faithful"", ""method"": ""wl_subtree_kernel_mmd"", ""wl_compression"": ""shared_canonical_dictionary_per_comparison"", ""wl_feature_construction"": ""subtree_histograms_across_iterations"", ""wl_iterations"": 3, ""wl_kernel_distance_mode"": ""linear_mmd"", ""wl_label_initialization"": ""node_label_or_degree"", ""wl_node_label_key"": ""node_labels""}",triangle,deletion,,100,12,72,3,435,356.7902,18.888890915032572,31.319071942379956,77.6,78.3043783901368,0.33759132199884334,1.2495527267456055,success,
imdb_binary,"{""data_root"": ""data"", ""dataset_name"": ""IMDB-BINARY"", ""edge_probability"": 0.1, ""family"": ""imdb_binary"", ""m"": 2, ""num_blocks"": 3, ""num_graphs"": 100, ""num_nodes"": 50, ""p_in"": 0.25, ""p_out"": 0.03, ""seed"": 0}",triangle_deletion,"{""alpha"": 0.9, ""edges_added"": 0, ""edges_removed"": 7760, ""graphs"": 100, ""graphs_skipped"": 0, ""graphs_success"": 100, ""label_source"": null, ""method"": ""triangle_deletion"", ""perturbation_direction"": ""deletion"", ""perturbation_family"": ""triangle"", ""rewires"": 0, ""triangles_affected"": 7760}",0.9,0,native_netlsd,paper_faithful,"{""distribution_distance"": ""l2_between_mean_signatures"", ""eigenvalue_count"": ""all"", ""eigenvalue_mode"": ""full_spectrum"", ""heat_signature"": ""heat_trace"", ""implementation_mode"": ""paper_faithful"", ""laplacian_type"": ""normalized"", ""method"": ""native_netlsd"", ""netlsd_normalization"": ""empty"", ""netlsd_time_scale_count"": 250, ""netlsd_time_scale_max"": 100.0, ""netlsd_time_scale_min"": 0.01, ""netlsd_time_scale_schedule"": ""logspace""}",triangle,deletion,,100,12,72,3,435,5.564856787225221,5.564856787225221,5.571761503168277,77.6,78.3043783901368,14.395906969999487,1.5850296020507812,success,
imdb_binary,"{""data_root"": ""data"", ""dataset_name"": ""IMDB-BINARY"", ""edge_probability"": 0.1, ""family"": ""imdb_binary"", ""m"": 2, ""num_blocks"": 3, ""num_graphs"": 100, ""num_nodes"": 50, ""p_in"": 0.25, ""p_out"": 0.03, ""seed"": 0}",triangle_deletion,"{""alpha"": 0.9, ""edges_added"": 0, ""edges_removed"": 7760, ""graphs"": 100, ""graphs_skipped"": 0, ""graphs_success"": 100, ""label_source"": null, ""method"": ""triangle_deletion"", ""perturbation_direction"": ""deletion"", ""perturbation_family"": ""triangle"", ""rewires"": 0, ""triangles_affected"": 7760}",0.9,0,diversity_curves_shortest_path,paper_faithful,"{""distance_metric"": ""shortest_path"", ""distribution_distance"": ""l2_between_mean_curves"", ""diversity_contraction_mode"": ""random_edge"", ""diversity_curve_definition"": ""shortest_path_spread"", ""diversity_repetitions"": 3, ""diversity_scale_count"": ""dataset_max_nodes"", ""diversity_scale_schedule"": ""all_integer_cardinalities"", ""diversity_upsampling_enabled"": true, ""implementation_mode"": ""paper_faithful"", ""method"": ""diversity_curves_shortest_path"", ""random_seed"": 0}",triangle,deletion,,100,12,72,3,435,108.72085337993343,108.72085337993343,108.88935166283517,77.6,78.3043783901368,400.65875050499926,1.0330848693847656,success,
imdb_binary,"{""data_root"": ""data"", ""dataset_name"": ""IMDB-BINARY"", ""edge_probability"": 0.1, ""family"": ""imdb_binary"", ""m"": 2, ""num_blocks"": 3, ""num_graphs"": 100, ""num_nodes"": 50, ""p_in"": 0.25, ""p_out"": 0.03, ""seed"": 0}",triangle_deletion,"{""alpha"": 0.3, ""edges_added"": 0, ""edges_removed"": 2549, ""graphs"": 100, ""graphs_skipped"": 0, ""graphs_success"": 100, ""label_source"": null, ""method"": ""triangle_deletion"", ""perturbation_direction"": ""deletion"", ""perturbation_family"": ""triangle"", ""rewires"": 0, ""triangles_affected"": 2549}",0.3,0,structural_statistics_mmd,descriptor_baseline,"{""bandwidth"": 10.0, ""feature_count"": 9, ""implementation_mode"": ""descriptor_baseline"", ""kernel"": ""rbf_mmd"", ""method"": ""structural_statistics_mmd""}",triangle,deletion,,100,12,72,19,435,0.1503252742104566,224.33051134857837,225.26939358241,25.49,25.724068635043633,1.6234261890003836,0.067535400390625,success,
imdb_binary,"{""data_root"": ""data"", ""dataset_name"": ""IMDB-BINARY"", ""edge_probability"": 0.1, ""family"": ""imdb_binary"", ""m"": 2, ""num_blocks"": 3, ""num_graphs"": 100, ""num_nodes"": 50, ""p_in"": 0.25, ""p_out"": 0.03, ""seed"": 0}",triangle_deletion,"{""alpha"": 0.3, ""edges_added"": 0, ""edges_removed"": 2549, ""graphs"": 100, ""graphs_skipped"": 0, ""graphs_success"": 100, ""label_source"": null, ""method"": ""triangle_deletion"", ""perturbation_direction"": ""deletion"", ""perturbation_family"": ""triangle"", ""rewires"": 0, ""triangles_affected"": 2549}",0.3,0,wl_subtree_kernel_mmd,paper_faithful,"{""implementation_mode"": ""paper_faithful"", ""method"": ""wl_subtree_kernel_mmd"", ""wl_compression"": ""shared_canonical_dictionary_per_comparison"", ""wl_feature_construction"": ""subtree_histograms_across_iterations"", ""wl_iterations"": 3, ""wl_kernel_distance_mode"": ""linear_mmd"", ""wl_label_initialization"": ""node_label_or_degree"", ""wl_node_label_key"": ""node_labels""}",triangle,deletion,,100,12,72,19,435,23.065599999999996,4.802665926337163,24.899097181812717,25.49,25.724068635043633,0.4568169099984516,1.9217262268066406,success,
imdb_binary,"{""data_root"": ""data"", ""dataset_name"": ""IMDB-BINARY"", ""edge_probability"": 0.1, ""family"": ""imdb_binary"", ""m"": 2, ""num_blocks"": 3, ""num_graphs"": 100, ""num_nodes"": 50, ""p_in"": 0.25, ""p_out"": 0.03, ""seed"": 0}",triangle_deletion,"{""alpha"": 0.3, ""edges_added"": 0, ""edges_removed"": 2549, ""graphs"": 100, ""graphs_skipped"": 0, ""graphs_success"": 100, ""label_source"": null, ""method"": ""triangle_deletion"", ""perturbation_direction"": ""deletion"", ""perturbation_family"": ""triangle"", ""rewires"": 0, ""triangles_affected"": 2549}",0.3,0,native_netlsd,paper_faithful,"{""distribution_distance"": ""l2_between_mean_signatures"", ""eigenvalue_count"": ""all"", ""eigenvalue_mode"": ""full_spectrum"", ""heat_signature"": ""heat_trace"", ""implementation_mode"": ""paper_faithful"", ""laplacian_type"": ""normalized"", ""method"": ""native_netlsd"", ""netlsd_normalization"": ""empty"", ""netlsd_time_scale_count"": 250, ""netlsd_time_scale_max"": 100.0, ""netlsd_time_scale_min"": 0.01, ""netlsd_time_scale_schedule"": ""logspace""}",triangle,deletion,,100,12,72,19,435,0.0863023934905252,0.0863023934905252,0.0930338676194697,25.49,25.724068635043633,35.10855673699916,1.5850296020507812,success,
imdb_binary,"{""data_root"": ""data"", ""dataset_name"": ""IMDB-BINARY"", ""edge_probability"": 0.1, ""family"": ""imdb_binary"", ""m"": 2, ""num_blocks"": 3, ""num_graphs"": 100, ""num_nodes"": 50, ""p_in"": 0.25, ""p_out"": 0.03, ""seed"": 0}",triangle_deletion,"{""alpha"": 0.3, ""edges_added"": 0, ""edges_removed"": 2549, ""graphs"": 100, ""graphs_skipped"": 0, ""graphs_success"": 100, ""label_source"": null, ""method"": ""triangle_deletion"", ""perturbation_direction"": ""deletion"", ""perturbation_family"": ""triangle"", ""rewires"": 0, ""triangles_affected"": 2549}",0.3,0,diversity_curves_shortest_path,paper_faithful,"{""distance_metric"": ""shortest_path"", ""distribution_distance"": ""l2_between_mean_curves"", ""diversity_contraction_mode"": ""random_edge"", ""diversity_curve_definition"": ""shortest_path_spread"", ""diversity_repetitions"": 3, ""diversity_scale_count"": ""dataset_max_nodes"", ""diversity_scale_schedule"": ""all_integer_cardinalities"", ""diversity_upsampling_enabled"": true, ""implementation_mode"": ""paper_faithful"", ""method"": ""diversity_curves_shortest_path"", ""random_seed"": 0}",triangle,deletion,,100,12,72,19,435,7.176579091587535,7.176579091587535,7.246271141325854,25.49,25.724068635043633,629.2403670570002,1.0842247009277344,success,
imdb_binary,"{""data_root"": ""data"", ""dataset_name"": ""IMDB-BINARY"", ""edge_probability"": 0.1, ""family"": ""imdb_binary"", ""m"": 2, ""num_blocks"": 3, ""num_graphs"": 100, ""num_nodes"": 50, ""p_in"": 0.25, ""p_out"": 0.03, ""seed"": 0}",triangle_deletion,"{""alpha"": 0.4, ""edges_added"": 0, ""edges_removed"": 3436, ""graphs"": 100, ""graphs_skipped"": 0, ""graphs_success"": 100, ""label_source"": null, ""method"": ""triangle_deletion"", ""perturbation_direction"": ""deletion"", ""perturbation_family"": ""triangle"", ""rewires"": 0, ""triangles_affected"": 3436}",0.4,0,structural_statistics_mmd,descriptor_baseline,"{""bandwidth"": 10.0, ""feature_count"": 9, ""implementation_mode"": ""descriptor_baseline"", ""kernel"": ""rbf_mmd"", ""method"": ""structural_statistics_mmd""}",triangle,deletion,,100,12,72,16,435,0.25328408310328593,269.1790443855234,270.57141024705635,34.36,34.688262656718145,1.3817742169994744,0.06751251220703125,success,
imdb_binary,"{""data_root"": ""data"", ""dataset_name"": ""IMDB-BINARY"", ""edge_probability"": 0.1, ""family"": ""imdb_binary"", ""m"": 2, ""num_blocks"": 3, ""num_graphs"": 100, ""num_nodes"": 50, ""p_in"": 0.25, ""p_out"": 0.03, ""seed"": 0}",triangle_deletion,"{""alpha"": 0.4, ""edges_added"": 0, ""edges_removed"": 3436, ""graphs"": 100, ""graphs_skipped"": 0, ""graphs_success"": 100, ""label_source"": null, ""method"": ""triangle_deletion"", ""perturbation_direction"": ""deletion"", ""perturbation_family"": ""triangle"", ""rewires"": 0, ""triangles_affected"": 3436}",0.4,0,wl_subtree_kernel_mmd,paper_faithful,"{""implementation_mode"": ""paper_faithful"", ""method"": ""wl_subtree_kernel_mmd"", ""wl_compression"": ""shared_canonical_dictionary_per_comparison"", ""wl_feature_construction"": ""subtree_histograms_across_iterations"", ""wl_iterations"": 3, ""wl_kernel_distance_mode"": ""linear_mmd"", ""wl_label_initialization"": ""node_label_or_degree"", ""wl_node_label_key"": ""node_labels""}",triangle,deletion,,100,12,72,16,435,32.6172,5.711146995131538,25.219547801621133,34.36,34.688262656718145,0.5578770249994704,1.9712457656860352,success,
imdb_binary,"{""data_root"": ""data"", ""dataset_name"": ""IMDB-BINARY"", ""edge_probability"": 0.1, ""family"": ""imdb_binary"", ""m"": 2, ""num_blocks"": 3, ""num_graphs"": 100, ""num_nodes"": 50, ""p_in"": 0.25, ""p_out"": 0.03, ""seed"": 0}",triangle_deletion,"{""alpha"": 0.4, ""edges_added"": 0, ""edges_removed"": 3436, ""graphs"": 100, ""graphs_skipped"": 0, ""graphs_success"": 100, ""label_source"": null, ""method"": ""triangle_deletion"", ""perturbation_direction"": ""deletion"", ""perturbation_family"": ""triangle"", ""rewires"": 0, ""triangles_affected"": 3436}",0.4,0,native_netlsd,paper_faithful,"{""distribution_distance"": ""l2_between_mean_signatures"", ""eigenvalue_count"": ""all"", ""eigenvalue_mode"": ""full_spectrum"", ""heat_signature"": ""heat_trace"", ""implementation_mode"": ""paper_faithful"", ""laplacian_type"": ""normalized"", ""method"": ""native_netlsd"", ""netlsd_normalization"": ""empty"", ""netlsd_time_scale_count"": 250, ""netlsd_time_scale_max"": 100.0, ""netlsd_time_scale_min"": 0.01, ""netlsd_time_scale_schedule"": ""logspace""}",triangle,deletion,,100,12,72,16,435,0.17207786196569347,0.17207786196569347,0.1865756910315547,34.36,34.688262656718145,34.59132018799937,1.5850296020507812,success,
imdb_binary,"{""data_root"": ""data"", ""dataset_name"": ""IMDB-BINARY"", ""edge_probability"": 0.1, ""family"": ""imdb_binary"", ""m"": 2, ""num_blocks"": 3, ""num_graphs"": 100, ""num_nodes"": 50, ""p_in"": 0.25, ""p_out"": 0.03, ""seed"": 0}",triangle_deletion,"{""alpha"": 0.4, ""edges_added"": 0, ""edges_removed"": 3436, ""graphs"": 100, ""graphs_skipped"": 0, ""graphs_success"": 100, ""label_source"": null, ""method"": ""triangle_deletion"", ""perturbation_direction"": ""deletion"", ""perturbation_family"": ""triangle"", ""rewires"": 0, ""triangles_affected"": 3436}",0.4,0,diversity_curves_shortest_path,paper_faithful,"{""distance_metric"": ""shortest_path"", ""distribution_distance"": ""l2_between_mean_curves"", ""diversity_contraction_mode"": ""random_edge"", ""diversity_curve_definition"": ""shortest_path_spread"", ""diversity_repetitions"": 3, ""diversity_scale_count"": ""dataset_max_nodes"", ""diversity_scale_schedule"": ""all_integer_cardinalities"", ""diversity_upsampling_enabled"": true, ""implementation_mode"": ""paper_faithful"", ""method"": ""diversity_curves_shortest_path"", ""random_seed"": 0}",triangle,deletion,,100,12,72,16,435,11.452768422897478,11.452768422897478,11.538385617495491,34.36,34.688262656718145,633.4732868869996,1.0785560607910156,success,
