dataset,dataset_params,perturbation,perturbation_params,alpha,seed,workflow,distribution_score,mean_shift_score,paired_score,runtime_seconds,memory_mb,status,error_message
erdos_renyi,"{""edge_probability"": 0.12, ""family"": ""erdos_renyi"", ""m"": 2, ""num_blocks"": 3, ""num_graphs"": 100, ""num_nodes"": 50, ""p_in"": 0.25, ""p_out"": 0.03, ""seed"": 0}",edge_addition_deletion,"{""alpha"": 0.0, ""edges_added"": 0, ""edges_removed"": 0, ""graphs"": 100, ""graphs_skipped"": 0, ""graphs_success"": 100, ""method"": ""edge_addition_deletion"", ""rewires"": 0, ""triangles_affected"": 0}",0.0,0,structural_statistics_mmd,0.0,0.0,0.0,1.8926378629985265,0.07373046875,success,
erdos_renyi,"{""edge_probability"": 0.12, ""family"": ""erdos_renyi"", ""m"": 2, ""num_blocks"": 3, ""num_graphs"": 100, ""num_nodes"": 50, ""p_in"": 0.25, ""p_out"": 0.03, ""seed"": 0}",edge_addition_deletion,"{""alpha"": 0.0, ""edges_added"": 0, ""edges_removed"": 0, ""graphs"": 100, ""graphs_skipped"": 0, ""graphs_success"": 100, ""method"": ""edge_addition_deletion"", ""rewires"": 0, ""triangles_affected"": 0}",0.0,0,wl_subtree_kernel_mmd,0.0,0.0,0.0,0.23287316100322641,21.846332550048828,success,
erdos_renyi,"{""edge_probability"": 0.12, ""family"": ""erdos_renyi"", ""m"": 2, ""num_blocks"": 3, ""num_graphs"": 100, ""num_nodes"": 50, ""p_in"": 0.25, ""p_out"": 0.03, ""seed"": 0}",edge_addition_deletion,"{""alpha"": 0.0, ""edges_added"": 0, ""edges_removed"": 0, ""graphs"": 100, ""graphs_skipped"": 0, ""graphs_success"": 100, ""method"": ""edge_addition_deletion"", ""rewires"": 0, ""triangles_affected"": 0}",0.0,0,native_netlsd,0.0,0.0,0.0,74.45023985199805,0.19795989990234375,success,
erdos_renyi,"{""edge_probability"": 0.12, ""family"": ""erdos_renyi"", ""m"": 2, ""num_blocks"": 3, ""num_graphs"": 100, ""num_nodes"": 50, ""p_in"": 0.25, ""p_out"": 0.03, ""seed"": 0}",edge_addition_deletion,"{""alpha"": 0.0, ""edges_added"": 0, ""edges_removed"": 0, ""graphs"": 100, ""graphs_skipped"": 0, ""graphs_success"": 100, ""method"": ""edge_addition_deletion"", ""rewires"": 0, ""triangles_affected"": 0}",0.0,0,diversity_curves_shortest_path,0.0,0.0,0.0,121.19152786998893,0.5346908569335938,success,
erdos_renyi,"{""edge_probability"": 0.12, ""family"": ""erdos_renyi"", ""m"": 2, ""num_blocks"": 3, ""num_graphs"": 100, ""num_nodes"": 50, ""p_in"": 0.25, ""p_out"": 0.03, ""seed"": 0}",edge_addition_deletion,"{""alpha"": 0.1, ""edges_added"": 740, ""edges_removed"": 699, ""graphs"": 100, ""graphs_skipped"": 0, ""graphs_success"": 100, ""method"": ""edge_addition_deletion"", ""rewires"": 0, ""triangles_affected"": 0}",0.1,0,structural_statistics_mmd,0.0008841446675268427,0.4705773522133257,2.450642865816698,1.9427886259945808,0.06821441650390625,success,
erdos_renyi,"{""edge_probability"": 0.12, ""family"": ""erdos_renyi"", ""m"": 2, ""num_blocks"": 3, ""num_graphs"": 100, ""num_nodes"": 50, ""p_in"": 0.25, ""p_out"": 0.03, ""seed"": 0}",edge_addition_deletion,"{""alpha"": 0.1, ""edges_added"": 740, ""edges_removed"": 699, ""graphs"": 100, ""graphs_skipped"": 0, ""graphs_success"": 100, ""method"": ""edge_addition_deletion"", ""rewires"": 0, ""triangles_affected"": 0}",0.1,0,wl_subtree_kernel_mmd,3.1442,1.7731892172015935,18.134404217349335,0.22574886299844366,21.91694736480713,success,
erdos_renyi,"{""edge_probability"": 0.12, ""family"": ""erdos_renyi"", ""m"": 2, ""num_blocks"": 3, ""num_graphs"": 100, ""num_nodes"": 50, ""p_in"": 0.25, ""p_out"": 0.03, ""seed"": 0}",edge_addition_deletion,"{""alpha"": 0.1, ""edges_added"": 740, ""edges_removed"": 699, ""graphs"": 100, ""graphs_skipped"": 0, ""graphs_success"": 100, ""method"": ""edge_addition_deletion"", ""rewires"": 0, ""triangles_affected"": 0}",0.1,0,native_netlsd,0.045901680856141595,0.045901680856141595,0.19341156228191486,72.57166640700598,0.1890869140625,success,
erdos_renyi,"{""edge_probability"": 0.12, ""family"": ""erdos_renyi"", ""m"": 2, ""num_blocks"": 3, ""num_graphs"": 100, ""num_nodes"": 50, ""p_in"": 0.25, ""p_out"": 0.03, ""seed"": 0}",edge_addition_deletion,"{""alpha"": 0.1, ""edges_added"": 740, ""edges_removed"": 699, ""graphs"": 100, ""graphs_skipped"": 0, ""graphs_success"": 100, ""method"": ""edge_addition_deletion"", ""rewires"": 0, ""triangles_affected"": 0}",0.1,0,diversity_curves_shortest_path,0.0410584082478937,0.0410584082478937,0.1581767466513379,120.05079234699951,0.13892364501953125,success,
erdos_renyi,"{""edge_probability"": 0.12, ""family"": ""erdos_renyi"", ""m"": 2, ""num_blocks"": 3, ""num_graphs"": 100, ""num_nodes"": 50, ""p_in"": 0.25, ""p_out"": 0.03, ""seed"": 0}",edge_addition_deletion,"{""alpha"": 0.2, ""edges_added"": 1481, ""edges_removed"": 1439, ""graphs"": 100, ""graphs_skipped"": 0, ""graphs_success"": 100, ""method"": ""edge_addition_deletion"", ""rewires"": 0, ""triangles_affected"": 0}",0.2,0,structural_statistics_mmd,0.0009493347166590338,0.6555079540442992,3.209694413049088,1.9334495890070684,0.06821441650390625,success,
erdos_renyi,"{""edge_probability"": 0.12, ""family"": ""erdos_renyi"", ""m"": 2, ""num_blocks"": 3, ""num_graphs"": 100, ""num_nodes"": 50, ""p_in"": 0.25, ""p_out"": 0.03, ""seed"": 0}",edge_addition_deletion,"{""alpha"": 0.2, ""edges_added"": 1481, ""edges_removed"": 1439, ""graphs"": 100, ""graphs_skipped"": 0, ""graphs_success"": 100, ""method"": ""edge_addition_deletion"", ""rewires"": 0, ""triangles_affected"": 0}",0.2,0,wl_subtree_kernel_mmd,3.0948000000000007,1.75920436561532,18.659426358537143,0.2226990440103691,21.90169048309326,success,
erdos_renyi,"{""edge_probability"": 0.12, ""family"": ""erdos_renyi"", ""m"": 2, ""num_blocks"": 3, ""num_graphs"": 100, ""num_nodes"": 50, ""p_in"": 0.25, ""p_out"": 0.03, ""seed"": 0}",edge_addition_deletion,"{""alpha"": 0.2, ""edges_added"": 1481, ""edges_removed"": 1439, ""graphs"": 100, ""graphs_skipped"": 0, ""graphs_success"": 100, ""method"": ""edge_addition_deletion"", ""rewires"": 0, ""triangles_affected"": 0}",0.2,0,native_netlsd,0.02393895323808326,0.02393895323808326,0.28221857534384287,72.30849033100822,0.1890869140625,success,
erdos_renyi,"{""edge_probability"": 0.12, ""family"": ""erdos_renyi"", ""m"": 2, ""num_blocks"": 3, ""num_graphs"": 100, ""num_nodes"": 50, ""p_in"": 0.25, ""p_out"": 0.03, ""seed"": 0}",edge_addition_deletion,"{""alpha"": 0.2, ""edges_added"": 1481, ""edges_removed"": 1439, ""graphs"": 100, ""graphs_skipped"": 0, ""graphs_success"": 100, ""method"": ""edge_addition_deletion"", ""rewires"": 0, ""triangles_affected"": 0}",0.2,0,diversity_curves_shortest_path,0.03062579897186171,0.03062579897186171,0.21564006416289894,120.21961429499788,0.138946533203125,success,
erdos_renyi,"{""edge_probability"": 0.12, ""family"": ""erdos_renyi"", ""m"": 2, ""num_blocks"": 3, ""num_graphs"": 100, ""num_nodes"": 50, ""p_in"": 0.25, ""p_out"": 0.03, ""seed"": 0}",edge_addition_deletion,"{""alpha"": 0.3, ""edges_added"": 2218, ""edges_removed"": 2179, ""graphs"": 100, ""graphs_skipped"": 0, ""graphs_success"": 100, ""method"": ""edge_addition_deletion"", ""rewires"": 0, ""triangles_affected"": 0}",0.3,0,structural_statistics_mmd,0.0015449682592720837,0.6744456829826241,4.10246387931706,1.9250567520066397,0.06821441650390625,success,
erdos_renyi,"{""edge_probability"": 0.12, ""family"": ""erdos_renyi"", ""m"": 2, ""num_blocks"": 3, ""num_graphs"": 100, ""num_nodes"": 50, ""p_in"": 0.25, ""p_out"": 0.03, ""seed"": 0}",edge_addition_deletion,"{""alpha"": 0.3, ""edges_added"": 2218, ""edges_removed"": 2179, ""graphs"": 100, ""graphs_skipped"": 0, ""graphs_success"": 100, ""method"": ""edge_addition_deletion"", ""rewires"": 0, ""triangles_affected"": 0}",0.3,0,wl_subtree_kernel_mmd,3.1922000000000006,1.7866728855613163,19.115119017005274,0.22468899200612213,21.918251991271973,success,
erdos_renyi,"{""edge_probability"": 0.12, ""family"": ""erdos_renyi"", ""m"": 2, ""num_blocks"": 3, ""num_graphs"": 100, ""num_nodes"": 50, ""p_in"": 0.25, ""p_out"": 0.03, ""seed"": 0}",edge_addition_deletion,"{""alpha"": 0.3, ""edges_added"": 2218, ""edges_removed"": 2179, ""graphs"": 100, ""graphs_skipped"": 0, ""graphs_success"": 100, ""method"": ""edge_addition_deletion"", ""rewires"": 0, ""triangles_affected"": 0}",0.3,0,native_netlsd,0.020270276172919453,0.020270276172919453,0.4108699486971411,72.43743936900864,0.1890869140625,success,
erdos_renyi,"{""edge_probability"": 0.12, ""family"": ""erdos_renyi"", ""m"": 2, ""num_blocks"": 3, ""num_graphs"": 100, ""num_nodes"": 50, ""p_in"": 0.25, ""p_out"": 0.03, ""seed"": 0}",edge_addition_deletion,"{""alpha"": 0.3, ""edges_added"": 2218, ""edges_removed"": 2179, ""graphs"": 100, ""graphs_skipped"": 0, ""graphs_success"": 100, ""method"": ""edge_addition_deletion"", ""rewires"": 0, ""triangles_affected"": 0}",0.3,0,diversity_curves_shortest_path,0.02430206253710513,0.02430206253710513,0.2891578208707464,121.59803038999962,0.1392364501953125,success,
erdos_renyi,"{""edge_probability"": 0.12, ""family"": ""erdos_renyi"", ""m"": 2, ""num_blocks"": 3, ""num_graphs"": 100, ""num_nodes"": 50, ""p_in"": 0.25, ""p_out"": 0.03, ""seed"": 0}",edge_addition_deletion,"{""alpha"": 0.4, ""edges_added"": 2955, ""edges_removed"": 2920, ""graphs"": 100, ""graphs_skipped"": 0, ""graphs_success"": 100, ""method"": ""edge_addition_deletion"", ""rewires"": 0, ""triangles_affected"": 0}",0.4,0,structural_statistics_mmd,0.0008318995294156473,0.46430328977292823,4.526265348256988,1.9595422900019912,0.06821441650390625,success,
erdos_renyi,"{""edge_probability"": 0.12, ""family"": ""erdos_renyi"", ""m"": 2, ""num_blocks"": 3, ""num_graphs"": 100, ""num_nodes"": 50, ""p_in"": 0.25, ""p_out"": 0.03, ""seed"": 0}",edge_addition_deletion,"{""alpha"": 0.4, ""edges_added"": 2955, ""edges_removed"": 2920, ""graphs"": 100, ""graphs_skipped"": 0, ""graphs_success"": 100, ""method"": ""edge_addition_deletion"", ""rewires"": 0, ""triangles_affected"": 0}",0.4,0,wl_subtree_kernel_mmd,3.0552000000000006,1.747913041315271,19.156885594713064,0.22772987998905592,21.903427124023438,success,
erdos_renyi,"{""edge_probability"": 0.12, ""family"": ""erdos_renyi"", ""m"": 2, ""num_blocks"": 3, ""num_graphs"": 100, ""num_nodes"": 50, ""p_in"": 0.25, ""p_out"": 0.03, ""seed"": 0}",edge_addition_deletion,"{""alpha"": 0.4, ""edges_added"": 2955, ""edges_removed"": 2920, ""graphs"": 100, ""graphs_skipped"": 0, ""graphs_success"": 100, ""method"": ""edge_addition_deletion"", ""rewires"": 0, ""triangles_affected"": 0}",0.4,0,native_netlsd,0.019375092975912566,0.019375092975912566,0.4381979665086184,73.26978971200879,0.1890869140625,success,
erdos_renyi,"{""edge_probability"": 0.12, ""family"": ""erdos_renyi"", ""m"": 2, ""num_blocks"": 3, ""num_graphs"": 100, ""num_nodes"": 50, ""p_in"": 0.25, ""p_out"": 0.03, ""seed"": 0}",edge_addition_deletion,"{""alpha"": 0.4, ""edges_added"": 2955, ""edges_removed"": 2920, ""graphs"": 100, ""graphs_skipped"": 0, ""graphs_success"": 100, ""method"": ""edge_addition_deletion"", ""rewires"": 0, ""triangles_affected"": 0}",0.4,0,diversity_curves_shortest_path,0.01761848126675847,0.01761848126675847,0.3093794746659453,122.80829985400487,0.1400909423828125,success,
erdos_renyi,"{""edge_probability"": 0.12, ""family"": ""erdos_renyi"", ""m"": 2, ""num_blocks"": 3, ""num_graphs"": 100, ""num_nodes"": 50, ""p_in"": 0.25, ""p_out"": 0.03, ""seed"": 0}",edge_addition_deletion,"{""alpha"": 0.5, ""edges_added"": 3710, ""edges_removed"": 3663, ""graphs"": 100, ""graphs_skipped"": 0, ""graphs_success"": 100, ""method"": ""edge_addition_deletion"", ""rewires"": 0, ""triangles_affected"": 0}",0.5,0,structural_statistics_mmd,0.0024525856480378527,0.5840262468227748,5.281834899084438,1.972986912005581,0.06821441650390625,success,
erdos_renyi,"{""edge_probability"": 0.12, ""family"": ""erdos_renyi"", ""m"": 2, ""num_blocks"": 3, ""num_graphs"": 100, ""num_nodes"": 50, ""p_in"": 0.25, ""p_out"": 0.03, ""seed"": 0}",edge_addition_deletion,"{""alpha"": 0.5, ""edges_added"": 3710, ""edges_removed"": 3663, ""graphs"": 100, ""graphs_skipped"": 0, ""graphs_success"": 100, ""method"": ""edge_addition_deletion"", ""rewires"": 0, ""triangles_affected"": 0}",0.5,0,wl_subtree_kernel_mmd,3.335200000000001,1.8262529945218435,19.357209413145313,0.2323758090060437,21.921045303344727,success,
erdos_renyi,"{""edge_probability"": 0.12, ""family"": ""erdos_renyi"", ""m"": 2, ""num_blocks"": 3, ""num_graphs"": 100, ""num_nodes"": 50, ""p_in"": 0.25, ""p_out"": 0.03, ""seed"": 0}",edge_addition_deletion,"{""alpha"": 0.5, ""edges_added"": 3710, ""edges_removed"": 3663, ""graphs"": 100, ""graphs_skipped"": 0, ""graphs_success"": 100, ""method"": ""edge_addition_deletion"", ""rewires"": 0, ""triangles_affected"": 0}",0.5,0,native_netlsd,0.020457864240205712,0.020457864240205712,0.41593314583789315,73.04838878299051,0.18910980224609375,success,
erdos_renyi,"{""edge_probability"": 0.12, ""family"": ""erdos_renyi"", ""m"": 2, ""num_blocks"": 3, ""num_graphs"": 100, ""num_nodes"": 50, ""p_in"": 0.25, ""p_out"": 0.03, ""seed"": 0}",edge_addition_deletion,"{""alpha"": 0.5, ""edges_added"": 3710, ""edges_removed"": 3663, ""graphs"": 100, ""graphs_skipped"": 0, ""graphs_success"": 100, ""method"": ""edge_addition_deletion"", ""rewires"": 0, ""triangles_affected"": 0}",0.5,0,diversity_curves_shortest_path,0.030149106461771977,0.030149106461771977,0.2981060650972945,123.07118995201017,0.1397552490234375,success,
erdos_renyi,"{""edge_probability"": 0.12, ""family"": ""erdos_renyi"", ""m"": 2, ""num_blocks"": 3, ""num_graphs"": 100, ""num_nodes"": 50, ""p_in"": 0.25, ""p_out"": 0.03, ""seed"": 0}",edge_addition_deletion,"{""alpha"": 0.6, ""edges_added"": 4437, ""edges_removed"": 4397, ""graphs"": 100, ""graphs_skipped"": 0, ""graphs_success"": 100, ""method"": ""edge_addition_deletion"", ""rewires"": 0, ""triangles_affected"": 0}",0.6,0,structural_statistics_mmd,0.004911847979954476,1.0362161190918957,6.0563198953011215,1.9645181619998766,0.07437896728515625,success,
erdos_renyi,"{""edge_probability"": 0.12, ""family"": ""erdos_renyi"", ""m"": 2, ""num_blocks"": 3, ""num_graphs"": 100, ""num_nodes"": 50, ""p_in"": 0.25, ""p_out"": 0.03, ""seed"": 0}",edge_addition_deletion,"{""alpha"": 0.6, ""edges_added"": 4437, ""edges_removed"": 4397, ""graphs"": 100, ""graphs_skipped"": 0, ""graphs_success"": 100, ""method"": ""edge_addition_deletion"", ""rewires"": 0, ""triangles_affected"": 0}",0.6,0,wl_subtree_kernel_mmd,3.299,1.816314950662467,19.37256841187191,0.23118684999644756,21.936863899230957,success,
erdos_renyi,"{""edge_probability"": 0.12, ""family"": ""erdos_renyi"", ""m"": 2, ""num_blocks"": 3, ""num_graphs"": 100, ""num_nodes"": 50, ""p_in"": 0.25, ""p_out"": 0.03, ""seed"": 0}",edge_addition_deletion,"{""alpha"": 0.6, ""edges_added"": 4437, ""edges_removed"": 4397, ""graphs"": 100, ""graphs_skipped"": 0, ""graphs_success"": 100, ""method"": ""edge_addition_deletion"", ""rewires"": 0, ""triangles_affected"": 0}",0.6,0,native_netlsd,0.1270670272763607,0.1270670272763607,0.5447424025742875,73.09847424199688,0.18917083740234375,success,
erdos_renyi,"{""edge_probability"": 0.12, ""family"": ""erdos_renyi"", ""m"": 2, ""num_blocks"": 3, ""num_graphs"": 100, ""num_nodes"": 50, ""p_in"": 0.25, ""p_out"": 0.03, ""seed"": 0}",edge_addition_deletion,"{""alpha"": 0.6, ""edges_added"": 4437, ""edges_removed"": 4397, ""graphs"": 100, ""graphs_skipped"": 0, ""graphs_success"": 100, ""method"": ""edge_addition_deletion"", ""rewires"": 0, ""triangles_affected"": 0}",0.6,0,diversity_curves_shortest_path,0.055870367967308494,0.055870367967308494,0.3611736769877887,125.83339910300856,0.5294647216796875,success,
erdos_renyi,"{""edge_probability"": 0.12, ""family"": ""erdos_renyi"", ""m"": 2, ""num_blocks"": 3, ""num_graphs"": 100, ""num_nodes"": 50, ""p_in"": 0.25, ""p_out"": 0.03, ""seed"": 0}",edge_addition_deletion,"{""alpha"": 0.7, ""edges_added"": 5177, ""edges_removed"": 5129, ""graphs"": 100, ""graphs_skipped"": 0, ""graphs_success"": 100, ""method"": ""edge_addition_deletion"", ""rewires"": 0, ""triangles_affected"": 0}",0.7,0,structural_statistics_mmd,0.007943652651253297,1.493628116898922,6.2055372038815495,1.9719915899913758,0.06821441650390625,success,
erdos_renyi,"{""edge_probability"": 0.12, ""family"": ""erdos_renyi"", ""m"": 2, ""num_blocks"": 3, ""num_graphs"": 100, ""num_nodes"": 50, ""p_in"": 0.25, ""p_out"": 0.03, ""seed"": 0}",edge_addition_deletion,"{""alpha"": 0.7, ""edges_added"": 5177, ""edges_removed"": 5129, ""graphs"": 100, ""graphs_skipped"": 0, ""graphs_success"": 100, ""method"": ""edge_addition_deletion"", ""rewires"": 0, ""triangles_affected"": 0}",0.7,0,wl_subtree_kernel_mmd,3.3812000000000006,1.8388039590995013,19.356965517439757,0.22915742499753833,21.947211265563965,success,
erdos_renyi,"{""edge_probability"": 0.12, ""family"": ""erdos_renyi"", ""m"": 2, ""num_blocks"": 3, ""num_graphs"": 100, ""num_nodes"": 50, ""p_in"": 0.25, ""p_out"": 0.03, ""seed"": 0}",edge_addition_deletion,"{""alpha"": 0.7, ""edges_added"": 5177, ""edges_removed"": 5129, ""graphs"": 100, ""graphs_skipped"": 0, ""graphs_success"": 100, ""method"": ""edge_addition_deletion"", ""rewires"": 0, ""triangles_affected"": 0}",0.7,0,native_netlsd,0.10125630551793696,0.10125630551793696,0.5216195148118364,73.10728570599167,0.18910980224609375,success,
erdos_renyi,"{""edge_probability"": 0.12, ""family"": ""erdos_renyi"", ""m"": 2, ""num_blocks"": 3, ""num_graphs"": 100, ""num_nodes"": 50, ""p_in"": 0.25, ""p_out"": 0.03, ""seed"": 0}",edge_addition_deletion,"{""alpha"": 0.7, ""edges_added"": 5177, ""edges_removed"": 5129, ""graphs"": 100, ""graphs_skipped"": 0, ""graphs_success"": 100, ""method"": ""edge_addition_deletion"", ""rewires"": 0, ""triangles_affected"": 0}",0.7,0,diversity_curves_shortest_path,0.04473638694335571,0.04473638694335571,0.3538208476090148,122.56503704198985,0.1402587890625,success,
erdos_renyi,"{""edge_probability"": 0.12, ""family"": ""erdos_renyi"", ""m"": 2, ""num_blocks"": 3, ""num_graphs"": 100, ""num_nodes"": 50, ""p_in"": 0.25, ""p_out"": 0.03, ""seed"": 0}",edge_addition_deletion,"{""alpha"": 0.8, ""edges_added"": 5914, ""edges_removed"": 5875, ""graphs"": 100, ""graphs_skipped"": 0, ""graphs_success"": 100, ""method"": ""edge_addition_deletion"", ""rewires"": 0, ""triangles_affected"": 0}",0.8,0,structural_statistics_mmd,0.008852840635649284,1.7195088668248377,6.300910984825262,1.967776302000857,0.06821441650390625,success,
erdos_renyi,"{""edge_probability"": 0.12, ""family"": ""erdos_renyi"", ""m"": 2, ""num_blocks"": 3, ""num_graphs"": 100, ""num_nodes"": 50, ""p_in"": 0.25, ""p_out"": 0.03, ""seed"": 0}",edge_addition_deletion,"{""alpha"": 0.8, ""edges_added"": 5914, ""edges_removed"": 5875, ""graphs"": 100, ""graphs_skipped"": 0, ""graphs_success"": 100, ""method"": ""edge_addition_deletion"", ""rewires"": 0, ""triangles_affected"": 0}",0.8,0,wl_subtree_kernel_mmd,3.7764,1.9432961688841976,19.28648052852517,0.22989384199900087,21.929126739501953,success,
erdos_renyi,"{""edge_probability"": 0.12, ""family"": ""erdos_renyi"", ""m"": 2, ""num_blocks"": 3, ""num_graphs"": 100, ""num_nodes"": 50, ""p_in"": 0.25, ""p_out"": 0.03, ""seed"": 0}",edge_addition_deletion,"{""alpha"": 0.8, ""edges_added"": 5914, ""edges_removed"": 5875, ""graphs"": 100, ""graphs_skipped"": 0, ""graphs_success"": 100, ""method"": ""edge_addition_deletion"", ""rewires"": 0, ""triangles_affected"": 0}",0.8,0,native_netlsd,0.10747603540504981,0.10747603540504981,0.52557828906633,73.04388807000942,0.18910980224609375,success,
erdos_renyi,"{""edge_probability"": 0.12, ""family"": ""erdos_renyi"", ""m"": 2, ""num_blocks"": 3, ""num_graphs"": 100, ""num_nodes"": 50, ""p_in"": 0.25, ""p_out"": 0.03, ""seed"": 0}",edge_addition_deletion,"{""alpha"": 0.8, ""edges_added"": 5914, ""edges_removed"": 5875, ""graphs"": 100, ""graphs_skipped"": 0, ""graphs_success"": 100, ""method"": ""edge_addition_deletion"", ""rewires"": 0, ""triangles_affected"": 0}",0.8,0,diversity_curves_shortest_path,0.048743262844139115,0.048743262844139115,0.36730312127687526,122.26840247800283,0.13985443115234375,success,
erdos_renyi,"{""edge_probability"": 0.12, ""family"": ""erdos_renyi"", ""m"": 2, ""num_blocks"": 3, ""num_graphs"": 100, ""num_nodes"": 50, ""p_in"": 0.25, ""p_out"": 0.03, ""seed"": 0}",edge_addition_deletion,"{""alpha"": 0.9, ""edges_added"": 6657, ""edges_removed"": 6607, ""graphs"": 100, ""graphs_skipped"": 0, ""graphs_success"": 100, ""method"": ""edge_addition_deletion"", ""rewires"": 0, ""triangles_affected"": 0}",0.9,0,structural_statistics_mmd,0.012764375828729357,2.419741561752255,7.023927242584949,1.984625031996984,0.06821441650390625,success,
erdos_renyi,"{""edge_probability"": 0.12, ""family"": ""erdos_renyi"", ""m"": 2, ""num_blocks"": 3, ""num_graphs"": 100, ""num_nodes"": 50, ""p_in"": 0.25, ""p_out"": 0.03, ""seed"": 0}",edge_addition_deletion,"{""alpha"": 0.9, ""edges_added"": 6657, ""edges_removed"": 6607, ""graphs"": 100, ""graphs_skipped"": 0, ""graphs_success"": 100, ""method"": ""edge_addition_deletion"", ""rewires"": 0, ""triangles_affected"": 0}",0.9,0,wl_subtree_kernel_mmd,3.4004,1.8440173534975206,19.388197952449005,0.22892247200070415,21.97120952606201,success,
erdos_renyi,"{""edge_probability"": 0.12, ""family"": ""erdos_renyi"", ""m"": 2, ""num_blocks"": 3, ""num_graphs"": 100, ""num_nodes"": 50, ""p_in"": 0.25, ""p_out"": 0.03, ""seed"": 0}",edge_addition_deletion,"{""alpha"": 0.9, ""edges_added"": 6657, ""edges_removed"": 6607, ""graphs"": 100, ""graphs_skipped"": 0, ""graphs_success"": 100, ""method"": ""edge_addition_deletion"", ""rewires"": 0, ""triangles_affected"": 0}",0.9,0,native_netlsd,0.08441740913909315,0.08441740913909315,0.5583196727831234,72.96883824199904,0.1890869140625,success,
erdos_renyi,"{""edge_probability"": 0.12, ""family"": ""erdos_renyi"", ""m"": 2, ""num_blocks"": 3, ""num_graphs"": 100, ""num_nodes"": 50, ""p_in"": 0.25, ""p_out"": 0.03, ""seed"": 0}",edge_addition_deletion,"{""alpha"": 0.9, ""edges_added"": 6657, ""edges_removed"": 6607, ""graphs"": 100, ""graphs_skipped"": 0, ""graphs_success"": 100, ""method"": ""edge_addition_deletion"", ""rewires"": 0, ""triangles_affected"": 0}",0.9,0,diversity_curves_shortest_path,0.03416445982600166,0.03416445982600166,0.37940772279830376,122.43294362400775,0.1401824951171875,success,
erdos_renyi,"{""edge_probability"": 0.12, ""family"": ""erdos_renyi"", ""m"": 2, ""num_blocks"": 3, ""num_graphs"": 100, ""num_nodes"": 50, ""p_in"": 0.25, ""p_out"": 0.03, ""seed"": 0}",edge_addition_deletion,"{""alpha"": 1.0, ""edges_added"": 7421, ""edges_removed"": 7373, ""graphs"": 100, ""graphs_skipped"": 0, ""graphs_success"": 100, ""method"": ""edge_addition_deletion"", ""rewires"": 0, ""triangles_affected"": 0}",1.0,0,structural_statistics_mmd,0.021256284076705212,2.8761935633800575,6.98632702873276,1.9658232130022952,0.06821441650390625,success,
erdos_renyi,"{""edge_probability"": 0.12, ""family"": ""erdos_renyi"", ""m"": 2, ""num_blocks"": 3, ""num_graphs"": 100, ""num_nodes"": 50, ""p_in"": 0.25, ""p_out"": 0.03, ""seed"": 0}",edge_addition_deletion,"{""alpha"": 1.0, ""edges_added"": 7421, ""edges_removed"": 7373, ""graphs"": 100, ""graphs_skipped"": 0, ""graphs_success"": 100, ""method"": ""edge_addition_deletion"", ""rewires"": 0, ""triangles_affected"": 0}",1.0,0,wl_subtree_kernel_mmd,3.6412,1.9081928623700488,19.42084130719409,0.23195880099956412,21.96395492553711,success,
erdos_renyi,"{""edge_probability"": 0.12, ""family"": ""erdos_renyi"", ""m"": 2, ""num_blocks"": 3, ""num_graphs"": 100, ""num_nodes"": 50, ""p_in"": 0.25, ""p_out"": 0.03, ""seed"": 0}",edge_addition_deletion,"{""alpha"": 1.0, ""edges_added"": 7421, ""edges_removed"": 7373, ""graphs"": 100, ""graphs_skipped"": 0, ""graphs_success"": 100, ""method"": ""edge_addition_deletion"", ""rewires"": 0, ""triangles_affected"": 0}",1.0,0,native_netlsd,0.1895065290593922,0.1895065290593922,0.6472634829953933,73.06102104599995,0.1890869140625,success,
erdos_renyi,"{""edge_probability"": 0.12, ""family"": ""erdos_renyi"", ""m"": 2, ""num_blocks"": 3, ""num_graphs"": 100, ""num_nodes"": 50, ""p_in"": 0.25, ""p_out"": 0.03, ""seed"": 0}",edge_addition_deletion,"{""alpha"": 1.0, ""edges_added"": 7421, ""edges_removed"": 7373, ""graphs"": 100, ""graphs_skipped"": 0, ""graphs_success"": 100, ""method"": ""edge_addition_deletion"", ""rewires"": 0, ""triangles_affected"": 0}",1.0,0,diversity_curves_shortest_path,0.09171221941511172,0.09171221941511172,0.426170761769657,122.43019258500135,0.1396942138671875,success,
erdos_renyi,"{""edge_probability"": 0.12, ""family"": ""erdos_renyi"", ""m"": 2, ""num_blocks"": 3, ""num_graphs"": 100, ""num_nodes"": 50, ""p_in"": 0.25, ""p_out"": 0.03, ""seed"": 0}",triangle_injection_removal,"{""alpha"": 0.0, ""edges_added"": 0, ""edges_removed"": 0, ""graphs"": 100, ""graphs_skipped"": 0, ""graphs_success"": 100, ""method"": ""triangle_injection_removal"", ""rewires"": 0, ""triangles_affected"": 0}",0.0,0,structural_statistics_mmd,0.0,0.0,0.0,1.9639535630121827,0.06821441650390625,success,
erdos_renyi,"{""edge_probability"": 0.12, ""family"": ""erdos_renyi"", ""m"": 2, ""num_blocks"": 3, ""num_graphs"": 100, ""num_nodes"": 50, ""p_in"": 0.25, ""p_out"": 0.03, ""seed"": 0}",triangle_injection_removal,"{""alpha"": 0.0, ""edges_added"": 0, ""edges_removed"": 0, ""graphs"": 100, ""graphs_skipped"": 0, ""graphs_success"": 100, ""method"": ""triangle_injection_removal"", ""rewires"": 0, ""triangles_affected"": 0}",0.0,0,wl_subtree_kernel_mmd,0.0,0.0,0.0,0.22802732599666342,21.842723846435547,success,
erdos_renyi,"{""edge_probability"": 0.12, ""family"": ""erdos_renyi"", ""m"": 2, ""num_blocks"": 3, ""num_graphs"": 100, ""num_nodes"": 50, ""p_in"": 0.25, ""p_out"": 0.03, ""seed"": 0}",triangle_injection_removal,"{""alpha"": 0.0, ""edges_added"": 0, ""edges_removed"": 0, ""graphs"": 100, ""graphs_skipped"": 0, ""graphs_success"": 100, ""method"": ""triangle_injection_removal"", ""rewires"": 0, ""triangles_affected"": 0}",0.0,0,native_netlsd,0.0,0.0,0.0,73.16286445499281,0.1890869140625,success,
erdos_renyi,"{""edge_probability"": 0.12, ""family"": ""erdos_renyi"", ""m"": 2, ""num_blocks"": 3, ""num_graphs"": 100, ""num_nodes"": 50, ""p_in"": 0.25, ""p_out"": 0.03, ""seed"": 0}",triangle_injection_removal,"{""alpha"": 0.0, ""edges_added"": 0, ""edges_removed"": 0, ""graphs"": 100, ""graphs_skipped"": 0, ""graphs_success"": 100, ""method"": ""triangle_injection_removal"", ""rewires"": 0, ""triangles_affected"": 0}",0.0,0,diversity_curves_shortest_path,0.0,0.0,0.0,122.17436655500205,0.1387176513671875,success,
erdos_renyi,"{""edge_probability"": 0.12, ""family"": ""erdos_renyi"", ""m"": 2, ""num_blocks"": 3, ""num_graphs"": 100, ""num_nodes"": 50, ""p_in"": 0.25, ""p_out"": 0.03, ""seed"": 0}",triangle_injection_removal,"{""alpha"": 0.1, ""edges_added"": 740, ""edges_removed"": 699, ""graphs"": 100, ""graphs_skipped"": 0, ""graphs_success"": 100, ""method"": ""triangle_injection_removal"", ""rewires"": 0, ""triangles_affected"": 1439}",0.1,0,structural_statistics_mmd,0.005326923647455906,1.595327865860338,2.546845695202978,1.9761437900015153,0.06821441650390625,success,
erdos_renyi,"{""edge_probability"": 0.12, ""family"": ""erdos_renyi"", ""m"": 2, ""num_blocks"": 3, ""num_graphs"": 100, ""num_nodes"": 50, ""p_in"": 0.25, ""p_out"": 0.03, ""seed"": 0}",triangle_injection_removal,"{""alpha"": 0.1, ""edges_added"": 740, ""edges_removed"": 699, ""graphs"": 100, ""graphs_skipped"": 0, ""graphs_success"": 100, ""method"": ""triangle_injection_removal"", ""rewires"": 0, ""triangles_affected"": 1439}",0.1,0,wl_subtree_kernel_mmd,3.150200000000001,1.7748802776525523,17.998657947122595,0.22852212899306323,21.921116828918457,success,
erdos_renyi,"{""edge_probability"": 0.12, ""family"": ""erdos_renyi"", ""m"": 2, ""num_blocks"": 3, ""num_graphs"": 100, ""num_nodes"": 50, ""p_in"": 0.25, ""p_out"": 0.03, ""seed"": 0}",triangle_injection_removal,"{""alpha"": 0.1, ""edges_added"": 740, ""edges_removed"": 699, ""graphs"": 100, ""graphs_skipped"": 0, ""graphs_success"": 100, ""method"": ""triangle_injection_removal"", ""rewires"": 0, ""triangles_affected"": 1439}",0.1,0,native_netlsd,0.0060461497203564574,0.0060461497203564574,0.048557531998351805,73.09717907599406,0.1890869140625,success,
erdos_renyi,"{""edge_probability"": 0.12, ""family"": ""erdos_renyi"", ""m"": 2, ""num_blocks"": 3, ""num_graphs"": 100, ""num_nodes"": 50, ""p_in"": 0.25, ""p_out"": 0.03, ""seed"": 0}",triangle_injection_removal,"{""alpha"": 0.1, ""edges_added"": 740, ""edges_removed"": 699, ""graphs"": 100, ""graphs_skipped"": 0, ""graphs_success"": 100, ""method"": ""triangle_injection_removal"", ""rewires"": 0, ""triangles_affected"": 1439}",0.1,0,diversity_curves_shortest_path,0.012987884370234237,0.012987884370234237,0.07825783182679893,122.8336256689945,0.1392059326171875,success,
erdos_renyi,"{""edge_probability"": 0.12, ""family"": ""erdos_renyi"", ""m"": 2, ""num_blocks"": 3, ""num_graphs"": 100, ""num_nodes"": 50, ""p_in"": 0.25, ""p_out"": 0.03, ""seed"": 0}",triangle_injection_removal,"{""alpha"": 0.2, ""edges_added"": 1481, ""edges_removed"": 1439, ""graphs"": 100, ""graphs_skipped"": 0, ""graphs_success"": 100, ""method"": ""triangle_injection_removal"", ""rewires"": 0, ""triangles_affected"": 2920}",0.2,0,structural_statistics_mmd,0.009380235874041465,1.9766366302016167,3.452665586200465,1.953291519996128,0.06821441650390625,success,
erdos_renyi,"{""edge_probability"": 0.12, ""family"": ""erdos_renyi"", ""m"": 2, ""num_blocks"": 3, ""num_graphs"": 100, ""num_nodes"": 50, ""p_in"": 0.25, ""p_out"": 0.03, ""seed"": 0}",triangle_injection_removal,"{""alpha"": 0.2, ""edges_added"": 1481, ""edges_removed"": 1439, ""graphs"": 100, ""graphs_skipped"": 0, ""graphs_success"": 100, ""method"": ""triangle_injection_removal"", ""rewires"": 0, ""triangles_affected"": 2920}",0.2,0,wl_subtree_kernel_mmd,3.3526000000000002,1.8310106498871055,18.506761715965425,0.22995552800421137,21.924132347106934,success,
erdos_renyi,"{""edge_probability"": 0.12, ""family"": ""erdos_renyi"", ""m"": 2, ""num_blocks"": 3, ""num_graphs"": 100, ""num_nodes"": 50, ""p_in"": 0.25, ""p_out"": 0.03, ""seed"": 0}",triangle_injection_removal,"{""alpha"": 0.2, ""edges_added"": 1481, ""edges_removed"": 1439, ""graphs"": 100, ""graphs_skipped"": 0, ""graphs_success"": 100, ""method"": ""triangle_injection_removal"", ""rewires"": 0, ""triangles_affected"": 2920}",0.2,0,native_netlsd,0.010625002525398022,0.010625002525398022,0.05961936119579875,73.07728823400976,0.18910980224609375,success,
erdos_renyi,"{""edge_probability"": 0.12, ""family"": ""erdos_renyi"", ""m"": 2, ""num_blocks"": 3, ""num_graphs"": 100, ""num_nodes"": 50, ""p_in"": 0.25, ""p_out"": 0.03, ""seed"": 0}",triangle_injection_removal,"{""alpha"": 0.2, ""edges_added"": 1481, ""edges_removed"": 1439, ""graphs"": 100, ""graphs_skipped"": 0, ""graphs_success"": 100, ""method"": ""triangle_injection_removal"", ""rewires"": 0, ""triangles_affected"": 2920}",0.2,0,diversity_curves_shortest_path,0.005122452800143829,0.005122452800143829,0.0930670249784456,122.05433852301212,0.139862060546875,success,
erdos_renyi,"{""edge_probability"": 0.12, ""family"": ""erdos_renyi"", ""m"": 2, ""num_blocks"": 3, ""num_graphs"": 100, ""num_nodes"": 50, ""p_in"": 0.25, ""p_out"": 0.03, ""seed"": 0}",triangle_injection_removal,"{""alpha"": 0.3, ""edges_added"": 2218, ""edges_removed"": 2179, ""graphs"": 100, ""graphs_skipped"": 0, ""graphs_success"": 100, ""method"": ""triangle_injection_removal"", ""rewires"": 0, ""triangles_affected"": 4397}",0.3,0,structural_statistics_mmd,0.029570662621957733,3.5325549108488974,4.714545095935289,1.9593387779896148,0.07416534423828125,success,
erdos_renyi,"{""edge_probability"": 0.12, ""family"": ""erdos_renyi"", ""m"": 2, ""num_blocks"": 3, ""num_graphs"": 100, ""num_nodes"": 50, ""p_in"": 0.25, ""p_out"": 0.03, ""seed"": 0}",triangle_injection_removal,"{""alpha"": 0.3, ""edges_added"": 2218, ""edges_removed"": 2179, ""graphs"": 100, ""graphs_skipped"": 0, ""graphs_success"": 100, ""method"": ""triangle_injection_removal"", ""rewires"": 0, ""triangles_affected"": 4397}",0.3,0,wl_subtree_kernel_mmd,3.915400000000002,1.9787369708983562,18.905364082027162,0.22864451899658889,21.931286811828613,success,
erdos_renyi,"{""edge_probability"": 0.12, ""family"": ""erdos_renyi"", ""m"": 2, ""num_blocks"": 3, ""num_graphs"": 100, ""num_nodes"": 50, ""p_in"": 0.25, ""p_out"": 0.03, ""seed"": 0}",triangle_injection_removal,"{""alpha"": 0.3, ""edges_added"": 2218, ""edges_removed"": 2179, ""graphs"": 100, ""graphs_skipped"": 0, ""graphs_success"": 100, ""method"": ""triangle_injection_removal"", ""rewires"": 0, ""triangles_affected"": 4397}",0.3,0,native_netlsd,0.032937499994106896,0.032937499994106896,0.0715645729539483,73.08142150798813,0.18914794921875,success,
erdos_renyi,"{""edge_probability"": 0.12, ""family"": ""erdos_renyi"", ""m"": 2, ""num_blocks"": 3, ""num_graphs"": 100, ""num_nodes"": 50, ""p_in"": 0.25, ""p_out"": 0.03, ""seed"": 0}",triangle_injection_removal,"{""alpha"": 0.3, ""edges_added"": 2218, ""edges_removed"": 2179, ""graphs"": 100, ""graphs_skipped"": 0, ""graphs_success"": 100, ""method"": ""triangle_injection_removal"", ""rewires"": 0, ""triangles_affected"": 4397}",0.3,0,diversity_curves_shortest_path,0.018547009106465596,0.018547009106465596,0.10243882006890742,124.02289508999093,0.529266357421875,success,
erdos_renyi,"{""edge_probability"": 0.12, ""family"": ""erdos_renyi"", ""m"": 2, ""num_blocks"": 3, ""num_graphs"": 100, ""num_nodes"": 50, ""p_in"": 0.25, ""p_out"": 0.03, ""seed"": 0}",triangle_injection_removal,"{""alpha"": 0.4, ""edges_added"": 2955, ""edges_removed"": 2920, ""graphs"": 100, ""graphs_skipped"": 0, ""graphs_success"": 100, ""method"": ""triangle_injection_removal"", ""rewires"": 0, ""triangles_affected"": 5875}",0.4,0,structural_statistics_mmd,0.05235404145664768,5.205414911187044,6.089827088583051,1.9711049570032628,0.06821441650390625,success,
erdos_renyi,"{""edge_probability"": 0.12, ""family"": ""erdos_renyi"", ""m"": 2, ""num_blocks"": 3, ""num_graphs"": 100, ""num_nodes"": 50, ""p_in"": 0.25, ""p_out"": 0.03, ""seed"": 0}",triangle_injection_removal,"{""alpha"": 0.4, ""edges_added"": 2955, ""edges_removed"": 2920, ""graphs"": 100, ""graphs_skipped"": 0, ""graphs_success"": 100, ""method"": ""triangle_injection_removal"", ""rewires"": 0, ""triangles_affected"": 5875}",0.4,0,wl_subtree_kernel_mmd,3.2846,1.8123465452280367,18.68746794447452,0.22949442999379244,21.973169326782227,success,
erdos_renyi,"{""edge_probability"": 0.12, ""family"": ""erdos_renyi"", ""m"": 2, ""num_blocks"": 3, ""num_graphs"": 100, ""num_nodes"": 50, ""p_in"": 0.25, ""p_out"": 0.03, ""seed"": 0}",triangle_injection_removal,"{""alpha"": 0.4, ""edges_added"": 2955, ""edges_removed"": 2920, ""graphs"": 100, ""graphs_skipped"": 0, ""graphs_success"": 100, ""method"": ""triangle_injection_removal"", ""rewires"": 0, ""triangles_affected"": 5875}",0.4,0,native_netlsd,0.1124630987159583,0.1124630987159583,0.16510482716166858,73.17316273199685,0.1890869140625,success,
erdos_renyi,"{""edge_probability"": 0.12, ""family"": ""erdos_renyi"", ""m"": 2, ""num_blocks"": 3, ""num_graphs"": 100, ""num_nodes"": 50, ""p_in"": 0.25, ""p_out"": 0.03, ""seed"": 0}",triangle_injection_removal,"{""alpha"": 0.4, ""edges_added"": 2955, ""edges_removed"": 2920, ""graphs"": 100, ""graphs_skipped"": 0, ""graphs_success"": 100, ""method"": ""triangle_injection_removal"", ""rewires"": 0, ""triangles_affected"": 5875}",0.4,0,diversity_curves_shortest_path,0.06280936593868681,0.06280936593868681,0.1458656031810682,121.49882849099231,0.1389617919921875,success,
erdos_renyi,"{""edge_probability"": 0.12, ""family"": ""erdos_renyi"", ""m"": 2, ""num_blocks"": 3, ""num_graphs"": 100, ""num_nodes"": 50, ""p_in"": 0.25, ""p_out"": 0.03, ""seed"": 0}",triangle_injection_removal,"{""alpha"": 0.5, ""edges_added"": 3710, ""edges_removed"": 3663, ""graphs"": 100, ""graphs_skipped"": 0, ""graphs_success"": 100, ""method"": ""triangle_injection_removal"", ""rewires"": 0, ""triangles_affected"": 7373}",0.5,0,structural_statistics_mmd,0.06536981253853147,6.458289673307336,7.220239116306378,1.9811185759899672,0.06821441650390625,success,
erdos_renyi,"{""edge_probability"": 0.12, ""family"": ""erdos_renyi"", ""m"": 2, ""num_blocks"": 3, ""num_graphs"": 100, ""num_nodes"": 50, ""p_in"": 0.25, ""p_out"": 0.03, ""seed"": 0}",triangle_injection_removal,"{""alpha"": 0.5, ""edges_added"": 3710, ""edges_removed"": 3663, ""graphs"": 100, ""graphs_skipped"": 0, ""graphs_success"": 100, ""method"": ""triangle_injection_removal"", ""rewires"": 0, ""triangles_affected"": 7373}",0.5,0,wl_subtree_kernel_mmd,3.4928000000000003,1.8689034217957867,18.95493580782125,0.23050151599454693,22.040870666503906,success,
erdos_renyi,"{""edge_probability"": 0.12, ""family"": ""erdos_renyi"", ""m"": 2, ""num_blocks"": 3, ""num_graphs"": 100, ""num_nodes"": 50, ""p_in"": 0.25, ""p_out"": 0.03, ""seed"": 0}",triangle_injection_removal,"{""alpha"": 0.5, ""edges_added"": 3710, ""edges_removed"": 3663, ""graphs"": 100, ""graphs_skipped"": 0, ""graphs_success"": 100, ""method"": ""triangle_injection_removal"", ""rewires"": 0, ""triangles_affected"": 7373}",0.5,0,native_netlsd,0.10462292962318917,0.10462292962318917,0.16339862391653953,73.02740148399607,0.18910980224609375,success,
erdos_renyi,"{""edge_probability"": 0.12, ""family"": ""erdos_renyi"", ""m"": 2, ""num_blocks"": 3, ""num_graphs"": 100, ""num_nodes"": 50, ""p_in"": 0.25, ""p_out"": 0.03, ""seed"": 0}",triangle_injection_removal,"{""alpha"": 0.5, ""edges_added"": 3710, ""edges_removed"": 3663, ""graphs"": 100, ""graphs_skipped"": 0, ""graphs_success"": 100, ""method"": ""triangle_injection_removal"", ""rewires"": 0, ""triangles_affected"": 7373}",0.5,0,diversity_curves_shortest_path,0.07144114795454673,0.07144114795454673,0.15110579054832157,122.15240692399675,0.1388092041015625,success,
erdos_renyi,"{""edge_probability"": 0.12, ""family"": ""erdos_renyi"", ""m"": 2, ""num_blocks"": 3, ""num_graphs"": 100, ""num_nodes"": 50, ""p_in"": 0.25, ""p_out"": 0.03, ""seed"": 0}",triangle_injection_removal,"{""alpha"": 0.6, ""edges_added"": 4437, ""edges_removed"": 4397, ""graphs"": 100, ""graphs_skipped"": 0, ""graphs_success"": 100, ""method"": ""triangle_injection_removal"", ""rewires"": 0, ""triangles_affected"": 8834}",0.6,0,structural_statistics_mmd,0.10404217711082608,7.315721816953707,7.825471767786529,1.9748289309936808,0.06821441650390625,success,
erdos_renyi,"{""edge_probability"": 0.12, ""family"": ""erdos_renyi"", ""m"": 2, ""num_blocks"": 3, ""num_graphs"": 100, ""num_nodes"": 50, ""p_in"": 0.25, ""p_out"": 0.03, ""seed"": 0}",triangle_injection_removal,"{""alpha"": 0.6, ""edges_added"": 4437, ""edges_removed"": 4397, ""graphs"": 100, ""graphs_skipped"": 0, ""graphs_success"": 100, ""method"": ""triangle_injection_removal"", ""rewires"": 0, ""triangles_affected"": 8834}",0.6,0,wl_subtree_kernel_mmd,3.3234,1.823019473291495,18.99518978827321,0.22969018800358754,22.066619873046875,success,
erdos_renyi,"{""edge_probability"": 0.12, ""family"": ""erdos_renyi"", ""m"": 2, ""num_blocks"": 3, ""num_graphs"": 100, ""num_nodes"": 50, ""p_in"": 0.25, ""p_out"": 0.03, ""seed"": 0}",triangle_injection_removal,"{""alpha"": 0.6, ""edges_added"": 4437, ""edges_removed"": 4397, ""graphs"": 100, ""graphs_skipped"": 0, ""graphs_success"": 100, ""method"": ""triangle_injection_removal"", ""rewires"": 0, ""triangles_affected"": 8834}",0.6,0,native_netlsd,0.09461441295671322,0.09461441295671322,0.1470223531585379,73.1814202759997,0.18906402587890625,success,
erdos_renyi,"{""edge_probability"": 0.12, ""family"": ""erdos_renyi"", ""m"": 2, ""num_blocks"": 3, ""num_graphs"": 100, ""num_nodes"": 50, ""p_in"": 0.25, ""p_out"": 0.03, ""seed"": 0}",triangle_injection_removal,"{""alpha"": 0.6, ""edges_added"": 4437, ""edges_removed"": 4397, ""graphs"": 100, ""graphs_skipped"": 0, ""graphs_success"": 100, ""method"": ""triangle_injection_removal"", ""rewires"": 0, ""triangles_affected"": 8834}",0.6,0,diversity_curves_shortest_path,0.07749833491618621,0.07749833491618621,0.14818511511773594,121.76199441199424,0.1390228271484375,success,
erdos_renyi,"{""edge_probability"": 0.12, ""family"": ""erdos_renyi"", ""m"": 2, ""num_blocks"": 3, ""num_graphs"": 100, ""num_nodes"": 50, ""p_in"": 0.25, ""p_out"": 0.03, ""seed"": 0}",triangle_injection_removal,"{""alpha"": 0.7, ""edges_added"": 5177, ""edges_removed"": 5129, ""graphs"": 100, ""graphs_skipped"": 0, ""graphs_success"": 100, ""method"": ""triangle_injection_removal"", ""rewires"": 0, ""triangles_affected"": 10306}",0.7,0,structural_statistics_mmd,0.11470132459641447,8.436231154996696,8.742395289657445,1.9821436729980633,0.06821441650390625,success,
erdos_renyi,"{""edge_probability"": 0.12, ""family"": ""erdos_renyi"", ""m"": 2, ""num_blocks"": 3, ""num_graphs"": 100, ""num_nodes"": 50, ""p_in"": 0.25, ""p_out"": 0.03, ""seed"": 0}",triangle_injection_removal,"{""alpha"": 0.7, ""edges_added"": 5177, ""edges_removed"": 5129, ""graphs"": 100, ""graphs_skipped"": 0, ""graphs_success"": 100, ""method"": ""triangle_injection_removal"", ""rewires"": 0, ""triangles_affected"": 10306}",0.7,0,wl_subtree_kernel_mmd,3.9049999999999994,1.9761072845369503,19.06955884712292,0.229708489991026,22.136415481567383,success,
erdos_renyi,"{""edge_probability"": 0.12, ""family"": ""erdos_renyi"", ""m"": 2, ""num_blocks"": 3, ""num_graphs"": 100, ""num_nodes"": 50, ""p_in"": 0.25, ""p_out"": 0.03, ""seed"": 0}",triangle_injection_removal,"{""alpha"": 0.7, ""edges_added"": 5177, ""edges_removed"": 5129, ""graphs"": 100, ""graphs_skipped"": 0, ""graphs_success"": 100, ""method"": ""triangle_injection_removal"", ""rewires"": 0, ""triangles_affected"": 10306}",0.7,0,native_netlsd,0.23614855103608953,0.23614855103608953,0.28420655192472644,72.95663831901038,0.18910980224609375,success,
erdos_renyi,"{""edge_probability"": 0.12, ""family"": ""erdos_renyi"", ""m"": 2, ""num_blocks"": 3, ""num_graphs"": 100, ""num_nodes"": 50, ""p_in"": 0.25, ""p_out"": 0.03, ""seed"": 0}",triangle_injection_removal,"{""alpha"": 0.7, ""edges_added"": 5177, ""edges_removed"": 5129, ""graphs"": 100, ""graphs_skipped"": 0, ""graphs_success"": 100, ""method"": ""triangle_injection_removal"", ""rewires"": 0, ""triangles_affected"": 10306}",0.7,0,diversity_curves_shortest_path,0.1669112854800959,0.1669112854800959,0.23731316655722406,121.89948743399873,0.13953399658203125,success,
erdos_renyi,"{""edge_probability"": 0.12, ""family"": ""erdos_renyi"", ""m"": 2, ""num_blocks"": 3, ""num_graphs"": 100, ""num_nodes"": 50, ""p_in"": 0.25, ""p_out"": 0.03, ""seed"": 0}",triangle_injection_removal,"{""alpha"": 0.8, ""edges_added"": 5914, ""edges_removed"": 5875, ""graphs"": 100, ""graphs_skipped"": 0, ""graphs_success"": 100, ""method"": ""triangle_injection_removal"", ""rewires"": 0, ""triangles_affected"": 11789}",0.8,0,structural_statistics_mmd,0.16550049555073132,9.870717658769598,10.139862558326193,1.9885387859976618,0.06821441650390625,success,
erdos_renyi,"{""edge_probability"": 0.12, ""family"": ""erdos_renyi"", ""m"": 2, ""num_blocks"": 3, ""num_graphs"": 100, ""num_nodes"": 50, ""p_in"": 0.25, ""p_out"": 0.03, ""seed"": 0}",triangle_injection_removal,"{""alpha"": 0.8, ""edges_added"": 5914, ""edges_removed"": 5875, ""graphs"": 100, ""graphs_skipped"": 0, ""graphs_success"": 100, ""method"": ""triangle_injection_removal"", ""rewires"": 0, ""triangles_affected"": 11789}",0.8,0,wl_subtree_kernel_mmd,3.9200000000000004,1.9798989873223332,19.109841865265928,0.2551588300120784,22.149819374084473,success,
erdos_renyi,"{""edge_probability"": 0.12, ""family"": ""erdos_renyi"", ""m"": 2, ""num_blocks"": 3, ""num_graphs"": 100, ""num_nodes"": 50, ""p_in"": 0.25, ""p_out"": 0.03, ""seed"": 0}",triangle_injection_removal,"{""alpha"": 0.8, ""edges_added"": 5914, ""edges_removed"": 5875, ""graphs"": 100, ""graphs_skipped"": 0, ""graphs_success"": 100, ""method"": ""triangle_injection_removal"", ""rewires"": 0, ""triangles_affected"": 11789}",0.8,0,native_netlsd,0.1707921312025956,0.1707921312025956,0.22663437397359146,73.07595381500141,0.18910980224609375,success,
erdos_renyi,"{""edge_probability"": 0.12, ""family"": ""erdos_renyi"", ""m"": 2, ""num_blocks"": 3, ""num_graphs"": 100, ""num_nodes"": 50, ""p_in"": 0.25, ""p_out"": 0.03, ""seed"": 0}",triangle_injection_removal,"{""alpha"": 0.8, ""edges_added"": 5914, ""edges_removed"": 5875, ""graphs"": 100, ""graphs_skipped"": 0, ""graphs_success"": 100, ""method"": ""triangle_injection_removal"", ""rewires"": 0, ""triangles_affected"": 11789}",0.8,0,diversity_curves_shortest_path,0.14422167621366017,0.14422167621366017,0.2051943737929316,121.2304287829902,0.13941192626953125,success,
erdos_renyi,"{""edge_probability"": 0.12, ""family"": ""erdos_renyi"", ""m"": 2, ""num_blocks"": 3, ""num_graphs"": 100, ""num_nodes"": 50, ""p_in"": 0.25, ""p_out"": 0.03, ""seed"": 0}",triangle_injection_removal,"{""alpha"": 0.9, ""edges_added"": 6657, ""edges_removed"": 6607, ""graphs"": 100, ""graphs_skipped"": 0, ""graphs_success"": 100, ""method"": ""triangle_injection_removal"", ""rewires"": 0, ""triangles_affected"": 13264}",0.9,0,structural_statistics_mmd,0.20782691330983372,11.068607053150528,11.613669237613717,1.9816994669963606,0.06821441650390625,success,
erdos_renyi,"{""edge_probability"": 0.12, ""family"": ""erdos_renyi"", ""m"": 2, ""num_blocks"": 3, ""num_graphs"": 100, ""num_nodes"": 50, ""p_in"": 0.25, ""p_out"": 0.03, ""seed"": 0}",triangle_injection_removal,"{""alpha"": 0.9, ""edges_added"": 6657, ""edges_removed"": 6607, ""graphs"": 100, ""graphs_skipped"": 0, ""graphs_success"": 100, ""method"": ""triangle_injection_removal"", ""rewires"": 0, ""triangles_affected"": 13264}",0.9,0,wl_subtree_kernel_mmd,5.464399999999999,2.3376056125873754,19.24303733395616,0.2289243639970664,22.275022506713867,success,
erdos_renyi,"{""edge_probability"": 0.12, ""family"": ""erdos_renyi"", ""m"": 2, ""num_blocks"": 3, ""num_graphs"": 100, ""num_nodes"": 50, ""p_in"": 0.25, ""p_out"": 0.03, ""seed"": 0}",triangle_injection_removal,"{""alpha"": 0.9, ""edges_added"": 6657, ""edges_removed"": 6607, ""graphs"": 100, ""graphs_skipped"": 0, ""graphs_success"": 100, ""method"": ""triangle_injection_removal"", ""rewires"": 0, ""triangles_affected"": 13264}",0.9,0,native_netlsd,0.36649979257357634,0.36649979257357634,0.41492538769555604,72.99187130300561,0.18906402587890625,success,
erdos_renyi,"{""edge_probability"": 0.12, ""family"": ""erdos_renyi"", ""m"": 2, ""num_blocks"": 3, ""num_graphs"": 100, ""num_nodes"": 50, ""p_in"": 0.25, ""p_out"": 0.03, ""seed"": 0}",triangle_injection_removal,"{""alpha"": 0.9, ""edges_added"": 6657, ""edges_removed"": 6607, ""graphs"": 100, ""graphs_skipped"": 0, ""graphs_success"": 100, ""method"": ""triangle_injection_removal"", ""rewires"": 0, ""triangles_affected"": 13264}",0.9,0,diversity_curves_shortest_path,0.25811399575853555,0.25811399575853555,0.32547750074552567,122.17676137400849,0.13953399658203125,success,
erdos_renyi,"{""edge_probability"": 0.12, ""family"": ""erdos_renyi"", ""m"": 2, ""num_blocks"": 3, ""num_graphs"": 100, ""num_nodes"": 50, ""p_in"": 0.25, ""p_out"": 0.03, ""seed"": 0}",triangle_injection_removal,"{""alpha"": 1.0, ""edges_added"": 7421, ""edges_removed"": 7373, ""graphs"": 100, ""graphs_skipped"": 0, ""graphs_success"": 100, ""method"": ""triangle_injection_removal"", ""rewires"": 0, ""triangles_affected"": 14794}",1.0,0,structural_statistics_mmd,0.20642380709017016,11.038963351229985,11.834856113952021,1.9775821619987255,0.06821441650390625,success,
erdos_renyi,"{""edge_probability"": 0.12, ""family"": ""erdos_renyi"", ""m"": 2, ""num_blocks"": 3, ""num_graphs"": 100, ""num_nodes"": 50, ""p_in"": 0.25, ""p_out"": 0.03, ""seed"": 0}",triangle_injection_removal,"{""alpha"": 1.0, ""edges_added"": 7421, ""edges_removed"": 7373, ""graphs"": 100, ""graphs_skipped"": 0, ""graphs_success"": 100, ""method"": ""triangle_injection_removal"", ""rewires"": 0, ""triangles_affected"": 14794}",1.0,0,wl_subtree_kernel_mmd,5.694400000000003,2.386294198123945,19.250775180649086,0.23233347400673665,22.245710372924805,success,
erdos_renyi,"{""edge_probability"": 0.12, ""family"": ""erdos_renyi"", ""m"": 2, ""num_blocks"": 3, ""num_graphs"": 100, ""num_nodes"": 50, ""p_in"": 0.25, ""p_out"": 0.03, ""seed"": 0}",triangle_injection_removal,"{""alpha"": 1.0, ""edges_added"": 7421, ""edges_removed"": 7373, ""graphs"": 100, ""graphs_skipped"": 0, ""graphs_success"": 100, ""method"": ""triangle_injection_removal"", ""rewires"": 0, ""triangles_affected"": 14794}",1.0,0,native_netlsd,0.3263692674590313,0.3263692674590313,0.3884270207465994,73.16859828299494,0.18910980224609375,success,
erdos_renyi,"{""edge_probability"": 0.12, ""family"": ""erdos_renyi"", ""m"": 2, ""num_blocks"": 3, ""num_graphs"": 100, ""num_nodes"": 50, ""p_in"": 0.25, ""p_out"": 0.03, ""seed"": 0}",triangle_injection_removal,"{""alpha"": 1.0, ""edges_added"": 7421, ""edges_removed"": 7373, ""graphs"": 100, ""graphs_skipped"": 0, ""graphs_success"": 100, ""method"": ""triangle_injection_removal"", ""rewires"": 0, ""triangles_affected"": 14794}",1.0,0,diversity_curves_shortest_path,0.23672026138064198,0.23672026138064198,0.29926480470514716,121.83409971800575,0.139617919921875,success,
erdos_renyi,"{""edge_probability"": 0.12, ""family"": ""erdos_renyi"", ""m"": 2, ""num_blocks"": 3, ""num_graphs"": 100, ""num_nodes"": 50, ""p_in"": 0.25, ""p_out"": 0.03, ""seed"": 0}",community_weakening,"{""alpha"": 0.0, ""edges_added"": 0, ""edges_removed"": 0, ""graphs"": 100, ""graphs_skipped"": 100, ""graphs_success"": 0, ""method"": ""community_weakening"", ""rewires"": 0, ""triangles_affected"": 0}",0.0,0,structural_statistics_mmd,,,,0.0,,skipped,community_weakening requires community_labels metadata
erdos_renyi,"{""edge_probability"": 0.12, ""family"": ""erdos_renyi"", ""m"": 2, ""num_blocks"": 3, ""num_graphs"": 100, ""num_nodes"": 50, ""p_in"": 0.25, ""p_out"": 0.03, ""seed"": 0}",community_weakening,"{""alpha"": 0.0, ""edges_added"": 0, ""edges_removed"": 0, ""graphs"": 100, ""graphs_skipped"": 100, ""graphs_success"": 0, ""method"": ""community_weakening"", ""rewires"": 0, ""triangles_affected"": 0}",0.0,0,wl_subtree_kernel_mmd,,,,0.0,,skipped,community_weakening requires community_labels metadata
erdos_renyi,"{""edge_probability"": 0.12, ""family"": ""erdos_renyi"", ""m"": 2, ""num_blocks"": 3, ""num_graphs"": 100, ""num_nodes"": 50, ""p_in"": 0.25, ""p_out"": 0.03, ""seed"": 0}",community_weakening,"{""alpha"": 0.0, ""edges_added"": 0, ""edges_removed"": 0, ""graphs"": 100, ""graphs_skipped"": 100, ""graphs_success"": 0, ""method"": ""community_weakening"", ""rewires"": 0, ""triangles_affected"": 0}",0.0,0,native_netlsd,,,,0.0,,skipped,community_weakening requires community_labels metadata
erdos_renyi,"{""edge_probability"": 0.12, ""family"": ""erdos_renyi"", ""m"": 2, ""num_blocks"": 3, ""num_graphs"": 100, ""num_nodes"": 50, ""p_in"": 0.25, ""p_out"": 0.03, ""seed"": 0}",community_weakening,"{""alpha"": 0.0, ""edges_added"": 0, ""edges_removed"": 0, ""graphs"": 100, ""graphs_skipped"": 100, ""graphs_success"": 0, ""method"": ""community_weakening"", ""rewires"": 0, ""triangles_affected"": 0}",0.0,0,diversity_curves_shortest_path,,,,0.0,,skipped,community_weakening requires community_labels metadata
erdos_renyi,"{""edge_probability"": 0.12, ""family"": ""erdos_renyi"", ""m"": 2, ""num_blocks"": 3, ""num_graphs"": 100, ""num_nodes"": 50, ""p_in"": 0.25, ""p_out"": 0.03, ""seed"": 0}",community_weakening,"{""alpha"": 0.1, ""edges_added"": 0, ""edges_removed"": 0, ""graphs"": 100, ""graphs_skipped"": 100, ""graphs_success"": 0, ""method"": ""community_weakening"", ""rewires"": 0, ""triangles_affected"": 0}",0.1,0,structural_statistics_mmd,,,,0.0,,skipped,community_weakening requires community_labels metadata
erdos_renyi,"{""edge_probability"": 0.12, ""family"": ""erdos_renyi"", ""m"": 2, ""num_blocks"": 3, ""num_graphs"": 100, ""num_nodes"": 50, ""p_in"": 0.25, ""p_out"": 0.03, ""seed"": 0}",community_weakening,"{""alpha"": 0.1, ""edges_added"": 0, ""edges_removed"": 0, ""graphs"": 100, ""graphs_skipped"": 100, ""graphs_success"": 0, ""method"": ""community_weakening"", ""rewires"": 0, ""triangles_affected"": 0}",0.1,0,wl_subtree_kernel_mmd,,,,0.0,,skipped,community_weakening requires community_labels metadata
erdos_renyi,"{""edge_probability"": 0.12, ""family"": ""erdos_renyi"", ""m"": 2, ""num_blocks"": 3, ""num_graphs"": 100, ""num_nodes"": 50, ""p_in"": 0.25, ""p_out"": 0.03, ""seed"": 0}",community_weakening,"{""alpha"": 0.1, ""edges_added"": 0, ""edges_removed"": 0, ""graphs"": 100, ""graphs_skipped"": 100, ""graphs_success"": 0, ""method"": ""community_weakening"", ""rewires"": 0, ""triangles_affected"": 0}",0.1,0,native_netlsd,,,,0.0,,skipped,community_weakening requires community_labels metadata
erdos_renyi,"{""edge_probability"": 0.12, ""family"": ""erdos_renyi"", ""m"": 2, ""num_blocks"": 3, ""num_graphs"": 100, ""num_nodes"": 50, ""p_in"": 0.25, ""p_out"": 0.03, ""seed"": 0}",community_weakening,"{""alpha"": 0.1, ""edges_added"": 0, ""edges_removed"": 0, ""graphs"": 100, ""graphs_skipped"": 100, ""graphs_success"": 0, ""method"": ""community_weakening"", ""rewires"": 0, ""triangles_affected"": 0}",0.1,0,diversity_curves_shortest_path,,,,0.0,,skipped,community_weakening requires community_labels metadata
erdos_renyi,"{""edge_probability"": 0.12, ""family"": ""erdos_renyi"", ""m"": 2, ""num_blocks"": 3, ""num_graphs"": 100, ""num_nodes"": 50, ""p_in"": 0.25, ""p_out"": 0.03, ""seed"": 0}",community_weakening,"{""alpha"": 0.2, ""edges_added"": 0, ""edges_removed"": 0, ""graphs"": 100, ""graphs_skipped"": 100, ""graphs_success"": 0, ""method"": ""community_weakening"", ""rewires"": 0, ""triangles_affected"": 0}",0.2,0,structural_statistics_mmd,,,,0.0,,skipped,community_weakening requires community_labels metadata
erdos_renyi,"{""edge_probability"": 0.12, ""family"": ""erdos_renyi"", ""m"": 2, ""num_blocks"": 3, ""num_graphs"": 100, ""num_nodes"": 50, ""p_in"": 0.25, ""p_out"": 0.03, ""seed"": 0}",community_weakening,"{""alpha"": 0.2, ""edges_added"": 0, ""edges_removed"": 0, ""graphs"": 100, ""graphs_skipped"": 100, ""graphs_success"": 0, ""method"": ""community_weakening"", ""rewires"": 0, ""triangles_affected"": 0}",0.2,0,wl_subtree_kernel_mmd,,,,0.0,,skipped,community_weakening requires community_labels metadata
erdos_renyi,"{""edge_probability"": 0.12, ""family"": ""erdos_renyi"", ""m"": 2, ""num_blocks"": 3, ""num_graphs"": 100, ""num_nodes"": 50, ""p_in"": 0.25, ""p_out"": 0.03, ""seed"": 0}",community_weakening,"{""alpha"": 0.2, ""edges_added"": 0, ""edges_removed"": 0, ""graphs"": 100, ""graphs_skipped"": 100, ""graphs_success"": 0, ""method"": ""community_weakening"", ""rewires"": 0, ""triangles_affected"": 0}",0.2,0,native_netlsd,,,,0.0,,skipped,community_weakening requires community_labels metadata
erdos_renyi,"{""edge_probability"": 0.12, ""family"": ""erdos_renyi"", ""m"": 2, ""num_blocks"": 3, ""num_graphs"": 100, ""num_nodes"": 50, ""p_in"": 0.25, ""p_out"": 0.03, ""seed"": 0}",community_weakening,"{""alpha"": 0.2, ""edges_added"": 0, ""edges_removed"": 0, ""graphs"": 100, ""graphs_skipped"": 100, ""graphs_success"": 0, ""method"": ""community_weakening"", ""rewires"": 0, ""triangles_affected"": 0}",0.2,0,diversity_curves_shortest_path,,,,0.0,,skipped,community_weakening requires community_labels metadata
erdos_renyi,"{""edge_probability"": 0.12, ""family"": ""erdos_renyi"", ""m"": 2, ""num_blocks"": 3, ""num_graphs"": 100, ""num_nodes"": 50, ""p_in"": 0.25, ""p_out"": 0.03, ""seed"": 0}",community_weakening,"{""alpha"": 0.3, ""edges_added"": 0, ""edges_removed"": 0, ""graphs"": 100, ""graphs_skipped"": 100, ""graphs_success"": 0, ""method"": ""community_weakening"", ""rewires"": 0, ""triangles_affected"": 0}",0.3,0,structural_statistics_mmd,,,,0.0,,skipped,community_weakening requires community_labels metadata
erdos_renyi,"{""edge_probability"": 0.12, ""family"": ""erdos_renyi"", ""m"": 2, ""num_blocks"": 3, ""num_graphs"": 100, ""num_nodes"": 50, ""p_in"": 0.25, ""p_out"": 0.03, ""seed"": 0}",community_weakening,"{""alpha"": 0.3, ""edges_added"": 0, ""edges_removed"": 0, ""graphs"": 100, ""graphs_skipped"": 100, ""graphs_success"": 0, ""method"": ""community_weakening"", ""rewires"": 0, ""triangles_affected"": 0}",0.3,0,wl_subtree_kernel_mmd,,,,0.0,,skipped,community_weakening requires community_labels metadata
erdos_renyi,"{""edge_probability"": 0.12, ""family"": ""erdos_renyi"", ""m"": 2, ""num_blocks"": 3, ""num_graphs"": 100, ""num_nodes"": 50, ""p_in"": 0.25, ""p_out"": 0.03, ""seed"": 0}",community_weakening,"{""alpha"": 0.3, ""edges_added"": 0, ""edges_removed"": 0, ""graphs"": 100, ""graphs_skipped"": 100, ""graphs_success"": 0, ""method"": ""community_weakening"", ""rewires"": 0, ""triangles_affected"": 0}",0.3,0,native_netlsd,,,,0.0,,skipped,community_weakening requires community_labels metadata
erdos_renyi,"{""edge_probability"": 0.12, ""family"": ""erdos_renyi"", ""m"": 2, ""num_blocks"": 3, ""num_graphs"": 100, ""num_nodes"": 50, ""p_in"": 0.25, ""p_out"": 0.03, ""seed"": 0}",community_weakening,"{""alpha"": 0.3, ""edges_added"": 0, ""edges_removed"": 0, ""graphs"": 100, ""graphs_skipped"": 100, ""graphs_success"": 0, ""method"": ""community_weakening"", ""rewires"": 0, ""triangles_affected"": 0}",0.3,0,diversity_curves_shortest_path,,,,0.0,,skipped,community_weakening requires community_labels metadata
erdos_renyi,"{""edge_probability"": 0.12, ""family"": ""erdos_renyi"", ""m"": 2, ""num_blocks"": 3, ""num_graphs"": 100, ""num_nodes"": 50, ""p_in"": 0.25, ""p_out"": 0.03, ""seed"": 0}",community_weakening,"{""alpha"": 0.4, ""edges_added"": 0, ""edges_removed"": 0, ""graphs"": 100, ""graphs_skipped"": 100, ""graphs_success"": 0, ""method"": ""community_weakening"", ""rewires"": 0, ""triangles_affected"": 0}",0.4,0,structural_statistics_mmd,,,,0.0,,skipped,community_weakening requires community_labels metadata
erdos_renyi,"{""edge_probability"": 0.12, ""family"": ""erdos_renyi"", ""m"": 2, ""num_blocks"": 3, ""num_graphs"": 100, ""num_nodes"": 50, ""p_in"": 0.25, ""p_out"": 0.03, ""seed"": 0}",community_weakening,"{""alpha"": 0.4, ""edges_added"": 0, ""edges_removed"": 0, ""graphs"": 100, ""graphs_skipped"": 100, ""graphs_success"": 0, ""method"": ""community_weakening"", ""rewires"": 0, ""triangles_affected"": 0}",0.4,0,wl_subtree_kernel_mmd,,,,0.0,,skipped,community_weakening requires community_labels metadata
erdos_renyi,"{""edge_probability"": 0.12, ""family"": ""erdos_renyi"", ""m"": 2, ""num_blocks"": 3, ""num_graphs"": 100, ""num_nodes"": 50, ""p_in"": 0.25, ""p_out"": 0.03, ""seed"": 0}",community_weakening,"{""alpha"": 0.4, ""edges_added"": 0, ""edges_removed"": 0, ""graphs"": 100, ""graphs_skipped"": 100, ""graphs_success"": 0, ""method"": ""community_weakening"", ""rewires"": 0, ""triangles_affected"": 0}",0.4,0,native_netlsd,,,,0.0,,skipped,community_weakening requires community_labels metadata
erdos_renyi,"{""edge_probability"": 0.12, ""family"": ""erdos_renyi"", ""m"": 2, ""num_blocks"": 3, ""num_graphs"": 100, ""num_nodes"": 50, ""p_in"": 0.25, ""p_out"": 0.03, ""seed"": 0}",community_weakening,"{""alpha"": 0.4, ""edges_added"": 0, ""edges_removed"": 0, ""graphs"": 100, ""graphs_skipped"": 100, ""graphs_success"": 0, ""method"": ""community_weakening"", ""rewires"": 0, ""triangles_affected"": 0}",0.4,0,diversity_curves_shortest_path,,,,0.0,,skipped,community_weakening requires community_labels metadata
erdos_renyi,"{""edge_probability"": 0.12, ""family"": ""erdos_renyi"", ""m"": 2, ""num_blocks"": 3, ""num_graphs"": 100, ""num_nodes"": 50, ""p_in"": 0.25, ""p_out"": 0.03, ""seed"": 0}",community_weakening,"{""alpha"": 0.5, ""edges_added"": 0, ""edges_removed"": 0, ""graphs"": 100, ""graphs_skipped"": 100, ""graphs_success"": 0, ""method"": ""community_weakening"", ""rewires"": 0, ""triangles_affected"": 0}",0.5,0,structural_statistics_mmd,,,,0.0,,skipped,community_weakening requires community_labels metadata
erdos_renyi,"{""edge_probability"": 0.12, ""family"": ""erdos_renyi"", ""m"": 2, ""num_blocks"": 3, ""num_graphs"": 100, ""num_nodes"": 50, ""p_in"": 0.25, ""p_out"": 0.03, ""seed"": 0}",community_weakening,"{""alpha"": 0.5, ""edges_added"": 0, ""edges_removed"": 0, ""graphs"": 100, ""graphs_skipped"": 100, ""graphs_success"": 0, ""method"": ""community_weakening"", ""rewires"": 0, ""triangles_affected"": 0}",0.5,0,wl_subtree_kernel_mmd,,,,0.0,,skipped,community_weakening requires community_labels metadata
erdos_renyi,"{""edge_probability"": 0.12, ""family"": ""erdos_renyi"", ""m"": 2, ""num_blocks"": 3, ""num_graphs"": 100, ""num_nodes"": 50, ""p_in"": 0.25, ""p_out"": 0.03, ""seed"": 0}",community_weakening,"{""alpha"": 0.5, ""edges_added"": 0, ""edges_removed"": 0, ""graphs"": 100, ""graphs_skipped"": 100, ""graphs_success"": 0, ""method"": ""community_weakening"", ""rewires"": 0, ""triangles_affected"": 0}",0.5,0,native_netlsd,,,,0.0,,skipped,community_weakening requires community_labels metadata
erdos_renyi,"{""edge_probability"": 0.12, ""family"": ""erdos_renyi"", ""m"": 2, ""num_blocks"": 3, ""num_graphs"": 100, ""num_nodes"": 50, ""p_in"": 0.25, ""p_out"": 0.03, ""seed"": 0}",community_weakening,"{""alpha"": 0.5, ""edges_added"": 0, ""edges_removed"": 0, ""graphs"": 100, ""graphs_skipped"": 100, ""graphs_success"": 0, ""method"": ""community_weakening"", ""rewires"": 0, ""triangles_affected"": 0}",0.5,0,diversity_curves_shortest_path,,,,0.0,,skipped,community_weakening requires community_labels metadata
erdos_renyi,"{""edge_probability"": 0.12, ""family"": ""erdos_renyi"", ""m"": 2, ""num_blocks"": 3, ""num_graphs"": 100, ""num_nodes"": 50, ""p_in"": 0.25, ""p_out"": 0.03, ""seed"": 0}",community_weakening,"{""alpha"": 0.6, ""edges_added"": 0, ""edges_removed"": 0, ""graphs"": 100, ""graphs_skipped"": 100, ""graphs_success"": 0, ""method"": ""community_weakening"", ""rewires"": 0, ""triangles_affected"": 0}",0.6,0,structural_statistics_mmd,,,,0.0,,skipped,community_weakening requires community_labels metadata
erdos_renyi,"{""edge_probability"": 0.12, ""family"": ""erdos_renyi"", ""m"": 2, ""num_blocks"": 3, ""num_graphs"": 100, ""num_nodes"": 50, ""p_in"": 0.25, ""p_out"": 0.03, ""seed"": 0}",community_weakening,"{""alpha"": 0.6, ""edges_added"": 0, ""edges_removed"": 0, ""graphs"": 100, ""graphs_skipped"": 100, ""graphs_success"": 0, ""method"": ""community_weakening"", ""rewires"": 0, ""triangles_affected"": 0}",0.6,0,wl_subtree_kernel_mmd,,,,0.0,,skipped,community_weakening requires community_labels metadata
erdos_renyi,"{""edge_probability"": 0.12, ""family"": ""erdos_renyi"", ""m"": 2, ""num_blocks"": 3, ""num_graphs"": 100, ""num_nodes"": 50, ""p_in"": 0.25, ""p_out"": 0.03, ""seed"": 0}",community_weakening,"{""alpha"": 0.6, ""edges_added"": 0, ""edges_removed"": 0, ""graphs"": 100, ""graphs_skipped"": 100, ""graphs_success"": 0, ""method"": ""community_weakening"", ""rewires"": 0, ""triangles_affected"": 0}",0.6,0,native_netlsd,,,,0.0,,skipped,community_weakening requires community_labels metadata
erdos_renyi,"{""edge_probability"": 0.12, ""family"": ""erdos_renyi"", ""m"": 2, ""num_blocks"": 3, ""num_graphs"": 100, ""num_nodes"": 50, ""p_in"": 0.25, ""p_out"": 0.03, ""seed"": 0}",community_weakening,"{""alpha"": 0.6, ""edges_added"": 0, ""edges_removed"": 0, ""graphs"": 100, ""graphs_skipped"": 100, ""graphs_success"": 0, ""method"": ""community_weakening"", ""rewires"": 0, ""triangles_affected"": 0}",0.6,0,diversity_curves_shortest_path,,,,0.0,,skipped,community_weakening requires community_labels metadata
erdos_renyi,"{""edge_probability"": 0.12, ""family"": ""erdos_renyi"", ""m"": 2, ""num_blocks"": 3, ""num_graphs"": 100, ""num_nodes"": 50, ""p_in"": 0.25, ""p_out"": 0.03, ""seed"": 0}",community_weakening,"{""alpha"": 0.7, ""edges_added"": 0, ""edges_removed"": 0, ""graphs"": 100, ""graphs_skipped"": 100, ""graphs_success"": 0, ""method"": ""community_weakening"", ""rewires"": 0, ""triangles_affected"": 0}",0.7,0,structural_statistics_mmd,,,,0.0,,skipped,community_weakening requires community_labels metadata
erdos_renyi,"{""edge_probability"": 0.12, ""family"": ""erdos_renyi"", ""m"": 2, ""num_blocks"": 3, ""num_graphs"": 100, ""num_nodes"": 50, ""p_in"": 0.25, ""p_out"": 0.03, ""seed"": 0}",community_weakening,"{""alpha"": 0.7, ""edges_added"": 0, ""edges_removed"": 0, ""graphs"": 100, ""graphs_skipped"": 100, ""graphs_success"": 0, ""method"": ""community_weakening"", ""rewires"": 0, ""triangles_affected"": 0}",0.7,0,wl_subtree_kernel_mmd,,,,0.0,,skipped,community_weakening requires community_labels metadata
erdos_renyi,"{""edge_probability"": 0.12, ""family"": ""erdos_renyi"", ""m"": 2, ""num_blocks"": 3, ""num_graphs"": 100, ""num_nodes"": 50, ""p_in"": 0.25, ""p_out"": 0.03, ""seed"": 0}",community_weakening,"{""alpha"": 0.7, ""edges_added"": 0, ""edges_removed"": 0, ""graphs"": 100, ""graphs_skipped"": 100, ""graphs_success"": 0, ""method"": ""community_weakening"", ""rewires"": 0, ""triangles_affected"": 0}",0.7,0,native_netlsd,,,,0.0,,skipped,community_weakening requires community_labels metadata
erdos_renyi,"{""edge_probability"": 0.12, ""family"": ""erdos_renyi"", ""m"": 2, ""num_blocks"": 3, ""num_graphs"": 100, ""num_nodes"": 50, ""p_in"": 0.25, ""p_out"": 0.03, ""seed"": 0}",community_weakening,"{""alpha"": 0.7, ""edges_added"": 0, ""edges_removed"": 0, ""graphs"": 100, ""graphs_skipped"": 100, ""graphs_success"": 0, ""method"": ""community_weakening"", ""rewires"": 0, ""triangles_affected"": 0}",0.7,0,diversity_curves_shortest_path,,,,0.0,,skipped,community_weakening requires community_labels metadata
erdos_renyi,"{""edge_probability"": 0.12, ""family"": ""erdos_renyi"", ""m"": 2, ""num_blocks"": 3, ""num_graphs"": 100, ""num_nodes"": 50, ""p_in"": 0.25, ""p_out"": 0.03, ""seed"": 0}",community_weakening,"{""alpha"": 0.8, ""edges_added"": 0, ""edges_removed"": 0, ""graphs"": 100, ""graphs_skipped"": 100, ""graphs_success"": 0, ""method"": ""community_weakening"", ""rewires"": 0, ""triangles_affected"": 0}",0.8,0,structural_statistics_mmd,,,,0.0,,skipped,community_weakening requires community_labels metadata
erdos_renyi,"{""edge_probability"": 0.12, ""family"": ""erdos_renyi"", ""m"": 2, ""num_blocks"": 3, ""num_graphs"": 100, ""num_nodes"": 50, ""p_in"": 0.25, ""p_out"": 0.03, ""seed"": 0}",community_weakening,"{""alpha"": 0.8, ""edges_added"": 0, ""edges_removed"": 0, ""graphs"": 100, ""graphs_skipped"": 100, ""graphs_success"": 0, ""method"": ""community_weakening"", ""rewires"": 0, ""triangles_affected"": 0}",0.8,0,wl_subtree_kernel_mmd,,,,0.0,,skipped,community_weakening requires community_labels metadata
erdos_renyi,"{""edge_probability"": 0.12, ""family"": ""erdos_renyi"", ""m"": 2, ""num_blocks"": 3, ""num_graphs"": 100, ""num_nodes"": 50, ""p_in"": 0.25, ""p_out"": 0.03, ""seed"": 0}",community_weakening,"{""alpha"": 0.8, ""edges_added"": 0, ""edges_removed"": 0, ""graphs"": 100, ""graphs_skipped"": 100, ""graphs_success"": 0, ""method"": ""community_weakening"", ""rewires"": 0, ""triangles_affected"": 0}",0.8,0,native_netlsd,,,,0.0,,skipped,community_weakening requires community_labels metadata
erdos_renyi,"{""edge_probability"": 0.12, ""family"": ""erdos_renyi"", ""m"": 2, ""num_blocks"": 3, ""num_graphs"": 100, ""num_nodes"": 50, ""p_in"": 0.25, ""p_out"": 0.03, ""seed"": 0}",community_weakening,"{""alpha"": 0.8, ""edges_added"": 0, ""edges_removed"": 0, ""graphs"": 100, ""graphs_skipped"": 100, ""graphs_success"": 0, ""method"": ""community_weakening"", ""rewires"": 0, ""triangles_affected"": 0}",0.8,0,diversity_curves_shortest_path,,,,0.0,,skipped,community_weakening requires community_labels metadata
erdos_renyi,"{""edge_probability"": 0.12, ""family"": ""erdos_renyi"", ""m"": 2, ""num_blocks"": 3, ""num_graphs"": 100, ""num_nodes"": 50, ""p_in"": 0.25, ""p_out"": 0.03, ""seed"": 0}",community_weakening,"{""alpha"": 0.9, ""edges_added"": 0, ""edges_removed"": 0, ""graphs"": 100, ""graphs_skipped"": 100, ""graphs_success"": 0, ""method"": ""community_weakening"", ""rewires"": 0, ""triangles_affected"": 0}",0.9,0,structural_statistics_mmd,,,,0.0,,skipped,community_weakening requires community_labels metadata
erdos_renyi,"{""edge_probability"": 0.12, ""family"": ""erdos_renyi"", ""m"": 2, ""num_blocks"": 3, ""num_graphs"": 100, ""num_nodes"": 50, ""p_in"": 0.25, ""p_out"": 0.03, ""seed"": 0}",community_weakening,"{""alpha"": 0.9, ""edges_added"": 0, ""edges_removed"": 0, ""graphs"": 100, ""graphs_skipped"": 100, ""graphs_success"": 0, ""method"": ""community_weakening"", ""rewires"": 0, ""triangles_affected"": 0}",0.9,0,wl_subtree_kernel_mmd,,,,0.0,,skipped,community_weakening requires community_labels metadata
erdos_renyi,"{""edge_probability"": 0.12, ""family"": ""erdos_renyi"", ""m"": 2, ""num_blocks"": 3, ""num_graphs"": 100, ""num_nodes"": 50, ""p_in"": 0.25, ""p_out"": 0.03, ""seed"": 0}",community_weakening,"{""alpha"": 0.9, ""edges_added"": 0, ""edges_removed"": 0, ""graphs"": 100, ""graphs_skipped"": 100, ""graphs_success"": 0, ""method"": ""community_weakening"", ""rewires"": 0, ""triangles_affected"": 0}",0.9,0,native_netlsd,,,,0.0,,skipped,community_weakening requires community_labels metadata
erdos_renyi,"{""edge_probability"": 0.12, ""family"": ""erdos_renyi"", ""m"": 2, ""num_blocks"": 3, ""num_graphs"": 100, ""num_nodes"": 50, ""p_in"": 0.25, ""p_out"": 0.03, ""seed"": 0}",community_weakening,"{""alpha"": 0.9, ""edges_added"": 0, ""edges_removed"": 0, ""graphs"": 100, ""graphs_skipped"": 100, ""graphs_success"": 0, ""method"": ""community_weakening"", ""rewires"": 0, ""triangles_affected"": 0}",0.9,0,diversity_curves_shortest_path,,,,0.0,,skipped,community_weakening requires community_labels metadata
erdos_renyi,"{""edge_probability"": 0.12, ""family"": ""erdos_renyi"", ""m"": 2, ""num_blocks"": 3, ""num_graphs"": 100, ""num_nodes"": 50, ""p_in"": 0.25, ""p_out"": 0.03, ""seed"": 0}",community_weakening,"{""alpha"": 1.0, ""edges_added"": 0, ""edges_removed"": 0, ""graphs"": 100, ""graphs_skipped"": 100, ""graphs_success"": 0, ""method"": ""community_weakening"", ""rewires"": 0, ""triangles_affected"": 0}",1.0,0,structural_statistics_mmd,,,,0.0,,skipped,community_weakening requires community_labels metadata
erdos_renyi,"{""edge_probability"": 0.12, ""family"": ""erdos_renyi"", ""m"": 2, ""num_blocks"": 3, ""num_graphs"": 100, ""num_nodes"": 50, ""p_in"": 0.25, ""p_out"": 0.03, ""seed"": 0}",community_weakening,"{""alpha"": 1.0, ""edges_added"": 0, ""edges_removed"": 0, ""graphs"": 100, ""graphs_skipped"": 100, ""graphs_success"": 0, ""method"": ""community_weakening"", ""rewires"": 0, ""triangles_affected"": 0}",1.0,0,wl_subtree_kernel_mmd,,,,0.0,,skipped,community_weakening requires community_labels metadata
erdos_renyi,"{""edge_probability"": 0.12, ""family"": ""erdos_renyi"", ""m"": 2, ""num_blocks"": 3, ""num_graphs"": 100, ""num_nodes"": 50, ""p_in"": 0.25, ""p_out"": 0.03, ""seed"": 0}",community_weakening,"{""alpha"": 1.0, ""edges_added"": 0, ""edges_removed"": 0, ""graphs"": 100, ""graphs_skipped"": 100, ""graphs_success"": 0, ""method"": ""community_weakening"", ""rewires"": 0, ""triangles_affected"": 0}",1.0,0,native_netlsd,,,,0.0,,skipped,community_weakening requires community_labels metadata
erdos_renyi,"{""edge_probability"": 0.12, ""family"": ""erdos_renyi"", ""m"": 2, ""num_blocks"": 3, ""num_graphs"": 100, ""num_nodes"": 50, ""p_in"": 0.25, ""p_out"": 0.03, ""seed"": 0}",community_weakening,"{""alpha"": 1.0, ""edges_added"": 0, ""edges_removed"": 0, ""graphs"": 100, ""graphs_skipped"": 100, ""graphs_success"": 0, ""method"": ""community_weakening"", ""rewires"": 0, ""triangles_affected"": 0}",1.0,0,diversity_curves_shortest_path,,,,0.0,,skipped,community_weakening requires community_labels metadata
erdos_renyi,"{""edge_probability"": 0.12, ""family"": ""erdos_renyi"", ""m"": 2, ""num_blocks"": 3, ""num_graphs"": 100, ""num_nodes"": 50, ""p_in"": 0.25, ""p_out"": 0.03, ""seed"": 0}",hub_modification,"{""alpha"": 0.0, ""edges_added"": 0, ""edges_removed"": 0, ""graphs"": 100, ""graphs_skipped"": 0, ""graphs_success"": 100, ""method"": ""hub_modification"", ""rewires"": 0, ""triangles_affected"": 0}",0.0,0,structural_statistics_mmd,0.0,0.0,0.0,1.9674635260016657,0.07427215576171875,success,
erdos_renyi,"{""edge_probability"": 0.12, ""family"": ""erdos_renyi"", ""m"": 2, ""num_blocks"": 3, ""num_graphs"": 100, ""num_nodes"": 50, ""p_in"": 0.25, ""p_out"": 0.03, ""seed"": 0}",hub_modification,"{""alpha"": 0.0, ""edges_added"": 0, ""edges_removed"": 0, ""graphs"": 100, ""graphs_skipped"": 0, ""graphs_success"": 100, ""method"": ""hub_modification"", ""rewires"": 0, ""triangles_affected"": 0}",0.0,0,wl_subtree_kernel_mmd,0.0,0.0,0.0,0.22956510000221897,21.842723846435547,success,
erdos_renyi,"{""edge_probability"": 0.12, ""family"": ""erdos_renyi"", ""m"": 2, ""num_blocks"": 3, ""num_graphs"": 100, ""num_nodes"": 50, ""p_in"": 0.25, ""p_out"": 0.03, ""seed"": 0}",hub_modification,"{""alpha"": 0.0, ""edges_added"": 0, ""edges_removed"": 0, ""graphs"": 100, ""graphs_skipped"": 0, ""graphs_success"": 100, ""method"": ""hub_modification"", ""rewires"": 0, ""triangles_affected"": 0}",0.0,0,native_netlsd,0.0,0.0,0.0,73.89947088599729,0.1929931640625,success,
erdos_renyi,"{""edge_probability"": 0.12, ""family"": ""erdos_renyi"", ""m"": 2, ""num_blocks"": 3, ""num_graphs"": 100, ""num_nodes"": 50, ""p_in"": 0.25, ""p_out"": 0.03, ""seed"": 0}",hub_modification,"{""alpha"": 0.0, ""edges_added"": 0, ""edges_removed"": 0, ""graphs"": 100, ""graphs_skipped"": 0, ""graphs_success"": 100, ""method"": ""hub_modification"", ""rewires"": 0, ""triangles_affected"": 0}",0.0,0,diversity_curves_shortest_path,0.0,0.0,0.0,123.93873899399478,0.5269622802734375,success,
erdos_renyi,"{""edge_probability"": 0.12, ""family"": ""erdos_renyi"", ""m"": 2, ""num_blocks"": 3, ""num_graphs"": 100, ""num_nodes"": 50, ""p_in"": 0.25, ""p_out"": 0.03, ""seed"": 0}",hub_modification,"{""alpha"": 0.1, ""edges_added"": 1439, ""edges_removed"": 1439, ""graphs"": 100, ""graphs_skipped"": 0, ""graphs_success"": 100, ""method"": ""hub_modification"", ""rewires"": 1439, ""triangles_affected"": 0}",0.1,0,structural_statistics_mmd,0.009676662735473851,1.8018982312136553,3.960096044955319,1.9737666190048913,0.06821441650390625,success,
erdos_renyi,"{""edge_probability"": 0.12, ""family"": ""erdos_renyi"", ""m"": 2, ""num_blocks"": 3, ""num_graphs"": 100, ""num_nodes"": 50, ""p_in"": 0.25, ""p_out"": 0.03, ""seed"": 0}",hub_modification,"{""alpha"": 0.1, ""edges_added"": 1439, ""edges_removed"": 1439, ""graphs"": 100, ""graphs_skipped"": 0, ""graphs_success"": 100, ""method"": ""hub_modification"", ""rewires"": 1439, ""triangles_affected"": 0}",0.1,0,wl_subtree_kernel_mmd,4.1934,2.0477792849816603,18.520150124955702,0.2300022339913994,21.991522789001465,success,
erdos_renyi,"{""edge_probability"": 0.12, ""family"": ""erdos_renyi"", ""m"": 2, ""num_blocks"": 3, ""num_graphs"": 100, ""num_nodes"": 50, ""p_in"": 0.25, ""p_out"": 0.03, ""seed"": 0}",hub_modification,"{""alpha"": 0.1, ""edges_added"": 1439, ""edges_removed"": 1439, ""graphs"": 100, ""graphs_skipped"": 0, ""graphs_success"": 100, ""method"": ""hub_modification"", ""rewires"": 1439, ""triangles_affected"": 0}",0.1,0,native_netlsd,0.0254614905793073,0.0254614905793073,0.20387980241808848,73.17907145699428,0.1891326904296875,success,
erdos_renyi,"{""edge_probability"": 0.12, ""family"": ""erdos_renyi"", ""m"": 2, ""num_blocks"": 3, ""num_graphs"": 100, ""num_nodes"": 50, ""p_in"": 0.25, ""p_out"": 0.03, ""seed"": 0}",hub_modification,"{""alpha"": 0.1, ""edges_added"": 1439, ""edges_removed"": 1439, ""graphs"": 100, ""graphs_skipped"": 0, ""graphs_success"": 100, ""method"": ""hub_modification"", ""rewires"": 1439, ""triangles_affected"": 0}",0.1,0,diversity_curves_shortest_path,0.009105891640515121,0.009105891640515121,0.18195317526385033,123.63570793499821,0.13927459716796875,success,
erdos_renyi,"{""edge_probability"": 0.12, ""family"": ""erdos_renyi"", ""m"": 2, ""num_blocks"": 3, ""num_graphs"": 100, ""num_nodes"": 50, ""p_in"": 0.25, ""p_out"": 0.03, ""seed"": 0}",hub_modification,"{""alpha"": 0.2, ""edges_added"": 2920, ""edges_removed"": 2920, ""graphs"": 100, ""graphs_skipped"": 0, ""graphs_success"": 100, ""method"": ""hub_modification"", ""rewires"": 2920, ""triangles_affected"": 0}",0.2,0,structural_statistics_mmd,0.017642183625639962,2.90983935386827,5.881636614244494,1.971077875001356,0.06821441650390625,success,
erdos_renyi,"{""edge_probability"": 0.12, ""family"": ""erdos_renyi"", ""m"": 2, ""num_blocks"": 3, ""num_graphs"": 100, ""num_nodes"": 50, ""p_in"": 0.25, ""p_out"": 0.03, ""seed"": 0}",hub_modification,"{""alpha"": 0.2, ""edges_added"": 2920, ""edges_removed"": 2920, ""graphs"": 100, ""graphs_skipped"": 0, ""graphs_success"": 100, ""method"": ""hub_modification"", ""rewires"": 2920, ""triangles_affected"": 0}",0.2,0,wl_subtree_kernel_mmd,3.9274,1.9817668884104407,19.100661788163976,0.22899920500640292,22.099533081054688,success,
erdos_renyi,"{""edge_probability"": 0.12, ""family"": ""erdos_renyi"", ""m"": 2, ""num_blocks"": 3, ""num_graphs"": 100, ""num_nodes"": 50, ""p_in"": 0.25, ""p_out"": 0.03, ""seed"": 0}",hub_modification,"{""alpha"": 0.2, ""edges_added"": 2920, ""edges_removed"": 2920, ""graphs"": 100, ""graphs_skipped"": 0, ""graphs_success"": 100, ""method"": ""hub_modification"", ""rewires"": 2920, ""triangles_affected"": 0}",0.2,0,native_netlsd,0.0798067956484914,0.0798067956484914,0.2686892227312133,73.14398573999642,0.1890869140625,success,
erdos_renyi,"{""edge_probability"": 0.12, ""family"": ""erdos_renyi"", ""m"": 2, ""num_blocks"": 3, ""num_graphs"": 100, ""num_nodes"": 50, ""p_in"": 0.25, ""p_out"": 0.03, ""seed"": 0}",hub_modification,"{""alpha"": 0.2, ""edges_added"": 2920, ""edges_removed"": 2920, ""graphs"": 100, ""graphs_skipped"": 0, ""graphs_success"": 100, ""method"": ""hub_modification"", ""rewires"": 2920, ""triangles_affected"": 0}",0.2,0,diversity_curves_shortest_path,0.04382659771218487,0.04382659771218487,0.22494020076306875,123.19567108699994,0.13924407958984375,success,
erdos_renyi,"{""edge_probability"": 0.12, ""family"": ""erdos_renyi"", ""m"": 2, ""num_blocks"": 3, ""num_graphs"": 100, ""num_nodes"": 50, ""p_in"": 0.25, ""p_out"": 0.03, ""seed"": 0}",hub_modification,"{""alpha"": 0.3, ""edges_added"": 4373, ""edges_removed"": 4373, ""graphs"": 100, ""graphs_skipped"": 0, ""graphs_success"": 100, ""method"": ""hub_modification"", ""rewires"": 4373, ""triangles_affected"": 0}",0.3,0,structural_statistics_mmd,0.037804013178245666,3.9808086926659803,6.567152669749561,1.9715562860073987,0.06821441650390625,success,
erdos_renyi,"{""edge_probability"": 0.12, ""family"": ""erdos_renyi"", ""m"": 2, ""num_blocks"": 3, ""num_graphs"": 100, ""num_nodes"": 50, ""p_in"": 0.25, ""p_out"": 0.03, ""seed"": 0}",hub_modification,"{""alpha"": 0.3, ""edges_added"": 4373, ""edges_removed"": 4373, ""graphs"": 100, ""graphs_skipped"": 0, ""graphs_success"": 100, ""method"": ""hub_modification"", ""rewires"": 4373, ""triangles_affected"": 0}",0.3,0,wl_subtree_kernel_mmd,4.364400000000001,2.089114645011135,19.20834449943739,0.23240910800814163,22.166518211364746,success,
erdos_renyi,"{""edge_probability"": 0.12, ""family"": ""erdos_renyi"", ""m"": 2, ""num_blocks"": 3, ""num_graphs"": 100, ""num_nodes"": 50, ""p_in"": 0.25, ""p_out"": 0.03, ""seed"": 0}",hub_modification,"{""alpha"": 0.3, ""edges_added"": 4373, ""edges_removed"": 4373, ""graphs"": 100, ""graphs_skipped"": 0, ""graphs_success"": 100, ""method"": ""hub_modification"", ""rewires"": 4373, ""triangles_affected"": 0}",0.3,0,native_netlsd,0.08588278784284124,0.08588278784284124,0.3798139311463883,73.26013794100436,0.18910980224609375,success,
erdos_renyi,"{""edge_probability"": 0.12, ""family"": ""erdos_renyi"", ""m"": 2, ""num_blocks"": 3, ""num_graphs"": 100, ""num_nodes"": 50, ""p_in"": 0.25, ""p_out"": 0.03, ""seed"": 0}",hub_modification,"{""alpha"": 0.3, ""edges_added"": 4373, ""edges_removed"": 4373, ""graphs"": 100, ""graphs_skipped"": 0, ""graphs_success"": 100, ""method"": ""hub_modification"", ""rewires"": 4373, ""triangles_affected"": 0}",0.3,0,diversity_curves_shortest_path,0.042764369532427036,0.042764369532427036,0.28142006985649975,123.3490734710067,0.13936614990234375,success,
erdos_renyi,"{""edge_probability"": 0.12, ""family"": ""erdos_renyi"", ""m"": 2, ""num_blocks"": 3, ""num_graphs"": 100, ""num_nodes"": 50, ""p_in"": 0.25, ""p_out"": 0.03, ""seed"": 0}",hub_modification,"{""alpha"": 0.4, ""edges_added"": 4670, ""edges_removed"": 4670, ""graphs"": 100, ""graphs_skipped"": 0, ""graphs_success"": 100, ""method"": ""hub_modification"", ""rewires"": 4670, ""triangles_affected"": 0}",0.4,0,structural_statistics_mmd,0.038555706935052614,4.220554121982657,6.526365360635866,1.982921824004734,0.06821441650390625,success,
erdos_renyi,"{""edge_probability"": 0.12, ""family"": ""erdos_renyi"", ""m"": 2, ""num_blocks"": 3, ""num_graphs"": 100, ""num_nodes"": 50, ""p_in"": 0.25, ""p_out"": 0.03, ""seed"": 0}",hub_modification,"{""alpha"": 0.4, ""edges_added"": 4670, ""edges_removed"": 4670, ""graphs"": 100, ""graphs_skipped"": 0, ""graphs_success"": 100, ""method"": ""hub_modification"", ""rewires"": 4670, ""triangles_affected"": 0}",0.4,0,wl_subtree_kernel_mmd,4.7684000000000015,2.1836666412252583,19.20820907885902,0.2301532489946112,22.188236236572266,success,
erdos_renyi,"{""edge_probability"": 0.12, ""family"": ""erdos_renyi"", ""m"": 2, ""num_blocks"": 3, ""num_graphs"": 100, ""num_nodes"": 50, ""p_in"": 0.25, ""p_out"": 0.03, ""seed"": 0}",hub_modification,"{""alpha"": 0.4, ""edges_added"": 4670, ""edges_removed"": 4670, ""graphs"": 100, ""graphs_skipped"": 0, ""graphs_success"": 100, ""method"": ""hub_modification"", ""rewires"": 4670, ""triangles_affected"": 0}",0.4,0,native_netlsd,0.08723093579182307,0.08723093579182307,0.4353258809687874,73.20880385000783,0.1890869140625,success,
erdos_renyi,"{""edge_probability"": 0.12, ""family"": ""erdos_renyi"", ""m"": 2, ""num_blocks"": 3, ""num_graphs"": 100, ""num_nodes"": 50, ""p_in"": 0.25, ""p_out"": 0.03, ""seed"": 0}",hub_modification,"{""alpha"": 0.4, ""edges_added"": 4670, ""edges_removed"": 4670, ""graphs"": 100, ""graphs_skipped"": 0, ""graphs_success"": 100, ""method"": ""hub_modification"", ""rewires"": 4670, ""triangles_affected"": 0}",0.4,0,diversity_curves_shortest_path,0.04908453849909246,0.04908453849909246,0.3141431375420904,123.19096766800794,0.13922882080078125,success,
erdos_renyi,"{""edge_probability"": 0.12, ""family"": ""erdos_renyi"", ""m"": 2, ""num_blocks"": 3, ""num_graphs"": 100, ""num_nodes"": 50, ""p_in"": 0.25, ""p_out"": 0.03, ""seed"": 0}",hub_modification,"{""alpha"": 0.5, ""edges_added"": 4670, ""edges_removed"": 4670, ""graphs"": 100, ""graphs_skipped"": 0, ""graphs_success"": 100, ""method"": ""hub_modification"", ""rewires"": 4670, ""triangles_affected"": 0}",0.5,0,structural_statistics_mmd,0.038555706935052614,4.220554121982657,6.526365360635866,1.9945627499982947,0.06821441650390625,success,
erdos_renyi,"{""edge_probability"": 0.12, ""family"": ""erdos_renyi"", ""m"": 2, ""num_blocks"": 3, ""num_graphs"": 100, ""num_nodes"": 50, ""p_in"": 0.25, ""p_out"": 0.03, ""seed"": 0}",hub_modification,"{""alpha"": 0.5, ""edges_added"": 4670, ""edges_removed"": 4670, ""graphs"": 100, ""graphs_skipped"": 0, ""graphs_success"": 100, ""method"": ""hub_modification"", ""rewires"": 4670, ""triangles_affected"": 0}",0.5,0,wl_subtree_kernel_mmd,4.7684000000000015,2.1836666412252583,19.20820907885902,0.22980359999928623,22.188236236572266,success,
erdos_renyi,"{""edge_probability"": 0.12, ""family"": ""erdos_renyi"", ""m"": 2, ""num_blocks"": 3, ""num_graphs"": 100, ""num_nodes"": 50, ""p_in"": 0.25, ""p_out"": 0.03, ""seed"": 0}",hub_modification,"{""alpha"": 0.5, ""edges_added"": 4670, ""edges_removed"": 4670, ""graphs"": 100, ""graphs_skipped"": 0, ""graphs_success"": 100, ""method"": ""hub_modification"", ""rewires"": 4670, ""triangles_affected"": 0}",0.5,0,native_netlsd,0.08723093579182307,0.08723093579182307,0.4353258809687874,73.42123764300777,0.1890869140625,success,
erdos_renyi,"{""edge_probability"": 0.12, ""family"": ""erdos_renyi"", ""m"": 2, ""num_blocks"": 3, ""num_graphs"": 100, ""num_nodes"": 50, ""p_in"": 0.25, ""p_out"": 0.03, ""seed"": 0}",hub_modification,"{""alpha"": 0.5, ""edges_added"": 4670, ""edges_removed"": 4670, ""graphs"": 100, ""graphs_skipped"": 0, ""graphs_success"": 100, ""method"": ""hub_modification"", ""rewires"": 4670, ""triangles_affected"": 0}",0.5,0,diversity_curves_shortest_path,0.04908453849909246,0.04908453849909246,0.3141431375420904,123.19468195800437,0.13907623291015625,success,
erdos_renyi,"{""edge_probability"": 0.12, ""family"": ""erdos_renyi"", ""m"": 2, ""num_blocks"": 3, ""num_graphs"": 100, ""num_nodes"": 50, ""p_in"": 0.25, ""p_out"": 0.03, ""seed"": 0}",hub_modification,"{""alpha"": 0.6, ""edges_added"": 4670, ""edges_removed"": 4670, ""graphs"": 100, ""graphs_skipped"": 0, ""graphs_success"": 100, ""method"": ""hub_modification"", ""rewires"": 4670, ""triangles_affected"": 0}",0.6,0,structural_statistics_mmd,0.038555706935052614,4.220554121982657,6.526365360635866,1.9935267100081546,0.06821441650390625,success,
erdos_renyi,"{""edge_probability"": 0.12, ""family"": ""erdos_renyi"", ""m"": 2, ""num_blocks"": 3, ""num_graphs"": 100, ""num_nodes"": 50, ""p_in"": 0.25, ""p_out"": 0.03, ""seed"": 0}",hub_modification,"{""alpha"": 0.6, ""edges_added"": 4670, ""edges_removed"": 4670, ""graphs"": 100, ""graphs_skipped"": 0, ""graphs_success"": 100, ""method"": ""hub_modification"", ""rewires"": 4670, ""triangles_affected"": 0}",0.6,0,wl_subtree_kernel_mmd,4.7684000000000015,2.1836666412252583,19.20820907885902,0.23053182500007097,22.188236236572266,success,
erdos_renyi,"{""edge_probability"": 0.12, ""family"": ""erdos_renyi"", ""m"": 2, ""num_blocks"": 3, ""num_graphs"": 100, ""num_nodes"": 50, ""p_in"": 0.25, ""p_out"": 0.03, ""seed"": 0}",hub_modification,"{""alpha"": 0.6, ""edges_added"": 4670, ""edges_removed"": 4670, ""graphs"": 100, ""graphs_skipped"": 0, ""graphs_success"": 100, ""method"": ""hub_modification"", ""rewires"": 4670, ""triangles_affected"": 0}",0.6,0,native_netlsd,0.08723093579182307,0.08723093579182307,0.4353258809687874,73.31413910699484,0.1890869140625,success,
erdos_renyi,"{""edge_probability"": 0.12, ""family"": ""erdos_renyi"", ""m"": 2, ""num_blocks"": 3, ""num_graphs"": 100, ""num_nodes"": 50, ""p_in"": 0.25, ""p_out"": 0.03, ""seed"": 0}",hub_modification,"{""alpha"": 0.6, ""edges_added"": 4670, ""edges_removed"": 4670, ""graphs"": 100, ""graphs_skipped"": 0, ""graphs_success"": 100, ""method"": ""hub_modification"", ""rewires"": 4670, ""triangles_affected"": 0}",0.6,0,diversity_curves_shortest_path,0.04908453849909246,0.04908453849909246,0.3141431375420904,123.64529503000085,0.13907623291015625,success,
erdos_renyi,"{""edge_probability"": 0.12, ""family"": ""erdos_renyi"", ""m"": 2, ""num_blocks"": 3, ""num_graphs"": 100, ""num_nodes"": 50, ""p_in"": 0.25, ""p_out"": 0.03, ""seed"": 0}",hub_modification,"{""alpha"": 0.7, ""edges_added"": 4670, ""edges_removed"": 4670, ""graphs"": 100, ""graphs_skipped"": 0, ""graphs_success"": 100, ""method"": ""hub_modification"", ""rewires"": 4670, ""triangles_affected"": 0}",0.7,0,structural_statistics_mmd,0.038555706935052614,4.220554121982657,6.526365360635866,1.9949522050010273,0.06821441650390625,success,
erdos_renyi,"{""edge_probability"": 0.12, ""family"": ""erdos_renyi"", ""m"": 2, ""num_blocks"": 3, ""num_graphs"": 100, ""num_nodes"": 50, ""p_in"": 0.25, ""p_out"": 0.03, ""seed"": 0}",hub_modification,"{""alpha"": 0.7, ""edges_added"": 4670, ""edges_removed"": 4670, ""graphs"": 100, ""graphs_skipped"": 0, ""graphs_success"": 100, ""method"": ""hub_modification"", ""rewires"": 4670, ""triangles_affected"": 0}",0.7,0,wl_subtree_kernel_mmd,4.7684000000000015,2.1836666412252583,19.20820907885902,0.23249832999135833,22.188236236572266,success,
erdos_renyi,"{""edge_probability"": 0.12, ""family"": ""erdos_renyi"", ""m"": 2, ""num_blocks"": 3, ""num_graphs"": 100, ""num_nodes"": 50, ""p_in"": 0.25, ""p_out"": 0.03, ""seed"": 0}",hub_modification,"{""alpha"": 0.7, ""edges_added"": 4670, ""edges_removed"": 4670, ""graphs"": 100, ""graphs_skipped"": 0, ""graphs_success"": 100, ""method"": ""hub_modification"", ""rewires"": 4670, ""triangles_affected"": 0}",0.7,0,native_netlsd,0.08723093579182307,0.08723093579182307,0.4353258809687874,73.35310783100431,0.1890869140625,success,
erdos_renyi,"{""edge_probability"": 0.12, ""family"": ""erdos_renyi"", ""m"": 2, ""num_blocks"": 3, ""num_graphs"": 100, ""num_nodes"": 50, ""p_in"": 0.25, ""p_out"": 0.03, ""seed"": 0}",hub_modification,"{""alpha"": 0.7, ""edges_added"": 4670, ""edges_removed"": 4670, ""graphs"": 100, ""graphs_skipped"": 0, ""graphs_success"": 100, ""method"": ""hub_modification"", ""rewires"": 4670, ""triangles_affected"": 0}",0.7,0,diversity_curves_shortest_path,0.04908453849909246,0.04908453849909246,0.3141431375420904,123.41673245400307,0.13907623291015625,success,
erdos_renyi,"{""edge_probability"": 0.12, ""family"": ""erdos_renyi"", ""m"": 2, ""num_blocks"": 3, ""num_graphs"": 100, ""num_nodes"": 50, ""p_in"": 0.25, ""p_out"": 0.03, ""seed"": 0}",hub_modification,"{""alpha"": 0.8, ""edges_added"": 4670, ""edges_removed"": 4670, ""graphs"": 100, ""graphs_skipped"": 0, ""graphs_success"": 100, ""method"": ""hub_modification"", ""rewires"": 4670, ""triangles_affected"": 0}",0.8,0,structural_statistics_mmd,0.038555706935052614,4.220554121982657,6.526365360635866,1.9854963039979339,0.07437896728515625,success,
erdos_renyi,"{""edge_probability"": 0.12, ""family"": ""erdos_renyi"", ""m"": 2, ""num_blocks"": 3, ""num_graphs"": 100, ""num_nodes"": 50, ""p_in"": 0.25, ""p_out"": 0.03, ""seed"": 0}",hub_modification,"{""alpha"": 0.8, ""edges_added"": 4670, ""edges_removed"": 4670, ""graphs"": 100, ""graphs_skipped"": 0, ""graphs_success"": 100, ""method"": ""hub_modification"", ""rewires"": 4670, ""triangles_affected"": 0}",0.8,0,wl_subtree_kernel_mmd,4.7684000000000015,2.1836666412252583,19.20820907885902,0.23072353699535597,22.188236236572266,success,
erdos_renyi,"{""edge_probability"": 0.12, ""family"": ""erdos_renyi"", ""m"": 2, ""num_blocks"": 3, ""num_graphs"": 100, ""num_nodes"": 50, ""p_in"": 0.25, ""p_out"": 0.03, ""seed"": 0}",hub_modification,"{""alpha"": 0.8, ""edges_added"": 4670, ""edges_removed"": 4670, ""graphs"": 100, ""graphs_skipped"": 0, ""graphs_success"": 100, ""method"": ""hub_modification"", ""rewires"": 4670, ""triangles_affected"": 0}",0.8,0,native_netlsd,0.08723093579182307,0.08723093579182307,0.4353258809687874,73.39434861599875,0.18914794921875,success,
erdos_renyi,"{""edge_probability"": 0.12, ""family"": ""erdos_renyi"", ""m"": 2, ""num_blocks"": 3, ""num_graphs"": 100, ""num_nodes"": 50, ""p_in"": 0.25, ""p_out"": 0.03, ""seed"": 0}",hub_modification,"{""alpha"": 0.8, ""edges_added"": 4670, ""edges_removed"": 4670, ""graphs"": 100, ""graphs_skipped"": 0, ""graphs_success"": 100, ""method"": ""hub_modification"", ""rewires"": 4670, ""triangles_affected"": 0}",0.8,0,diversity_curves_shortest_path,0.04908453849909246,0.04908453849909246,0.3141431375420904,126.01162343399483,0.528717041015625,success,
erdos_renyi,"{""edge_probability"": 0.12, ""family"": ""erdos_renyi"", ""m"": 2, ""num_blocks"": 3, ""num_graphs"": 100, ""num_nodes"": 50, ""p_in"": 0.25, ""p_out"": 0.03, ""seed"": 0}",hub_modification,"{""alpha"": 0.9, ""edges_added"": 4670, ""edges_removed"": 4670, ""graphs"": 100, ""graphs_skipped"": 0, ""graphs_success"": 100, ""method"": ""hub_modification"", ""rewires"": 4670, ""triangles_affected"": 0}",0.9,0,structural_statistics_mmd,0.038555706935052614,4.220554121982657,6.526365360635866,2.010875940992264,0.06821441650390625,success,
erdos_renyi,"{""edge_probability"": 0.12, ""family"": ""erdos_renyi"", ""m"": 2, ""num_blocks"": 3, ""num_graphs"": 100, ""num_nodes"": 50, ""p_in"": 0.25, ""p_out"": 0.03, ""seed"": 0}",hub_modification,"{""alpha"": 0.9, ""edges_added"": 4670, ""edges_removed"": 4670, ""graphs"": 100, ""graphs_skipped"": 0, ""graphs_success"": 100, ""method"": ""hub_modification"", ""rewires"": 4670, ""triangles_affected"": 0}",0.9,0,wl_subtree_kernel_mmd,4.7684000000000015,2.1836666412252583,19.20820907885902,0.2319887390040094,22.188236236572266,success,
erdos_renyi,"{""edge_probability"": 0.12, ""family"": ""erdos_renyi"", ""m"": 2, ""num_blocks"": 3, ""num_graphs"": 100, ""num_nodes"": 50, ""p_in"": 0.25, ""p_out"": 0.03, ""seed"": 0}",hub_modification,"{""alpha"": 0.9, ""edges_added"": 4670, ""edges_removed"": 4670, ""graphs"": 100, ""graphs_skipped"": 0, ""graphs_success"": 100, ""method"": ""hub_modification"", ""rewires"": 4670, ""triangles_affected"": 0}",0.9,0,native_netlsd,0.08723093579182307,0.08723093579182307,0.4353258809687874,73.41934390799724,0.1890869140625,success,
erdos_renyi,"{""edge_probability"": 0.12, ""family"": ""erdos_renyi"", ""m"": 2, ""num_blocks"": 3, ""num_graphs"": 100, ""num_nodes"": 50, ""p_in"": 0.25, ""p_out"": 0.03, ""seed"": 0}",hub_modification,"{""alpha"": 0.9, ""edges_added"": 4670, ""edges_removed"": 4670, ""graphs"": 100, ""graphs_skipped"": 0, ""graphs_success"": 100, ""method"": ""hub_modification"", ""rewires"": 4670, ""triangles_affected"": 0}",0.9,0,diversity_curves_shortest_path,0.04908453849909246,0.04908453849909246,0.3141431375420904,123.22729089799395,0.13907623291015625,success,
erdos_renyi,"{""edge_probability"": 0.12, ""family"": ""erdos_renyi"", ""m"": 2, ""num_blocks"": 3, ""num_graphs"": 100, ""num_nodes"": 50, ""p_in"": 0.25, ""p_out"": 0.03, ""seed"": 0}",hub_modification,"{""alpha"": 1.0, ""edges_added"": 4670, ""edges_removed"": 4670, ""graphs"": 100, ""graphs_skipped"": 0, ""graphs_success"": 100, ""method"": ""hub_modification"", ""rewires"": 4670, ""triangles_affected"": 0}",1.0,0,structural_statistics_mmd,0.038555706935052614,4.220554121982657,6.526365360635866,1.9938150139932986,0.06821441650390625,success,
erdos_renyi,"{""edge_probability"": 0.12, ""family"": ""erdos_renyi"", ""m"": 2, ""num_blocks"": 3, ""num_graphs"": 100, ""num_nodes"": 50, ""p_in"": 0.25, ""p_out"": 0.03, ""seed"": 0}",hub_modification,"{""alpha"": 1.0, ""edges_added"": 4670, ""edges_removed"": 4670, ""graphs"": 100, ""graphs_skipped"": 0, ""graphs_success"": 100, ""method"": ""hub_modification"", ""rewires"": 4670, ""triangles_affected"": 0}",1.0,0,wl_subtree_kernel_mmd,4.7684000000000015,2.1836666412252583,19.20820907885902,0.23634283100545872,22.188236236572266,success,
erdos_renyi,"{""edge_probability"": 0.12, ""family"": ""erdos_renyi"", ""m"": 2, ""num_blocks"": 3, ""num_graphs"": 100, ""num_nodes"": 50, ""p_in"": 0.25, ""p_out"": 0.03, ""seed"": 0}",hub_modification,"{""alpha"": 1.0, ""edges_added"": 4670, ""edges_removed"": 4670, ""graphs"": 100, ""graphs_skipped"": 0, ""graphs_success"": 100, ""method"": ""hub_modification"", ""rewires"": 4670, ""triangles_affected"": 0}",1.0,0,native_netlsd,0.08723093579182307,0.08723093579182307,0.4353258809687874,73.39089641299506,0.1890869140625,success,
erdos_renyi,"{""edge_probability"": 0.12, ""family"": ""erdos_renyi"", ""m"": 2, ""num_blocks"": 3, ""num_graphs"": 100, ""num_nodes"": 50, ""p_in"": 0.25, ""p_out"": 0.03, ""seed"": 0}",hub_modification,"{""alpha"": 1.0, ""edges_added"": 4670, ""edges_removed"": 4670, ""graphs"": 100, ""graphs_skipped"": 0, ""graphs_success"": 100, ""method"": ""hub_modification"", ""rewires"": 4670, ""triangles_affected"": 0}",1.0,0,diversity_curves_shortest_path,0.04908453849909246,0.04908453849909246,0.3141431375420904,123.34099660500942,0.13907623291015625,success,
stochastic_block_model,"{""edge_probability"": 0.1, ""family"": ""stochastic_block_model"", ""m"": 2, ""num_blocks"": 4, ""num_graphs"": 100, ""num_nodes"": 50, ""p_in"": 0.28, ""p_out"": 0.04, ""seed"": 0}",edge_addition_deletion,"{""alpha"": 0.0, ""edges_added"": 0, ""edges_removed"": 0, ""graphs"": 100, ""graphs_skipped"": 0, ""graphs_success"": 100, ""method"": ""edge_addition_deletion"", ""rewires"": 0, ""triangles_affected"": 0}",0.0,0,structural_statistics_mmd,0.0,0.0,0.0,1.925937186999363,0.06830596923828125,success,
stochastic_block_model,"{""edge_probability"": 0.1, ""family"": ""stochastic_block_model"", ""m"": 2, ""num_blocks"": 4, ""num_graphs"": 100, ""num_nodes"": 50, ""p_in"": 0.28, ""p_out"": 0.04, ""seed"": 0}",edge_addition_deletion,"{""alpha"": 0.0, ""edges_added"": 0, ""edges_removed"": 0, ""graphs"": 100, ""graphs_skipped"": 0, ""graphs_success"": 100, ""method"": ""edge_addition_deletion"", ""rewires"": 0, ""triangles_affected"": 0}",0.0,0,wl_subtree_kernel_mmd,0.0,0.0,0.0,0.21597677099634893,15.276632308959961,success,
stochastic_block_model,"{""edge_probability"": 0.1, ""family"": ""stochastic_block_model"", ""m"": 2, ""num_blocks"": 4, ""num_graphs"": 100, ""num_nodes"": 50, ""p_in"": 0.28, ""p_out"": 0.04, ""seed"": 0}",edge_addition_deletion,"{""alpha"": 0.0, ""edges_added"": 0, ""edges_removed"": 0, ""graphs"": 100, ""graphs_skipped"": 0, ""graphs_success"": 100, ""method"": ""edge_addition_deletion"", ""rewires"": 0, ""triangles_affected"": 0}",0.0,0,native_netlsd,0.0,0.0,0.0,73.71819486000459,0.18810272216796875,success,
stochastic_block_model,"{""edge_probability"": 0.1, ""family"": ""stochastic_block_model"", ""m"": 2, ""num_blocks"": 4, ""num_graphs"": 100, ""num_nodes"": 50, ""p_in"": 0.28, ""p_out"": 0.04, ""seed"": 0}",edge_addition_deletion,"{""alpha"": 0.0, ""edges_added"": 0, ""edges_removed"": 0, ""graphs"": 100, ""graphs_skipped"": 0, ""graphs_success"": 100, ""method"": ""edge_addition_deletion"", ""rewires"": 0, ""triangles_affected"": 0}",0.0,0,diversity_curves_shortest_path,0.0,0.0,0.0,76.84988304899889,0.13443756103515625,success,
stochastic_block_model,"{""edge_probability"": 0.1, ""family"": ""stochastic_block_model"", ""m"": 2, ""num_blocks"": 4, ""num_graphs"": 100, ""num_nodes"": 50, ""p_in"": 0.28, ""p_out"": 0.04, ""seed"": 0}",edge_addition_deletion,"{""alpha"": 0.1, ""edges_added"": 594, ""edges_removed"": 543, ""graphs"": 100, ""graphs_skipped"": 0, ""graphs_success"": 100, ""method"": ""edge_addition_deletion"", ""rewires"": 0, ""triangles_affected"": 0}",0.1,0,structural_statistics_mmd,0.008053464750172101,1.530315551350107,2.572196206745025,1.9370815899892477,0.0682830810546875,success,
stochastic_block_model,"{""edge_probability"": 0.1, ""family"": ""stochastic_block_model"", ""m"": 2, ""num_blocks"": 4, ""num_graphs"": 100, ""num_nodes"": 50, ""p_in"": 0.28, ""p_out"": 0.04, ""seed"": 0}",edge_addition_deletion,"{""alpha"": 0.1, ""edges_added"": 594, ""edges_removed"": 543, ""graphs"": 100, ""graphs_skipped"": 0, ""graphs_success"": 100, ""method"": ""edge_addition_deletion"", ""rewires"": 0, ""triangles_affected"": 0}",0.1,0,wl_subtree_kernel_mmd,3.639,1.9076163136228417,17.92814878084649,0.21907337399898097,15.337589263916016,success,
stochastic_block_model,"{""edge_probability"": 0.1, ""family"": ""stochastic_block_model"", ""m"": 2, ""num_blocks"": 4, ""num_graphs"": 100, ""num_nodes"": 50, ""p_in"": 0.28, ""p_out"": 0.04, ""seed"": 0}",edge_addition_deletion,"{""alpha"": 0.1, ""edges_added"": 594, ""edges_removed"": 543, ""graphs"": 100, ""graphs_skipped"": 0, ""graphs_success"": 100, ""method"": ""edge_addition_deletion"", ""rewires"": 0, ""triangles_affected"": 0}",0.1,0,native_netlsd,0.07485152829964078,0.07485152829964078,0.32919482474520956,73.32351436000317,0.1881256103515625,success,
stochastic_block_model,"{""edge_probability"": 0.1, ""family"": ""stochastic_block_model"", ""m"": 2, ""num_blocks"": 4, ""num_graphs"": 100, ""num_nodes"": 50, ""p_in"": 0.28, ""p_out"": 0.04, ""seed"": 0}",edge_addition_deletion,"{""alpha"": 0.1, ""edges_added"": 594, ""edges_removed"": 543, ""graphs"": 100, ""graphs_skipped"": 0, ""graphs_success"": 100, ""method"": ""edge_addition_deletion"", ""rewires"": 0, ""triangles_affected"": 0}",0.1,0,diversity_curves_shortest_path,0.10048859623986806,0.10048859623986806,0.2721021215726941,78.06167543500487,0.1346893310546875,success,
stochastic_block_model,"{""edge_probability"": 0.1, ""family"": ""stochastic_block_model"", ""m"": 2, ""num_blocks"": 4, ""num_graphs"": 100, ""num_nodes"": 50, ""p_in"": 0.28, ""p_out"": 0.04, ""seed"": 0}",edge_addition_deletion,"{""alpha"": 0.2, ""edges_added"": 1188, ""edges_removed"": 1137, ""graphs"": 100, ""graphs_skipped"": 0, ""graphs_success"": 100, ""method"": ""edge_addition_deletion"", ""rewires"": 0, ""triangles_affected"": 0}",0.2,0,structural_statistics_mmd,0.023344713894505764,2.8026518167674546,3.791397177379807,1.9334967379982118,0.06861114501953125,success,
stochastic_block_model,"{""edge_probability"": 0.1, ""family"": ""stochastic_block_model"", ""m"": 2, ""num_blocks"": 4, ""num_graphs"": 100, ""num_nodes"": 50, ""p_in"": 0.28, ""p_out"": 0.04, ""seed"": 0}",edge_addition_deletion,"{""alpha"": 0.2, ""edges_added"": 1188, ""edges_removed"": 1137, ""graphs"": 100, ""graphs_skipped"": 0, ""graphs_success"": 100, ""method"": ""edge_addition_deletion"", ""rewires"": 0, ""triangles_affected"": 0}",0.2,0,wl_subtree_kernel_mmd,3.5610000000000004,1.8870612072744224,18.637833173042278,0.2177522349957144,15.356168746948242,success,
stochastic_block_model,"{""edge_probability"": 0.1, ""family"": ""stochastic_block_model"", ""m"": 2, ""num_blocks"": 4, ""num_graphs"": 100, ""num_nodes"": 50, ""p_in"": 0.28, ""p_out"": 0.04, ""seed"": 0}",edge_addition_deletion,"{""alpha"": 0.2, ""edges_added"": 1188, ""edges_removed"": 1137, ""graphs"": 100, ""graphs_skipped"": 0, ""graphs_success"": 100, ""method"": ""edge_addition_deletion"", ""rewires"": 0, ""triangles_affected"": 0}",0.2,0,native_netlsd,0.12049760013236809,0.12049760013236809,0.7296181724328005,73.31537682100316,0.18810272216796875,success,
stochastic_block_model,"{""edge_probability"": 0.1, ""family"": ""stochastic_block_model"", ""m"": 2, ""num_blocks"": 4, ""num_graphs"": 100, ""num_nodes"": 50, ""p_in"": 0.28, ""p_out"": 0.04, ""seed"": 0}",edge_addition_deletion,"{""alpha"": 0.2, ""edges_added"": 1188, ""edges_removed"": 1137, ""graphs"": 100, ""graphs_skipped"": 0, ""graphs_success"": 100, ""method"": ""edge_addition_deletion"", ""rewires"": 0, ""triangles_affected"": 0}",0.2,0,diversity_curves_shortest_path,0.13745190651322214,0.13745190651322214,0.48831146578490103,78.38286611100193,0.13425445556640625,success,
stochastic_block_model,"{""edge_probability"": 0.1, ""family"": ""stochastic_block_model"", ""m"": 2, ""num_blocks"": 4, ""num_graphs"": 100, ""num_nodes"": 50, ""p_in"": 0.28, ""p_out"": 0.04, ""seed"": 0}",edge_addition_deletion,"{""alpha"": 0.3, ""edges_added"": 1774, ""edges_removed"": 1725, ""graphs"": 100, ""graphs_skipped"": 0, ""graphs_success"": 100, ""method"": ""edge_addition_deletion"", ""rewires"": 0, ""triangles_affected"": 0}",0.3,0,structural_statistics_mmd,0.042202714406301856,3.990420767256744,5.14575174943164,1.9447782989882398,0.0685882568359375,success,
stochastic_block_model,"{""edge_probability"": 0.1, ""family"": ""stochastic_block_model"", ""m"": 2, ""num_blocks"": 4, ""num_graphs"": 100, ""num_nodes"": 50, ""p_in"": 0.28, ""p_out"": 0.04, ""seed"": 0}",edge_addition_deletion,"{""alpha"": 0.3, ""edges_added"": 1774, ""edges_removed"": 1725, ""graphs"": 100, ""graphs_skipped"": 0, ""graphs_success"": 100, ""method"": ""edge_addition_deletion"", ""rewires"": 0, ""triangles_affected"": 0}",0.3,0,wl_subtree_kernel_mmd,4.469800000000001,2.1141901522805373,18.92639994106988,0.2187533709948184,15.390557289123535,success,
stochastic_block_model,"{""edge_probability"": 0.1, ""family"": ""stochastic_block_model"", ""m"": 2, ""num_blocks"": 4, ""num_graphs"": 100, ""num_nodes"": 50, ""p_in"": 0.28, ""p_out"": 0.04, ""seed"": 0}",edge_addition_deletion,"{""alpha"": 0.3, ""edges_added"": 1774, ""edges_removed"": 1725, ""graphs"": 100, ""graphs_skipped"": 0, ""graphs_success"": 100, ""method"": ""edge_addition_deletion"", ""rewires"": 0, ""triangles_affected"": 0}",0.3,0,native_netlsd,0.1446218374809454,0.1446218374809454,0.8360729472778804,73.52759115000663,0.18814849853515625,success,
stochastic_block_model,"{""edge_probability"": 0.1, ""family"": ""stochastic_block_model"", ""m"": 2, ""num_blocks"": 4, ""num_graphs"": 100, ""num_nodes"": 50, ""p_in"": 0.28, ""p_out"": 0.04, ""seed"": 0}",edge_addition_deletion,"{""alpha"": 0.3, ""edges_added"": 1774, ""edges_removed"": 1725, ""graphs"": 100, ""graphs_skipped"": 0, ""graphs_success"": 100, ""method"": ""edge_addition_deletion"", ""rewires"": 0, ""triangles_affected"": 0}",0.3,0,diversity_curves_shortest_path,0.19677961232011762,0.19677961232011762,0.5608737397388485,78.91751849999127,0.134368896484375,success,
stochastic_block_model,"{""edge_probability"": 0.1, ""family"": ""stochastic_block_model"", ""m"": 2, ""num_blocks"": 4, ""num_graphs"": 100, ""num_nodes"": 50, ""p_in"": 0.28, ""p_out"": 0.04, ""seed"": 0}",edge_addition_deletion,"{""alpha"": 0.4, ""edges_added"": 2362, ""edges_removed"": 2325, ""graphs"": 100, ""graphs_skipped"": 0, ""graphs_success"": 100, ""method"": ""edge_addition_deletion"", ""rewires"": 0, ""triangles_affected"": 0}",0.4,0,structural_statistics_mmd,0.07942086586557862,5.638568706907492,6.265257613859956,1.928515765001066,0.0685882568359375,success,
stochastic_block_model,"{""edge_probability"": 0.1, ""family"": ""stochastic_block_model"", ""m"": 2, ""num_blocks"": 4, ""num_graphs"": 100, ""num_nodes"": 50, ""p_in"": 0.28, ""p_out"": 0.04, ""seed"": 0}",edge_addition_deletion,"{""alpha"": 0.4, ""edges_added"": 2362, ""edges_removed"": 2325, ""graphs"": 100, ""graphs_skipped"": 0, ""graphs_success"": 100, ""method"": ""edge_addition_deletion"", ""rewires"": 0, ""triangles_affected"": 0}",0.4,0,wl_subtree_kernel_mmd,4.286200000000002,2.0703139858485238,19.086580604555248,0.22054929500154685,15.37740707397461,success,
stochastic_block_model,"{""edge_probability"": 0.1, ""family"": ""stochastic_block_model"", ""m"": 2, ""num_blocks"": 4, ""num_graphs"": 100, ""num_nodes"": 50, ""p_in"": 0.28, ""p_out"": 0.04, ""seed"": 0}",edge_addition_deletion,"{""alpha"": 0.4, ""edges_added"": 2362, ""edges_removed"": 2325, ""graphs"": 100, ""graphs_skipped"": 0, ""graphs_success"": 100, ""method"": ""edge_addition_deletion"", ""rewires"": 0, ""triangles_affected"": 0}",0.4,0,native_netlsd,0.16261326957322286,0.16261326957322286,0.9372331981467172,73.3149086379999,0.18814849853515625,success,
stochastic_block_model,"{""edge_probability"": 0.1, ""family"": ""stochastic_block_model"", ""m"": 2, ""num_blocks"": 4, ""num_graphs"": 100, ""num_nodes"": 50, ""p_in"": 0.28, ""p_out"": 0.04, ""seed"": 0}",edge_addition_deletion,"{""alpha"": 0.4, ""edges_added"": 2362, ""edges_removed"": 2325, ""graphs"": 100, ""graphs_skipped"": 0, ""graphs_success"": 100, ""method"": ""edge_addition_deletion"", ""rewires"": 0, ""triangles_affected"": 0}",0.4,0,diversity_curves_shortest_path,0.21734113777022185,0.21734113777022185,0.6283775572850726,78.85761634100345,0.13448333740234375,success,
stochastic_block_model,"{""edge_probability"": 0.1, ""family"": ""stochastic_block_model"", ""m"": 2, ""num_blocks"": 4, ""num_graphs"": 100, ""num_nodes"": 50, ""p_in"": 0.28, ""p_out"": 0.04, ""seed"": 0}",edge_addition_deletion,"{""alpha"": 0.5, ""edges_added"": 2965, ""edges_removed"": 2921, ""graphs"": 100, ""graphs_skipped"": 0, ""graphs_success"": 100, ""method"": ""edge_addition_deletion"", ""rewires"": 0, ""triangles_affected"": 0}",0.5,0,structural_statistics_mmd,0.09871406748103273,6.014478529369045,6.714302852395939,1.904058554006042,0.0747528076171875,success,
stochastic_block_model,"{""edge_probability"": 0.1, ""family"": ""stochastic_block_model"", ""m"": 2, ""num_blocks"": 4, ""num_graphs"": 100, ""num_nodes"": 50, ""p_in"": 0.28, ""p_out"": 0.04, ""seed"": 0}",edge_addition_deletion,"{""alpha"": 0.5, ""edges_added"": 2965, ""edges_removed"": 2921, ""graphs"": 100, ""graphs_skipped"": 0, ""graphs_success"": 100, ""method"": ""edge_addition_deletion"", ""rewires"": 0, ""triangles_affected"": 0}",0.5,0,wl_subtree_kernel_mmd,4.641,2.1542980295214496,19.240151649132173,0.21795691199076828,15.403645515441895,success,
stochastic_block_model,"{""edge_probability"": 0.1, ""family"": ""stochastic_block_model"", ""m"": 2, ""num_blocks"": 4, ""num_graphs"": 100, ""num_nodes"": 50, ""p_in"": 0.28, ""p_out"": 0.04, ""seed"": 0}",edge_addition_deletion,"{""alpha"": 0.5, ""edges_added"": 2965, ""edges_removed"": 2921, ""graphs"": 100, ""graphs_skipped"": 0, ""graphs_success"": 100, ""method"": ""edge_addition_deletion"", ""rewires"": 0, ""triangles_affected"": 0}",0.5,0,native_netlsd,0.17536348694722417,0.17536348694722417,0.8845582632818626,73.3594773549994,0.1881866455078125,success,
stochastic_block_model,"{""edge_probability"": 0.1, ""family"": ""stochastic_block_model"", ""m"": 2, ""num_blocks"": 4, ""num_graphs"": 100, ""num_nodes"": 50, ""p_in"": 0.28, ""p_out"": 0.04, ""seed"": 0}",edge_addition_deletion,"{""alpha"": 0.5, ""edges_added"": 2965, ""edges_removed"": 2921, ""graphs"": 100, ""graphs_skipped"": 0, ""graphs_success"": 100, ""method"": ""edge_addition_deletion"", ""rewires"": 0, ""triangles_affected"": 0}",0.5,0,diversity_curves_shortest_path,0.24587289011623567,0.24587289011623567,0.6018190918439342,80.44076784400386,0.52496337890625,success,
stochastic_block_model,"{""edge_probability"": 0.1, ""family"": ""stochastic_block_model"", ""m"": 2, ""num_blocks"": 4, ""num_graphs"": 100, ""num_nodes"": 50, ""p_in"": 0.28, ""p_out"": 0.04, ""seed"": 0}",edge_addition_deletion,"{""alpha"": 0.6, ""edges_added"": 3554, ""edges_removed"": 3499, ""graphs"": 100, ""graphs_skipped"": 0, ""graphs_success"": 100, ""method"": ""edge_addition_deletion"", ""rewires"": 0, ""triangles_affected"": 0}",0.6,0,structural_statistics_mmd,0.12354332160820003,6.7891929268219045,7.617440153236981,1.9189599140081555,0.068634033203125,success,
stochastic_block_model,"{""edge_probability"": 0.1, ""family"": ""stochastic_block_model"", ""m"": 2, ""num_blocks"": 4, ""num_graphs"": 100, ""num_nodes"": 50, ""p_in"": 0.28, ""p_out"": 0.04, ""seed"": 0}",edge_addition_deletion,"{""alpha"": 0.6, ""edges_added"": 3554, ""edges_removed"": 3499, ""graphs"": 100, ""graphs_skipped"": 0, ""graphs_success"": 100, ""method"": ""edge_addition_deletion"", ""rewires"": 0, ""triangles_affected"": 0}",0.6,0,wl_subtree_kernel_mmd,5.238800000000004,2.288842502226836,19.40782874691605,0.21878187499532942,15.397500038146973,success,
stochastic_block_model,"{""edge_probability"": 0.1, ""family"": ""stochastic_block_model"", ""m"": 2, ""num_blocks"": 4, ""num_graphs"": 100, ""num_nodes"": 50, ""p_in"": 0.28, ""p_out"": 0.04, ""seed"": 0}",edge_addition_deletion,"{""alpha"": 0.6, ""edges_added"": 3554, ""edges_removed"": 3499, ""graphs"": 100, ""graphs_skipped"": 0, ""graphs_success"": 100, ""method"": ""edge_addition_deletion"", ""rewires"": 0, ""triangles_affected"": 0}",0.6,0,native_netlsd,0.1851154650641704,0.1851154650641704,1.0083489738738993,73.38394377900113,0.18814849853515625,success,
stochastic_block_model,"{""edge_probability"": 0.1, ""family"": ""stochastic_block_model"", ""m"": 2, ""num_blocks"": 4, ""num_graphs"": 100, ""num_nodes"": 50, ""p_in"": 0.28, ""p_out"": 0.04, ""seed"": 0}",edge_addition_deletion,"{""alpha"": 0.6, ""edges_added"": 3554, ""edges_removed"": 3499, ""graphs"": 100, ""graphs_skipped"": 0, ""graphs_success"": 100, ""method"": ""edge_addition_deletion"", ""rewires"": 0, ""triangles_affected"": 0}",0.6,0,diversity_curves_shortest_path,0.25685315595374236,0.25685315595374236,0.6756991675925798,79.2740172539925,0.13433074951171875,success,
stochastic_block_model,"{""edge_probability"": 0.1, ""family"": ""stochastic_block_model"", ""m"": 2, ""num_blocks"": 4, ""num_graphs"": 100, ""num_nodes"": 50, ""p_in"": 0.28, ""p_out"": 0.04, ""seed"": 0}",edge_addition_deletion,"{""alpha"": 0.7, ""edges_added"": 4141, ""edges_removed"": 4091, ""graphs"": 100, ""graphs_skipped"": 0, ""graphs_success"": 100, ""method"": ""edge_addition_deletion"", ""rewires"": 0, ""triangles_affected"": 0}",0.7,0,structural_statistics_mmd,0.14535641447166125,7.364967010693026,8.361050670054142,1.9300233269896125,0.068634033203125,success,
stochastic_block_model,"{""edge_probability"": 0.1, ""family"": ""stochastic_block_model"", ""m"": 2, ""num_blocks"": 4, ""num_graphs"": 100, ""num_nodes"": 50, ""p_in"": 0.28, ""p_out"": 0.04, ""seed"": 0}",edge_addition_deletion,"{""alpha"": 0.7, ""edges_added"": 4141, ""edges_removed"": 4091, ""graphs"": 100, ""graphs_skipped"": 0, ""graphs_success"": 100, ""method"": ""edge_addition_deletion"", ""rewires"": 0, ""triangles_affected"": 0}",0.7,0,wl_subtree_kernel_mmd,4.5202,2.1260761980700504,19.278932937521652,0.2196135959966341,15.41110897064209,success,
stochastic_block_model,"{""edge_probability"": 0.1, ""family"": ""stochastic_block_model"", ""m"": 2, ""num_blocks"": 4, ""num_graphs"": 100, ""num_nodes"": 50, ""p_in"": 0.28, ""p_out"": 0.04, ""seed"": 0}",edge_addition_deletion,"{""alpha"": 0.7, ""edges_added"": 4141, ""edges_removed"": 4091, ""graphs"": 100, ""graphs_skipped"": 0, ""graphs_success"": 100, ""method"": ""edge_addition_deletion"", ""rewires"": 0, ""triangles_affected"": 0}",0.7,0,native_netlsd,0.20260319533700313,0.20260319533700313,1.173413127476316,73.45040188000712,0.18814849853515625,success,
stochastic_block_model,"{""edge_probability"": 0.1, ""family"": ""stochastic_block_model"", ""m"": 2, ""num_blocks"": 4, ""num_graphs"": 100, ""num_nodes"": 50, ""p_in"": 0.28, ""p_out"": 0.04, ""seed"": 0}",edge_addition_deletion,"{""alpha"": 0.7, ""edges_added"": 4141, ""edges_removed"": 4091, ""graphs"": 100, ""graphs_skipped"": 0, ""graphs_success"": 100, ""method"": ""edge_addition_deletion"", ""rewires"": 0, ""triangles_affected"": 0}",0.7,0,diversity_curves_shortest_path,0.27167920081224717,0.27167920081224717,0.7664241623133402,79.82037175999722,0.13472747802734375,success,
stochastic_block_model,"{""edge_probability"": 0.1, ""family"": ""stochastic_block_model"", ""m"": 2, ""num_blocks"": 4, ""num_graphs"": 100, ""num_nodes"": 50, ""p_in"": 0.28, ""p_out"": 0.04, ""seed"": 0}",edge_addition_deletion,"{""alpha"": 0.8, ""edges_added"": 4728, ""edges_removed"": 4687, ""graphs"": 100, ""graphs_skipped"": 0, ""graphs_success"": 100, ""method"": ""edge_addition_deletion"", ""rewires"": 0, ""triangles_affected"": 0}",0.8,0,structural_statistics_mmd,0.16488127001698716,7.873203619462256,8.637225525081503,1.9301349370070966,0.06848907470703125,success,
stochastic_block_model,"{""edge_probability"": 0.1, ""family"": ""stochastic_block_model"", ""m"": 2, ""num_blocks"": 4, ""num_graphs"": 100, ""num_nodes"": 50, ""p_in"": 0.28, ""p_out"": 0.04, ""seed"": 0}",edge_addition_deletion,"{""alpha"": 0.8, ""edges_added"": 4728, ""edges_removed"": 4687, ""graphs"": 100, ""graphs_skipped"": 0, ""graphs_success"": 100, ""method"": ""edge_addition_deletion"", ""rewires"": 0, ""triangles_affected"": 0}",0.8,0,wl_subtree_kernel_mmd,4.293000000000001,2.071955597979841,19.43709872674076,0.21919161100231577,15.42780876159668,success,
stochastic_block_model,"{""edge_probability"": 0.1, ""family"": ""stochastic_block_model"", ""m"": 2, ""num_blocks"": 4, ""num_graphs"": 100, ""num_nodes"": 50, ""p_in"": 0.28, ""p_out"": 0.04, ""seed"": 0}",edge_addition_deletion,"{""alpha"": 0.8, ""edges_added"": 4728, ""edges_removed"": 4687, ""graphs"": 100, ""graphs_skipped"": 0, ""graphs_success"": 100, ""method"": ""edge_addition_deletion"", ""rewires"": 0, ""triangles_affected"": 0}",0.8,0,native_netlsd,0.2115194787160085,0.2115194787160085,1.2352079372512792,73.2926163499942,0.18814849853515625,success,
stochastic_block_model,"{""edge_probability"": 0.1, ""family"": ""stochastic_block_model"", ""m"": 2, ""num_blocks"": 4, ""num_graphs"": 100, ""num_nodes"": 50, ""p_in"": 0.28, ""p_out"": 0.04, ""seed"": 0}",edge_addition_deletion,"{""alpha"": 0.8, ""edges_added"": 4728, ""edges_removed"": 4687, ""graphs"": 100, ""graphs_skipped"": 0, ""graphs_success"": 100, ""method"": ""edge_addition_deletion"", ""rewires"": 0, ""triangles_affected"": 0}",0.8,0,diversity_curves_shortest_path,0.2528803927505799,0.2528803927505799,0.8039814751254353,79.6611131499958,0.1338043212890625,success,
stochastic_block_model,"{""edge_probability"": 0.1, ""family"": ""stochastic_block_model"", ""m"": 2, ""num_blocks"": 4, ""num_graphs"": 100, ""num_nodes"": 50, ""p_in"": 0.28, ""p_out"": 0.04, ""seed"": 0}",edge_addition_deletion,"{""alpha"": 0.9, ""edges_added"": 5322, ""edges_removed"": 5272, ""graphs"": 100, ""graphs_skipped"": 0, ""graphs_success"": 100, ""method"": ""edge_addition_deletion"", ""rewires"": 0, ""triangles_affected"": 0}",0.9,0,structural_statistics_mmd,0.18280636746524315,8.399453934676652,9.093204316716957,1.9274518320016796,0.0682830810546875,success,
stochastic_block_model,"{""edge_probability"": 0.1, ""family"": ""stochastic_block_model"", ""m"": 2, ""num_blocks"": 4, ""num_graphs"": 100, ""num_nodes"": 50, ""p_in"": 0.28, ""p_out"": 0.04, ""seed"": 0}",edge_addition_deletion,"{""alpha"": 0.9, ""edges_added"": 5322, ""edges_removed"": 5272, ""graphs"": 100, ""graphs_skipped"": 0, ""graphs_success"": 100, ""method"": ""edge_addition_deletion"", ""rewires"": 0, ""triangles_affected"": 0}",0.9,0,wl_subtree_kernel_mmd,4.28,2.06881608655772,19.361370496560262,0.21957631599798333,15.450499534606934,success,
stochastic_block_model,"{""edge_probability"": 0.1, ""family"": ""stochastic_block_model"", ""m"": 2, ""num_blocks"": 4, ""num_graphs"": 100, ""num_nodes"": 50, ""p_in"": 0.28, ""p_out"": 0.04, ""seed"": 0}",edge_addition_deletion,"{""alpha"": 0.9, ""edges_added"": 5322, ""edges_removed"": 5272, ""graphs"": 100, ""graphs_skipped"": 0, ""graphs_success"": 100, ""method"": ""edge_addition_deletion"", ""rewires"": 0, ""triangles_affected"": 0}",0.9,0,native_netlsd,0.2826179118992179,0.2826179118992179,1.3407566089617275,73.4297789990087,0.1881256103515625,success,
stochastic_block_model,"{""edge_probability"": 0.1, ""family"": ""stochastic_block_model"", ""m"": 2, ""num_blocks"": 4, ""num_graphs"": 100, ""num_nodes"": 50, ""p_in"": 0.28, ""p_out"": 0.04, ""seed"": 0}",edge_addition_deletion,"{""alpha"": 0.9, ""edges_added"": 5322, ""edges_removed"": 5272, ""graphs"": 100, ""graphs_skipped"": 0, ""graphs_success"": 100, ""method"": ""edge_addition_deletion"", ""rewires"": 0, ""triangles_affected"": 0}",0.9,0,diversity_curves_shortest_path,0.22750245003649885,0.22750245003649885,0.8472879171313887,80.31052116800856,0.13440704345703125,success,
stochastic_block_model,"{""edge_probability"": 0.1, ""family"": ""stochastic_block_model"", ""m"": 2, ""num_blocks"": 4, ""num_graphs"": 100, ""num_nodes"": 50, ""p_in"": 0.28, ""p_out"": 0.04, ""seed"": 0}",edge_addition_deletion,"{""alpha"": 1.0, ""edges_added"": 5937, ""edges_removed"": 5886, ""graphs"": 100, ""graphs_skipped"": 0, ""graphs_success"": 100, ""method"": ""edge_addition_deletion"", ""rewires"": 0, ""triangles_affected"": 0}",1.0,0,structural_statistics_mmd,0.20480864152120926,8.929134885661995,9.609124394039409,1.9347588480013655,0.0682830810546875,success,
stochastic_block_model,"{""edge_probability"": 0.1, ""family"": ""stochastic_block_model"", ""m"": 2, ""num_blocks"": 4, ""num_graphs"": 100, ""num_nodes"": 50, ""p_in"": 0.28, ""p_out"": 0.04, ""seed"": 0}",edge_addition_deletion,"{""alpha"": 1.0, ""edges_added"": 5937, ""edges_removed"": 5886, ""graphs"": 100, ""graphs_skipped"": 0, ""graphs_success"": 100, ""method"": ""edge_addition_deletion"", ""rewires"": 0, ""triangles_affected"": 0}",1.0,0,wl_subtree_kernel_mmd,4.005400000000002,2.001349544682288,19.184370113940567,0.22010615399631206,15.457474708557129,success,
stochastic_block_model,"{""edge_probability"": 0.1, ""family"": ""stochastic_block_model"", ""m"": 2, ""num_blocks"": 4, ""num_graphs"": 100, ""num_nodes"": 50, ""p_in"": 0.28, ""p_out"": 0.04, ""seed"": 0}",edge_addition_deletion,"{""alpha"": 1.0, ""edges_added"": 5937, ""edges_removed"": 5886, ""graphs"": 100, ""graphs_skipped"": 0, ""graphs_success"": 100, ""method"": ""edge_addition_deletion"", ""rewires"": 0, ""triangles_affected"": 0}",1.0,0,native_netlsd,0.2698177595977335,0.2698177595977335,1.3267796667188996,73.39272478299972,0.18817138671875,success,
stochastic_block_model,"{""edge_probability"": 0.1, ""family"": ""stochastic_block_model"", ""m"": 2, ""num_blocks"": 4, ""num_graphs"": 100, ""num_nodes"": 50, ""p_in"": 0.28, ""p_out"": 0.04, ""seed"": 0}",edge_addition_deletion,"{""alpha"": 1.0, ""edges_added"": 5937, ""edges_removed"": 5886, ""graphs"": 100, ""graphs_skipped"": 0, ""graphs_success"": 100, ""method"": ""edge_addition_deletion"", ""rewires"": 0, ""triangles_affected"": 0}",1.0,0,diversity_curves_shortest_path,0.23245311041022035,0.23245311041022035,0.8539583381858356,80.3273159370001,0.13538360595703125,success,
stochastic_block_model,"{""edge_probability"": 0.1, ""family"": ""stochastic_block_model"", ""m"": 2, ""num_blocks"": 4, ""num_graphs"": 100, ""num_nodes"": 50, ""p_in"": 0.28, ""p_out"": 0.04, ""seed"": 0}",triangle_injection_removal,"{""alpha"": 0.0, ""edges_added"": 0, ""edges_removed"": 0, ""graphs"": 100, ""graphs_skipped"": 0, ""graphs_success"": 100, ""method"": ""triangle_injection_removal"", ""rewires"": 0, ""triangles_affected"": 0}",0.0,0,structural_statistics_mmd,0.0,0.0,0.0,1.92747724999208,0.06830596923828125,success,
stochastic_block_model,"{""edge_probability"": 0.1, ""family"": ""stochastic_block_model"", ""m"": 2, ""num_blocks"": 4, ""num_graphs"": 100, ""num_nodes"": 50, ""p_in"": 0.28, ""p_out"": 0.04, ""seed"": 0}",triangle_injection_removal,"{""alpha"": 0.0, ""edges_added"": 0, ""edges_removed"": 0, ""graphs"": 100, ""graphs_skipped"": 0, ""graphs_success"": 100, ""method"": ""triangle_injection_removal"", ""rewires"": 0, ""triangles_affected"": 0}",0.0,0,wl_subtree_kernel_mmd,0.0,0.0,0.0,0.21434280701214448,15.276632308959961,success,
stochastic_block_model,"{""edge_probability"": 0.1, ""family"": ""stochastic_block_model"", ""m"": 2, ""num_blocks"": 4, ""num_graphs"": 100, ""num_nodes"": 50, ""p_in"": 0.28, ""p_out"": 0.04, ""seed"": 0}",triangle_injection_removal,"{""alpha"": 0.0, ""edges_added"": 0, ""edges_removed"": 0, ""graphs"": 100, ""graphs_skipped"": 0, ""graphs_success"": 100, ""method"": ""triangle_injection_removal"", ""rewires"": 0, ""triangles_affected"": 0}",0.0,0,native_netlsd,0.0,0.0,0.0,73.30291432999365,0.18810272216796875,success,
stochastic_block_model,"{""edge_probability"": 0.1, ""family"": ""stochastic_block_model"", ""m"": 2, ""num_blocks"": 4, ""num_graphs"": 100, ""num_nodes"": 50, ""p_in"": 0.28, ""p_out"": 0.04, ""seed"": 0}",triangle_injection_removal,"{""alpha"": 0.0, ""edges_added"": 0, ""edges_removed"": 0, ""graphs"": 100, ""graphs_skipped"": 0, ""graphs_success"": 100, ""method"": ""triangle_injection_removal"", ""rewires"": 0, ""triangles_affected"": 0}",0.0,0,diversity_curves_shortest_path,0.0,0.0,0.0,76.87836082100694,0.13394927978515625,success,
stochastic_block_model,"{""edge_probability"": 0.1, ""family"": ""stochastic_block_model"", ""m"": 2, ""num_blocks"": 4, ""num_graphs"": 100, ""num_nodes"": 50, ""p_in"": 0.28, ""p_out"": 0.04, ""seed"": 0}",triangle_injection_removal,"{""alpha"": 0.1, ""edges_added"": 594, ""edges_removed"": 543, ""graphs"": 100, ""graphs_skipped"": 0, ""graphs_success"": 100, ""method"": ""triangle_injection_removal"", ""rewires"": 0, ""triangles_affected"": 1137}",0.1,0,structural_statistics_mmd,0.001192426989695905,0.5264840978350503,1.7799425391797683,1.9183932070009178,0.06830596923828125,success,
stochastic_block_model,"{""edge_probability"": 0.1, ""family"": ""stochastic_block_model"", ""m"": 2, ""num_blocks"": 4, ""num_graphs"": 100, ""num_nodes"": 50, ""p_in"": 0.28, ""p_out"": 0.04, ""seed"": 0}",triangle_injection_removal,"{""alpha"": 0.1, ""edges_added"": 594, ""edges_removed"": 543, ""graphs"": 100, ""graphs_skipped"": 0, ""graphs_success"": 100, ""method"": ""triangle_injection_removal"", ""rewires"": 0, ""triangles_affected"": 1137}",0.1,0,wl_subtree_kernel_mmd,3.0847999999999995,1.7563598720080118,17.646998183387062,0.218683062994387,15.348588943481445,success,
stochastic_block_model,"{""edge_probability"": 0.1, ""family"": ""stochastic_block_model"", ""m"": 2, ""num_blocks"": 4, ""num_graphs"": 100, ""num_nodes"": 50, ""p_in"": 0.28, ""p_out"": 0.04, ""seed"": 0}",triangle_injection_removal,"{""alpha"": 0.1, ""edges_added"": 594, ""edges_removed"": 543, ""graphs"": 100, ""graphs_skipped"": 0, ""graphs_success"": 100, ""method"": ""triangle_injection_removal"", ""rewires"": 0, ""triangles_affected"": 1137}",0.1,0,native_netlsd,0.031452715482608376,0.031452715482608376,0.11683801349756717,73.54941927800246,0.18814849853515625,success,
stochastic_block_model,"{""edge_probability"": 0.1, ""family"": ""stochastic_block_model"", ""m"": 2, ""num_blocks"": 4, ""num_graphs"": 100, ""num_nodes"": 50, ""p_in"": 0.28, ""p_out"": 0.04, ""seed"": 0}",triangle_injection_removal,"{""alpha"": 0.1, ""edges_added"": 594, ""edges_removed"": 543, ""graphs"": 100, ""graphs_skipped"": 0, ""graphs_success"": 100, ""method"": ""triangle_injection_removal"", ""rewires"": 0, ""triangles_affected"": 1137}",0.1,0,diversity_curves_shortest_path,0.04887625773892466,0.04887625773892466,0.13939515582444353,77.85021200399206,0.13393402099609375,success,
stochastic_block_model,"{""edge_probability"": 0.1, ""family"": ""stochastic_block_model"", ""m"": 2, ""num_blocks"": 4, ""num_graphs"": 100, ""num_nodes"": 50, ""p_in"": 0.28, ""p_out"": 0.04, ""seed"": 0}",triangle_injection_removal,"{""alpha"": 0.2, ""edges_added"": 1188, ""edges_removed"": 1137, ""graphs"": 100, ""graphs_skipped"": 0, ""graphs_success"": 100, ""method"": ""triangle_injection_removal"", ""rewires"": 0, ""triangles_affected"": 2325}",0.2,0,structural_statistics_mmd,0.0007709603466146131,0.7163709636787554,2.5471263117264473,1.9373568320006598,0.06830596923828125,success,
stochastic_block_model,"{""edge_probability"": 0.1, ""family"": ""stochastic_block_model"", ""m"": 2, ""num_blocks"": 4, ""num_graphs"": 100, ""num_nodes"": 50, ""p_in"": 0.28, ""p_out"": 0.04, ""seed"": 0}",triangle_injection_removal,"{""alpha"": 0.2, ""edges_added"": 1188, ""edges_removed"": 1137, ""graphs"": 100, ""graphs_skipped"": 0, ""graphs_success"": 100, ""method"": ""triangle_injection_removal"", ""rewires"": 0, ""triangles_affected"": 2325}",0.2,0,wl_subtree_kernel_mmd,3.6860000000000004,1.9198958305074785,18.262852778635523,0.21974512400629465,15.392541885375977,success,
stochastic_block_model,"{""edge_probability"": 0.1, ""family"": ""stochastic_block_model"", ""m"": 2, ""num_blocks"": 4, ""num_graphs"": 100, ""num_nodes"": 50, ""p_in"": 0.28, ""p_out"": 0.04, ""seed"": 0}",triangle_injection_removal,"{""alpha"": 0.2, ""edges_added"": 1188, ""edges_removed"": 1137, ""graphs"": 100, ""graphs_skipped"": 0, ""graphs_success"": 100, ""method"": ""triangle_injection_removal"", ""rewires"": 0, ""triangles_affected"": 2325}",0.2,0,native_netlsd,0.0337456108293284,0.0337456108293284,0.13631889257588672,73.41154663100315,0.18814849853515625,success,
stochastic_block_model,"{""edge_probability"": 0.1, ""family"": ""stochastic_block_model"", ""m"": 2, ""num_blocks"": 4, ""num_graphs"": 100, ""num_nodes"": 50, ""p_in"": 0.28, ""p_out"": 0.04, ""seed"": 0}",triangle_injection_removal,"{""alpha"": 0.2, ""edges_added"": 1188, ""edges_removed"": 1137, ""graphs"": 100, ""graphs_skipped"": 0, ""graphs_success"": 100, ""method"": ""triangle_injection_removal"", ""rewires"": 0, ""triangles_affected"": 2325}",0.2,0,diversity_curves_shortest_path,0.06128173557515592,0.06128173557515592,0.16017830131964966,77.90690979899955,0.13394927978515625,success,
stochastic_block_model,"{""edge_probability"": 0.1, ""family"": ""stochastic_block_model"", ""m"": 2, ""num_blocks"": 4, ""num_graphs"": 100, ""num_nodes"": 50, ""p_in"": 0.28, ""p_out"": 0.04, ""seed"": 0}",triangle_injection_removal,"{""alpha"": 0.3, ""edges_added"": 1774, ""edges_removed"": 1725, ""graphs"": 100, ""graphs_skipped"": 0, ""graphs_success"": 100, ""method"": ""triangle_injection_removal"", ""rewires"": 0, ""triangles_affected"": 3499}",0.3,0,structural_statistics_mmd,0.0020984141460781425,0.709664882016677,3.0544648825715712,1.9637692749965936,0.07054901123046875,success,
stochastic_block_model,"{""edge_probability"": 0.1, ""family"": ""stochastic_block_model"", ""m"": 2, ""num_blocks"": 4, ""num_graphs"": 100, ""num_nodes"": 50, ""p_in"": 0.28, ""p_out"": 0.04, ""seed"": 0}",triangle_injection_removal,"{""alpha"": 0.3, ""edges_added"": 1774, ""edges_removed"": 1725, ""graphs"": 100, ""graphs_skipped"": 0, ""graphs_success"": 100, ""method"": ""triangle_injection_removal"", ""rewires"": 0, ""triangles_affected"": 3499}",0.3,0,wl_subtree_kernel_mmd,4.1372,2.034010816097102,18.630736005525648,0.2190912450023461,15.421666145324707,success,
stochastic_block_model,"{""edge_probability"": 0.1, ""family"": ""stochastic_block_model"", ""m"": 2, ""num_blocks"": 4, ""num_graphs"": 100, ""num_nodes"": 50, ""p_in"": 0.28, ""p_out"": 0.04, ""seed"": 0}",triangle_injection_removal,"{""alpha"": 0.3, ""edges_added"": 1774, ""edges_removed"": 1725, ""graphs"": 100, ""graphs_skipped"": 0, ""graphs_success"": 100, ""method"": ""triangle_injection_removal"", ""rewires"": 0, ""triangles_affected"": 3499}",0.3,0,native_netlsd,0.12456339370584317,0.12456339370584317,0.2829836709229474,73.5673938599939,0.188232421875,success,
stochastic_block_model,"{""edge_probability"": 0.1, ""family"": ""stochastic_block_model"", ""m"": 2, ""num_blocks"": 4, ""num_graphs"": 100, ""num_nodes"": 50, ""p_in"": 0.28, ""p_out"": 0.04, ""seed"": 0}",triangle_injection_removal,"{""alpha"": 0.3, ""edges_added"": 1774, ""edges_removed"": 1725, ""graphs"": 100, ""graphs_skipped"": 0, ""graphs_success"": 100, ""method"": ""triangle_injection_removal"", ""rewires"": 0, ""triangles_affected"": 3499}",0.3,0,diversity_curves_shortest_path,0.030327777850852087,0.030327777850852087,0.24764611105623074,79.66044830200553,0.5240020751953125,success,
stochastic_block_model,"{""edge_probability"": 0.1, ""family"": ""stochastic_block_model"", ""m"": 2, ""num_blocks"": 4, ""num_graphs"": 100, ""num_nodes"": 50, ""p_in"": 0.28, ""p_out"": 0.04, ""seed"": 0}",triangle_injection_removal,"{""alpha"": 0.4, ""edges_added"": 2362, ""edges_removed"": 2325, ""graphs"": 100, ""graphs_skipped"": 0, ""graphs_success"": 100, ""method"": ""triangle_injection_removal"", ""rewires"": 0, ""triangles_affected"": 4687}",0.4,0,structural_statistics_mmd,0.0019367101753540172,0.7395251527755105,3.535280250818116,1.921160198005964,0.06826019287109375,success,
stochastic_block_model,"{""edge_probability"": 0.1, ""family"": ""stochastic_block_model"", ""m"": 2, ""num_blocks"": 4, ""num_graphs"": 100, ""num_nodes"": 50, ""p_in"": 0.28, ""p_out"": 0.04, ""seed"": 0}",triangle_injection_removal,"{""alpha"": 0.4, ""edges_added"": 2362, ""edges_removed"": 2325, ""graphs"": 100, ""graphs_skipped"": 0, ""graphs_success"": 100, ""method"": ""triangle_injection_removal"", ""rewires"": 0, ""triangles_affected"": 4687}",0.4,0,wl_subtree_kernel_mmd,4.3530000000000015,2.0863844324572596,18.790874755358594,0.21918684599222615,15.43953800201416,success,
stochastic_block_model,"{""edge_probability"": 0.1, ""family"": ""stochastic_block_model"", ""m"": 2, ""num_blocks"": 4, ""num_graphs"": 100, ""num_nodes"": 50, ""p_in"": 0.28, ""p_out"": 0.04, ""seed"": 0}",triangle_injection_removal,"{""alpha"": 0.4, ""edges_added"": 2362, ""edges_removed"": 2325, ""graphs"": 100, ""graphs_skipped"": 0, ""graphs_success"": 100, ""method"": ""triangle_injection_removal"", ""rewires"": 0, ""triangles_affected"": 4687}",0.4,0,native_netlsd,0.05538338659291322,0.05538338659291322,0.20780836657881693,73.48482159098785,0.18814849853515625,success,
stochastic_block_model,"{""edge_probability"": 0.1, ""family"": ""stochastic_block_model"", ""m"": 2, ""num_blocks"": 4, ""num_graphs"": 100, ""num_nodes"": 50, ""p_in"": 0.28, ""p_out"": 0.04, ""seed"": 0}",triangle_injection_removal,"{""alpha"": 0.4, ""edges_added"": 2362, ""edges_removed"": 2325, ""graphs"": 100, ""graphs_skipped"": 0, ""graphs_success"": 100, ""method"": ""triangle_injection_removal"", ""rewires"": 0, ""triangles_affected"": 4687}",0.4,0,diversity_curves_shortest_path,0.02042994026446914,0.02042994026446914,0.2058008839368237,78.14277999800106,0.134246826171875,success,
stochastic_block_model,"{""edge_probability"": 0.1, ""family"": ""stochastic_block_model"", ""m"": 2, ""num_blocks"": 4, ""num_graphs"": 100, ""num_nodes"": 50, ""p_in"": 0.28, ""p_out"": 0.04, ""seed"": 0}",triangle_injection_removal,"{""alpha"": 0.5, ""edges_added"": 2965, ""edges_removed"": 2921, ""graphs"": 100, ""graphs_skipped"": 0, ""graphs_success"": 100, ""method"": ""triangle_injection_removal"", ""rewires"": 0, ""triangles_affected"": 5886}",0.5,0,structural_statistics_mmd,0.006747479118730415,1.5987801799533674,4.007906872471086,1.9290150769957108,0.0682830810546875,success,
stochastic_block_model,"{""edge_probability"": 0.1, ""family"": ""stochastic_block_model"", ""m"": 2, ""num_blocks"": 4, ""num_graphs"": 100, ""num_nodes"": 50, ""p_in"": 0.28, ""p_out"": 0.04, ""seed"": 0}",triangle_injection_removal,"{""alpha"": 0.5, ""edges_added"": 2965, ""edges_removed"": 2921, ""graphs"": 100, ""graphs_skipped"": 0, ""graphs_success"": 100, ""method"": ""triangle_injection_removal"", ""rewires"": 0, ""triangles_affected"": 5886}",0.5,0,wl_subtree_kernel_mmd,5.0862000000000025,2.2552605171021822,19.03357086603988,0.21993427400593646,15.478863716125488,success,
stochastic_block_model,"{""edge_probability"": 0.1, ""family"": ""stochastic_block_model"", ""m"": 2, ""num_blocks"": 4, ""num_graphs"": 100, ""num_nodes"": 50, ""p_in"": 0.28, ""p_out"": 0.04, ""seed"": 0}",triangle_injection_removal,"{""alpha"": 0.5, ""edges_added"": 2965, ""edges_removed"": 2921, ""graphs"": 100, ""graphs_skipped"": 0, ""graphs_success"": 100, ""method"": ""triangle_injection_removal"", ""rewires"": 0, ""triangles_affected"": 5886}",0.5,0,native_netlsd,0.3023666092750716,0.3023666092750716,0.45982360820962576,73.405206705007,0.1881256103515625,success,
stochastic_block_model,"{""edge_probability"": 0.1, ""family"": ""stochastic_block_model"", ""m"": 2, ""num_blocks"": 4, ""num_graphs"": 100, ""num_nodes"": 50, ""p_in"": 0.28, ""p_out"": 0.04, ""seed"": 0}",triangle_injection_removal,"{""alpha"": 0.5, ""edges_added"": 2965, ""edges_removed"": 2921, ""graphs"": 100, ""graphs_skipped"": 0, ""graphs_success"": 100, ""method"": ""triangle_injection_removal"", ""rewires"": 0, ""triangles_affected"": 5886}",0.5,0,diversity_curves_shortest_path,0.11293526186373794,0.11293526186373794,0.33239109969876846,77.98909382800048,0.1349029541015625,success,
stochastic_block_model,"{""edge_probability"": 0.1, ""family"": ""stochastic_block_model"", ""m"": 2, ""num_blocks"": 4, ""num_graphs"": 100, ""num_nodes"": 50, ""p_in"": 0.28, ""p_out"": 0.04, ""seed"": 0}",triangle_injection_removal,"{""alpha"": 0.6, ""edges_added"": 3554, ""edges_removed"": 3499, ""graphs"": 100, ""graphs_skipped"": 0, ""graphs_success"": 100, ""method"": ""triangle_injection_removal"", ""rewires"": 0, ""triangles_affected"": 7053}",0.6,0,structural_statistics_mmd,0.016052375042033273,3.0956843267202947,4.778573251291831,1.921104783003102,0.06826019287109375,success,
stochastic_block_model,"{""edge_probability"": 0.1, ""family"": ""stochastic_block_model"", ""m"": 2, ""num_blocks"": 4, ""num_graphs"": 100, ""num_nodes"": 50, ""p_in"": 0.28, ""p_out"": 0.04, ""seed"": 0}",triangle_injection_removal,"{""alpha"": 0.6, ""edges_added"": 3554, ""edges_removed"": 3499, ""graphs"": 100, ""graphs_skipped"": 0, ""graphs_success"": 100, ""method"": ""triangle_injection_removal"", ""rewires"": 0, ""triangles_affected"": 7053}",0.6,0,wl_subtree_kernel_mmd,5.689800000000002,2.385330165826107,19.05836432802653,0.22278204900794663,15.549449920654297,success,
stochastic_block_model,"{""edge_probability"": 0.1, ""family"": ""stochastic_block_model"", ""m"": 2, ""num_blocks"": 4, ""num_graphs"": 100, ""num_nodes"": 50, ""p_in"": 0.28, ""p_out"": 0.04, ""seed"": 0}",triangle_injection_removal,"{""alpha"": 0.6, ""edges_added"": 3554, ""edges_removed"": 3499, ""graphs"": 100, ""graphs_skipped"": 0, ""graphs_success"": 100, ""method"": ""triangle_injection_removal"", ""rewires"": 0, ""triangles_affected"": 7053}",0.6,0,native_netlsd,0.3240420615520314,0.3240420615520314,0.496762096478723,73.32889362800051,0.1881256103515625,success,
stochastic_block_model,"{""edge_probability"": 0.1, ""family"": ""stochastic_block_model"", ""m"": 2, ""num_blocks"": 4, ""num_graphs"": 100, ""num_nodes"": 50, ""p_in"": 0.28, ""p_out"": 0.04, ""seed"": 0}",triangle_injection_removal,"{""alpha"": 0.6, ""edges_added"": 3554, ""edges_removed"": 3499, ""graphs"": 100, ""graphs_skipped"": 0, ""graphs_success"": 100, ""method"": ""triangle_injection_removal"", ""rewires"": 0, ""triangles_affected"": 7053}",0.6,0,diversity_curves_shortest_path,0.14288139945501313,0.14288139945501313,0.36551935481843,78.27837978399475,0.13416290283203125,success,
stochastic_block_model,"{""edge_probability"": 0.1, ""family"": ""stochastic_block_model"", ""m"": 2, ""num_blocks"": 4, ""num_graphs"": 100, ""num_nodes"": 50, ""p_in"": 0.28, ""p_out"": 0.04, ""seed"": 0}",triangle_injection_removal,"{""alpha"": 0.7, ""edges_added"": 4141, ""edges_removed"": 4091, ""graphs"": 100, ""graphs_skipped"": 0, ""graphs_success"": 100, ""method"": ""triangle_injection_removal"", ""rewires"": 0, ""triangles_affected"": 8232}",0.7,0,structural_statistics_mmd,0.016892715121851642,2.7390911024448754,4.473435228410687,1.9255346400022972,0.0682830810546875,success,
stochastic_block_model,"{""edge_probability"": 0.1, ""family"": ""stochastic_block_model"", ""m"": 2, ""num_blocks"": 4, ""num_graphs"": 100, ""num_nodes"": 50, ""p_in"": 0.28, ""p_out"": 0.04, ""seed"": 0}",triangle_injection_removal,"{""alpha"": 0.7, ""edges_added"": 4141, ""edges_removed"": 4091, ""graphs"": 100, ""graphs_skipped"": 0, ""graphs_success"": 100, ""method"": ""triangle_injection_removal"", ""rewires"": 0, ""triangles_affected"": 8232}",0.7,0,wl_subtree_kernel_mmd,6.3409999999999975,2.5181342299408898,19.0477386745403,0.22044910299882758,15.523180961608887,success,
stochastic_block_model,"{""edge_probability"": 0.1, ""family"": ""stochastic_block_model"", ""m"": 2, ""num_blocks"": 4, ""num_graphs"": 100, ""num_nodes"": 50, ""p_in"": 0.28, ""p_out"": 0.04, ""seed"": 0}",triangle_injection_removal,"{""alpha"": 0.7, ""edges_added"": 4141, ""edges_removed"": 4091, ""graphs"": 100, ""graphs_skipped"": 0, ""graphs_success"": 100, ""method"": ""triangle_injection_removal"", ""rewires"": 0, ""triangles_affected"": 8232}",0.7,0,native_netlsd,0.29971136263637643,0.29971136263637643,0.45598216593214874,73.3333270209987,0.1881256103515625,success,
stochastic_block_model,"{""edge_probability"": 0.1, ""family"": ""stochastic_block_model"", ""m"": 2, ""num_blocks"": 4, ""num_graphs"": 100, ""num_nodes"": 50, ""p_in"": 0.28, ""p_out"": 0.04, ""seed"": 0}",triangle_injection_removal,"{""alpha"": 0.7, ""edges_added"": 4141, ""edges_removed"": 4091, ""graphs"": 100, ""graphs_skipped"": 0, ""graphs_success"": 100, ""method"": ""triangle_injection_removal"", ""rewires"": 0, ""triangles_affected"": 8232}",0.7,0,diversity_curves_shortest_path,0.1248827238565563,0.1248827238565563,0.33429310729927353,77.92633901900263,0.13440704345703125,success,
stochastic_block_model,"{""edge_probability"": 0.1, ""family"": ""stochastic_block_model"", ""m"": 2, ""num_blocks"": 4, ""num_graphs"": 100, ""num_nodes"": 50, ""p_in"": 0.28, ""p_out"": 0.04, ""seed"": 0}",triangle_injection_removal,"{""alpha"": 0.8, ""edges_added"": 4728, ""edges_removed"": 4687, ""graphs"": 100, ""graphs_skipped"": 0, ""graphs_success"": 100, ""method"": ""triangle_injection_removal"", ""rewires"": 0, ""triangles_affected"": 9415}",0.8,0,structural_statistics_mmd,0.03302001729258908,3.7209210832159205,5.508283900155238,1.942606123004225,0.0684661865234375,success,
stochastic_block_model,"{""edge_probability"": 0.1, ""family"": ""stochastic_block_model"", ""m"": 2, ""num_blocks"": 4, ""num_graphs"": 100, ""num_nodes"": 50, ""p_in"": 0.28, ""p_out"": 0.04, ""seed"": 0}",triangle_injection_removal,"{""alpha"": 0.8, ""edges_added"": 4728, ""edges_removed"": 4687, ""graphs"": 100, ""graphs_skipped"": 0, ""graphs_success"": 100, ""method"": ""triangle_injection_removal"", ""rewires"": 0, ""triangles_affected"": 9415}",0.8,0,wl_subtree_kernel_mmd,7.422600000000003,2.7244448975892324,19.370586898767836,0.22100333699199837,15.572404861450195,success,
stochastic_block_model,"{""edge_probability"": 0.1, ""family"": ""stochastic_block_model"", ""m"": 2, ""num_blocks"": 4, ""num_graphs"": 100, ""num_nodes"": 50, ""p_in"": 0.28, ""p_out"": 0.04, ""seed"": 0}",triangle_injection_removal,"{""alpha"": 0.8, ""edges_added"": 4728, ""edges_removed"": 4687, ""graphs"": 100, ""graphs_skipped"": 0, ""graphs_success"": 100, ""method"": ""triangle_injection_removal"", ""rewires"": 0, ""triangles_affected"": 9415}",0.8,0,native_netlsd,0.4689645079843226,0.4689645079843226,0.6230583265544472,73.32531993500015,0.18814849853515625,success,
stochastic_block_model,"{""edge_probability"": 0.1, ""family"": ""stochastic_block_model"", ""m"": 2, ""num_blocks"": 4, ""num_graphs"": 100, ""num_nodes"": 50, ""p_in"": 0.28, ""p_out"": 0.04, ""seed"": 0}",triangle_injection_removal,"{""alpha"": 0.8, ""edges_added"": 4728, ""edges_removed"": 4687, ""graphs"": 100, ""graphs_skipped"": 0, ""graphs_success"": 100, ""method"": ""triangle_injection_removal"", ""rewires"": 0, ""triangles_affected"": 9415}",0.8,0,diversity_curves_shortest_path,0.21116792986442723,0.21116792986442723,0.4073861411343821,78.47057369300455,0.13457489013671875,success,
stochastic_block_model,"{""edge_probability"": 0.1, ""family"": ""stochastic_block_model"", ""m"": 2, ""num_blocks"": 4, ""num_graphs"": 100, ""num_nodes"": 50, ""p_in"": 0.28, ""p_out"": 0.04, ""seed"": 0}",triangle_injection_removal,"{""alpha"": 0.9, ""edges_added"": 5322, ""edges_removed"": 5272, ""graphs"": 100, ""graphs_skipped"": 0, ""graphs_success"": 100, ""method"": ""triangle_injection_removal"", ""rewires"": 0, ""triangles_affected"": 10594}",0.9,0,structural_statistics_mmd,0.03624843512387721,4.268544037086272,6.391930439371355,1.9300364840019029,0.0682830810546875,success,
stochastic_block_model,"{""edge_probability"": 0.1, ""family"": ""stochastic_block_model"", ""m"": 2, ""num_blocks"": 4, ""num_graphs"": 100, ""num_nodes"": 50, ""p_in"": 0.28, ""p_out"": 0.04, ""seed"": 0}",triangle_injection_removal,"{""alpha"": 0.9, ""edges_added"": 5322, ""edges_removed"": 5272, ""graphs"": 100, ""graphs_skipped"": 0, ""graphs_success"": 100, ""method"": ""triangle_injection_removal"", ""rewires"": 0, ""triangles_affected"": 10594}",0.9,0,wl_subtree_kernel_mmd,7.895400000000003,2.80987544207924,19.368487491860506,0.22019896400161088,15.626863479614258,success,
stochastic_block_model,"{""edge_probability"": 0.1, ""family"": ""stochastic_block_model"", ""m"": 2, ""num_blocks"": 4, ""num_graphs"": 100, ""num_nodes"": 50, ""p_in"": 0.28, ""p_out"": 0.04, ""seed"": 0}",triangle_injection_removal,"{""alpha"": 0.9, ""edges_added"": 5322, ""edges_removed"": 5272, ""graphs"": 100, ""graphs_skipped"": 0, ""graphs_success"": 100, ""method"": ""triangle_injection_removal"", ""rewires"": 0, ""triangles_affected"": 10594}",0.9,0,native_netlsd,0.8195353163611935,0.8195353163611935,0.9688940573685582,73.39063979600905,0.18819427490234375,success,
stochastic_block_model,"{""edge_probability"": 0.1, ""family"": ""stochastic_block_model"", ""m"": 2, ""num_blocks"": 4, ""num_graphs"": 100, ""num_nodes"": 50, ""p_in"": 0.28, ""p_out"": 0.04, ""seed"": 0}",triangle_injection_removal,"{""alpha"": 0.9, ""edges_added"": 5322, ""edges_removed"": 5272, ""graphs"": 100, ""graphs_skipped"": 0, ""graphs_success"": 100, ""method"": ""triangle_injection_removal"", ""rewires"": 0, ""triangles_affected"": 10594}",0.9,0,diversity_curves_shortest_path,0.41836915429716964,0.41836915429716964,0.5900035324602652,77.96826389399939,0.13384246826171875,success,
stochastic_block_model,"{""edge_probability"": 0.1, ""family"": ""stochastic_block_model"", ""m"": 2, ""num_blocks"": 4, ""num_graphs"": 100, ""num_nodes"": 50, ""p_in"": 0.28, ""p_out"": 0.04, ""seed"": 0}",triangle_injection_removal,"{""alpha"": 1.0, ""edges_added"": 5937, ""edges_removed"": 5886, ""graphs"": 100, ""graphs_skipped"": 0, ""graphs_success"": 100, ""method"": ""triangle_injection_removal"", ""rewires"": 0, ""triangles_affected"": 11823}",1.0,0,structural_statistics_mmd,0.03442926998243656,3.782566945191962,5.73504194301311,1.928860910993535,0.06844329833984375,success,
stochastic_block_model,"{""edge_probability"": 0.1, ""family"": ""stochastic_block_model"", ""m"": 2, ""num_blocks"": 4, ""num_graphs"": 100, ""num_nodes"": 50, ""p_in"": 0.28, ""p_out"": 0.04, ""seed"": 0}",triangle_injection_removal,"{""alpha"": 1.0, ""edges_added"": 5937, ""edges_removed"": 5886, ""graphs"": 100, ""graphs_skipped"": 0, ""graphs_success"": 100, ""method"": ""triangle_injection_removal"", ""rewires"": 0, ""triangles_affected"": 11823}",1.0,0,wl_subtree_kernel_mmd,9.928600000000003,3.150968105201956,19.168014632321402,0.2179596359928837,15.635329246520996,success,
stochastic_block_model,"{""edge_probability"": 0.1, ""family"": ""stochastic_block_model"", ""m"": 2, ""num_blocks"": 4, ""num_graphs"": 100, ""num_nodes"": 50, ""p_in"": 0.28, ""p_out"": 0.04, ""seed"": 0}",triangle_injection_removal,"{""alpha"": 1.0, ""edges_added"": 5937, ""edges_removed"": 5886, ""graphs"": 100, ""graphs_skipped"": 0, ""graphs_success"": 100, ""method"": ""triangle_injection_removal"", ""rewires"": 0, ""triangles_affected"": 11823}",1.0,0,native_netlsd,0.6385849077282206,0.6385849077282206,0.8063160997467007,73.95650427001237,0.18817138671875,success,
stochastic_block_model,"{""edge_probability"": 0.1, ""family"": ""stochastic_block_model"", ""m"": 2, ""num_blocks"": 4, ""num_graphs"": 100, ""num_nodes"": 50, ""p_in"": 0.28, ""p_out"": 0.04, ""seed"": 0}",triangle_injection_removal,"{""alpha"": 1.0, ""edges_added"": 5937, ""edges_removed"": 5886, ""graphs"": 100, ""graphs_skipped"": 0, ""graphs_success"": 100, ""method"": ""triangle_injection_removal"", ""rewires"": 0, ""triangles_affected"": 11823}",1.0,0,diversity_curves_shortest_path,0.29825016579927827,0.29825016579927827,0.5200528328140134,78.48438778500713,0.1339569091796875,success,
stochastic_block_model,"{""edge_probability"": 0.1, ""family"": ""stochastic_block_model"", ""m"": 2, ""num_blocks"": 4, ""num_graphs"": 100, ""num_nodes"": 50, ""p_in"": 0.28, ""p_out"": 0.04, ""seed"": 0}",community_weakening,"{""alpha"": 0.0, ""edges_added"": 0, ""edges_removed"": 0, ""graphs"": 100, ""graphs_skipped"": 0, ""graphs_success"": 100, ""method"": ""community_weakening"", ""rewires"": 0, ""triangles_affected"": 0}",0.0,0,structural_statistics_mmd,0.0,0.0,0.0,1.9390021069993963,0.0744171142578125,success,
stochastic_block_model,"{""edge_probability"": 0.1, ""family"": ""stochastic_block_model"", ""m"": 2, ""num_blocks"": 4, ""num_graphs"": 100, ""num_nodes"": 50, ""p_in"": 0.28, ""p_out"": 0.04, ""seed"": 0}",community_weakening,"{""alpha"": 0.0, ""edges_added"": 0, ""edges_removed"": 0, ""graphs"": 100, ""graphs_skipped"": 0, ""graphs_success"": 100, ""method"": ""community_weakening"", ""rewires"": 0, ""triangles_affected"": 0}",0.0,0,wl_subtree_kernel_mmd,0.0,0.0,0.0,0.21517567000410054,15.276678085327148,success,
stochastic_block_model,"{""edge_probability"": 0.1, ""family"": ""stochastic_block_model"", ""m"": 2, ""num_blocks"": 4, ""num_graphs"": 100, ""num_nodes"": 50, ""p_in"": 0.28, ""p_out"": 0.04, ""seed"": 0}",community_weakening,"{""alpha"": 0.0, ""edges_added"": 0, ""edges_removed"": 0, ""graphs"": 100, ""graphs_skipped"": 0, ""graphs_success"": 100, ""method"": ""community_weakening"", ""rewires"": 0, ""triangles_affected"": 0}",0.0,0,native_netlsd,0.0,0.0,0.0,73.4362793550099,0.18816375732421875,success,
stochastic_block_model,"{""edge_probability"": 0.1, ""family"": ""stochastic_block_model"", ""m"": 2, ""num_blocks"": 4, ""num_graphs"": 100, ""num_nodes"": 50, ""p_in"": 0.28, ""p_out"": 0.04, ""seed"": 0}",community_weakening,"{""alpha"": 0.0, ""edges_added"": 0, ""edges_removed"": 0, ""graphs"": 100, ""graphs_skipped"": 0, ""graphs_success"": 100, ""method"": ""community_weakening"", ""rewires"": 0, ""triangles_affected"": 0}",0.0,0,diversity_curves_shortest_path,0.0,0.0,0.0,78.23898939300852,0.52410888671875,success,
stochastic_block_model,"{""edge_probability"": 0.1, ""family"": ""stochastic_block_model"", ""m"": 2, ""num_blocks"": 4, ""num_graphs"": 100, ""num_nodes"": 50, ""p_in"": 0.28, ""p_out"": 0.04, ""seed"": 0}",community_weakening,"{""alpha"": 0.1, ""edges_added"": 762, ""edges_removed"": 762, ""graphs"": 100, ""graphs_skipped"": 0, ""graphs_success"": 100, ""method"": ""community_weakening"", ""rewires"": 762, ""triangles_affected"": 0}",0.1,0,structural_statistics_mmd,0.03548530465625033,3.9218256262133586,4.411797193134471,1.9496431239967933,0.06830596923828125,success,
stochastic_block_model,"{""edge_probability"": 0.1, ""family"": ""stochastic_block_model"", ""m"": 2, ""num_blocks"": 4, ""num_graphs"": 100, ""num_nodes"": 50, ""p_in"": 0.28, ""p_out"": 0.04, ""seed"": 0}",community_weakening,"{""alpha"": 0.1, ""edges_added"": 762, ""edges_removed"": 762, ""graphs"": 100, ""graphs_skipped"": 0, ""graphs_success"": 100, ""method"": ""community_weakening"", ""rewires"": 762, ""triangles_affected"": 0}",0.1,0,wl_subtree_kernel_mmd,3.2656000000000005,1.807097119692243,18.107507418225833,0.2197736630041618,15.311813354492188,success,
stochastic_block_model,"{""edge_probability"": 0.1, ""family"": ""stochastic_block_model"", ""m"": 2, ""num_blocks"": 4, ""num_graphs"": 100, ""num_nodes"": 50, ""p_in"": 0.28, ""p_out"": 0.04, ""seed"": 0}",community_weakening,"{""alpha"": 0.1, ""edges_added"": 762, ""edges_removed"": 762, ""graphs"": 100, ""graphs_skipped"": 0, ""graphs_success"": 100, ""method"": ""community_weakening"", ""rewires"": 762, ""triangles_affected"": 0}",0.1,0,native_netlsd,0.11135117790505661,0.11135117790505661,0.4261203476776527,73.4782343479892,0.1881256103515625,success,
stochastic_block_model,"{""edge_probability"": 0.1, ""family"": ""stochastic_block_model"", ""m"": 2, ""num_blocks"": 4, ""num_graphs"": 100, ""num_nodes"": 50, ""p_in"": 0.28, ""p_out"": 0.04, ""seed"": 0}",community_weakening,"{""alpha"": 0.1, ""edges_added"": 762, ""edges_removed"": 762, ""graphs"": 100, ""graphs_skipped"": 0, ""graphs_success"": 100, ""method"": ""community_weakening"", ""rewires"": 762, ""triangles_affected"": 0}",0.1,0,diversity_curves_shortest_path,0.1677007638208481,0.1677007638208481,0.34997614389794934,78.69919077400118,0.134368896484375,success,
stochastic_block_model,"{""edge_probability"": 0.1, ""family"": ""stochastic_block_model"", ""m"": 2, ""num_blocks"": 4, ""num_graphs"": 100, ""num_nodes"": 50, ""p_in"": 0.28, ""p_out"": 0.04, ""seed"": 0}",community_weakening,"{""alpha"": 0.2, ""edges_added"": 1573, ""edges_removed"": 1573, ""graphs"": 100, ""graphs_skipped"": 0, ""graphs_success"": 100, ""method"": ""community_weakening"", ""rewires"": 1573, ""triangles_affected"": 0}",0.2,0,structural_statistics_mmd,0.10539366502802838,6.56515271071301,6.8774225207948225,1.9253968539997004,0.06830596923828125,success,
stochastic_block_model,"{""edge_probability"": 0.1, ""family"": ""stochastic_block_model"", ""m"": 2, ""num_blocks"": 4, ""num_graphs"": 100, ""num_nodes"": 50, ""p_in"": 0.28, ""p_out"": 0.04, ""seed"": 0}",community_weakening,"{""alpha"": 0.2, ""edges_added"": 1573, ""edges_removed"": 1573, ""graphs"": 100, ""graphs_skipped"": 0, ""graphs_success"": 100, ""method"": ""community_weakening"", ""rewires"": 1573, ""triangles_affected"": 0}",0.2,0,wl_subtree_kernel_mmd,4.452400000000002,2.1100710888498524,18.938406082771273,0.2189951460022712,15.35401439666748,success,
stochastic_block_model,"{""edge_probability"": 0.1, ""family"": ""stochastic_block_model"", ""m"": 2, ""num_blocks"": 4, ""num_graphs"": 100, ""num_nodes"": 50, ""p_in"": 0.28, ""p_out"": 0.04, ""seed"": 0}",community_weakening,"{""alpha"": 0.2, ""edges_added"": 1573, ""edges_removed"": 1573, ""graphs"": 100, ""graphs_skipped"": 0, ""graphs_success"": 100, ""method"": ""community_weakening"", ""rewires"": 1573, ""triangles_affected"": 0}",0.2,0,native_netlsd,0.19251107430060688,0.19251107430060688,0.6680194409206007,73.34174954400805,0.18810272216796875,success,
stochastic_block_model,"{""edge_probability"": 0.1, ""family"": ""stochastic_block_model"", ""m"": 2, ""num_blocks"": 4, ""num_graphs"": 100, ""num_nodes"": 50, ""p_in"": 0.28, ""p_out"": 0.04, ""seed"": 0}",community_weakening,"{""alpha"": 0.2, ""edges_added"": 1573, ""edges_removed"": 1573, ""graphs"": 100, ""graphs_skipped"": 0, ""graphs_success"": 100, ""method"": ""community_weakening"", ""rewires"": 1573, ""triangles_affected"": 0}",0.2,0,diversity_curves_shortest_path,0.27159107052460046,0.27159107052460046,0.5128036977174673,79.1543288739922,0.13504791259765625,success,
stochastic_block_model,"{""edge_probability"": 0.1, ""family"": ""stochastic_block_model"", ""m"": 2, ""num_blocks"": 4, ""num_graphs"": 100, ""num_nodes"": 50, ""p_in"": 0.28, ""p_out"": 0.04, ""seed"": 0}",community_weakening,"{""alpha"": 0.3, ""edges_added"": 2378, ""edges_removed"": 2378, ""graphs"": 100, ""graphs_skipped"": 0, ""graphs_success"": 100, ""method"": ""community_weakening"", ""rewires"": 2378, ""triangles_affected"": 0}",0.3,0,structural_statistics_mmd,0.16628902767779707,8.140986803978368,8.397615301858531,1.9337744969961932,0.0682830810546875,success,
stochastic_block_model,"{""edge_probability"": 0.1, ""family"": ""stochastic_block_model"", ""m"": 2, ""num_blocks"": 4, ""num_graphs"": 100, ""num_nodes"": 50, ""p_in"": 0.28, ""p_out"": 0.04, ""seed"": 0}",community_weakening,"{""alpha"": 0.3, ""edges_added"": 2378, ""edges_removed"": 2378, ""graphs"": 100, ""graphs_skipped"": 0, ""graphs_success"": 100, ""method"": ""community_weakening"", ""rewires"": 2378, ""triangles_affected"": 0}",0.3,0,wl_subtree_kernel_mmd,4.436599999999999,2.106323811763044,19.212030240404246,0.21878739600651897,15.400569915771484,success,
stochastic_block_model,"{""edge_probability"": 0.1, ""family"": ""stochastic_block_model"", ""m"": 2, ""num_blocks"": 4, ""num_graphs"": 100, ""num_nodes"": 50, ""p_in"": 0.28, ""p_out"": 0.04, ""seed"": 0}",community_weakening,"{""alpha"": 0.3, ""edges_added"": 2378, ""edges_removed"": 2378, ""graphs"": 100, ""graphs_skipped"": 0, ""graphs_success"": 100, ""method"": ""community_weakening"", ""rewires"": 2378, ""triangles_affected"": 0}",0.3,0,native_netlsd,0.2998174196459087,0.2998174196459087,0.9463505382765528,73.13300132400764,0.18814849853515625,success,
stochastic_block_model,"{""edge_probability"": 0.1, ""family"": ""stochastic_block_model"", ""m"": 2, ""num_blocks"": 4, ""num_graphs"": 100, ""num_nodes"": 50, ""p_in"": 0.28, ""p_out"": 0.04, ""seed"": 0}",community_weakening,"{""alpha"": 0.3, ""edges_added"": 2378, ""edges_removed"": 2378, ""graphs"": 100, ""graphs_skipped"": 0, ""graphs_success"": 100, ""method"": ""community_weakening"", ""rewires"": 2378, ""triangles_affected"": 0}",0.3,0,diversity_curves_shortest_path,0.36209089125824984,0.36209089125824984,0.6695225376448292,79.89817208700697,0.135345458984375,success,
stochastic_block_model,"{""edge_probability"": 0.1, ""family"": ""stochastic_block_model"", ""m"": 2, ""num_blocks"": 4, ""num_graphs"": 100, ""num_nodes"": 50, ""p_in"": 0.28, ""p_out"": 0.04, ""seed"": 0}",community_weakening,"{""alpha"": 0.4, ""edges_added"": 3184, ""edges_removed"": 3184, ""graphs"": 100, ""graphs_skipped"": 0, ""graphs_success"": 100, ""method"": ""community_weakening"", ""rewires"": 3184, ""triangles_affected"": 0}",0.4,0,structural_statistics_mmd,0.2012407661968343,9.15491004619774,9.5380922268722,1.9140350969973952,0.06830596923828125,success,
stochastic_block_model,"{""edge_probability"": 0.1, ""family"": ""stochastic_block_model"", ""m"": 2, ""num_blocks"": 4, ""num_graphs"": 100, ""num_nodes"": 50, ""p_in"": 0.28, ""p_out"": 0.04, ""seed"": 0}",community_weakening,"{""alpha"": 0.4, ""edges_added"": 3184, ""edges_removed"": 3184, ""graphs"": 100, ""graphs_skipped"": 0, ""graphs_success"": 100, ""method"": ""community_weakening"", ""rewires"": 3184, ""triangles_affected"": 0}",0.4,0,wl_subtree_kernel_mmd,5.553400000000003,2.3565652972069335,19.306296713181794,0.21830870299891103,15.4286470413208,success,
stochastic_block_model,"{""edge_probability"": 0.1, ""family"": ""stochastic_block_model"", ""m"": 2, ""num_blocks"": 4, ""num_graphs"": 100, ""num_nodes"": 50, ""p_in"": 0.28, ""p_out"": 0.04, ""seed"": 0}",community_weakening,"{""alpha"": 0.4, ""edges_added"": 3184, ""edges_removed"": 3184, ""graphs"": 100, ""graphs_skipped"": 0, ""graphs_success"": 100, ""method"": ""community_weakening"", ""rewires"": 3184, ""triangles_affected"": 0}",0.4,0,native_netlsd,0.24554123736324343,0.24554123736324343,0.9806341487252216,73.16202633899229,0.1881256103515625,success,
stochastic_block_model,"{""edge_probability"": 0.1, ""family"": ""stochastic_block_model"", ""m"": 2, ""num_blocks"": 4, ""num_graphs"": 100, ""num_nodes"": 50, ""p_in"": 0.28, ""p_out"": 0.04, ""seed"": 0}",community_weakening,"{""alpha"": 0.4, ""edges_added"": 3184, ""edges_removed"": 3184, ""graphs"": 100, ""graphs_skipped"": 0, ""graphs_success"": 100, ""method"": ""community_weakening"", ""rewires"": 3184, ""triangles_affected"": 0}",0.4,0,diversity_curves_shortest_path,0.3206636399032765,0.3206636399032765,0.6762071792612161,80.09563964699919,0.13526153564453125,success,
stochastic_block_model,"{""edge_probability"": 0.1, ""family"": ""stochastic_block_model"", ""m"": 2, ""num_blocks"": 4, ""num_graphs"": 100, ""num_nodes"": 50, ""p_in"": 0.28, ""p_out"": 0.04, ""seed"": 0}",community_weakening,"{""alpha"": 0.5, ""edges_added"": 4007, ""edges_removed"": 4007, ""graphs"": 100, ""graphs_skipped"": 0, ""graphs_success"": 100, ""method"": ""community_weakening"", ""rewires"": 4007, ""triangles_affected"": 0}",0.5,0,structural_statistics_mmd,0.22747702555970906,9.89413829742845,10.34449458798102,1.9240343749988824,0.06812286376953125,success,
stochastic_block_model,"{""edge_probability"": 0.1, ""family"": ""stochastic_block_model"", ""m"": 2, ""num_blocks"": 4, ""num_graphs"": 100, ""num_nodes"": 50, ""p_in"": 0.28, ""p_out"": 0.04, ""seed"": 0}",community_weakening,"{""alpha"": 0.5, ""edges_added"": 4007, ""edges_removed"": 4007, ""graphs"": 100, ""graphs_skipped"": 0, ""graphs_success"": 100, ""method"": ""community_weakening"", ""rewires"": 4007, ""triangles_affected"": 0}",0.5,0,wl_subtree_kernel_mmd,5.919000000000001,2.4328995047062674,19.28442500741025,0.22428772000421304,15.419466018676758,success,
stochastic_block_model,"{""edge_probability"": 0.1, ""family"": ""stochastic_block_model"", ""m"": 2, ""num_blocks"": 4, ""num_graphs"": 100, ""num_nodes"": 50, ""p_in"": 0.28, ""p_out"": 0.04, ""seed"": 0}",community_weakening,"{""alpha"": 0.5, ""edges_added"": 4007, ""edges_removed"": 4007, ""graphs"": 100, ""graphs_skipped"": 0, ""graphs_success"": 100, ""method"": ""community_weakening"", ""rewires"": 4007, ""triangles_affected"": 0}",0.5,0,native_netlsd,0.24426205530136497,0.24426205530136497,1.1729249207267392,73.76666866100277,0.18814849853515625,success,
stochastic_block_model,"{""edge_probability"": 0.1, ""family"": ""stochastic_block_model"", ""m"": 2, ""num_blocks"": 4, ""num_graphs"": 100, ""num_nodes"": 50, ""p_in"": 0.28, ""p_out"": 0.04, ""seed"": 0}",community_weakening,"{""alpha"": 0.5, ""edges_added"": 4007, ""edges_removed"": 4007, ""graphs"": 100, ""graphs_skipped"": 0, ""graphs_success"": 100, ""method"": ""community_weakening"", ""rewires"": 4007, ""triangles_affected"": 0}",0.5,0,diversity_curves_shortest_path,0.2583024476734437,0.2583024476734437,0.7560513623291828,79.94274090600084,0.13498687744140625,success,
stochastic_block_model,"{""edge_probability"": 0.1, ""family"": ""stochastic_block_model"", ""m"": 2, ""num_blocks"": 4, ""num_graphs"": 100, ""num_nodes"": 50, ""p_in"": 0.28, ""p_out"": 0.04, ""seed"": 0}",community_weakening,"{""alpha"": 0.6, ""edges_added"": 4800, ""edges_removed"": 4800, ""graphs"": 100, ""graphs_skipped"": 0, ""graphs_success"": 100, ""method"": ""community_weakening"", ""rewires"": 4800, ""triangles_affected"": 0}",0.6,0,structural_statistics_mmd,0.23607238491471005,10.123075028754632,10.604411032346452,1.9206525240006158,0.068359375,success,
stochastic_block_model,"{""edge_probability"": 0.1, ""family"": ""stochastic_block_model"", ""m"": 2, ""num_blocks"": 4, ""num_graphs"": 100, ""num_nodes"": 50, ""p_in"": 0.28, ""p_out"": 0.04, ""seed"": 0}",community_weakening,"{""alpha"": 0.6, ""edges_added"": 4800, ""edges_removed"": 4800, ""graphs"": 100, ""graphs_skipped"": 0, ""graphs_success"": 100, ""method"": ""community_weakening"", ""rewires"": 4800, ""triangles_affected"": 0}",0.6,0,wl_subtree_kernel_mmd,4.960000000000001,2.227105745132009,19.37507430384153,0.21871696400921792,15.411612510681152,success,
stochastic_block_model,"{""edge_probability"": 0.1, ""family"": ""stochastic_block_model"", ""m"": 2, ""num_blocks"": 4, ""num_graphs"": 100, ""num_nodes"": 50, ""p_in"": 0.28, ""p_out"": 0.04, ""seed"": 0}",community_weakening,"{""alpha"": 0.6, ""edges_added"": 4800, ""edges_removed"": 4800, ""graphs"": 100, ""graphs_skipped"": 0, ""graphs_success"": 100, ""method"": ""community_weakening"", ""rewires"": 4800, ""triangles_affected"": 0}",0.6,0,native_netlsd,0.2653045044292633,0.2653045044292633,1.1055316131222706,73.18576945600216,0.18810272216796875,success,
stochastic_block_model,"{""edge_probability"": 0.1, ""family"": ""stochastic_block_model"", ""m"": 2, ""num_blocks"": 4, ""num_graphs"": 100, ""num_nodes"": 50, ""p_in"": 0.28, ""p_out"": 0.04, ""seed"": 0}",community_weakening,"{""alpha"": 0.6, ""edges_added"": 4800, ""edges_removed"": 4800, ""graphs"": 100, ""graphs_skipped"": 0, ""graphs_success"": 100, ""method"": ""community_weakening"", ""rewires"": 4800, ""triangles_affected"": 0}",0.6,0,diversity_curves_shortest_path,0.24327926362614616,0.24327926362614616,0.7148994671363792,79.92685320301098,0.135101318359375,success,
stochastic_block_model,"{""edge_probability"": 0.1, ""family"": ""stochastic_block_model"", ""m"": 2, ""num_blocks"": 4, ""num_graphs"": 100, ""num_nodes"": 50, ""p_in"": 0.28, ""p_out"": 0.04, ""seed"": 0}",community_weakening,"{""alpha"": 0.7, ""edges_added"": 5593, ""edges_removed"": 5593, ""graphs"": 100, ""graphs_skipped"": 0, ""graphs_success"": 100, ""method"": ""community_weakening"", ""rewires"": 5593, ""triangles_affected"": 0}",0.7,0,structural_statistics_mmd,0.2317996385759683,9.926249549562161,10.55937158954779,1.9283014950051438,0.068817138671875,success,
stochastic_block_model,"{""edge_probability"": 0.1, ""family"": ""stochastic_block_model"", ""m"": 2, ""num_blocks"": 4, ""num_graphs"": 100, ""num_nodes"": 50, ""p_in"": 0.28, ""p_out"": 0.04, ""seed"": 0}",community_weakening,"{""alpha"": 0.7, ""edges_added"": 5593, ""edges_removed"": 5593, ""graphs"": 100, ""graphs_skipped"": 0, ""graphs_success"": 100, ""method"": ""community_weakening"", ""rewires"": 5593, ""triangles_affected"": 0}",0.7,0,wl_subtree_kernel_mmd,5.7048000000000005,2.388472315100177,19.48401933571461,0.21935187101189513,15.426617622375488,success,
stochastic_block_model,"{""edge_probability"": 0.1, ""family"": ""stochastic_block_model"", ""m"": 2, ""num_blocks"": 4, ""num_graphs"": 100, ""num_nodes"": 50, ""p_in"": 0.28, ""p_out"": 0.04, ""seed"": 0}",community_weakening,"{""alpha"": 0.7, ""edges_added"": 5593, ""edges_removed"": 5593, ""graphs"": 100, ""graphs_skipped"": 0, ""graphs_success"": 100, ""method"": ""community_weakening"", ""rewires"": 5593, ""triangles_affected"": 0}",0.7,0,native_netlsd,0.32055337324879474,0.32055337324879474,1.2912546477667397,73.11384102799639,0.18805694580078125,success,
stochastic_block_model,"{""edge_probability"": 0.1, ""family"": ""stochastic_block_model"", ""m"": 2, ""num_blocks"": 4, ""num_graphs"": 100, ""num_nodes"": 50, ""p_in"": 0.28, ""p_out"": 0.04, ""seed"": 0}",community_weakening,"{""alpha"": 0.7, ""edges_added"": 5593, ""edges_removed"": 5593, ""graphs"": 100, ""graphs_skipped"": 0, ""graphs_success"": 100, ""method"": ""community_weakening"", ""rewires"": 5593, ""triangles_affected"": 0}",0.7,0,diversity_curves_shortest_path,0.20507921855364572,0.20507921855364572,0.7972751389031363,79.93073650098813,0.13497161865234375,success,
stochastic_block_model,"{""edge_probability"": 0.1, ""family"": ""stochastic_block_model"", ""m"": 2, ""num_blocks"": 4, ""num_graphs"": 100, ""num_nodes"": 50, ""p_in"": 0.28, ""p_out"": 0.04, ""seed"": 0}",community_weakening,"{""alpha"": 0.8, ""edges_added"": 6411, ""edges_removed"": 6411, ""graphs"": 100, ""graphs_skipped"": 0, ""graphs_success"": 100, ""method"": ""community_weakening"", ""rewires"": 6411, ""triangles_affected"": 0}",0.8,0,structural_statistics_mmd,0.2779560502076487,10.61954594131578,11.113405004331995,1.915515235014027,0.0745391845703125,success,
stochastic_block_model,"{""edge_probability"": 0.1, ""family"": ""stochastic_block_model"", ""m"": 2, ""num_blocks"": 4, ""num_graphs"": 100, ""num_nodes"": 50, ""p_in"": 0.28, ""p_out"": 0.04, ""seed"": 0}",community_weakening,"{""alpha"": 0.8, ""edges_added"": 6411, ""edges_removed"": 6411, ""graphs"": 100, ""graphs_skipped"": 0, ""graphs_success"": 100, ""method"": ""community_weakening"", ""rewires"": 6411, ""triangles_affected"": 0}",0.8,0,wl_subtree_kernel_mmd,4.744199999999998,2.178118454079116,19.46936987362919,0.21927752099873032,15.392885208129883,success,
stochastic_block_model,"{""edge_probability"": 0.1, ""family"": ""stochastic_block_model"", ""m"": 2, ""num_blocks"": 4, ""num_graphs"": 100, ""num_nodes"": 50, ""p_in"": 0.28, ""p_out"": 0.04, ""seed"": 0}",community_weakening,"{""alpha"": 0.8, ""edges_added"": 6411, ""edges_removed"": 6411, ""graphs"": 100, ""graphs_skipped"": 0, ""graphs_success"": 100, ""method"": ""community_weakening"", ""rewires"": 6411, ""triangles_affected"": 0}",0.8,0,native_netlsd,0.27539612494668264,0.27539612494668264,1.3538747190907383,73.67406982000102,0.1881866455078125,success,
stochastic_block_model,"{""edge_probability"": 0.1, ""family"": ""stochastic_block_model"", ""m"": 2, ""num_blocks"": 4, ""num_graphs"": 100, ""num_nodes"": 50, ""p_in"": 0.28, ""p_out"": 0.04, ""seed"": 0}",community_weakening,"{""alpha"": 0.8, ""edges_added"": 6411, ""edges_removed"": 6411, ""graphs"": 100, ""graphs_skipped"": 0, ""graphs_success"": 100, ""method"": ""community_weakening"", ""rewires"": 6411, ""triangles_affected"": 0}",0.8,0,diversity_curves_shortest_path,0.2561204122742955,0.2561204122742955,0.8413508615121222,81.41890776599757,0.525360107421875,success,
stochastic_block_model,"{""edge_probability"": 0.1, ""family"": ""stochastic_block_model"", ""m"": 2, ""num_blocks"": 4, ""num_graphs"": 100, ""num_nodes"": 50, ""p_in"": 0.28, ""p_out"": 0.04, ""seed"": 0}",community_weakening,"{""alpha"": 0.9, ""edges_added"": 7209, ""edges_removed"": 7209, ""graphs"": 100, ""graphs_skipped"": 0, ""graphs_success"": 100, ""method"": ""community_weakening"", ""rewires"": 7209, ""triangles_affected"": 0}",0.9,0,structural_statistics_mmd,0.2864256324392197,10.958305681182779,11.347460322971855,1.913065248998464,0.0681915283203125,success,
stochastic_block_model,"{""edge_probability"": 0.1, ""family"": ""stochastic_block_model"", ""m"": 2, ""num_blocks"": 4, ""num_graphs"": 100, ""num_nodes"": 50, ""p_in"": 0.28, ""p_out"": 0.04, ""seed"": 0}",community_weakening,"{""alpha"": 0.9, ""edges_added"": 7209, ""edges_removed"": 7209, ""graphs"": 100, ""graphs_skipped"": 0, ""graphs_success"": 100, ""method"": ""community_weakening"", ""rewires"": 7209, ""triangles_affected"": 0}",0.9,0,wl_subtree_kernel_mmd,5.0672000000000015,2.2510442021426416,19.547936262815462,0.2213117740029702,15.383635520935059,success,
stochastic_block_model,"{""edge_probability"": 0.1, ""family"": ""stochastic_block_model"", ""m"": 2, ""num_blocks"": 4, ""num_graphs"": 100, ""num_nodes"": 50, ""p_in"": 0.28, ""p_out"": 0.04, ""seed"": 0}",community_weakening,"{""alpha"": 0.9, ""edges_added"": 7209, ""edges_removed"": 7209, ""graphs"": 100, ""graphs_skipped"": 0, ""graphs_success"": 100, ""method"": ""community_weakening"", ""rewires"": 7209, ""triangles_affected"": 0}",0.9,0,native_netlsd,0.32871744042814427,0.32871744042814427,1.3653302160640175,73.44732009099971,0.18817138671875,success,
stochastic_block_model,"{""edge_probability"": 0.1, ""family"": ""stochastic_block_model"", ""m"": 2, ""num_blocks"": 4, ""num_graphs"": 100, ""num_nodes"": 50, ""p_in"": 0.28, ""p_out"": 0.04, ""seed"": 0}",community_weakening,"{""alpha"": 0.9, ""edges_added"": 7209, ""edges_removed"": 7209, ""graphs"": 100, ""graphs_skipped"": 0, ""graphs_success"": 100, ""method"": ""community_weakening"", ""rewires"": 7209, ""triangles_affected"": 0}",0.9,0,diversity_curves_shortest_path,0.23786646885512358,0.23786646885512358,0.8065263224413031,80.27975235499616,0.133331298828125,success,
stochastic_block_model,"{""edge_probability"": 0.1, ""family"": ""stochastic_block_model"", ""m"": 2, ""num_blocks"": 4, ""num_graphs"": 100, ""num_nodes"": 50, ""p_in"": 0.28, ""p_out"": 0.04, ""seed"": 0}",community_weakening,"{""alpha"": 1.0, ""edges_added"": 8060, ""edges_removed"": 8060, ""graphs"": 100, ""graphs_skipped"": 0, ""graphs_success"": 100, ""method"": ""community_weakening"", ""rewires"": 8060, ""triangles_affected"": 0}",1.0,0,structural_statistics_mmd,0.3443063391291056,12.025351766017826,12.313348711811043,1.9378877459967043,0.0681915283203125,success,
stochastic_block_model,"{""edge_probability"": 0.1, ""family"": ""stochastic_block_model"", ""m"": 2, ""num_blocks"": 4, ""num_graphs"": 100, ""num_nodes"": 50, ""p_in"": 0.28, ""p_out"": 0.04, ""seed"": 0}",community_weakening,"{""alpha"": 1.0, ""edges_added"": 8060, ""edges_removed"": 8060, ""graphs"": 100, ""graphs_skipped"": 0, ""graphs_success"": 100, ""method"": ""community_weakening"", ""rewires"": 8060, ""triangles_affected"": 0}",1.0,0,wl_subtree_kernel_mmd,4.294600000000001,2.0723416706711277,19.466571543029215,0.2187480830034474,15.354954719543457,success,
stochastic_block_model,"{""edge_probability"": 0.1, ""family"": ""stochastic_block_model"", ""m"": 2, ""num_blocks"": 4, ""num_graphs"": 100, ""num_nodes"": 50, ""p_in"": 0.28, ""p_out"": 0.04, ""seed"": 0}",community_weakening,"{""alpha"": 1.0, ""edges_added"": 8060, ""edges_removed"": 8060, ""graphs"": 100, ""graphs_skipped"": 0, ""graphs_success"": 100, ""method"": ""community_weakening"", ""rewires"": 8060, ""triangles_affected"": 0}",1.0,0,native_netlsd,0.35672214901584903,0.35672214901584903,1.3402417596021197,73.00854304200038,0.18814849853515625,success,
stochastic_block_model,"{""edge_probability"": 0.1, ""family"": ""stochastic_block_model"", ""m"": 2, ""num_blocks"": 4, ""num_graphs"": 100, ""num_nodes"": 50, ""p_in"": 0.28, ""p_out"": 0.04, ""seed"": 0}",community_weakening,"{""alpha"": 1.0, ""edges_added"": 8060, ""edges_removed"": 8060, ""graphs"": 100, ""graphs_skipped"": 0, ""graphs_success"": 100, ""method"": ""community_weakening"", ""rewires"": 8060, ""triangles_affected"": 0}",1.0,0,diversity_curves_shortest_path,0.22733385562198838,0.22733385562198838,0.7722661982052227,80.26674799399916,0.13348388671875,success,
stochastic_block_model,"{""edge_probability"": 0.1, ""family"": ""stochastic_block_model"", ""m"": 2, ""num_blocks"": 4, ""num_graphs"": 100, ""num_nodes"": 50, ""p_in"": 0.28, ""p_out"": 0.04, ""seed"": 0}",hub_modification,"{""alpha"": 0.0, ""edges_added"": 0, ""edges_removed"": 0, ""graphs"": 100, ""graphs_skipped"": 0, ""graphs_success"": 100, ""method"": ""hub_modification"", ""rewires"": 0, ""triangles_affected"": 0}",0.0,0,structural_statistics_mmd,0.0,0.0,0.0,1.9215393839986064,0.06830596923828125,success,
stochastic_block_model,"{""edge_probability"": 0.1, ""family"": ""stochastic_block_model"", ""m"": 2, ""num_blocks"": 4, ""num_graphs"": 100, ""num_nodes"": 50, ""p_in"": 0.28, ""p_out"": 0.04, ""seed"": 0}",hub_modification,"{""alpha"": 0.0, ""edges_added"": 0, ""edges_removed"": 0, ""graphs"": 100, ""graphs_skipped"": 0, ""graphs_success"": 100, ""method"": ""hub_modification"", ""rewires"": 0, ""triangles_affected"": 0}",0.0,0,wl_subtree_kernel_mmd,0.0,0.0,0.0,0.22194264199060854,15.276632308959961,success,
stochastic_block_model,"{""edge_probability"": 0.1, ""family"": ""stochastic_block_model"", ""m"": 2, ""num_blocks"": 4, ""num_graphs"": 100, ""num_nodes"": 50, ""p_in"": 0.28, ""p_out"": 0.04, ""seed"": 0}",hub_modification,"{""alpha"": 0.0, ""edges_added"": 0, ""edges_removed"": 0, ""graphs"": 100, ""graphs_skipped"": 0, ""graphs_success"": 100, ""method"": ""hub_modification"", ""rewires"": 0, ""triangles_affected"": 0}",0.0,0,native_netlsd,0.0,0.0,0.0,73.35459015800734,0.18810272216796875,success,
stochastic_block_model,"{""edge_probability"": 0.1, ""family"": ""stochastic_block_model"", ""m"": 2, ""num_blocks"": 4, ""num_graphs"": 100, ""num_nodes"": 50, ""p_in"": 0.28, ""p_out"": 0.04, ""seed"": 0}",hub_modification,"{""alpha"": 0.0, ""edges_added"": 0, ""edges_removed"": 0, ""graphs"": 100, ""graphs_skipped"": 0, ""graphs_success"": 100, ""method"": ""hub_modification"", ""rewires"": 0, ""triangles_affected"": 0}",0.0,0,diversity_curves_shortest_path,0.0,0.0,0.0,77.23189265900874,0.134063720703125,success,
stochastic_block_model,"{""edge_probability"": 0.1, ""family"": ""stochastic_block_model"", ""m"": 2, ""num_blocks"": 4, ""num_graphs"": 100, ""num_nodes"": 50, ""p_in"": 0.28, ""p_out"": 0.04, ""seed"": 0}",hub_modification,"{""alpha"": 0.1, ""edges_added"": 1137, ""edges_removed"": 1137, ""graphs"": 100, ""graphs_skipped"": 0, ""graphs_success"": 100, ""method"": ""hub_modification"", ""rewires"": 1137, ""triangles_affected"": 0}",0.1,0,structural_statistics_mmd,0.025337031626118334,3.176180508990316,4.090807568754255,1.9295422269933624,0.0682373046875,success,
stochastic_block_model,"{""edge_probability"": 0.1, ""family"": ""stochastic_block_model"", ""m"": 2, ""num_blocks"": 4, ""num_graphs"": 100, ""num_nodes"": 50, ""p_in"": 0.28, ""p_out"": 0.04, ""seed"": 0}",hub_modification,"{""alpha"": 0.1, ""edges_added"": 1137, ""edges_removed"": 1137, ""graphs"": 100, ""graphs_skipped"": 0, ""graphs_success"": 100, ""method"": ""hub_modification"", ""rewires"": 1137, ""triangles_affected"": 0}",0.1,0,wl_subtree_kernel_mmd,4.034800000000001,2.008681159368007,18.07699707297088,0.21928451099665835,15.447092056274414,success,
stochastic_block_model,"{""edge_probability"": 0.1, ""family"": ""stochastic_block_model"", ""m"": 2, ""num_blocks"": 4, ""num_graphs"": 100, ""num_nodes"": 50, ""p_in"": 0.28, ""p_out"": 0.04, ""seed"": 0}",hub_modification,"{""alpha"": 0.1, ""edges_added"": 1137, ""edges_removed"": 1137, ""graphs"": 100, ""graphs_skipped"": 0, ""graphs_success"": 100, ""method"": ""hub_modification"", ""rewires"": 1137, ""triangles_affected"": 0}",0.1,0,native_netlsd,0.07187734654846305,0.07187734654846305,0.33940330248773926,73.78697192300751,0.18814849853515625,success,
stochastic_block_model,"{""edge_probability"": 0.1, ""family"": ""stochastic_block_model"", ""m"": 2, ""num_blocks"": 4, ""num_graphs"": 100, ""num_nodes"": 50, ""p_in"": 0.28, ""p_out"": 0.04, ""seed"": 0}",hub_modification,"{""alpha"": 0.1, ""edges_added"": 1137, ""edges_removed"": 1137, ""graphs"": 100, ""graphs_skipped"": 0, ""graphs_success"": 100, ""method"": ""hub_modification"", ""rewires"": 1137, ""triangles_affected"": 0}",0.1,0,diversity_curves_shortest_path,0.09370251444637615,0.09370251444637615,0.3049887996023553,78.40357757899619,0.13367462158203125,success,
stochastic_block_model,"{""edge_probability"": 0.1, ""family"": ""stochastic_block_model"", ""m"": 2, ""num_blocks"": 4, ""num_graphs"": 100, ""num_nodes"": 50, ""p_in"": 0.28, ""p_out"": 0.04, ""seed"": 0}",hub_modification,"{""alpha"": 0.2, ""edges_added"": 2325, ""edges_removed"": 2325, ""graphs"": 100, ""graphs_skipped"": 0, ""graphs_success"": 100, ""method"": ""hub_modification"", ""rewires"": 2325, ""triangles_affected"": 0}",0.2,0,structural_statistics_mmd,0.037957050195650655,3.94565167276953,5.682601165053642,1.9258552300016163,0.06844329833984375,success,
stochastic_block_model,"{""edge_probability"": 0.1, ""family"": ""stochastic_block_model"", ""m"": 2, ""num_blocks"": 4, ""num_graphs"": 100, ""num_nodes"": 50, ""p_in"": 0.28, ""p_out"": 0.04, ""seed"": 0}",hub_modification,"{""alpha"": 0.2, ""edges_added"": 2325, ""edges_removed"": 2325, ""graphs"": 100, ""graphs_skipped"": 0, ""graphs_success"": 100, ""method"": ""hub_modification"", ""rewires"": 2325, ""triangles_affected"": 0}",0.2,0,wl_subtree_kernel_mmd,5.3931999999999976,2.3223264197782356,18.859724966380615,0.2196516530093504,15.552767753601074,success,
stochastic_block_model,"{""edge_probability"": 0.1, ""family"": ""stochastic_block_model"", ""m"": 2, ""num_blocks"": 4, ""num_graphs"": 100, ""num_nodes"": 50, ""p_in"": 0.28, ""p_out"": 0.04, ""seed"": 0}",hub_modification,"{""alpha"": 0.2, ""edges_added"": 2325, ""edges_removed"": 2325, ""graphs"": 100, ""graphs_skipped"": 0, ""graphs_success"": 100, ""method"": ""hub_modification"", ""rewires"": 2325, ""triangles_affected"": 0}",0.2,0,native_netlsd,0.2467722649322302,0.2467722649322302,0.7570756330889765,73.35002778300259,0.1881256103515625,success,
stochastic_block_model,"{""edge_probability"": 0.1, ""family"": ""stochastic_block_model"", ""m"": 2, ""num_blocks"": 4, ""num_graphs"": 100, ""num_nodes"": 50, ""p_in"": 0.28, ""p_out"": 0.04, ""seed"": 0}",hub_modification,"{""alpha"": 0.2, ""edges_added"": 2325, ""edges_removed"": 2325, ""graphs"": 100, ""graphs_skipped"": 0, ""graphs_success"": 100, ""method"": ""hub_modification"", ""rewires"": 2325, ""triangles_affected"": 0}",0.2,0,diversity_curves_shortest_path,0.04180621634232988,0.04180621634232988,0.5264961325871247,79.72714995298884,0.13423919677734375,success,
stochastic_block_model,"{""edge_probability"": 0.1, ""family"": ""stochastic_block_model"", ""m"": 2, ""num_blocks"": 4, ""num_graphs"": 100, ""num_nodes"": 50, ""p_in"": 0.28, ""p_out"": 0.04, ""seed"": 0}",hub_modification,"{""alpha"": 0.3, ""edges_added"": 3483, ""edges_removed"": 3483, ""graphs"": 100, ""graphs_skipped"": 0, ""graphs_success"": 100, ""method"": ""hub_modification"", ""rewires"": 3483, ""triangles_affected"": 0}",0.3,0,structural_statistics_mmd,0.03510376214325095,3.659939443264609,5.089230472841221,1.925305153010413,0.068511962890625,success,
stochastic_block_model,"{""edge_probability"": 0.1, ""family"": ""stochastic_block_model"", ""m"": 2, ""num_blocks"": 4, ""num_graphs"": 100, ""num_nodes"": 50, ""p_in"": 0.28, ""p_out"": 0.04, ""seed"": 0}",hub_modification,"{""alpha"": 0.3, ""edges_added"": 3483, ""edges_removed"": 3483, ""graphs"": 100, ""graphs_skipped"": 0, ""graphs_success"": 100, ""method"": ""hub_modification"", ""rewires"": 3483, ""triangles_affected"": 0}",0.3,0,wl_subtree_kernel_mmd,5.131800000000001,2.265347655438344,18.962010475425313,0.2201852680009324,15.582284927368164,success,
stochastic_block_model,"{""edge_probability"": 0.1, ""family"": ""stochastic_block_model"", ""m"": 2, ""num_blocks"": 4, ""num_graphs"": 100, ""num_nodes"": 50, ""p_in"": 0.28, ""p_out"": 0.04, ""seed"": 0}",hub_modification,"{""alpha"": 0.3, ""edges_added"": 3483, ""edges_removed"": 3483, ""graphs"": 100, ""graphs_skipped"": 0, ""graphs_success"": 100, ""method"": ""hub_modification"", ""rewires"": 3483, ""triangles_affected"": 0}",0.3,0,native_netlsd,0.25486506638492756,0.25486506638492756,0.7521978743928297,73.5153754070052,0.18814849853515625,success,
stochastic_block_model,"{""edge_probability"": 0.1, ""family"": ""stochastic_block_model"", ""m"": 2, ""num_blocks"": 4, ""num_graphs"": 100, ""num_nodes"": 50, ""p_in"": 0.28, ""p_out"": 0.04, ""seed"": 0}",hub_modification,"{""alpha"": 0.3, ""edges_added"": 3483, ""edges_removed"": 3483, ""graphs"": 100, ""graphs_skipped"": 0, ""graphs_success"": 100, ""method"": ""hub_modification"", ""rewires"": 3483, ""triangles_affected"": 0}",0.3,0,diversity_curves_shortest_path,0.059890022567783675,0.059890022567783675,0.5109890818190026,79.25786175100075,0.133880615234375,success,
stochastic_block_model,"{""edge_probability"": 0.1, ""family"": ""stochastic_block_model"", ""m"": 2, ""num_blocks"": 4, ""num_graphs"": 100, ""num_nodes"": 50, ""p_in"": 0.28, ""p_out"": 0.04, ""seed"": 0}",hub_modification,"{""alpha"": 0.4, ""edges_added"": 3812, ""edges_removed"": 3812, ""graphs"": 100, ""graphs_skipped"": 0, ""graphs_success"": 100, ""method"": ""hub_modification"", ""rewires"": 3812, ""triangles_affected"": 0}",0.4,0,structural_statistics_mmd,0.026191227669995487,3.173475915645651,4.843601427161063,1.9272830100089777,0.068511962890625,success,
stochastic_block_model,"{""edge_probability"": 0.1, ""family"": ""stochastic_block_model"", ""m"": 2, ""num_blocks"": 4, ""num_graphs"": 100, ""num_nodes"": 50, ""p_in"": 0.28, ""p_out"": 0.04, ""seed"": 0}",hub_modification,"{""alpha"": 0.4, ""edges_added"": 3812, ""edges_removed"": 3812, ""graphs"": 100, ""graphs_skipped"": 0, ""graphs_success"": 100, ""method"": ""hub_modification"", ""rewires"": 3812, ""triangles_affected"": 0}",0.4,0,wl_subtree_kernel_mmd,5.139799999999999,2.267112701212712,19.037770526893656,0.21957368499715813,15.594698905944824,success,
stochastic_block_model,"{""edge_probability"": 0.1, ""family"": ""stochastic_block_model"", ""m"": 2, ""num_blocks"": 4, ""num_graphs"": 100, ""num_nodes"": 50, ""p_in"": 0.28, ""p_out"": 0.04, ""seed"": 0}",hub_modification,"{""alpha"": 0.4, ""edges_added"": 3812, ""edges_removed"": 3812, ""graphs"": 100, ""graphs_skipped"": 0, ""graphs_success"": 100, ""method"": ""hub_modification"", ""rewires"": 3812, ""triangles_affected"": 0}",0.4,0,native_netlsd,0.23587249209500408,0.23587249209500408,0.7411533874183784,73.43872198900499,0.1881256103515625,success,
stochastic_block_model,"{""edge_probability"": 0.1, ""family"": ""stochastic_block_model"", ""m"": 2, ""num_blocks"": 4, ""num_graphs"": 100, ""num_nodes"": 50, ""p_in"": 0.28, ""p_out"": 0.04, ""seed"": 0}",hub_modification,"{""alpha"": 0.4, ""edges_added"": 3812, ""edges_removed"": 3812, ""graphs"": 100, ""graphs_skipped"": 0, ""graphs_success"": 100, ""method"": ""hub_modification"", ""rewires"": 3812, ""triangles_affected"": 0}",0.4,0,diversity_curves_shortest_path,0.04847001231612745,0.04847001231612745,0.5230068700658241,79.79668676199799,0.134124755859375,success,
stochastic_block_model,"{""edge_probability"": 0.1, ""family"": ""stochastic_block_model"", ""m"": 2, ""num_blocks"": 4, ""num_graphs"": 100, ""num_nodes"": 50, ""p_in"": 0.28, ""p_out"": 0.04, ""seed"": 0}",hub_modification,"{""alpha"": 0.5, ""edges_added"": 3812, ""edges_removed"": 3812, ""graphs"": 100, ""graphs_skipped"": 0, ""graphs_success"": 100, ""method"": ""hub_modification"", ""rewires"": 3812, ""triangles_affected"": 0}",0.5,0,structural_statistics_mmd,0.026191227669995487,3.173475915645651,4.843601427161063,1.9250238929962507,0.068511962890625,success,
stochastic_block_model,"{""edge_probability"": 0.1, ""family"": ""stochastic_block_model"", ""m"": 2, ""num_blocks"": 4, ""num_graphs"": 100, ""num_nodes"": 50, ""p_in"": 0.28, ""p_out"": 0.04, ""seed"": 0}",hub_modification,"{""alpha"": 0.5, ""edges_added"": 3812, ""edges_removed"": 3812, ""graphs"": 100, ""graphs_skipped"": 0, ""graphs_success"": 100, ""method"": ""hub_modification"", ""rewires"": 3812, ""triangles_affected"": 0}",0.5,0,wl_subtree_kernel_mmd,5.139799999999999,2.267112701212712,19.037770526893656,0.22138935700058937,15.594698905944824,success,
stochastic_block_model,"{""edge_probability"": 0.1, ""family"": ""stochastic_block_model"", ""m"": 2, ""num_blocks"": 4, ""num_graphs"": 100, ""num_nodes"": 50, ""p_in"": 0.28, ""p_out"": 0.04, ""seed"": 0}",hub_modification,"{""alpha"": 0.5, ""edges_added"": 3812, ""edges_removed"": 3812, ""graphs"": 100, ""graphs_skipped"": 0, ""graphs_success"": 100, ""method"": ""hub_modification"", ""rewires"": 3812, ""triangles_affected"": 0}",0.5,0,native_netlsd,0.23587249209500408,0.23587249209500408,0.7411533874183784,73.53369628700602,0.1881256103515625,success,
stochastic_block_model,"{""edge_probability"": 0.1, ""family"": ""stochastic_block_model"", ""m"": 2, ""num_blocks"": 4, ""num_graphs"": 100, ""num_nodes"": 50, ""p_in"": 0.28, ""p_out"": 0.04, ""seed"": 0}",hub_modification,"{""alpha"": 0.5, ""edges_added"": 3812, ""edges_removed"": 3812, ""graphs"": 100, ""graphs_skipped"": 0, ""graphs_success"": 100, ""method"": ""hub_modification"", ""rewires"": 3812, ""triangles_affected"": 0}",0.5,0,diversity_curves_shortest_path,0.04847001231612745,0.04847001231612745,0.5230068700658241,79.31199655000819,0.134124755859375,success,
stochastic_block_model,"{""edge_probability"": 0.1, ""family"": ""stochastic_block_model"", ""m"": 2, ""num_blocks"": 4, ""num_graphs"": 100, ""num_nodes"": 50, ""p_in"": 0.28, ""p_out"": 0.04, ""seed"": 0}",hub_modification,"{""alpha"": 0.6, ""edges_added"": 3812, ""edges_removed"": 3812, ""graphs"": 100, ""graphs_skipped"": 0, ""graphs_success"": 100, ""method"": ""hub_modification"", ""rewires"": 3812, ""triangles_affected"": 0}",0.6,0,structural_statistics_mmd,0.026191227669995487,3.173475915645651,4.843601427161063,1.9284825299982913,0.074676513671875,success,
stochastic_block_model,"{""edge_probability"": 0.1, ""family"": ""stochastic_block_model"", ""m"": 2, ""num_blocks"": 4, ""num_graphs"": 100, ""num_nodes"": 50, ""p_in"": 0.28, ""p_out"": 0.04, ""seed"": 0}",hub_modification,"{""alpha"": 0.6, ""edges_added"": 3812, ""edges_removed"": 3812, ""graphs"": 100, ""graphs_skipped"": 0, ""graphs_success"": 100, ""method"": ""hub_modification"", ""rewires"": 3812, ""triangles_affected"": 0}",0.6,0,wl_subtree_kernel_mmd,5.139799999999999,2.267112701212712,19.037770526893656,0.2190188500098884,15.594698905944824,success,
stochastic_block_model,"{""edge_probability"": 0.1, ""family"": ""stochastic_block_model"", ""m"": 2, ""num_blocks"": 4, ""num_graphs"": 100, ""num_nodes"": 50, ""p_in"": 0.28, ""p_out"": 0.04, ""seed"": 0}",hub_modification,"{""alpha"": 0.6, ""edges_added"": 3812, ""edges_removed"": 3812, ""graphs"": 100, ""graphs_skipped"": 0, ""graphs_success"": 100, ""method"": ""hub_modification"", ""rewires"": 3812, ""triangles_affected"": 0}",0.6,0,native_netlsd,0.23587249209500408,0.23587249209500408,0.7411533874183784,73.12073228000372,0.1881866455078125,success,
stochastic_block_model,"{""edge_probability"": 0.1, ""family"": ""stochastic_block_model"", ""m"": 2, ""num_blocks"": 4, ""num_graphs"": 100, ""num_nodes"": 50, ""p_in"": 0.28, ""p_out"": 0.04, ""seed"": 0}",hub_modification,"{""alpha"": 0.6, ""edges_added"": 3812, ""edges_removed"": 3812, ""graphs"": 100, ""graphs_skipped"": 0, ""graphs_success"": 100, ""method"": ""hub_modification"", ""rewires"": 3812, ""triangles_affected"": 0}",0.6,0,diversity_curves_shortest_path,0.04847001231612745,0.04847001231612745,0.5230068700658241,80.52600989599887,0.5238189697265625,success,
stochastic_block_model,"{""edge_probability"": 0.1, ""family"": ""stochastic_block_model"", ""m"": 2, ""num_blocks"": 4, ""num_graphs"": 100, ""num_nodes"": 50, ""p_in"": 0.28, ""p_out"": 0.04, ""seed"": 0}",hub_modification,"{""alpha"": 0.7, ""edges_added"": 3812, ""edges_removed"": 3812, ""graphs"": 100, ""graphs_skipped"": 0, ""graphs_success"": 100, ""method"": ""hub_modification"", ""rewires"": 3812, ""triangles_affected"": 0}",0.7,0,structural_statistics_mmd,0.026191227669995487,3.173475915645651,4.843601427161063,1.9169027820025804,0.068511962890625,success,
stochastic_block_model,"{""edge_probability"": 0.1, ""family"": ""stochastic_block_model"", ""m"": 2, ""num_blocks"": 4, ""num_graphs"": 100, ""num_nodes"": 50, ""p_in"": 0.28, ""p_out"": 0.04, ""seed"": 0}",hub_modification,"{""alpha"": 0.7, ""edges_added"": 3812, ""edges_removed"": 3812, ""graphs"": 100, ""graphs_skipped"": 0, ""graphs_success"": 100, ""method"": ""hub_modification"", ""rewires"": 3812, ""triangles_affected"": 0}",0.7,0,wl_subtree_kernel_mmd,5.139799999999999,2.267112701212712,19.037770526893656,0.2197824080067221,15.594698905944824,success,
stochastic_block_model,"{""edge_probability"": 0.1, ""family"": ""stochastic_block_model"", ""m"": 2, ""num_blocks"": 4, ""num_graphs"": 100, ""num_nodes"": 50, ""p_in"": 0.28, ""p_out"": 0.04, ""seed"": 0}",hub_modification,"{""alpha"": 0.7, ""edges_added"": 3812, ""edges_removed"": 3812, ""graphs"": 100, ""graphs_skipped"": 0, ""graphs_success"": 100, ""method"": ""hub_modification"", ""rewires"": 3812, ""triangles_affected"": 0}",0.7,0,native_netlsd,0.23587249209500408,0.23587249209500408,0.7411533874183784,73.19562850799412,0.1881256103515625,success,
stochastic_block_model,"{""edge_probability"": 0.1, ""family"": ""stochastic_block_model"", ""m"": 2, ""num_blocks"": 4, ""num_graphs"": 100, ""num_nodes"": 50, ""p_in"": 0.28, ""p_out"": 0.04, ""seed"": 0}",hub_modification,"{""alpha"": 0.7, ""edges_added"": 3812, ""edges_removed"": 3812, ""graphs"": 100, ""graphs_skipped"": 0, ""graphs_success"": 100, ""method"": ""hub_modification"", ""rewires"": 3812, ""triangles_affected"": 0}",0.7,0,diversity_curves_shortest_path,0.04847001231612745,0.04847001231612745,0.5230068700658241,79.08864424600324,0.134124755859375,success,
stochastic_block_model,"{""edge_probability"": 0.1, ""family"": ""stochastic_block_model"", ""m"": 2, ""num_blocks"": 4, ""num_graphs"": 100, ""num_nodes"": 50, ""p_in"": 0.28, ""p_out"": 0.04, ""seed"": 0}",hub_modification,"{""alpha"": 0.8, ""edges_added"": 3812, ""edges_removed"": 3812, ""graphs"": 100, ""graphs_skipped"": 0, ""graphs_success"": 100, ""method"": ""hub_modification"", ""rewires"": 3812, ""triangles_affected"": 0}",0.8,0,structural_statistics_mmd,0.026191227669995487,3.173475915645651,4.843601427161063,1.9258620829932624,0.068511962890625,success,
stochastic_block_model,"{""edge_probability"": 0.1, ""family"": ""stochastic_block_model"", ""m"": 2, ""num_blocks"": 4, ""num_graphs"": 100, ""num_nodes"": 50, ""p_in"": 0.28, ""p_out"": 0.04, ""seed"": 0}",hub_modification,"{""alpha"": 0.8, ""edges_added"": 3812, ""edges_removed"": 3812, ""graphs"": 100, ""graphs_skipped"": 0, ""graphs_success"": 100, ""method"": ""hub_modification"", ""rewires"": 3812, ""triangles_affected"": 0}",0.8,0,wl_subtree_kernel_mmd,5.139799999999999,2.267112701212712,19.037770526893656,0.21938858700741548,15.594698905944824,success,
stochastic_block_model,"{""edge_probability"": 0.1, ""family"": ""stochastic_block_model"", ""m"": 2, ""num_blocks"": 4, ""num_graphs"": 100, ""num_nodes"": 50, ""p_in"": 0.28, ""p_out"": 0.04, ""seed"": 0}",hub_modification,"{""alpha"": 0.8, ""edges_added"": 3812, ""edges_removed"": 3812, ""graphs"": 100, ""graphs_skipped"": 0, ""graphs_success"": 100, ""method"": ""hub_modification"", ""rewires"": 3812, ""triangles_affected"": 0}",0.8,0,native_netlsd,0.23587249209500408,0.23587249209500408,0.7411533874183784,73.25105228599568,0.1881256103515625,success,
stochastic_block_model,"{""edge_probability"": 0.1, ""family"": ""stochastic_block_model"", ""m"": 2, ""num_blocks"": 4, ""num_graphs"": 100, ""num_nodes"": 50, ""p_in"": 0.28, ""p_out"": 0.04, ""seed"": 0}",hub_modification,"{""alpha"": 0.8, ""edges_added"": 3812, ""edges_removed"": 3812, ""graphs"": 100, ""graphs_skipped"": 0, ""graphs_success"": 100, ""method"": ""hub_modification"", ""rewires"": 3812, ""triangles_affected"": 0}",0.8,0,diversity_curves_shortest_path,0.04847001231612745,0.04847001231612745,0.5230068700658241,79.0071942289942,0.134124755859375,success,
stochastic_block_model,"{""edge_probability"": 0.1, ""family"": ""stochastic_block_model"", ""m"": 2, ""num_blocks"": 4, ""num_graphs"": 100, ""num_nodes"": 50, ""p_in"": 0.28, ""p_out"": 0.04, ""seed"": 0}",hub_modification,"{""alpha"": 0.9, ""edges_added"": 3812, ""edges_removed"": 3812, ""graphs"": 100, ""graphs_skipped"": 0, ""graphs_success"": 100, ""method"": ""hub_modification"", ""rewires"": 3812, ""triangles_affected"": 0}",0.9,0,structural_statistics_mmd,0.026191227669995487,3.173475915645651,4.843601427161063,1.9296387380018132,0.068511962890625,success,
stochastic_block_model,"{""edge_probability"": 0.1, ""family"": ""stochastic_block_model"", ""m"": 2, ""num_blocks"": 4, ""num_graphs"": 100, ""num_nodes"": 50, ""p_in"": 0.28, ""p_out"": 0.04, ""seed"": 0}",hub_modification,"{""alpha"": 0.9, ""edges_added"": 3812, ""edges_removed"": 3812, ""graphs"": 100, ""graphs_skipped"": 0, ""graphs_success"": 100, ""method"": ""hub_modification"", ""rewires"": 3812, ""triangles_affected"": 0}",0.9,0,wl_subtree_kernel_mmd,5.139799999999999,2.267112701212712,19.037770526893656,0.2191349490021821,15.594698905944824,success,
stochastic_block_model,"{""edge_probability"": 0.1, ""family"": ""stochastic_block_model"", ""m"": 2, ""num_blocks"": 4, ""num_graphs"": 100, ""num_nodes"": 50, ""p_in"": 0.28, ""p_out"": 0.04, ""seed"": 0}",hub_modification,"{""alpha"": 0.9, ""edges_added"": 3812, ""edges_removed"": 3812, ""graphs"": 100, ""graphs_skipped"": 0, ""graphs_success"": 100, ""method"": ""hub_modification"", ""rewires"": 3812, ""triangles_affected"": 0}",0.9,0,native_netlsd,0.23587249209500408,0.23587249209500408,0.7411533874183784,73.48496540900669,0.1881256103515625,success,
stochastic_block_model,"{""edge_probability"": 0.1, ""family"": ""stochastic_block_model"", ""m"": 2, ""num_blocks"": 4, ""num_graphs"": 100, ""num_nodes"": 50, ""p_in"": 0.28, ""p_out"": 0.04, ""seed"": 0}",hub_modification,"{""alpha"": 0.9, ""edges_added"": 3812, ""edges_removed"": 3812, ""graphs"": 100, ""graphs_skipped"": 0, ""graphs_success"": 100, ""method"": ""hub_modification"", ""rewires"": 3812, ""triangles_affected"": 0}",0.9,0,diversity_curves_shortest_path,0.04847001231612745,0.04847001231612745,0.5230068700658241,79.2293130110047,0.134124755859375,success,
stochastic_block_model,"{""edge_probability"": 0.1, ""family"": ""stochastic_block_model"", ""m"": 2, ""num_blocks"": 4, ""num_graphs"": 100, ""num_nodes"": 50, ""p_in"": 0.28, ""p_out"": 0.04, ""seed"": 0}",hub_modification,"{""alpha"": 1.0, ""edges_added"": 3812, ""edges_removed"": 3812, ""graphs"": 100, ""graphs_skipped"": 0, ""graphs_success"": 100, ""method"": ""hub_modification"", ""rewires"": 3812, ""triangles_affected"": 0}",1.0,0,structural_statistics_mmd,0.026191227669995487,3.173475915645651,4.843601427161063,1.9237086049979553,0.068511962890625,success,
stochastic_block_model,"{""edge_probability"": 0.1, ""family"": ""stochastic_block_model"", ""m"": 2, ""num_blocks"": 4, ""num_graphs"": 100, ""num_nodes"": 50, ""p_in"": 0.28, ""p_out"": 0.04, ""seed"": 0}",hub_modification,"{""alpha"": 1.0, ""edges_added"": 3812, ""edges_removed"": 3812, ""graphs"": 100, ""graphs_skipped"": 0, ""graphs_success"": 100, ""method"": ""hub_modification"", ""rewires"": 3812, ""triangles_affected"": 0}",1.0,0,wl_subtree_kernel_mmd,5.139799999999999,2.267112701212712,19.037770526893656,0.22143982199486345,15.594698905944824,success,
stochastic_block_model,"{""edge_probability"": 0.1, ""family"": ""stochastic_block_model"", ""m"": 2, ""num_blocks"": 4, ""num_graphs"": 100, ""num_nodes"": 50, ""p_in"": 0.28, ""p_out"": 0.04, ""seed"": 0}",hub_modification,"{""alpha"": 1.0, ""edges_added"": 3812, ""edges_removed"": 3812, ""graphs"": 100, ""graphs_skipped"": 0, ""graphs_success"": 100, ""method"": ""hub_modification"", ""rewires"": 3812, ""triangles_affected"": 0}",1.0,0,native_netlsd,0.23587249209500408,0.23587249209500408,0.7411533874183784,73.31751049500599,0.1881256103515625,success,
stochastic_block_model,"{""edge_probability"": 0.1, ""family"": ""stochastic_block_model"", ""m"": 2, ""num_blocks"": 4, ""num_graphs"": 100, ""num_nodes"": 50, ""p_in"": 0.28, ""p_out"": 0.04, ""seed"": 0}",hub_modification,"{""alpha"": 1.0, ""edges_added"": 3812, ""edges_removed"": 3812, ""graphs"": 100, ""graphs_skipped"": 0, ""graphs_success"": 100, ""method"": ""hub_modification"", ""rewires"": 3812, ""triangles_affected"": 0}",1.0,0,diversity_curves_shortest_path,0.04847001231612745,0.04847001231612745,0.5230068700658241,79.73690221700235,0.134124755859375,success,
barabasi_albert,"{""edge_probability"": 0.1, ""family"": ""barabasi_albert"", ""m"": 2, ""num_blocks"": 3, ""num_graphs"": 100, ""num_nodes"": 50, ""p_in"": 0.25, ""p_out"": 0.03, ""seed"": 0}",edge_addition_deletion,"{""alpha"": 0.0, ""edges_added"": 0, ""edges_removed"": 0, ""graphs"": 100, ""graphs_skipped"": 0, ""graphs_success"": 100, ""method"": ""edge_addition_deletion"", ""rewires"": 0, ""triangles_affected"": 0}",0.0,0,structural_statistics_mmd,0.0,0.0,0.0,1.959103175002383,0.06821441650390625,success,
barabasi_albert,"{""edge_probability"": 0.1, ""family"": ""barabasi_albert"", ""m"": 2, ""num_blocks"": 3, ""num_graphs"": 100, ""num_nodes"": 50, ""p_in"": 0.25, ""p_out"": 0.03, ""seed"": 0}",edge_addition_deletion,"{""alpha"": 0.0, ""edges_added"": 0, ""edges_removed"": 0, ""graphs"": 100, ""graphs_skipped"": 0, ""graphs_success"": 100, ""method"": ""edge_addition_deletion"", ""rewires"": 0, ""triangles_affected"": 0}",0.0,0,wl_subtree_kernel_mmd,0.0,0.0,0.0,0.21272350900107995,15.00704574584961,success,
barabasi_albert,"{""edge_probability"": 0.1, ""family"": ""barabasi_albert"", ""m"": 2, ""num_blocks"": 3, ""num_graphs"": 100, ""num_nodes"": 50, ""p_in"": 0.25, ""p_out"": 0.03, ""seed"": 0}",edge_addition_deletion,"{""alpha"": 0.0, ""edges_added"": 0, ""edges_removed"": 0, ""graphs"": 100, ""graphs_skipped"": 0, ""graphs_success"": 100, ""method"": ""edge_addition_deletion"", ""rewires"": 0, ""triangles_affected"": 0}",0.0,0,native_netlsd,0.0,0.0,0.0,73.5945911739982,0.18764495849609375,success,
barabasi_albert,"{""edge_probability"": 0.1, ""family"": ""barabasi_albert"", ""m"": 2, ""num_blocks"": 3, ""num_graphs"": 100, ""num_nodes"": 50, ""p_in"": 0.25, ""p_out"": 0.03, ""seed"": 0}",edge_addition_deletion,"{""alpha"": 0.0, ""edges_added"": 0, ""edges_removed"": 0, ""graphs"": 100, ""graphs_skipped"": 0, ""graphs_success"": 100, ""method"": ""edge_addition_deletion"", ""rewires"": 0, ""triangles_affected"": 0}",0.0,0,diversity_curves_shortest_path,0.0,0.0,0.0,66.00746025399712,0.1305694580078125,success,
barabasi_albert,"{""edge_probability"": 0.1, ""family"": ""barabasi_albert"", ""m"": 2, ""num_blocks"": 3, ""num_graphs"": 100, ""num_nodes"": 50, ""p_in"": 0.25, ""p_out"": 0.03, ""seed"": 0}",edge_addition_deletion,"{""alpha"": 0.1, ""edges_added"": 500, ""edges_removed"": 400, ""graphs"": 100, ""graphs_skipped"": 0, ""graphs_success"": 100, ""method"": ""edge_addition_deletion"", ""rewires"": 0, ""triangles_affected"": 0}",0.1,0,structural_statistics_mmd,0.012106829127379815,1.196288464169605,2.166913122376075,1.916410363992327,0.0681915283203125,success,
barabasi_albert,"{""edge_probability"": 0.1, ""family"": ""barabasi_albert"", ""m"": 2, ""num_blocks"": 3, ""num_graphs"": 100, ""num_nodes"": 50, ""p_in"": 0.25, ""p_out"": 0.03, ""seed"": 0}",edge_addition_deletion,"{""alpha"": 0.1, ""edges_added"": 500, ""edges_removed"": 400, ""graphs"": 100, ""graphs_skipped"": 0, ""graphs_success"": 100, ""method"": ""edge_addition_deletion"", ""rewires"": 0, ""triangles_affected"": 0}",0.1,0,wl_subtree_kernel_mmd,33.05480000000002,5.749330395793933,18.96663223713839,0.2199848309974186,15.054544448852539,success,
barabasi_albert,"{""edge_probability"": 0.1, ""family"": ""barabasi_albert"", ""m"": 2, ""num_blocks"": 3, ""num_graphs"": 100, ""num_nodes"": 50, ""p_in"": 0.25, ""p_out"": 0.03, ""seed"": 0}",edge_addition_deletion,"{""alpha"": 0.1, ""edges_added"": 500, ""edges_removed"": 400, ""graphs"": 100, ""graphs_skipped"": 0, ""graphs_success"": 100, ""method"": ""edge_addition_deletion"", ""rewires"": 0, ""triangles_affected"": 0}",0.1,0,native_netlsd,0.1688071641058111,0.1688071641058111,0.25871272648163907,73.3112093230011,0.1876220703125,success,
barabasi_albert,"{""edge_probability"": 0.1, ""family"": ""barabasi_albert"", ""m"": 2, ""num_blocks"": 3, ""num_graphs"": 100, ""num_nodes"": 50, ""p_in"": 0.25, ""p_out"": 0.03, ""seed"": 0}",edge_addition_deletion,"{""alpha"": 0.1, ""edges_added"": 500, ""edges_removed"": 400, ""graphs"": 100, ""graphs_skipped"": 0, ""graphs_success"": 100, ""method"": ""edge_addition_deletion"", ""rewires"": 0, ""triangles_affected"": 0}",0.1,0,diversity_curves_shortest_path,0.14290476460530052,0.14290476460530052,0.23083600712664126,65.79927140999644,0.13213348388671875,success,
barabasi_albert,"{""edge_probability"": 0.1, ""family"": ""barabasi_albert"", ""m"": 2, ""num_blocks"": 3, ""num_graphs"": 100, ""num_nodes"": 50, ""p_in"": 0.25, ""p_out"": 0.03, ""seed"": 0}",edge_addition_deletion,"{""alpha"": 0.2, ""edges_added"": 1000, ""edges_removed"": 900, ""graphs"": 100, ""graphs_skipped"": 0, ""graphs_success"": 100, ""method"": ""edge_addition_deletion"", ""rewires"": 0, ""triangles_affected"": 0}",0.2,0,structural_statistics_mmd,0.02887448845933238,2.0360206504400895,3.2112979859233524,1.9248213420069078,0.06816864013671875,success,
barabasi_albert,"{""edge_probability"": 0.1, ""family"": ""barabasi_albert"", ""m"": 2, ""num_blocks"": 3, ""num_graphs"": 100, ""num_nodes"": 50, ""p_in"": 0.25, ""p_out"": 0.03, ""seed"": 0}",edge_addition_deletion,"{""alpha"": 0.2, ""edges_added"": 1000, ""edges_removed"": 900, ""graphs"": 100, ""graphs_skipped"": 0, ""graphs_success"": 100, ""method"": ""edge_addition_deletion"", ""rewires"": 0, ""triangles_affected"": 0}",0.2,0,wl_subtree_kernel_mmd,88.58440000000004,9.411928601514147,21.125989669947344,0.2186826969991671,14.960217475891113,success,
barabasi_albert,"{""edge_probability"": 0.1, ""family"": ""barabasi_albert"", ""m"": 2, ""num_blocks"": 3, ""num_graphs"": 100, ""num_nodes"": 50, ""p_in"": 0.25, ""p_out"": 0.03, ""seed"": 0}",edge_addition_deletion,"{""alpha"": 0.2, ""edges_added"": 1000, ""edges_removed"": 900, ""graphs"": 100, ""graphs_skipped"": 0, ""graphs_success"": 100, ""method"": ""edge_addition_deletion"", ""rewires"": 0, ""triangles_affected"": 0}",0.2,0,native_netlsd,0.4835952725810529,0.4835952725810529,0.5742715879747099,73.53433261701139,0.18764495849609375,success,
barabasi_albert,"{""edge_probability"": 0.1, ""family"": ""barabasi_albert"", ""m"": 2, ""num_blocks"": 3, ""num_graphs"": 100, ""num_nodes"": 50, ""p_in"": 0.25, ""p_out"": 0.03, ""seed"": 0}",edge_addition_deletion,"{""alpha"": 0.2, ""edges_added"": 1000, ""edges_removed"": 900, ""graphs"": 100, ""graphs_skipped"": 0, ""graphs_success"": 100, ""method"": ""edge_addition_deletion"", ""rewires"": 0, ""triangles_affected"": 0}",0.2,0,diversity_curves_shortest_path,0.38729864637082123,0.38729864637082123,0.47182344373490986,65.57232775999,0.13182830810546875,success,
barabasi_albert,"{""edge_probability"": 0.1, ""family"": ""barabasi_albert"", ""m"": 2, ""num_blocks"": 3, ""num_graphs"": 100, ""num_nodes"": 50, ""p_in"": 0.25, ""p_out"": 0.03, ""seed"": 0}",edge_addition_deletion,"{""alpha"": 0.3, ""edges_added"": 1500, ""edges_removed"": 1400, ""graphs"": 100, ""graphs_skipped"": 0, ""graphs_success"": 100, ""method"": ""edge_addition_deletion"", ""rewires"": 0, ""triangles_affected"": 0}",0.3,0,structural_statistics_mmd,0.06634759241849664,3.0519697341742105,4.306591882208964,1.9286228599958122,0.0743560791015625,success,
barabasi_albert,"{""edge_probability"": 0.1, ""family"": ""barabasi_albert"", ""m"": 2, ""num_blocks"": 3, ""num_graphs"": 100, ""num_nodes"": 50, ""p_in"": 0.25, ""p_out"": 0.03, ""seed"": 0}",edge_addition_deletion,"{""alpha"": 0.3, ""edges_added"": 1500, ""edges_removed"": 1400, ""graphs"": 100, ""graphs_skipped"": 0, ""graphs_success"": 100, ""method"": ""edge_addition_deletion"", ""rewires"": 0, ""triangles_affected"": 0}",0.3,0,wl_subtree_kernel_mmd,143.575,11.982278581304977,22.70412462000724,0.21782852699107025,14.837285041809082,success,
barabasi_albert,"{""edge_probability"": 0.1, ""family"": ""barabasi_albert"", ""m"": 2, ""num_blocks"": 3, ""num_graphs"": 100, ""num_nodes"": 50, ""p_in"": 0.25, ""p_out"": 0.03, ""seed"": 0}",edge_addition_deletion,"{""alpha"": 0.3, ""edges_added"": 1500, ""edges_removed"": 1400, ""graphs"": 100, ""graphs_skipped"": 0, ""graphs_success"": 100, ""method"": ""edge_addition_deletion"", ""rewires"": 0, ""triangles_affected"": 0}",0.3,0,native_netlsd,0.8847890719148374,0.8847890719148374,0.9644892498974735,73.44635585900687,0.1877288818359375,success,
barabasi_albert,"{""edge_probability"": 0.1, ""family"": ""barabasi_albert"", ""m"": 2, ""num_blocks"": 3, ""num_graphs"": 100, ""num_nodes"": 50, ""p_in"": 0.25, ""p_out"": 0.03, ""seed"": 0}",edge_addition_deletion,"{""alpha"": 0.3, ""edges_added"": 1500, ""edges_removed"": 1400, ""graphs"": 100, ""graphs_skipped"": 0, ""graphs_success"": 100, ""method"": ""edge_addition_deletion"", ""rewires"": 0, ""triangles_affected"": 0}",0.3,0,diversity_curves_shortest_path,0.665839889284779,0.665839889284779,0.7589852309951037,66.19272543900297,0.5234298706054688,success,
barabasi_albert,"{""edge_probability"": 0.1, ""family"": ""barabasi_albert"", ""m"": 2, ""num_blocks"": 3, ""num_graphs"": 100, ""num_nodes"": 50, ""p_in"": 0.25, ""p_out"": 0.03, ""seed"": 0}",edge_addition_deletion,"{""alpha"": 0.4, ""edges_added"": 1900, ""edges_removed"": 1900, ""graphs"": 100, ""graphs_skipped"": 0, ""graphs_success"": 100, ""method"": ""edge_addition_deletion"", ""rewires"": 0, ""triangles_affected"": 0}",0.4,0,structural_statistics_mmd,0.11008790387378142,4.193267962923708,5.160192825580545,1.9140064620005433,0.068145751953125,success,
barabasi_albert,"{""edge_probability"": 0.1, ""family"": ""barabasi_albert"", ""m"": 2, ""num_blocks"": 3, ""num_graphs"": 100, ""num_nodes"": 50, ""p_in"": 0.25, ""p_out"": 0.03, ""seed"": 0}",edge_addition_deletion,"{""alpha"": 0.4, ""edges_added"": 1900, ""edges_removed"": 1900, ""graphs"": 100, ""graphs_skipped"": 0, ""graphs_success"": 100, ""method"": ""edge_addition_deletion"", ""rewires"": 0, ""triangles_affected"": 0}",0.4,0,wl_subtree_kernel_mmd,175.79960000000003,13.258944151024998,23.429996185254222,0.217449353003758,14.615832328796387,success,
barabasi_albert,"{""edge_probability"": 0.1, ""family"": ""barabasi_albert"", ""m"": 2, ""num_blocks"": 3, ""num_graphs"": 100, ""num_nodes"": 50, ""p_in"": 0.25, ""p_out"": 0.03, ""seed"": 0}",edge_addition_deletion,"{""alpha"": 0.4, ""edges_added"": 1900, ""edges_removed"": 1900, ""graphs"": 100, ""graphs_skipped"": 0, ""graphs_success"": 100, ""method"": ""edge_addition_deletion"", ""rewires"": 0, ""triangles_affected"": 0}",0.4,0,native_netlsd,1.5524846793416938,1.5524846793416938,1.6364235235891054,73.43644666999171,0.18759918212890625,success,
barabasi_albert,"{""edge_probability"": 0.1, ""family"": ""barabasi_albert"", ""m"": 2, ""num_blocks"": 3, ""num_graphs"": 100, ""num_nodes"": 50, ""p_in"": 0.25, ""p_out"": 0.03, ""seed"": 0}",edge_addition_deletion,"{""alpha"": 0.4, ""edges_added"": 1900, ""edges_removed"": 1900, ""graphs"": 100, ""graphs_skipped"": 0, ""graphs_success"": 100, ""method"": ""edge_addition_deletion"", ""rewires"": 0, ""triangles_affected"": 0}",0.4,0,diversity_curves_shortest_path,1.1305007117014148,1.1305007117014148,1.211359544826999,64.1078304380062,0.13034820556640625,success,
barabasi_albert,"{""edge_probability"": 0.1, ""family"": ""barabasi_albert"", ""m"": 2, ""num_blocks"": 3, ""num_graphs"": 100, ""num_nodes"": 50, ""p_in"": 0.25, ""p_out"": 0.03, ""seed"": 0}",edge_addition_deletion,"{""alpha"": 0.5, ""edges_added"": 2400, ""edges_removed"": 2400, ""graphs"": 100, ""graphs_skipped"": 0, ""graphs_success"": 100, ""method"": ""edge_addition_deletion"", ""rewires"": 0, ""triangles_affected"": 0}",0.5,0,structural_statistics_mmd,0.17086544529823566,5.234751227948196,5.990123337556895,1.9026314509974327,0.06812286376953125,success,
barabasi_albert,"{""edge_probability"": 0.1, ""family"": ""barabasi_albert"", ""m"": 2, ""num_blocks"": 3, ""num_graphs"": 100, ""num_nodes"": 50, ""p_in"": 0.25, ""p_out"": 0.03, ""seed"": 0}",edge_addition_deletion,"{""alpha"": 0.5, ""edges_added"": 2400, ""edges_removed"": 2400, ""graphs"": 100, ""graphs_skipped"": 0, ""graphs_success"": 100, ""method"": ""edge_addition_deletion"", ""rewires"": 0, ""triangles_affected"": 0}",0.5,0,wl_subtree_kernel_mmd,199.86980000000005,14.137531609160067,24.035262981334153,0.21823539400065783,14.495746612548828,success,
barabasi_albert,"{""edge_probability"": 0.1, ""family"": ""barabasi_albert"", ""m"": 2, ""num_blocks"": 3, ""num_graphs"": 100, ""num_nodes"": 50, ""p_in"": 0.25, ""p_out"": 0.03, ""seed"": 0}",edge_addition_deletion,"{""alpha"": 0.5, ""edges_added"": 2400, ""edges_removed"": 2400, ""graphs"": 100, ""graphs_skipped"": 0, ""graphs_success"": 100, ""method"": ""edge_addition_deletion"", ""rewires"": 0, ""triangles_affected"": 0}",0.5,0,native_netlsd,2.1136326662897345,2.1136326662897345,2.1908117902200077,75.21560904399666,0.18764495849609375,success,
barabasi_albert,"{""edge_probability"": 0.1, ""family"": ""barabasi_albert"", ""m"": 2, ""num_blocks"": 3, ""num_graphs"": 100, ""num_nodes"": 50, ""p_in"": 0.25, ""p_out"": 0.03, ""seed"": 0}",edge_addition_deletion,"{""alpha"": 0.5, ""edges_added"": 2400, ""edges_removed"": 2400, ""graphs"": 100, ""graphs_skipped"": 0, ""graphs_success"": 100, ""method"": ""edge_addition_deletion"", ""rewires"": 0, ""triangles_affected"": 0}",0.5,0,diversity_curves_shortest_path,1.4429351706205475,1.4429351706205475,1.5154517627824264,64.21195411399822,0.13074493408203125,success,
barabasi_albert,"{""edge_probability"": 0.1, ""family"": ""barabasi_albert"", ""m"": 2, ""num_blocks"": 3, ""num_graphs"": 100, ""num_nodes"": 50, ""p_in"": 0.25, ""p_out"": 0.03, ""seed"": 0}",edge_addition_deletion,"{""alpha"": 0.6, ""edges_added"": 2900, ""edges_removed"": 2900, ""graphs"": 100, ""graphs_skipped"": 0, ""graphs_success"": 100, ""method"": ""edge_addition_deletion"", ""rewires"": 0, ""triangles_affected"": 0}",0.6,0,structural_statistics_mmd,0.24986599415542243,6.387887921794026,7.083218889370852,1.9105542179895565,0.06861114501953125,success,
barabasi_albert,"{""edge_probability"": 0.1, ""family"": ""barabasi_albert"", ""m"": 2, ""num_blocks"": 3, ""num_graphs"": 100, ""num_nodes"": 50, ""p_in"": 0.25, ""p_out"": 0.03, ""seed"": 0}",edge_addition_deletion,"{""alpha"": 0.6, ""edges_added"": 2900, ""edges_removed"": 2900, ""graphs"": 100, ""graphs_skipped"": 0, ""graphs_success"": 100, ""method"": ""edge_addition_deletion"", ""rewires"": 0, ""triangles_affected"": 0}",0.6,0,wl_subtree_kernel_mmd,233.09940000000006,15.267593130549427,24.655784983710845,0.21769566800503526,14.360006332397461,success,
barabasi_albert,"{""edge_probability"": 0.1, ""family"": ""barabasi_albert"", ""m"": 2, ""num_blocks"": 3, ""num_graphs"": 100, ""num_nodes"": 50, ""p_in"": 0.25, ""p_out"": 0.03, ""seed"": 0}",edge_addition_deletion,"{""alpha"": 0.6, ""edges_added"": 2900, ""edges_removed"": 2900, ""graphs"": 100, ""graphs_skipped"": 0, ""graphs_success"": 100, ""method"": ""edge_addition_deletion"", ""rewires"": 0, ""triangles_affected"": 0}",0.6,0,native_netlsd,2.3275134079446045,2.3275134079446045,2.409149192620433,73.52449005199014,0.18759918212890625,success,
barabasi_albert,"{""edge_probability"": 0.1, ""family"": ""barabasi_albert"", ""m"": 2, ""num_blocks"": 3, ""num_graphs"": 100, ""num_nodes"": 50, ""p_in"": 0.25, ""p_out"": 0.03, ""seed"": 0}",edge_addition_deletion,"{""alpha"": 0.6, ""edges_added"": 2900, ""edges_removed"": 2900, ""graphs"": 100, ""graphs_skipped"": 0, ""graphs_success"": 100, ""method"": ""edge_addition_deletion"", ""rewires"": 0, ""triangles_affected"": 0}",0.6,0,diversity_curves_shortest_path,1.601748216741566,1.601748216741566,1.6798075375534471,63.71020428699558,0.13059234619140625,success,
barabasi_albert,"{""edge_probability"": 0.1, ""family"": ""barabasi_albert"", ""m"": 2, ""num_blocks"": 3, ""num_graphs"": 100, ""num_nodes"": 50, ""p_in"": 0.25, ""p_out"": 0.03, ""seed"": 0}",edge_addition_deletion,"{""alpha"": 0.7, ""edges_added"": 3400, ""edges_removed"": 3300, ""graphs"": 100, ""graphs_skipped"": 0, ""graphs_success"": 100, ""method"": ""edge_addition_deletion"", ""rewires"": 0, ""triangles_affected"": 0}",0.7,0,structural_statistics_mmd,0.26836579810941075,6.5504479753679625,7.44394342889204,1.9025479129923042,0.06861114501953125,success,
barabasi_albert,"{""edge_probability"": 0.1, ""family"": ""barabasi_albert"", ""m"": 2, ""num_blocks"": 3, ""num_graphs"": 100, ""num_nodes"": 50, ""p_in"": 0.25, ""p_out"": 0.03, ""seed"": 0}",edge_addition_deletion,"{""alpha"": 0.7, ""edges_added"": 3400, ""edges_removed"": 3300, ""graphs"": 100, ""graphs_skipped"": 0, ""graphs_success"": 100, ""method"": ""edge_addition_deletion"", ""rewires"": 0, ""triangles_affected"": 0}",0.7,0,wl_subtree_kernel_mmd,259.6676,16.11420491367787,25.246628892039872,0.21587875399563927,14.360461235046387,success,
barabasi_albert,"{""edge_probability"": 0.1, ""family"": ""barabasi_albert"", ""m"": 2, ""num_blocks"": 3, ""num_graphs"": 100, ""num_nodes"": 50, ""p_in"": 0.25, ""p_out"": 0.03, ""seed"": 0}",edge_addition_deletion,"{""alpha"": 0.7, ""edges_added"": 3400, ""edges_removed"": 3300, ""graphs"": 100, ""graphs_skipped"": 0, ""graphs_success"": 100, ""method"": ""edge_addition_deletion"", ""rewires"": 0, ""triangles_affected"": 0}",0.7,0,native_netlsd,2.3582993433948394,2.3582993433948394,2.4428350358451585,73.34297023199906,0.1876220703125,success,
barabasi_albert,"{""edge_probability"": 0.1, ""family"": ""barabasi_albert"", ""m"": 2, ""num_blocks"": 3, ""num_graphs"": 100, ""num_nodes"": 50, ""p_in"": 0.25, ""p_out"": 0.03, ""seed"": 0}",edge_addition_deletion,"{""alpha"": 0.7, ""edges_added"": 3400, ""edges_removed"": 3300, ""graphs"": 100, ""graphs_skipped"": 0, ""graphs_success"": 100, ""method"": ""edge_addition_deletion"", ""rewires"": 0, ""triangles_affected"": 0}",0.7,0,diversity_curves_shortest_path,1.60463820775038,1.60463820775038,1.6990876333820275,64.0528410650004,0.1300811767578125,success,
barabasi_albert,"{""edge_probability"": 0.1, ""family"": ""barabasi_albert"", ""m"": 2, ""num_blocks"": 3, ""num_graphs"": 100, ""num_nodes"": 50, ""p_in"": 0.25, ""p_out"": 0.03, ""seed"": 0}",edge_addition_deletion,"{""alpha"": 0.8, ""edges_added"": 3900, ""edges_removed"": 3800, ""graphs"": 100, ""graphs_skipped"": 0, ""graphs_success"": 100, ""method"": ""edge_addition_deletion"", ""rewires"": 0, ""triangles_affected"": 0}",0.8,0,structural_statistics_mmd,0.3157172068435814,7.2354303512226865,8.015861656137044,1.912214986004983,0.068145751953125,success,
barabasi_albert,"{""edge_probability"": 0.1, ""family"": ""barabasi_albert"", ""m"": 2, ""num_blocks"": 3, ""num_graphs"": 100, ""num_nodes"": 50, ""p_in"": 0.25, ""p_out"": 0.03, ""seed"": 0}",edge_addition_deletion,"{""alpha"": 0.8, ""edges_added"": 3900, ""edges_removed"": 3800, ""graphs"": 100, ""graphs_skipped"": 0, ""graphs_success"": 100, ""method"": ""edge_addition_deletion"", ""rewires"": 0, ""triangles_affected"": 0}",0.8,0,wl_subtree_kernel_mmd,275.0944,16.58596997465026,25.4875341909163,0.2165524930023821,14.263079643249512,success,
barabasi_albert,"{""edge_probability"": 0.1, ""family"": ""barabasi_albert"", ""m"": 2, ""num_blocks"": 3, ""num_graphs"": 100, ""num_nodes"": 50, ""p_in"": 0.25, ""p_out"": 0.03, ""seed"": 0}",edge_addition_deletion,"{""alpha"": 0.8, ""edges_added"": 3900, ""edges_removed"": 3800, ""graphs"": 100, ""graphs_skipped"": 0, ""graphs_success"": 100, ""method"": ""edge_addition_deletion"", ""rewires"": 0, ""triangles_affected"": 0}",0.8,0,native_netlsd,2.590732985951372,2.590732985951372,2.6760553550655555,73.50246996199712,0.18764495849609375,success,
barabasi_albert,"{""edge_probability"": 0.1, ""family"": ""barabasi_albert"", ""m"": 2, ""num_blocks"": 3, ""num_graphs"": 100, ""num_nodes"": 50, ""p_in"": 0.25, ""p_out"": 0.03, ""seed"": 0}",edge_addition_deletion,"{""alpha"": 0.8, ""edges_added"": 3900, ""edges_removed"": 3800, ""graphs"": 100, ""graphs_skipped"": 0, ""graphs_success"": 100, ""method"": ""edge_addition_deletion"", ""rewires"": 0, ""triangles_affected"": 0}",0.8,0,diversity_curves_shortest_path,1.756187496250804,1.756187496250804,1.851863686020383,64.08552549401065,0.13098907470703125,success,
barabasi_albert,"{""edge_probability"": 0.1, ""family"": ""barabasi_albert"", ""m"": 2, ""num_blocks"": 3, ""num_graphs"": 100, ""num_nodes"": 50, ""p_in"": 0.25, ""p_out"": 0.03, ""seed"": 0}",edge_addition_deletion,"{""alpha"": 0.9, ""edges_added"": 4400, ""edges_removed"": 4300, ""graphs"": 100, ""graphs_skipped"": 0, ""graphs_success"": 100, ""method"": ""edge_addition_deletion"", ""rewires"": 0, ""triangles_affected"": 0}",0.9,0,structural_statistics_mmd,0.3766637163908675,7.947616677584664,8.665294588237293,1.8906309909943957,0.06812286376953125,success,
barabasi_albert,"{""edge_probability"": 0.1, ""family"": ""barabasi_albert"", ""m"": 2, ""num_blocks"": 3, ""num_graphs"": 100, ""num_nodes"": 50, ""p_in"": 0.25, ""p_out"": 0.03, ""seed"": 0}",edge_addition_deletion,"{""alpha"": 0.9, ""edges_added"": 4400, ""edges_removed"": 4300, ""graphs"": 100, ""graphs_skipped"": 0, ""graphs_success"": 100, ""method"": ""edge_addition_deletion"", ""rewires"": 0, ""triangles_affected"": 0}",0.9,0,wl_subtree_kernel_mmd,290.8148,17.05329293714267,25.730997651911128,0.21624547500687186,14.156786918640137,success,
barabasi_albert,"{""edge_probability"": 0.1, ""family"": ""barabasi_albert"", ""m"": 2, ""num_blocks"": 3, ""num_graphs"": 100, ""num_nodes"": 50, ""p_in"": 0.25, ""p_out"": 0.03, ""seed"": 0}",edge_addition_deletion,"{""alpha"": 0.9, ""edges_added"": 4400, ""edges_removed"": 4300, ""graphs"": 100, ""graphs_skipped"": 0, ""graphs_success"": 100, ""method"": ""edge_addition_deletion"", ""rewires"": 0, ""triangles_affected"": 0}",0.9,0,native_netlsd,2.6539275364897787,2.6539275364897787,2.742213539901199,73.2564212869911,0.18764495849609375,success,
barabasi_albert,"{""edge_probability"": 0.1, ""family"": ""barabasi_albert"", ""m"": 2, ""num_blocks"": 3, ""num_graphs"": 100, ""num_nodes"": 50, ""p_in"": 0.25, ""p_out"": 0.03, ""seed"": 0}",edge_addition_deletion,"{""alpha"": 0.9, ""edges_added"": 4400, ""edges_removed"": 4300, ""graphs"": 100, ""graphs_skipped"": 0, ""graphs_success"": 100, ""method"": ""edge_addition_deletion"", ""rewires"": 0, ""triangles_affected"": 0}",0.9,0,diversity_curves_shortest_path,1.8396150971526097,1.8396150971526097,1.9275363068129108,63.5875783389929,0.1305694580078125,success,
barabasi_albert,"{""edge_probability"": 0.1, ""family"": ""barabasi_albert"", ""m"": 2, ""num_blocks"": 3, ""num_graphs"": 100, ""num_nodes"": 50, ""p_in"": 0.25, ""p_out"": 0.03, ""seed"": 0}",edge_addition_deletion,"{""alpha"": 1.0, ""edges_added"": 4900, ""edges_removed"": 4800, ""graphs"": 100, ""graphs_skipped"": 0, ""graphs_success"": 100, ""method"": ""edge_addition_deletion"", ""rewires"": 0, ""triangles_affected"": 0}",1.0,0,structural_statistics_mmd,0.4358291612311014,8.568537318226063,9.231242348289912,1.9164973349979846,0.06826019287109375,success,
barabasi_albert,"{""edge_probability"": 0.1, ""family"": ""barabasi_albert"", ""m"": 2, ""num_blocks"": 3, ""num_graphs"": 100, ""num_nodes"": 50, ""p_in"": 0.25, ""p_out"": 0.03, ""seed"": 0}",edge_addition_deletion,"{""alpha"": 1.0, ""edges_added"": 4900, ""edges_removed"": 4800, ""graphs"": 100, ""graphs_skipped"": 0, ""graphs_success"": 100, ""method"": ""edge_addition_deletion"", ""rewires"": 0, ""triangles_affected"": 0}",1.0,0,wl_subtree_kernel_mmd,304.98580000000004,17.463842647023593,26.133848546049517,0.21678269800031558,14.068964004516602,success,
barabasi_albert,"{""edge_probability"": 0.1, ""family"": ""barabasi_albert"", ""m"": 2, ""num_blocks"": 3, ""num_graphs"": 100, ""num_nodes"": 50, ""p_in"": 0.25, ""p_out"": 0.03, ""seed"": 0}",edge_addition_deletion,"{""alpha"": 1.0, ""edges_added"": 4900, ""edges_removed"": 4800, ""graphs"": 100, ""graphs_skipped"": 0, ""graphs_success"": 100, ""method"": ""edge_addition_deletion"", ""rewires"": 0, ""triangles_affected"": 0}",1.0,0,native_netlsd,2.849592271192443,2.849592271192443,2.95682629066484,73.36147244099993,0.18764495849609375,success,
barabasi_albert,"{""edge_probability"": 0.1, ""family"": ""barabasi_albert"", ""m"": 2, ""num_blocks"": 3, ""num_graphs"": 100, ""num_nodes"": 50, ""p_in"": 0.25, ""p_out"": 0.03, ""seed"": 0}",edge_addition_deletion,"{""alpha"": 1.0, ""edges_added"": 4900, ""edges_removed"": 4800, ""graphs"": 100, ""graphs_skipped"": 0, ""graphs_success"": 100, ""method"": ""edge_addition_deletion"", ""rewires"": 0, ""triangles_affected"": 0}",1.0,0,diversity_curves_shortest_path,1.9740218433139114,1.9740218433139114,2.082617865524657,63.36976152998977,0.13147735595703125,success,
barabasi_albert,"{""edge_probability"": 0.1, ""family"": ""barabasi_albert"", ""m"": 2, ""num_blocks"": 3, ""num_graphs"": 100, ""num_nodes"": 50, ""p_in"": 0.25, ""p_out"": 0.03, ""seed"": 0}",triangle_injection_removal,"{""alpha"": 0.0, ""edges_added"": 0, ""edges_removed"": 0, ""graphs"": 100, ""graphs_skipped"": 0, ""graphs_success"": 100, ""method"": ""triangle_injection_removal"", ""rewires"": 0, ""triangles_affected"": 0}",0.0,0,structural_statistics_mmd,0.0,0.0,0.0,1.9339005579968216,0.06821441650390625,success,
barabasi_albert,"{""edge_probability"": 0.1, ""family"": ""barabasi_albert"", ""m"": 2, ""num_blocks"": 3, ""num_graphs"": 100, ""num_nodes"": 50, ""p_in"": 0.25, ""p_out"": 0.03, ""seed"": 0}",triangle_injection_removal,"{""alpha"": 0.0, ""edges_added"": 0, ""edges_removed"": 0, ""graphs"": 100, ""graphs_skipped"": 0, ""graphs_success"": 100, ""method"": ""triangle_injection_removal"", ""rewires"": 0, ""triangles_affected"": 0}",0.0,0,wl_subtree_kernel_mmd,0.0,0.0,0.0,0.2117988480022177,15.00704574584961,success,
barabasi_albert,"{""edge_probability"": 0.1, ""family"": ""barabasi_albert"", ""m"": 2, ""num_blocks"": 3, ""num_graphs"": 100, ""num_nodes"": 50, ""p_in"": 0.25, ""p_out"": 0.03, ""seed"": 0}",triangle_injection_removal,"{""alpha"": 0.0, ""edges_added"": 0, ""edges_removed"": 0, ""graphs"": 100, ""graphs_skipped"": 0, ""graphs_success"": 100, ""method"": ""triangle_injection_removal"", ""rewires"": 0, ""triangles_affected"": 0}",0.0,0,native_netlsd,0.0,0.0,0.0,73.26469448699208,0.18764495849609375,success,
barabasi_albert,"{""edge_probability"": 0.1, ""family"": ""barabasi_albert"", ""m"": 2, ""num_blocks"": 3, ""num_graphs"": 100, ""num_nodes"": 50, ""p_in"": 0.25, ""p_out"": 0.03, ""seed"": 0}",triangle_injection_removal,"{""alpha"": 0.0, ""edges_added"": 0, ""edges_removed"": 0, ""graphs"": 100, ""graphs_skipped"": 0, ""graphs_success"": 100, ""method"": ""triangle_injection_removal"", ""rewires"": 0, ""triangles_affected"": 0}",0.0,0,diversity_curves_shortest_path,0.0,0.0,0.0,65.29586592099804,0.1305694580078125,success,
barabasi_albert,"{""edge_probability"": 0.1, ""family"": ""barabasi_albert"", ""m"": 2, ""num_blocks"": 3, ""num_graphs"": 100, ""num_nodes"": 50, ""p_in"": 0.25, ""p_out"": 0.03, ""seed"": 0}",triangle_injection_removal,"{""alpha"": 0.1, ""edges_added"": 500, ""edges_removed"": 400, ""graphs"": 100, ""graphs_skipped"": 0, ""graphs_success"": 100, ""method"": ""triangle_injection_removal"", ""rewires"": 0, ""triangles_affected"": 900}",0.1,0,structural_statistics_mmd,0.016083671013183753,1.4056853350505345,2.1456675756918497,1.9280794889928075,0.0704803466796875,success,
barabasi_albert,"{""edge_probability"": 0.1, ""family"": ""barabasi_albert"", ""m"": 2, ""num_blocks"": 3, ""num_graphs"": 100, ""num_nodes"": 50, ""p_in"": 0.25, ""p_out"": 0.03, ""seed"": 0}",triangle_injection_removal,"{""alpha"": 0.1, ""edges_added"": 500, ""edges_removed"": 400, ""graphs"": 100, ""graphs_skipped"": 0, ""graphs_success"": 100, ""method"": ""triangle_injection_removal"", ""rewires"": 0, ""triangles_affected"": 900}",0.1,0,wl_subtree_kernel_mmd,17.019600000000004,4.125481790045861,18.4543346810652,0.2173233780049486,15.020978927612305,success,
barabasi_albert,"{""edge_probability"": 0.1, ""family"": ""barabasi_albert"", ""m"": 2, ""num_blocks"": 3, ""num_graphs"": 100, ""num_nodes"": 50, ""p_in"": 0.25, ""p_out"": 0.03, ""seed"": 0}",triangle_injection_removal,"{""alpha"": 0.1, ""edges_added"": 500, ""edges_removed"": 400, ""graphs"": 100, ""graphs_skipped"": 0, ""graphs_success"": 100, ""method"": ""triangle_injection_removal"", ""rewires"": 0, ""triangles_affected"": 900}",0.1,0,native_netlsd,0.0941671702762388,0.0941671702762388,0.17133661686017387,73.03565103599976,0.1877288818359375,success,
barabasi_albert,"{""edge_probability"": 0.1, ""family"": ""barabasi_albert"", ""m"": 2, ""num_blocks"": 3, ""num_graphs"": 100, ""num_nodes"": 50, ""p_in"": 0.25, ""p_out"": 0.03, ""seed"": 0}",triangle_injection_removal,"{""alpha"": 0.1, ""edges_added"": 500, ""edges_removed"": 400, ""graphs"": 100, ""graphs_skipped"": 0, ""graphs_success"": 100, ""method"": ""triangle_injection_removal"", ""rewires"": 0, ""triangles_affected"": 900}",0.1,0,diversity_curves_shortest_path,0.09379360009406873,0.09379360009406873,0.16607796676002148,66.3327742649999,0.5179672241210938,success,
barabasi_albert,"{""edge_probability"": 0.1, ""family"": ""barabasi_albert"", ""m"": 2, ""num_blocks"": 3, ""num_graphs"": 100, ""num_nodes"": 50, ""p_in"": 0.25, ""p_out"": 0.03, ""seed"": 0}",triangle_injection_removal,"{""alpha"": 0.2, ""edges_added"": 1000, ""edges_removed"": 900, ""graphs"": 100, ""graphs_skipped"": 0, ""graphs_success"": 100, ""method"": ""triangle_injection_removal"", ""rewires"": 0, ""triangles_affected"": 1900}",0.2,0,structural_statistics_mmd,0.024576219254895726,1.7182892276254949,2.8681482172461648,1.9228908520017285,0.06821441650390625,success,
barabasi_albert,"{""edge_probability"": 0.1, ""family"": ""barabasi_albert"", ""m"": 2, ""num_blocks"": 3, ""num_graphs"": 100, ""num_nodes"": 50, ""p_in"": 0.25, ""p_out"": 0.03, ""seed"": 0}",triangle_injection_removal,"{""alpha"": 0.2, ""edges_added"": 1000, ""edges_removed"": 900, ""graphs"": 100, ""graphs_skipped"": 0, ""graphs_success"": 100, ""method"": ""triangle_injection_removal"", ""rewires"": 0, ""triangles_affected"": 1900}",0.2,0,wl_subtree_kernel_mmd,39.260400000000025,6.265811998456387,19.555181441585074,0.21794846600096207,14.95067024230957,success,
barabasi_albert,"{""edge_probability"": 0.1, ""family"": ""barabasi_albert"", ""m"": 2, ""num_blocks"": 3, ""num_graphs"": 100, ""num_nodes"": 50, ""p_in"": 0.25, ""p_out"": 0.03, ""seed"": 0}",triangle_injection_removal,"{""alpha"": 0.2, ""edges_added"": 1000, ""edges_removed"": 900, ""graphs"": 100, ""graphs_skipped"": 0, ""graphs_success"": 100, ""method"": ""triangle_injection_removal"", ""rewires"": 0, ""triangles_affected"": 1900}",0.2,0,native_netlsd,0.4104813472273644,0.4104813472273644,0.48363256476630395,73.201252474988,0.1876220703125,success,
barabasi_albert,"{""edge_probability"": 0.1, ""family"": ""barabasi_albert"", ""m"": 2, ""num_blocks"": 3, ""num_graphs"": 100, ""num_nodes"": 50, ""p_in"": 0.25, ""p_out"": 0.03, ""seed"": 0}",triangle_injection_removal,"{""alpha"": 0.2, ""edges_added"": 1000, ""edges_removed"": 900, ""graphs"": 100, ""graphs_skipped"": 0, ""graphs_success"": 100, ""method"": ""triangle_injection_removal"", ""rewires"": 0, ""triangles_affected"": 1900}",0.2,0,diversity_curves_shortest_path,0.3212206181606098,0.3212206181606098,0.4017792002763413,65.15235570899677,0.13106536865234375,success,
barabasi_albert,"{""edge_probability"": 0.1, ""family"": ""barabasi_albert"", ""m"": 2, ""num_blocks"": 3, ""num_graphs"": 100, ""num_nodes"": 50, ""p_in"": 0.25, ""p_out"": 0.03, ""seed"": 0}",triangle_injection_removal,"{""alpha"": 0.3, ""edges_added"": 1500, ""edges_removed"": 1400, ""graphs"": 100, ""graphs_skipped"": 0, ""graphs_success"": 100, ""method"": ""triangle_injection_removal"", ""rewires"": 0, ""triangles_affected"": 2900}",0.3,0,structural_statistics_mmd,0.03685862475502355,2.1720120502713467,3.5279065545910964,1.953382337000221,0.068145751953125,success,
barabasi_albert,"{""edge_probability"": 0.1, ""family"": ""barabasi_albert"", ""m"": 2, ""num_blocks"": 3, ""num_graphs"": 100, ""num_nodes"": 50, ""p_in"": 0.25, ""p_out"": 0.03, ""seed"": 0}",triangle_injection_removal,"{""alpha"": 0.3, ""edges_added"": 1500, ""edges_removed"": 1400, ""graphs"": 100, ""graphs_skipped"": 0, ""graphs_success"": 100, ""method"": ""triangle_injection_removal"", ""rewires"": 0, ""triangles_affected"": 2900}",0.3,0,wl_subtree_kernel_mmd,51.901199999999996,7.2042487463995855,20.145506929933614,0.22276268700079527,14.82070541381836,success,
barabasi_albert,"{""edge_probability"": 0.1, ""family"": ""barabasi_albert"", ""m"": 2, ""num_blocks"": 3, ""num_graphs"": 100, ""num_nodes"": 50, ""p_in"": 0.25, ""p_out"": 0.03, ""seed"": 0}",triangle_injection_removal,"{""alpha"": 0.3, ""edges_added"": 1500, ""edges_removed"": 1400, ""graphs"": 100, ""graphs_skipped"": 0, ""graphs_success"": 100, ""method"": ""triangle_injection_removal"", ""rewires"": 0, ""triangles_affected"": 2900}",0.3,0,native_netlsd,0.6302206148203091,0.6302206148203091,0.707275993957825,73.43809336899722,0.18764495849609375,success,
barabasi_albert,"{""edge_probability"": 0.1, ""family"": ""barabasi_albert"", ""m"": 2, ""num_blocks"": 3, ""num_graphs"": 100, ""num_nodes"": 50, ""p_in"": 0.25, ""p_out"": 0.03, ""seed"": 0}",triangle_injection_removal,"{""alpha"": 0.3, ""edges_added"": 1500, ""edges_removed"": 1400, ""graphs"": 100, ""graphs_skipped"": 0, ""graphs_success"": 100, ""method"": ""triangle_injection_removal"", ""rewires"": 0, ""triangles_affected"": 2900}",0.3,0,diversity_curves_shortest_path,0.48694820176565307,0.48694820176565307,0.5687533939121711,65.38047534000361,0.13161468505859375,success,
barabasi_albert,"{""edge_probability"": 0.1, ""family"": ""barabasi_albert"", ""m"": 2, ""num_blocks"": 3, ""num_graphs"": 100, ""num_nodes"": 50, ""p_in"": 0.25, ""p_out"": 0.03, ""seed"": 0}",triangle_injection_removal,"{""alpha"": 0.4, ""edges_added"": 1900, ""edges_removed"": 1900, ""graphs"": 100, ""graphs_skipped"": 0, ""graphs_success"": 100, ""method"": ""triangle_injection_removal"", ""rewires"": 0, ""triangles_affected"": 3800}",0.4,0,structural_statistics_mmd,0.04473518886814243,2.362750353898511,3.968103251639066,1.9095122639992042,0.06854248046875,success,
barabasi_albert,"{""edge_probability"": 0.1, ""family"": ""barabasi_albert"", ""m"": 2, ""num_blocks"": 3, ""num_graphs"": 100, ""num_nodes"": 50, ""p_in"": 0.25, ""p_out"": 0.03, ""seed"": 0}",triangle_injection_removal,"{""alpha"": 0.4, ""edges_added"": 1900, ""edges_removed"": 1900, ""graphs"": 100, ""graphs_skipped"": 0, ""graphs_success"": 100, ""method"": ""triangle_injection_removal"", ""rewires"": 0, ""triangles_affected"": 3800}",0.4,0,wl_subtree_kernel_mmd,67.64760000000004,8.224816107366781,20.72113630114373,0.21855480800149962,14.6829252243042,success,
barabasi_albert,"{""edge_probability"": 0.1, ""family"": ""barabasi_albert"", ""m"": 2, ""num_blocks"": 3, ""num_graphs"": 100, ""num_nodes"": 50, ""p_in"": 0.25, ""p_out"": 0.03, ""seed"": 0}",triangle_injection_removal,"{""alpha"": 0.4, ""edges_added"": 1900, ""edges_removed"": 1900, ""graphs"": 100, ""graphs_skipped"": 0, ""graphs_success"": 100, ""method"": ""triangle_injection_removal"", ""rewires"": 0, ""triangles_affected"": 3800}",0.4,0,native_netlsd,0.9732567463792582,0.9732567463792582,1.0578767411142278,74.41832047999196,0.1876220703125,success,
barabasi_albert,"{""edge_probability"": 0.1, ""family"": ""barabasi_albert"", ""m"": 2, ""num_blocks"": 3, ""num_graphs"": 100, ""num_nodes"": 50, ""p_in"": 0.25, ""p_out"": 0.03, ""seed"": 0}",triangle_injection_removal,"{""alpha"": 0.4, ""edges_added"": 1900, ""edges_removed"": 1900, ""graphs"": 100, ""graphs_skipped"": 0, ""graphs_success"": 100, ""method"": ""triangle_injection_removal"", ""rewires"": 0, ""triangles_affected"": 3800}",0.4,0,diversity_curves_shortest_path,0.7892768880514602,0.7892768880514602,0.8590661056208888,64.81695365699125,0.130218505859375,success,
barabasi_albert,"{""edge_probability"": 0.1, ""family"": ""barabasi_albert"", ""m"": 2, ""num_blocks"": 3, ""num_graphs"": 100, ""num_nodes"": 50, ""p_in"": 0.25, ""p_out"": 0.03, ""seed"": 0}",triangle_injection_removal,"{""alpha"": 0.5, ""edges_added"": 2400, ""edges_removed"": 2400, ""graphs"": 100, ""graphs_skipped"": 0, ""graphs_success"": 100, ""method"": ""triangle_injection_removal"", ""rewires"": 0, ""triangles_affected"": 4800}",0.5,0,structural_statistics_mmd,0.05485247958098838,2.739844332429959,4.214534936534886,1.9196921659895452,0.068145751953125,success,
barabasi_albert,"{""edge_probability"": 0.1, ""family"": ""barabasi_albert"", ""m"": 2, ""num_blocks"": 3, ""num_graphs"": 100, ""num_nodes"": 50, ""p_in"": 0.25, ""p_out"": 0.03, ""seed"": 0}",triangle_injection_removal,"{""alpha"": 0.5, ""edges_added"": 2400, ""edges_removed"": 2400, ""graphs"": 100, ""graphs_skipped"": 0, ""graphs_success"": 100, ""method"": ""triangle_injection_removal"", ""rewires"": 0, ""triangles_affected"": 4800}",0.5,0,wl_subtree_kernel_mmd,89.02519999999998,9.43531663485651,21.31108671169021,0.21765153600426856,14.615187644958496,success,
barabasi_albert,"{""edge_probability"": 0.1, ""family"": ""barabasi_albert"", ""m"": 2, ""num_blocks"": 3, ""num_graphs"": 100, ""num_nodes"": 50, ""p_in"": 0.25, ""p_out"": 0.03, ""seed"": 0}",triangle_injection_removal,"{""alpha"": 0.5, ""edges_added"": 2400, ""edges_removed"": 2400, ""graphs"": 100, ""graphs_skipped"": 0, ""graphs_success"": 100, ""method"": ""triangle_injection_removal"", ""rewires"": 0, ""triangles_affected"": 4800}",0.5,0,native_netlsd,1.086361646031473,1.086361646031473,1.1754409703833781,73.50884823099477,0.1876220703125,success,
barabasi_albert,"{""edge_probability"": 0.1, ""family"": ""barabasi_albert"", ""m"": 2, ""num_blocks"": 3, ""num_graphs"": 100, ""num_nodes"": 50, ""p_in"": 0.25, ""p_out"": 0.03, ""seed"": 0}",triangle_injection_removal,"{""alpha"": 0.5, ""edges_added"": 2400, ""edges_removed"": 2400, ""graphs"": 100, ""graphs_skipped"": 0, ""graphs_success"": 100, ""method"": ""triangle_injection_removal"", ""rewires"": 0, ""triangles_affected"": 4800}",0.5,0,diversity_curves_shortest_path,0.8887042098514102,0.8887042098514102,0.957952594916,64.36885439300386,0.13022613525390625,success,
barabasi_albert,"{""edge_probability"": 0.1, ""family"": ""barabasi_albert"", ""m"": 2, ""num_blocks"": 3, ""num_graphs"": 100, ""num_nodes"": 50, ""p_in"": 0.25, ""p_out"": 0.03, ""seed"": 0}",triangle_injection_removal,"{""alpha"": 0.6, ""edges_added"": 2900, ""edges_removed"": 2900, ""graphs"": 100, ""graphs_skipped"": 0, ""graphs_success"": 100, ""method"": ""triangle_injection_removal"", ""rewires"": 0, ""triangles_affected"": 5800}",0.6,0,structural_statistics_mmd,0.06413605062024264,2.8794777568485705,4.39658451881939,1.915388745997916,0.06830596923828125,success,
barabasi_albert,"{""edge_probability"": 0.1, ""family"": ""barabasi_albert"", ""m"": 2, ""num_blocks"": 3, ""num_graphs"": 100, ""num_nodes"": 50, ""p_in"": 0.25, ""p_out"": 0.03, ""seed"": 0}",triangle_injection_removal,"{""alpha"": 0.6, ""edges_added"": 2900, ""edges_removed"": 2900, ""graphs"": 100, ""graphs_skipped"": 0, ""graphs_success"": 100, ""method"": ""triangle_injection_removal"", ""rewires"": 0, ""triangles_affected"": 5800}",0.6,0,wl_subtree_kernel_mmd,109.59380000000004,10.468705746175123,21.87063105795911,0.2180193490057718,14.587035179138184,success,
barabasi_albert,"{""edge_probability"": 0.1, ""family"": ""barabasi_albert"", ""m"": 2, ""num_blocks"": 3, ""num_graphs"": 100, ""num_nodes"": 50, ""p_in"": 0.25, ""p_out"": 0.03, ""seed"": 0}",triangle_injection_removal,"{""alpha"": 0.6, ""edges_added"": 2900, ""edges_removed"": 2900, ""graphs"": 100, ""graphs_skipped"": 0, ""graphs_success"": 100, ""method"": ""triangle_injection_removal"", ""rewires"": 0, ""triangles_affected"": 5800}",0.6,0,native_netlsd,1.408053927964588,1.408053927964588,1.510699753559225,73.34818428900326,0.18759918212890625,success,
barabasi_albert,"{""edge_probability"": 0.1, ""family"": ""barabasi_albert"", ""m"": 2, ""num_blocks"": 3, ""num_graphs"": 100, ""num_nodes"": 50, ""p_in"": 0.25, ""p_out"": 0.03, ""seed"": 0}",triangle_injection_removal,"{""alpha"": 0.6, ""edges_added"": 2900, ""edges_removed"": 2900, ""graphs"": 100, ""graphs_skipped"": 0, ""graphs_success"": 100, ""method"": ""triangle_injection_removal"", ""rewires"": 0, ""triangles_affected"": 5800}",0.6,0,diversity_curves_shortest_path,1.0921485449768549,1.0921485449768549,1.1689997816904159,63.98161092599912,0.13101959228515625,success,
barabasi_albert,"{""edge_probability"": 0.1, ""family"": ""barabasi_albert"", ""m"": 2, ""num_blocks"": 3, ""num_graphs"": 100, ""num_nodes"": 50, ""p_in"": 0.25, ""p_out"": 0.03, ""seed"": 0}",triangle_injection_removal,"{""alpha"": 0.7, ""edges_added"": 3400, ""edges_removed"": 3300, ""graphs"": 100, ""graphs_skipped"": 0, ""graphs_success"": 100, ""method"": ""triangle_injection_removal"", ""rewires"": 0, ""triangles_affected"": 6700}",0.7,0,structural_statistics_mmd,0.07465797187157963,3.0859241008322136,4.949307268171018,1.9289826880121836,0.0685882568359375,success,
barabasi_albert,"{""edge_probability"": 0.1, ""family"": ""barabasi_albert"", ""m"": 2, ""num_blocks"": 3, ""num_graphs"": 100, ""num_nodes"": 50, ""p_in"": 0.25, ""p_out"": 0.03, ""seed"": 0}",triangle_injection_removal,"{""alpha"": 0.7, ""edges_added"": 3400, ""edges_removed"": 3300, ""graphs"": 100, ""graphs_skipped"": 0, ""graphs_success"": 100, ""method"": ""triangle_injection_removal"", ""rewires"": 0, ""triangles_affected"": 6700}",0.7,0,wl_subtree_kernel_mmd,130.14800000000002,11.408242634165878,22.450016681089828,0.2172206359973643,14.654773712158203,success,
barabasi_albert,"{""edge_probability"": 0.1, ""family"": ""barabasi_albert"", ""m"": 2, ""num_blocks"": 3, ""num_graphs"": 100, ""num_nodes"": 50, ""p_in"": 0.25, ""p_out"": 0.03, ""seed"": 0}",triangle_injection_removal,"{""alpha"": 0.7, ""edges_added"": 3400, ""edges_removed"": 3300, ""graphs"": 100, ""graphs_skipped"": 0, ""graphs_success"": 100, ""method"": ""triangle_injection_removal"", ""rewires"": 0, ""triangles_affected"": 6700}",0.7,0,native_netlsd,1.4617964089919606,1.4617964089919606,1.5547858208125254,73.40213857000344,0.1876220703125,success,
barabasi_albert,"{""edge_probability"": 0.1, ""family"": ""barabasi_albert"", ""m"": 2, ""num_blocks"": 3, ""num_graphs"": 100, ""num_nodes"": 50, ""p_in"": 0.25, ""p_out"": 0.03, ""seed"": 0}",triangle_injection_removal,"{""alpha"": 0.7, ""edges_added"": 3400, ""edges_removed"": 3300, ""graphs"": 100, ""graphs_skipped"": 0, ""graphs_success"": 100, ""method"": ""triangle_injection_removal"", ""rewires"": 0, ""triangles_affected"": 6700}",0.7,0,diversity_curves_shortest_path,1.114854537770465,1.114854537770465,1.198273402480725,64.48920136899687,0.13060760498046875,success,
barabasi_albert,"{""edge_probability"": 0.1, ""family"": ""barabasi_albert"", ""m"": 2, ""num_blocks"": 3, ""num_graphs"": 100, ""num_nodes"": 50, ""p_in"": 0.25, ""p_out"": 0.03, ""seed"": 0}",triangle_injection_removal,"{""alpha"": 0.8, ""edges_added"": 3900, ""edges_removed"": 3800, ""graphs"": 100, ""graphs_skipped"": 0, ""graphs_success"": 100, ""method"": ""triangle_injection_removal"", ""rewires"": 0, ""triangles_affected"": 7700}",0.8,0,structural_statistics_mmd,0.08882172910205854,3.353900716038561,5.458959489105119,1.9208166320022428,0.06893157958984375,success,
barabasi_albert,"{""edge_probability"": 0.1, ""family"": ""barabasi_albert"", ""m"": 2, ""num_blocks"": 3, ""num_graphs"": 100, ""num_nodes"": 50, ""p_in"": 0.25, ""p_out"": 0.03, ""seed"": 0}",triangle_injection_removal,"{""alpha"": 0.8, ""edges_added"": 3900, ""edges_removed"": 3800, ""graphs"": 100, ""graphs_skipped"": 0, ""graphs_success"": 100, ""method"": ""triangle_injection_removal"", ""rewires"": 0, ""triangles_affected"": 7700}",0.8,0,wl_subtree_kernel_mmd,136.176,11.66944728768248,22.539568792181885,0.21805374599352945,14.601101875305176,success,
barabasi_albert,"{""edge_probability"": 0.1, ""family"": ""barabasi_albert"", ""m"": 2, ""num_blocks"": 3, ""num_graphs"": 100, ""num_nodes"": 50, ""p_in"": 0.25, ""p_out"": 0.03, ""seed"": 0}",triangle_injection_removal,"{""alpha"": 0.8, ""edges_added"": 3900, ""edges_removed"": 3800, ""graphs"": 100, ""graphs_skipped"": 0, ""graphs_success"": 100, ""method"": ""triangle_injection_removal"", ""rewires"": 0, ""triangles_affected"": 7700}",0.8,0,native_netlsd,1.549860605579266,1.549860605579266,1.6468618515508917,73.40844293899136,0.18750762939453125,success,
barabasi_albert,"{""edge_probability"": 0.1, ""family"": ""barabasi_albert"", ""m"": 2, ""num_blocks"": 3, ""num_graphs"": 100, ""num_nodes"": 50, ""p_in"": 0.25, ""p_out"": 0.03, ""seed"": 0}",triangle_injection_removal,"{""alpha"": 0.8, ""edges_added"": 3900, ""edges_removed"": 3800, ""graphs"": 100, ""graphs_skipped"": 0, ""graphs_success"": 100, ""method"": ""triangle_injection_removal"", ""rewires"": 0, ""triangles_affected"": 7700}",0.8,0,diversity_curves_shortest_path,1.166406986184467,1.166406986184467,1.2521958111251512,64.55526299300254,0.1301727294921875,success,
barabasi_albert,"{""edge_probability"": 0.1, ""family"": ""barabasi_albert"", ""m"": 2, ""num_blocks"": 3, ""num_graphs"": 100, ""num_nodes"": 50, ""p_in"": 0.25, ""p_out"": 0.03, ""seed"": 0}",triangle_injection_removal,"{""alpha"": 0.9, ""edges_added"": 4400, ""edges_removed"": 4300, ""graphs"": 100, ""graphs_skipped"": 0, ""graphs_success"": 100, ""method"": ""triangle_injection_removal"", ""rewires"": 0, ""triangles_affected"": 8700}",0.9,0,structural_statistics_mmd,0.09593035568174235,3.516949709076015,5.201691567715971,1.9314255509962095,0.073150634765625,success,
barabasi_albert,"{""edge_probability"": 0.1, ""family"": ""barabasi_albert"", ""m"": 2, ""num_blocks"": 3, ""num_graphs"": 100, ""num_nodes"": 50, ""p_in"": 0.25, ""p_out"": 0.03, ""seed"": 0}",triangle_injection_removal,"{""alpha"": 0.9, ""edges_added"": 4400, ""edges_removed"": 4300, ""graphs"": 100, ""graphs_skipped"": 0, ""graphs_success"": 100, ""method"": ""triangle_injection_removal"", ""rewires"": 0, ""triangles_affected"": 8700}",0.9,0,wl_subtree_kernel_mmd,162.5046,12.74772920954944,23.072309007484428,0.21917284501250833,14.580761909484863,success,
barabasi_albert,"{""edge_probability"": 0.1, ""family"": ""barabasi_albert"", ""m"": 2, ""num_blocks"": 3, ""num_graphs"": 100, ""num_nodes"": 50, ""p_in"": 0.25, ""p_out"": 0.03, ""seed"": 0}",triangle_injection_removal,"{""alpha"": 0.9, ""edges_added"": 4400, ""edges_removed"": 4300, ""graphs"": 100, ""graphs_skipped"": 0, ""graphs_success"": 100, ""method"": ""triangle_injection_removal"", ""rewires"": 0, ""triangles_affected"": 8700}",0.9,0,native_netlsd,2.025238565468446,2.025238565468446,2.105685155746721,73.3343855770072,0.18770599365234375,success,
barabasi_albert,"{""edge_probability"": 0.1, ""family"": ""barabasi_albert"", ""m"": 2, ""num_blocks"": 3, ""num_graphs"": 100, ""num_nodes"": 50, ""p_in"": 0.25, ""p_out"": 0.03, ""seed"": 0}",triangle_injection_removal,"{""alpha"": 0.9, ""edges_added"": 4400, ""edges_removed"": 4300, ""graphs"": 100, ""graphs_skipped"": 0, ""graphs_success"": 100, ""method"": ""triangle_injection_removal"", ""rewires"": 0, ""triangles_affected"": 8700}",0.9,0,diversity_curves_shortest_path,1.4461165680092491,1.4461165680092491,1.5299055450298702,65.54738421901129,0.5195388793945312,success,
barabasi_albert,"{""edge_probability"": 0.1, ""family"": ""barabasi_albert"", ""m"": 2, ""num_blocks"": 3, ""num_graphs"": 100, ""num_nodes"": 50, ""p_in"": 0.25, ""p_out"": 0.03, ""seed"": 0}",triangle_injection_removal,"{""alpha"": 1.0, ""edges_added"": 4900, ""edges_removed"": 4800, ""graphs"": 100, ""graphs_skipped"": 0, ""graphs_success"": 100, ""method"": ""triangle_injection_removal"", ""rewires"": 0, ""triangles_affected"": 9700}",1.0,0,structural_statistics_mmd,0.10206014954149922,3.641263407572944,5.825781824752722,1.9265994879970094,0.0687255859375,success,
barabasi_albert,"{""edge_probability"": 0.1, ""family"": ""barabasi_albert"", ""m"": 2, ""num_blocks"": 3, ""num_graphs"": 100, ""num_nodes"": 50, ""p_in"": 0.25, ""p_out"": 0.03, ""seed"": 0}",triangle_injection_removal,"{""alpha"": 1.0, ""edges_added"": 4900, ""edges_removed"": 4800, ""graphs"": 100, ""graphs_skipped"": 0, ""graphs_success"": 100, ""method"": ""triangle_injection_removal"", ""rewires"": 0, ""triangles_affected"": 9700}",1.0,0,wl_subtree_kernel_mmd,169.79640000000006,13.030594767699595,23.356997969981634,0.21808157800114714,14.555685043334961,success,
barabasi_albert,"{""edge_probability"": 0.1, ""family"": ""barabasi_albert"", ""m"": 2, ""num_blocks"": 3, ""num_graphs"": 100, ""num_nodes"": 50, ""p_in"": 0.25, ""p_out"": 0.03, ""seed"": 0}",triangle_injection_removal,"{""alpha"": 1.0, ""edges_added"": 4900, ""edges_removed"": 4800, ""graphs"": 100, ""graphs_skipped"": 0, ""graphs_success"": 100, ""method"": ""triangle_injection_removal"", ""rewires"": 0, ""triangles_affected"": 9700}",1.0,0,native_netlsd,1.9596104521450615,1.9596104521450615,2.0600264173973297,73.53105494000192,0.1875762939453125,success,
barabasi_albert,"{""edge_probability"": 0.1, ""family"": ""barabasi_albert"", ""m"": 2, ""num_blocks"": 3, ""num_graphs"": 100, ""num_nodes"": 50, ""p_in"": 0.25, ""p_out"": 0.03, ""seed"": 0}",triangle_injection_removal,"{""alpha"": 1.0, ""edges_added"": 4900, ""edges_removed"": 4800, ""graphs"": 100, ""graphs_skipped"": 0, ""graphs_success"": 100, ""method"": ""triangle_injection_removal"", ""rewires"": 0, ""triangles_affected"": 9700}",1.0,0,diversity_curves_shortest_path,1.4870455067419006,1.4870455067419006,1.581357263576106,64.30080927000381,0.1309814453125,success,
barabasi_albert,"{""edge_probability"": 0.1, ""family"": ""barabasi_albert"", ""m"": 2, ""num_blocks"": 3, ""num_graphs"": 100, ""num_nodes"": 50, ""p_in"": 0.25, ""p_out"": 0.03, ""seed"": 0}",community_weakening,"{""alpha"": 0.0, ""edges_added"": 0, ""edges_removed"": 0, ""graphs"": 100, ""graphs_skipped"": 100, ""graphs_success"": 0, ""method"": ""community_weakening"", ""rewires"": 0, ""triangles_affected"": 0}",0.0,0,structural_statistics_mmd,,,,0.0,,skipped,community_weakening requires community_labels metadata
barabasi_albert,"{""edge_probability"": 0.1, ""family"": ""barabasi_albert"", ""m"": 2, ""num_blocks"": 3, ""num_graphs"": 100, ""num_nodes"": 50, ""p_in"": 0.25, ""p_out"": 0.03, ""seed"": 0}",community_weakening,"{""alpha"": 0.0, ""edges_added"": 0, ""edges_removed"": 0, ""graphs"": 100, ""graphs_skipped"": 100, ""graphs_success"": 0, ""method"": ""community_weakening"", ""rewires"": 0, ""triangles_affected"": 0}",0.0,0,wl_subtree_kernel_mmd,,,,0.0,,skipped,community_weakening requires community_labels metadata
barabasi_albert,"{""edge_probability"": 0.1, ""family"": ""barabasi_albert"", ""m"": 2, ""num_blocks"": 3, ""num_graphs"": 100, ""num_nodes"": 50, ""p_in"": 0.25, ""p_out"": 0.03, ""seed"": 0}",community_weakening,"{""alpha"": 0.0, ""edges_added"": 0, ""edges_removed"": 0, ""graphs"": 100, ""graphs_skipped"": 100, ""graphs_success"": 0, ""method"": ""community_weakening"", ""rewires"": 0, ""triangles_affected"": 0}",0.0,0,native_netlsd,,,,0.0,,skipped,community_weakening requires community_labels metadata
barabasi_albert,"{""edge_probability"": 0.1, ""family"": ""barabasi_albert"", ""m"": 2, ""num_blocks"": 3, ""num_graphs"": 100, ""num_nodes"": 50, ""p_in"": 0.25, ""p_out"": 0.03, ""seed"": 0}",community_weakening,"{""alpha"": 0.0, ""edges_added"": 0, ""edges_removed"": 0, ""graphs"": 100, ""graphs_skipped"": 100, ""graphs_success"": 0, ""method"": ""community_weakening"", ""rewires"": 0, ""triangles_affected"": 0}",0.0,0,diversity_curves_shortest_path,,,,0.0,,skipped,community_weakening requires community_labels metadata
barabasi_albert,"{""edge_probability"": 0.1, ""family"": ""barabasi_albert"", ""m"": 2, ""num_blocks"": 3, ""num_graphs"": 100, ""num_nodes"": 50, ""p_in"": 0.25, ""p_out"": 0.03, ""seed"": 0}",community_weakening,"{""alpha"": 0.1, ""edges_added"": 0, ""edges_removed"": 0, ""graphs"": 100, ""graphs_skipped"": 100, ""graphs_success"": 0, ""method"": ""community_weakening"", ""rewires"": 0, ""triangles_affected"": 0}",0.1,0,structural_statistics_mmd,,,,0.0,,skipped,community_weakening requires community_labels metadata
barabasi_albert,"{""edge_probability"": 0.1, ""family"": ""barabasi_albert"", ""m"": 2, ""num_blocks"": 3, ""num_graphs"": 100, ""num_nodes"": 50, ""p_in"": 0.25, ""p_out"": 0.03, ""seed"": 0}",community_weakening,"{""alpha"": 0.1, ""edges_added"": 0, ""edges_removed"": 0, ""graphs"": 100, ""graphs_skipped"": 100, ""graphs_success"": 0, ""method"": ""community_weakening"", ""rewires"": 0, ""triangles_affected"": 0}",0.1,0,wl_subtree_kernel_mmd,,,,0.0,,skipped,community_weakening requires community_labels metadata
barabasi_albert,"{""edge_probability"": 0.1, ""family"": ""barabasi_albert"", ""m"": 2, ""num_blocks"": 3, ""num_graphs"": 100, ""num_nodes"": 50, ""p_in"": 0.25, ""p_out"": 0.03, ""seed"": 0}",community_weakening,"{""alpha"": 0.1, ""edges_added"": 0, ""edges_removed"": 0, ""graphs"": 100, ""graphs_skipped"": 100, ""graphs_success"": 0, ""method"": ""community_weakening"", ""rewires"": 0, ""triangles_affected"": 0}",0.1,0,native_netlsd,,,,0.0,,skipped,community_weakening requires community_labels metadata
barabasi_albert,"{""edge_probability"": 0.1, ""family"": ""barabasi_albert"", ""m"": 2, ""num_blocks"": 3, ""num_graphs"": 100, ""num_nodes"": 50, ""p_in"": 0.25, ""p_out"": 0.03, ""seed"": 0}",community_weakening,"{""alpha"": 0.1, ""edges_added"": 0, ""edges_removed"": 0, ""graphs"": 100, ""graphs_skipped"": 100, ""graphs_success"": 0, ""method"": ""community_weakening"", ""rewires"": 0, ""triangles_affected"": 0}",0.1,0,diversity_curves_shortest_path,,,,0.0,,skipped,community_weakening requires community_labels metadata
barabasi_albert,"{""edge_probability"": 0.1, ""family"": ""barabasi_albert"", ""m"": 2, ""num_blocks"": 3, ""num_graphs"": 100, ""num_nodes"": 50, ""p_in"": 0.25, ""p_out"": 0.03, ""seed"": 0}",community_weakening,"{""alpha"": 0.2, ""edges_added"": 0, ""edges_removed"": 0, ""graphs"": 100, ""graphs_skipped"": 100, ""graphs_success"": 0, ""method"": ""community_weakening"", ""rewires"": 0, ""triangles_affected"": 0}",0.2,0,structural_statistics_mmd,,,,0.0,,skipped,community_weakening requires community_labels metadata
barabasi_albert,"{""edge_probability"": 0.1, ""family"": ""barabasi_albert"", ""m"": 2, ""num_blocks"": 3, ""num_graphs"": 100, ""num_nodes"": 50, ""p_in"": 0.25, ""p_out"": 0.03, ""seed"": 0}",community_weakening,"{""alpha"": 0.2, ""edges_added"": 0, ""edges_removed"": 0, ""graphs"": 100, ""graphs_skipped"": 100, ""graphs_success"": 0, ""method"": ""community_weakening"", ""rewires"": 0, ""triangles_affected"": 0}",0.2,0,wl_subtree_kernel_mmd,,,,0.0,,skipped,community_weakening requires community_labels metadata
barabasi_albert,"{""edge_probability"": 0.1, ""family"": ""barabasi_albert"", ""m"": 2, ""num_blocks"": 3, ""num_graphs"": 100, ""num_nodes"": 50, ""p_in"": 0.25, ""p_out"": 0.03, ""seed"": 0}",community_weakening,"{""alpha"": 0.2, ""edges_added"": 0, ""edges_removed"": 0, ""graphs"": 100, ""graphs_skipped"": 100, ""graphs_success"": 0, ""method"": ""community_weakening"", ""rewires"": 0, ""triangles_affected"": 0}",0.2,0,native_netlsd,,,,0.0,,skipped,community_weakening requires community_labels metadata
barabasi_albert,"{""edge_probability"": 0.1, ""family"": ""barabasi_albert"", ""m"": 2, ""num_blocks"": 3, ""num_graphs"": 100, ""num_nodes"": 50, ""p_in"": 0.25, ""p_out"": 0.03, ""seed"": 0}",community_weakening,"{""alpha"": 0.2, ""edges_added"": 0, ""edges_removed"": 0, ""graphs"": 100, ""graphs_skipped"": 100, ""graphs_success"": 0, ""method"": ""community_weakening"", ""rewires"": 0, ""triangles_affected"": 0}",0.2,0,diversity_curves_shortest_path,,,,0.0,,skipped,community_weakening requires community_labels metadata
barabasi_albert,"{""edge_probability"": 0.1, ""family"": ""barabasi_albert"", ""m"": 2, ""num_blocks"": 3, ""num_graphs"": 100, ""num_nodes"": 50, ""p_in"": 0.25, ""p_out"": 0.03, ""seed"": 0}",community_weakening,"{""alpha"": 0.3, ""edges_added"": 0, ""edges_removed"": 0, ""graphs"": 100, ""graphs_skipped"": 100, ""graphs_success"": 0, ""method"": ""community_weakening"", ""rewires"": 0, ""triangles_affected"": 0}",0.3,0,structural_statistics_mmd,,,,0.0,,skipped,community_weakening requires community_labels metadata
barabasi_albert,"{""edge_probability"": 0.1, ""family"": ""barabasi_albert"", ""m"": 2, ""num_blocks"": 3, ""num_graphs"": 100, ""num_nodes"": 50, ""p_in"": 0.25, ""p_out"": 0.03, ""seed"": 0}",community_weakening,"{""alpha"": 0.3, ""edges_added"": 0, ""edges_removed"": 0, ""graphs"": 100, ""graphs_skipped"": 100, ""graphs_success"": 0, ""method"": ""community_weakening"", ""rewires"": 0, ""triangles_affected"": 0}",0.3,0,wl_subtree_kernel_mmd,,,,0.0,,skipped,community_weakening requires community_labels metadata
barabasi_albert,"{""edge_probability"": 0.1, ""family"": ""barabasi_albert"", ""m"": 2, ""num_blocks"": 3, ""num_graphs"": 100, ""num_nodes"": 50, ""p_in"": 0.25, ""p_out"": 0.03, ""seed"": 0}",community_weakening,"{""alpha"": 0.3, ""edges_added"": 0, ""edges_removed"": 0, ""graphs"": 100, ""graphs_skipped"": 100, ""graphs_success"": 0, ""method"": ""community_weakening"", ""rewires"": 0, ""triangles_affected"": 0}",0.3,0,native_netlsd,,,,0.0,,skipped,community_weakening requires community_labels metadata
barabasi_albert,"{""edge_probability"": 0.1, ""family"": ""barabasi_albert"", ""m"": 2, ""num_blocks"": 3, ""num_graphs"": 100, ""num_nodes"": 50, ""p_in"": 0.25, ""p_out"": 0.03, ""seed"": 0}",community_weakening,"{""alpha"": 0.3, ""edges_added"": 0, ""edges_removed"": 0, ""graphs"": 100, ""graphs_skipped"": 100, ""graphs_success"": 0, ""method"": ""community_weakening"", ""rewires"": 0, ""triangles_affected"": 0}",0.3,0,diversity_curves_shortest_path,,,,0.0,,skipped,community_weakening requires community_labels metadata
barabasi_albert,"{""edge_probability"": 0.1, ""family"": ""barabasi_albert"", ""m"": 2, ""num_blocks"": 3, ""num_graphs"": 100, ""num_nodes"": 50, ""p_in"": 0.25, ""p_out"": 0.03, ""seed"": 0}",community_weakening,"{""alpha"": 0.4, ""edges_added"": 0, ""edges_removed"": 0, ""graphs"": 100, ""graphs_skipped"": 100, ""graphs_success"": 0, ""method"": ""community_weakening"", ""rewires"": 0, ""triangles_affected"": 0}",0.4,0,structural_statistics_mmd,,,,0.0,,skipped,community_weakening requires community_labels metadata
barabasi_albert,"{""edge_probability"": 0.1, ""family"": ""barabasi_albert"", ""m"": 2, ""num_blocks"": 3, ""num_graphs"": 100, ""num_nodes"": 50, ""p_in"": 0.25, ""p_out"": 0.03, ""seed"": 0}",community_weakening,"{""alpha"": 0.4, ""edges_added"": 0, ""edges_removed"": 0, ""graphs"": 100, ""graphs_skipped"": 100, ""graphs_success"": 0, ""method"": ""community_weakening"", ""rewires"": 0, ""triangles_affected"": 0}",0.4,0,wl_subtree_kernel_mmd,,,,0.0,,skipped,community_weakening requires community_labels metadata
barabasi_albert,"{""edge_probability"": 0.1, ""family"": ""barabasi_albert"", ""m"": 2, ""num_blocks"": 3, ""num_graphs"": 100, ""num_nodes"": 50, ""p_in"": 0.25, ""p_out"": 0.03, ""seed"": 0}",community_weakening,"{""alpha"": 0.4, ""edges_added"": 0, ""edges_removed"": 0, ""graphs"": 100, ""graphs_skipped"": 100, ""graphs_success"": 0, ""method"": ""community_weakening"", ""rewires"": 0, ""triangles_affected"": 0}",0.4,0,native_netlsd,,,,0.0,,skipped,community_weakening requires community_labels metadata
barabasi_albert,"{""edge_probability"": 0.1, ""family"": ""barabasi_albert"", ""m"": 2, ""num_blocks"": 3, ""num_graphs"": 100, ""num_nodes"": 50, ""p_in"": 0.25, ""p_out"": 0.03, ""seed"": 0}",community_weakening,"{""alpha"": 0.4, ""edges_added"": 0, ""edges_removed"": 0, ""graphs"": 100, ""graphs_skipped"": 100, ""graphs_success"": 0, ""method"": ""community_weakening"", ""rewires"": 0, ""triangles_affected"": 0}",0.4,0,diversity_curves_shortest_path,,,,0.0,,skipped,community_weakening requires community_labels metadata
barabasi_albert,"{""edge_probability"": 0.1, ""family"": ""barabasi_albert"", ""m"": 2, ""num_blocks"": 3, ""num_graphs"": 100, ""num_nodes"": 50, ""p_in"": 0.25, ""p_out"": 0.03, ""seed"": 0}",community_weakening,"{""alpha"": 0.5, ""edges_added"": 0, ""edges_removed"": 0, ""graphs"": 100, ""graphs_skipped"": 100, ""graphs_success"": 0, ""method"": ""community_weakening"", ""rewires"": 0, ""triangles_affected"": 0}",0.5,0,structural_statistics_mmd,,,,0.0,,skipped,community_weakening requires community_labels metadata
barabasi_albert,"{""edge_probability"": 0.1, ""family"": ""barabasi_albert"", ""m"": 2, ""num_blocks"": 3, ""num_graphs"": 100, ""num_nodes"": 50, ""p_in"": 0.25, ""p_out"": 0.03, ""seed"": 0}",community_weakening,"{""alpha"": 0.5, ""edges_added"": 0, ""edges_removed"": 0, ""graphs"": 100, ""graphs_skipped"": 100, ""graphs_success"": 0, ""method"": ""community_weakening"", ""rewires"": 0, ""triangles_affected"": 0}",0.5,0,wl_subtree_kernel_mmd,,,,0.0,,skipped,community_weakening requires community_labels metadata
barabasi_albert,"{""edge_probability"": 0.1, ""family"": ""barabasi_albert"", ""m"": 2, ""num_blocks"": 3, ""num_graphs"": 100, ""num_nodes"": 50, ""p_in"": 0.25, ""p_out"": 0.03, ""seed"": 0}",community_weakening,"{""alpha"": 0.5, ""edges_added"": 0, ""edges_removed"": 0, ""graphs"": 100, ""graphs_skipped"": 100, ""graphs_success"": 0, ""method"": ""community_weakening"", ""rewires"": 0, ""triangles_affected"": 0}",0.5,0,native_netlsd,,,,0.0,,skipped,community_weakening requires community_labels metadata
barabasi_albert,"{""edge_probability"": 0.1, ""family"": ""barabasi_albert"", ""m"": 2, ""num_blocks"": 3, ""num_graphs"": 100, ""num_nodes"": 50, ""p_in"": 0.25, ""p_out"": 0.03, ""seed"": 0}",community_weakening,"{""alpha"": 0.5, ""edges_added"": 0, ""edges_removed"": 0, ""graphs"": 100, ""graphs_skipped"": 100, ""graphs_success"": 0, ""method"": ""community_weakening"", ""rewires"": 0, ""triangles_affected"": 0}",0.5,0,diversity_curves_shortest_path,,,,0.0,,skipped,community_weakening requires community_labels metadata
barabasi_albert,"{""edge_probability"": 0.1, ""family"": ""barabasi_albert"", ""m"": 2, ""num_blocks"": 3, ""num_graphs"": 100, ""num_nodes"": 50, ""p_in"": 0.25, ""p_out"": 0.03, ""seed"": 0}",community_weakening,"{""alpha"": 0.6, ""edges_added"": 0, ""edges_removed"": 0, ""graphs"": 100, ""graphs_skipped"": 100, ""graphs_success"": 0, ""method"": ""community_weakening"", ""rewires"": 0, ""triangles_affected"": 0}",0.6,0,structural_statistics_mmd,,,,0.0,,skipped,community_weakening requires community_labels metadata
barabasi_albert,"{""edge_probability"": 0.1, ""family"": ""barabasi_albert"", ""m"": 2, ""num_blocks"": 3, ""num_graphs"": 100, ""num_nodes"": 50, ""p_in"": 0.25, ""p_out"": 0.03, ""seed"": 0}",community_weakening,"{""alpha"": 0.6, ""edges_added"": 0, ""edges_removed"": 0, ""graphs"": 100, ""graphs_skipped"": 100, ""graphs_success"": 0, ""method"": ""community_weakening"", ""rewires"": 0, ""triangles_affected"": 0}",0.6,0,wl_subtree_kernel_mmd,,,,0.0,,skipped,community_weakening requires community_labels metadata
barabasi_albert,"{""edge_probability"": 0.1, ""family"": ""barabasi_albert"", ""m"": 2, ""num_blocks"": 3, ""num_graphs"": 100, ""num_nodes"": 50, ""p_in"": 0.25, ""p_out"": 0.03, ""seed"": 0}",community_weakening,"{""alpha"": 0.6, ""edges_added"": 0, ""edges_removed"": 0, ""graphs"": 100, ""graphs_skipped"": 100, ""graphs_success"": 0, ""method"": ""community_weakening"", ""rewires"": 0, ""triangles_affected"": 0}",0.6,0,native_netlsd,,,,0.0,,skipped,community_weakening requires community_labels metadata
barabasi_albert,"{""edge_probability"": 0.1, ""family"": ""barabasi_albert"", ""m"": 2, ""num_blocks"": 3, ""num_graphs"": 100, ""num_nodes"": 50, ""p_in"": 0.25, ""p_out"": 0.03, ""seed"": 0}",community_weakening,"{""alpha"": 0.6, ""edges_added"": 0, ""edges_removed"": 0, ""graphs"": 100, ""graphs_skipped"": 100, ""graphs_success"": 0, ""method"": ""community_weakening"", ""rewires"": 0, ""triangles_affected"": 0}",0.6,0,diversity_curves_shortest_path,,,,0.0,,skipped,community_weakening requires community_labels metadata
barabasi_albert,"{""edge_probability"": 0.1, ""family"": ""barabasi_albert"", ""m"": 2, ""num_blocks"": 3, ""num_graphs"": 100, ""num_nodes"": 50, ""p_in"": 0.25, ""p_out"": 0.03, ""seed"": 0}",community_weakening,"{""alpha"": 0.7, ""edges_added"": 0, ""edges_removed"": 0, ""graphs"": 100, ""graphs_skipped"": 100, ""graphs_success"": 0, ""method"": ""community_weakening"", ""rewires"": 0, ""triangles_affected"": 0}",0.7,0,structural_statistics_mmd,,,,0.0,,skipped,community_weakening requires community_labels metadata
barabasi_albert,"{""edge_probability"": 0.1, ""family"": ""barabasi_albert"", ""m"": 2, ""num_blocks"": 3, ""num_graphs"": 100, ""num_nodes"": 50, ""p_in"": 0.25, ""p_out"": 0.03, ""seed"": 0}",community_weakening,"{""alpha"": 0.7, ""edges_added"": 0, ""edges_removed"": 0, ""graphs"": 100, ""graphs_skipped"": 100, ""graphs_success"": 0, ""method"": ""community_weakening"", ""rewires"": 0, ""triangles_affected"": 0}",0.7,0,wl_subtree_kernel_mmd,,,,0.0,,skipped,community_weakening requires community_labels metadata
barabasi_albert,"{""edge_probability"": 0.1, ""family"": ""barabasi_albert"", ""m"": 2, ""num_blocks"": 3, ""num_graphs"": 100, ""num_nodes"": 50, ""p_in"": 0.25, ""p_out"": 0.03, ""seed"": 0}",community_weakening,"{""alpha"": 0.7, ""edges_added"": 0, ""edges_removed"": 0, ""graphs"": 100, ""graphs_skipped"": 100, ""graphs_success"": 0, ""method"": ""community_weakening"", ""rewires"": 0, ""triangles_affected"": 0}",0.7,0,native_netlsd,,,,0.0,,skipped,community_weakening requires community_labels metadata
barabasi_albert,"{""edge_probability"": 0.1, ""family"": ""barabasi_albert"", ""m"": 2, ""num_blocks"": 3, ""num_graphs"": 100, ""num_nodes"": 50, ""p_in"": 0.25, ""p_out"": 0.03, ""seed"": 0}",community_weakening,"{""alpha"": 0.7, ""edges_added"": 0, ""edges_removed"": 0, ""graphs"": 100, ""graphs_skipped"": 100, ""graphs_success"": 0, ""method"": ""community_weakening"", ""rewires"": 0, ""triangles_affected"": 0}",0.7,0,diversity_curves_shortest_path,,,,0.0,,skipped,community_weakening requires community_labels metadata
barabasi_albert,"{""edge_probability"": 0.1, ""family"": ""barabasi_albert"", ""m"": 2, ""num_blocks"": 3, ""num_graphs"": 100, ""num_nodes"": 50, ""p_in"": 0.25, ""p_out"": 0.03, ""seed"": 0}",community_weakening,"{""alpha"": 0.8, ""edges_added"": 0, ""edges_removed"": 0, ""graphs"": 100, ""graphs_skipped"": 100, ""graphs_success"": 0, ""method"": ""community_weakening"", ""rewires"": 0, ""triangles_affected"": 0}",0.8,0,structural_statistics_mmd,,,,0.0,,skipped,community_weakening requires community_labels metadata
barabasi_albert,"{""edge_probability"": 0.1, ""family"": ""barabasi_albert"", ""m"": 2, ""num_blocks"": 3, ""num_graphs"": 100, ""num_nodes"": 50, ""p_in"": 0.25, ""p_out"": 0.03, ""seed"": 0}",community_weakening,"{""alpha"": 0.8, ""edges_added"": 0, ""edges_removed"": 0, ""graphs"": 100, ""graphs_skipped"": 100, ""graphs_success"": 0, ""method"": ""community_weakening"", ""rewires"": 0, ""triangles_affected"": 0}",0.8,0,wl_subtree_kernel_mmd,,,,0.0,,skipped,community_weakening requires community_labels metadata
barabasi_albert,"{""edge_probability"": 0.1, ""family"": ""barabasi_albert"", ""m"": 2, ""num_blocks"": 3, ""num_graphs"": 100, ""num_nodes"": 50, ""p_in"": 0.25, ""p_out"": 0.03, ""seed"": 0}",community_weakening,"{""alpha"": 0.8, ""edges_added"": 0, ""edges_removed"": 0, ""graphs"": 100, ""graphs_skipped"": 100, ""graphs_success"": 0, ""method"": ""community_weakening"", ""rewires"": 0, ""triangles_affected"": 0}",0.8,0,native_netlsd,,,,0.0,,skipped,community_weakening requires community_labels metadata
barabasi_albert,"{""edge_probability"": 0.1, ""family"": ""barabasi_albert"", ""m"": 2, ""num_blocks"": 3, ""num_graphs"": 100, ""num_nodes"": 50, ""p_in"": 0.25, ""p_out"": 0.03, ""seed"": 0}",community_weakening,"{""alpha"": 0.8, ""edges_added"": 0, ""edges_removed"": 0, ""graphs"": 100, ""graphs_skipped"": 100, ""graphs_success"": 0, ""method"": ""community_weakening"", ""rewires"": 0, ""triangles_affected"": 0}",0.8,0,diversity_curves_shortest_path,,,,0.0,,skipped,community_weakening requires community_labels metadata
barabasi_albert,"{""edge_probability"": 0.1, ""family"": ""barabasi_albert"", ""m"": 2, ""num_blocks"": 3, ""num_graphs"": 100, ""num_nodes"": 50, ""p_in"": 0.25, ""p_out"": 0.03, ""seed"": 0}",community_weakening,"{""alpha"": 0.9, ""edges_added"": 0, ""edges_removed"": 0, ""graphs"": 100, ""graphs_skipped"": 100, ""graphs_success"": 0, ""method"": ""community_weakening"", ""rewires"": 0, ""triangles_affected"": 0}",0.9,0,structural_statistics_mmd,,,,0.0,,skipped,community_weakening requires community_labels metadata
barabasi_albert,"{""edge_probability"": 0.1, ""family"": ""barabasi_albert"", ""m"": 2, ""num_blocks"": 3, ""num_graphs"": 100, ""num_nodes"": 50, ""p_in"": 0.25, ""p_out"": 0.03, ""seed"": 0}",community_weakening,"{""alpha"": 0.9, ""edges_added"": 0, ""edges_removed"": 0, ""graphs"": 100, ""graphs_skipped"": 100, ""graphs_success"": 0, ""method"": ""community_weakening"", ""rewires"": 0, ""triangles_affected"": 0}",0.9,0,wl_subtree_kernel_mmd,,,,0.0,,skipped,community_weakening requires community_labels metadata
barabasi_albert,"{""edge_probability"": 0.1, ""family"": ""barabasi_albert"", ""m"": 2, ""num_blocks"": 3, ""num_graphs"": 100, ""num_nodes"": 50, ""p_in"": 0.25, ""p_out"": 0.03, ""seed"": 0}",community_weakening,"{""alpha"": 0.9, ""edges_added"": 0, ""edges_removed"": 0, ""graphs"": 100, ""graphs_skipped"": 100, ""graphs_success"": 0, ""method"": ""community_weakening"", ""rewires"": 0, ""triangles_affected"": 0}",0.9,0,native_netlsd,,,,0.0,,skipped,community_weakening requires community_labels metadata
barabasi_albert,"{""edge_probability"": 0.1, ""family"": ""barabasi_albert"", ""m"": 2, ""num_blocks"": 3, ""num_graphs"": 100, ""num_nodes"": 50, ""p_in"": 0.25, ""p_out"": 0.03, ""seed"": 0}",community_weakening,"{""alpha"": 0.9, ""edges_added"": 0, ""edges_removed"": 0, ""graphs"": 100, ""graphs_skipped"": 100, ""graphs_success"": 0, ""method"": ""community_weakening"", ""rewires"": 0, ""triangles_affected"": 0}",0.9,0,diversity_curves_shortest_path,,,,0.0,,skipped,community_weakening requires community_labels metadata
barabasi_albert,"{""edge_probability"": 0.1, ""family"": ""barabasi_albert"", ""m"": 2, ""num_blocks"": 3, ""num_graphs"": 100, ""num_nodes"": 50, ""p_in"": 0.25, ""p_out"": 0.03, ""seed"": 0}",community_weakening,"{""alpha"": 1.0, ""edges_added"": 0, ""edges_removed"": 0, ""graphs"": 100, ""graphs_skipped"": 100, ""graphs_success"": 0, ""method"": ""community_weakening"", ""rewires"": 0, ""triangles_affected"": 0}",1.0,0,structural_statistics_mmd,,,,0.0,,skipped,community_weakening requires community_labels metadata
barabasi_albert,"{""edge_probability"": 0.1, ""family"": ""barabasi_albert"", ""m"": 2, ""num_blocks"": 3, ""num_graphs"": 100, ""num_nodes"": 50, ""p_in"": 0.25, ""p_out"": 0.03, ""seed"": 0}",community_weakening,"{""alpha"": 1.0, ""edges_added"": 0, ""edges_removed"": 0, ""graphs"": 100, ""graphs_skipped"": 100, ""graphs_success"": 0, ""method"": ""community_weakening"", ""rewires"": 0, ""triangles_affected"": 0}",1.0,0,wl_subtree_kernel_mmd,,,,0.0,,skipped,community_weakening requires community_labels metadata
barabasi_albert,"{""edge_probability"": 0.1, ""family"": ""barabasi_albert"", ""m"": 2, ""num_blocks"": 3, ""num_graphs"": 100, ""num_nodes"": 50, ""p_in"": 0.25, ""p_out"": 0.03, ""seed"": 0}",community_weakening,"{""alpha"": 1.0, ""edges_added"": 0, ""edges_removed"": 0, ""graphs"": 100, ""graphs_skipped"": 100, ""graphs_success"": 0, ""method"": ""community_weakening"", ""rewires"": 0, ""triangles_affected"": 0}",1.0,0,native_netlsd,,,,0.0,,skipped,community_weakening requires community_labels metadata
barabasi_albert,"{""edge_probability"": 0.1, ""family"": ""barabasi_albert"", ""m"": 2, ""num_blocks"": 3, ""num_graphs"": 100, ""num_nodes"": 50, ""p_in"": 0.25, ""p_out"": 0.03, ""seed"": 0}",community_weakening,"{""alpha"": 1.0, ""edges_added"": 0, ""edges_removed"": 0, ""graphs"": 100, ""graphs_skipped"": 100, ""graphs_success"": 0, ""method"": ""community_weakening"", ""rewires"": 0, ""triangles_affected"": 0}",1.0,0,diversity_curves_shortest_path,,,,0.0,,skipped,community_weakening requires community_labels metadata
barabasi_albert,"{""edge_probability"": 0.1, ""family"": ""barabasi_albert"", ""m"": 2, ""num_blocks"": 3, ""num_graphs"": 100, ""num_nodes"": 50, ""p_in"": 0.25, ""p_out"": 0.03, ""seed"": 0}",hub_modification,"{""alpha"": 0.0, ""edges_added"": 0, ""edges_removed"": 0, ""graphs"": 100, ""graphs_skipped"": 0, ""graphs_success"": 100, ""method"": ""hub_modification"", ""rewires"": 0, ""triangles_affected"": 0}",0.0,0,structural_statistics_mmd,0.0,0.0,0.0,1.9366279340028996,0.0741119384765625,success,
barabasi_albert,"{""edge_probability"": 0.1, ""family"": ""barabasi_albert"", ""m"": 2, ""num_blocks"": 3, ""num_graphs"": 100, ""num_nodes"": 50, ""p_in"": 0.25, ""p_out"": 0.03, ""seed"": 0}",hub_modification,"{""alpha"": 0.0, ""edges_added"": 0, ""edges_removed"": 0, ""graphs"": 100, ""graphs_skipped"": 0, ""graphs_success"": 100, ""method"": ""hub_modification"", ""rewires"": 0, ""triangles_affected"": 0}",0.0,0,wl_subtree_kernel_mmd,0.0,0.0,0.0,0.21400225198885892,15.00704574584961,success,
barabasi_albert,"{""edge_probability"": 0.1, ""family"": ""barabasi_albert"", ""m"": 2, ""num_blocks"": 3, ""num_graphs"": 100, ""num_nodes"": 50, ""p_in"": 0.25, ""p_out"": 0.03, ""seed"": 0}",hub_modification,"{""alpha"": 0.0, ""edges_added"": 0, ""edges_removed"": 0, ""graphs"": 100, ""graphs_skipped"": 0, ""graphs_success"": 100, ""method"": ""hub_modification"", ""rewires"": 0, ""triangles_affected"": 0}",0.0,0,native_netlsd,0.0,0.0,0.0,73.4957017859997,0.18770599365234375,success,
barabasi_albert,"{""edge_probability"": 0.1, ""family"": ""barabasi_albert"", ""m"": 2, ""num_blocks"": 3, ""num_graphs"": 100, ""num_nodes"": 50, ""p_in"": 0.25, ""p_out"": 0.03, ""seed"": 0}",hub_modification,"{""alpha"": 0.0, ""edges_added"": 0, ""edges_removed"": 0, ""graphs"": 100, ""graphs_skipped"": 0, ""graphs_success"": 100, ""method"": ""hub_modification"", ""rewires"": 0, ""triangles_affected"": 0}",0.0,0,diversity_curves_shortest_path,0.0,0.0,0.0,66.54878989899589,0.51849365234375,success,
barabasi_albert,"{""edge_probability"": 0.1, ""family"": ""barabasi_albert"", ""m"": 2, ""num_blocks"": 3, ""num_graphs"": 100, ""num_nodes"": 50, ""p_in"": 0.25, ""p_out"": 0.03, ""seed"": 0}",hub_modification,"{""alpha"": 0.1, ""edges_added"": 900, ""edges_removed"": 900, ""graphs"": 100, ""graphs_skipped"": 0, ""graphs_success"": 100, ""method"": ""hub_modification"", ""rewires"": 900, ""triangles_affected"": 0}",0.1,0,structural_statistics_mmd,0.009951255484564214,0.9410457484357049,3.2879557703699414,1.9368937649996951,0.06812286376953125,success,
barabasi_albert,"{""edge_probability"": 0.1, ""family"": ""barabasi_albert"", ""m"": 2, ""num_blocks"": 3, ""num_graphs"": 100, ""num_nodes"": 50, ""p_in"": 0.25, ""p_out"": 0.03, ""seed"": 0}",hub_modification,"{""alpha"": 0.1, ""edges_added"": 900, ""edges_removed"": 900, ""graphs"": 100, ""graphs_skipped"": 0, ""graphs_success"": 100, ""method"": ""hub_modification"", ""rewires"": 900, ""triangles_affected"": 0}",0.1,0,wl_subtree_kernel_mmd,48.89000000000001,6.992138442565336,19.861421696915325,0.21867383499920834,15.104294776916504,success,
barabasi_albert,"{""edge_probability"": 0.1, ""family"": ""barabasi_albert"", ""m"": 2, ""num_blocks"": 3, ""num_graphs"": 100, ""num_nodes"": 50, ""p_in"": 0.25, ""p_out"": 0.03, ""seed"": 0}",hub_modification,"{""alpha"": 0.1, ""edges_added"": 900, ""edges_removed"": 900, ""graphs"": 100, ""graphs_skipped"": 0, ""graphs_success"": 100, ""method"": ""hub_modification"", ""rewires"": 900, ""triangles_affected"": 0}",0.1,0,native_netlsd,0.4927392993000711,0.4927392993000711,0.5557322374298242,73.54331944900332,0.18764495849609375,success,
barabasi_albert,"{""edge_probability"": 0.1, ""family"": ""barabasi_albert"", ""m"": 2, ""num_blocks"": 3, ""num_graphs"": 100, ""num_nodes"": 50, ""p_in"": 0.25, ""p_out"": 0.03, ""seed"": 0}",hub_modification,"{""alpha"": 0.1, ""edges_added"": 900, ""edges_removed"": 900, ""graphs"": 100, ""graphs_skipped"": 0, ""graphs_success"": 100, ""method"": ""hub_modification"", ""rewires"": 900, ""triangles_affected"": 0}",0.1,0,diversity_curves_shortest_path,0.39429249094506746,0.39429249094506746,0.48956263690296986,65.65446861200326,0.132232666015625,success,
barabasi_albert,"{""edge_probability"": 0.1, ""family"": ""barabasi_albert"", ""m"": 2, ""num_blocks"": 3, ""num_graphs"": 100, ""num_nodes"": 50, ""p_in"": 0.25, ""p_out"": 0.03, ""seed"": 0}",hub_modification,"{""alpha"": 0.2, ""edges_added"": 1900, ""edges_removed"": 1900, ""graphs"": 100, ""graphs_skipped"": 0, ""graphs_success"": 100, ""method"": ""hub_modification"", ""rewires"": 1900, ""triangles_affected"": 0}",0.2,0,structural_statistics_mmd,0.012371946301277692,1.1181934686347692,3.965343395432741,1.9181718479958363,0.0682373046875,success,
barabasi_albert,"{""edge_probability"": 0.1, ""family"": ""barabasi_albert"", ""m"": 2, ""num_blocks"": 3, ""num_graphs"": 100, ""num_nodes"": 50, ""p_in"": 0.25, ""p_out"": 0.03, ""seed"": 0}",hub_modification,"{""alpha"": 0.2, ""edges_added"": 1900, ""edges_removed"": 1900, ""graphs"": 100, ""graphs_skipped"": 0, ""graphs_success"": 100, ""method"": ""hub_modification"", ""rewires"": 1900, ""triangles_affected"": 0}",0.2,0,wl_subtree_kernel_mmd,129.40560000000002,11.375658222713973,22.325835592079265,0.2178796880034497,15.102888107299805,success,
barabasi_albert,"{""edge_probability"": 0.1, ""family"": ""barabasi_albert"", ""m"": 2, ""num_blocks"": 3, ""num_graphs"": 100, ""num_nodes"": 50, ""p_in"": 0.25, ""p_out"": 0.03, ""seed"": 0}",hub_modification,"{""alpha"": 0.2, ""edges_added"": 1900, ""edges_removed"": 1900, ""graphs"": 100, ""graphs_skipped"": 0, ""graphs_success"": 100, ""method"": ""hub_modification"", ""rewires"": 1900, ""triangles_affected"": 0}",0.2,0,native_netlsd,1.1722248361406122,1.1722248361406122,1.23926852864906,73.42413039800886,0.18759918212890625,success,
barabasi_albert,"{""edge_probability"": 0.1, ""family"": ""barabasi_albert"", ""m"": 2, ""num_blocks"": 3, ""num_graphs"": 100, ""num_nodes"": 50, ""p_in"": 0.25, ""p_out"": 0.03, ""seed"": 0}",hub_modification,"{""alpha"": 0.2, ""edges_added"": 1900, ""edges_removed"": 1900, ""graphs"": 100, ""graphs_skipped"": 0, ""graphs_success"": 100, ""method"": ""hub_modification"", ""rewires"": 1900, ""triangles_affected"": 0}",0.2,0,diversity_curves_shortest_path,0.8426237685853482,0.8426237685853482,0.953887401868384,65.6148366809939,0.13079071044921875,success,
barabasi_albert,"{""edge_probability"": 0.1, ""family"": ""barabasi_albert"", ""m"": 2, ""num_blocks"": 3, ""num_graphs"": 100, ""num_nodes"": 50, ""p_in"": 0.25, ""p_out"": 0.03, ""seed"": 0}",hub_modification,"{""alpha"": 0.3, ""edges_added"": 2900, ""edges_removed"": 2900, ""graphs"": 100, ""graphs_skipped"": 0, ""graphs_success"": 100, ""method"": ""hub_modification"", ""rewires"": 2900, ""triangles_affected"": 0}",0.3,0,structural_statistics_mmd,0.02386729520396491,1.2517992505919826,4.728826683879776,1.9323837749980157,0.0681915283203125,success,
barabasi_albert,"{""edge_probability"": 0.1, ""family"": ""barabasi_albert"", ""m"": 2, ""num_blocks"": 3, ""num_graphs"": 100, ""num_nodes"": 50, ""p_in"": 0.25, ""p_out"": 0.03, ""seed"": 0}",hub_modification,"{""alpha"": 0.3, ""edges_added"": 2900, ""edges_removed"": 2900, ""graphs"": 100, ""graphs_skipped"": 0, ""graphs_success"": 100, ""method"": ""hub_modification"", ""rewires"": 2900, ""triangles_affected"": 0}",0.3,0,wl_subtree_kernel_mmd,183.9374,13.562352303343252,23.712338468990282,0.2184214839944616,15.04822826385498,success,
barabasi_albert,"{""edge_probability"": 0.1, ""family"": ""barabasi_albert"", ""m"": 2, ""num_blocks"": 3, ""num_graphs"": 100, ""num_nodes"": 50, ""p_in"": 0.25, ""p_out"": 0.03, ""seed"": 0}",hub_modification,"{""alpha"": 0.3, ""edges_added"": 2900, ""edges_removed"": 2900, ""graphs"": 100, ""graphs_skipped"": 0, ""graphs_success"": 100, ""method"": ""hub_modification"", ""rewires"": 2900, ""triangles_affected"": 0}",0.3,0,native_netlsd,2.4117576812102826,2.4117576812102826,2.4739927632388197,73.55475992900028,0.1876220703125,success,
barabasi_albert,"{""edge_probability"": 0.1, ""family"": ""barabasi_albert"", ""m"": 2, ""num_blocks"": 3, ""num_graphs"": 100, ""num_nodes"": 50, ""p_in"": 0.25, ""p_out"": 0.03, ""seed"": 0}",hub_modification,"{""alpha"": 0.3, ""edges_added"": 2900, ""edges_removed"": 2900, ""graphs"": 100, ""graphs_skipped"": 0, ""graphs_success"": 100, ""method"": ""hub_modification"", ""rewires"": 2900, ""triangles_affected"": 0}",0.3,0,diversity_curves_shortest_path,1.5419454582514325,1.5419454582514325,1.6530376353103267,65.31338630100072,0.131500244140625,success,
barabasi_albert,"{""edge_probability"": 0.1, ""family"": ""barabasi_albert"", ""m"": 2, ""num_blocks"": 3, ""num_graphs"": 100, ""num_nodes"": 50, ""p_in"": 0.25, ""p_out"": 0.03, ""seed"": 0}",hub_modification,"{""alpha"": 0.4, ""edges_added"": 3800, ""edges_removed"": 3800, ""graphs"": 100, ""graphs_skipped"": 0, ""graphs_success"": 100, ""method"": ""hub_modification"", ""rewires"": 3800, ""triangles_affected"": 0}",0.4,0,structural_statistics_mmd,0.037689316200610445,1.5600738563122536,5.335456643757805,1.9244443860079627,0.06821441650390625,success,
barabasi_albert,"{""edge_probability"": 0.1, ""family"": ""barabasi_albert"", ""m"": 2, ""num_blocks"": 3, ""num_graphs"": 100, ""num_nodes"": 50, ""p_in"": 0.25, ""p_out"": 0.03, ""seed"": 0}",hub_modification,"{""alpha"": 0.4, ""edges_added"": 3800, ""edges_removed"": 3800, ""graphs"": 100, ""graphs_skipped"": 0, ""graphs_success"": 100, ""method"": ""hub_modification"", ""rewires"": 3800, ""triangles_affected"": 0}",0.4,0,wl_subtree_kernel_mmd,219.79000000000002,14.825316185498373,24.521002503956147,0.218031359007,15.03399658203125,success,
barabasi_albert,"{""edge_probability"": 0.1, ""family"": ""barabasi_albert"", ""m"": 2, ""num_blocks"": 3, ""num_graphs"": 100, ""num_nodes"": 50, ""p_in"": 0.25, ""p_out"": 0.03, ""seed"": 0}",hub_modification,"{""alpha"": 0.4, ""edges_added"": 3800, ""edges_removed"": 3800, ""graphs"": 100, ""graphs_skipped"": 0, ""graphs_success"": 100, ""method"": ""hub_modification"", ""rewires"": 3800, ""triangles_affected"": 0}",0.4,0,native_netlsd,3.5959552921326847,3.5959552921326847,3.641788832325736,73.65761016699253,0.18759918212890625,success,
barabasi_albert,"{""edge_probability"": 0.1, ""family"": ""barabasi_albert"", ""m"": 2, ""num_blocks"": 3, ""num_graphs"": 100, ""num_nodes"": 50, ""p_in"": 0.25, ""p_out"": 0.03, ""seed"": 0}",hub_modification,"{""alpha"": 0.4, ""edges_added"": 3800, ""edges_removed"": 3800, ""graphs"": 100, ""graphs_skipped"": 0, ""graphs_success"": 100, ""method"": ""hub_modification"", ""rewires"": 3800, ""triangles_affected"": 0}",0.4,0,diversity_curves_shortest_path,2.1564682703003153,2.1564682703003153,2.2663258154321535,65.07004732100177,0.13130950927734375,success,
barabasi_albert,"{""edge_probability"": 0.1, ""family"": ""barabasi_albert"", ""m"": 2, ""num_blocks"": 3, ""num_graphs"": 100, ""num_nodes"": 50, ""p_in"": 0.25, ""p_out"": 0.03, ""seed"": 0}",hub_modification,"{""alpha"": 0.5, ""edges_added"": 4776, ""edges_removed"": 4776, ""graphs"": 100, ""graphs_skipped"": 0, ""graphs_success"": 100, ""method"": ""hub_modification"", ""rewires"": 4776, ""triangles_affected"": 0}",0.5,0,structural_statistics_mmd,0.050805763009224236,2.222309209186288,5.375813539040722,1.928222824994009,0.07470703125,success,
barabasi_albert,"{""edge_probability"": 0.1, ""family"": ""barabasi_albert"", ""m"": 2, ""num_blocks"": 3, ""num_graphs"": 100, ""num_nodes"": 50, ""p_in"": 0.25, ""p_out"": 0.03, ""seed"": 0}",hub_modification,"{""alpha"": 0.5, ""edges_added"": 4776, ""edges_removed"": 4776, ""graphs"": 100, ""graphs_skipped"": 0, ""graphs_success"": 100, ""method"": ""hub_modification"", ""rewires"": 4776, ""triangles_affected"": 0}",0.5,0,wl_subtree_kernel_mmd,259.22200000000004,16.1003726664944,25.221476916269726,0.21772914899338502,14.984294891357422,success,
barabasi_albert,"{""edge_probability"": 0.1, ""family"": ""barabasi_albert"", ""m"": 2, ""num_blocks"": 3, ""num_graphs"": 100, ""num_nodes"": 50, ""p_in"": 0.25, ""p_out"": 0.03, ""seed"": 0}",hub_modification,"{""alpha"": 0.5, ""edges_added"": 4776, ""edges_removed"": 4776, ""graphs"": 100, ""graphs_skipped"": 0, ""graphs_success"": 100, ""method"": ""hub_modification"", ""rewires"": 4776, ""triangles_affected"": 0}",0.5,0,native_netlsd,4.909356828972919,4.909356828972919,4.935258404193752,73.520194318,0.18766021728515625,success,
barabasi_albert,"{""edge_probability"": 0.1, ""family"": ""barabasi_albert"", ""m"": 2, ""num_blocks"": 3, ""num_graphs"": 100, ""num_nodes"": 50, ""p_in"": 0.25, ""p_out"": 0.03, ""seed"": 0}",hub_modification,"{""alpha"": 0.5, ""edges_added"": 4776, ""edges_removed"": 4776, ""graphs"": 100, ""graphs_skipped"": 0, ""graphs_success"": 100, ""method"": ""hub_modification"", ""rewires"": 4776, ""triangles_affected"": 0}",0.5,0,diversity_curves_shortest_path,2.8418863629133213,2.8418863629133213,2.9127106864868217,65.65327355598856,0.5209426879882812,success,
barabasi_albert,"{""edge_probability"": 0.1, ""family"": ""barabasi_albert"", ""m"": 2, ""num_blocks"": 3, ""num_graphs"": 100, ""num_nodes"": 50, ""p_in"": 0.25, ""p_out"": 0.03, ""seed"": 0}",hub_modification,"{""alpha"": 0.6, ""edges_added"": 5354, ""edges_removed"": 5354, ""graphs"": 100, ""graphs_skipped"": 0, ""graphs_success"": 100, ""method"": ""hub_modification"", ""rewires"": 5354, ""triangles_affected"": 0}",0.6,0,structural_statistics_mmd,0.06780799350009858,2.7946906276572525,5.76576467464547,1.9072352789953584,0.06854248046875,success,
barabasi_albert,"{""edge_probability"": 0.1, ""family"": ""barabasi_albert"", ""m"": 2, ""num_blocks"": 3, ""num_graphs"": 100, ""num_nodes"": 50, ""p_in"": 0.25, ""p_out"": 0.03, ""seed"": 0}",hub_modification,"{""alpha"": 0.6, ""edges_added"": 5354, ""edges_removed"": 5354, ""graphs"": 100, ""graphs_skipped"": 0, ""graphs_success"": 100, ""method"": ""hub_modification"", ""rewires"": 5354, ""triangles_affected"": 0}",0.6,0,wl_subtree_kernel_mmd,268.14760000000007,16.37521297571424,25.45457896271541,0.22211551399959717,14.928295135498047,success,
barabasi_albert,"{""edge_probability"": 0.1, ""family"": ""barabasi_albert"", ""m"": 2, ""num_blocks"": 3, ""num_graphs"": 100, ""num_nodes"": 50, ""p_in"": 0.25, ""p_out"": 0.03, ""seed"": 0}",hub_modification,"{""alpha"": 0.6, ""edges_added"": 5354, ""edges_removed"": 5354, ""graphs"": 100, ""graphs_skipped"": 0, ""graphs_success"": 100, ""method"": ""hub_modification"", ""rewires"": 5354, ""triangles_affected"": 0}",0.6,0,native_netlsd,5.315416022636496,5.315416022636496,5.342762946493629,73.47930612399068,0.18759918212890625,success,
barabasi_albert,"{""edge_probability"": 0.1, ""family"": ""barabasi_albert"", ""m"": 2, ""num_blocks"": 3, ""num_graphs"": 100, ""num_nodes"": 50, ""p_in"": 0.25, ""p_out"": 0.03, ""seed"": 0}",hub_modification,"{""alpha"": 0.6, ""edges_added"": 5354, ""edges_removed"": 5354, ""graphs"": 100, ""graphs_skipped"": 0, ""graphs_success"": 100, ""method"": ""hub_modification"", ""rewires"": 5354, ""triangles_affected"": 0}",0.6,0,diversity_curves_shortest_path,3.024858528900428,3.024858528900428,3.096320282934126,64.49377570299839,0.129669189453125,success,
barabasi_albert,"{""edge_probability"": 0.1, ""family"": ""barabasi_albert"", ""m"": 2, ""num_blocks"": 3, ""num_graphs"": 100, ""num_nodes"": 50, ""p_in"": 0.25, ""p_out"": 0.03, ""seed"": 0}",hub_modification,"{""alpha"": 0.7, ""edges_added"": 5410, ""edges_removed"": 5410, ""graphs"": 100, ""graphs_skipped"": 0, ""graphs_success"": 100, ""method"": ""hub_modification"", ""rewires"": 5410, ""triangles_affected"": 0}",0.7,0,structural_statistics_mmd,0.06845108580336245,2.8233285177162166,5.722286843429082,1.8987011690041982,0.06854248046875,success,
barabasi_albert,"{""edge_probability"": 0.1, ""family"": ""barabasi_albert"", ""m"": 2, ""num_blocks"": 3, ""num_graphs"": 100, ""num_nodes"": 50, ""p_in"": 0.25, ""p_out"": 0.03, ""seed"": 0}",hub_modification,"{""alpha"": 0.7, ""edges_added"": 5410, ""edges_removed"": 5410, ""graphs"": 100, ""graphs_skipped"": 0, ""graphs_success"": 100, ""method"": ""hub_modification"", ""rewires"": 5410, ""triangles_affected"": 0}",0.7,0,wl_subtree_kernel_mmd,267.6960000000001,16.361418031454367,25.45970518807074,0.21949250299076084,14.9224271774292,success,
barabasi_albert,"{""edge_probability"": 0.1, ""family"": ""barabasi_albert"", ""m"": 2, ""num_blocks"": 3, ""num_graphs"": 100, ""num_nodes"": 50, ""p_in"": 0.25, ""p_out"": 0.03, ""seed"": 0}",hub_modification,"{""alpha"": 0.7, ""edges_added"": 5410, ""edges_removed"": 5410, ""graphs"": 100, ""graphs_skipped"": 0, ""graphs_success"": 100, ""method"": ""hub_modification"", ""rewires"": 5410, ""triangles_affected"": 0}",0.7,0,native_netlsd,5.3637240146497405,5.3637240146497405,5.391543413272098,73.31581692800683,0.18759918212890625,success,
barabasi_albert,"{""edge_probability"": 0.1, ""family"": ""barabasi_albert"", ""m"": 2, ""num_blocks"": 3, ""num_graphs"": 100, ""num_nodes"": 50, ""p_in"": 0.25, ""p_out"": 0.03, ""seed"": 0}",hub_modification,"{""alpha"": 0.7, ""edges_added"": 5410, ""edges_removed"": 5410, ""graphs"": 100, ""graphs_skipped"": 0, ""graphs_success"": 100, ""method"": ""hub_modification"", ""rewires"": 5410, ""triangles_affected"": 0}",0.7,0,diversity_curves_shortest_path,3.0454105405088523,3.0454105405088523,3.119130678755352,64.42466537001019,0.129669189453125,success,
barabasi_albert,"{""edge_probability"": 0.1, ""family"": ""barabasi_albert"", ""m"": 2, ""num_blocks"": 3, ""num_graphs"": 100, ""num_nodes"": 50, ""p_in"": 0.25, ""p_out"": 0.03, ""seed"": 0}",hub_modification,"{""alpha"": 0.8, ""edges_added"": 5410, ""edges_removed"": 5410, ""graphs"": 100, ""graphs_skipped"": 0, ""graphs_success"": 100, ""method"": ""hub_modification"", ""rewires"": 5410, ""triangles_affected"": 0}",0.8,0,structural_statistics_mmd,0.06845108580336245,2.8233285177162166,5.722286843429082,1.904699830993195,0.06854248046875,success,
barabasi_albert,"{""edge_probability"": 0.1, ""family"": ""barabasi_albert"", ""m"": 2, ""num_blocks"": 3, ""num_graphs"": 100, ""num_nodes"": 50, ""p_in"": 0.25, ""p_out"": 0.03, ""seed"": 0}",hub_modification,"{""alpha"": 0.8, ""edges_added"": 5410, ""edges_removed"": 5410, ""graphs"": 100, ""graphs_skipped"": 0, ""graphs_success"": 100, ""method"": ""hub_modification"", ""rewires"": 5410, ""triangles_affected"": 0}",0.8,0,wl_subtree_kernel_mmd,267.6960000000001,16.361418031454367,25.45970518807074,0.22111991899146233,14.9224271774292,success,
barabasi_albert,"{""edge_probability"": 0.1, ""family"": ""barabasi_albert"", ""m"": 2, ""num_blocks"": 3, ""num_graphs"": 100, ""num_nodes"": 50, ""p_in"": 0.25, ""p_out"": 0.03, ""seed"": 0}",hub_modification,"{""alpha"": 0.8, ""edges_added"": 5410, ""edges_removed"": 5410, ""graphs"": 100, ""graphs_skipped"": 0, ""graphs_success"": 100, ""method"": ""hub_modification"", ""rewires"": 5410, ""triangles_affected"": 0}",0.8,0,native_netlsd,5.3637240146497405,5.3637240146497405,5.391543413272098,73.71150853599829,0.18759918212890625,success,
barabasi_albert,"{""edge_probability"": 0.1, ""family"": ""barabasi_albert"", ""m"": 2, ""num_blocks"": 3, ""num_graphs"": 100, ""num_nodes"": 50, ""p_in"": 0.25, ""p_out"": 0.03, ""seed"": 0}",hub_modification,"{""alpha"": 0.8, ""edges_added"": 5410, ""edges_removed"": 5410, ""graphs"": 100, ""graphs_skipped"": 0, ""graphs_success"": 100, ""method"": ""hub_modification"", ""rewires"": 5410, ""triangles_affected"": 0}",0.8,0,diversity_curves_shortest_path,3.0454105405088523,3.0454105405088523,3.119130678755352,64.43204015599622,0.129669189453125,success,
barabasi_albert,"{""edge_probability"": 0.1, ""family"": ""barabasi_albert"", ""m"": 2, ""num_blocks"": 3, ""num_graphs"": 100, ""num_nodes"": 50, ""p_in"": 0.25, ""p_out"": 0.03, ""seed"": 0}",hub_modification,"{""alpha"": 0.9, ""edges_added"": 5410, ""edges_removed"": 5410, ""graphs"": 100, ""graphs_skipped"": 0, ""graphs_success"": 100, ""method"": ""hub_modification"", ""rewires"": 5410, ""triangles_affected"": 0}",0.9,0,structural_statistics_mmd,0.06845108580336245,2.8233285177162166,5.722286843429082,1.9176220700028352,0.06854248046875,success,
barabasi_albert,"{""edge_probability"": 0.1, ""family"": ""barabasi_albert"", ""m"": 2, ""num_blocks"": 3, ""num_graphs"": 100, ""num_nodes"": 50, ""p_in"": 0.25, ""p_out"": 0.03, ""seed"": 0}",hub_modification,"{""alpha"": 0.9, ""edges_added"": 5410, ""edges_removed"": 5410, ""graphs"": 100, ""graphs_skipped"": 0, ""graphs_success"": 100, ""method"": ""hub_modification"", ""rewires"": 5410, ""triangles_affected"": 0}",0.9,0,wl_subtree_kernel_mmd,267.6960000000001,16.361418031454367,25.45970518807074,0.21640240000851918,14.9224271774292,success,
barabasi_albert,"{""edge_probability"": 0.1, ""family"": ""barabasi_albert"", ""m"": 2, ""num_blocks"": 3, ""num_graphs"": 100, ""num_nodes"": 50, ""p_in"": 0.25, ""p_out"": 0.03, ""seed"": 0}",hub_modification,"{""alpha"": 0.9, ""edges_added"": 5410, ""edges_removed"": 5410, ""graphs"": 100, ""graphs_skipped"": 0, ""graphs_success"": 100, ""method"": ""hub_modification"", ""rewires"": 5410, ""triangles_affected"": 0}",0.9,0,native_netlsd,5.3637240146497405,5.3637240146497405,5.391543413272098,73.2679355260043,0.18759918212890625,success,
barabasi_albert,"{""edge_probability"": 0.1, ""family"": ""barabasi_albert"", ""m"": 2, ""num_blocks"": 3, ""num_graphs"": 100, ""num_nodes"": 50, ""p_in"": 0.25, ""p_out"": 0.03, ""seed"": 0}",hub_modification,"{""alpha"": 0.9, ""edges_added"": 5410, ""edges_removed"": 5410, ""graphs"": 100, ""graphs_skipped"": 0, ""graphs_success"": 100, ""method"": ""hub_modification"", ""rewires"": 5410, ""triangles_affected"": 0}",0.9,0,diversity_curves_shortest_path,3.0454105405088523,3.0454105405088523,3.119130678755352,64.34096485599002,0.129669189453125,success,
barabasi_albert,"{""edge_probability"": 0.1, ""family"": ""barabasi_albert"", ""m"": 2, ""num_blocks"": 3, ""num_graphs"": 100, ""num_nodes"": 50, ""p_in"": 0.25, ""p_out"": 0.03, ""seed"": 0}",hub_modification,"{""alpha"": 1.0, ""edges_added"": 5410, ""edges_removed"": 5410, ""graphs"": 100, ""graphs_skipped"": 0, ""graphs_success"": 100, ""method"": ""hub_modification"", ""rewires"": 5410, ""triangles_affected"": 0}",1.0,0,structural_statistics_mmd,0.06845108580336245,2.8233285177162166,5.722286843429082,1.9108098939905176,0.06854248046875,success,
barabasi_albert,"{""edge_probability"": 0.1, ""family"": ""barabasi_albert"", ""m"": 2, ""num_blocks"": 3, ""num_graphs"": 100, ""num_nodes"": 50, ""p_in"": 0.25, ""p_out"": 0.03, ""seed"": 0}",hub_modification,"{""alpha"": 1.0, ""edges_added"": 5410, ""edges_removed"": 5410, ""graphs"": 100, ""graphs_skipped"": 0, ""graphs_success"": 100, ""method"": ""hub_modification"", ""rewires"": 5410, ""triangles_affected"": 0}",1.0,0,wl_subtree_kernel_mmd,267.6960000000001,16.361418031454367,25.45970518807074,0.2179152110038558,14.9224271774292,success,
barabasi_albert,"{""edge_probability"": 0.1, ""family"": ""barabasi_albert"", ""m"": 2, ""num_blocks"": 3, ""num_graphs"": 100, ""num_nodes"": 50, ""p_in"": 0.25, ""p_out"": 0.03, ""seed"": 0}",hub_modification,"{""alpha"": 1.0, ""edges_added"": 5410, ""edges_removed"": 5410, ""graphs"": 100, ""graphs_skipped"": 0, ""graphs_success"": 100, ""method"": ""hub_modification"", ""rewires"": 5410, ""triangles_affected"": 0}",1.0,0,native_netlsd,5.3637240146497405,5.3637240146497405,5.391543413272098,73.48479301799671,0.18759918212890625,success,
barabasi_albert,"{""edge_probability"": 0.1, ""family"": ""barabasi_albert"", ""m"": 2, ""num_blocks"": 3, ""num_graphs"": 100, ""num_nodes"": 50, ""p_in"": 0.25, ""p_out"": 0.03, ""seed"": 0}",hub_modification,"{""alpha"": 1.0, ""edges_added"": 5410, ""edges_removed"": 5410, ""graphs"": 100, ""graphs_skipped"": 0, ""graphs_success"": 100, ""method"": ""hub_modification"", ""rewires"": 5410, ""triangles_affected"": 0}",1.0,0,diversity_curves_shortest_path,3.0454105405088523,3.0454105405088523,3.119130678755352,64.38021616499464,0.129669189453125,success,
erdos_renyi,"{""edge_probability"": 0.12, ""family"": ""erdos_renyi"", ""m"": 2, ""num_blocks"": 3, ""num_graphs"": 100, ""num_nodes"": 50, ""p_in"": 0.25, ""p_out"": 0.03, ""seed"": 1}",edge_addition_deletion,"{""alpha"": 0.0, ""edges_added"": 0, ""edges_removed"": 0, ""graphs"": 100, ""graphs_skipped"": 0, ""graphs_success"": 100, ""method"": ""edge_addition_deletion"", ""rewires"": 0, ""triangles_affected"": 0}",0.0,1,structural_statistics_mmd,0.0,0.0,0.0,2.0068804420006927,0.06821441650390625,success,
erdos_renyi,"{""edge_probability"": 0.12, ""family"": ""erdos_renyi"", ""m"": 2, ""num_blocks"": 3, ""num_graphs"": 100, ""num_nodes"": 50, ""p_in"": 0.25, ""p_out"": 0.03, ""seed"": 1}",edge_addition_deletion,"{""alpha"": 0.0, ""edges_added"": 0, ""edges_removed"": 0, ""graphs"": 100, ""graphs_skipped"": 0, ""graphs_success"": 100, ""method"": ""edge_addition_deletion"", ""rewires"": 0, ""triangles_affected"": 0}",0.0,1,wl_subtree_kernel_mmd,0.0,0.0,0.0,0.23135901900241151,21.82060432434082,success,
erdos_renyi,"{""edge_probability"": 0.12, ""family"": ""erdos_renyi"", ""m"": 2, ""num_blocks"": 3, ""num_graphs"": 100, ""num_nodes"": 50, ""p_in"": 0.25, ""p_out"": 0.03, ""seed"": 1}",edge_addition_deletion,"{""alpha"": 0.0, ""edges_added"": 0, ""edges_removed"": 0, ""graphs"": 100, ""graphs_skipped"": 0, ""graphs_success"": 100, ""method"": ""edge_addition_deletion"", ""rewires"": 0, ""triangles_affected"": 0}",0.0,1,native_netlsd,0.0,0.0,0.0,73.30913717699877,0.1887664794921875,success,
erdos_renyi,"{""edge_probability"": 0.12, ""family"": ""erdos_renyi"", ""m"": 2, ""num_blocks"": 3, ""num_graphs"": 100, ""num_nodes"": 50, ""p_in"": 0.25, ""p_out"": 0.03, ""seed"": 1}",edge_addition_deletion,"{""alpha"": 0.0, ""edges_added"": 0, ""edges_removed"": 0, ""graphs"": 100, ""graphs_skipped"": 0, ""graphs_success"": 100, ""method"": ""edge_addition_deletion"", ""rewires"": 0, ""triangles_affected"": 0}",0.0,1,diversity_curves_shortest_path,0.0,0.0,0.0,122.45506707199092,0.13829803466796875,success,
erdos_renyi,"{""edge_probability"": 0.12, ""family"": ""erdos_renyi"", ""m"": 2, ""num_blocks"": 3, ""num_graphs"": 100, ""num_nodes"": 50, ""p_in"": 0.25, ""p_out"": 0.03, ""seed"": 1}",edge_addition_deletion,"{""alpha"": 0.1, ""edges_added"": 731, ""edges_removed"": 693, ""graphs"": 100, ""graphs_skipped"": 0, ""graphs_success"": 100, ""method"": ""edge_addition_deletion"", ""rewires"": 0, ""triangles_affected"": 0}",0.1,1,structural_statistics_mmd,0.0007560539788692422,0.6465893638731699,2.390257117245848,1.9778990850027185,0.06821441650390625,success,
erdos_renyi,"{""edge_probability"": 0.12, ""family"": ""erdos_renyi"", ""m"": 2, ""num_blocks"": 3, ""num_graphs"": 100, ""num_nodes"": 50, ""p_in"": 0.25, ""p_out"": 0.03, ""seed"": 1}",edge_addition_deletion,"{""alpha"": 0.1, ""edges_added"": 731, ""edges_removed"": 693, ""graphs"": 100, ""graphs_skipped"": 0, ""graphs_success"": 100, ""method"": ""edge_addition_deletion"", ""rewires"": 0, ""triangles_affected"": 0}",0.1,1,wl_subtree_kernel_mmd,3.2632000000000008,1.8064329492123423,18.113052198049775,0.23000596900237724,21.87367534637451,success,
erdos_renyi,"{""edge_probability"": 0.12, ""family"": ""erdos_renyi"", ""m"": 2, ""num_blocks"": 3, ""num_graphs"": 100, ""num_nodes"": 50, ""p_in"": 0.25, ""p_out"": 0.03, ""seed"": 1}",edge_addition_deletion,"{""alpha"": 0.1, ""edges_added"": 731, ""edges_removed"": 693, ""graphs"": 100, ""graphs_skipped"": 0, ""graphs_success"": 100, ""method"": ""edge_addition_deletion"", ""rewires"": 0, ""triangles_affected"": 0}",0.1,1,native_netlsd,0.03725417956680558,0.03725417956680558,0.186432636362927,73.52716005800175,0.1887664794921875,success,
erdos_renyi,"{""edge_probability"": 0.12, ""family"": ""erdos_renyi"", ""m"": 2, ""num_blocks"": 3, ""num_graphs"": 100, ""num_nodes"": 50, ""p_in"": 0.25, ""p_out"": 0.03, ""seed"": 1}",edge_addition_deletion,"{""alpha"": 0.1, ""edges_added"": 731, ""edges_removed"": 693, ""graphs"": 100, ""graphs_skipped"": 0, ""graphs_success"": 100, ""method"": ""edge_addition_deletion"", ""rewires"": 0, ""triangles_affected"": 0}",0.1,1,diversity_curves_shortest_path,0.025917748318609067,0.025917748318609067,0.15245566398832802,122.43797388598614,0.13889312744140625,success,
erdos_renyi,"{""edge_probability"": 0.12, ""family"": ""erdos_renyi"", ""m"": 2, ""num_blocks"": 3, ""num_graphs"": 100, ""num_nodes"": 50, ""p_in"": 0.25, ""p_out"": 0.03, ""seed"": 1}",edge_addition_deletion,"{""alpha"": 0.2, ""edges_added"": 1482, ""edges_removed"": 1424, ""graphs"": 100, ""graphs_skipped"": 0, ""graphs_success"": 100, ""method"": ""edge_addition_deletion"", ""rewires"": 0, ""triangles_affected"": 0}",0.2,1,structural_statistics_mmd,0.0009582495912838773,0.7230921853096509,3.3339378088595963,1.985020653999527,0.07437896728515625,success,
erdos_renyi,"{""edge_probability"": 0.12, ""family"": ""erdos_renyi"", ""m"": 2, ""num_blocks"": 3, ""num_graphs"": 100, ""num_nodes"": 50, ""p_in"": 0.25, ""p_out"": 0.03, ""seed"": 1}",edge_addition_deletion,"{""alpha"": 0.2, ""edges_added"": 1482, ""edges_removed"": 1424, ""graphs"": 100, ""graphs_skipped"": 0, ""graphs_success"": 100, ""method"": ""edge_addition_deletion"", ""rewires"": 0, ""triangles_affected"": 0}",0.2,1,wl_subtree_kernel_mmd,3.4120000000000004,1.847159982243011,18.83043588111531,0.22998549100884702,21.88424301147461,success,
erdos_renyi,"{""edge_probability"": 0.12, ""family"": ""erdos_renyi"", ""m"": 2, ""num_blocks"": 3, ""num_graphs"": 100, ""num_nodes"": 50, ""p_in"": 0.25, ""p_out"": 0.03, ""seed"": 1}",edge_addition_deletion,"{""alpha"": 0.2, ""edges_added"": 1482, ""edges_removed"": 1424, ""graphs"": 100, ""graphs_skipped"": 0, ""graphs_success"": 100, ""method"": ""edge_addition_deletion"", ""rewires"": 0, ""triangles_affected"": 0}",0.2,1,native_netlsd,0.09794579517163256,0.09794579517163256,0.26137342865856533,73.48839624901302,0.18889617919921875,success,
erdos_renyi,"{""edge_probability"": 0.12, ""family"": ""erdos_renyi"", ""m"": 2, ""num_blocks"": 3, ""num_graphs"": 100, ""num_nodes"": 50, ""p_in"": 0.25, ""p_out"": 0.03, ""seed"": 1}",edge_addition_deletion,"{""alpha"": 0.2, ""edges_added"": 1482, ""edges_removed"": 1424, ""graphs"": 100, ""graphs_skipped"": 0, ""graphs_success"": 100, ""method"": ""edge_addition_deletion"", ""rewires"": 0, ""triangles_affected"": 0}",0.2,1,diversity_curves_shortest_path,0.06019216293770277,0.06019216293770277,0.20115171995756495,124.62479543600057,0.528411865234375,success,
erdos_renyi,"{""edge_probability"": 0.12, ""family"": ""erdos_renyi"", ""m"": 2, ""num_blocks"": 3, ""num_graphs"": 100, ""num_nodes"": 50, ""p_in"": 0.25, ""p_out"": 0.03, ""seed"": 1}",edge_addition_deletion,"{""alpha"": 0.3, ""edges_added"": 2209, ""edges_removed"": 2163, ""graphs"": 100, ""graphs_skipped"": 0, ""graphs_success"": 100, ""method"": ""edge_addition_deletion"", ""rewires"": 0, ""triangles_affected"": 0}",0.3,1,structural_statistics_mmd,0.0006489338894124508,0.7117422540837305,4.0885181278594285,1.9735976610099897,0.06821441650390625,success,
erdos_renyi,"{""edge_probability"": 0.12, ""family"": ""erdos_renyi"", ""m"": 2, ""num_blocks"": 3, ""num_graphs"": 100, ""num_nodes"": 50, ""p_in"": 0.25, ""p_out"": 0.03, ""seed"": 1}",edge_addition_deletion,"{""alpha"": 0.3, ""edges_added"": 2209, ""edges_removed"": 2163, ""graphs"": 100, ""graphs_skipped"": 0, ""graphs_success"": 100, ""method"": ""edge_addition_deletion"", ""rewires"": 0, ""triangles_affected"": 0}",0.3,1,wl_subtree_kernel_mmd,3.2685999999999997,1.8079269896762977,19.20799635299519,0.23151504300767556,21.85069179534912,success,
erdos_renyi,"{""edge_probability"": 0.12, ""family"": ""erdos_renyi"", ""m"": 2, ""num_blocks"": 3, ""num_graphs"": 100, ""num_nodes"": 50, ""p_in"": 0.25, ""p_out"": 0.03, ""seed"": 1}",edge_addition_deletion,"{""alpha"": 0.3, ""edges_added"": 2209, ""edges_removed"": 2163, ""graphs"": 100, ""graphs_skipped"": 0, ""graphs_success"": 100, ""method"": ""edge_addition_deletion"", ""rewires"": 0, ""triangles_affected"": 0}",0.3,1,native_netlsd,0.06952941734627426,0.06952941734627426,0.4032676482995541,73.64867942800629,0.18874359130859375,success,
erdos_renyi,"{""edge_probability"": 0.12, ""family"": ""erdos_renyi"", ""m"": 2, ""num_blocks"": 3, ""num_graphs"": 100, ""num_nodes"": 50, ""p_in"": 0.25, ""p_out"": 0.03, ""seed"": 1}",edge_addition_deletion,"{""alpha"": 0.3, ""edges_added"": 2209, ""edges_removed"": 2163, ""graphs"": 100, ""graphs_skipped"": 0, ""graphs_success"": 100, ""method"": ""edge_addition_deletion"", ""rewires"": 0, ""triangles_affected"": 0}",0.3,1,diversity_curves_shortest_path,0.04500170787738822,0.04500170787738822,0.27402551663827573,122.85755442199297,0.138763427734375,success,
erdos_renyi,"{""edge_probability"": 0.12, ""family"": ""erdos_renyi"", ""m"": 2, ""num_blocks"": 3, ""num_graphs"": 100, ""num_nodes"": 50, ""p_in"": 0.25, ""p_out"": 0.03, ""seed"": 1}",edge_addition_deletion,"{""alpha"": 0.4, ""edges_added"": 2944, ""edges_removed"": 2906, ""graphs"": 100, ""graphs_skipped"": 0, ""graphs_success"": 100, ""method"": ""edge_addition_deletion"", ""rewires"": 0, ""triangles_affected"": 0}",0.4,1,structural_statistics_mmd,0.0012267218112320677,0.7124205771354302,4.667685900666591,1.998555797006702,0.0681915283203125,success,
erdos_renyi,"{""edge_probability"": 0.12, ""family"": ""erdos_renyi"", ""m"": 2, ""num_blocks"": 3, ""num_graphs"": 100, ""num_nodes"": 50, ""p_in"": 0.25, ""p_out"": 0.03, ""seed"": 1}",edge_addition_deletion,"{""alpha"": 0.4, ""edges_added"": 2944, ""edges_removed"": 2906, ""graphs"": 100, ""graphs_skipped"": 0, ""graphs_success"": 100, ""method"": ""edge_addition_deletion"", ""rewires"": 0, ""triangles_affected"": 0}",0.4,1,wl_subtree_kernel_mmd,3.3866000000000005,1.8402717190675948,19.199350664970325,0.2327559410041431,21.817442893981934,success,
erdos_renyi,"{""edge_probability"": 0.12, ""family"": ""erdos_renyi"", ""m"": 2, ""num_blocks"": 3, ""num_graphs"": 100, ""num_nodes"": 50, ""p_in"": 0.25, ""p_out"": 0.03, ""seed"": 1}",edge_addition_deletion,"{""alpha"": 0.4, ""edges_added"": 2944, ""edges_removed"": 2906, ""graphs"": 100, ""graphs_skipped"": 0, ""graphs_success"": 100, ""method"": ""edge_addition_deletion"", ""rewires"": 0, ""triangles_affected"": 0}",0.4,1,native_netlsd,0.02438941275377967,0.02438941275377967,0.46242946487659986,73.02568818200962,0.18878936767578125,success,
erdos_renyi,"{""edge_probability"": 0.12, ""family"": ""erdos_renyi"", ""m"": 2, ""num_blocks"": 3, ""num_graphs"": 100, ""num_nodes"": 50, ""p_in"": 0.25, ""p_out"": 0.03, ""seed"": 1}",edge_addition_deletion,"{""alpha"": 0.4, ""edges_added"": 2944, ""edges_removed"": 2906, ""graphs"": 100, ""graphs_skipped"": 0, ""graphs_success"": 100, ""method"": ""edge_addition_deletion"", ""rewires"": 0, ""triangles_affected"": 0}",0.4,1,diversity_curves_shortest_path,0.02412514676275836,0.02412514676275836,0.31485644619172265,122.01848032500129,0.1391143798828125,success,
erdos_renyi,"{""edge_probability"": 0.12, ""family"": ""erdos_renyi"", ""m"": 2, ""num_blocks"": 3, ""num_graphs"": 100, ""num_nodes"": 50, ""p_in"": 0.25, ""p_out"": 0.03, ""seed"": 1}",edge_addition_deletion,"{""alpha"": 0.5, ""edges_added"": 3692, ""edges_removed"": 3643, ""graphs"": 100, ""graphs_skipped"": 0, ""graphs_success"": 100, ""method"": ""edge_addition_deletion"", ""rewires"": 0, ""triangles_affected"": 0}",0.5,1,structural_statistics_mmd,0.0012436706046492496,0.8909182525921241,5.014890780623626,1.9855377609928837,0.0681915283203125,success,
erdos_renyi,"{""edge_probability"": 0.12, ""family"": ""erdos_renyi"", ""m"": 2, ""num_blocks"": 3, ""num_graphs"": 100, ""num_nodes"": 50, ""p_in"": 0.25, ""p_out"": 0.03, ""seed"": 1}",edge_addition_deletion,"{""alpha"": 0.5, ""edges_added"": 3692, ""edges_removed"": 3643, ""graphs"": 100, ""graphs_skipped"": 0, ""graphs_success"": 100, ""method"": ""edge_addition_deletion"", ""rewires"": 0, ""triangles_affected"": 0}",0.5,1,wl_subtree_kernel_mmd,3.636800000000001,1.907039590569635,19.255286075523948,0.23025063300156035,21.798396110534668,success,
erdos_renyi,"{""edge_probability"": 0.12, ""family"": ""erdos_renyi"", ""m"": 2, ""num_blocks"": 3, ""num_graphs"": 100, ""num_nodes"": 50, ""p_in"": 0.25, ""p_out"": 0.03, ""seed"": 1}",edge_addition_deletion,"{""alpha"": 0.5, ""edges_added"": 3692, ""edges_removed"": 3643, ""graphs"": 100, ""graphs_skipped"": 0, ""graphs_success"": 100, ""method"": ""edge_addition_deletion"", ""rewires"": 0, ""triangles_affected"": 0}",0.5,1,native_netlsd,0.024652894239103093,0.024652894239103093,0.4791314601163769,73.56147206900641,0.188812255859375,success,
erdos_renyi,"{""edge_probability"": 0.12, ""family"": ""erdos_renyi"", ""m"": 2, ""num_blocks"": 3, ""num_graphs"": 100, ""num_nodes"": 50, ""p_in"": 0.25, ""p_out"": 0.03, ""seed"": 1}",edge_addition_deletion,"{""alpha"": 0.5, ""edges_added"": 3692, ""edges_removed"": 3643, ""graphs"": 100, ""graphs_skipped"": 0, ""graphs_success"": 100, ""method"": ""edge_addition_deletion"", ""rewires"": 0, ""triangles_affected"": 0}",0.5,1,diversity_curves_shortest_path,0.025877238099794184,0.025877238099794184,0.3418587734005716,122.54774565401021,0.13965606689453125,success,
erdos_renyi,"{""edge_probability"": 0.12, ""family"": ""erdos_renyi"", ""m"": 2, ""num_blocks"": 3, ""num_graphs"": 100, ""num_nodes"": 50, ""p_in"": 0.25, ""p_out"": 0.03, ""seed"": 1}",edge_addition_deletion,"{""alpha"": 0.6, ""edges_added"": 4426, ""edges_removed"": 4372, ""graphs"": 100, ""graphs_skipped"": 0, ""graphs_success"": 100, ""method"": ""edge_addition_deletion"", ""rewires"": 0, ""triangles_affected"": 0}",0.6,1,structural_statistics_mmd,0.0019860408078505865,0.8301739597199703,5.254596822365675,1.9974441649974324,0.0681915283203125,success,
erdos_renyi,"{""edge_probability"": 0.12, ""family"": ""erdos_renyi"", ""m"": 2, ""num_blocks"": 3, ""num_graphs"": 100, ""num_nodes"": 50, ""p_in"": 0.25, ""p_out"": 0.03, ""seed"": 1}",edge_addition_deletion,"{""alpha"": 0.6, ""edges_added"": 4426, ""edges_removed"": 4372, ""graphs"": 100, ""graphs_skipped"": 0, ""graphs_success"": 100, ""method"": ""edge_addition_deletion"", ""rewires"": 0, ""triangles_affected"": 0}",0.6,1,wl_subtree_kernel_mmd,3.7446,1.9350968967987108,19.30924750413811,0.23120509998989291,21.797548294067383,success,
erdos_renyi,"{""edge_probability"": 0.12, ""family"": ""erdos_renyi"", ""m"": 2, ""num_blocks"": 3, ""num_graphs"": 100, ""num_nodes"": 50, ""p_in"": 0.25, ""p_out"": 0.03, ""seed"": 1}",edge_addition_deletion,"{""alpha"": 0.6, ""edges_added"": 4426, ""edges_removed"": 4372, ""graphs"": 100, ""graphs_skipped"": 0, ""graphs_success"": 100, ""method"": ""edge_addition_deletion"", ""rewires"": 0, ""triangles_affected"": 0}",0.6,1,native_netlsd,0.07784861369402728,0.07784861369402728,0.5890524847609817,74.05581863700354,0.188812255859375,success,
erdos_renyi,"{""edge_probability"": 0.12, ""family"": ""erdos_renyi"", ""m"": 2, ""num_blocks"": 3, ""num_graphs"": 100, ""num_nodes"": 50, ""p_in"": 0.25, ""p_out"": 0.03, ""seed"": 1}",edge_addition_deletion,"{""alpha"": 0.6, ""edges_added"": 4426, ""edges_removed"": 4372, ""graphs"": 100, ""graphs_skipped"": 0, ""graphs_success"": 100, ""method"": ""edge_addition_deletion"", ""rewires"": 0, ""triangles_affected"": 0}",0.6,1,diversity_curves_shortest_path,0.03772052896286911,0.03772052896286911,0.3907875472693634,122.59610498700931,0.13867950439453125,success,
erdos_renyi,"{""edge_probability"": 0.12, ""family"": ""erdos_renyi"", ""m"": 2, ""num_blocks"": 3, ""num_graphs"": 100, ""num_nodes"": 50, ""p_in"": 0.25, ""p_out"": 0.03, ""seed"": 1}",edge_addition_deletion,"{""alpha"": 0.7, ""edges_added"": 5156, ""edges_removed"": 5108, ""graphs"": 100, ""graphs_skipped"": 0, ""graphs_success"": 100, ""method"": ""edge_addition_deletion"", ""rewires"": 0, ""triangles_affected"": 0}",0.7,1,structural_statistics_mmd,0.00219925619737249,0.7168373815215408,5.473943511130825,1.9762621840054635,0.0681915283203125,success,
erdos_renyi,"{""edge_probability"": 0.12, ""family"": ""erdos_renyi"", ""m"": 2, ""num_blocks"": 3, ""num_graphs"": 100, ""num_nodes"": 50, ""p_in"": 0.25, ""p_out"": 0.03, ""seed"": 1}",edge_addition_deletion,"{""alpha"": 0.7, ""edges_added"": 5156, ""edges_removed"": 5108, ""graphs"": 100, ""graphs_skipped"": 0, ""graphs_success"": 100, ""method"": ""edge_addition_deletion"", ""rewires"": 0, ""triangles_affected"": 0}",0.7,1,wl_subtree_kernel_mmd,3.3726,1.8364639936573763,19.22496656677763,0.23063445500156377,21.826003074645996,success,
erdos_renyi,"{""edge_probability"": 0.12, ""family"": ""erdos_renyi"", ""m"": 2, ""num_blocks"": 3, ""num_graphs"": 100, ""num_nodes"": 50, ""p_in"": 0.25, ""p_out"": 0.03, ""seed"": 1}",edge_addition_deletion,"{""alpha"": 0.7, ""edges_added"": 5156, ""edges_removed"": 5108, ""graphs"": 100, ""graphs_skipped"": 0, ""graphs_success"": 100, ""method"": ""edge_addition_deletion"", ""rewires"": 0, ""triangles_affected"": 0}",0.7,1,native_netlsd,0.10014588591711507,0.10014588591711507,0.6230131291959499,73.51802029499959,0.188812255859375,success,
erdos_renyi,"{""edge_probability"": 0.12, ""family"": ""erdos_renyi"", ""m"": 2, ""num_blocks"": 3, ""num_graphs"": 100, ""num_nodes"": 50, ""p_in"": 0.25, ""p_out"": 0.03, ""seed"": 1}",edge_addition_deletion,"{""alpha"": 0.7, ""edges_added"": 5156, ""edges_removed"": 5108, ""graphs"": 100, ""graphs_skipped"": 0, ""graphs_success"": 100, ""method"": ""edge_addition_deletion"", ""rewires"": 0, ""triangles_affected"": 0}",0.7,1,diversity_curves_shortest_path,0.05268023779960202,0.05268023779960202,0.4103992039886885,122.60724310399382,0.13976287841796875,success,
erdos_renyi,"{""edge_probability"": 0.12, ""family"": ""erdos_renyi"", ""m"": 2, ""num_blocks"": 3, ""num_graphs"": 100, ""num_nodes"": 50, ""p_in"": 0.25, ""p_out"": 0.03, ""seed"": 1}",edge_addition_deletion,"{""alpha"": 0.8, ""edges_added"": 5892, ""edges_removed"": 5850, ""graphs"": 100, ""graphs_skipped"": 0, ""graphs_success"": 100, ""method"": ""edge_addition_deletion"", ""rewires"": 0, ""triangles_affected"": 0}",0.8,1,structural_statistics_mmd,0.001289463525984469,0.7968302988522055,5.540330708430589,1.9667798560112715,0.0681915283203125,success,
erdos_renyi,"{""edge_probability"": 0.12, ""family"": ""erdos_renyi"", ""m"": 2, ""num_blocks"": 3, ""num_graphs"": 100, ""num_nodes"": 50, ""p_in"": 0.25, ""p_out"": 0.03, ""seed"": 1}",edge_addition_deletion,"{""alpha"": 0.8, ""edges_added"": 5892, ""edges_removed"": 5850, ""graphs"": 100, ""graphs_skipped"": 0, ""graphs_success"": 100, ""method"": ""edge_addition_deletion"", ""rewires"": 0, ""triangles_affected"": 0}",0.8,1,wl_subtree_kernel_mmd,3.8558000000000003,1.9636191076682872,19.368452240509956,0.23086403800698463,21.82576560974121,success,
erdos_renyi,"{""edge_probability"": 0.12, ""family"": ""erdos_renyi"", ""m"": 2, ""num_blocks"": 3, ""num_graphs"": 100, ""num_nodes"": 50, ""p_in"": 0.25, ""p_out"": 0.03, ""seed"": 1}",edge_addition_deletion,"{""alpha"": 0.8, ""edges_added"": 5892, ""edges_removed"": 5850, ""graphs"": 100, ""graphs_skipped"": 0, ""graphs_success"": 100, ""method"": ""edge_addition_deletion"", ""rewires"": 0, ""triangles_affected"": 0}",0.8,1,native_netlsd,0.06350380431177298,0.06350380431177298,0.5191639635775183,73.43565082899295,0.1887664794921875,success,
erdos_renyi,"{""edge_probability"": 0.12, ""family"": ""erdos_renyi"", ""m"": 2, ""num_blocks"": 3, ""num_graphs"": 100, ""num_nodes"": 50, ""p_in"": 0.25, ""p_out"": 0.03, ""seed"": 1}",edge_addition_deletion,"{""alpha"": 0.8, ""edges_added"": 5892, ""edges_removed"": 5850, ""graphs"": 100, ""graphs_skipped"": 0, ""graphs_success"": 100, ""method"": ""edge_addition_deletion"", ""rewires"": 0, ""triangles_affected"": 0}",0.8,1,diversity_curves_shortest_path,0.03938058186841648,0.03938058186841648,0.3510383229200841,122.07302484700631,0.13909912109375,success,
erdos_renyi,"{""edge_probability"": 0.12, ""family"": ""erdos_renyi"", ""m"": 2, ""num_blocks"": 3, ""num_graphs"": 100, ""num_nodes"": 50, ""p_in"": 0.25, ""p_out"": 0.03, ""seed"": 1}",edge_addition_deletion,"{""alpha"": 0.9, ""edges_added"": 6632, ""edges_removed"": 6580, ""graphs"": 100, ""graphs_skipped"": 0, ""graphs_success"": 100, ""method"": ""edge_addition_deletion"", ""rewires"": 0, ""triangles_affected"": 0}",0.9,1,structural_statistics_mmd,0.0010483724045867726,0.9092499922387541,5.485269379496856,1.9835591320006642,0.0681915283203125,success,
erdos_renyi,"{""edge_probability"": 0.12, ""family"": ""erdos_renyi"", ""m"": 2, ""num_blocks"": 3, ""num_graphs"": 100, ""num_nodes"": 50, ""p_in"": 0.25, ""p_out"": 0.03, ""seed"": 1}",edge_addition_deletion,"{""alpha"": 0.9, ""edges_added"": 6632, ""edges_removed"": 6580, ""graphs"": 100, ""graphs_skipped"": 0, ""graphs_success"": 100, ""method"": ""edge_addition_deletion"", ""rewires"": 0, ""triangles_affected"": 0}",0.9,1,wl_subtree_kernel_mmd,3.9994000000000014,1.9998499943745784,19.49717860809228,0.23145065299468115,21.827784538269043,success,
erdos_renyi,"{""edge_probability"": 0.12, ""family"": ""erdos_renyi"", ""m"": 2, ""num_blocks"": 3, ""num_graphs"": 100, ""num_nodes"": 50, ""p_in"": 0.25, ""p_out"": 0.03, ""seed"": 1}",edge_addition_deletion,"{""alpha"": 0.9, ""edges_added"": 6632, ""edges_removed"": 6580, ""graphs"": 100, ""graphs_skipped"": 0, ""graphs_success"": 100, ""method"": ""edge_addition_deletion"", ""rewires"": 0, ""triangles_affected"": 0}",0.9,1,native_netlsd,0.07253310071125203,0.07253310071125203,0.5938285490274936,73.80983178400493,0.18878936767578125,success,
erdos_renyi,"{""edge_probability"": 0.12, ""family"": ""erdos_renyi"", ""m"": 2, ""num_blocks"": 3, ""num_graphs"": 100, ""num_nodes"": 50, ""p_in"": 0.25, ""p_out"": 0.03, ""seed"": 1}",edge_addition_deletion,"{""alpha"": 0.9, ""edges_added"": 6632, ""edges_removed"": 6580, ""graphs"": 100, ""graphs_skipped"": 0, ""graphs_success"": 100, ""method"": ""edge_addition_deletion"", ""rewires"": 0, ""triangles_affected"": 0}",0.9,1,diversity_curves_shortest_path,0.028906435602415726,0.028906435602415726,0.39584149634665855,122.64522257300268,0.1391143798828125,success,
erdos_renyi,"{""edge_probability"": 0.12, ""family"": ""erdos_renyi"", ""m"": 2, ""num_blocks"": 3, ""num_graphs"": 100, ""num_nodes"": 50, ""p_in"": 0.25, ""p_out"": 0.03, ""seed"": 1}",edge_addition_deletion,"{""alpha"": 1.0, ""edges_added"": 7395, ""edges_removed"": 7335, ""graphs"": 100, ""graphs_skipped"": 0, ""graphs_success"": 100, ""method"": ""edge_addition_deletion"", ""rewires"": 0, ""triangles_affected"": 0}",1.0,1,structural_statistics_mmd,0.001232882802427393,0.6864097297766154,5.751274699811188,1.984183647989994,0.0681915283203125,success,
erdos_renyi,"{""edge_probability"": 0.12, ""family"": ""erdos_renyi"", ""m"": 2, ""num_blocks"": 3, ""num_graphs"": 100, ""num_nodes"": 50, ""p_in"": 0.25, ""p_out"": 0.03, ""seed"": 1}",edge_addition_deletion,"{""alpha"": 1.0, ""edges_added"": 7395, ""edges_removed"": 7335, ""graphs"": 100, ""graphs_skipped"": 0, ""graphs_success"": 100, ""method"": ""edge_addition_deletion"", ""rewires"": 0, ""triangles_affected"": 0}",1.0,1,wl_subtree_kernel_mmd,3.703400000000001,1.9244219911443543,19.492935436558774,0.23253128099895548,21.83223247528076,success,
erdos_renyi,"{""edge_probability"": 0.12, ""family"": ""erdos_renyi"", ""m"": 2, ""num_blocks"": 3, ""num_graphs"": 100, ""num_nodes"": 50, ""p_in"": 0.25, ""p_out"": 0.03, ""seed"": 1}",edge_addition_deletion,"{""alpha"": 1.0, ""edges_added"": 7395, ""edges_removed"": 7335, ""graphs"": 100, ""graphs_skipped"": 0, ""graphs_success"": 100, ""method"": ""edge_addition_deletion"", ""rewires"": 0, ""triangles_affected"": 0}",1.0,1,native_netlsd,0.07160287659564263,0.07160287659564263,0.6524139408814266,73.46853307599667,0.18878936767578125,success,
erdos_renyi,"{""edge_probability"": 0.12, ""family"": ""erdos_renyi"", ""m"": 2, ""num_blocks"": 3, ""num_graphs"": 100, ""num_nodes"": 50, ""p_in"": 0.25, ""p_out"": 0.03, ""seed"": 1}",edge_addition_deletion,"{""alpha"": 1.0, ""edges_added"": 7395, ""edges_removed"": 7335, ""graphs"": 100, ""graphs_skipped"": 0, ""graphs_success"": 100, ""method"": ""edge_addition_deletion"", ""rewires"": 0, ""triangles_affected"": 0}",1.0,1,diversity_curves_shortest_path,0.038679423512985936,0.038679423512985936,0.42145351974305006,122.65130114198837,0.1381378173828125,success,
erdos_renyi,"{""edge_probability"": 0.12, ""family"": ""erdos_renyi"", ""m"": 2, ""num_blocks"": 3, ""num_graphs"": 100, ""num_nodes"": 50, ""p_in"": 0.25, ""p_out"": 0.03, ""seed"": 1}",triangle_injection_removal,"{""alpha"": 0.0, ""edges_added"": 0, ""edges_removed"": 0, ""graphs"": 100, ""graphs_skipped"": 0, ""graphs_success"": 100, ""method"": ""triangle_injection_removal"", ""rewires"": 0, ""triangles_affected"": 0}",0.0,1,structural_statistics_mmd,0.0,0.0,0.0,1.981987499006209,0.0745391845703125,success,
erdos_renyi,"{""edge_probability"": 0.12, ""family"": ""erdos_renyi"", ""m"": 2, ""num_blocks"": 3, ""num_graphs"": 100, ""num_nodes"": 50, ""p_in"": 0.25, ""p_out"": 0.03, ""seed"": 1}",triangle_injection_removal,"{""alpha"": 0.0, ""edges_added"": 0, ""edges_removed"": 0, ""graphs"": 100, ""graphs_skipped"": 0, ""graphs_success"": 100, ""method"": ""triangle_injection_removal"", ""rewires"": 0, ""triangles_affected"": 0}",0.0,1,wl_subtree_kernel_mmd,0.0,0.0,0.0,0.22906397700717207,21.82060432434082,success,
erdos_renyi,"{""edge_probability"": 0.12, ""family"": ""erdos_renyi"", ""m"": 2, ""num_blocks"": 3, ""num_graphs"": 100, ""num_nodes"": 50, ""p_in"": 0.25, ""p_out"": 0.03, ""seed"": 1}",triangle_injection_removal,"{""alpha"": 0.0, ""edges_added"": 0, ""edges_removed"": 0, ""graphs"": 100, ""graphs_skipped"": 0, ""graphs_success"": 100, ""method"": ""triangle_injection_removal"", ""rewires"": 0, ""triangles_affected"": 0}",0.0,1,native_netlsd,0.0,0.0,0.0,73.17111257900251,0.19304656982421875,success,
erdos_renyi,"{""edge_probability"": 0.12, ""family"": ""erdos_renyi"", ""m"": 2, ""num_blocks"": 3, ""num_graphs"": 100, ""num_nodes"": 50, ""p_in"": 0.25, ""p_out"": 0.03, ""seed"": 1}",triangle_injection_removal,"{""alpha"": 0.0, ""edges_added"": 0, ""edges_removed"": 0, ""graphs"": 100, ""graphs_skipped"": 0, ""graphs_success"": 100, ""method"": ""triangle_injection_removal"", ""rewires"": 0, ""triangles_affected"": 0}",0.0,1,diversity_curves_shortest_path,0.0,0.0,0.0,124.19030129999737,0.528289794921875,success,
erdos_renyi,"{""edge_probability"": 0.12, ""family"": ""erdos_renyi"", ""m"": 2, ""num_blocks"": 3, ""num_graphs"": 100, ""num_nodes"": 50, ""p_in"": 0.25, ""p_out"": 0.03, ""seed"": 1}",triangle_injection_removal,"{""alpha"": 0.1, ""edges_added"": 731, ""edges_removed"": 693, ""graphs"": 100, ""graphs_skipped"": 0, ""graphs_success"": 100, ""method"": ""triangle_injection_removal"", ""rewires"": 0, ""triangles_affected"": 1424}",0.1,1,structural_statistics_mmd,0.0016644914075510941,0.9039461921939063,2.4309532756235286,1.9987603560002754,0.06821441650390625,success,
erdos_renyi,"{""edge_probability"": 0.12, ""family"": ""erdos_renyi"", ""m"": 2, ""num_blocks"": 3, ""num_graphs"": 100, ""num_nodes"": 50, ""p_in"": 0.25, ""p_out"": 0.03, ""seed"": 1}",triangle_injection_removal,"{""alpha"": 0.1, ""edges_added"": 731, ""edges_removed"": 693, ""graphs"": 100, ""graphs_skipped"": 0, ""graphs_success"": 100, ""method"": ""triangle_injection_removal"", ""rewires"": 0, ""triangles_affected"": 1424}",0.1,1,wl_subtree_kernel_mmd,3.3406,1.8277308335747908,17.944164995506846,0.2298978290054947,21.868556022644043,success,
erdos_renyi,"{""edge_probability"": 0.12, ""family"": ""erdos_renyi"", ""m"": 2, ""num_blocks"": 3, ""num_graphs"": 100, ""num_nodes"": 50, ""p_in"": 0.25, ""p_out"": 0.03, ""seed"": 1}",triangle_injection_removal,"{""alpha"": 0.1, ""edges_added"": 731, ""edges_removed"": 693, ""graphs"": 100, ""graphs_skipped"": 0, ""graphs_success"": 100, ""method"": ""triangle_injection_removal"", ""rewires"": 0, ""triangles_affected"": 1424}",0.1,1,native_netlsd,0.009834359565528455,0.009834359565528455,0.05107917044672293,73.54764955400606,0.18874359130859375,success,
erdos_renyi,"{""edge_probability"": 0.12, ""family"": ""erdos_renyi"", ""m"": 2, ""num_blocks"": 3, ""num_graphs"": 100, ""num_nodes"": 50, ""p_in"": 0.25, ""p_out"": 0.03, ""seed"": 1}",triangle_injection_removal,"{""alpha"": 0.1, ""edges_added"": 731, ""edges_removed"": 693, ""graphs"": 100, ""graphs_skipped"": 0, ""graphs_success"": 100, ""method"": ""triangle_injection_removal"", ""rewires"": 0, ""triangles_affected"": 1424}",0.1,1,diversity_curves_shortest_path,0.009398333691915785,0.009398333691915785,0.07103048021919621,122.01217699800327,0.139129638671875,success,
erdos_renyi,"{""edge_probability"": 0.12, ""family"": ""erdos_renyi"", ""m"": 2, ""num_blocks"": 3, ""num_graphs"": 100, ""num_nodes"": 50, ""p_in"": 0.25, ""p_out"": 0.03, ""seed"": 1}",triangle_injection_removal,"{""alpha"": 0.2, ""edges_added"": 1482, ""edges_removed"": 1424, ""graphs"": 100, ""graphs_skipped"": 0, ""graphs_success"": 100, ""method"": ""triangle_injection_removal"", ""rewires"": 0, ""triangles_affected"": 2906}",0.2,1,structural_statistics_mmd,0.008331915410367152,2.2220332062343138,3.2027549513183406,1.9753052370069781,0.06821441650390625,success,
erdos_renyi,"{""edge_probability"": 0.12, ""family"": ""erdos_renyi"", ""m"": 2, ""num_blocks"": 3, ""num_graphs"": 100, ""num_nodes"": 50, ""p_in"": 0.25, ""p_out"": 0.03, ""seed"": 1}",triangle_injection_removal,"{""alpha"": 0.2, ""edges_added"": 1482, ""edges_removed"": 1424, ""graphs"": 100, ""graphs_skipped"": 0, ""graphs_success"": 100, ""method"": ""triangle_injection_removal"", ""rewires"": 0, ""triangles_affected"": 2906}",0.2,1,wl_subtree_kernel_mmd,3.4394,1.8545619428857048,18.571388840991073,0.23074601699772757,21.9390287399292,success,
erdos_renyi,"{""edge_probability"": 0.12, ""family"": ""erdos_renyi"", ""m"": 2, ""num_blocks"": 3, ""num_graphs"": 100, ""num_nodes"": 50, ""p_in"": 0.25, ""p_out"": 0.03, ""seed"": 1}",triangle_injection_removal,"{""alpha"": 0.2, ""edges_added"": 1482, ""edges_removed"": 1424, ""graphs"": 100, ""graphs_skipped"": 0, ""graphs_success"": 100, ""method"": ""triangle_injection_removal"", ""rewires"": 0, ""triangles_affected"": 2906}",0.2,1,native_netlsd,0.05872349884125032,0.05872349884125032,0.11433224725006269,73.36378519100253,0.18878936767578125,success,
erdos_renyi,"{""edge_probability"": 0.12, ""family"": ""erdos_renyi"", ""m"": 2, ""num_blocks"": 3, ""num_graphs"": 100, ""num_nodes"": 50, ""p_in"": 0.25, ""p_out"": 0.03, ""seed"": 1}",triangle_injection_removal,"{""alpha"": 0.2, ""edges_added"": 1482, ""edges_removed"": 1424, ""graphs"": 100, ""graphs_skipped"": 0, ""graphs_success"": 100, ""method"": ""triangle_injection_removal"", ""rewires"": 0, ""triangles_affected"": 2906}",0.2,1,diversity_curves_shortest_path,0.03552021777997002,0.03552021777997002,0.11917678820663014,122.36404648100142,0.13933563232421875,success,
erdos_renyi,"{""edge_probability"": 0.12, ""family"": ""erdos_renyi"", ""m"": 2, ""num_blocks"": 3, ""num_graphs"": 100, ""num_nodes"": 50, ""p_in"": 0.25, ""p_out"": 0.03, ""seed"": 1}",triangle_injection_removal,"{""alpha"": 0.3, ""edges_added"": 2209, ""edges_removed"": 2163, ""graphs"": 100, ""graphs_skipped"": 0, ""graphs_success"": 100, ""method"": ""triangle_injection_removal"", ""rewires"": 0, ""triangles_affected"": 4372}",0.3,1,structural_statistics_mmd,0.02322545923325514,3.5581059794478618,4.308531234632727,1.9808443360088859,0.06821441650390625,success,
erdos_renyi,"{""edge_probability"": 0.12, ""family"": ""erdos_renyi"", ""m"": 2, ""num_blocks"": 3, ""num_graphs"": 100, ""num_nodes"": 50, ""p_in"": 0.25, ""p_out"": 0.03, ""seed"": 1}",triangle_injection_removal,"{""alpha"": 0.3, ""edges_added"": 2209, ""edges_removed"": 2163, ""graphs"": 100, ""graphs_skipped"": 0, ""graphs_success"": 100, ""method"": ""triangle_injection_removal"", ""rewires"": 0, ""triangles_affected"": 4372}",0.3,1,wl_subtree_kernel_mmd,3.498400000000002,1.8704010265181106,18.67751184985638,0.23095524200471118,21.963912963867188,success,
erdos_renyi,"{""edge_probability"": 0.12, ""family"": ""erdos_renyi"", ""m"": 2, ""num_blocks"": 3, ""num_graphs"": 100, ""num_nodes"": 50, ""p_in"": 0.25, ""p_out"": 0.03, ""seed"": 1}",triangle_injection_removal,"{""alpha"": 0.3, ""edges_added"": 2209, ""edges_removed"": 2163, ""graphs"": 100, ""graphs_skipped"": 0, ""graphs_success"": 100, ""method"": ""triangle_injection_removal"", ""rewires"": 0, ""triangles_affected"": 4372}",0.3,1,native_netlsd,0.040544701845704405,0.040544701845704405,0.09411785653336394,73.44020904198987,0.18878936767578125,success,
erdos_renyi,"{""edge_probability"": 0.12, ""family"": ""erdos_renyi"", ""m"": 2, ""num_blocks"": 3, ""num_graphs"": 100, ""num_nodes"": 50, ""p_in"": 0.25, ""p_out"": 0.03, ""seed"": 1}",triangle_injection_removal,"{""alpha"": 0.3, ""edges_added"": 2209, ""edges_removed"": 2163, ""graphs"": 100, ""graphs_skipped"": 0, ""graphs_success"": 100, ""method"": ""triangle_injection_removal"", ""rewires"": 0, ""triangles_affected"": 4372}",0.3,1,diversity_curves_shortest_path,0.03810195140782349,0.03810195140782349,0.11122861733204409,122.1329810340103,0.13922882080078125,success,
erdos_renyi,"{""edge_probability"": 0.12, ""family"": ""erdos_renyi"", ""m"": 2, ""num_blocks"": 3, ""num_graphs"": 100, ""num_nodes"": 50, ""p_in"": 0.25, ""p_out"": 0.03, ""seed"": 1}",triangle_injection_removal,"{""alpha"": 0.4, ""edges_added"": 2944, ""edges_removed"": 2906, ""graphs"": 100, ""graphs_skipped"": 0, ""graphs_success"": 100, ""method"": ""triangle_injection_removal"", ""rewires"": 0, ""triangles_affected"": 5850}",0.4,1,structural_statistics_mmd,0.03696556724376088,4.532184827282226,5.129911999601875,1.9759438470064197,0.06821441650390625,success,
erdos_renyi,"{""edge_probability"": 0.12, ""family"": ""erdos_renyi"", ""m"": 2, ""num_blocks"": 3, ""num_graphs"": 100, ""num_nodes"": 50, ""p_in"": 0.25, ""p_out"": 0.03, ""seed"": 1}",triangle_injection_removal,"{""alpha"": 0.4, ""edges_added"": 2944, ""edges_removed"": 2906, ""graphs"": 100, ""graphs_skipped"": 0, ""graphs_success"": 100, ""method"": ""triangle_injection_removal"", ""rewires"": 0, ""triangles_affected"": 5850}",0.4,1,wl_subtree_kernel_mmd,3.6734000000000004,1.9166115934116648,18.911057523546646,0.23405424600059632,21.941752433776855,success,
erdos_renyi,"{""edge_probability"": 0.12, ""family"": ""erdos_renyi"", ""m"": 2, ""num_blocks"": 3, ""num_graphs"": 100, ""num_nodes"": 50, ""p_in"": 0.25, ""p_out"": 0.03, ""seed"": 1}",triangle_injection_removal,"{""alpha"": 0.4, ""edges_added"": 2944, ""edges_removed"": 2906, ""graphs"": 100, ""graphs_skipped"": 0, ""graphs_success"": 100, ""method"": ""triangle_injection_removal"", ""rewires"": 0, ""triangles_affected"": 5850}",0.4,1,native_netlsd,0.12753733321468813,0.12753733321468813,0.18772167168132317,73.41814456800057,0.1887664794921875,success,
erdos_renyi,"{""edge_probability"": 0.12, ""family"": ""erdos_renyi"", ""m"": 2, ""num_blocks"": 3, ""num_graphs"": 100, ""num_nodes"": 50, ""p_in"": 0.25, ""p_out"": 0.03, ""seed"": 1}",triangle_injection_removal,"{""alpha"": 0.4, ""edges_added"": 2944, ""edges_removed"": 2906, ""graphs"": 100, ""graphs_skipped"": 0, ""graphs_success"": 100, ""method"": ""triangle_injection_removal"", ""rewires"": 0, ""triangles_affected"": 5850}",0.4,1,diversity_curves_shortest_path,0.08679878959455833,0.08679878959455833,0.16931961923320502,122.37622430200281,0.13863372802734375,success,
erdos_renyi,"{""edge_probability"": 0.12, ""family"": ""erdos_renyi"", ""m"": 2, ""num_blocks"": 3, ""num_graphs"": 100, ""num_nodes"": 50, ""p_in"": 0.25, ""p_out"": 0.03, ""seed"": 1}",triangle_injection_removal,"{""alpha"": 0.5, ""edges_added"": 3692, ""edges_removed"": 3643, ""graphs"": 100, ""graphs_skipped"": 0, ""graphs_success"": 100, ""method"": ""triangle_injection_removal"", ""rewires"": 0, ""triangles_affected"": 7335}",0.5,1,structural_statistics_mmd,0.043437163258197686,5.163065489206216,5.874484418130725,1.997517184005119,0.06821441650390625,success,
erdos_renyi,"{""edge_probability"": 0.12, ""family"": ""erdos_renyi"", ""m"": 2, ""num_blocks"": 3, ""num_graphs"": 100, ""num_nodes"": 50, ""p_in"": 0.25, ""p_out"": 0.03, ""seed"": 1}",triangle_injection_removal,"{""alpha"": 0.5, ""edges_added"": 3692, ""edges_removed"": 3643, ""graphs"": 100, ""graphs_skipped"": 0, ""graphs_success"": 100, ""method"": ""triangle_injection_removal"", ""rewires"": 0, ""triangles_affected"": 7335}",0.5,1,wl_subtree_kernel_mmd,3.914800000000002,1.9785853532258855,19.050931333645607,0.2337559239967959,21.971689224243164,success,
erdos_renyi,"{""edge_probability"": 0.12, ""family"": ""erdos_renyi"", ""m"": 2, ""num_blocks"": 3, ""num_graphs"": 100, ""num_nodes"": 50, ""p_in"": 0.25, ""p_out"": 0.03, ""seed"": 1}",triangle_injection_removal,"{""alpha"": 0.5, ""edges_added"": 3692, ""edges_removed"": 3643, ""graphs"": 100, ""graphs_skipped"": 0, ""graphs_success"": 100, ""method"": ""triangle_injection_removal"", ""rewires"": 0, ""triangles_affected"": 7335}",0.5,1,native_netlsd,0.13739450744768114,0.13739450744768114,0.18903455690706175,73.35997792200942,0.18878936767578125,success,
erdos_renyi,"{""edge_probability"": 0.12, ""family"": ""erdos_renyi"", ""m"": 2, ""num_blocks"": 3, ""num_graphs"": 100, ""num_nodes"": 50, ""p_in"": 0.25, ""p_out"": 0.03, ""seed"": 1}",triangle_injection_removal,"{""alpha"": 0.5, ""edges_added"": 3692, ""edges_removed"": 3643, ""graphs"": 100, ""graphs_skipped"": 0, ""graphs_success"": 100, ""method"": ""triangle_injection_removal"", ""rewires"": 0, ""triangles_affected"": 7335}",0.5,1,diversity_curves_shortest_path,0.09305018334443976,0.09305018334443976,0.17608868969389613,122.11362081101106,0.13901519775390625,success,
erdos_renyi,"{""edge_probability"": 0.12, ""family"": ""erdos_renyi"", ""m"": 2, ""num_blocks"": 3, ""num_graphs"": 100, ""num_nodes"": 50, ""p_in"": 0.25, ""p_out"": 0.03, ""seed"": 1}",triangle_injection_removal,"{""alpha"": 0.6, ""edges_added"": 4426, ""edges_removed"": 4372, ""graphs"": 100, ""graphs_skipped"": 0, ""graphs_success"": 100, ""method"": ""triangle_injection_removal"", ""rewires"": 0, ""triangles_affected"": 8798}",0.6,1,structural_statistics_mmd,0.06812496854362693,6.362830812518186,7.295771569404611,1.976210013992386,0.0681915283203125,success,
erdos_renyi,"{""edge_probability"": 0.12, ""family"": ""erdos_renyi"", ""m"": 2, ""num_blocks"": 3, ""num_graphs"": 100, ""num_nodes"": 50, ""p_in"": 0.25, ""p_out"": 0.03, ""seed"": 1}",triangle_injection_removal,"{""alpha"": 0.6, ""edges_added"": 4426, ""edges_removed"": 4372, ""graphs"": 100, ""graphs_skipped"": 0, ""graphs_success"": 100, ""method"": ""triangle_injection_removal"", ""rewires"": 0, ""triangles_affected"": 8798}",0.6,1,wl_subtree_kernel_mmd,4.389,2.0949940334043915,19.04808273566321,0.23000561700609978,22.01428985595703,success,
erdos_renyi,"{""edge_probability"": 0.12, ""family"": ""erdos_renyi"", ""m"": 2, ""num_blocks"": 3, ""num_graphs"": 100, ""num_nodes"": 50, ""p_in"": 0.25, ""p_out"": 0.03, ""seed"": 1}",triangle_injection_removal,"{""alpha"": 0.6, ""edges_added"": 4426, ""edges_removed"": 4372, ""graphs"": 100, ""graphs_skipped"": 0, ""graphs_success"": 100, ""method"": ""triangle_injection_removal"", ""rewires"": 0, ""triangles_affected"": 8798}",0.6,1,native_netlsd,0.1771678476482523,0.1771678476482523,0.22327934365168345,73.3861906559905,0.1887664794921875,success,
erdos_renyi,"{""edge_probability"": 0.12, ""family"": ""erdos_renyi"", ""m"": 2, ""num_blocks"": 3, ""num_graphs"": 100, ""num_nodes"": 50, ""p_in"": 0.25, ""p_out"": 0.03, ""seed"": 1}",triangle_injection_removal,"{""alpha"": 0.6, ""edges_added"": 4426, ""edges_removed"": 4372, ""graphs"": 100, ""graphs_skipped"": 0, ""graphs_success"": 100, ""method"": ""triangle_injection_removal"", ""rewires"": 0, ""triangles_affected"": 8798}",0.6,1,diversity_curves_shortest_path,0.1255108368179542,0.1255108368179542,0.19519588636730803,122.03063948599447,0.13878631591796875,success,
erdos_renyi,"{""edge_probability"": 0.12, ""family"": ""erdos_renyi"", ""m"": 2, ""num_blocks"": 3, ""num_graphs"": 100, ""num_nodes"": 50, ""p_in"": 0.25, ""p_out"": 0.03, ""seed"": 1}",triangle_injection_removal,"{""alpha"": 0.7, ""edges_added"": 5156, ""edges_removed"": 5108, ""graphs"": 100, ""graphs_skipped"": 0, ""graphs_success"": 100, ""method"": ""triangle_injection_removal"", ""rewires"": 0, ""triangles_affected"": 10264}",0.7,1,structural_statistics_mmd,0.09662099005515268,7.379862342046676,7.9241951458277065,1.9939054879941978,0.06821441650390625,success,
erdos_renyi,"{""edge_probability"": 0.12, ""family"": ""erdos_renyi"", ""m"": 2, ""num_blocks"": 3, ""num_graphs"": 100, ""num_nodes"": 50, ""p_in"": 0.25, ""p_out"": 0.03, ""seed"": 1}",triangle_injection_removal,"{""alpha"": 0.7, ""edges_added"": 5156, ""edges_removed"": 5108, ""graphs"": 100, ""graphs_skipped"": 0, ""graphs_success"": 100, ""method"": ""triangle_injection_removal"", ""rewires"": 0, ""triangles_affected"": 10264}",0.7,1,wl_subtree_kernel_mmd,5.303200000000002,2.302867777359352,19.231015190597418,0.23303771000064444,22.076799392700195,success,
erdos_renyi,"{""edge_probability"": 0.12, ""family"": ""erdos_renyi"", ""m"": 2, ""num_blocks"": 3, ""num_graphs"": 100, ""num_nodes"": 50, ""p_in"": 0.25, ""p_out"": 0.03, ""seed"": 1}",triangle_injection_removal,"{""alpha"": 0.7, ""edges_added"": 5156, ""edges_removed"": 5108, ""graphs"": 100, ""graphs_skipped"": 0, ""graphs_success"": 100, ""method"": ""triangle_injection_removal"", ""rewires"": 0, ""triangles_affected"": 10264}",0.7,1,native_netlsd,0.1801549821623029,0.1801549821623029,0.2317589140526444,73.46574513299856,0.1887664794921875,success,
erdos_renyi,"{""edge_probability"": 0.12, ""family"": ""erdos_renyi"", ""m"": 2, ""num_blocks"": 3, ""num_graphs"": 100, ""num_nodes"": 50, ""p_in"": 0.25, ""p_out"": 0.03, ""seed"": 1}",triangle_injection_removal,"{""alpha"": 0.7, ""edges_added"": 5156, ""edges_removed"": 5108, ""graphs"": 100, ""graphs_skipped"": 0, ""graphs_success"": 100, ""method"": ""triangle_injection_removal"", ""rewires"": 0, ""triangles_affected"": 10264}",0.7,1,diversity_curves_shortest_path,0.15124464538295931,0.15124464538295931,0.21413986485416317,122.71543772298901,0.139495849609375,success,
erdos_renyi,"{""edge_probability"": 0.12, ""family"": ""erdos_renyi"", ""m"": 2, ""num_blocks"": 3, ""num_graphs"": 100, ""num_nodes"": 50, ""p_in"": 0.25, ""p_out"": 0.03, ""seed"": 1}",triangle_injection_removal,"{""alpha"": 0.8, ""edges_added"": 5892, ""edges_removed"": 5850, ""graphs"": 100, ""graphs_skipped"": 0, ""graphs_success"": 100, ""method"": ""triangle_injection_removal"", ""rewires"": 0, ""triangles_affected"": 11742}",0.8,1,structural_statistics_mmd,0.10506333510157251,8.838231891643671,9.502307635945387,1.9867655349953566,0.07208251953125,success,
erdos_renyi,"{""edge_probability"": 0.12, ""family"": ""erdos_renyi"", ""m"": 2, ""num_blocks"": 3, ""num_graphs"": 100, ""num_nodes"": 50, ""p_in"": 0.25, ""p_out"": 0.03, ""seed"": 1}",triangle_injection_removal,"{""alpha"": 0.8, ""edges_added"": 5892, ""edges_removed"": 5850, ""graphs"": 100, ""graphs_skipped"": 0, ""graphs_success"": 100, ""method"": ""triangle_injection_removal"", ""rewires"": 0, ""triangles_affected"": 11742}",0.8,1,wl_subtree_kernel_mmd,4.9152000000000005,2.217025033688163,19.238197574738543,0.23512957200000528,22.08958148956299,success,
erdos_renyi,"{""edge_probability"": 0.12, ""family"": ""erdos_renyi"", ""m"": 2, ""num_blocks"": 3, ""num_graphs"": 100, ""num_nodes"": 50, ""p_in"": 0.25, ""p_out"": 0.03, ""seed"": 1}",triangle_injection_removal,"{""alpha"": 0.8, ""edges_added"": 5892, ""edges_removed"": 5850, ""graphs"": 100, ""graphs_skipped"": 0, ""graphs_success"": 100, ""method"": ""triangle_injection_removal"", ""rewires"": 0, ""triangles_affected"": 11742}",0.8,1,native_netlsd,0.19505131730433728,0.19505131730433728,0.24884702230187458,73.04910202899191,0.1888275146484375,success,
erdos_renyi,"{""edge_probability"": 0.12, ""family"": ""erdos_renyi"", ""m"": 2, ""num_blocks"": 3, ""num_graphs"": 100, ""num_nodes"": 50, ""p_in"": 0.25, ""p_out"": 0.03, ""seed"": 1}",triangle_injection_removal,"{""alpha"": 0.8, ""edges_added"": 5892, ""edges_removed"": 5850, ""graphs"": 100, ""graphs_skipped"": 0, ""graphs_success"": 100, ""method"": ""triangle_injection_removal"", ""rewires"": 0, ""triangles_affected"": 11742}",0.8,1,diversity_curves_shortest_path,0.15593945924632735,0.15593945924632735,0.22468879208995304,123.56580318100168,0.5266571044921875,success,
erdos_renyi,"{""edge_probability"": 0.12, ""family"": ""erdos_renyi"", ""m"": 2, ""num_blocks"": 3, ""num_graphs"": 100, ""num_nodes"": 50, ""p_in"": 0.25, ""p_out"": 0.03, ""seed"": 1}",triangle_injection_removal,"{""alpha"": 0.9, ""edges_added"": 6632, ""edges_removed"": 6580, ""graphs"": 100, ""graphs_skipped"": 0, ""graphs_success"": 100, ""method"": ""triangle_injection_removal"", ""rewires"": 0, ""triangles_affected"": 13212}",0.9,1,structural_statistics_mmd,0.1536248405965368,10.251413938649536,10.562243518437556,2.0544450040033553,0.0681915283203125,success,
erdos_renyi,"{""edge_probability"": 0.12, ""family"": ""erdos_renyi"", ""m"": 2, ""num_blocks"": 3, ""num_graphs"": 100, ""num_nodes"": 50, ""p_in"": 0.25, ""p_out"": 0.03, ""seed"": 1}",triangle_injection_removal,"{""alpha"": 0.9, ""edges_added"": 6632, ""edges_removed"": 6580, ""graphs"": 100, ""graphs_skipped"": 0, ""graphs_success"": 100, ""method"": ""triangle_injection_removal"", ""rewires"": 0, ""triangles_affected"": 13212}",0.9,1,wl_subtree_kernel_mmd,5.757200000000004,2.399416595758228,19.28057507053705,0.2322994389978703,22.20166301727295,success,
erdos_renyi,"{""edge_probability"": 0.12, ""family"": ""erdos_renyi"", ""m"": 2, ""num_blocks"": 3, ""num_graphs"": 100, ""num_nodes"": 50, ""p_in"": 0.25, ""p_out"": 0.03, ""seed"": 1}",triangle_injection_removal,"{""alpha"": 0.9, ""edges_added"": 6632, ""edges_removed"": 6580, ""graphs"": 100, ""graphs_skipped"": 0, ""graphs_success"": 100, ""method"": ""triangle_injection_removal"", ""rewires"": 0, ""triangles_affected"": 13212}",0.9,1,native_netlsd,0.21193915204512156,0.21193915204512156,0.2586375607540705,73.41859136499988,0.18878936767578125,success,
erdos_renyi,"{""edge_probability"": 0.12, ""family"": ""erdos_renyi"", ""m"": 2, ""num_blocks"": 3, ""num_graphs"": 100, ""num_nodes"": 50, ""p_in"": 0.25, ""p_out"": 0.03, ""seed"": 1}",triangle_injection_removal,"{""alpha"": 0.9, ""edges_added"": 6632, ""edges_removed"": 6580, ""graphs"": 100, ""graphs_skipped"": 0, ""graphs_success"": 100, ""method"": ""triangle_injection_removal"", ""rewires"": 0, ""triangles_affected"": 13212}",0.9,1,diversity_curves_shortest_path,0.1757470303626036,0.1757470303626036,0.23323750669250598,122.18203229201026,0.13957977294921875,success,
erdos_renyi,"{""edge_probability"": 0.12, ""family"": ""erdos_renyi"", ""m"": 2, ""num_blocks"": 3, ""num_graphs"": 100, ""num_nodes"": 50, ""p_in"": 0.25, ""p_out"": 0.03, ""seed"": 1}",triangle_injection_removal,"{""alpha"": 1.0, ""edges_added"": 7395, ""edges_removed"": 7335, ""graphs"": 100, ""graphs_skipped"": 0, ""graphs_success"": 100, ""method"": ""triangle_injection_removal"", ""rewires"": 0, ""triangles_affected"": 14730}",1.0,1,structural_statistics_mmd,0.1887993759065767,11.218198996179703,11.642242264681656,2.0100338979973458,0.06821441650390625,success,
erdos_renyi,"{""edge_probability"": 0.12, ""family"": ""erdos_renyi"", ""m"": 2, ""num_blocks"": 3, ""num_graphs"": 100, ""num_nodes"": 50, ""p_in"": 0.25, ""p_out"": 0.03, ""seed"": 1}",triangle_injection_removal,"{""alpha"": 1.0, ""edges_added"": 7395, ""edges_removed"": 7335, ""graphs"": 100, ""graphs_skipped"": 0, ""graphs_success"": 100, ""method"": ""triangle_injection_removal"", ""rewires"": 0, ""triangles_affected"": 14730}",1.0,1,wl_subtree_kernel_mmd,6.794600000000002,2.606645353706561,19.24102540805042,0.23180063399195205,22.234314918518066,success,
erdos_renyi,"{""edge_probability"": 0.12, ""family"": ""erdos_renyi"", ""m"": 2, ""num_blocks"": 3, ""num_graphs"": 100, ""num_nodes"": 50, ""p_in"": 0.25, ""p_out"": 0.03, ""seed"": 1}",triangle_injection_removal,"{""alpha"": 1.0, ""edges_added"": 7395, ""edges_removed"": 7335, ""graphs"": 100, ""graphs_skipped"": 0, ""graphs_success"": 100, ""method"": ""triangle_injection_removal"", ""rewires"": 0, ""triangles_affected"": 14730}",1.0,1,native_netlsd,0.18754900590761342,0.18754900590761342,0.23775369773688712,73.40115550799237,0.188812255859375,success,
erdos_renyi,"{""edge_probability"": 0.12, ""family"": ""erdos_renyi"", ""m"": 2, ""num_blocks"": 3, ""num_graphs"": 100, ""num_nodes"": 50, ""p_in"": 0.25, ""p_out"": 0.03, ""seed"": 1}",triangle_injection_removal,"{""alpha"": 1.0, ""edges_added"": 7395, ""edges_removed"": 7335, ""graphs"": 100, ""graphs_skipped"": 0, ""graphs_success"": 100, ""method"": ""triangle_injection_removal"", ""rewires"": 0, ""triangles_affected"": 14730}",1.0,1,diversity_curves_shortest_path,0.16123673631967367,0.16123673631967367,0.22603921745769642,123.13066535899998,0.13941192626953125,success,
erdos_renyi,"{""edge_probability"": 0.12, ""family"": ""erdos_renyi"", ""m"": 2, ""num_blocks"": 3, ""num_graphs"": 100, ""num_nodes"": 50, ""p_in"": 0.25, ""p_out"": 0.03, ""seed"": 1}",community_weakening,"{""alpha"": 0.0, ""edges_added"": 0, ""edges_removed"": 0, ""graphs"": 100, ""graphs_skipped"": 100, ""graphs_success"": 0, ""method"": ""community_weakening"", ""rewires"": 0, ""triangles_affected"": 0}",0.0,1,structural_statistics_mmd,,,,0.0,,skipped,community_weakening requires community_labels metadata
erdos_renyi,"{""edge_probability"": 0.12, ""family"": ""erdos_renyi"", ""m"": 2, ""num_blocks"": 3, ""num_graphs"": 100, ""num_nodes"": 50, ""p_in"": 0.25, ""p_out"": 0.03, ""seed"": 1}",community_weakening,"{""alpha"": 0.0, ""edges_added"": 0, ""edges_removed"": 0, ""graphs"": 100, ""graphs_skipped"": 100, ""graphs_success"": 0, ""method"": ""community_weakening"", ""rewires"": 0, ""triangles_affected"": 0}",0.0,1,wl_subtree_kernel_mmd,,,,0.0,,skipped,community_weakening requires community_labels metadata
erdos_renyi,"{""edge_probability"": 0.12, ""family"": ""erdos_renyi"", ""m"": 2, ""num_blocks"": 3, ""num_graphs"": 100, ""num_nodes"": 50, ""p_in"": 0.25, ""p_out"": 0.03, ""seed"": 1}",community_weakening,"{""alpha"": 0.0, ""edges_added"": 0, ""edges_removed"": 0, ""graphs"": 100, ""graphs_skipped"": 100, ""graphs_success"": 0, ""method"": ""community_weakening"", ""rewires"": 0, ""triangles_affected"": 0}",0.0,1,native_netlsd,,,,0.0,,skipped,community_weakening requires community_labels metadata
erdos_renyi,"{""edge_probability"": 0.12, ""family"": ""erdos_renyi"", ""m"": 2, ""num_blocks"": 3, ""num_graphs"": 100, ""num_nodes"": 50, ""p_in"": 0.25, ""p_out"": 0.03, ""seed"": 1}",community_weakening,"{""alpha"": 0.0, ""edges_added"": 0, ""edges_removed"": 0, ""graphs"": 100, ""graphs_skipped"": 100, ""graphs_success"": 0, ""method"": ""community_weakening"", ""rewires"": 0, ""triangles_affected"": 0}",0.0,1,diversity_curves_shortest_path,,,,0.0,,skipped,community_weakening requires community_labels metadata
erdos_renyi,"{""edge_probability"": 0.12, ""family"": ""erdos_renyi"", ""m"": 2, ""num_blocks"": 3, ""num_graphs"": 100, ""num_nodes"": 50, ""p_in"": 0.25, ""p_out"": 0.03, ""seed"": 1}",community_weakening,"{""alpha"": 0.1, ""edges_added"": 0, ""edges_removed"": 0, ""graphs"": 100, ""graphs_skipped"": 100, ""graphs_success"": 0, ""method"": ""community_weakening"", ""rewires"": 0, ""triangles_affected"": 0}",0.1,1,structural_statistics_mmd,,,,0.0,,skipped,community_weakening requires community_labels metadata
erdos_renyi,"{""edge_probability"": 0.12, ""family"": ""erdos_renyi"", ""m"": 2, ""num_blocks"": 3, ""num_graphs"": 100, ""num_nodes"": 50, ""p_in"": 0.25, ""p_out"": 0.03, ""seed"": 1}",community_weakening,"{""alpha"": 0.1, ""edges_added"": 0, ""edges_removed"": 0, ""graphs"": 100, ""graphs_skipped"": 100, ""graphs_success"": 0, ""method"": ""community_weakening"", ""rewires"": 0, ""triangles_affected"": 0}",0.1,1,wl_subtree_kernel_mmd,,,,0.0,,skipped,community_weakening requires community_labels metadata
erdos_renyi,"{""edge_probability"": 0.12, ""family"": ""erdos_renyi"", ""m"": 2, ""num_blocks"": 3, ""num_graphs"": 100, ""num_nodes"": 50, ""p_in"": 0.25, ""p_out"": 0.03, ""seed"": 1}",community_weakening,"{""alpha"": 0.1, ""edges_added"": 0, ""edges_removed"": 0, ""graphs"": 100, ""graphs_skipped"": 100, ""graphs_success"": 0, ""method"": ""community_weakening"", ""rewires"": 0, ""triangles_affected"": 0}",0.1,1,native_netlsd,,,,0.0,,skipped,community_weakening requires community_labels metadata
erdos_renyi,"{""edge_probability"": 0.12, ""family"": ""erdos_renyi"", ""m"": 2, ""num_blocks"": 3, ""num_graphs"": 100, ""num_nodes"": 50, ""p_in"": 0.25, ""p_out"": 0.03, ""seed"": 1}",community_weakening,"{""alpha"": 0.1, ""edges_added"": 0, ""edges_removed"": 0, ""graphs"": 100, ""graphs_skipped"": 100, ""graphs_success"": 0, ""method"": ""community_weakening"", ""rewires"": 0, ""triangles_affected"": 0}",0.1,1,diversity_curves_shortest_path,,,,0.0,,skipped,community_weakening requires community_labels metadata
erdos_renyi,"{""edge_probability"": 0.12, ""family"": ""erdos_renyi"", ""m"": 2, ""num_blocks"": 3, ""num_graphs"": 100, ""num_nodes"": 50, ""p_in"": 0.25, ""p_out"": 0.03, ""seed"": 1}",community_weakening,"{""alpha"": 0.2, ""edges_added"": 0, ""edges_removed"": 0, ""graphs"": 100, ""graphs_skipped"": 100, ""graphs_success"": 0, ""method"": ""community_weakening"", ""rewires"": 0, ""triangles_affected"": 0}",0.2,1,structural_statistics_mmd,,,,0.0,,skipped,community_weakening requires community_labels metadata
erdos_renyi,"{""edge_probability"": 0.12, ""family"": ""erdos_renyi"", ""m"": 2, ""num_blocks"": 3, ""num_graphs"": 100, ""num_nodes"": 50, ""p_in"": 0.25, ""p_out"": 0.03, ""seed"": 1}",community_weakening,"{""alpha"": 0.2, ""edges_added"": 0, ""edges_removed"": 0, ""graphs"": 100, ""graphs_skipped"": 100, ""graphs_success"": 0, ""method"": ""community_weakening"", ""rewires"": 0, ""triangles_affected"": 0}",0.2,1,wl_subtree_kernel_mmd,,,,0.0,,skipped,community_weakening requires community_labels metadata
erdos_renyi,"{""edge_probability"": 0.12, ""family"": ""erdos_renyi"", ""m"": 2, ""num_blocks"": 3, ""num_graphs"": 100, ""num_nodes"": 50, ""p_in"": 0.25, ""p_out"": 0.03, ""seed"": 1}",community_weakening,"{""alpha"": 0.2, ""edges_added"": 0, ""edges_removed"": 0, ""graphs"": 100, ""graphs_skipped"": 100, ""graphs_success"": 0, ""method"": ""community_weakening"", ""rewires"": 0, ""triangles_affected"": 0}",0.2,1,native_netlsd,,,,0.0,,skipped,community_weakening requires community_labels metadata
erdos_renyi,"{""edge_probability"": 0.12, ""family"": ""erdos_renyi"", ""m"": 2, ""num_blocks"": 3, ""num_graphs"": 100, ""num_nodes"": 50, ""p_in"": 0.25, ""p_out"": 0.03, ""seed"": 1}",community_weakening,"{""alpha"": 0.2, ""edges_added"": 0, ""edges_removed"": 0, ""graphs"": 100, ""graphs_skipped"": 100, ""graphs_success"": 0, ""method"": ""community_weakening"", ""rewires"": 0, ""triangles_affected"": 0}",0.2,1,diversity_curves_shortest_path,,,,0.0,,skipped,community_weakening requires community_labels metadata
erdos_renyi,"{""edge_probability"": 0.12, ""family"": ""erdos_renyi"", ""m"": 2, ""num_blocks"": 3, ""num_graphs"": 100, ""num_nodes"": 50, ""p_in"": 0.25, ""p_out"": 0.03, ""seed"": 1}",community_weakening,"{""alpha"": 0.3, ""edges_added"": 0, ""edges_removed"": 0, ""graphs"": 100, ""graphs_skipped"": 100, ""graphs_success"": 0, ""method"": ""community_weakening"", ""rewires"": 0, ""triangles_affected"": 0}",0.3,1,structural_statistics_mmd,,,,0.0,,skipped,community_weakening requires community_labels metadata
erdos_renyi,"{""edge_probability"": 0.12, ""family"": ""erdos_renyi"", ""m"": 2, ""num_blocks"": 3, ""num_graphs"": 100, ""num_nodes"": 50, ""p_in"": 0.25, ""p_out"": 0.03, ""seed"": 1}",community_weakening,"{""alpha"": 0.3, ""edges_added"": 0, ""edges_removed"": 0, ""graphs"": 100, ""graphs_skipped"": 100, ""graphs_success"": 0, ""method"": ""community_weakening"", ""rewires"": 0, ""triangles_affected"": 0}",0.3,1,wl_subtree_kernel_mmd,,,,0.0,,skipped,community_weakening requires community_labels metadata
erdos_renyi,"{""edge_probability"": 0.12, ""family"": ""erdos_renyi"", ""m"": 2, ""num_blocks"": 3, ""num_graphs"": 100, ""num_nodes"": 50, ""p_in"": 0.25, ""p_out"": 0.03, ""seed"": 1}",community_weakening,"{""alpha"": 0.3, ""edges_added"": 0, ""edges_removed"": 0, ""graphs"": 100, ""graphs_skipped"": 100, ""graphs_success"": 0, ""method"": ""community_weakening"", ""rewires"": 0, ""triangles_affected"": 0}",0.3,1,native_netlsd,,,,0.0,,skipped,community_weakening requires community_labels metadata
erdos_renyi,"{""edge_probability"": 0.12, ""family"": ""erdos_renyi"", ""m"": 2, ""num_blocks"": 3, ""num_graphs"": 100, ""num_nodes"": 50, ""p_in"": 0.25, ""p_out"": 0.03, ""seed"": 1}",community_weakening,"{""alpha"": 0.3, ""edges_added"": 0, ""edges_removed"": 0, ""graphs"": 100, ""graphs_skipped"": 100, ""graphs_success"": 0, ""method"": ""community_weakening"", ""rewires"": 0, ""triangles_affected"": 0}",0.3,1,diversity_curves_shortest_path,,,,0.0,,skipped,community_weakening requires community_labels metadata
erdos_renyi,"{""edge_probability"": 0.12, ""family"": ""erdos_renyi"", ""m"": 2, ""num_blocks"": 3, ""num_graphs"": 100, ""num_nodes"": 50, ""p_in"": 0.25, ""p_out"": 0.03, ""seed"": 1}",community_weakening,"{""alpha"": 0.4, ""edges_added"": 0, ""edges_removed"": 0, ""graphs"": 100, ""graphs_skipped"": 100, ""graphs_success"": 0, ""method"": ""community_weakening"", ""rewires"": 0, ""triangles_affected"": 0}",0.4,1,structural_statistics_mmd,,,,0.0,,skipped,community_weakening requires community_labels metadata
erdos_renyi,"{""edge_probability"": 0.12, ""family"": ""erdos_renyi"", ""m"": 2, ""num_blocks"": 3, ""num_graphs"": 100, ""num_nodes"": 50, ""p_in"": 0.25, ""p_out"": 0.03, ""seed"": 1}",community_weakening,"{""alpha"": 0.4, ""edges_added"": 0, ""edges_removed"": 0, ""graphs"": 100, ""graphs_skipped"": 100, ""graphs_success"": 0, ""method"": ""community_weakening"", ""rewires"": 0, ""triangles_affected"": 0}",0.4,1,wl_subtree_kernel_mmd,,,,0.0,,skipped,community_weakening requires community_labels metadata
erdos_renyi,"{""edge_probability"": 0.12, ""family"": ""erdos_renyi"", ""m"": 2, ""num_blocks"": 3, ""num_graphs"": 100, ""num_nodes"": 50, ""p_in"": 0.25, ""p_out"": 0.03, ""seed"": 1}",community_weakening,"{""alpha"": 0.4, ""edges_added"": 0, ""edges_removed"": 0, ""graphs"": 100, ""graphs_skipped"": 100, ""graphs_success"": 0, ""method"": ""community_weakening"", ""rewires"": 0, ""triangles_affected"": 0}",0.4,1,native_netlsd,,,,0.0,,skipped,community_weakening requires community_labels metadata
erdos_renyi,"{""edge_probability"": 0.12, ""family"": ""erdos_renyi"", ""m"": 2, ""num_blocks"": 3, ""num_graphs"": 100, ""num_nodes"": 50, ""p_in"": 0.25, ""p_out"": 0.03, ""seed"": 1}",community_weakening,"{""alpha"": 0.4, ""edges_added"": 0, ""edges_removed"": 0, ""graphs"": 100, ""graphs_skipped"": 100, ""graphs_success"": 0, ""method"": ""community_weakening"", ""rewires"": 0, ""triangles_affected"": 0}",0.4,1,diversity_curves_shortest_path,,,,0.0,,skipped,community_weakening requires community_labels metadata
erdos_renyi,"{""edge_probability"": 0.12, ""family"": ""erdos_renyi"", ""m"": 2, ""num_blocks"": 3, ""num_graphs"": 100, ""num_nodes"": 50, ""p_in"": 0.25, ""p_out"": 0.03, ""seed"": 1}",community_weakening,"{""alpha"": 0.5, ""edges_added"": 0, ""edges_removed"": 0, ""graphs"": 100, ""graphs_skipped"": 100, ""graphs_success"": 0, ""method"": ""community_weakening"", ""rewires"": 0, ""triangles_affected"": 0}",0.5,1,structural_statistics_mmd,,,,0.0,,skipped,community_weakening requires community_labels metadata
erdos_renyi,"{""edge_probability"": 0.12, ""family"": ""erdos_renyi"", ""m"": 2, ""num_blocks"": 3, ""num_graphs"": 100, ""num_nodes"": 50, ""p_in"": 0.25, ""p_out"": 0.03, ""seed"": 1}",community_weakening,"{""alpha"": 0.5, ""edges_added"": 0, ""edges_removed"": 0, ""graphs"": 100, ""graphs_skipped"": 100, ""graphs_success"": 0, ""method"": ""community_weakening"", ""rewires"": 0, ""triangles_affected"": 0}",0.5,1,wl_subtree_kernel_mmd,,,,0.0,,skipped,community_weakening requires community_labels metadata
erdos_renyi,"{""edge_probability"": 0.12, ""family"": ""erdos_renyi"", ""m"": 2, ""num_blocks"": 3, ""num_graphs"": 100, ""num_nodes"": 50, ""p_in"": 0.25, ""p_out"": 0.03, ""seed"": 1}",community_weakening,"{""alpha"": 0.5, ""edges_added"": 0, ""edges_removed"": 0, ""graphs"": 100, ""graphs_skipped"": 100, ""graphs_success"": 0, ""method"": ""community_weakening"", ""rewires"": 0, ""triangles_affected"": 0}",0.5,1,native_netlsd,,,,0.0,,skipped,community_weakening requires community_labels metadata
erdos_renyi,"{""edge_probability"": 0.12, ""family"": ""erdos_renyi"", ""m"": 2, ""num_blocks"": 3, ""num_graphs"": 100, ""num_nodes"": 50, ""p_in"": 0.25, ""p_out"": 0.03, ""seed"": 1}",community_weakening,"{""alpha"": 0.5, ""edges_added"": 0, ""edges_removed"": 0, ""graphs"": 100, ""graphs_skipped"": 100, ""graphs_success"": 0, ""method"": ""community_weakening"", ""rewires"": 0, ""triangles_affected"": 0}",0.5,1,diversity_curves_shortest_path,,,,0.0,,skipped,community_weakening requires community_labels metadata
erdos_renyi,"{""edge_probability"": 0.12, ""family"": ""erdos_renyi"", ""m"": 2, ""num_blocks"": 3, ""num_graphs"": 100, ""num_nodes"": 50, ""p_in"": 0.25, ""p_out"": 0.03, ""seed"": 1}",community_weakening,"{""alpha"": 0.6, ""edges_added"": 0, ""edges_removed"": 0, ""graphs"": 100, ""graphs_skipped"": 100, ""graphs_success"": 0, ""method"": ""community_weakening"", ""rewires"": 0, ""triangles_affected"": 0}",0.6,1,structural_statistics_mmd,,,,0.0,,skipped,community_weakening requires community_labels metadata
erdos_renyi,"{""edge_probability"": 0.12, ""family"": ""erdos_renyi"", ""m"": 2, ""num_blocks"": 3, ""num_graphs"": 100, ""num_nodes"": 50, ""p_in"": 0.25, ""p_out"": 0.03, ""seed"": 1}",community_weakening,"{""alpha"": 0.6, ""edges_added"": 0, ""edges_removed"": 0, ""graphs"": 100, ""graphs_skipped"": 100, ""graphs_success"": 0, ""method"": ""community_weakening"", ""rewires"": 0, ""triangles_affected"": 0}",0.6,1,wl_subtree_kernel_mmd,,,,0.0,,skipped,community_weakening requires community_labels metadata
erdos_renyi,"{""edge_probability"": 0.12, ""family"": ""erdos_renyi"", ""m"": 2, ""num_blocks"": 3, ""num_graphs"": 100, ""num_nodes"": 50, ""p_in"": 0.25, ""p_out"": 0.03, ""seed"": 1}",community_weakening,"{""alpha"": 0.6, ""edges_added"": 0, ""edges_removed"": 0, ""graphs"": 100, ""graphs_skipped"": 100, ""graphs_success"": 0, ""method"": ""community_weakening"", ""rewires"": 0, ""triangles_affected"": 0}",0.6,1,native_netlsd,,,,0.0,,skipped,community_weakening requires community_labels metadata
erdos_renyi,"{""edge_probability"": 0.12, ""family"": ""erdos_renyi"", ""m"": 2, ""num_blocks"": 3, ""num_graphs"": 100, ""num_nodes"": 50, ""p_in"": 0.25, ""p_out"": 0.03, ""seed"": 1}",community_weakening,"{""alpha"": 0.6, ""edges_added"": 0, ""edges_removed"": 0, ""graphs"": 100, ""graphs_skipped"": 100, ""graphs_success"": 0, ""method"": ""community_weakening"", ""rewires"": 0, ""triangles_affected"": 0}",0.6,1,diversity_curves_shortest_path,,,,0.0,,skipped,community_weakening requires community_labels metadata
erdos_renyi,"{""edge_probability"": 0.12, ""family"": ""erdos_renyi"", ""m"": 2, ""num_blocks"": 3, ""num_graphs"": 100, ""num_nodes"": 50, ""p_in"": 0.25, ""p_out"": 0.03, ""seed"": 1}",community_weakening,"{""alpha"": 0.7, ""edges_added"": 0, ""edges_removed"": 0, ""graphs"": 100, ""graphs_skipped"": 100, ""graphs_success"": 0, ""method"": ""community_weakening"", ""rewires"": 0, ""triangles_affected"": 0}",0.7,1,structural_statistics_mmd,,,,0.0,,skipped,community_weakening requires community_labels metadata
erdos_renyi,"{""edge_probability"": 0.12, ""family"": ""erdos_renyi"", ""m"": 2, ""num_blocks"": 3, ""num_graphs"": 100, ""num_nodes"": 50, ""p_in"": 0.25, ""p_out"": 0.03, ""seed"": 1}",community_weakening,"{""alpha"": 0.7, ""edges_added"": 0, ""edges_removed"": 0, ""graphs"": 100, ""graphs_skipped"": 100, ""graphs_success"": 0, ""method"": ""community_weakening"", ""rewires"": 0, ""triangles_affected"": 0}",0.7,1,wl_subtree_kernel_mmd,,,,0.0,,skipped,community_weakening requires community_labels metadata
erdos_renyi,"{""edge_probability"": 0.12, ""family"": ""erdos_renyi"", ""m"": 2, ""num_blocks"": 3, ""num_graphs"": 100, ""num_nodes"": 50, ""p_in"": 0.25, ""p_out"": 0.03, ""seed"": 1}",community_weakening,"{""alpha"": 0.7, ""edges_added"": 0, ""edges_removed"": 0, ""graphs"": 100, ""graphs_skipped"": 100, ""graphs_success"": 0, ""method"": ""community_weakening"", ""rewires"": 0, ""triangles_affected"": 0}",0.7,1,native_netlsd,,,,0.0,,skipped,community_weakening requires community_labels metadata
erdos_renyi,"{""edge_probability"": 0.12, ""family"": ""erdos_renyi"", ""m"": 2, ""num_blocks"": 3, ""num_graphs"": 100, ""num_nodes"": 50, ""p_in"": 0.25, ""p_out"": 0.03, ""seed"": 1}",community_weakening,"{""alpha"": 0.7, ""edges_added"": 0, ""edges_removed"": 0, ""graphs"": 100, ""graphs_skipped"": 100, ""graphs_success"": 0, ""method"": ""community_weakening"", ""rewires"": 0, ""triangles_affected"": 0}",0.7,1,diversity_curves_shortest_path,,,,0.0,,skipped,community_weakening requires community_labels metadata
erdos_renyi,"{""edge_probability"": 0.12, ""family"": ""erdos_renyi"", ""m"": 2, ""num_blocks"": 3, ""num_graphs"": 100, ""num_nodes"": 50, ""p_in"": 0.25, ""p_out"": 0.03, ""seed"": 1}",community_weakening,"{""alpha"": 0.8, ""edges_added"": 0, ""edges_removed"": 0, ""graphs"": 100, ""graphs_skipped"": 100, ""graphs_success"": 0, ""method"": ""community_weakening"", ""rewires"": 0, ""triangles_affected"": 0}",0.8,1,structural_statistics_mmd,,,,0.0,,skipped,community_weakening requires community_labels metadata
erdos_renyi,"{""edge_probability"": 0.12, ""family"": ""erdos_renyi"", ""m"": 2, ""num_blocks"": 3, ""num_graphs"": 100, ""num_nodes"": 50, ""p_in"": 0.25, ""p_out"": 0.03, ""seed"": 1}",community_weakening,"{""alpha"": 0.8, ""edges_added"": 0, ""edges_removed"": 0, ""graphs"": 100, ""graphs_skipped"": 100, ""graphs_success"": 0, ""method"": ""community_weakening"", ""rewires"": 0, ""triangles_affected"": 0}",0.8,1,wl_subtree_kernel_mmd,,,,0.0,,skipped,community_weakening requires community_labels metadata
erdos_renyi,"{""edge_probability"": 0.12, ""family"": ""erdos_renyi"", ""m"": 2, ""num_blocks"": 3, ""num_graphs"": 100, ""num_nodes"": 50, ""p_in"": 0.25, ""p_out"": 0.03, ""seed"": 1}",community_weakening,"{""alpha"": 0.8, ""edges_added"": 0, ""edges_removed"": 0, ""graphs"": 100, ""graphs_skipped"": 100, ""graphs_success"": 0, ""method"": ""community_weakening"", ""rewires"": 0, ""triangles_affected"": 0}",0.8,1,native_netlsd,,,,0.0,,skipped,community_weakening requires community_labels metadata
erdos_renyi,"{""edge_probability"": 0.12, ""family"": ""erdos_renyi"", ""m"": 2, ""num_blocks"": 3, ""num_graphs"": 100, ""num_nodes"": 50, ""p_in"": 0.25, ""p_out"": 0.03, ""seed"": 1}",community_weakening,"{""alpha"": 0.8, ""edges_added"": 0, ""edges_removed"": 0, ""graphs"": 100, ""graphs_skipped"": 100, ""graphs_success"": 0, ""method"": ""community_weakening"", ""rewires"": 0, ""triangles_affected"": 0}",0.8,1,diversity_curves_shortest_path,,,,0.0,,skipped,community_weakening requires community_labels metadata
erdos_renyi,"{""edge_probability"": 0.12, ""family"": ""erdos_renyi"", ""m"": 2, ""num_blocks"": 3, ""num_graphs"": 100, ""num_nodes"": 50, ""p_in"": 0.25, ""p_out"": 0.03, ""seed"": 1}",community_weakening,"{""alpha"": 0.9, ""edges_added"": 0, ""edges_removed"": 0, ""graphs"": 100, ""graphs_skipped"": 100, ""graphs_success"": 0, ""method"": ""community_weakening"", ""rewires"": 0, ""triangles_affected"": 0}",0.9,1,structural_statistics_mmd,,,,0.0,,skipped,community_weakening requires community_labels metadata
erdos_renyi,"{""edge_probability"": 0.12, ""family"": ""erdos_renyi"", ""m"": 2, ""num_blocks"": 3, ""num_graphs"": 100, ""num_nodes"": 50, ""p_in"": 0.25, ""p_out"": 0.03, ""seed"": 1}",community_weakening,"{""alpha"": 0.9, ""edges_added"": 0, ""edges_removed"": 0, ""graphs"": 100, ""graphs_skipped"": 100, ""graphs_success"": 0, ""method"": ""community_weakening"", ""rewires"": 0, ""triangles_affected"": 0}",0.9,1,wl_subtree_kernel_mmd,,,,0.0,,skipped,community_weakening requires community_labels metadata
erdos_renyi,"{""edge_probability"": 0.12, ""family"": ""erdos_renyi"", ""m"": 2, ""num_blocks"": 3, ""num_graphs"": 100, ""num_nodes"": 50, ""p_in"": 0.25, ""p_out"": 0.03, ""seed"": 1}",community_weakening,"{""alpha"": 0.9, ""edges_added"": 0, ""edges_removed"": 0, ""graphs"": 100, ""graphs_skipped"": 100, ""graphs_success"": 0, ""method"": ""community_weakening"", ""rewires"": 0, ""triangles_affected"": 0}",0.9,1,native_netlsd,,,,0.0,,skipped,community_weakening requires community_labels metadata
erdos_renyi,"{""edge_probability"": 0.12, ""family"": ""erdos_renyi"", ""m"": 2, ""num_blocks"": 3, ""num_graphs"": 100, ""num_nodes"": 50, ""p_in"": 0.25, ""p_out"": 0.03, ""seed"": 1}",community_weakening,"{""alpha"": 0.9, ""edges_added"": 0, ""edges_removed"": 0, ""graphs"": 100, ""graphs_skipped"": 100, ""graphs_success"": 0, ""method"": ""community_weakening"", ""rewires"": 0, ""triangles_affected"": 0}",0.9,1,diversity_curves_shortest_path,,,,0.0,,skipped,community_weakening requires community_labels metadata
erdos_renyi,"{""edge_probability"": 0.12, ""family"": ""erdos_renyi"", ""m"": 2, ""num_blocks"": 3, ""num_graphs"": 100, ""num_nodes"": 50, ""p_in"": 0.25, ""p_out"": 0.03, ""seed"": 1}",community_weakening,"{""alpha"": 1.0, ""edges_added"": 0, ""edges_removed"": 0, ""graphs"": 100, ""graphs_skipped"": 100, ""graphs_success"": 0, ""method"": ""community_weakening"", ""rewires"": 0, ""triangles_affected"": 0}",1.0,1,structural_statistics_mmd,,,,0.0,,skipped,community_weakening requires community_labels metadata
erdos_renyi,"{""edge_probability"": 0.12, ""family"": ""erdos_renyi"", ""m"": 2, ""num_blocks"": 3, ""num_graphs"": 100, ""num_nodes"": 50, ""p_in"": 0.25, ""p_out"": 0.03, ""seed"": 1}",community_weakening,"{""alpha"": 1.0, ""edges_added"": 0, ""edges_removed"": 0, ""graphs"": 100, ""graphs_skipped"": 100, ""graphs_success"": 0, ""method"": ""community_weakening"", ""rewires"": 0, ""triangles_affected"": 0}",1.0,1,wl_subtree_kernel_mmd,,,,0.0,,skipped,community_weakening requires community_labels metadata
erdos_renyi,"{""edge_probability"": 0.12, ""family"": ""erdos_renyi"", ""m"": 2, ""num_blocks"": 3, ""num_graphs"": 100, ""num_nodes"": 50, ""p_in"": 0.25, ""p_out"": 0.03, ""seed"": 1}",community_weakening,"{""alpha"": 1.0, ""edges_added"": 0, ""edges_removed"": 0, ""graphs"": 100, ""graphs_skipped"": 100, ""graphs_success"": 0, ""method"": ""community_weakening"", ""rewires"": 0, ""triangles_affected"": 0}",1.0,1,native_netlsd,,,,0.0,,skipped,community_weakening requires community_labels metadata
erdos_renyi,"{""edge_probability"": 0.12, ""family"": ""erdos_renyi"", ""m"": 2, ""num_blocks"": 3, ""num_graphs"": 100, ""num_nodes"": 50, ""p_in"": 0.25, ""p_out"": 0.03, ""seed"": 1}",community_weakening,"{""alpha"": 1.0, ""edges_added"": 0, ""edges_removed"": 0, ""graphs"": 100, ""graphs_skipped"": 100, ""graphs_success"": 0, ""method"": ""community_weakening"", ""rewires"": 0, ""triangles_affected"": 0}",1.0,1,diversity_curves_shortest_path,,,,0.0,,skipped,community_weakening requires community_labels metadata
erdos_renyi,"{""edge_probability"": 0.12, ""family"": ""erdos_renyi"", ""m"": 2, ""num_blocks"": 3, ""num_graphs"": 100, ""num_nodes"": 50, ""p_in"": 0.25, ""p_out"": 0.03, ""seed"": 1}",hub_modification,"{""alpha"": 0.0, ""edges_added"": 0, ""edges_removed"": 0, ""graphs"": 100, ""graphs_skipped"": 0, ""graphs_success"": 100, ""method"": ""hub_modification"", ""rewires"": 0, ""triangles_affected"": 0}",0.0,1,structural_statistics_mmd,0.0,0.0,0.0,2.059452882996993,0.07405853271484375,success,
erdos_renyi,"{""edge_probability"": 0.12, ""family"": ""erdos_renyi"", ""m"": 2, ""num_blocks"": 3, ""num_graphs"": 100, ""num_nodes"": 50, ""p_in"": 0.25, ""p_out"": 0.03, ""seed"": 1}",hub_modification,"{""alpha"": 0.0, ""edges_added"": 0, ""edges_removed"": 0, ""graphs"": 100, ""graphs_skipped"": 0, ""graphs_success"": 100, ""method"": ""hub_modification"", ""rewires"": 0, ""triangles_affected"": 0}",0.0,1,wl_subtree_kernel_mmd,0.0,0.0,0.0,0.23255610698834062,21.82060432434082,success,
erdos_renyi,"{""edge_probability"": 0.12, ""family"": ""erdos_renyi"", ""m"": 2, ""num_blocks"": 3, ""num_graphs"": 100, ""num_nodes"": 50, ""p_in"": 0.25, ""p_out"": 0.03, ""seed"": 1}",hub_modification,"{""alpha"": 0.0, ""edges_added"": 0, ""edges_removed"": 0, ""graphs"": 100, ""graphs_skipped"": 0, ""graphs_success"": 100, ""method"": ""hub_modification"", ""rewires"": 0, ""triangles_affected"": 0}",0.0,1,native_netlsd,0.0,0.0,0.0,73.40011920500547,0.19304656982421875,success,
erdos_renyi,"{""edge_probability"": 0.12, ""family"": ""erdos_renyi"", ""m"": 2, ""num_blocks"": 3, ""num_graphs"": 100, ""num_nodes"": 50, ""p_in"": 0.25, ""p_out"": 0.03, ""seed"": 1}",hub_modification,"{""alpha"": 0.0, ""edges_added"": 0, ""edges_removed"": 0, ""graphs"": 100, ""graphs_skipped"": 0, ""graphs_success"": 100, ""method"": ""hub_modification"", ""rewires"": 0, ""triangles_affected"": 0}",0.0,1,diversity_curves_shortest_path,0.0,0.0,0.0,123.73368612000195,0.5263290405273438,success,
erdos_renyi,"{""edge_probability"": 0.12, ""family"": ""erdos_renyi"", ""m"": 2, ""num_blocks"": 3, ""num_graphs"": 100, ""num_nodes"": 50, ""p_in"": 0.25, ""p_out"": 0.03, ""seed"": 1}",hub_modification,"{""alpha"": 0.1, ""edges_added"": 1424, ""edges_removed"": 1424, ""graphs"": 100, ""graphs_skipped"": 0, ""graphs_success"": 100, ""method"": ""hub_modification"", ""rewires"": 1424, ""triangles_affected"": 0}",0.1,1,structural_statistics_mmd,0.0048371925688213135,1.2833417186780678,4.04677133689215,1.9808201880077831,0.06821441650390625,success,
erdos_renyi,"{""edge_probability"": 0.12, ""family"": ""erdos_renyi"", ""m"": 2, ""num_blocks"": 3, ""num_graphs"": 100, ""num_nodes"": 50, ""p_in"": 0.25, ""p_out"": 0.03, ""seed"": 1}",hub_modification,"{""alpha"": 0.1, ""edges_added"": 1424, ""edges_removed"": 1424, ""graphs"": 100, ""graphs_skipped"": 0, ""graphs_success"": 100, ""method"": ""hub_modification"", ""rewires"": 1424, ""triangles_affected"": 0}",0.1,1,wl_subtree_kernel_mmd,3.9968000000000004,1.999199839935968,18.414929740632118,0.2304528439999558,21.930228233337402,success,
erdos_renyi,"{""edge_probability"": 0.12, ""family"": ""erdos_renyi"", ""m"": 2, ""num_blocks"": 3, ""num_graphs"": 100, ""num_nodes"": 50, ""p_in"": 0.25, ""p_out"": 0.03, ""seed"": 1}",hub_modification,"{""alpha"": 0.1, ""edges_added"": 1424, ""edges_removed"": 1424, ""graphs"": 100, ""graphs_skipped"": 0, ""graphs_success"": 100, ""method"": ""hub_modification"", ""rewires"": 1424, ""triangles_affected"": 0}",0.1,1,native_netlsd,0.031013342498255093,0.031013342498255093,0.15180477836035433,73.5223005220032,0.1887664794921875,success,
erdos_renyi,"{""edge_probability"": 0.12, ""family"": ""erdos_renyi"", ""m"": 2, ""num_blocks"": 3, ""num_graphs"": 100, ""num_nodes"": 50, ""p_in"": 0.25, ""p_out"": 0.03, ""seed"": 1}",hub_modification,"{""alpha"": 0.1, ""edges_added"": 1424, ""edges_removed"": 1424, ""graphs"": 100, ""graphs_skipped"": 0, ""graphs_success"": 100, ""method"": ""hub_modification"", ""rewires"": 1424, ""triangles_affected"": 0}",0.1,1,diversity_curves_shortest_path,0.01967578930238815,0.01967578930238815,0.15184413895348103,122.94689069699962,0.13784027099609375,success,
erdos_renyi,"{""edge_probability"": 0.12, ""family"": ""erdos_renyi"", ""m"": 2, ""num_blocks"": 3, ""num_graphs"": 100, ""num_nodes"": 50, ""p_in"": 0.25, ""p_out"": 0.03, ""seed"": 1}",hub_modification,"{""alpha"": 0.2, ""edges_added"": 2906, ""edges_removed"": 2906, ""graphs"": 100, ""graphs_skipped"": 0, ""graphs_success"": 100, ""method"": ""hub_modification"", ""rewires"": 2906, ""triangles_affected"": 0}",0.2,1,structural_statistics_mmd,0.008212527151415738,2.266671835036691,5.156824032540564,2.0118973899952834,0.06821441650390625,success,
erdos_renyi,"{""edge_probability"": 0.12, ""family"": ""erdos_renyi"", ""m"": 2, ""num_blocks"": 3, ""num_graphs"": 100, ""num_nodes"": 50, ""p_in"": 0.25, ""p_out"": 0.03, ""seed"": 1}",hub_modification,"{""alpha"": 0.2, ""edges_added"": 2906, ""edges_removed"": 2906, ""graphs"": 100, ""graphs_skipped"": 0, ""graphs_success"": 100, ""method"": ""hub_modification"", ""rewires"": 2906, ""triangles_affected"": 0}",0.2,1,wl_subtree_kernel_mmd,3.8759999999999986,1.9687559523719538,19.01493794664641,0.23105875599139836,22.024537086486816,success,
erdos_renyi,"{""edge_probability"": 0.12, ""family"": ""erdos_renyi"", ""m"": 2, ""num_blocks"": 3, ""num_graphs"": 100, ""num_nodes"": 50, ""p_in"": 0.25, ""p_out"": 0.03, ""seed"": 1}",hub_modification,"{""alpha"": 0.2, ""edges_added"": 2906, ""edges_removed"": 2906, ""graphs"": 100, ""graphs_skipped"": 0, ""graphs_success"": 100, ""method"": ""hub_modification"", ""rewires"": 2906, ""triangles_affected"": 0}",0.2,1,native_netlsd,0.02946227768130036,0.02946227768130036,0.31587188460693144,73.44549616299628,0.18874359130859375,success,
erdos_renyi,"{""edge_probability"": 0.12, ""family"": ""erdos_renyi"", ""m"": 2, ""num_blocks"": 3, ""num_graphs"": 100, ""num_nodes"": 50, ""p_in"": 0.25, ""p_out"": 0.03, ""seed"": 1}",hub_modification,"{""alpha"": 0.2, ""edges_added"": 2906, ""edges_removed"": 2906, ""graphs"": 100, ""graphs_skipped"": 0, ""graphs_success"": 100, ""method"": ""hub_modification"", ""rewires"": 2906, ""triangles_affected"": 0}",0.2,1,diversity_curves_shortest_path,0.018640223490947665,0.018640223490947665,0.24545393229028348,122.9198131239973,0.1385955810546875,success,
erdos_renyi,"{""edge_probability"": 0.12, ""family"": ""erdos_renyi"", ""m"": 2, ""num_blocks"": 3, ""num_graphs"": 100, ""num_nodes"": 50, ""p_in"": 0.25, ""p_out"": 0.03, ""seed"": 1}",hub_modification,"{""alpha"": 0.3, ""edges_added"": 4351, ""edges_removed"": 4351, ""graphs"": 100, ""graphs_skipped"": 0, ""graphs_success"": 100, ""method"": ""hub_modification"", ""rewires"": 4351, ""triangles_affected"": 0}",0.3,1,structural_statistics_mmd,0.011865287784404321,2.5728364818130407,5.358976935226306,1.9892413570050849,0.07437896728515625,success,
erdos_renyi,"{""edge_probability"": 0.12, ""family"": ""erdos_renyi"", ""m"": 2, ""num_blocks"": 3, ""num_graphs"": 100, ""num_nodes"": 50, ""p_in"": 0.25, ""p_out"": 0.03, ""seed"": 1}",hub_modification,"{""alpha"": 0.3, ""edges_added"": 4351, ""edges_removed"": 4351, ""graphs"": 100, ""graphs_skipped"": 0, ""graphs_success"": 100, ""method"": ""hub_modification"", ""rewires"": 4351, ""triangles_affected"": 0}",0.3,1,wl_subtree_kernel_mmd,4.094600000000001,2.023511798828957,19.149497638592027,0.23163779699825682,22.083943367004395,success,
erdos_renyi,"{""edge_probability"": 0.12, ""family"": ""erdos_renyi"", ""m"": 2, ""num_blocks"": 3, ""num_graphs"": 100, ""num_nodes"": 50, ""p_in"": 0.25, ""p_out"": 0.03, ""seed"": 1}",hub_modification,"{""alpha"": 0.3, ""edges_added"": 4351, ""edges_removed"": 4351, ""graphs"": 100, ""graphs_skipped"": 0, ""graphs_success"": 100, ""method"": ""hub_modification"", ""rewires"": 4351, ""triangles_affected"": 0}",0.3,1,native_netlsd,0.05520552664407308,0.05520552664407308,0.4528903286628396,73.43299445600132,0.18885040283203125,success,
erdos_renyi,"{""edge_probability"": 0.12, ""family"": ""erdos_renyi"", ""m"": 2, ""num_blocks"": 3, ""num_graphs"": 100, ""num_nodes"": 50, ""p_in"": 0.25, ""p_out"": 0.03, ""seed"": 1}",hub_modification,"{""alpha"": 0.3, ""edges_added"": 4351, ""edges_removed"": 4351, ""graphs"": 100, ""graphs_skipped"": 0, ""graphs_success"": 100, ""method"": ""hub_modification"", ""rewires"": 4351, ""triangles_affected"": 0}",0.3,1,diversity_curves_shortest_path,0.028664206788771136,0.028664206788771136,0.3142452132500148,124.63989291300823,0.528961181640625,success,
erdos_renyi,"{""edge_probability"": 0.12, ""family"": ""erdos_renyi"", ""m"": 2, ""num_blocks"": 3, ""num_graphs"": 100, ""num_nodes"": 50, ""p_in"": 0.25, ""p_out"": 0.03, ""seed"": 1}",hub_modification,"{""alpha"": 0.4, ""edges_added"": 4691, ""edges_removed"": 4691, ""graphs"": 100, ""graphs_skipped"": 0, ""graphs_success"": 100, ""method"": ""hub_modification"", ""rewires"": 4691, ""triangles_affected"": 0}",0.4,1,structural_statistics_mmd,0.014786757503812864,3.021573899393826,5.702917907127918,1.9640968559979228,0.0681915283203125,success,
erdos_renyi,"{""edge_probability"": 0.12, ""family"": ""erdos_renyi"", ""m"": 2, ""num_blocks"": 3, ""num_graphs"": 100, ""num_nodes"": 50, ""p_in"": 0.25, ""p_out"": 0.03, ""seed"": 1}",hub_modification,"{""alpha"": 0.4, ""edges_added"": 4691, ""edges_removed"": 4691, ""graphs"": 100, ""graphs_skipped"": 0, ""graphs_success"": 100, ""method"": ""hub_modification"", ""rewires"": 4691, ""triangles_affected"": 0}",0.4,1,wl_subtree_kernel_mmd,4.1394,2.0345515476389386,19.16418666020642,0.23170869599562138,22.073902130126953,success,
erdos_renyi,"{""edge_probability"": 0.12, ""family"": ""erdos_renyi"", ""m"": 2, ""num_blocks"": 3, ""num_graphs"": 100, ""num_nodes"": 50, ""p_in"": 0.25, ""p_out"": 0.03, ""seed"": 1}",hub_modification,"{""alpha"": 0.4, ""edges_added"": 4691, ""edges_removed"": 4691, ""graphs"": 100, ""graphs_skipped"": 0, ""graphs_success"": 100, ""method"": ""hub_modification"", ""rewires"": 4691, ""triangles_affected"": 0}",0.4,1,native_netlsd,0.011835402094863782,0.011835402094863782,0.4078127870613785,73.3798667939991,0.1887664794921875,success,
erdos_renyi,"{""edge_probability"": 0.12, ""family"": ""erdos_renyi"", ""m"": 2, ""num_blocks"": 3, ""num_graphs"": 100, ""num_nodes"": 50, ""p_in"": 0.25, ""p_out"": 0.03, ""seed"": 1}",hub_modification,"{""alpha"": 0.4, ""edges_added"": 4691, ""edges_removed"": 4691, ""graphs"": 100, ""graphs_skipped"": 0, ""graphs_success"": 100, ""method"": ""hub_modification"", ""rewires"": 4691, ""triangles_affected"": 0}",0.4,1,diversity_curves_shortest_path,0.017654670424386378,0.017654670424386378,0.29791071762285654,123.5673588780046,0.1398468017578125,success,
erdos_renyi,"{""edge_probability"": 0.12, ""family"": ""erdos_renyi"", ""m"": 2, ""num_blocks"": 3, ""num_graphs"": 100, ""num_nodes"": 50, ""p_in"": 0.25, ""p_out"": 0.03, ""seed"": 1}",hub_modification,"{""alpha"": 0.5, ""edges_added"": 4691, ""edges_removed"": 4691, ""graphs"": 100, ""graphs_skipped"": 0, ""graphs_success"": 100, ""method"": ""hub_modification"", ""rewires"": 4691, ""triangles_affected"": 0}",0.5,1,structural_statistics_mmd,0.014786757503812864,3.021573899393826,5.702917907127918,1.9782179619942326,0.0681915283203125,success,
erdos_renyi,"{""edge_probability"": 0.12, ""family"": ""erdos_renyi"", ""m"": 2, ""num_blocks"": 3, ""num_graphs"": 100, ""num_nodes"": 50, ""p_in"": 0.25, ""p_out"": 0.03, ""seed"": 1}",hub_modification,"{""alpha"": 0.5, ""edges_added"": 4691, ""edges_removed"": 4691, ""graphs"": 100, ""graphs_skipped"": 0, ""graphs_success"": 100, ""method"": ""hub_modification"", ""rewires"": 4691, ""triangles_affected"": 0}",0.5,1,wl_subtree_kernel_mmd,4.1394,2.0345515476389386,19.16418666020642,0.2314480550121516,22.073902130126953,success,
erdos_renyi,"{""edge_probability"": 0.12, ""family"": ""erdos_renyi"", ""m"": 2, ""num_blocks"": 3, ""num_graphs"": 100, ""num_nodes"": 50, ""p_in"": 0.25, ""p_out"": 0.03, ""seed"": 1}",hub_modification,"{""alpha"": 0.5, ""edges_added"": 4691, ""edges_removed"": 4691, ""graphs"": 100, ""graphs_skipped"": 0, ""graphs_success"": 100, ""method"": ""hub_modification"", ""rewires"": 4691, ""triangles_affected"": 0}",0.5,1,native_netlsd,0.011835402094863782,0.011835402094863782,0.4078127870613785,72.94864969199989,0.1887664794921875,success,
erdos_renyi,"{""edge_probability"": 0.12, ""family"": ""erdos_renyi"", ""m"": 2, ""num_blocks"": 3, ""num_graphs"": 100, ""num_nodes"": 50, ""p_in"": 0.25, ""p_out"": 0.03, ""seed"": 1}",hub_modification,"{""alpha"": 0.5, ""edges_added"": 4691, ""edges_removed"": 4691, ""graphs"": 100, ""graphs_skipped"": 0, ""graphs_success"": 100, ""method"": ""hub_modification"", ""rewires"": 4691, ""triangles_affected"": 0}",0.5,1,diversity_curves_shortest_path,0.017654670424386378,0.017654670424386378,0.29791071762285654,122.99285769599373,0.13936614990234375,success,
erdos_renyi,"{""edge_probability"": 0.12, ""family"": ""erdos_renyi"", ""m"": 2, ""num_blocks"": 3, ""num_graphs"": 100, ""num_nodes"": 50, ""p_in"": 0.25, ""p_out"": 0.03, ""seed"": 1}",hub_modification,"{""alpha"": 0.6, ""edges_added"": 4691, ""edges_removed"": 4691, ""graphs"": 100, ""graphs_skipped"": 0, ""graphs_success"": 100, ""method"": ""hub_modification"", ""rewires"": 4691, ""triangles_affected"": 0}",0.6,1,structural_statistics_mmd,0.014786757503812864,3.021573899393826,5.702917907127918,1.9920522359898314,0.0681915283203125,success,
erdos_renyi,"{""edge_probability"": 0.12, ""family"": ""erdos_renyi"", ""m"": 2, ""num_blocks"": 3, ""num_graphs"": 100, ""num_nodes"": 50, ""p_in"": 0.25, ""p_out"": 0.03, ""seed"": 1}",hub_modification,"{""alpha"": 0.6, ""edges_added"": 4691, ""edges_removed"": 4691, ""graphs"": 100, ""graphs_skipped"": 0, ""graphs_success"": 100, ""method"": ""hub_modification"", ""rewires"": 4691, ""triangles_affected"": 0}",0.6,1,wl_subtree_kernel_mmd,4.1394,2.0345515476389386,19.16418666020642,0.2311346450005658,22.073902130126953,success,
erdos_renyi,"{""edge_probability"": 0.12, ""family"": ""erdos_renyi"", ""m"": 2, ""num_blocks"": 3, ""num_graphs"": 100, ""num_nodes"": 50, ""p_in"": 0.25, ""p_out"": 0.03, ""seed"": 1}",hub_modification,"{""alpha"": 0.6, ""edges_added"": 4691, ""edges_removed"": 4691, ""graphs"": 100, ""graphs_skipped"": 0, ""graphs_success"": 100, ""method"": ""hub_modification"", ""rewires"": 4691, ""triangles_affected"": 0}",0.6,1,native_netlsd,0.011835402094863782,0.011835402094863782,0.4078127870613785,73.52267660500365,0.1887664794921875,success,
erdos_renyi,"{""edge_probability"": 0.12, ""family"": ""erdos_renyi"", ""m"": 2, ""num_blocks"": 3, ""num_graphs"": 100, ""num_nodes"": 50, ""p_in"": 0.25, ""p_out"": 0.03, ""seed"": 1}",hub_modification,"{""alpha"": 0.6, ""edges_added"": 4691, ""edges_removed"": 4691, ""graphs"": 100, ""graphs_skipped"": 0, ""graphs_success"": 100, ""method"": ""hub_modification"", ""rewires"": 4691, ""triangles_affected"": 0}",0.6,1,diversity_curves_shortest_path,0.017654670424386378,0.017654670424386378,0.29791071762285654,124.15450029901695,0.13936614990234375,success,
erdos_renyi,"{""edge_probability"": 0.12, ""family"": ""erdos_renyi"", ""m"": 2, ""num_blocks"": 3, ""num_graphs"": 100, ""num_nodes"": 50, ""p_in"": 0.25, ""p_out"": 0.03, ""seed"": 1}",hub_modification,"{""alpha"": 0.7, ""edges_added"": 4691, ""edges_removed"": 4691, ""graphs"": 100, ""graphs_skipped"": 0, ""graphs_success"": 100, ""method"": ""hub_modification"", ""rewires"": 4691, ""triangles_affected"": 0}",0.7,1,structural_statistics_mmd,0.014786757503812864,3.021573899393826,5.702917907127918,1.9933329100022092,0.0681915283203125,success,
erdos_renyi,"{""edge_probability"": 0.12, ""family"": ""erdos_renyi"", ""m"": 2, ""num_blocks"": 3, ""num_graphs"": 100, ""num_nodes"": 50, ""p_in"": 0.25, ""p_out"": 0.03, ""seed"": 1}",hub_modification,"{""alpha"": 0.7, ""edges_added"": 4691, ""edges_removed"": 4691, ""graphs"": 100, ""graphs_skipped"": 0, ""graphs_success"": 100, ""method"": ""hub_modification"", ""rewires"": 4691, ""triangles_affected"": 0}",0.7,1,wl_subtree_kernel_mmd,4.1394,2.0345515476389386,19.16418666020642,0.23141949099954218,22.073902130126953,success,
erdos_renyi,"{""edge_probability"": 0.12, ""family"": ""erdos_renyi"", ""m"": 2, ""num_blocks"": 3, ""num_graphs"": 100, ""num_nodes"": 50, ""p_in"": 0.25, ""p_out"": 0.03, ""seed"": 1}",hub_modification,"{""alpha"": 0.7, ""edges_added"": 4691, ""edges_removed"": 4691, ""graphs"": 100, ""graphs_skipped"": 0, ""graphs_success"": 100, ""method"": ""hub_modification"", ""rewires"": 4691, ""triangles_affected"": 0}",0.7,1,native_netlsd,0.011835402094863782,0.011835402094863782,0.4078127870613785,73.45200617500814,0.1887664794921875,success,
erdos_renyi,"{""edge_probability"": 0.12, ""family"": ""erdos_renyi"", ""m"": 2, ""num_blocks"": 3, ""num_graphs"": 100, ""num_nodes"": 50, ""p_in"": 0.25, ""p_out"": 0.03, ""seed"": 1}",hub_modification,"{""alpha"": 0.7, ""edges_added"": 4691, ""edges_removed"": 4691, ""graphs"": 100, ""graphs_skipped"": 0, ""graphs_success"": 100, ""method"": ""hub_modification"", ""rewires"": 4691, ""triangles_affected"": 0}",0.7,1,diversity_curves_shortest_path,0.017654670424386378,0.017654670424386378,0.29791071762285654,122.79442835701047,0.13936614990234375,success,
erdos_renyi,"{""edge_probability"": 0.12, ""family"": ""erdos_renyi"", ""m"": 2, ""num_blocks"": 3, ""num_graphs"": 100, ""num_nodes"": 50, ""p_in"": 0.25, ""p_out"": 0.03, ""seed"": 1}",hub_modification,"{""alpha"": 0.8, ""edges_added"": 4691, ""edges_removed"": 4691, ""graphs"": 100, ""graphs_skipped"": 0, ""graphs_success"": 100, ""method"": ""hub_modification"", ""rewires"": 4691, ""triangles_affected"": 0}",0.8,1,structural_statistics_mmd,0.014786757503812864,3.021573899393826,5.702917907127918,1.9895633349951822,0.0681915283203125,success,
erdos_renyi,"{""edge_probability"": 0.12, ""family"": ""erdos_renyi"", ""m"": 2, ""num_blocks"": 3, ""num_graphs"": 100, ""num_nodes"": 50, ""p_in"": 0.25, ""p_out"": 0.03, ""seed"": 1}",hub_modification,"{""alpha"": 0.8, ""edges_added"": 4691, ""edges_removed"": 4691, ""graphs"": 100, ""graphs_skipped"": 0, ""graphs_success"": 100, ""method"": ""hub_modification"", ""rewires"": 4691, ""triangles_affected"": 0}",0.8,1,wl_subtree_kernel_mmd,4.1394,2.0345515476389386,19.16418666020642,0.23212559201056138,22.073902130126953,success,
erdos_renyi,"{""edge_probability"": 0.12, ""family"": ""erdos_renyi"", ""m"": 2, ""num_blocks"": 3, ""num_graphs"": 100, ""num_nodes"": 50, ""p_in"": 0.25, ""p_out"": 0.03, ""seed"": 1}",hub_modification,"{""alpha"": 0.8, ""edges_added"": 4691, ""edges_removed"": 4691, ""graphs"": 100, ""graphs_skipped"": 0, ""graphs_success"": 100, ""method"": ""hub_modification"", ""rewires"": 4691, ""triangles_affected"": 0}",0.8,1,native_netlsd,0.011835402094863782,0.011835402094863782,0.4078127870613785,73.31519310700241,0.1887664794921875,success,
erdos_renyi,"{""edge_probability"": 0.12, ""family"": ""erdos_renyi"", ""m"": 2, ""num_blocks"": 3, ""num_graphs"": 100, ""num_nodes"": 50, ""p_in"": 0.25, ""p_out"": 0.03, ""seed"": 1}",hub_modification,"{""alpha"": 0.8, ""edges_added"": 4691, ""edges_removed"": 4691, ""graphs"": 100, ""graphs_skipped"": 0, ""graphs_success"": 100, ""method"": ""hub_modification"", ""rewires"": 4691, ""triangles_affected"": 0}",0.8,1,diversity_curves_shortest_path,0.017654670424386378,0.017654670424386378,0.29791071762285654,123.00281804500264,0.13936614990234375,success,
erdos_renyi,"{""edge_probability"": 0.12, ""family"": ""erdos_renyi"", ""m"": 2, ""num_blocks"": 3, ""num_graphs"": 100, ""num_nodes"": 50, ""p_in"": 0.25, ""p_out"": 0.03, ""seed"": 1}",hub_modification,"{""alpha"": 0.9, ""edges_added"": 4691, ""edges_removed"": 4691, ""graphs"": 100, ""graphs_skipped"": 0, ""graphs_success"": 100, ""method"": ""hub_modification"", ""rewires"": 4691, ""triangles_affected"": 0}",0.9,1,structural_statistics_mmd,0.014786757503812864,3.021573899393826,5.702917907127918,1.9856806159950793,0.0681915283203125,success,
erdos_renyi,"{""edge_probability"": 0.12, ""family"": ""erdos_renyi"", ""m"": 2, ""num_blocks"": 3, ""num_graphs"": 100, ""num_nodes"": 50, ""p_in"": 0.25, ""p_out"": 0.03, ""seed"": 1}",hub_modification,"{""alpha"": 0.9, ""edges_added"": 4691, ""edges_removed"": 4691, ""graphs"": 100, ""graphs_skipped"": 0, ""graphs_success"": 100, ""method"": ""hub_modification"", ""rewires"": 4691, ""triangles_affected"": 0}",0.9,1,wl_subtree_kernel_mmd,4.1394,2.0345515476389386,19.16418666020642,0.23444749100599438,22.073902130126953,success,
erdos_renyi,"{""edge_probability"": 0.12, ""family"": ""erdos_renyi"", ""m"": 2, ""num_blocks"": 3, ""num_graphs"": 100, ""num_nodes"": 50, ""p_in"": 0.25, ""p_out"": 0.03, ""seed"": 1}",hub_modification,"{""alpha"": 0.9, ""edges_added"": 4691, ""edges_removed"": 4691, ""graphs"": 100, ""graphs_skipped"": 0, ""graphs_success"": 100, ""method"": ""hub_modification"", ""rewires"": 4691, ""triangles_affected"": 0}",0.9,1,native_netlsd,0.011835402094863782,0.011835402094863782,0.4078127870613785,73.49810609599808,0.1887664794921875,success,
erdos_renyi,"{""edge_probability"": 0.12, ""family"": ""erdos_renyi"", ""m"": 2, ""num_blocks"": 3, ""num_graphs"": 100, ""num_nodes"": 50, ""p_in"": 0.25, ""p_out"": 0.03, ""seed"": 1}",hub_modification,"{""alpha"": 0.9, ""edges_added"": 4691, ""edges_removed"": 4691, ""graphs"": 100, ""graphs_skipped"": 0, ""graphs_success"": 100, ""method"": ""hub_modification"", ""rewires"": 4691, ""triangles_affected"": 0}",0.9,1,diversity_curves_shortest_path,0.017654670424386378,0.017654670424386378,0.29791071762285654,122.5112878989894,0.13936614990234375,success,
erdos_renyi,"{""edge_probability"": 0.12, ""family"": ""erdos_renyi"", ""m"": 2, ""num_blocks"": 3, ""num_graphs"": 100, ""num_nodes"": 50, ""p_in"": 0.25, ""p_out"": 0.03, ""seed"": 1}",hub_modification,"{""alpha"": 1.0, ""edges_added"": 4691, ""edges_removed"": 4691, ""graphs"": 100, ""graphs_skipped"": 0, ""graphs_success"": 100, ""method"": ""hub_modification"", ""rewires"": 4691, ""triangles_affected"": 0}",1.0,1,structural_statistics_mmd,0.014786757503812864,3.021573899393826,5.702917907127918,1.9655734410043806,0.0681915283203125,success,
erdos_renyi,"{""edge_probability"": 0.12, ""family"": ""erdos_renyi"", ""m"": 2, ""num_blocks"": 3, ""num_graphs"": 100, ""num_nodes"": 50, ""p_in"": 0.25, ""p_out"": 0.03, ""seed"": 1}",hub_modification,"{""alpha"": 1.0, ""edges_added"": 4691, ""edges_removed"": 4691, ""graphs"": 100, ""graphs_skipped"": 0, ""graphs_success"": 100, ""method"": ""hub_modification"", ""rewires"": 4691, ""triangles_affected"": 0}",1.0,1,wl_subtree_kernel_mmd,4.1394,2.0345515476389386,19.16418666020642,0.23303777401451953,22.073902130126953,success,
erdos_renyi,"{""edge_probability"": 0.12, ""family"": ""erdos_renyi"", ""m"": 2, ""num_blocks"": 3, ""num_graphs"": 100, ""num_nodes"": 50, ""p_in"": 0.25, ""p_out"": 0.03, ""seed"": 1}",hub_modification,"{""alpha"": 1.0, ""edges_added"": 4691, ""edges_removed"": 4691, ""graphs"": 100, ""graphs_skipped"": 0, ""graphs_success"": 100, ""method"": ""hub_modification"", ""rewires"": 4691, ""triangles_affected"": 0}",1.0,1,native_netlsd,0.011835402094863782,0.011835402094863782,0.4078127870613785,73.06377241300652,0.1887664794921875,success,
erdos_renyi,"{""edge_probability"": 0.12, ""family"": ""erdos_renyi"", ""m"": 2, ""num_blocks"": 3, ""num_graphs"": 100, ""num_nodes"": 50, ""p_in"": 0.25, ""p_out"": 0.03, ""seed"": 1}",hub_modification,"{""alpha"": 1.0, ""edges_added"": 4691, ""edges_removed"": 4691, ""graphs"": 100, ""graphs_skipped"": 0, ""graphs_success"": 100, ""method"": ""hub_modification"", ""rewires"": 4691, ""triangles_affected"": 0}",1.0,1,diversity_curves_shortest_path,0.017654670424386378,0.017654670424386378,0.29791071762285654,123.28744562799693,0.13936614990234375,success,
stochastic_block_model,"{""edge_probability"": 0.1, ""family"": ""stochastic_block_model"", ""m"": 2, ""num_blocks"": 4, ""num_graphs"": 100, ""num_nodes"": 50, ""p_in"": 0.28, ""p_out"": 0.04, ""seed"": 1}",edge_addition_deletion,"{""alpha"": 0.0, ""edges_added"": 0, ""edges_removed"": 0, ""graphs"": 100, ""graphs_skipped"": 0, ""graphs_success"": 100, ""method"": ""edge_addition_deletion"", ""rewires"": 0, ""triangles_affected"": 0}",0.0,1,structural_statistics_mmd,0.0,0.0,0.0,1.9202232180105057,0.068634033203125,success,
stochastic_block_model,"{""edge_probability"": 0.1, ""family"": ""stochastic_block_model"", ""m"": 2, ""num_blocks"": 4, ""num_graphs"": 100, ""num_nodes"": 50, ""p_in"": 0.28, ""p_out"": 0.04, ""seed"": 1}",edge_addition_deletion,"{""alpha"": 0.0, ""edges_added"": 0, ""edges_removed"": 0, ""graphs"": 100, ""graphs_skipped"": 0, ""graphs_success"": 100, ""method"": ""edge_addition_deletion"", ""rewires"": 0, ""triangles_affected"": 0}",0.0,1,wl_subtree_kernel_mmd,0.0,0.0,0.0,0.216694542003097,15.430936813354492,success,
stochastic_block_model,"{""edge_probability"": 0.1, ""family"": ""stochastic_block_model"", ""m"": 2, ""num_blocks"": 4, ""num_graphs"": 100, ""num_nodes"": 50, ""p_in"": 0.28, ""p_out"": 0.04, ""seed"": 1}",edge_addition_deletion,"{""alpha"": 0.0, ""edges_added"": 0, ""edges_removed"": 0, ""graphs"": 100, ""graphs_skipped"": 0, ""graphs_success"": 100, ""method"": ""edge_addition_deletion"", ""rewires"": 0, ""triangles_affected"": 0}",0.0,1,native_netlsd,0.0,0.0,0.0,73.20526141300797,0.1879425048828125,success,
stochastic_block_model,"{""edge_probability"": 0.1, ""family"": ""stochastic_block_model"", ""m"": 2, ""num_blocks"": 4, ""num_graphs"": 100, ""num_nodes"": 50, ""p_in"": 0.28, ""p_out"": 0.04, ""seed"": 1}",edge_addition_deletion,"{""alpha"": 0.0, ""edges_added"": 0, ""edges_removed"": 0, ""graphs"": 100, ""graphs_skipped"": 0, ""graphs_success"": 100, ""method"": ""edge_addition_deletion"", ""rewires"": 0, ""triangles_affected"": 0}",0.0,1,diversity_curves_shortest_path,0.0,0.0,0.0,77.63614434099873,0.1340484619140625,success,
stochastic_block_model,"{""edge_probability"": 0.1, ""family"": ""stochastic_block_model"", ""m"": 2, ""num_blocks"": 4, ""num_graphs"": 100, ""num_nodes"": 50, ""p_in"": 0.28, ""p_out"": 0.04, ""seed"": 1}",edge_addition_deletion,"{""alpha"": 0.1, ""edges_added"": 594, ""edges_removed"": 551, ""graphs"": 100, ""graphs_skipped"": 0, ""graphs_success"": 100, ""method"": ""edge_addition_deletion"", ""rewires"": 0, ""triangles_affected"": 0}",0.1,1,structural_statistics_mmd,0.007651196655556025,1.4562659352980474,2.4177557508967307,1.9377220879832748,0.074798583984375,success,
stochastic_block_model,"{""edge_probability"": 0.1, ""family"": ""stochastic_block_model"", ""m"": 2, ""num_blocks"": 4, ""num_graphs"": 100, ""num_nodes"": 50, ""p_in"": 0.28, ""p_out"": 0.04, ""seed"": 1}",edge_addition_deletion,"{""alpha"": 0.1, ""edges_added"": 594, ""edges_removed"": 551, ""graphs"": 100, ""graphs_skipped"": 0, ""graphs_success"": 100, ""method"": ""edge_addition_deletion"", ""rewires"": 0, ""triangles_affected"": 0}",0.1,1,wl_subtree_kernel_mmd,3.6489999999999996,1.910235587565052,17.747010115475604,0.22069002100033686,15.477263450622559,success,
stochastic_block_model,"{""edge_probability"": 0.1, ""family"": ""stochastic_block_model"", ""m"": 2, ""num_blocks"": 4, ""num_graphs"": 100, ""num_nodes"": 50, ""p_in"": 0.28, ""p_out"": 0.04, ""seed"": 1}",edge_addition_deletion,"{""alpha"": 0.1, ""edges_added"": 594, ""edges_removed"": 551, ""graphs"": 100, ""graphs_skipped"": 0, ""graphs_success"": 100, ""method"": ""edge_addition_deletion"", ""rewires"": 0, ""triangles_affected"": 0}",0.1,1,native_netlsd,0.17306798840781842,0.17306798840781842,0.43692168051859104,74.07493719900958,0.1880035400390625,success,
stochastic_block_model,"{""edge_probability"": 0.1, ""family"": ""stochastic_block_model"", ""m"": 2, ""num_blocks"": 4, ""num_graphs"": 100, ""num_nodes"": 50, ""p_in"": 0.28, ""p_out"": 0.04, ""seed"": 1}",edge_addition_deletion,"{""alpha"": 0.1, ""edges_added"": 594, ""edges_removed"": 551, ""graphs"": 100, ""graphs_skipped"": 0, ""graphs_success"": 100, ""method"": ""edge_addition_deletion"", ""rewires"": 0, ""triangles_affected"": 0}",0.1,1,diversity_curves_shortest_path,0.17093523783071463,0.17093523783071463,0.3277374705940651,79.4456879790232,0.5246200561523438,success,
stochastic_block_model,"{""edge_probability"": 0.1, ""family"": ""stochastic_block_model"", ""m"": 2, ""num_blocks"": 4, ""num_graphs"": 100, ""num_nodes"": 50, ""p_in"": 0.28, ""p_out"": 0.04, ""seed"": 1}",edge_addition_deletion,"{""alpha"": 0.2, ""edges_added"": 1204, ""edges_removed"": 1145, ""graphs"": 100, ""graphs_skipped"": 0, ""graphs_success"": 100, ""method"": ""edge_addition_deletion"", ""rewires"": 0, ""triangles_affected"": 0}",0.2,1,structural_statistics_mmd,0.031131925260092674,3.0894678740390855,4.006515467874744,1.9434920130006503,0.06861114501953125,success,
stochastic_block_model,"{""edge_probability"": 0.1, ""family"": ""stochastic_block_model"", ""m"": 2, ""num_blocks"": 4, ""num_graphs"": 100, ""num_nodes"": 50, ""p_in"": 0.28, ""p_out"": 0.04, ""seed"": 1}",edge_addition_deletion,"{""alpha"": 0.2, ""edges_added"": 1204, ""edges_removed"": 1145, ""graphs"": 100, ""graphs_skipped"": 0, ""graphs_success"": 100, ""method"": ""edge_addition_deletion"", ""rewires"": 0, ""triangles_affected"": 0}",0.2,1,wl_subtree_kernel_mmd,3.6490000000000014,1.9102355875650525,18.553909439805842,0.22034984099445865,15.500636100769043,success,
stochastic_block_model,"{""edge_probability"": 0.1, ""family"": ""stochastic_block_model"", ""m"": 2, ""num_blocks"": 4, ""num_graphs"": 100, ""num_nodes"": 50, ""p_in"": 0.28, ""p_out"": 0.04, ""seed"": 1}",edge_addition_deletion,"{""alpha"": 0.2, ""edges_added"": 1204, ""edges_removed"": 1145, ""graphs"": 100, ""graphs_skipped"": 0, ""graphs_success"": 100, ""method"": ""edge_addition_deletion"", ""rewires"": 0, ""triangles_affected"": 0}",0.2,1,native_netlsd,0.37952509772849685,0.37952509772849685,0.7781440140108082,73.09478655699058,0.1879425048828125,success,
stochastic_block_model,"{""edge_probability"": 0.1, ""family"": ""stochastic_block_model"", ""m"": 2, ""num_blocks"": 4, ""num_graphs"": 100, ""num_nodes"": 50, ""p_in"": 0.28, ""p_out"": 0.04, ""seed"": 1}",edge_addition_deletion,"{""alpha"": 0.2, ""edges_added"": 1204, ""edges_removed"": 1145, ""graphs"": 100, ""graphs_skipped"": 0, ""graphs_success"": 100, ""method"": ""edge_addition_deletion"", ""rewires"": 0, ""triangles_affected"": 0}",0.2,1,diversity_curves_shortest_path,0.3340502839782468,0.3340502839782468,0.5416651389910863,78.86071021200041,0.13387298583984375,success,
stochastic_block_model,"{""edge_probability"": 0.1, ""family"": ""stochastic_block_model"", ""m"": 2, ""num_blocks"": 4, ""num_graphs"": 100, ""num_nodes"": 50, ""p_in"": 0.28, ""p_out"": 0.04, ""seed"": 1}",edge_addition_deletion,"{""alpha"": 0.3, ""edges_added"": 1789, ""edges_removed"": 1742, ""graphs"": 100, ""graphs_skipped"": 0, ""graphs_success"": 100, ""method"": ""edge_addition_deletion"", ""rewires"": 0, ""triangles_affected"": 0}",0.3,1,structural_statistics_mmd,0.0643402586802907,4.496534876954632,5.146727090298791,1.925649804994464,0.06861114501953125,success,
stochastic_block_model,"{""edge_probability"": 0.1, ""family"": ""stochastic_block_model"", ""m"": 2, ""num_blocks"": 4, ""num_graphs"": 100, ""num_nodes"": 50, ""p_in"": 0.28, ""p_out"": 0.04, ""seed"": 1}",edge_addition_deletion,"{""alpha"": 0.3, ""edges_added"": 1789, ""edges_removed"": 1742, ""graphs"": 100, ""graphs_skipped"": 0, ""graphs_success"": 100, ""method"": ""edge_addition_deletion"", ""rewires"": 0, ""triangles_affected"": 0}",0.3,1,wl_subtree_kernel_mmd,3.8978000000000006,1.9742846805868703,18.985374580633973,0.21989677601959556,15.49191665649414,success,
stochastic_block_model,"{""edge_probability"": 0.1, ""family"": ""stochastic_block_model"", ""m"": 2, ""num_blocks"": 4, ""num_graphs"": 100, ""num_nodes"": 50, ""p_in"": 0.28, ""p_out"": 0.04, ""seed"": 1}",edge_addition_deletion,"{""alpha"": 0.3, ""edges_added"": 1789, ""edges_removed"": 1742, ""graphs"": 100, ""graphs_skipped"": 0, ""graphs_success"": 100, ""method"": ""edge_addition_deletion"", ""rewires"": 0, ""triangles_affected"": 0}",0.3,1,native_netlsd,0.29259332384913816,0.29259332384913816,0.9399827035063258,73.37234826700296,0.18798828125,success,
stochastic_block_model,"{""edge_probability"": 0.1, ""family"": ""stochastic_block_model"", ""m"": 2, ""num_blocks"": 4, ""num_graphs"": 100, ""num_nodes"": 50, ""p_in"": 0.28, ""p_out"": 0.04, ""seed"": 1}",edge_addition_deletion,"{""alpha"": 0.3, ""edges_added"": 1789, ""edges_removed"": 1742, ""graphs"": 100, ""graphs_skipped"": 0, ""graphs_success"": 100, ""method"": ""edge_addition_deletion"", ""rewires"": 0, ""triangles_affected"": 0}",0.3,1,diversity_curves_shortest_path,0.3127174853249043,0.3127174853249043,0.6361547059918623,79.6734125269868,0.1337432861328125,success,
stochastic_block_model,"{""edge_probability"": 0.1, ""family"": ""stochastic_block_model"", ""m"": 2, ""num_blocks"": 4, ""num_graphs"": 100, ""num_nodes"": 50, ""p_in"": 0.28, ""p_out"": 0.04, ""seed"": 1}",edge_addition_deletion,"{""alpha"": 0.4, ""edges_added"": 2380, ""edges_removed"": 2349, ""graphs"": 100, ""graphs_skipped"": 0, ""graphs_success"": 100, ""method"": ""edge_addition_deletion"", ""rewires"": 0, ""triangles_affected"": 0}",0.4,1,structural_statistics_mmd,0.09872293113162134,5.540280480898213,6.074648300650893,1.952535963995615,0.06861114501953125,success,
stochastic_block_model,"{""edge_probability"": 0.1, ""family"": ""stochastic_block_model"", ""m"": 2, ""num_blocks"": 4, ""num_graphs"": 100, ""num_nodes"": 50, ""p_in"": 0.28, ""p_out"": 0.04, ""seed"": 1}",edge_addition_deletion,"{""alpha"": 0.4, ""edges_added"": 2380, ""edges_removed"": 2349, ""graphs"": 100, ""graphs_skipped"": 0, ""graphs_success"": 100, ""method"": ""edge_addition_deletion"", ""rewires"": 0, ""triangles_affected"": 0}",0.4,1,wl_subtree_kernel_mmd,3.4302000000000006,1.8520799118828541,19.22697630854645,0.2212299270031508,15.481725692749023,success,
stochastic_block_model,"{""edge_probability"": 0.1, ""family"": ""stochastic_block_model"", ""m"": 2, ""num_blocks"": 4, ""num_graphs"": 100, ""num_nodes"": 50, ""p_in"": 0.28, ""p_out"": 0.04, ""seed"": 1}",edge_addition_deletion,"{""alpha"": 0.4, ""edges_added"": 2380, ""edges_removed"": 2349, ""graphs"": 100, ""graphs_skipped"": 0, ""graphs_success"": 100, ""method"": ""edge_addition_deletion"", ""rewires"": 0, ""triangles_affected"": 0}",0.4,1,native_netlsd,0.20526753754573243,0.20526753754573243,1.2549366946596852,73.10412150499178,0.18796539306640625,success,
stochastic_block_model,"{""edge_probability"": 0.1, ""family"": ""stochastic_block_model"", ""m"": 2, ""num_blocks"": 4, ""num_graphs"": 100, ""num_nodes"": 50, ""p_in"": 0.28, ""p_out"": 0.04, ""seed"": 1}",edge_addition_deletion,"{""alpha"": 0.4, ""edges_added"": 2380, ""edges_removed"": 2349, ""graphs"": 100, ""graphs_skipped"": 0, ""graphs_success"": 100, ""method"": ""edge_addition_deletion"", ""rewires"": 0, ""triangles_affected"": 0}",0.4,1,diversity_curves_shortest_path,0.26360750860590415,0.26360750860590415,0.7913419853273703,79.82269727400853,0.1347198486328125,success,
stochastic_block_model,"{""edge_probability"": 0.1, ""family"": ""stochastic_block_model"", ""m"": 2, ""num_blocks"": 4, ""num_graphs"": 100, ""num_nodes"": 50, ""p_in"": 0.28, ""p_out"": 0.04, ""seed"": 1}",edge_addition_deletion,"{""alpha"": 0.5, ""edges_added"": 2988, ""edges_removed"": 2943, ""graphs"": 100, ""graphs_skipped"": 0, ""graphs_success"": 100, ""method"": ""edge_addition_deletion"", ""rewires"": 0, ""triangles_affected"": 0}",0.5,1,structural_statistics_mmd,0.13085665873331398,6.458842583144256,7.26184167847347,1.927816186012933,0.06861114501953125,success,
stochastic_block_model,"{""edge_probability"": 0.1, ""family"": ""stochastic_block_model"", ""m"": 2, ""num_blocks"": 4, ""num_graphs"": 100, ""num_nodes"": 50, ""p_in"": 0.28, ""p_out"": 0.04, ""seed"": 1}",edge_addition_deletion,"{""alpha"": 0.5, ""edges_added"": 2988, ""edges_removed"": 2943, ""graphs"": 100, ""graphs_skipped"": 0, ""graphs_success"": 100, ""method"": ""edge_addition_deletion"", ""rewires"": 0, ""triangles_affected"": 0}",0.5,1,wl_subtree_kernel_mmd,4.425200000000002,2.103615934527974,19.26110293802209,0.22057356999721378,15.510769844055176,success,
stochastic_block_model,"{""edge_probability"": 0.1, ""family"": ""stochastic_block_model"", ""m"": 2, ""num_blocks"": 4, ""num_graphs"": 100, ""num_nodes"": 50, ""p_in"": 0.28, ""p_out"": 0.04, ""seed"": 1}",edge_addition_deletion,"{""alpha"": 0.5, ""edges_added"": 2988, ""edges_removed"": 2943, ""graphs"": 100, ""graphs_skipped"": 0, ""graphs_success"": 100, ""method"": ""edge_addition_deletion"", ""rewires"": 0, ""triangles_affected"": 0}",0.5,1,native_netlsd,0.28886908084755647,0.28886908084755647,1.339660000427889,73.1967314700014,0.1879425048828125,success,
stochastic_block_model,"{""edge_probability"": 0.1, ""family"": ""stochastic_block_model"", ""m"": 2, ""num_blocks"": 4, ""num_graphs"": 100, ""num_nodes"": 50, ""p_in"": 0.28, ""p_out"": 0.04, ""seed"": 1}",edge_addition_deletion,"{""alpha"": 0.5, ""edges_added"": 2988, ""edges_removed"": 2943, ""graphs"": 100, ""graphs_skipped"": 0, ""graphs_success"": 100, ""method"": ""edge_addition_deletion"", ""rewires"": 0, ""triangles_affected"": 0}",0.5,1,diversity_curves_shortest_path,0.3341678483830393,0.3341678483830393,0.8370972129628734,80.16969104998861,0.1342315673828125,success,
stochastic_block_model,"{""edge_probability"": 0.1, ""family"": ""stochastic_block_model"", ""m"": 2, ""num_blocks"": 4, ""num_graphs"": 100, ""num_nodes"": 50, ""p_in"": 0.28, ""p_out"": 0.04, ""seed"": 1}",edge_addition_deletion,"{""alpha"": 0.6, ""edges_added"": 3582, ""edges_removed"": 3531, ""graphs"": 100, ""graphs_skipped"": 0, ""graphs_success"": 100, ""method"": ""edge_addition_deletion"", ""rewires"": 0, ""triangles_affected"": 0}",0.6,1,structural_statistics_mmd,0.15572207745543498,7.322814354385053,8.231986378988125,1.9716538340144325,0.06861114501953125,success,
stochastic_block_model,"{""edge_probability"": 0.1, ""family"": ""stochastic_block_model"", ""m"": 2, ""num_blocks"": 4, ""num_graphs"": 100, ""num_nodes"": 50, ""p_in"": 0.28, ""p_out"": 0.04, ""seed"": 1}",edge_addition_deletion,"{""alpha"": 0.6, ""edges_added"": 3582, ""edges_removed"": 3531, ""graphs"": 100, ""graphs_skipped"": 0, ""graphs_success"": 100, ""method"": ""edge_addition_deletion"", ""rewires"": 0, ""triangles_affected"": 0}",0.6,1,wl_subtree_kernel_mmd,4.540200000000001,2.130774507074834,19.44088725789554,0.22041503101354465,15.534202575683594,success,
stochastic_block_model,"{""edge_probability"": 0.1, ""family"": ""stochastic_block_model"", ""m"": 2, ""num_blocks"": 4, ""num_graphs"": 100, ""num_nodes"": 50, ""p_in"": 0.28, ""p_out"": 0.04, ""seed"": 1}",edge_addition_deletion,"{""alpha"": 0.6, ""edges_added"": 3582, ""edges_removed"": 3531, ""graphs"": 100, ""graphs_skipped"": 0, ""graphs_success"": 100, ""method"": ""edge_addition_deletion"", ""rewires"": 0, ""triangles_affected"": 0}",0.6,1,native_netlsd,0.3247951056408441,0.3247951056408441,1.3311547787822968,73.31344201700995,0.18796539306640625,success,
stochastic_block_model,"{""edge_probability"": 0.1, ""family"": ""stochastic_block_model"", ""m"": 2, ""num_blocks"": 4, ""num_graphs"": 100, ""num_nodes"": 50, ""p_in"": 0.28, ""p_out"": 0.04, ""seed"": 1}",edge_addition_deletion,"{""alpha"": 0.6, ""edges_added"": 3582, ""edges_removed"": 3531, ""graphs"": 100, ""graphs_skipped"": 0, ""graphs_success"": 100, ""method"": ""edge_addition_deletion"", ""rewires"": 0, ""triangles_affected"": 0}",0.6,1,diversity_curves_shortest_path,0.37316467648861595,0.37316467648861595,0.8671941074156106,79.85583865598892,0.1342315673828125,success,
stochastic_block_model,"{""edge_probability"": 0.1, ""family"": ""stochastic_block_model"", ""m"": 2, ""num_blocks"": 4, ""num_graphs"": 100, ""num_nodes"": 50, ""p_in"": 0.28, ""p_out"": 0.04, ""seed"": 1}",edge_addition_deletion,"{""alpha"": 0.7, ""edges_added"": 4170, ""edges_removed"": 4126, ""graphs"": 100, ""graphs_skipped"": 0, ""graphs_success"": 100, ""method"": ""edge_addition_deletion"", ""rewires"": 0, ""triangles_affected"": 0}",0.7,1,structural_statistics_mmd,0.19027974231793776,8.336347861060702,8.968953023992865,1.938149199995678,0.068634033203125,success,
stochastic_block_model,"{""edge_probability"": 0.1, ""family"": ""stochastic_block_model"", ""m"": 2, ""num_blocks"": 4, ""num_graphs"": 100, ""num_nodes"": 50, ""p_in"": 0.28, ""p_out"": 0.04, ""seed"": 1}",edge_addition_deletion,"{""alpha"": 0.7, ""edges_added"": 4170, ""edges_removed"": 4126, ""graphs"": 100, ""graphs_skipped"": 0, ""graphs_success"": 100, ""method"": ""edge_addition_deletion"", ""rewires"": 0, ""triangles_affected"": 0}",0.7,1,wl_subtree_kernel_mmd,4.481400000000002,2.116931741932177,19.326629640823786,0.220672066003317,15.526951789855957,success,
stochastic_block_model,"{""edge_probability"": 0.1, ""family"": ""stochastic_block_model"", ""m"": 2, ""num_blocks"": 4, ""num_graphs"": 100, ""num_nodes"": 50, ""p_in"": 0.28, ""p_out"": 0.04, ""seed"": 1}",edge_addition_deletion,"{""alpha"": 0.7, ""edges_added"": 4170, ""edges_removed"": 4126, ""graphs"": 100, ""graphs_skipped"": 0, ""graphs_success"": 100, ""method"": ""edge_addition_deletion"", ""rewires"": 0, ""triangles_affected"": 0}",0.7,1,native_netlsd,0.3560051491712129,0.3560051491712129,1.3426247752905596,73.26086536998628,0.1879425048828125,success,
stochastic_block_model,"{""edge_probability"": 0.1, ""family"": ""stochastic_block_model"", ""m"": 2, ""num_blocks"": 4, ""num_graphs"": 100, ""num_nodes"": 50, ""p_in"": 0.28, ""p_out"": 0.04, ""seed"": 1}",edge_addition_deletion,"{""alpha"": 0.7, ""edges_added"": 4170, ""edges_removed"": 4126, ""graphs"": 100, ""graphs_skipped"": 0, ""graphs_success"": 100, ""method"": ""edge_addition_deletion"", ""rewires"": 0, ""triangles_affected"": 0}",0.7,1,diversity_curves_shortest_path,0.39096670736808037,0.39096670736808037,0.8668903060705152,80.20884284499334,0.1337127685546875,success,
stochastic_block_model,"{""edge_probability"": 0.1, ""family"": ""stochastic_block_model"", ""m"": 2, ""num_blocks"": 4, ""num_graphs"": 100, ""num_nodes"": 50, ""p_in"": 0.28, ""p_out"": 0.04, ""seed"": 1}",edge_addition_deletion,"{""alpha"": 0.8, ""edges_added"": 4764, ""edges_removed"": 4729, ""graphs"": 100, ""graphs_skipped"": 0, ""graphs_success"": 100, ""method"": ""edge_addition_deletion"", ""rewires"": 0, ""triangles_affected"": 0}",0.8,1,structural_statistics_mmd,0.20708475139996962,8.634916714910057,9.23989766115722,1.9370291589875706,0.068145751953125,success,
stochastic_block_model,"{""edge_probability"": 0.1, ""family"": ""stochastic_block_model"", ""m"": 2, ""num_blocks"": 4, ""num_graphs"": 100, ""num_nodes"": 50, ""p_in"": 0.28, ""p_out"": 0.04, ""seed"": 1}",edge_addition_deletion,"{""alpha"": 0.8, ""edges_added"": 4764, ""edges_removed"": 4729, ""graphs"": 100, ""graphs_skipped"": 0, ""graphs_success"": 100, ""method"": ""edge_addition_deletion"", ""rewires"": 0, ""triangles_affected"": 0}",0.8,1,wl_subtree_kernel_mmd,4.7586,2.1814215548582077,19.198100467119144,0.2205245980003383,15.540190696716309,success,
stochastic_block_model,"{""edge_probability"": 0.1, ""family"": ""stochastic_block_model"", ""m"": 2, ""num_blocks"": 4, ""num_graphs"": 100, ""num_nodes"": 50, ""p_in"": 0.28, ""p_out"": 0.04, ""seed"": 1}",edge_addition_deletion,"{""alpha"": 0.8, ""edges_added"": 4764, ""edges_removed"": 4729, ""graphs"": 100, ""graphs_skipped"": 0, ""graphs_success"": 100, ""method"": ""edge_addition_deletion"", ""rewires"": 0, ""triangles_affected"": 0}",0.8,1,native_netlsd,0.38552463488634175,0.38552463488634175,1.3334683425332323,73.29206274400349,0.18796539306640625,success,
stochastic_block_model,"{""edge_probability"": 0.1, ""family"": ""stochastic_block_model"", ""m"": 2, ""num_blocks"": 4, ""num_graphs"": 100, ""num_nodes"": 50, ""p_in"": 0.28, ""p_out"": 0.04, ""seed"": 1}",edge_addition_deletion,"{""alpha"": 0.8, ""edges_added"": 4764, ""edges_removed"": 4729, ""graphs"": 100, ""graphs_skipped"": 0, ""graphs_success"": 100, ""method"": ""edge_addition_deletion"", ""rewires"": 0, ""triangles_affected"": 0}",0.8,1,diversity_curves_shortest_path,0.4144860462606625,0.4144860462606625,0.8563840879107216,80.1699925980065,0.1344757080078125,success,
stochastic_block_model,"{""edge_probability"": 0.1, ""family"": ""stochastic_block_model"", ""m"": 2, ""num_blocks"": 4, ""num_graphs"": 100, ""num_nodes"": 50, ""p_in"": 0.28, ""p_out"": 0.04, ""seed"": 1}",edge_addition_deletion,"{""alpha"": 0.9, ""edges_added"": 5362, ""edges_removed"": 5320, ""graphs"": 100, ""graphs_skipped"": 0, ""graphs_success"": 100, ""method"": ""edge_addition_deletion"", ""rewires"": 0, ""triangles_affected"": 0}",0.9,1,structural_statistics_mmd,0.22521654298041904,9.018691155333233,9.559645933778064,1.9309123209968675,0.068145751953125,success,
stochastic_block_model,"{""edge_probability"": 0.1, ""family"": ""stochastic_block_model"", ""m"": 2, ""num_blocks"": 4, ""num_graphs"": 100, ""num_nodes"": 50, ""p_in"": 0.28, ""p_out"": 0.04, ""seed"": 1}",edge_addition_deletion,"{""alpha"": 0.9, ""edges_added"": 5362, ""edges_removed"": 5320, ""graphs"": 100, ""graphs_skipped"": 0, ""graphs_success"": 100, ""method"": ""edge_addition_deletion"", ""rewires"": 0, ""triangles_affected"": 0}",0.9,1,wl_subtree_kernel_mmd,4.545600000000004,2.1320412753978295,19.527416413669044,0.22172140300972387,15.561456680297852,success,
stochastic_block_model,"{""edge_probability"": 0.1, ""family"": ""stochastic_block_model"", ""m"": 2, ""num_blocks"": 4, ""num_graphs"": 100, ""num_nodes"": 50, ""p_in"": 0.28, ""p_out"": 0.04, ""seed"": 1}",edge_addition_deletion,"{""alpha"": 0.9, ""edges_added"": 5362, ""edges_removed"": 5320, ""graphs"": 100, ""graphs_skipped"": 0, ""graphs_success"": 100, ""method"": ""edge_addition_deletion"", ""rewires"": 0, ""triangles_affected"": 0}",0.9,1,native_netlsd,0.26059825392060054,0.26059825392060054,1.5693557418504163,73.14389078499516,0.1879425048828125,success,
stochastic_block_model,"{""edge_probability"": 0.1, ""family"": ""stochastic_block_model"", ""m"": 2, ""num_blocks"": 4, ""num_graphs"": 100, ""num_nodes"": 50, ""p_in"": 0.28, ""p_out"": 0.04, ""seed"": 1}",edge_addition_deletion,"{""alpha"": 0.9, ""edges_added"": 5362, ""edges_removed"": 5320, ""graphs"": 100, ""graphs_skipped"": 0, ""graphs_success"": 100, ""method"": ""edge_addition_deletion"", ""rewires"": 0, ""triangles_affected"": 0}",0.9,1,diversity_curves_shortest_path,0.3195946935350744,0.3195946935350744,0.9565097530324722,80.17423499599681,0.13423919677734375,success,
stochastic_block_model,"{""edge_probability"": 0.1, ""family"": ""stochastic_block_model"", ""m"": 2, ""num_blocks"": 4, ""num_graphs"": 100, ""num_nodes"": 50, ""p_in"": 0.28, ""p_out"": 0.04, ""seed"": 1}",edge_addition_deletion,"{""alpha"": 1.0, ""edges_added"": 5985, ""edges_removed"": 5931, ""graphs"": 100, ""graphs_skipped"": 0, ""graphs_success"": 100, ""method"": ""edge_addition_deletion"", ""rewires"": 0, ""triangles_affected"": 0}",1.0,1,structural_statistics_mmd,0.24703099939155082,9.334778185937289,9.943514099097364,1.9156451879825909,0.074310302734375,success,
stochastic_block_model,"{""edge_probability"": 0.1, ""family"": ""stochastic_block_model"", ""m"": 2, ""num_blocks"": 4, ""num_graphs"": 100, ""num_nodes"": 50, ""p_in"": 0.28, ""p_out"": 0.04, ""seed"": 1}",edge_addition_deletion,"{""alpha"": 1.0, ""edges_added"": 5985, ""edges_removed"": 5931, ""graphs"": 100, ""graphs_skipped"": 0, ""graphs_success"": 100, ""method"": ""edge_addition_deletion"", ""rewires"": 0, ""triangles_affected"": 0}",1.0,1,wl_subtree_kernel_mmd,5.131800000000001,2.265347655438344,19.494149399711276,0.22165998801938258,15.563370704650879,success,
stochastic_block_model,"{""edge_probability"": 0.1, ""family"": ""stochastic_block_model"", ""m"": 2, ""num_blocks"": 4, ""num_graphs"": 100, ""num_nodes"": 50, ""p_in"": 0.28, ""p_out"": 0.04, ""seed"": 1}",edge_addition_deletion,"{""alpha"": 1.0, ""edges_added"": 5985, ""edges_removed"": 5931, ""graphs"": 100, ""graphs_skipped"": 0, ""graphs_success"": 100, ""method"": ""edge_addition_deletion"", ""rewires"": 0, ""triangles_affected"": 0}",1.0,1,native_netlsd,0.26919482574838555,0.26919482574838555,1.7169405210505904,72.93987042500521,0.18802642822265625,success,
stochastic_block_model,"{""edge_probability"": 0.1, ""family"": ""stochastic_block_model"", ""m"": 2, ""num_blocks"": 4, ""num_graphs"": 100, ""num_nodes"": 50, ""p_in"": 0.28, ""p_out"": 0.04, ""seed"": 1}",edge_addition_deletion,"{""alpha"": 1.0, ""edges_added"": 5985, ""edges_removed"": 5931, ""graphs"": 100, ""graphs_skipped"": 0, ""graphs_success"": 100, ""method"": ""edge_addition_deletion"", ""rewires"": 0, ""triangles_affected"": 0}",1.0,1,diversity_curves_shortest_path,0.3075635474105341,0.3075635474105341,1.0478208698568987,81.56506434699986,0.5250320434570312,success,
stochastic_block_model,"{""edge_probability"": 0.1, ""family"": ""stochastic_block_model"", ""m"": 2, ""num_blocks"": 4, ""num_graphs"": 100, ""num_nodes"": 50, ""p_in"": 0.28, ""p_out"": 0.04, ""seed"": 1}",triangle_injection_removal,"{""alpha"": 0.0, ""edges_added"": 0, ""edges_removed"": 0, ""graphs"": 100, ""graphs_skipped"": 0, ""graphs_success"": 100, ""method"": ""triangle_injection_removal"", ""rewires"": 0, ""triangles_affected"": 0}",0.0,1,structural_statistics_mmd,0.0,0.0,0.0,1.9455951369891409,0.068634033203125,success,
stochastic_block_model,"{""edge_probability"": 0.1, ""family"": ""stochastic_block_model"", ""m"": 2, ""num_blocks"": 4, ""num_graphs"": 100, ""num_nodes"": 50, ""p_in"": 0.28, ""p_out"": 0.04, ""seed"": 1}",triangle_injection_removal,"{""alpha"": 0.0, ""edges_added"": 0, ""edges_removed"": 0, ""graphs"": 100, ""graphs_skipped"": 0, ""graphs_success"": 100, ""method"": ""triangle_injection_removal"", ""rewires"": 0, ""triangles_affected"": 0}",0.0,1,wl_subtree_kernel_mmd,0.0,0.0,0.0,0.21696585000609048,15.430936813354492,success,
stochastic_block_model,"{""edge_probability"": 0.1, ""family"": ""stochastic_block_model"", ""m"": 2, ""num_blocks"": 4, ""num_graphs"": 100, ""num_nodes"": 50, ""p_in"": 0.28, ""p_out"": 0.04, ""seed"": 1}",triangle_injection_removal,"{""alpha"": 0.0, ""edges_added"": 0, ""edges_removed"": 0, ""graphs"": 100, ""graphs_skipped"": 0, ""graphs_success"": 100, ""method"": ""triangle_injection_removal"", ""rewires"": 0, ""triangles_affected"": 0}",0.0,1,native_netlsd,0.0,0.0,0.0,73.13025132301846,0.1879425048828125,success,
stochastic_block_model,"{""edge_probability"": 0.1, ""family"": ""stochastic_block_model"", ""m"": 2, ""num_blocks"": 4, ""num_graphs"": 100, ""num_nodes"": 50, ""p_in"": 0.28, ""p_out"": 0.04, ""seed"": 1}",triangle_injection_removal,"{""alpha"": 0.0, ""edges_added"": 0, ""edges_removed"": 0, ""graphs"": 100, ""graphs_skipped"": 0, ""graphs_success"": 100, ""method"": ""triangle_injection_removal"", ""rewires"": 0, ""triangles_affected"": 0}",0.0,1,diversity_curves_shortest_path,0.0,0.0,0.0,77.60270445299102,0.13387298583984375,success,
stochastic_block_model,"{""edge_probability"": 0.1, ""family"": ""stochastic_block_model"", ""m"": 2, ""num_blocks"": 4, ""num_graphs"": 100, ""num_nodes"": 50, ""p_in"": 0.28, ""p_out"": 0.04, ""seed"": 1}",triangle_injection_removal,"{""alpha"": 0.1, ""edges_added"": 594, ""edges_removed"": 551, ""graphs"": 100, ""graphs_skipped"": 0, ""graphs_success"": 100, ""method"": ""triangle_injection_removal"", ""rewires"": 0, ""triangles_affected"": 1145}",0.1,1,structural_statistics_mmd,0.002013539600676628,0.4637672236846449,1.779021468748547,1.9207317199907266,0.068634033203125,success,
stochastic_block_model,"{""edge_probability"": 0.1, ""family"": ""stochastic_block_model"", ""m"": 2, ""num_blocks"": 4, ""num_graphs"": 100, ""num_nodes"": 50, ""p_in"": 0.28, ""p_out"": 0.04, ""seed"": 1}",triangle_injection_removal,"{""alpha"": 0.1, ""edges_added"": 594, ""edges_removed"": 551, ""graphs"": 100, ""graphs_skipped"": 0, ""graphs_success"": 100, ""method"": ""triangle_injection_removal"", ""rewires"": 0, ""triangles_affected"": 1145}",0.1,1,wl_subtree_kernel_mmd,3.0044000000000004,1.7333205127730995,17.64777171282519,0.22096721400157548,15.51148796081543,success,
stochastic_block_model,"{""edge_probability"": 0.1, ""family"": ""stochastic_block_model"", ""m"": 2, ""num_blocks"": 4, ""num_graphs"": 100, ""num_nodes"": 50, ""p_in"": 0.28, ""p_out"": 0.04, ""seed"": 1}",triangle_injection_removal,"{""alpha"": 0.1, ""edges_added"": 594, ""edges_removed"": 551, ""graphs"": 100, ""graphs_skipped"": 0, ""graphs_success"": 100, ""method"": ""triangle_injection_removal"", ""rewires"": 0, ""triangles_affected"": 1145}",0.1,1,native_netlsd,0.039237993823856704,0.039237993823856704,0.09169027891079125,73.00292715002433,0.18796539306640625,success,
stochastic_block_model,"{""edge_probability"": 0.1, ""family"": ""stochastic_block_model"", ""m"": 2, ""num_blocks"": 4, ""num_graphs"": 100, ""num_nodes"": 50, ""p_in"": 0.28, ""p_out"": 0.04, ""seed"": 1}",triangle_injection_removal,"{""alpha"": 0.1, ""edges_added"": 594, ""edges_removed"": 551, ""graphs"": 100, ""graphs_skipped"": 0, ""graphs_success"": 100, ""method"": ""triangle_injection_removal"", ""rewires"": 0, ""triangles_affected"": 1145}",0.1,1,diversity_curves_shortest_path,0.05576634988889066,0.05576634988889066,0.12240418933428804,77.62242181500187,0.1339874267578125,success,
stochastic_block_model,"{""edge_probability"": 0.1, ""family"": ""stochastic_block_model"", ""m"": 2, ""num_blocks"": 4, ""num_graphs"": 100, ""num_nodes"": 50, ""p_in"": 0.28, ""p_out"": 0.04, ""seed"": 1}",triangle_injection_removal,"{""alpha"": 0.2, ""edges_added"": 1204, ""edges_removed"": 1145, ""graphs"": 100, ""graphs_skipped"": 0, ""graphs_success"": 100, ""method"": ""triangle_injection_removal"", ""rewires"": 0, ""triangles_affected"": 2349}",0.2,1,structural_statistics_mmd,0.0014961520580067944,0.8009541368409053,2.4153904232617878,1.9283635899773799,0.06865692138671875,success,
stochastic_block_model,"{""edge_probability"": 0.1, ""family"": ""stochastic_block_model"", ""m"": 2, ""num_blocks"": 4, ""num_graphs"": 100, ""num_nodes"": 50, ""p_in"": 0.28, ""p_out"": 0.04, ""seed"": 1}",triangle_injection_removal,"{""alpha"": 0.2, ""edges_added"": 1204, ""edges_removed"": 1145, ""graphs"": 100, ""graphs_skipped"": 0, ""graphs_success"": 100, ""method"": ""triangle_injection_removal"", ""rewires"": 0, ""triangles_affected"": 2349}",0.2,1,wl_subtree_kernel_mmd,3.5446000000000004,1.882710811569318,18.225339991315117,0.2201176319795195,15.542357444763184,success,
stochastic_block_model,"{""edge_probability"": 0.1, ""family"": ""stochastic_block_model"", ""m"": 2, ""num_blocks"": 4, ""num_graphs"": 100, ""num_nodes"": 50, ""p_in"": 0.28, ""p_out"": 0.04, ""seed"": 1}",triangle_injection_removal,"{""alpha"": 0.2, ""edges_added"": 1204, ""edges_removed"": 1145, ""graphs"": 100, ""graphs_skipped"": 0, ""graphs_success"": 100, ""method"": ""triangle_injection_removal"", ""rewires"": 0, ""triangles_affected"": 2349}",0.2,1,native_netlsd,0.04813646110213364,0.04813646110213364,0.11266857345928702,73.47040138999,0.18791961669921875,success,
stochastic_block_model,"{""edge_probability"": 0.1, ""family"": ""stochastic_block_model"", ""m"": 2, ""num_blocks"": 4, ""num_graphs"": 100, ""num_nodes"": 50, ""p_in"": 0.28, ""p_out"": 0.04, ""seed"": 1}",triangle_injection_removal,"{""alpha"": 0.2, ""edges_added"": 1204, ""edges_removed"": 1145, ""graphs"": 100, ""graphs_skipped"": 0, ""graphs_success"": 100, ""method"": ""triangle_injection_removal"", ""rewires"": 0, ""triangles_affected"": 2349}",0.2,1,diversity_curves_shortest_path,0.07054214922786733,0.07054214922786733,0.14454739721302878,78.13607988800504,0.1339874267578125,success,
stochastic_block_model,"{""edge_probability"": 0.1, ""family"": ""stochastic_block_model"", ""m"": 2, ""num_blocks"": 4, ""num_graphs"": 100, ""num_nodes"": 50, ""p_in"": 0.28, ""p_out"": 0.04, ""seed"": 1}",triangle_injection_removal,"{""alpha"": 0.3, ""edges_added"": 1789, ""edges_removed"": 1742, ""graphs"": 100, ""graphs_skipped"": 0, ""graphs_success"": 100, ""method"": ""triangle_injection_removal"", ""rewires"": 0, ""triangles_affected"": 3531}",0.3,1,structural_statistics_mmd,0.003162838566988624,1.0472410334866933,2.667896995124872,1.9341838429972995,0.068634033203125,success,
stochastic_block_model,"{""edge_probability"": 0.1, ""family"": ""stochastic_block_model"", ""m"": 2, ""num_blocks"": 4, ""num_graphs"": 100, ""num_nodes"": 50, ""p_in"": 0.28, ""p_out"": 0.04, ""seed"": 1}",triangle_injection_removal,"{""alpha"": 0.3, ""edges_added"": 1789, ""edges_removed"": 1742, ""graphs"": 100, ""graphs_skipped"": 0, ""graphs_success"": 100, ""method"": ""triangle_injection_removal"", ""rewires"": 0, ""triangles_affected"": 3531}",0.3,1,wl_subtree_kernel_mmd,3.8566000000000016,1.9638228025970168,18.516742968554887,0.2219235969823785,15.5684232711792,success,
stochastic_block_model,"{""edge_probability"": 0.1, ""family"": ""stochastic_block_model"", ""m"": 2, ""num_blocks"": 4, ""num_graphs"": 100, ""num_nodes"": 50, ""p_in"": 0.28, ""p_out"": 0.04, ""seed"": 1}",triangle_injection_removal,"{""alpha"": 0.3, ""edges_added"": 1789, ""edges_removed"": 1742, ""graphs"": 100, ""graphs_skipped"": 0, ""graphs_success"": 100, ""method"": ""triangle_injection_removal"", ""rewires"": 0, ""triangles_affected"": 3531}",0.3,1,native_netlsd,0.04262974657318995,0.04262974657318995,0.17100991016476505,73.22192141501,0.18796539306640625,success,
stochastic_block_model,"{""edge_probability"": 0.1, ""family"": ""stochastic_block_model"", ""m"": 2, ""num_blocks"": 4, ""num_graphs"": 100, ""num_nodes"": 50, ""p_in"": 0.28, ""p_out"": 0.04, ""seed"": 1}",triangle_injection_removal,"{""alpha"": 0.3, ""edges_added"": 1789, ""edges_removed"": 1742, ""graphs"": 100, ""graphs_skipped"": 0, ""graphs_success"": 100, ""method"": ""triangle_injection_removal"", ""rewires"": 0, ""triangles_affected"": 3531}",0.3,1,diversity_curves_shortest_path,0.037615740263253095,0.037615740263253095,0.18150807446507902,78.42710983500001,0.1344757080078125,success,
stochastic_block_model,"{""edge_probability"": 0.1, ""family"": ""stochastic_block_model"", ""m"": 2, ""num_blocks"": 4, ""num_graphs"": 100, ""num_nodes"": 50, ""p_in"": 0.28, ""p_out"": 0.04, ""seed"": 1}",triangle_injection_removal,"{""alpha"": 0.4, ""edges_added"": 2380, ""edges_removed"": 2349, ""graphs"": 100, ""graphs_skipped"": 0, ""graphs_success"": 100, ""method"": ""triangle_injection_removal"", ""rewires"": 0, ""triangles_affected"": 4729}",0.4,1,structural_statistics_mmd,0.005856222273612932,1.4431545537548762,3.603518584648964,1.95799012601492,0.06861114501953125,success,
stochastic_block_model,"{""edge_probability"": 0.1, ""family"": ""stochastic_block_model"", ""m"": 2, ""num_blocks"": 4, ""num_graphs"": 100, ""num_nodes"": 50, ""p_in"": 0.28, ""p_out"": 0.04, ""seed"": 1}",triangle_injection_removal,"{""alpha"": 0.4, ""edges_added"": 2380, ""edges_removed"": 2349, ""graphs"": 100, ""graphs_skipped"": 0, ""graphs_success"": 100, ""method"": ""triangle_injection_removal"", ""rewires"": 0, ""triangles_affected"": 4729}",0.4,1,wl_subtree_kernel_mmd,4.995400000000002,2.2350391495452606,18.894100341537907,0.22085476102074608,15.608078002929688,success,
stochastic_block_model,"{""edge_probability"": 0.1, ""family"": ""stochastic_block_model"", ""m"": 2, ""num_blocks"": 4, ""num_graphs"": 100, ""num_nodes"": 50, ""p_in"": 0.28, ""p_out"": 0.04, ""seed"": 1}",triangle_injection_removal,"{""alpha"": 0.4, ""edges_added"": 2380, ""edges_removed"": 2349, ""graphs"": 100, ""graphs_skipped"": 0, ""graphs_success"": 100, ""method"": ""triangle_injection_removal"", ""rewires"": 0, ""triangles_affected"": 4729}",0.4,1,native_netlsd,0.041532754219299375,0.041532754219299375,0.17445824246136482,73.36543206498027,0.18796539306640625,success,
stochastic_block_model,"{""edge_probability"": 0.1, ""family"": ""stochastic_block_model"", ""m"": 2, ""num_blocks"": 4, ""num_graphs"": 100, ""num_nodes"": 50, ""p_in"": 0.28, ""p_out"": 0.04, ""seed"": 1}",triangle_injection_removal,"{""alpha"": 0.4, ""edges_added"": 2380, ""edges_removed"": 2349, ""graphs"": 100, ""graphs_skipped"": 0, ""graphs_success"": 100, ""method"": ""triangle_injection_removal"", ""rewires"": 0, ""triangles_affected"": 4729}",0.4,1,diversity_curves_shortest_path,0.04387732569414481,0.04387732569414481,0.18356376851118214,78.88166967598954,0.134765625,success,
stochastic_block_model,"{""edge_probability"": 0.1, ""family"": ""stochastic_block_model"", ""m"": 2, ""num_blocks"": 4, ""num_graphs"": 100, ""num_nodes"": 50, ""p_in"": 0.28, ""p_out"": 0.04, ""seed"": 1}",triangle_injection_removal,"{""alpha"": 0.5, ""edges_added"": 2988, ""edges_removed"": 2943, ""graphs"": 100, ""graphs_skipped"": 0, ""graphs_success"": 100, ""method"": ""triangle_injection_removal"", ""rewires"": 0, ""triangles_affected"": 5931}",0.5,1,structural_statistics_mmd,0.013657238943062255,2.686177636612646,4.261536311450584,1.9322538939886726,0.06865692138671875,success,
stochastic_block_model,"{""edge_probability"": 0.1, ""family"": ""stochastic_block_model"", ""m"": 2, ""num_blocks"": 4, ""num_graphs"": 100, ""num_nodes"": 50, ""p_in"": 0.28, ""p_out"": 0.04, ""seed"": 1}",triangle_injection_removal,"{""alpha"": 0.5, ""edges_added"": 2988, ""edges_removed"": 2943, ""graphs"": 100, ""graphs_skipped"": 0, ""graphs_success"": 100, ""method"": ""triangle_injection_removal"", ""rewires"": 0, ""triangles_affected"": 5931}",0.5,1,wl_subtree_kernel_mmd,5.694400000000003,2.386294198123945,18.791545346571265,0.22124445700319484,15.651153564453125,success,
stochastic_block_model,"{""edge_probability"": 0.1, ""family"": ""stochastic_block_model"", ""m"": 2, ""num_blocks"": 4, ""num_graphs"": 100, ""num_nodes"": 50, ""p_in"": 0.28, ""p_out"": 0.04, ""seed"": 1}",triangle_injection_removal,"{""alpha"": 0.5, ""edges_added"": 2988, ""edges_removed"": 2943, ""graphs"": 100, ""graphs_skipped"": 0, ""graphs_success"": 100, ""method"": ""triangle_injection_removal"", ""rewires"": 0, ""triangles_affected"": 5931}",0.5,1,native_netlsd,0.19570852424516197,0.19570852424516197,0.34816794738613166,73.25441476597916,0.18796539306640625,success,
stochastic_block_model,"{""edge_probability"": 0.1, ""family"": ""stochastic_block_model"", ""m"": 2, ""num_blocks"": 4, ""num_graphs"": 100, ""num_nodes"": 50, ""p_in"": 0.28, ""p_out"": 0.04, ""seed"": 1}",triangle_injection_removal,"{""alpha"": 0.5, ""edges_added"": 2988, ""edges_removed"": 2943, ""graphs"": 100, ""graphs_skipped"": 0, ""graphs_success"": 100, ""method"": ""triangle_injection_removal"", ""rewires"": 0, ""triangles_affected"": 5931}",0.5,1,diversity_curves_shortest_path,0.0761421397094409,0.0761421397094409,0.278113455811896,78.32730760800769,0.13413238525390625,success,
stochastic_block_model,"{""edge_probability"": 0.1, ""family"": ""stochastic_block_model"", ""m"": 2, ""num_blocks"": 4, ""num_graphs"": 100, ""num_nodes"": 50, ""p_in"": 0.28, ""p_out"": 0.04, ""seed"": 1}",triangle_injection_removal,"{""alpha"": 0.6, ""edges_added"": 3582, ""edges_removed"": 3531, ""graphs"": 100, ""graphs_skipped"": 0, ""graphs_success"": 100, ""method"": ""triangle_injection_removal"", ""rewires"": 0, ""triangles_affected"": 7113}",0.6,1,structural_statistics_mmd,0.019066711657921287,2.3862761603704548,4.388556290626187,1.9222736109804828,0.06865692138671875,success,
stochastic_block_model,"{""edge_probability"": 0.1, ""family"": ""stochastic_block_model"", ""m"": 2, ""num_blocks"": 4, ""num_graphs"": 100, ""num_nodes"": 50, ""p_in"": 0.28, ""p_out"": 0.04, ""seed"": 1}",triangle_injection_removal,"{""alpha"": 0.6, ""edges_added"": 3582, ""edges_removed"": 3531, ""graphs"": 100, ""graphs_skipped"": 0, ""graphs_success"": 100, ""method"": ""triangle_injection_removal"", ""rewires"": 0, ""triangles_affected"": 7113}",0.6,1,wl_subtree_kernel_mmd,5.040800000000002,2.245172599155798,18.82749210552911,0.22047228799783625,15.691773414611816,success,
stochastic_block_model,"{""edge_probability"": 0.1, ""family"": ""stochastic_block_model"", ""m"": 2, ""num_blocks"": 4, ""num_graphs"": 100, ""num_nodes"": 50, ""p_in"": 0.28, ""p_out"": 0.04, ""seed"": 1}",triangle_injection_removal,"{""alpha"": 0.6, ""edges_added"": 3582, ""edges_removed"": 3531, ""graphs"": 100, ""graphs_skipped"": 0, ""graphs_success"": 100, ""method"": ""triangle_injection_removal"", ""rewires"": 0, ""triangles_affected"": 7113}",0.6,1,native_netlsd,0.22975265253733954,0.22975265253733954,0.42182969777512475,73.31003677798435,0.18798828125,success,
stochastic_block_model,"{""edge_probability"": 0.1, ""family"": ""stochastic_block_model"", ""m"": 2, ""num_blocks"": 4, ""num_graphs"": 100, ""num_nodes"": 50, ""p_in"": 0.28, ""p_out"": 0.04, ""seed"": 1}",triangle_injection_removal,"{""alpha"": 0.6, ""edges_added"": 3582, ""edges_removed"": 3531, ""graphs"": 100, ""graphs_skipped"": 0, ""graphs_success"": 100, ""method"": ""triangle_injection_removal"", ""rewires"": 0, ""triangles_affected"": 7113}",0.6,1,diversity_curves_shortest_path,0.06985721712367857,0.06985721712367857,0.31613304449757446,78.59466618401348,0.1342315673828125,success,
stochastic_block_model,"{""edge_probability"": 0.1, ""family"": ""stochastic_block_model"", ""m"": 2, ""num_blocks"": 4, ""num_graphs"": 100, ""num_nodes"": 50, ""p_in"": 0.28, ""p_out"": 0.04, ""seed"": 1}",triangle_injection_removal,"{""alpha"": 0.7, ""edges_added"": 4170, ""edges_removed"": 4126, ""graphs"": 100, ""graphs_skipped"": 0, ""graphs_success"": 100, ""method"": ""triangle_injection_removal"", ""rewires"": 0, ""triangles_affected"": 8296}",0.7,1,structural_statistics_mmd,0.024368774053969866,2.9861751780909427,4.717560024842526,1.943872715026373,0.07098388671875,success,
stochastic_block_model,"{""edge_probability"": 0.1, ""family"": ""stochastic_block_model"", ""m"": 2, ""num_blocks"": 4, ""num_graphs"": 100, ""num_nodes"": 50, ""p_in"": 0.28, ""p_out"": 0.04, ""seed"": 1}",triangle_injection_removal,"{""alpha"": 0.7, ""edges_added"": 4170, ""edges_removed"": 4126, ""graphs"": 100, ""graphs_skipped"": 0, ""graphs_success"": 100, ""method"": ""triangle_injection_removal"", ""rewires"": 0, ""triangles_affected"": 8296}",0.7,1,wl_subtree_kernel_mmd,6.162800000000004,2.482498741188,19.15841569750386,0.2225756119878497,15.733851432800293,success,
stochastic_block_model,"{""edge_probability"": 0.1, ""family"": ""stochastic_block_model"", ""m"": 2, ""num_blocks"": 4, ""num_graphs"": 100, ""num_nodes"": 50, ""p_in"": 0.28, ""p_out"": 0.04, ""seed"": 1}",triangle_injection_removal,"{""alpha"": 0.7, ""edges_added"": 4170, ""edges_removed"": 4126, ""graphs"": 100, ""graphs_skipped"": 0, ""graphs_success"": 100, ""method"": ""triangle_injection_removal"", ""rewires"": 0, ""triangles_affected"": 8296}",0.7,1,native_netlsd,0.33897536669342104,0.33897536669342104,0.5110637228550307,73.23610405198997,0.18802642822265625,success,
stochastic_block_model,"{""edge_probability"": 0.1, ""family"": ""stochastic_block_model"", ""m"": 2, ""num_blocks"": 4, ""num_graphs"": 100, ""num_nodes"": 50, ""p_in"": 0.28, ""p_out"": 0.04, ""seed"": 1}",triangle_injection_removal,"{""alpha"": 0.7, ""edges_added"": 4170, ""edges_removed"": 4126, ""graphs"": 100, ""graphs_skipped"": 0, ""graphs_success"": 100, ""method"": ""triangle_injection_removal"", ""rewires"": 0, ""triangles_affected"": 8296}",0.7,1,diversity_curves_shortest_path,0.131985403492259,0.131985403492259,0.35319569969115405,79.86984779298655,0.5254364013671875,success,
stochastic_block_model,"{""edge_probability"": 0.1, ""family"": ""stochastic_block_model"", ""m"": 2, ""num_blocks"": 4, ""num_graphs"": 100, ""num_nodes"": 50, ""p_in"": 0.28, ""p_out"": 0.04, ""seed"": 1}",triangle_injection_removal,"{""alpha"": 0.8, ""edges_added"": 4764, ""edges_removed"": 4729, ""graphs"": 100, ""graphs_skipped"": 0, ""graphs_success"": 100, ""method"": ""triangle_injection_removal"", ""rewires"": 0, ""triangles_affected"": 9493}",0.8,1,structural_statistics_mmd,0.03462049352203178,3.0688409356041326,5.231002502926672,1.9301577820151579,0.06865692138671875,success,
stochastic_block_model,"{""edge_probability"": 0.1, ""family"": ""stochastic_block_model"", ""m"": 2, ""num_blocks"": 4, ""num_graphs"": 100, ""num_nodes"": 50, ""p_in"": 0.28, ""p_out"": 0.04, ""seed"": 1}",triangle_injection_removal,"{""alpha"": 0.8, ""edges_added"": 4764, ""edges_removed"": 4729, ""graphs"": 100, ""graphs_skipped"": 0, ""graphs_success"": 100, ""method"": ""triangle_injection_removal"", ""rewires"": 0, ""triangles_affected"": 9493}",0.8,1,wl_subtree_kernel_mmd,6.1544000000000025,2.4808063205337096,19.166550009803615,0.2220341619977262,15.720813751220703,success,
stochastic_block_model,"{""edge_probability"": 0.1, ""family"": ""stochastic_block_model"", ""m"": 2, ""num_blocks"": 4, ""num_graphs"": 100, ""num_nodes"": 50, ""p_in"": 0.28, ""p_out"": 0.04, ""seed"": 1}",triangle_injection_removal,"{""alpha"": 0.8, ""edges_added"": 4764, ""edges_removed"": 4729, ""graphs"": 100, ""graphs_skipped"": 0, ""graphs_success"": 100, ""method"": ""triangle_injection_removal"", ""rewires"": 0, ""triangles_affected"": 9493}",0.8,1,native_netlsd,0.2689367427319853,0.2689367427319853,0.4410622547965539,73.50251427400508,0.18796539306640625,success,
stochastic_block_model,"{""edge_probability"": 0.1, ""family"": ""stochastic_block_model"", ""m"": 2, ""num_blocks"": 4, ""num_graphs"": 100, ""num_nodes"": 50, ""p_in"": 0.28, ""p_out"": 0.04, ""seed"": 1}",triangle_injection_removal,"{""alpha"": 0.8, ""edges_added"": 4764, ""edges_removed"": 4729, ""graphs"": 100, ""graphs_skipped"": 0, ""graphs_success"": 100, ""method"": ""triangle_injection_removal"", ""rewires"": 0, ""triangles_affected"": 9493}",0.8,1,diversity_curves_shortest_path,0.11174285925720037,0.11174285925720037,0.3314284661470856,78.97840440299478,0.1348419189453125,success,
stochastic_block_model,"{""edge_probability"": 0.1, ""family"": ""stochastic_block_model"", ""m"": 2, ""num_blocks"": 4, ""num_graphs"": 100, ""num_nodes"": 50, ""p_in"": 0.28, ""p_out"": 0.04, ""seed"": 1}",triangle_injection_removal,"{""alpha"": 0.9, ""edges_added"": 5362, ""edges_removed"": 5320, ""graphs"": 100, ""graphs_skipped"": 0, ""graphs_success"": 100, ""method"": ""triangle_injection_removal"", ""rewires"": 0, ""triangles_affected"": 10682}",0.9,1,structural_statistics_mmd,0.0385137455930723,3.7358960171136513,5.388661464598003,1.9182848920172546,0.068634033203125,success,
stochastic_block_model,"{""edge_probability"": 0.1, ""family"": ""stochastic_block_model"", ""m"": 2, ""num_blocks"": 4, ""num_graphs"": 100, ""num_nodes"": 50, ""p_in"": 0.28, ""p_out"": 0.04, ""seed"": 1}",triangle_injection_removal,"{""alpha"": 0.9, ""edges_added"": 5362, ""edges_removed"": 5320, ""graphs"": 100, ""graphs_skipped"": 0, ""graphs_success"": 100, ""method"": ""triangle_injection_removal"", ""rewires"": 0, ""triangles_affected"": 10682}",0.9,1,wl_subtree_kernel_mmd,8.731000000000002,2.9548265600539065,19.063733720345166,0.22080804000142962,15.755867004394531,success,
stochastic_block_model,"{""edge_probability"": 0.1, ""family"": ""stochastic_block_model"", ""m"": 2, ""num_blocks"": 4, ""num_graphs"": 100, ""num_nodes"": 50, ""p_in"": 0.28, ""p_out"": 0.04, ""seed"": 1}",triangle_injection_removal,"{""alpha"": 0.9, ""edges_added"": 5362, ""edges_removed"": 5320, ""graphs"": 100, ""graphs_skipped"": 0, ""graphs_success"": 100, ""method"": ""triangle_injection_removal"", ""rewires"": 0, ""triangles_affected"": 10682}",0.9,1,native_netlsd,0.47897135801571167,0.47897135801571167,0.6605633603934099,73.11966771501466,0.18796539306640625,success,
stochastic_block_model,"{""edge_probability"": 0.1, ""family"": ""stochastic_block_model"", ""m"": 2, ""num_blocks"": 4, ""num_graphs"": 100, ""num_nodes"": 50, ""p_in"": 0.28, ""p_out"": 0.04, ""seed"": 1}",triangle_injection_removal,"{""alpha"": 0.9, ""edges_added"": 5362, ""edges_removed"": 5320, ""graphs"": 100, ""graphs_skipped"": 0, ""graphs_success"": 100, ""method"": ""triangle_injection_removal"", ""rewires"": 0, ""triangles_affected"": 10682}",0.9,1,diversity_curves_shortest_path,0.24093014059356524,0.24093014059356524,0.4590294309360947,78.27670419501374,0.13411712646484375,success,
stochastic_block_model,"{""edge_probability"": 0.1, ""family"": ""stochastic_block_model"", ""m"": 2, ""num_blocks"": 4, ""num_graphs"": 100, ""num_nodes"": 50, ""p_in"": 0.28, ""p_out"": 0.04, ""seed"": 1}",triangle_injection_removal,"{""alpha"": 1.0, ""edges_added"": 5985, ""edges_removed"": 5931, ""graphs"": 100, ""graphs_skipped"": 0, ""graphs_success"": 100, ""method"": ""triangle_injection_removal"", ""rewires"": 0, ""triangles_affected"": 11916}",1.0,1,structural_statistics_mmd,0.04661802693413575,4.476108006897557,6.138357173983698,1.9235069249989465,0.06861114501953125,success,
stochastic_block_model,"{""edge_probability"": 0.1, ""family"": ""stochastic_block_model"", ""m"": 2, ""num_blocks"": 4, ""num_graphs"": 100, ""num_nodes"": 50, ""p_in"": 0.28, ""p_out"": 0.04, ""seed"": 1}",triangle_injection_removal,"{""alpha"": 1.0, ""edges_added"": 5985, ""edges_removed"": 5931, ""graphs"": 100, ""graphs_skipped"": 0, ""graphs_success"": 100, ""method"": ""triangle_injection_removal"", ""rewires"": 0, ""triangles_affected"": 11916}",1.0,1,wl_subtree_kernel_mmd,10.396200000000006,3.224313880502332,19.27971487669259,0.2222621820110362,15.841739654541016,success,
stochastic_block_model,"{""edge_probability"": 0.1, ""family"": ""stochastic_block_model"", ""m"": 2, ""num_blocks"": 4, ""num_graphs"": 100, ""num_nodes"": 50, ""p_in"": 0.28, ""p_out"": 0.04, ""seed"": 1}",triangle_injection_removal,"{""alpha"": 1.0, ""edges_added"": 5985, ""edges_removed"": 5931, ""graphs"": 100, ""graphs_skipped"": 0, ""graphs_success"": 100, ""method"": ""triangle_injection_removal"", ""rewires"": 0, ""triangles_affected"": 11916}",1.0,1,native_netlsd,0.8090721414031297,0.8090721414031297,0.93804600015364,73.30082120699808,0.1879425048828125,success,
stochastic_block_model,"{""edge_probability"": 0.1, ""family"": ""stochastic_block_model"", ""m"": 2, ""num_blocks"": 4, ""num_graphs"": 100, ""num_nodes"": 50, ""p_in"": 0.28, ""p_out"": 0.04, ""seed"": 1}",triangle_injection_removal,"{""alpha"": 1.0, ""edges_added"": 5985, ""edges_removed"": 5931, ""graphs"": 100, ""graphs_skipped"": 0, ""graphs_success"": 100, ""method"": ""triangle_injection_removal"", ""rewires"": 0, ""triangles_affected"": 11916}",1.0,1,diversity_curves_shortest_path,0.3912492713898179,0.3912492713898179,0.5617404855486465,78.7559964650136,0.134521484375,success,
stochastic_block_model,"{""edge_probability"": 0.1, ""family"": ""stochastic_block_model"", ""m"": 2, ""num_blocks"": 4, ""num_graphs"": 100, ""num_nodes"": 50, ""p_in"": 0.28, ""p_out"": 0.04, ""seed"": 1}",community_weakening,"{""alpha"": 0.0, ""edges_added"": 0, ""edges_removed"": 0, ""graphs"": 100, ""graphs_skipped"": 0, ""graphs_success"": 100, ""method"": ""community_weakening"", ""rewires"": 0, ""triangles_affected"": 0}",0.0,1,structural_statistics_mmd,0.0,0.0,0.0,1.9310291250003502,0.068634033203125,success,
stochastic_block_model,"{""edge_probability"": 0.1, ""family"": ""stochastic_block_model"", ""m"": 2, ""num_blocks"": 4, ""num_graphs"": 100, ""num_nodes"": 50, ""p_in"": 0.28, ""p_out"": 0.04, ""seed"": 1}",community_weakening,"{""alpha"": 0.0, ""edges_added"": 0, ""edges_removed"": 0, ""graphs"": 100, ""graphs_skipped"": 0, ""graphs_success"": 100, ""method"": ""community_weakening"", ""rewires"": 0, ""triangles_affected"": 0}",0.0,1,wl_subtree_kernel_mmd,0.0,0.0,0.0,0.2182922280044295,15.430936813354492,success,
stochastic_block_model,"{""edge_probability"": 0.1, ""family"": ""stochastic_block_model"", ""m"": 2, ""num_blocks"": 4, ""num_graphs"": 100, ""num_nodes"": 50, ""p_in"": 0.28, ""p_out"": 0.04, ""seed"": 1}",community_weakening,"{""alpha"": 0.0, ""edges_added"": 0, ""edges_removed"": 0, ""graphs"": 100, ""graphs_skipped"": 0, ""graphs_success"": 100, ""method"": ""community_weakening"", ""rewires"": 0, ""triangles_affected"": 0}",0.0,1,native_netlsd,0.0,0.0,0.0,73.19581430501421,0.1879425048828125,success,
stochastic_block_model,"{""edge_probability"": 0.1, ""family"": ""stochastic_block_model"", ""m"": 2, ""num_blocks"": 4, ""num_graphs"": 100, ""num_nodes"": 50, ""p_in"": 0.28, ""p_out"": 0.04, ""seed"": 1}",community_weakening,"{""alpha"": 0.0, ""edges_added"": 0, ""edges_removed"": 0, ""graphs"": 100, ""graphs_skipped"": 0, ""graphs_success"": 100, ""method"": ""community_weakening"", ""rewires"": 0, ""triangles_affected"": 0}",0.0,1,diversity_curves_shortest_path,0.0,0.0,0.0,77.16730412500328,0.1339874267578125,success,
stochastic_block_model,"{""edge_probability"": 0.1, ""family"": ""stochastic_block_model"", ""m"": 2, ""num_blocks"": 4, ""num_graphs"": 100, ""num_nodes"": 50, ""p_in"": 0.28, ""p_out"": 0.04, ""seed"": 1}",community_weakening,"{""alpha"": 0.1, ""edges_added"": 776, ""edges_removed"": 776, ""graphs"": 100, ""graphs_skipped"": 0, ""graphs_success"": 100, ""method"": ""community_weakening"", ""rewires"": 776, ""triangles_affected"": 0}",0.1,1,structural_statistics_mmd,0.04856748004722777,4.18224706811574,4.337205748901814,1.9342879680043552,0.06861114501953125,success,
stochastic_block_model,"{""edge_probability"": 0.1, ""family"": ""stochastic_block_model"", ""m"": 2, ""num_blocks"": 4, ""num_graphs"": 100, ""num_nodes"": 50, ""p_in"": 0.28, ""p_out"": 0.04, ""seed"": 1}",community_weakening,"{""alpha"": 0.1, ""edges_added"": 776, ""edges_removed"": 776, ""graphs"": 100, ""graphs_skipped"": 0, ""graphs_success"": 100, ""method"": ""community_weakening"", ""rewires"": 776, ""triangles_affected"": 0}",0.1,1,wl_subtree_kernel_mmd,4.223400000000002,2.0550912388504803,18.31371348054326,0.22224352601915598,15.464000701904297,success,
stochastic_block_model,"{""edge_probability"": 0.1, ""family"": ""stochastic_block_model"", ""m"": 2, ""num_blocks"": 4, ""num_graphs"": 100, ""num_nodes"": 50, ""p_in"": 0.28, ""p_out"": 0.04, ""seed"": 1}",community_weakening,"{""alpha"": 0.1, ""edges_added"": 776, ""edges_removed"": 776, ""graphs"": 100, ""graphs_skipped"": 0, ""graphs_success"": 100, ""method"": ""community_weakening"", ""rewires"": 776, ""triangles_affected"": 0}",0.1,1,native_netlsd,0.2820981347851479,0.2820981347851479,0.7674307809539799,73.49306478200015,0.18791961669921875,success,
stochastic_block_model,"{""edge_probability"": 0.1, ""family"": ""stochastic_block_model"", ""m"": 2, ""num_blocks"": 4, ""num_graphs"": 100, ""num_nodes"": 50, ""p_in"": 0.28, ""p_out"": 0.04, ""seed"": 1}",community_weakening,"{""alpha"": 0.1, ""edges_added"": 776, ""edges_removed"": 776, ""graphs"": 100, ""graphs_skipped"": 0, ""graphs_success"": 100, ""method"": ""community_weakening"", ""rewires"": 776, ""triangles_affected"": 0}",0.1,1,diversity_curves_shortest_path,0.2638418597886258,0.2638418597886258,0.4962723368905675,78.73712125199381,0.1344757080078125,success,
stochastic_block_model,"{""edge_probability"": 0.1, ""family"": ""stochastic_block_model"", ""m"": 2, ""num_blocks"": 4, ""num_graphs"": 100, ""num_nodes"": 50, ""p_in"": 0.28, ""p_out"": 0.04, ""seed"": 1}",community_weakening,"{""alpha"": 0.2, ""edges_added"": 1598, ""edges_removed"": 1598, ""graphs"": 100, ""graphs_skipped"": 0, ""graphs_success"": 100, ""method"": ""community_weakening"", ""rewires"": 1598, ""triangles_affected"": 0}",0.2,1,structural_statistics_mmd,0.14107094171667645,6.944957043814573,7.1564123501087415,1.9654365179885644,0.06861114501953125,success,
stochastic_block_model,"{""edge_probability"": 0.1, ""family"": ""stochastic_block_model"", ""m"": 2, ""num_blocks"": 4, ""num_graphs"": 100, ""num_nodes"": 50, ""p_in"": 0.28, ""p_out"": 0.04, ""seed"": 1}",community_weakening,"{""alpha"": 0.2, ""edges_added"": 1598, ""edges_removed"": 1598, ""graphs"": 100, ""graphs_skipped"": 0, ""graphs_success"": 100, ""method"": ""community_weakening"", ""rewires"": 1598, ""triangles_affected"": 0}",0.2,1,wl_subtree_kernel_mmd,4.138,2.0342074623793907,18.96523252650287,0.22251553999376483,15.503198623657227,success,
stochastic_block_model,"{""edge_probability"": 0.1, ""family"": ""stochastic_block_model"", ""m"": 2, ""num_blocks"": 4, ""num_graphs"": 100, ""num_nodes"": 50, ""p_in"": 0.28, ""p_out"": 0.04, ""seed"": 1}",community_weakening,"{""alpha"": 0.2, ""edges_added"": 1598, ""edges_removed"": 1598, ""graphs"": 100, ""graphs_skipped"": 0, ""graphs_success"": 100, ""method"": ""community_weakening"", ""rewires"": 1598, ""triangles_affected"": 0}",0.2,1,native_netlsd,0.31132111481203817,0.31132111481203817,1.0646146201051605,73.2928467769816,0.18796539306640625,success,
stochastic_block_model,"{""edge_probability"": 0.1, ""family"": ""stochastic_block_model"", ""m"": 2, ""num_blocks"": 4, ""num_graphs"": 100, ""num_nodes"": 50, ""p_in"": 0.28, ""p_out"": 0.04, ""seed"": 1}",community_weakening,"{""alpha"": 0.2, ""edges_added"": 1598, ""edges_removed"": 1598, ""graphs"": 100, ""graphs_skipped"": 0, ""graphs_success"": 100, ""method"": ""community_weakening"", ""rewires"": 1598, ""triangles_affected"": 0}",0.2,1,diversity_curves_shortest_path,0.3332703651798954,0.3332703651798954,0.688899122298676,79.98381928101298,0.13483428955078125,success,
stochastic_block_model,"{""edge_probability"": 0.1, ""family"": ""stochastic_block_model"", ""m"": 2, ""num_blocks"": 4, ""num_graphs"": 100, ""num_nodes"": 50, ""p_in"": 0.28, ""p_out"": 0.04, ""seed"": 1}",community_weakening,"{""alpha"": 0.3, ""edges_added"": 2414, ""edges_removed"": 2414, ""graphs"": 100, ""graphs_skipped"": 0, ""graphs_success"": 100, ""method"": ""community_weakening"", ""rewires"": 2414, ""triangles_affected"": 0}",0.3,1,structural_statistics_mmd,0.19683138573388725,8.3887795931111,8.885852508257981,1.9393864809826482,0.0684967041015625,success,
stochastic_block_model,"{""edge_probability"": 0.1, ""family"": ""stochastic_block_model"", ""m"": 2, ""num_blocks"": 4, ""num_graphs"": 100, ""num_nodes"": 50, ""p_in"": 0.28, ""p_out"": 0.04, ""seed"": 1}",community_weakening,"{""alpha"": 0.3, ""edges_added"": 2414, ""edges_removed"": 2414, ""graphs"": 100, ""graphs_skipped"": 0, ""graphs_success"": 100, ""method"": ""community_weakening"", ""rewires"": 2414, ""triangles_affected"": 0}",0.3,1,wl_subtree_kernel_mmd,4.798800000000003,2.1906163516234427,19.398120780693876,0.22068940798635595,15.539509773254395,success,
stochastic_block_model,"{""edge_probability"": 0.1, ""family"": ""stochastic_block_model"", ""m"": 2, ""num_blocks"": 4, ""num_graphs"": 100, ""num_nodes"": 50, ""p_in"": 0.28, ""p_out"": 0.04, ""seed"": 1}",community_weakening,"{""alpha"": 0.3, ""edges_added"": 2414, ""edges_removed"": 2414, ""graphs"": 100, ""graphs_skipped"": 0, ""graphs_success"": 100, ""method"": ""community_weakening"", ""rewires"": 2414, ""triangles_affected"": 0}",0.3,1,native_netlsd,0.2826531384248249,0.2826531384248249,1.2483204253806697,73.1393602520111,0.18791961669921875,success,
stochastic_block_model,"{""edge_probability"": 0.1, ""family"": ""stochastic_block_model"", ""m"": 2, ""num_blocks"": 4, ""num_graphs"": 100, ""num_nodes"": 50, ""p_in"": 0.28, ""p_out"": 0.04, ""seed"": 1}",community_weakening,"{""alpha"": 0.3, ""edges_added"": 2414, ""edges_removed"": 2414, ""graphs"": 100, ""graphs_skipped"": 0, ""graphs_success"": 100, ""method"": ""community_weakening"", ""rewires"": 2414, ""triangles_affected"": 0}",0.3,1,diversity_curves_shortest_path,0.32924339905135647,0.32924339905135647,0.8021808519305306,79.93464145800681,0.13509368896484375,success,
stochastic_block_model,"{""edge_probability"": 0.1, ""family"": ""stochastic_block_model"", ""m"": 2, ""num_blocks"": 4, ""num_graphs"": 100, ""num_nodes"": 50, ""p_in"": 0.28, ""p_out"": 0.04, ""seed"": 1}",community_weakening,"{""alpha"": 0.4, ""edges_added"": 3236, ""edges_removed"": 3236, ""graphs"": 100, ""graphs_skipped"": 0, ""graphs_success"": 100, ""method"": ""community_weakening"", ""rewires"": 3236, ""triangles_affected"": 0}",0.4,1,structural_statistics_mmd,0.2426273035271087,9.459785130747115,9.892387310764176,1.9388600490055978,0.07479095458984375,success,
stochastic_block_model,"{""edge_probability"": 0.1, ""family"": ""stochastic_block_model"", ""m"": 2, ""num_blocks"": 4, ""num_graphs"": 100, ""num_nodes"": 50, ""p_in"": 0.28, ""p_out"": 0.04, ""seed"": 1}",community_weakening,"{""alpha"": 0.4, ""edges_added"": 3236, ""edges_removed"": 3236, ""graphs"": 100, ""graphs_skipped"": 0, ""graphs_success"": 100, ""method"": ""community_weakening"", ""rewires"": 3236, ""triangles_affected"": 0}",0.4,1,wl_subtree_kernel_mmd,4.471400000000003,2.114568513905379,19.291566701043113,0.22249084399663843,15.550128936767578,success,
stochastic_block_model,"{""edge_probability"": 0.1, ""family"": ""stochastic_block_model"", ""m"": 2, ""num_blocks"": 4, ""num_graphs"": 100, ""num_nodes"": 50, ""p_in"": 0.28, ""p_out"": 0.04, ""seed"": 1}",community_weakening,"{""alpha"": 0.4, ""edges_added"": 3236, ""edges_removed"": 3236, ""graphs"": 100, ""graphs_skipped"": 0, ""graphs_success"": 100, ""method"": ""community_weakening"", ""rewires"": 3236, ""triangles_affected"": 0}",0.4,1,native_netlsd,0.29140106549036104,0.29140106549036104,1.2369908457246312,73.22449151900946,0.1880035400390625,success,
stochastic_block_model,"{""edge_probability"": 0.1, ""family"": ""stochastic_block_model"", ""m"": 2, ""num_blocks"": 4, ""num_graphs"": 100, ""num_nodes"": 50, ""p_in"": 0.28, ""p_out"": 0.04, ""seed"": 1}",community_weakening,"{""alpha"": 0.4, ""edges_added"": 3236, ""edges_removed"": 3236, ""graphs"": 100, ""graphs_skipped"": 0, ""graphs_success"": 100, ""method"": ""community_weakening"", ""rewires"": 3236, ""triangles_affected"": 0}",0.4,1,diversity_curves_shortest_path,0.3487213106794045,0.3487213106794045,0.8099109047582584,81.4593745059974,0.5255508422851562,success,
stochastic_block_model,"{""edge_probability"": 0.1, ""family"": ""stochastic_block_model"", ""m"": 2, ""num_blocks"": 4, ""num_graphs"": 100, ""num_nodes"": 50, ""p_in"": 0.28, ""p_out"": 0.04, ""seed"": 1}",community_weakening,"{""alpha"": 0.5, ""edges_added"": 4074, ""edges_removed"": 4074, ""graphs"": 100, ""graphs_skipped"": 0, ""graphs_success"": 100, ""method"": ""community_weakening"", ""rewires"": 4074, ""triangles_affected"": 0}",0.5,1,structural_statistics_mmd,0.2569376005828936,9.810114633968524,10.23290172847824,1.9243355999933556,0.0687255859375,success,
stochastic_block_model,"{""edge_probability"": 0.1, ""family"": ""stochastic_block_model"", ""m"": 2, ""num_blocks"": 4, ""num_graphs"": 100, ""num_nodes"": 50, ""p_in"": 0.28, ""p_out"": 0.04, ""seed"": 1}",community_weakening,"{""alpha"": 0.5, ""edges_added"": 4074, ""edges_removed"": 4074, ""graphs"": 100, ""graphs_skipped"": 0, ""graphs_success"": 100, ""method"": ""community_weakening"", ""rewires"": 4074, ""triangles_affected"": 0}",0.5,1,wl_subtree_kernel_mmd,5.163000000000001,2.272223580548358,19.290909335268957,0.22084207498119213,15.554767608642578,success,
stochastic_block_model,"{""edge_probability"": 0.1, ""family"": ""stochastic_block_model"", ""m"": 2, ""num_blocks"": 4, ""num_graphs"": 100, ""num_nodes"": 50, ""p_in"": 0.28, ""p_out"": 0.04, ""seed"": 1}",community_weakening,"{""alpha"": 0.5, ""edges_added"": 4074, ""edges_removed"": 4074, ""graphs"": 100, ""graphs_skipped"": 0, ""graphs_success"": 100, ""method"": ""community_weakening"", ""rewires"": 4074, ""triangles_affected"": 0}",0.5,1,native_netlsd,0.24975090157230617,0.24975090157230617,1.1921951987897144,73.13494378598989,0.187896728515625,success,
stochastic_block_model,"{""edge_probability"": 0.1, ""family"": ""stochastic_block_model"", ""m"": 2, ""num_blocks"": 4, ""num_graphs"": 100, ""num_nodes"": 50, ""p_in"": 0.28, ""p_out"": 0.04, ""seed"": 1}",community_weakening,"{""alpha"": 0.5, ""edges_added"": 4074, ""edges_removed"": 4074, ""graphs"": 100, ""graphs_skipped"": 0, ""graphs_success"": 100, ""method"": ""community_weakening"", ""rewires"": 4074, ""triangles_affected"": 0}",0.5,1,diversity_curves_shortest_path,0.28827873899168255,0.28827873899168255,0.7579169563367387,80.3215380019974,0.13483428955078125,success,
stochastic_block_model,"{""edge_probability"": 0.1, ""family"": ""stochastic_block_model"", ""m"": 2, ""num_blocks"": 4, ""num_graphs"": 100, ""num_nodes"": 50, ""p_in"": 0.28, ""p_out"": 0.04, ""seed"": 1}",community_weakening,"{""alpha"": 0.6, ""edges_added"": 4878, ""edges_removed"": 4878, ""graphs"": 100, ""graphs_skipped"": 0, ""graphs_success"": 100, ""method"": ""community_weakening"", ""rewires"": 4878, ""triangles_affected"": 0}",0.6,1,structural_statistics_mmd,0.26579181530118534,9.980361177031813,10.422710780263165,1.9235678609984461,0.06874847412109375,success,
stochastic_block_model,"{""edge_probability"": 0.1, ""family"": ""stochastic_block_model"", ""m"": 2, ""num_blocks"": 4, ""num_graphs"": 100, ""num_nodes"": 50, ""p_in"": 0.28, ""p_out"": 0.04, ""seed"": 1}",community_weakening,"{""alpha"": 0.6, ""edges_added"": 4878, ""edges_removed"": 4878, ""graphs"": 100, ""graphs_skipped"": 0, ""graphs_success"": 100, ""method"": ""community_weakening"", ""rewires"": 4878, ""triangles_affected"": 0}",0.6,1,wl_subtree_kernel_mmd,5.207000000000002,2.2818851855428663,19.408939671055695,0.22072775999549776,15.562286376953125,success,
stochastic_block_model,"{""edge_probability"": 0.1, ""family"": ""stochastic_block_model"", ""m"": 2, ""num_blocks"": 4, ""num_graphs"": 100, ""num_nodes"": 50, ""p_in"": 0.28, ""p_out"": 0.04, ""seed"": 1}",community_weakening,"{""alpha"": 0.6, ""edges_added"": 4878, ""edges_removed"": 4878, ""graphs"": 100, ""graphs_skipped"": 0, ""graphs_success"": 100, ""method"": ""community_weakening"", ""rewires"": 4878, ""triangles_affected"": 0}",0.6,1,native_netlsd,0.27341014585137824,0.27341014585137824,1.4084924114122372,73.00225692000822,0.18791961669921875,success,
stochastic_block_model,"{""edge_probability"": 0.1, ""family"": ""stochastic_block_model"", ""m"": 2, ""num_blocks"": 4, ""num_graphs"": 100, ""num_nodes"": 50, ""p_in"": 0.28, ""p_out"": 0.04, ""seed"": 1}",community_weakening,"{""alpha"": 0.6, ""edges_added"": 4878, ""edges_removed"": 4878, ""graphs"": 100, ""graphs_skipped"": 0, ""graphs_success"": 100, ""method"": ""community_weakening"", ""rewires"": 4878, ""triangles_affected"": 0}",0.6,1,diversity_curves_shortest_path,0.3200813042767923,0.3200813042767923,0.8566401935159216,80.71399485500297,0.13509368896484375,success,
stochastic_block_model,"{""edge_probability"": 0.1, ""family"": ""stochastic_block_model"", ""m"": 2, ""num_blocks"": 4, ""num_graphs"": 100, ""num_nodes"": 50, ""p_in"": 0.28, ""p_out"": 0.04, ""seed"": 1}",community_weakening,"{""alpha"": 0.7, ""edges_added"": 5692, ""edges_removed"": 5692, ""graphs"": 100, ""graphs_skipped"": 0, ""graphs_success"": 100, ""method"": ""community_weakening"", ""rewires"": 5692, ""triangles_affected"": 0}",0.7,1,structural_statistics_mmd,0.2560296186156029,9.85627291777064,10.381973020644812,1.9043236449942924,0.06812286376953125,success,
stochastic_block_model,"{""edge_probability"": 0.1, ""family"": ""stochastic_block_model"", ""m"": 2, ""num_blocks"": 4, ""num_graphs"": 100, ""num_nodes"": 50, ""p_in"": 0.28, ""p_out"": 0.04, ""seed"": 1}",community_weakening,"{""alpha"": 0.7, ""edges_added"": 5692, ""edges_removed"": 5692, ""graphs"": 100, ""graphs_skipped"": 0, ""graphs_success"": 100, ""method"": ""community_weakening"", ""rewires"": 5692, ""triangles_affected"": 0}",0.7,1,wl_subtree_kernel_mmd,4.691200000000004,2.1659178193089423,19.564369454364577,0.22109390000696294,15.590473175048828,success,
stochastic_block_model,"{""edge_probability"": 0.1, ""family"": ""stochastic_block_model"", ""m"": 2, ""num_blocks"": 4, ""num_graphs"": 100, ""num_nodes"": 50, ""p_in"": 0.28, ""p_out"": 0.04, ""seed"": 1}",community_weakening,"{""alpha"": 0.7, ""edges_added"": 5692, ""edges_removed"": 5692, ""graphs"": 100, ""graphs_skipped"": 0, ""graphs_success"": 100, ""method"": ""community_weakening"", ""rewires"": 5692, ""triangles_affected"": 0}",0.7,1,native_netlsd,0.3115582910542928,0.3115582910542928,1.4833797488966933,73.23471943099867,0.18796539306640625,success,
stochastic_block_model,"{""edge_probability"": 0.1, ""family"": ""stochastic_block_model"", ""m"": 2, ""num_blocks"": 4, ""num_graphs"": 100, ""num_nodes"": 50, ""p_in"": 0.28, ""p_out"": 0.04, ""seed"": 1}",community_weakening,"{""alpha"": 0.7, ""edges_added"": 5692, ""edges_removed"": 5692, ""graphs"": 100, ""graphs_skipped"": 0, ""graphs_success"": 100, ""method"": ""community_weakening"", ""rewires"": 5692, ""triangles_affected"": 0}",0.7,1,diversity_curves_shortest_path,0.357566796813782,0.357566796813782,0.9000977942028928,80.25829968199832,0.134765625,success,
stochastic_block_model,"{""edge_probability"": 0.1, ""family"": ""stochastic_block_model"", ""m"": 2, ""num_blocks"": 4, ""num_graphs"": 100, ""num_nodes"": 50, ""p_in"": 0.28, ""p_out"": 0.04, ""seed"": 1}",community_weakening,"{""alpha"": 0.8, ""edges_added"": 6516, ""edges_removed"": 6516, ""graphs"": 100, ""graphs_skipped"": 0, ""graphs_success"": 100, ""method"": ""community_weakening"", ""rewires"": 6516, ""triangles_affected"": 0}",0.8,1,structural_statistics_mmd,0.2514877299177424,9.885391767615738,10.538976545484154,1.9209703750093468,0.068145751953125,success,
stochastic_block_model,"{""edge_probability"": 0.1, ""family"": ""stochastic_block_model"", ""m"": 2, ""num_blocks"": 4, ""num_graphs"": 100, ""num_nodes"": 50, ""p_in"": 0.28, ""p_out"": 0.04, ""seed"": 1}",community_weakening,"{""alpha"": 0.8, ""edges_added"": 6516, ""edges_removed"": 6516, ""graphs"": 100, ""graphs_skipped"": 0, ""graphs_success"": 100, ""method"": ""community_weakening"", ""rewires"": 6516, ""triangles_affected"": 0}",0.8,1,wl_subtree_kernel_mmd,4.6994,2.167809954770021,19.49010964200975,0.22276375701767392,15.581771850585938,success,
stochastic_block_model,"{""edge_probability"": 0.1, ""family"": ""stochastic_block_model"", ""m"": 2, ""num_blocks"": 4, ""num_graphs"": 100, ""num_nodes"": 50, ""p_in"": 0.28, ""p_out"": 0.04, ""seed"": 1}",community_weakening,"{""alpha"": 0.8, ""edges_added"": 6516, ""edges_removed"": 6516, ""graphs"": 100, ""graphs_skipped"": 0, ""graphs_success"": 100, ""method"": ""community_weakening"", ""rewires"": 6516, ""triangles_affected"": 0}",0.8,1,native_netlsd,0.2916034486137329,0.2916034486137329,1.6515746116324188,73.14864331801073,0.18801116943359375,success,
stochastic_block_model,"{""edge_probability"": 0.1, ""family"": ""stochastic_block_model"", ""m"": 2, ""num_blocks"": 4, ""num_graphs"": 100, ""num_nodes"": 50, ""p_in"": 0.28, ""p_out"": 0.04, ""seed"": 1}",community_weakening,"{""alpha"": 0.8, ""edges_added"": 6516, ""edges_removed"": 6516, ""graphs"": 100, ""graphs_skipped"": 0, ""graphs_success"": 100, ""method"": ""community_weakening"", ""rewires"": 6516, ""triangles_affected"": 0}",0.8,1,diversity_curves_shortest_path,0.33616533549432887,0.33616533549432887,0.9793233844250419,80.608085579006,0.13448333740234375,success,
stochastic_block_model,"{""edge_probability"": 0.1, ""family"": ""stochastic_block_model"", ""m"": 2, ""num_blocks"": 4, ""num_graphs"": 100, ""num_nodes"": 50, ""p_in"": 0.28, ""p_out"": 0.04, ""seed"": 1}",community_weakening,"{""alpha"": 0.9, ""edges_added"": 7333, ""edges_removed"": 7333, ""graphs"": 100, ""graphs_skipped"": 0, ""graphs_success"": 100, ""method"": ""community_weakening"", ""rewires"": 7333, ""triangles_affected"": 0}",0.9,1,structural_statistics_mmd,0.27861424399690626,10.422765739229893,10.918970371149166,1.8976341850066092,0.0681915283203125,success,
stochastic_block_model,"{""edge_probability"": 0.1, ""family"": ""stochastic_block_model"", ""m"": 2, ""num_blocks"": 4, ""num_graphs"": 100, ""num_nodes"": 50, ""p_in"": 0.28, ""p_out"": 0.04, ""seed"": 1}",community_weakening,"{""alpha"": 0.9, ""edges_added"": 7333, ""edges_removed"": 7333, ""graphs"": 100, ""graphs_skipped"": 0, ""graphs_success"": 100, ""method"": ""community_weakening"", ""rewires"": 7333, ""triangles_affected"": 0}",0.9,1,wl_subtree_kernel_mmd,5.466400000000005,2.338033361609711,19.48048576125354,0.22219610499450937,15.571756362915039,success,
stochastic_block_model,"{""edge_probability"": 0.1, ""family"": ""stochastic_block_model"", ""m"": 2, ""num_blocks"": 4, ""num_graphs"": 100, ""num_nodes"": 50, ""p_in"": 0.28, ""p_out"": 0.04, ""seed"": 1}",community_weakening,"{""alpha"": 0.9, ""edges_added"": 7333, ""edges_removed"": 7333, ""graphs"": 100, ""graphs_skipped"": 0, ""graphs_success"": 100, ""method"": ""community_weakening"", ""rewires"": 7333, ""triangles_affected"": 0}",0.9,1,native_netlsd,0.3300861731531911,0.3300861731531911,1.7661068905713515,73.11327774700476,0.18798828125,success,
stochastic_block_model,"{""edge_probability"": 0.1, ""family"": ""stochastic_block_model"", ""m"": 2, ""num_blocks"": 4, ""num_graphs"": 100, ""num_nodes"": 50, ""p_in"": 0.28, ""p_out"": 0.04, ""seed"": 1}",community_weakening,"{""alpha"": 0.9, ""edges_added"": 7333, ""edges_removed"": 7333, ""graphs"": 100, ""graphs_skipped"": 0, ""graphs_success"": 100, ""method"": ""community_weakening"", ""rewires"": 7333, ""triangles_affected"": 0}",0.9,1,diversity_curves_shortest_path,0.38727267208697896,0.38727267208697896,1.0556300944222905,80.51501092300168,0.13484954833984375,success,
stochastic_block_model,"{""edge_probability"": 0.1, ""family"": ""stochastic_block_model"", ""m"": 2, ""num_blocks"": 4, ""num_graphs"": 100, ""num_nodes"": 50, ""p_in"": 0.28, ""p_out"": 0.04, ""seed"": 1}",community_weakening,"{""alpha"": 1.0, ""edges_added"": 8200, ""edges_removed"": 8200, ""graphs"": 100, ""graphs_skipped"": 0, ""graphs_success"": 100, ""method"": ""community_weakening"", ""rewires"": 8200, ""triangles_affected"": 0}",1.0,1,structural_statistics_mmd,0.3663521098509185,12.158405618989532,12.414510013714908,1.9523330430092756,0.06821441650390625,success,
stochastic_block_model,"{""edge_probability"": 0.1, ""family"": ""stochastic_block_model"", ""m"": 2, ""num_blocks"": 4, ""num_graphs"": 100, ""num_nodes"": 50, ""p_in"": 0.28, ""p_out"": 0.04, ""seed"": 1}",community_weakening,"{""alpha"": 1.0, ""edges_added"": 8200, ""edges_removed"": 8200, ""graphs"": 100, ""graphs_skipped"": 0, ""graphs_success"": 100, ""method"": ""community_weakening"", ""rewires"": 8200, ""triangles_affected"": 0}",1.0,1,wl_subtree_kernel_mmd,6.214600000000005,2.4929099462275017,19.485491508538544,0.22522958400077187,15.551776885986328,success,
stochastic_block_model,"{""edge_probability"": 0.1, ""family"": ""stochastic_block_model"", ""m"": 2, ""num_blocks"": 4, ""num_graphs"": 100, ""num_nodes"": 50, ""p_in"": 0.28, ""p_out"": 0.04, ""seed"": 1}",community_weakening,"{""alpha"": 1.0, ""edges_added"": 8200, ""edges_removed"": 8200, ""graphs"": 100, ""graphs_skipped"": 0, ""graphs_success"": 100, ""method"": ""community_weakening"", ""rewires"": 8200, ""triangles_affected"": 0}",1.0,1,native_netlsd,0.3961620109819891,0.3961620109819891,1.6206402798220207,73.02881055700709,0.18796539306640625,success,
stochastic_block_model,"{""edge_probability"": 0.1, ""family"": ""stochastic_block_model"", ""m"": 2, ""num_blocks"": 4, ""num_graphs"": 100, ""num_nodes"": 50, ""p_in"": 0.28, ""p_out"": 0.04, ""seed"": 1}",community_weakening,"{""alpha"": 1.0, ""edges_added"": 8200, ""edges_removed"": 8200, ""graphs"": 100, ""graphs_skipped"": 0, ""graphs_success"": 100, ""method"": ""community_weakening"", ""rewires"": 8200, ""triangles_affected"": 0}",1.0,1,diversity_curves_shortest_path,0.43327313971134745,0.43327313971134745,0.9868963909492666,80.65686304299743,0.1349639892578125,success,
stochastic_block_model,"{""edge_probability"": 0.1, ""family"": ""stochastic_block_model"", ""m"": 2, ""num_blocks"": 4, ""num_graphs"": 100, ""num_nodes"": 50, ""p_in"": 0.28, ""p_out"": 0.04, ""seed"": 1}",hub_modification,"{""alpha"": 0.0, ""edges_added"": 0, ""edges_removed"": 0, ""graphs"": 100, ""graphs_skipped"": 0, ""graphs_success"": 100, ""method"": ""hub_modification"", ""rewires"": 0, ""triangles_affected"": 0}",0.0,1,structural_statistics_mmd,0.0,0.0,0.0,1.9291421200032346,0.068634033203125,success,
stochastic_block_model,"{""edge_probability"": 0.1, ""family"": ""stochastic_block_model"", ""m"": 2, ""num_blocks"": 4, ""num_graphs"": 100, ""num_nodes"": 50, ""p_in"": 0.28, ""p_out"": 0.04, ""seed"": 1}",hub_modification,"{""alpha"": 0.0, ""edges_added"": 0, ""edges_removed"": 0, ""graphs"": 100, ""graphs_skipped"": 0, ""graphs_success"": 100, ""method"": ""hub_modification"", ""rewires"": 0, ""triangles_affected"": 0}",0.0,1,wl_subtree_kernel_mmd,0.0,0.0,0.0,0.21645433999947272,15.430936813354492,success,
stochastic_block_model,"{""edge_probability"": 0.1, ""family"": ""stochastic_block_model"", ""m"": 2, ""num_blocks"": 4, ""num_graphs"": 100, ""num_nodes"": 50, ""p_in"": 0.28, ""p_out"": 0.04, ""seed"": 1}",hub_modification,"{""alpha"": 0.0, ""edges_added"": 0, ""edges_removed"": 0, ""graphs"": 100, ""graphs_skipped"": 0, ""graphs_success"": 100, ""method"": ""hub_modification"", ""rewires"": 0, ""triangles_affected"": 0}",0.0,1,native_netlsd,0.0,0.0,0.0,73.17176532599842,0.1879425048828125,success,
stochastic_block_model,"{""edge_probability"": 0.1, ""family"": ""stochastic_block_model"", ""m"": 2, ""num_blocks"": 4, ""num_graphs"": 100, ""num_nodes"": 50, ""p_in"": 0.28, ""p_out"": 0.04, ""seed"": 1}",hub_modification,"{""alpha"": 0.0, ""edges_added"": 0, ""edges_removed"": 0, ""graphs"": 100, ""graphs_skipped"": 0, ""graphs_success"": 100, ""method"": ""hub_modification"", ""rewires"": 0, ""triangles_affected"": 0}",0.0,1,diversity_curves_shortest_path,0.0,0.0,0.0,77.17280476700398,0.1339874267578125,success,
stochastic_block_model,"{""edge_probability"": 0.1, ""family"": ""stochastic_block_model"", ""m"": 2, ""num_blocks"": 4, ""num_graphs"": 100, ""num_nodes"": 50, ""p_in"": 0.28, ""p_out"": 0.04, ""seed"": 1}",hub_modification,"{""alpha"": 0.1, ""edges_added"": 1145, ""edges_removed"": 1145, ""graphs"": 100, ""graphs_skipped"": 0, ""graphs_success"": 100, ""method"": ""hub_modification"", ""rewires"": 1145, ""triangles_affected"": 0}",0.1,1,structural_statistics_mmd,0.03005448967297042,3.331326967309788,4.2512070296169435,1.9387549329840112,0.06861114501953125,success,
stochastic_block_model,"{""edge_probability"": 0.1, ""family"": ""stochastic_block_model"", ""m"": 2, ""num_blocks"": 4, ""num_graphs"": 100, ""num_nodes"": 50, ""p_in"": 0.28, ""p_out"": 0.04, ""seed"": 1}",hub_modification,"{""alpha"": 0.1, ""edges_added"": 1145, ""edges_removed"": 1145, ""graphs"": 100, ""graphs_skipped"": 0, ""graphs_success"": 100, ""method"": ""hub_modification"", ""rewires"": 1145, ""triangles_affected"": 0}",0.1,1,wl_subtree_kernel_mmd,3.9334000000000007,1.983280111330722,18.36642621287717,0.22106112600886263,15.561756134033203,success,
stochastic_block_model,"{""edge_probability"": 0.1, ""family"": ""stochastic_block_model"", ""m"": 2, ""num_blocks"": 4, ""num_graphs"": 100, ""num_nodes"": 50, ""p_in"": 0.28, ""p_out"": 0.04, ""seed"": 1}",hub_modification,"{""alpha"": 0.1, ""edges_added"": 1145, ""edges_removed"": 1145, ""graphs"": 100, ""graphs_skipped"": 0, ""graphs_success"": 100, ""method"": ""hub_modification"", ""rewires"": 1145, ""triangles_affected"": 0}",0.1,1,native_netlsd,0.10293074328042676,0.10293074328042676,0.5505388771825817,73.25187911698595,0.1879425048828125,success,
stochastic_block_model,"{""edge_probability"": 0.1, ""family"": ""stochastic_block_model"", ""m"": 2, ""num_blocks"": 4, ""num_graphs"": 100, ""num_nodes"": 50, ""p_in"": 0.28, ""p_out"": 0.04, ""seed"": 1}",hub_modification,"{""alpha"": 0.1, ""edges_added"": 1145, ""edges_removed"": 1145, ""graphs"": 100, ""graphs_skipped"": 0, ""graphs_success"": 100, ""method"": ""hub_modification"", ""rewires"": 1145, ""triangles_affected"": 0}",0.1,1,diversity_curves_shortest_path,0.16025642603176746,0.16025642603176746,0.4200164891966817,78.60736891799024,0.13425445556640625,success,
stochastic_block_model,"{""edge_probability"": 0.1, ""family"": ""stochastic_block_model"", ""m"": 2, ""num_blocks"": 4, ""num_graphs"": 100, ""num_nodes"": 50, ""p_in"": 0.28, ""p_out"": 0.04, ""seed"": 1}",hub_modification,"{""alpha"": 0.2, ""edges_added"": 2349, ""edges_removed"": 2349, ""graphs"": 100, ""graphs_skipped"": 0, ""graphs_success"": 100, ""method"": ""hub_modification"", ""rewires"": 2349, ""triangles_affected"": 0}",0.2,1,structural_statistics_mmd,0.054376534193089965,4.393650248720564,5.908080162007071,1.954588524007704,0.07477569580078125,success,
stochastic_block_model,"{""edge_probability"": 0.1, ""family"": ""stochastic_block_model"", ""m"": 2, ""num_blocks"": 4, ""num_graphs"": 100, ""num_nodes"": 50, ""p_in"": 0.28, ""p_out"": 0.04, ""seed"": 1}",hub_modification,"{""alpha"": 0.2, ""edges_added"": 2349, ""edges_removed"": 2349, ""graphs"": 100, ""graphs_skipped"": 0, ""graphs_success"": 100, ""method"": ""hub_modification"", ""rewires"": 2349, ""triangles_affected"": 0}",0.2,1,wl_subtree_kernel_mmd,4.4220000000000015,2.1028552018624587,18.95266823439216,0.22271766798803583,15.655893325805664,success,
stochastic_block_model,"{""edge_probability"": 0.1, ""family"": ""stochastic_block_model"", ""m"": 2, ""num_blocks"": 4, ""num_graphs"": 100, ""num_nodes"": 50, ""p_in"": 0.28, ""p_out"": 0.04, ""seed"": 1}",hub_modification,"{""alpha"": 0.2, ""edges_added"": 2349, ""edges_removed"": 2349, ""graphs"": 100, ""graphs_skipped"": 0, ""graphs_success"": 100, ""method"": ""hub_modification"", ""rewires"": 2349, ""triangles_affected"": 0}",0.2,1,native_netlsd,0.2672858268627876,0.2672858268627876,0.8481855079177467,73.1454383500095,0.1880035400390625,success,
stochastic_block_model,"{""edge_probability"": 0.1, ""family"": ""stochastic_block_model"", ""m"": 2, ""num_blocks"": 4, ""num_graphs"": 100, ""num_nodes"": 50, ""p_in"": 0.28, ""p_out"": 0.04, ""seed"": 1}",hub_modification,"{""alpha"": 0.2, ""edges_added"": 2349, ""edges_removed"": 2349, ""graphs"": 100, ""graphs_skipped"": 0, ""graphs_success"": 100, ""method"": ""hub_modification"", ""rewires"": 2349, ""triangles_affected"": 0}",0.2,1,diversity_curves_shortest_path,0.28126290423473954,0.28126290423473954,0.5820600005015638,80.49528848801856,0.52423095703125,success,
stochastic_block_model,"{""edge_probability"": 0.1, ""family"": ""stochastic_block_model"", ""m"": 2, ""num_blocks"": 4, ""num_graphs"": 100, ""num_nodes"": 50, ""p_in"": 0.28, ""p_out"": 0.04, ""seed"": 1}",hub_modification,"{""alpha"": 0.3, ""edges_added"": 3512, ""edges_removed"": 3512, ""graphs"": 100, ""graphs_skipped"": 0, ""graphs_success"": 100, ""method"": ""hub_modification"", ""rewires"": 3512, ""triangles_affected"": 0}",0.3,1,structural_statistics_mmd,0.0590931779037186,4.441701204691269,5.673419030291398,1.9368096549878828,0.06856536865234375,success,
stochastic_block_model,"{""edge_probability"": 0.1, ""family"": ""stochastic_block_model"", ""m"": 2, ""num_blocks"": 4, ""num_graphs"": 100, ""num_nodes"": 50, ""p_in"": 0.28, ""p_out"": 0.04, ""seed"": 1}",hub_modification,"{""alpha"": 0.3, ""edges_added"": 3512, ""edges_removed"": 3512, ""graphs"": 100, ""graphs_skipped"": 0, ""graphs_success"": 100, ""method"": ""hub_modification"", ""rewires"": 3512, ""triangles_affected"": 0}",0.3,1,wl_subtree_kernel_mmd,5.013000000000003,2.2389729788454353,19.212325051017014,0.22238170501077548,15.716114044189453,success,
stochastic_block_model,"{""edge_probability"": 0.1, ""family"": ""stochastic_block_model"", ""m"": 2, ""num_blocks"": 4, ""num_graphs"": 100, ""num_nodes"": 50, ""p_in"": 0.28, ""p_out"": 0.04, ""seed"": 1}",hub_modification,"{""alpha"": 0.3, ""edges_added"": 3512, ""edges_removed"": 3512, ""graphs"": 100, ""graphs_skipped"": 0, ""graphs_success"": 100, ""method"": ""hub_modification"", ""rewires"": 3512, ""triangles_affected"": 0}",0.3,1,native_netlsd,0.20873997107453365,0.20873997107453365,1.0420814203389392,73.25050375499995,0.1879425048828125,success,
stochastic_block_model,"{""edge_probability"": 0.1, ""family"": ""stochastic_block_model"", ""m"": 2, ""num_blocks"": 4, ""num_graphs"": 100, ""num_nodes"": 50, ""p_in"": 0.28, ""p_out"": 0.04, ""seed"": 1}",hub_modification,"{""alpha"": 0.3, ""edges_added"": 3512, ""edges_removed"": 3512, ""graphs"": 100, ""graphs_skipped"": 0, ""graphs_success"": 100, ""method"": ""hub_modification"", ""rewires"": 3512, ""triangles_affected"": 0}",0.3,1,diversity_curves_shortest_path,0.24779599302774202,0.24779599302774202,0.670902284382885,79.8576458870084,0.1344757080078125,success,
stochastic_block_model,"{""edge_probability"": 0.1, ""family"": ""stochastic_block_model"", ""m"": 2, ""num_blocks"": 4, ""num_graphs"": 100, ""num_nodes"": 50, ""p_in"": 0.28, ""p_out"": 0.04, ""seed"": 1}",hub_modification,"{""alpha"": 0.4, ""edges_added"": 3832, ""edges_removed"": 3832, ""graphs"": 100, ""graphs_skipped"": 0, ""graphs_success"": 100, ""method"": ""hub_modification"", ""rewires"": 3832, ""triangles_affected"": 0}",0.4,1,structural_statistics_mmd,0.05114890974501751,4.130786686907261,5.750397176561351,1.9251680960005615,0.06812286376953125,success,
stochastic_block_model,"{""edge_probability"": 0.1, ""family"": ""stochastic_block_model"", ""m"": 2, ""num_blocks"": 4, ""num_graphs"": 100, ""num_nodes"": 50, ""p_in"": 0.28, ""p_out"": 0.04, ""seed"": 1}",hub_modification,"{""alpha"": 0.4, ""edges_added"": 3832, ""edges_removed"": 3832, ""graphs"": 100, ""graphs_skipped"": 0, ""graphs_success"": 100, ""method"": ""hub_modification"", ""rewires"": 3832, ""triangles_affected"": 0}",0.4,1,wl_subtree_kernel_mmd,4.989000000000003,2.2336069484132617,19.179185382973202,0.22137102301348932,15.716743469238281,success,
stochastic_block_model,"{""edge_probability"": 0.1, ""family"": ""stochastic_block_model"", ""m"": 2, ""num_blocks"": 4, ""num_graphs"": 100, ""num_nodes"": 50, ""p_in"": 0.28, ""p_out"": 0.04, ""seed"": 1}",hub_modification,"{""alpha"": 0.4, ""edges_added"": 3832, ""edges_removed"": 3832, ""graphs"": 100, ""graphs_skipped"": 0, ""graphs_success"": 100, ""method"": ""hub_modification"", ""rewires"": 3832, ""triangles_affected"": 0}",0.4,1,native_netlsd,0.35434044470646286,0.35434044470646286,1.1062260528487733,73.17079092099448,0.18798828125,success,
stochastic_block_model,"{""edge_probability"": 0.1, ""family"": ""stochastic_block_model"", ""m"": 2, ""num_blocks"": 4, ""num_graphs"": 100, ""num_nodes"": 50, ""p_in"": 0.28, ""p_out"": 0.04, ""seed"": 1}",hub_modification,"{""alpha"": 0.4, ""edges_added"": 3832, ""edges_removed"": 3832, ""graphs"": 100, ""graphs_skipped"": 0, ""graphs_success"": 100, ""method"": ""hub_modification"", ""rewires"": 3832, ""triangles_affected"": 0}",0.4,1,diversity_curves_shortest_path,0.325077677016842,0.325077677016842,0.7056512470451434,79.6176916930126,0.1344757080078125,success,
stochastic_block_model,"{""edge_probability"": 0.1, ""family"": ""stochastic_block_model"", ""m"": 2, ""num_blocks"": 4, ""num_graphs"": 100, ""num_nodes"": 50, ""p_in"": 0.28, ""p_out"": 0.04, ""seed"": 1}",hub_modification,"{""alpha"": 0.5, ""edges_added"": 3833, ""edges_removed"": 3833, ""graphs"": 100, ""graphs_skipped"": 0, ""graphs_success"": 100, ""method"": ""hub_modification"", ""rewires"": 3833, ""triangles_affected"": 0}",0.5,1,structural_statistics_mmd,0.05078990716100862,4.120923398427182,5.759915105946329,1.9313021400012076,0.06812286376953125,success,
stochastic_block_model,"{""edge_probability"": 0.1, ""family"": ""stochastic_block_model"", ""m"": 2, ""num_blocks"": 4, ""num_graphs"": 100, ""num_nodes"": 50, ""p_in"": 0.28, ""p_out"": 0.04, ""seed"": 1}",hub_modification,"{""alpha"": 0.5, ""edges_added"": 3833, ""edges_removed"": 3833, ""graphs"": 100, ""graphs_skipped"": 0, ""graphs_success"": 100, ""method"": ""hub_modification"", ""rewires"": 3833, ""triangles_affected"": 0}",0.5,1,wl_subtree_kernel_mmd,4.9726,2.2299327344115114,19.18075998806019,0.2214919620018918,15.716615676879883,success,
stochastic_block_model,"{""edge_probability"": 0.1, ""family"": ""stochastic_block_model"", ""m"": 2, ""num_blocks"": 4, ""num_graphs"": 100, ""num_nodes"": 50, ""p_in"": 0.28, ""p_out"": 0.04, ""seed"": 1}",hub_modification,"{""alpha"": 0.5, ""edges_added"": 3833, ""edges_removed"": 3833, ""graphs"": 100, ""graphs_skipped"": 0, ""graphs_success"": 100, ""method"": ""hub_modification"", ""rewires"": 3833, ""triangles_affected"": 0}",0.5,1,native_netlsd,0.35399611676370846,0.35399611676370846,1.1066322746423085,73.0827635040041,0.18798828125,success,
stochastic_block_model,"{""edge_probability"": 0.1, ""family"": ""stochastic_block_model"", ""m"": 2, ""num_blocks"": 4, ""num_graphs"": 100, ""num_nodes"": 50, ""p_in"": 0.28, ""p_out"": 0.04, ""seed"": 1}",hub_modification,"{""alpha"": 0.5, ""edges_added"": 3833, ""edges_removed"": 3833, ""graphs"": 100, ""graphs_skipped"": 0, ""graphs_success"": 100, ""method"": ""hub_modification"", ""rewires"": 3833, ""triangles_affected"": 0}",0.5,1,diversity_curves_shortest_path,0.3250576758999027,0.3250576758999027,0.7056593184919311,79.82511887000874,0.1344757080078125,success,
stochastic_block_model,"{""edge_probability"": 0.1, ""family"": ""stochastic_block_model"", ""m"": 2, ""num_blocks"": 4, ""num_graphs"": 100, ""num_nodes"": 50, ""p_in"": 0.28, ""p_out"": 0.04, ""seed"": 1}",hub_modification,"{""alpha"": 0.6, ""edges_added"": 3833, ""edges_removed"": 3833, ""graphs"": 100, ""graphs_skipped"": 0, ""graphs_success"": 100, ""method"": ""hub_modification"", ""rewires"": 3833, ""triangles_affected"": 0}",0.6,1,structural_statistics_mmd,0.05078990716100862,4.120923398427182,5.759915105946329,1.9252520849986468,0.06812286376953125,success,
stochastic_block_model,"{""edge_probability"": 0.1, ""family"": ""stochastic_block_model"", ""m"": 2, ""num_blocks"": 4, ""num_graphs"": 100, ""num_nodes"": 50, ""p_in"": 0.28, ""p_out"": 0.04, ""seed"": 1}",hub_modification,"{""alpha"": 0.6, ""edges_added"": 3833, ""edges_removed"": 3833, ""graphs"": 100, ""graphs_skipped"": 0, ""graphs_success"": 100, ""method"": ""hub_modification"", ""rewires"": 3833, ""triangles_affected"": 0}",0.6,1,wl_subtree_kernel_mmd,4.9726,2.2299327344115114,19.18075998806019,0.2221524660126306,15.716615676879883,success,
stochastic_block_model,"{""edge_probability"": 0.1, ""family"": ""stochastic_block_model"", ""m"": 2, ""num_blocks"": 4, ""num_graphs"": 100, ""num_nodes"": 50, ""p_in"": 0.28, ""p_out"": 0.04, ""seed"": 1}",hub_modification,"{""alpha"": 0.6, ""edges_added"": 3833, ""edges_removed"": 3833, ""graphs"": 100, ""graphs_skipped"": 0, ""graphs_success"": 100, ""method"": ""hub_modification"", ""rewires"": 3833, ""triangles_affected"": 0}",0.6,1,native_netlsd,0.35399611676370846,0.35399611676370846,1.1066322746423085,72.95046563999495,0.18798828125,success,
stochastic_block_model,"{""edge_probability"": 0.1, ""family"": ""stochastic_block_model"", ""m"": 2, ""num_blocks"": 4, ""num_graphs"": 100, ""num_nodes"": 50, ""p_in"": 0.28, ""p_out"": 0.04, ""seed"": 1}",hub_modification,"{""alpha"": 0.6, ""edges_added"": 3833, ""edges_removed"": 3833, ""graphs"": 100, ""graphs_skipped"": 0, ""graphs_success"": 100, ""method"": ""hub_modification"", ""rewires"": 3833, ""triangles_affected"": 0}",0.6,1,diversity_curves_shortest_path,0.3250576758999027,0.3250576758999027,0.7056593184919311,79.72258123799111,0.1344757080078125,success,
stochastic_block_model,"{""edge_probability"": 0.1, ""family"": ""stochastic_block_model"", ""m"": 2, ""num_blocks"": 4, ""num_graphs"": 100, ""num_nodes"": 50, ""p_in"": 0.28, ""p_out"": 0.04, ""seed"": 1}",hub_modification,"{""alpha"": 0.7, ""edges_added"": 3833, ""edges_removed"": 3833, ""graphs"": 100, ""graphs_skipped"": 0, ""graphs_success"": 100, ""method"": ""hub_modification"", ""rewires"": 3833, ""triangles_affected"": 0}",0.7,1,structural_statistics_mmd,0.05078990716100862,4.120923398427182,5.759915105946329,1.9326702980033588,0.06812286376953125,success,
stochastic_block_model,"{""edge_probability"": 0.1, ""family"": ""stochastic_block_model"", ""m"": 2, ""num_blocks"": 4, ""num_graphs"": 100, ""num_nodes"": 50, ""p_in"": 0.28, ""p_out"": 0.04, ""seed"": 1}",hub_modification,"{""alpha"": 0.7, ""edges_added"": 3833, ""edges_removed"": 3833, ""graphs"": 100, ""graphs_skipped"": 0, ""graphs_success"": 100, ""method"": ""hub_modification"", ""rewires"": 3833, ""triangles_affected"": 0}",0.7,1,wl_subtree_kernel_mmd,4.9726,2.2299327344115114,19.18075998806019,0.22250662400620058,15.716615676879883,success,
stochastic_block_model,"{""edge_probability"": 0.1, ""family"": ""stochastic_block_model"", ""m"": 2, ""num_blocks"": 4, ""num_graphs"": 100, ""num_nodes"": 50, ""p_in"": 0.28, ""p_out"": 0.04, ""seed"": 1}",hub_modification,"{""alpha"": 0.7, ""edges_added"": 3833, ""edges_removed"": 3833, ""graphs"": 100, ""graphs_skipped"": 0, ""graphs_success"": 100, ""method"": ""hub_modification"", ""rewires"": 3833, ""triangles_affected"": 0}",0.7,1,native_netlsd,0.35399611676370846,0.35399611676370846,1.1066322746423085,73.12235042901011,0.18798828125,success,
stochastic_block_model,"{""edge_probability"": 0.1, ""family"": ""stochastic_block_model"", ""m"": 2, ""num_blocks"": 4, ""num_graphs"": 100, ""num_nodes"": 50, ""p_in"": 0.28, ""p_out"": 0.04, ""seed"": 1}",hub_modification,"{""alpha"": 0.7, ""edges_added"": 3833, ""edges_removed"": 3833, ""graphs"": 100, ""graphs_skipped"": 0, ""graphs_success"": 100, ""method"": ""hub_modification"", ""rewires"": 3833, ""triangles_affected"": 0}",0.7,1,diversity_curves_shortest_path,0.3250576758999027,0.3250576758999027,0.7056593184919311,79.45033047202742,0.1344757080078125,success,
stochastic_block_model,"{""edge_probability"": 0.1, ""family"": ""stochastic_block_model"", ""m"": 2, ""num_blocks"": 4, ""num_graphs"": 100, ""num_nodes"": 50, ""p_in"": 0.28, ""p_out"": 0.04, ""seed"": 1}",hub_modification,"{""alpha"": 0.8, ""edges_added"": 3833, ""edges_removed"": 3833, ""graphs"": 100, ""graphs_skipped"": 0, ""graphs_success"": 100, ""method"": ""hub_modification"", ""rewires"": 3833, ""triangles_affected"": 0}",0.8,1,structural_statistics_mmd,0.05078990716100862,4.120923398427182,5.759915105946329,1.9265384599857498,0.06812286376953125,success,
stochastic_block_model,"{""edge_probability"": 0.1, ""family"": ""stochastic_block_model"", ""m"": 2, ""num_blocks"": 4, ""num_graphs"": 100, ""num_nodes"": 50, ""p_in"": 0.28, ""p_out"": 0.04, ""seed"": 1}",hub_modification,"{""alpha"": 0.8, ""edges_added"": 3833, ""edges_removed"": 3833, ""graphs"": 100, ""graphs_skipped"": 0, ""graphs_success"": 100, ""method"": ""hub_modification"", ""rewires"": 3833, ""triangles_affected"": 0}",0.8,1,wl_subtree_kernel_mmd,4.9726,2.2299327344115114,19.18075998806019,0.22258900999440812,15.716615676879883,success,
stochastic_block_model,"{""edge_probability"": 0.1, ""family"": ""stochastic_block_model"", ""m"": 2, ""num_blocks"": 4, ""num_graphs"": 100, ""num_nodes"": 50, ""p_in"": 0.28, ""p_out"": 0.04, ""seed"": 1}",hub_modification,"{""alpha"": 0.8, ""edges_added"": 3833, ""edges_removed"": 3833, ""graphs"": 100, ""graphs_skipped"": 0, ""graphs_success"": 100, ""method"": ""hub_modification"", ""rewires"": 3833, ""triangles_affected"": 0}",0.8,1,native_netlsd,0.35399611676370846,0.35399611676370846,1.1066322746423085,73.13729233399499,0.18798828125,success,
stochastic_block_model,"{""edge_probability"": 0.1, ""family"": ""stochastic_block_model"", ""m"": 2, ""num_blocks"": 4, ""num_graphs"": 100, ""num_nodes"": 50, ""p_in"": 0.28, ""p_out"": 0.04, ""seed"": 1}",hub_modification,"{""alpha"": 0.8, ""edges_added"": 3833, ""edges_removed"": 3833, ""graphs"": 100, ""graphs_skipped"": 0, ""graphs_success"": 100, ""method"": ""hub_modification"", ""rewires"": 3833, ""triangles_affected"": 0}",0.8,1,diversity_curves_shortest_path,0.3250576758999027,0.3250576758999027,0.7056593184919311,80.72979503098759,0.1344757080078125,success,
stochastic_block_model,"{""edge_probability"": 0.1, ""family"": ""stochastic_block_model"", ""m"": 2, ""num_blocks"": 4, ""num_graphs"": 100, ""num_nodes"": 50, ""p_in"": 0.28, ""p_out"": 0.04, ""seed"": 1}",hub_modification,"{""alpha"": 0.9, ""edges_added"": 3833, ""edges_removed"": 3833, ""graphs"": 100, ""graphs_skipped"": 0, ""graphs_success"": 100, ""method"": ""hub_modification"", ""rewires"": 3833, ""triangles_affected"": 0}",0.9,1,structural_statistics_mmd,0.05078990716100862,4.120923398427182,5.759915105946329,2.08568615000695,0.06812286376953125,success,
stochastic_block_model,"{""edge_probability"": 0.1, ""family"": ""stochastic_block_model"", ""m"": 2, ""num_blocks"": 4, ""num_graphs"": 100, ""num_nodes"": 50, ""p_in"": 0.28, ""p_out"": 0.04, ""seed"": 1}",hub_modification,"{""alpha"": 0.9, ""edges_added"": 3833, ""edges_removed"": 3833, ""graphs"": 100, ""graphs_skipped"": 0, ""graphs_success"": 100, ""method"": ""hub_modification"", ""rewires"": 3833, ""triangles_affected"": 0}",0.9,1,wl_subtree_kernel_mmd,4.9726,2.2299327344115114,19.18075998806019,0.29640510797617026,15.716615676879883,success,
stochastic_block_model,"{""edge_probability"": 0.1, ""family"": ""stochastic_block_model"", ""m"": 2, ""num_blocks"": 4, ""num_graphs"": 100, ""num_nodes"": 50, ""p_in"": 0.28, ""p_out"": 0.04, ""seed"": 1}",hub_modification,"{""alpha"": 0.9, ""edges_added"": 3833, ""edges_removed"": 3833, ""graphs"": 100, ""graphs_skipped"": 0, ""graphs_success"": 100, ""method"": ""hub_modification"", ""rewires"": 3833, ""triangles_affected"": 0}",0.9,1,native_netlsd,0.35399611676370846,0.35399611676370846,1.1066322746423085,73.88729714800138,0.18798828125,success,
stochastic_block_model,"{""edge_probability"": 0.1, ""family"": ""stochastic_block_model"", ""m"": 2, ""num_blocks"": 4, ""num_graphs"": 100, ""num_nodes"": 50, ""p_in"": 0.28, ""p_out"": 0.04, ""seed"": 1}",hub_modification,"{""alpha"": 0.9, ""edges_added"": 3833, ""edges_removed"": 3833, ""graphs"": 100, ""graphs_skipped"": 0, ""graphs_success"": 100, ""method"": ""hub_modification"", ""rewires"": 3833, ""triangles_affected"": 0}",0.9,1,diversity_curves_shortest_path,0.3250576758999027,0.3250576758999027,0.7056593184919311,79.59078818600392,0.1344757080078125,success,
stochastic_block_model,"{""edge_probability"": 0.1, ""family"": ""stochastic_block_model"", ""m"": 2, ""num_blocks"": 4, ""num_graphs"": 100, ""num_nodes"": 50, ""p_in"": 0.28, ""p_out"": 0.04, ""seed"": 1}",hub_modification,"{""alpha"": 1.0, ""edges_added"": 3833, ""edges_removed"": 3833, ""graphs"": 100, ""graphs_skipped"": 0, ""graphs_success"": 100, ""method"": ""hub_modification"", ""rewires"": 3833, ""triangles_affected"": 0}",1.0,1,structural_statistics_mmd,0.05078990716100862,4.120923398427182,5.759915105946329,1.9201984780083876,0.07428741455078125,success,
stochastic_block_model,"{""edge_probability"": 0.1, ""family"": ""stochastic_block_model"", ""m"": 2, ""num_blocks"": 4, ""num_graphs"": 100, ""num_nodes"": 50, ""p_in"": 0.28, ""p_out"": 0.04, ""seed"": 1}",hub_modification,"{""alpha"": 1.0, ""edges_added"": 3833, ""edges_removed"": 3833, ""graphs"": 100, ""graphs_skipped"": 0, ""graphs_success"": 100, ""method"": ""hub_modification"", ""rewires"": 3833, ""triangles_affected"": 0}",1.0,1,wl_subtree_kernel_mmd,4.9726,2.2299327344115114,19.18075998806019,0.22052825399441645,15.71666145324707,success,
stochastic_block_model,"{""edge_probability"": 0.1, ""family"": ""stochastic_block_model"", ""m"": 2, ""num_blocks"": 4, ""num_graphs"": 100, ""num_nodes"": 50, ""p_in"": 0.28, ""p_out"": 0.04, ""seed"": 1}",hub_modification,"{""alpha"": 1.0, ""edges_added"": 3833, ""edges_removed"": 3833, ""graphs"": 100, ""graphs_skipped"": 0, ""graphs_success"": 100, ""method"": ""hub_modification"", ""rewires"": 3833, ""triangles_affected"": 0}",1.0,1,native_netlsd,0.35399611676370846,0.35399611676370846,1.1066322746423085,73.04289317599614,0.18804931640625,success,
stochastic_block_model,"{""edge_probability"": 0.1, ""family"": ""stochastic_block_model"", ""m"": 2, ""num_blocks"": 4, ""num_graphs"": 100, ""num_nodes"": 50, ""p_in"": 0.28, ""p_out"": 0.04, ""seed"": 1}",hub_modification,"{""alpha"": 1.0, ""edges_added"": 3833, ""edges_removed"": 3833, ""graphs"": 100, ""graphs_skipped"": 0, ""graphs_success"": 100, ""method"": ""hub_modification"", ""rewires"": 3833, ""triangles_affected"": 0}",1.0,1,diversity_curves_shortest_path,0.3250576758999027,0.3250576758999027,0.7056593184919311,80.67076552999788,0.5242385864257812,success,
barabasi_albert,"{""edge_probability"": 0.1, ""family"": ""barabasi_albert"", ""m"": 2, ""num_blocks"": 3, ""num_graphs"": 100, ""num_nodes"": 50, ""p_in"": 0.25, ""p_out"": 0.03, ""seed"": 1}",edge_addition_deletion,"{""alpha"": 0.0, ""edges_added"": 0, ""edges_removed"": 0, ""graphs"": 100, ""graphs_skipped"": 0, ""graphs_success"": 100, ""method"": ""edge_addition_deletion"", ""rewires"": 0, ""triangles_affected"": 0}",0.0,1,structural_statistics_mmd,0.0,0.0,0.0,1.9105422779975925,0.06821441650390625,success,
barabasi_albert,"{""edge_probability"": 0.1, ""family"": ""barabasi_albert"", ""m"": 2, ""num_blocks"": 3, ""num_graphs"": 100, ""num_nodes"": 50, ""p_in"": 0.25, ""p_out"": 0.03, ""seed"": 1}",edge_addition_deletion,"{""alpha"": 0.0, ""edges_added"": 0, ""edges_removed"": 0, ""graphs"": 100, ""graphs_skipped"": 0, ""graphs_success"": 100, ""method"": ""edge_addition_deletion"", ""rewires"": 0, ""triangles_affected"": 0}",0.0,1,wl_subtree_kernel_mmd,0.0,0.0,0.0,0.21335954900132492,15.108190536499023,success,
barabasi_albert,"{""edge_probability"": 0.1, ""family"": ""barabasi_albert"", ""m"": 2, ""num_blocks"": 3, ""num_graphs"": 100, ""num_nodes"": 50, ""p_in"": 0.25, ""p_out"": 0.03, ""seed"": 1}",edge_addition_deletion,"{""alpha"": 0.0, ""edges_added"": 0, ""edges_removed"": 0, ""graphs"": 100, ""graphs_skipped"": 0, ""graphs_success"": 100, ""method"": ""edge_addition_deletion"", ""rewires"": 0, ""triangles_affected"": 0}",0.0,1,native_netlsd,0.0,0.0,0.0,72.61626656199223,0.18764495849609375,success,
barabasi_albert,"{""edge_probability"": 0.1, ""family"": ""barabasi_albert"", ""m"": 2, ""num_blocks"": 3, ""num_graphs"": 100, ""num_nodes"": 50, ""p_in"": 0.25, ""p_out"": 0.03, ""seed"": 1}",edge_addition_deletion,"{""alpha"": 0.0, ""edges_added"": 0, ""edges_removed"": 0, ""graphs"": 100, ""graphs_skipped"": 0, ""graphs_success"": 100, ""method"": ""edge_addition_deletion"", ""rewires"": 0, ""triangles_affected"": 0}",0.0,1,diversity_curves_shortest_path,0.0,0.0,0.0,64.70642611000221,0.13082122802734375,success,
barabasi_albert,"{""edge_probability"": 0.1, ""family"": ""barabasi_albert"", ""m"": 2, ""num_blocks"": 3, ""num_graphs"": 100, ""num_nodes"": 50, ""p_in"": 0.25, ""p_out"": 0.03, ""seed"": 1}",edge_addition_deletion,"{""alpha"": 0.1, ""edges_added"": 500, ""edges_removed"": 400, ""graphs"": 100, ""graphs_skipped"": 0, ""graphs_success"": 100, ""method"": ""edge_addition_deletion"", ""rewires"": 0, ""triangles_affected"": 0}",0.1,1,structural_statistics_mmd,0.010488231297159922,1.2424206299419025,2.208298580826431,1.9108263319940306,0.06816864013671875,success,
barabasi_albert,"{""edge_probability"": 0.1, ""family"": ""barabasi_albert"", ""m"": 2, ""num_blocks"": 3, ""num_graphs"": 100, ""num_nodes"": 50, ""p_in"": 0.25, ""p_out"": 0.03, ""seed"": 1}",edge_addition_deletion,"{""alpha"": 0.1, ""edges_added"": 500, ""edges_removed"": 400, ""graphs"": 100, ""graphs_skipped"": 0, ""graphs_success"": 100, ""method"": ""edge_addition_deletion"", ""rewires"": 0, ""triangles_affected"": 0}",0.1,1,wl_subtree_kernel_mmd,35.878199999999985,5.989841400237571,19.091005981140974,0.21454215899575502,15.152518272399902,success,
barabasi_albert,"{""edge_probability"": 0.1, ""family"": ""barabasi_albert"", ""m"": 2, ""num_blocks"": 3, ""num_graphs"": 100, ""num_nodes"": 50, ""p_in"": 0.25, ""p_out"": 0.03, ""seed"": 1}",edge_addition_deletion,"{""alpha"": 0.1, ""edges_added"": 500, ""edges_removed"": 400, ""graphs"": 100, ""graphs_skipped"": 0, ""graphs_success"": 100, ""method"": ""edge_addition_deletion"", ""rewires"": 0, ""triangles_affected"": 0}",0.1,1,native_netlsd,0.14172028186286295,0.14172028186286295,0.23936741582289187,72.27928058200632,0.18764495849609375,success,
barabasi_albert,"{""edge_probability"": 0.1, ""family"": ""barabasi_albert"", ""m"": 2, ""num_blocks"": 3, ""num_graphs"": 100, ""num_nodes"": 50, ""p_in"": 0.25, ""p_out"": 0.03, ""seed"": 1}",edge_addition_deletion,"{""alpha"": 0.1, ""edges_added"": 500, ""edges_removed"": 400, ""graphs"": 100, ""graphs_skipped"": 0, ""graphs_success"": 100, ""method"": ""edge_addition_deletion"", ""rewires"": 0, ""triangles_affected"": 0}",0.1,1,diversity_curves_shortest_path,0.14251013737396187,0.14251013737396187,0.22417159424416574,64.93581666998216,0.13219451904296875,success,
barabasi_albert,"{""edge_probability"": 0.1, ""family"": ""barabasi_albert"", ""m"": 2, ""num_blocks"": 3, ""num_graphs"": 100, ""num_nodes"": 50, ""p_in"": 0.25, ""p_out"": 0.03, ""seed"": 1}",edge_addition_deletion,"{""alpha"": 0.2, ""edges_added"": 1000, ""edges_removed"": 900, ""graphs"": 100, ""graphs_skipped"": 0, ""graphs_success"": 100, ""method"": ""edge_addition_deletion"", ""rewires"": 0, ""triangles_affected"": 0}",0.2,1,structural_statistics_mmd,0.03580810820619895,2.4024265426172438,3.593790896824226,1.8993734830000903,0.06812286376953125,success,
barabasi_albert,"{""edge_probability"": 0.1, ""family"": ""barabasi_albert"", ""m"": 2, ""num_blocks"": 3, ""num_graphs"": 100, ""num_nodes"": 50, ""p_in"": 0.25, ""p_out"": 0.03, ""seed"": 1}",edge_addition_deletion,"{""alpha"": 0.2, ""edges_added"": 1000, ""edges_removed"": 900, ""graphs"": 100, ""graphs_skipped"": 0, ""graphs_success"": 100, ""method"": ""edge_addition_deletion"", ""rewires"": 0, ""triangles_affected"": 0}",0.2,1,wl_subtree_kernel_mmd,89.75819999999997,9.4740804303109,21.21850786367033,0.2155165359727107,15.02258586883545,success,
barabasi_albert,"{""edge_probability"": 0.1, ""family"": ""barabasi_albert"", ""m"": 2, ""num_blocks"": 3, ""num_graphs"": 100, ""num_nodes"": 50, ""p_in"": 0.25, ""p_out"": 0.03, ""seed"": 1}",edge_addition_deletion,"{""alpha"": 0.2, ""edges_added"": 1000, ""edges_removed"": 900, ""graphs"": 100, ""graphs_skipped"": 0, ""graphs_success"": 100, ""method"": ""edge_addition_deletion"", ""rewires"": 0, ""triangles_affected"": 0}",0.2,1,native_netlsd,0.36421689529727513,0.36421689529727513,0.45803473409706297,72.68231406898121,0.18764495849609375,success,
barabasi_albert,"{""edge_probability"": 0.1, ""family"": ""barabasi_albert"", ""m"": 2, ""num_blocks"": 3, ""num_graphs"": 100, ""num_nodes"": 50, ""p_in"": 0.25, ""p_out"": 0.03, ""seed"": 1}",edge_addition_deletion,"{""alpha"": 0.2, ""edges_added"": 1000, ""edges_removed"": 900, ""graphs"": 100, ""graphs_skipped"": 0, ""graphs_success"": 100, ""method"": ""edge_addition_deletion"", ""rewires"": 0, ""triangles_affected"": 0}",0.2,1,diversity_curves_shortest_path,0.3486912673459732,0.3486912673459732,0.43954062604333644,64.68913906201487,0.13111114501953125,success,
barabasi_albert,"{""edge_probability"": 0.1, ""family"": ""barabasi_albert"", ""m"": 2, ""num_blocks"": 3, ""num_graphs"": 100, ""num_nodes"": 50, ""p_in"": 0.25, ""p_out"": 0.03, ""seed"": 1}",edge_addition_deletion,"{""alpha"": 0.3, ""edges_added"": 1500, ""edges_removed"": 1400, ""graphs"": 100, ""graphs_skipped"": 0, ""graphs_success"": 100, ""method"": ""edge_addition_deletion"", ""rewires"": 0, ""triangles_affected"": 0}",0.3,1,structural_statistics_mmd,0.05188078556412323,3.009981744268102,4.568380358956109,1.8989884269831236,0.06812286376953125,success,
barabasi_albert,"{""edge_probability"": 0.1, ""family"": ""barabasi_albert"", ""m"": 2, ""num_blocks"": 3, ""num_graphs"": 100, ""num_nodes"": 50, ""p_in"": 0.25, ""p_out"": 0.03, ""seed"": 1}",edge_addition_deletion,"{""alpha"": 0.3, ""edges_added"": 1500, ""edges_removed"": 1400, ""graphs"": 100, ""graphs_skipped"": 0, ""graphs_success"": 100, ""method"": ""edge_addition_deletion"", ""rewires"": 0, ""triangles_affected"": 0}",0.3,1,wl_subtree_kernel_mmd,149.9308,12.24462330984502,22.75226231114535,0.2161818089953158,14.890642166137695,success,
barabasi_albert,"{""edge_probability"": 0.1, ""family"": ""barabasi_albert"", ""m"": 2, ""num_blocks"": 3, ""num_graphs"": 100, ""num_nodes"": 50, ""p_in"": 0.25, ""p_out"": 0.03, ""seed"": 1}",edge_addition_deletion,"{""alpha"": 0.3, ""edges_added"": 1500, ""edges_removed"": 1400, ""graphs"": 100, ""graphs_skipped"": 0, ""graphs_success"": 100, ""method"": ""edge_addition_deletion"", ""rewires"": 0, ""triangles_affected"": 0}",0.3,1,native_netlsd,0.9199473253861845,0.9199473253861845,1.0108772798939183,72.49956341201323,0.18764495849609375,success,
barabasi_albert,"{""edge_probability"": 0.1, ""family"": ""barabasi_albert"", ""m"": 2, ""num_blocks"": 3, ""num_graphs"": 100, ""num_nodes"": 50, ""p_in"": 0.25, ""p_out"": 0.03, ""seed"": 1}",edge_addition_deletion,"{""alpha"": 0.3, ""edges_added"": 1500, ""edges_removed"": 1400, ""graphs"": 100, ""graphs_skipped"": 0, ""graphs_success"": 100, ""method"": ""edge_addition_deletion"", ""rewires"": 0, ""triangles_affected"": 0}",0.3,1,diversity_curves_shortest_path,0.7155090003539892,0.7155090003539892,0.8028642850976176,64.15729431901127,0.1310882568359375,success,
barabasi_albert,"{""edge_probability"": 0.1, ""family"": ""barabasi_albert"", ""m"": 2, ""num_blocks"": 3, ""num_graphs"": 100, ""num_nodes"": 50, ""p_in"": 0.25, ""p_out"": 0.03, ""seed"": 1}",edge_addition_deletion,"{""alpha"": 0.4, ""edges_added"": 1900, ""edges_removed"": 1900, ""graphs"": 100, ""graphs_skipped"": 0, ""graphs_success"": 100, ""method"": ""edge_addition_deletion"", ""rewires"": 0, ""triangles_affected"": 0}",0.4,1,structural_statistics_mmd,0.09243374550734074,4.172711014163954,5.172005425503016,1.8885159750061575,0.06812286376953125,success,
barabasi_albert,"{""edge_probability"": 0.1, ""family"": ""barabasi_albert"", ""m"": 2, ""num_blocks"": 3, ""num_graphs"": 100, ""num_nodes"": 50, ""p_in"": 0.25, ""p_out"": 0.03, ""seed"": 1}",edge_addition_deletion,"{""alpha"": 0.4, ""edges_added"": 1900, ""edges_removed"": 1900, ""graphs"": 100, ""graphs_skipped"": 0, ""graphs_success"": 100, ""method"": ""edge_addition_deletion"", ""rewires"": 0, ""triangles_affected"": 0}",0.4,1,wl_subtree_kernel_mmd,181.51920000000004,13.472906145297681,23.588950792927367,0.21654423198197037,14.679560661315918,success,
barabasi_albert,"{""edge_probability"": 0.1, ""family"": ""barabasi_albert"", ""m"": 2, ""num_blocks"": 3, ""num_graphs"": 100, ""num_nodes"": 50, ""p_in"": 0.25, ""p_out"": 0.03, ""seed"": 1}",edge_addition_deletion,"{""alpha"": 0.4, ""edges_added"": 1900, ""edges_removed"": 1900, ""graphs"": 100, ""graphs_skipped"": 0, ""graphs_success"": 100, ""method"": ""edge_addition_deletion"", ""rewires"": 0, ""triangles_affected"": 0}",0.4,1,native_netlsd,1.436309315667072,1.436309315667072,1.529022902214121,72.38899439497618,0.1876220703125,success,
barabasi_albert,"{""edge_probability"": 0.1, ""family"": ""barabasi_albert"", ""m"": 2, ""num_blocks"": 3, ""num_graphs"": 100, ""num_nodes"": 50, ""p_in"": 0.25, ""p_out"": 0.03, ""seed"": 1}",edge_addition_deletion,"{""alpha"": 0.4, ""edges_added"": 1900, ""edges_removed"": 1900, ""graphs"": 100, ""graphs_skipped"": 0, ""graphs_success"": 100, ""method"": ""edge_addition_deletion"", ""rewires"": 0, ""triangles_affected"": 0}",0.4,1,diversity_curves_shortest_path,1.093665445799822,1.093665445799822,1.1830921705951445,63.43083937402116,0.13091278076171875,success,
barabasi_albert,"{""edge_probability"": 0.1, ""family"": ""barabasi_albert"", ""m"": 2, ""num_blocks"": 3, ""num_graphs"": 100, ""num_nodes"": 50, ""p_in"": 0.25, ""p_out"": 0.03, ""seed"": 1}",edge_addition_deletion,"{""alpha"": 0.5, ""edges_added"": 2400, ""edges_removed"": 2400, ""graphs"": 100, ""graphs_skipped"": 0, ""graphs_success"": 100, ""method"": ""edge_addition_deletion"", ""rewires"": 0, ""triangles_affected"": 0}",0.5,1,structural_statistics_mmd,0.12741078044758636,4.96569356446105,5.9511530245107735,1.8927647849777713,0.068145751953125,success,
barabasi_albert,"{""edge_probability"": 0.1, ""family"": ""barabasi_albert"", ""m"": 2, ""num_blocks"": 3, ""num_graphs"": 100, ""num_nodes"": 50, ""p_in"": 0.25, ""p_out"": 0.03, ""seed"": 1}",edge_addition_deletion,"{""alpha"": 0.5, ""edges_added"": 2400, ""edges_removed"": 2400, ""graphs"": 100, ""graphs_skipped"": 0, ""graphs_success"": 100, ""method"": ""edge_addition_deletion"", ""rewires"": 0, ""triangles_affected"": 0}",0.5,1,wl_subtree_kernel_mmd,211.71540000000002,14.55044329221622,24.3643371889145,0.21653944300487638,14.553390502929688,success,
barabasi_albert,"{""edge_probability"": 0.1, ""family"": ""barabasi_albert"", ""m"": 2, ""num_blocks"": 3, ""num_graphs"": 100, ""num_nodes"": 50, ""p_in"": 0.25, ""p_out"": 0.03, ""seed"": 1}",edge_addition_deletion,"{""alpha"": 0.5, ""edges_added"": 2400, ""edges_removed"": 2400, ""graphs"": 100, ""graphs_skipped"": 0, ""graphs_success"": 100, ""method"": ""edge_addition_deletion"", ""rewires"": 0, ""triangles_affected"": 0}",0.5,1,native_netlsd,1.9017442923149526,1.9017442923149526,1.9923432282524,72.90492624000763,0.1876678466796875,success,
barabasi_albert,"{""edge_probability"": 0.1, ""family"": ""barabasi_albert"", ""m"": 2, ""num_blocks"": 3, ""num_graphs"": 100, ""num_nodes"": 50, ""p_in"": 0.25, ""p_out"": 0.03, ""seed"": 1}",edge_addition_deletion,"{""alpha"": 0.5, ""edges_added"": 2400, ""edges_removed"": 2400, ""graphs"": 100, ""graphs_skipped"": 0, ""graphs_success"": 100, ""method"": ""edge_addition_deletion"", ""rewires"": 0, ""triangles_affected"": 0}",0.5,1,diversity_curves_shortest_path,1.3769525750130494,1.3769525750130494,1.4655016612974694,63.468755350011634,0.13072967529296875,success,
barabasi_albert,"{""edge_probability"": 0.1, ""family"": ""barabasi_albert"", ""m"": 2, ""num_blocks"": 3, ""num_graphs"": 100, ""num_nodes"": 50, ""p_in"": 0.25, ""p_out"": 0.03, ""seed"": 1}",edge_addition_deletion,"{""alpha"": 0.6, ""edges_added"": 2900, ""edges_removed"": 2900, ""graphs"": 100, ""graphs_skipped"": 0, ""graphs_success"": 100, ""method"": ""edge_addition_deletion"", ""rewires"": 0, ""triangles_affected"": 0}",0.6,1,structural_statistics_mmd,0.17478135227843605,5.818862704693768,6.642044209330563,1.874932827980956,0.0685882568359375,success,
barabasi_albert,"{""edge_probability"": 0.1, ""family"": ""barabasi_albert"", ""m"": 2, ""num_blocks"": 3, ""num_graphs"": 100, ""num_nodes"": 50, ""p_in"": 0.25, ""p_out"": 0.03, ""seed"": 1}",edge_addition_deletion,"{""alpha"": 0.6, ""edges_added"": 2900, ""edges_removed"": 2900, ""graphs"": 100, ""graphs_skipped"": 0, ""graphs_success"": 100, ""method"": ""edge_addition_deletion"", ""rewires"": 0, ""triangles_affected"": 0}",0.6,1,wl_subtree_kernel_mmd,239.05340000000004,15.461351816707362,25.044585286107214,0.21543520101113245,14.427337646484375,success,
barabasi_albert,"{""edge_probability"": 0.1, ""family"": ""barabasi_albert"", ""m"": 2, ""num_blocks"": 3, ""num_graphs"": 100, ""num_nodes"": 50, ""p_in"": 0.25, ""p_out"": 0.03, ""seed"": 1}",edge_addition_deletion,"{""alpha"": 0.6, ""edges_added"": 2900, ""edges_removed"": 2900, ""graphs"": 100, ""graphs_skipped"": 0, ""graphs_success"": 100, ""method"": ""edge_addition_deletion"", ""rewires"": 0, ""triangles_affected"": 0}",0.6,1,native_netlsd,2.3182976739419416,2.3182976739419416,2.4110916247561214,72.54601935800747,0.1875762939453125,success,
barabasi_albert,"{""edge_probability"": 0.1, ""family"": ""barabasi_albert"", ""m"": 2, ""num_blocks"": 3, ""num_graphs"": 100, ""num_nodes"": 50, ""p_in"": 0.25, ""p_out"": 0.03, ""seed"": 1}",edge_addition_deletion,"{""alpha"": 0.6, ""edges_added"": 2900, ""edges_removed"": 2900, ""graphs"": 100, ""graphs_skipped"": 0, ""graphs_success"": 100, ""method"": ""edge_addition_deletion"", ""rewires"": 0, ""triangles_affected"": 0}",0.6,1,diversity_curves_shortest_path,1.6413451756300992,1.6413451756300992,1.7329618642408595,62.93222468000022,0.130950927734375,success,
barabasi_albert,"{""edge_probability"": 0.1, ""family"": ""barabasi_albert"", ""m"": 2, ""num_blocks"": 3, ""num_graphs"": 100, ""num_nodes"": 50, ""p_in"": 0.25, ""p_out"": 0.03, ""seed"": 1}",edge_addition_deletion,"{""alpha"": 0.7, ""edges_added"": 3400, ""edges_removed"": 3300, ""graphs"": 100, ""graphs_skipped"": 0, ""graphs_success"": 100, ""method"": ""edge_addition_deletion"", ""rewires"": 0, ""triangles_affected"": 0}",0.7,1,structural_statistics_mmd,0.20271238617865395,6.19486313762559,7.186707315105379,1.9003713940037414,0.0685882568359375,success,
barabasi_albert,"{""edge_probability"": 0.1, ""family"": ""barabasi_albert"", ""m"": 2, ""num_blocks"": 3, ""num_graphs"": 100, ""num_nodes"": 50, ""p_in"": 0.25, ""p_out"": 0.03, ""seed"": 1}",edge_addition_deletion,"{""alpha"": 0.7, ""edges_added"": 3400, ""edges_removed"": 3300, ""graphs"": 100, ""graphs_skipped"": 0, ""graphs_success"": 100, ""method"": ""edge_addition_deletion"", ""rewires"": 0, ""triangles_affected"": 0}",0.7,1,wl_subtree_kernel_mmd,266.68780000000004,16.33057867927527,25.477541046978804,0.2173630809993483,14.410780906677246,success,
barabasi_albert,"{""edge_probability"": 0.1, ""family"": ""barabasi_albert"", ""m"": 2, ""num_blocks"": 3, ""num_graphs"": 100, ""num_nodes"": 50, ""p_in"": 0.25, ""p_out"": 0.03, ""seed"": 1}",edge_addition_deletion,"{""alpha"": 0.7, ""edges_added"": 3400, ""edges_removed"": 3300, ""graphs"": 100, ""graphs_skipped"": 0, ""graphs_success"": 100, ""method"": ""edge_addition_deletion"", ""rewires"": 0, ""triangles_affected"": 0}",0.7,1,native_netlsd,2.7358645970888795,2.7358645970888795,2.8197169586660507,72.69024600999546,0.18759918212890625,success,
barabasi_albert,"{""edge_probability"": 0.1, ""family"": ""barabasi_albert"", ""m"": 2, ""num_blocks"": 3, ""num_graphs"": 100, ""num_nodes"": 50, ""p_in"": 0.25, ""p_out"": 0.03, ""seed"": 1}",edge_addition_deletion,"{""alpha"": 0.7, ""edges_added"": 3400, ""edges_removed"": 3300, ""graphs"": 100, ""graphs_skipped"": 0, ""graphs_success"": 100, ""method"": ""edge_addition_deletion"", ""rewires"": 0, ""triangles_affected"": 0}",0.7,1,diversity_curves_shortest_path,1.7999616646205294,1.7999616646205294,1.9009930802251747,63.79352589100017,0.13092803955078125,success,
