2026-06-05 18:22:36,387 INFO run_start result_path=outputs/experimentation/results/results.csv resume=True completed=0 total=2640 device=cuda requested; cuda_available=True
2026-06-05 18:22:42,940 INFO row_complete 1/2640 dataset=erdos_renyi perturbation=edge_addition_deletion alpha=0.0 seed=0 workflow=structural_statistics_mmd status=success
2026-06-05 18:22:42,941 INFO row_complete 2/2640 dataset=erdos_renyi perturbation=edge_addition_deletion alpha=0.0 seed=0 workflow=wl_subtree_kernel_mmd status=success
2026-06-05 18:22:42,942 INFO row_complete 3/2640 dataset=erdos_renyi perturbation=edge_addition_deletion alpha=0.0 seed=0 workflow=netlsd_spectral_signatures status=failed
2026-06-05 18:22:42,944 INFO row_complete 4/2640 dataset=erdos_renyi perturbation=edge_addition_deletion alpha=0.0 seed=0 workflow=diversity_curves_l2 status=success
2026-06-05 18:22:48,961 INFO row_complete 5/2640 dataset=erdos_renyi perturbation=edge_addition_deletion alpha=0.1 seed=0 workflow=structural_statistics_mmd status=success
2026-06-05 18:22:48,962 INFO row_complete 6/2640 dataset=erdos_renyi perturbation=edge_addition_deletion alpha=0.1 seed=0 workflow=wl_subtree_kernel_mmd status=success
2026-06-05 18:22:48,964 INFO row_complete 7/2640 dataset=erdos_renyi perturbation=edge_addition_deletion alpha=0.1 seed=0 workflow=netlsd_spectral_signatures status=failed
2026-06-05 18:22:48,965 INFO row_complete 8/2640 dataset=erdos_renyi perturbation=edge_addition_deletion alpha=0.1 seed=0 workflow=diversity_curves_l2 status=success
2026-06-05 18:22:54,883 INFO row_complete 9/2640 dataset=erdos_renyi perturbation=edge_addition_deletion alpha=0.2 seed=0 workflow=structural_statistics_mmd status=success
2026-06-05 18:22:54,885 INFO row_complete 10/2640 dataset=erdos_renyi perturbation=edge_addition_deletion alpha=0.2 seed=0 workflow=wl_subtree_kernel_mmd status=success
2026-06-05 18:22:54,886 INFO row_complete 11/2640 dataset=erdos_renyi perturbation=edge_addition_deletion alpha=0.2 seed=0 workflow=netlsd_spectral_signatures status=failed
2026-06-05 18:22:54,887 INFO row_complete 12/2640 dataset=erdos_renyi perturbation=edge_addition_deletion alpha=0.2 seed=0 workflow=diversity_curves_l2 status=success
2026-06-05 18:23:00,980 INFO row_complete 13/2640 dataset=erdos_renyi perturbation=edge_addition_deletion alpha=0.3 seed=0 workflow=structural_statistics_mmd status=success
2026-06-05 18:23:00,981 INFO row_complete 14/2640 dataset=erdos_renyi perturbation=edge_addition_deletion alpha=0.3 seed=0 workflow=wl_subtree_kernel_mmd status=success
2026-06-05 18:23:00,983 INFO row_complete 15/2640 dataset=erdos_renyi perturbation=edge_addition_deletion alpha=0.3 seed=0 workflow=netlsd_spectral_signatures status=failed
2026-06-05 18:23:00,984 INFO row_complete 16/2640 dataset=erdos_renyi perturbation=edge_addition_deletion alpha=0.3 seed=0 workflow=diversity_curves_l2 status=success
2026-06-05 18:23:06,936 INFO row_complete 17/2640 dataset=erdos_renyi perturbation=edge_addition_deletion alpha=0.4 seed=0 workflow=structural_statistics_mmd status=success
2026-06-05 18:23:06,937 INFO row_complete 18/2640 dataset=erdos_renyi perturbation=edge_addition_deletion alpha=0.4 seed=0 workflow=wl_subtree_kernel_mmd status=success
2026-06-05 18:23:06,939 INFO row_complete 19/2640 dataset=erdos_renyi perturbation=edge_addition_deletion alpha=0.4 seed=0 workflow=netlsd_spectral_signatures status=failed
2026-06-05 18:23:06,940 INFO row_complete 20/2640 dataset=erdos_renyi perturbation=edge_addition_deletion alpha=0.4 seed=0 workflow=diversity_curves_l2 status=success
2026-06-05 18:23:12,977 INFO row_complete 21/2640 dataset=erdos_renyi perturbation=edge_addition_deletion alpha=0.5 seed=0 workflow=structural_statistics_mmd status=success
2026-06-05 18:23:12,978 INFO row_complete 22/2640 dataset=erdos_renyi perturbation=edge_addition_deletion alpha=0.5 seed=0 workflow=wl_subtree_kernel_mmd status=success
2026-06-05 18:23:12,979 INFO row_complete 23/2640 dataset=erdos_renyi perturbation=edge_addition_deletion alpha=0.5 seed=0 workflow=netlsd_spectral_signatures status=failed
2026-06-05 18:23:12,980 INFO row_complete 24/2640 dataset=erdos_renyi perturbation=edge_addition_deletion alpha=0.5 seed=0 workflow=diversity_curves_l2 status=success
2026-06-05 18:23:19,136 INFO row_complete 25/2640 dataset=erdos_renyi perturbation=edge_addition_deletion alpha=0.6 seed=0 workflow=structural_statistics_mmd status=success
2026-06-05 18:23:19,138 INFO row_complete 26/2640 dataset=erdos_renyi perturbation=edge_addition_deletion alpha=0.6 seed=0 workflow=wl_subtree_kernel_mmd status=success
2026-06-05 18:23:19,139 INFO row_complete 27/2640 dataset=erdos_renyi perturbation=edge_addition_deletion alpha=0.6 seed=0 workflow=netlsd_spectral_signatures status=failed
2026-06-05 18:23:19,140 INFO row_complete 28/2640 dataset=erdos_renyi perturbation=edge_addition_deletion alpha=0.6 seed=0 workflow=diversity_curves_l2 status=success
2026-06-05 18:23:25,221 INFO row_complete 29/2640 dataset=erdos_renyi perturbation=edge_addition_deletion alpha=0.7 seed=0 workflow=structural_statistics_mmd status=success
2026-06-05 18:23:25,222 INFO row_complete 30/2640 dataset=erdos_renyi perturbation=edge_addition_deletion alpha=0.7 seed=0 workflow=wl_subtree_kernel_mmd status=success
2026-06-05 18:23:25,224 INFO row_complete 31/2640 dataset=erdos_renyi perturbation=edge_addition_deletion alpha=0.7 seed=0 workflow=netlsd_spectral_signatures status=failed
2026-06-05 18:23:25,225 INFO row_complete 32/2640 dataset=erdos_renyi perturbation=edge_addition_deletion alpha=0.7 seed=0 workflow=diversity_curves_l2 status=success
2026-06-05 18:23:31,387 INFO row_complete 33/2640 dataset=erdos_renyi perturbation=edge_addition_deletion alpha=0.8 seed=0 workflow=structural_statistics_mmd status=success
2026-06-05 18:23:31,388 INFO row_complete 34/2640 dataset=erdos_renyi perturbation=edge_addition_deletion alpha=0.8 seed=0 workflow=wl_subtree_kernel_mmd status=success
2026-06-05 18:23:31,389 INFO row_complete 35/2640 dataset=erdos_renyi perturbation=edge_addition_deletion alpha=0.8 seed=0 workflow=netlsd_spectral_signatures status=failed
2026-06-05 18:23:31,391 INFO row_complete 36/2640 dataset=erdos_renyi perturbation=edge_addition_deletion alpha=0.8 seed=0 workflow=diversity_curves_l2 status=success
2026-06-05 18:23:37,578 INFO row_complete 37/2640 dataset=erdos_renyi perturbation=edge_addition_deletion alpha=0.9 seed=0 workflow=structural_statistics_mmd status=success
2026-06-05 18:23:37,579 INFO row_complete 38/2640 dataset=erdos_renyi perturbation=edge_addition_deletion alpha=0.9 seed=0 workflow=wl_subtree_kernel_mmd status=success
2026-06-05 18:23:37,581 INFO row_complete 39/2640 dataset=erdos_renyi perturbation=edge_addition_deletion alpha=0.9 seed=0 workflow=netlsd_spectral_signatures status=failed
2026-06-05 18:23:37,582 INFO row_complete 40/2640 dataset=erdos_renyi perturbation=edge_addition_deletion alpha=0.9 seed=0 workflow=diversity_curves_l2 status=success
2026-06-05 18:23:43,725 INFO row_complete 41/2640 dataset=erdos_renyi perturbation=edge_addition_deletion alpha=1.0 seed=0 workflow=structural_statistics_mmd status=success
2026-06-05 18:23:43,726 INFO row_complete 42/2640 dataset=erdos_renyi perturbation=edge_addition_deletion alpha=1.0 seed=0 workflow=wl_subtree_kernel_mmd status=success
2026-06-05 18:23:43,728 INFO row_complete 43/2640 dataset=erdos_renyi perturbation=edge_addition_deletion alpha=1.0 seed=0 workflow=netlsd_spectral_signatures status=failed
2026-06-05 18:23:43,729 INFO row_complete 44/2640 dataset=erdos_renyi perturbation=edge_addition_deletion alpha=1.0 seed=0 workflow=diversity_curves_l2 status=success
2026-06-05 18:23:49,718 INFO row_complete 45/2640 dataset=erdos_renyi perturbation=triangle_injection_removal alpha=0.0 seed=0 workflow=structural_statistics_mmd status=success
2026-06-05 18:23:49,719 INFO row_complete 46/2640 dataset=erdos_renyi perturbation=triangle_injection_removal alpha=0.0 seed=0 workflow=wl_subtree_kernel_mmd status=success
2026-06-05 18:23:49,721 INFO row_complete 47/2640 dataset=erdos_renyi perturbation=triangle_injection_removal alpha=0.0 seed=0 workflow=netlsd_spectral_signatures status=failed
2026-06-05 18:23:49,722 INFO row_complete 48/2640 dataset=erdos_renyi perturbation=triangle_injection_removal alpha=0.0 seed=0 workflow=diversity_curves_l2 status=success
2026-06-05 18:23:56,461 INFO row_complete 49/2640 dataset=erdos_renyi perturbation=triangle_injection_removal alpha=0.1 seed=0 workflow=structural_statistics_mmd status=success
2026-06-05 18:23:56,463 INFO row_complete 50/2640 dataset=erdos_renyi perturbation=triangle_injection_removal alpha=0.1 seed=0 workflow=wl_subtree_kernel_mmd status=success
2026-06-05 18:23:56,466 INFO row_complete 51/2640 dataset=erdos_renyi perturbation=triangle_injection_removal alpha=0.1 seed=0 workflow=netlsd_spectral_signatures status=failed
2026-06-05 18:23:56,467 INFO row_complete 52/2640 dataset=erdos_renyi perturbation=triangle_injection_removal alpha=0.1 seed=0 workflow=diversity_curves_l2 status=success
2026-06-05 18:24:03,044 INFO row_complete 53/2640 dataset=erdos_renyi perturbation=triangle_injection_removal alpha=0.2 seed=0 workflow=structural_statistics_mmd status=success
2026-06-05 18:24:03,046 INFO row_complete 54/2640 dataset=erdos_renyi perturbation=triangle_injection_removal alpha=0.2 seed=0 workflow=wl_subtree_kernel_mmd status=success
2026-06-05 18:24:03,047 INFO row_complete 55/2640 dataset=erdos_renyi perturbation=triangle_injection_removal alpha=0.2 seed=0 workflow=netlsd_spectral_signatures status=failed
2026-06-05 18:24:03,048 INFO row_complete 56/2640 dataset=erdos_renyi perturbation=triangle_injection_removal alpha=0.2 seed=0 workflow=diversity_curves_l2 status=success
2026-06-05 18:24:09,707 INFO row_complete 57/2640 dataset=erdos_renyi perturbation=triangle_injection_removal alpha=0.3 seed=0 workflow=structural_statistics_mmd status=success
2026-06-05 18:24:09,708 INFO row_complete 58/2640 dataset=erdos_renyi perturbation=triangle_injection_removal alpha=0.3 seed=0 workflow=wl_subtree_kernel_mmd status=success
2026-06-05 18:24:09,709 INFO row_complete 59/2640 dataset=erdos_renyi perturbation=triangle_injection_removal alpha=0.3 seed=0 workflow=netlsd_spectral_signatures status=failed
2026-06-05 18:24:09,710 INFO row_complete 60/2640 dataset=erdos_renyi perturbation=triangle_injection_removal alpha=0.3 seed=0 workflow=diversity_curves_l2 status=success
2026-06-05 18:24:16,386 INFO row_complete 61/2640 dataset=erdos_renyi perturbation=triangle_injection_removal alpha=0.4 seed=0 workflow=structural_statistics_mmd status=success
2026-06-05 18:24:16,388 INFO row_complete 62/2640 dataset=erdos_renyi perturbation=triangle_injection_removal alpha=0.4 seed=0 workflow=wl_subtree_kernel_mmd status=success
2026-06-05 18:24:16,389 INFO row_complete 63/2640 dataset=erdos_renyi perturbation=triangle_injection_removal alpha=0.4 seed=0 workflow=netlsd_spectral_signatures status=failed
2026-06-05 18:24:16,391 INFO row_complete 64/2640 dataset=erdos_renyi perturbation=triangle_injection_removal alpha=0.4 seed=0 workflow=diversity_curves_l2 status=success
2026-06-05 18:24:23,111 INFO row_complete 65/2640 dataset=erdos_renyi perturbation=triangle_injection_removal alpha=0.5 seed=0 workflow=structural_statistics_mmd status=success
2026-06-05 18:24:23,112 INFO row_complete 66/2640 dataset=erdos_renyi perturbation=triangle_injection_removal alpha=0.5 seed=0 workflow=wl_subtree_kernel_mmd status=success
2026-06-05 18:24:23,114 INFO row_complete 67/2640 dataset=erdos_renyi perturbation=triangle_injection_removal alpha=0.5 seed=0 workflow=netlsd_spectral_signatures status=failed
2026-06-05 18:24:23,115 INFO row_complete 68/2640 dataset=erdos_renyi perturbation=triangle_injection_removal alpha=0.5 seed=0 workflow=diversity_curves_l2 status=success
2026-06-05 18:24:29,876 INFO row_complete 69/2640 dataset=erdos_renyi perturbation=triangle_injection_removal alpha=0.6 seed=0 workflow=structural_statistics_mmd status=success
2026-06-05 18:24:29,878 INFO row_complete 70/2640 dataset=erdos_renyi perturbation=triangle_injection_removal alpha=0.6 seed=0 workflow=wl_subtree_kernel_mmd status=success
2026-06-05 18:24:29,880 INFO row_complete 71/2640 dataset=erdos_renyi perturbation=triangle_injection_removal alpha=0.6 seed=0 workflow=netlsd_spectral_signatures status=failed
2026-06-05 18:24:29,881 INFO row_complete 72/2640 dataset=erdos_renyi perturbation=triangle_injection_removal alpha=0.6 seed=0 workflow=diversity_curves_l2 status=success
2026-06-05 18:24:36,620 INFO row_complete 73/2640 dataset=erdos_renyi perturbation=triangle_injection_removal alpha=0.7 seed=0 workflow=structural_statistics_mmd status=success
2026-06-05 18:24:36,622 INFO row_complete 74/2640 dataset=erdos_renyi perturbation=triangle_injection_removal alpha=0.7 seed=0 workflow=wl_subtree_kernel_mmd status=success
2026-06-05 18:24:36,623 INFO row_complete 75/2640 dataset=erdos_renyi perturbation=triangle_injection_removal alpha=0.7 seed=0 workflow=netlsd_spectral_signatures status=failed
2026-06-05 18:24:36,624 INFO row_complete 76/2640 dataset=erdos_renyi perturbation=triangle_injection_removal alpha=0.7 seed=0 workflow=diversity_curves_l2 status=success
2026-06-05 18:24:43,362 INFO row_complete 77/2640 dataset=erdos_renyi perturbation=triangle_injection_removal alpha=0.8 seed=0 workflow=structural_statistics_mmd status=success
2026-06-05 18:24:43,363 INFO row_complete 78/2640 dataset=erdos_renyi perturbation=triangle_injection_removal alpha=0.8 seed=0 workflow=wl_subtree_kernel_mmd status=success
2026-06-05 18:24:43,365 INFO row_complete 79/2640 dataset=erdos_renyi perturbation=triangle_injection_removal alpha=0.8 seed=0 workflow=netlsd_spectral_signatures status=failed
2026-06-05 18:24:43,366 INFO row_complete 80/2640 dataset=erdos_renyi perturbation=triangle_injection_removal alpha=0.8 seed=0 workflow=diversity_curves_l2 status=success
2026-06-05 18:24:50,159 INFO row_complete 81/2640 dataset=erdos_renyi perturbation=triangle_injection_removal alpha=0.9 seed=0 workflow=structural_statistics_mmd status=success
2026-06-05 18:24:50,162 INFO row_complete 82/2640 dataset=erdos_renyi perturbation=triangle_injection_removal alpha=0.9 seed=0 workflow=wl_subtree_kernel_mmd status=success
2026-06-05 18:24:50,165 INFO row_complete 83/2640 dataset=erdos_renyi perturbation=triangle_injection_removal alpha=0.9 seed=0 workflow=netlsd_spectral_signatures status=failed
2026-06-05 18:24:50,166 INFO row_complete 84/2640 dataset=erdos_renyi perturbation=triangle_injection_removal alpha=0.9 seed=0 workflow=diversity_curves_l2 status=success
2026-06-05 18:24:57,138 INFO row_complete 85/2640 dataset=erdos_renyi perturbation=triangle_injection_removal alpha=1.0 seed=0 workflow=structural_statistics_mmd status=success
2026-06-05 18:24:57,139 INFO row_complete 86/2640 dataset=erdos_renyi perturbation=triangle_injection_removal alpha=1.0 seed=0 workflow=wl_subtree_kernel_mmd status=success
2026-06-05 18:24:57,141 INFO row_complete 87/2640 dataset=erdos_renyi perturbation=triangle_injection_removal alpha=1.0 seed=0 workflow=netlsd_spectral_signatures status=failed
2026-06-05 18:24:57,142 INFO row_complete 88/2640 dataset=erdos_renyi perturbation=triangle_injection_removal alpha=1.0 seed=0 workflow=diversity_curves_l2 status=success
2026-06-05 18:24:57,179 INFO row_complete 89/2640 dataset=erdos_renyi perturbation=community_weakening alpha=0.0 seed=0 workflow=structural_statistics_mmd status=skipped
2026-06-05 18:24:57,181 INFO row_complete 90/2640 dataset=erdos_renyi perturbation=community_weakening alpha=0.0 seed=0 workflow=wl_subtree_kernel_mmd status=skipped
2026-06-05 18:24:57,182 INFO row_complete 91/2640 dataset=erdos_renyi perturbation=community_weakening alpha=0.0 seed=0 workflow=netlsd_spectral_signatures status=skipped
2026-06-05 18:24:57,183 INFO row_complete 92/2640 dataset=erdos_renyi perturbation=community_weakening alpha=0.0 seed=0 workflow=diversity_curves_l2 status=skipped
2026-06-05 18:24:57,297 INFO row_complete 93/2640 dataset=erdos_renyi perturbation=community_weakening alpha=0.1 seed=0 workflow=structural_statistics_mmd status=skipped
2026-06-05 18:24:57,298 INFO row_complete 94/2640 dataset=erdos_renyi perturbation=community_weakening alpha=0.1 seed=0 workflow=wl_subtree_kernel_mmd status=skipped
2026-06-05 18:24:57,300 INFO row_complete 95/2640 dataset=erdos_renyi perturbation=community_weakening alpha=0.1 seed=0 workflow=netlsd_spectral_signatures status=skipped
2026-06-05 18:24:57,301 INFO row_complete 96/2640 dataset=erdos_renyi perturbation=community_weakening alpha=0.1 seed=0 workflow=diversity_curves_l2 status=skipped
2026-06-05 18:24:57,340 INFO row_complete 97/2640 dataset=erdos_renyi perturbation=community_weakening alpha=0.2 seed=0 workflow=structural_statistics_mmd status=skipped
2026-06-05 18:24:57,342 INFO row_complete 98/2640 dataset=erdos_renyi perturbation=community_weakening alpha=0.2 seed=0 workflow=wl_subtree_kernel_mmd status=skipped
2026-06-05 18:24:57,343 INFO row_complete 99/2640 dataset=erdos_renyi perturbation=community_weakening alpha=0.2 seed=0 workflow=netlsd_spectral_signatures status=skipped
2026-06-05 18:24:57,344 INFO row_complete 100/2640 dataset=erdos_renyi perturbation=community_weakening alpha=0.2 seed=0 workflow=diversity_curves_l2 status=skipped
2026-06-05 18:24:57,393 INFO row_complete 101/2640 dataset=erdos_renyi perturbation=community_weakening alpha=0.3 seed=0 workflow=structural_statistics_mmd status=skipped
2026-06-05 18:24:57,394 INFO row_complete 102/2640 dataset=erdos_renyi perturbation=community_weakening alpha=0.3 seed=0 workflow=wl_subtree_kernel_mmd status=skipped
2026-06-05 18:24:57,395 INFO row_complete 103/2640 dataset=erdos_renyi perturbation=community_weakening alpha=0.3 seed=0 workflow=netlsd_spectral_signatures status=skipped
2026-06-05 18:24:57,396 INFO row_complete 104/2640 dataset=erdos_renyi perturbation=community_weakening alpha=0.3 seed=0 workflow=diversity_curves_l2 status=skipped
2026-06-05 18:24:57,432 INFO row_complete 105/2640 dataset=erdos_renyi perturbation=community_weakening alpha=0.4 seed=0 workflow=structural_statistics_mmd status=skipped
2026-06-05 18:24:57,434 INFO row_complete 106/2640 dataset=erdos_renyi perturbation=community_weakening alpha=0.4 seed=0 workflow=wl_subtree_kernel_mmd status=skipped
2026-06-05 18:24:57,435 INFO row_complete 107/2640 dataset=erdos_renyi perturbation=community_weakening alpha=0.4 seed=0 workflow=netlsd_spectral_signatures status=skipped
2026-06-05 18:24:57,436 INFO row_complete 108/2640 dataset=erdos_renyi perturbation=community_weakening alpha=0.4 seed=0 workflow=diversity_curves_l2 status=skipped
2026-06-05 18:24:57,475 INFO row_complete 109/2640 dataset=erdos_renyi perturbation=community_weakening alpha=0.5 seed=0 workflow=structural_statistics_mmd status=skipped
2026-06-05 18:24:57,476 INFO row_complete 110/2640 dataset=erdos_renyi perturbation=community_weakening alpha=0.5 seed=0 workflow=wl_subtree_kernel_mmd status=skipped
2026-06-05 18:24:57,477 INFO row_complete 111/2640 dataset=erdos_renyi perturbation=community_weakening alpha=0.5 seed=0 workflow=netlsd_spectral_signatures status=skipped
2026-06-05 18:24:57,478 INFO row_complete 112/2640 dataset=erdos_renyi perturbation=community_weakening alpha=0.5 seed=0 workflow=diversity_curves_l2 status=skipped
2026-06-05 18:24:57,518 INFO row_complete 113/2640 dataset=erdos_renyi perturbation=community_weakening alpha=0.6 seed=0 workflow=structural_statistics_mmd status=skipped
2026-06-05 18:24:57,519 INFO row_complete 114/2640 dataset=erdos_renyi perturbation=community_weakening alpha=0.6 seed=0 workflow=wl_subtree_kernel_mmd status=skipped
2026-06-05 18:24:57,521 INFO row_complete 115/2640 dataset=erdos_renyi perturbation=community_weakening alpha=0.6 seed=0 workflow=netlsd_spectral_signatures status=skipped
2026-06-05 18:24:57,522 INFO row_complete 116/2640 dataset=erdos_renyi perturbation=community_weakening alpha=0.6 seed=0 workflow=diversity_curves_l2 status=skipped
2026-06-05 18:24:57,559 INFO row_complete 117/2640 dataset=erdos_renyi perturbation=community_weakening alpha=0.7 seed=0 workflow=structural_statistics_mmd status=skipped
2026-06-05 18:24:57,560 INFO row_complete 118/2640 dataset=erdos_renyi perturbation=community_weakening alpha=0.7 seed=0 workflow=wl_subtree_kernel_mmd status=skipped
2026-06-05 18:24:57,562 INFO row_complete 119/2640 dataset=erdos_renyi perturbation=community_weakening alpha=0.7 seed=0 workflow=netlsd_spectral_signatures status=skipped
2026-06-05 18:24:57,563 INFO row_complete 120/2640 dataset=erdos_renyi perturbation=community_weakening alpha=0.7 seed=0 workflow=diversity_curves_l2 status=skipped
2026-06-05 18:24:57,599 INFO row_complete 121/2640 dataset=erdos_renyi perturbation=community_weakening alpha=0.8 seed=0 workflow=structural_statistics_mmd status=skipped
2026-06-05 18:24:57,601 INFO row_complete 122/2640 dataset=erdos_renyi perturbation=community_weakening alpha=0.8 seed=0 workflow=wl_subtree_kernel_mmd status=skipped
2026-06-05 18:24:57,602 INFO row_complete 123/2640 dataset=erdos_renyi perturbation=community_weakening alpha=0.8 seed=0 workflow=netlsd_spectral_signatures status=skipped
2026-06-05 18:24:57,603 INFO row_complete 124/2640 dataset=erdos_renyi perturbation=community_weakening alpha=0.8 seed=0 workflow=diversity_curves_l2 status=skipped
2026-06-05 18:24:57,639 INFO row_complete 125/2640 dataset=erdos_renyi perturbation=community_weakening alpha=0.9 seed=0 workflow=structural_statistics_mmd status=skipped
2026-06-05 18:24:57,641 INFO row_complete 126/2640 dataset=erdos_renyi perturbation=community_weakening alpha=0.9 seed=0 workflow=wl_subtree_kernel_mmd status=skipped
2026-06-05 18:24:57,642 INFO row_complete 127/2640 dataset=erdos_renyi perturbation=community_weakening alpha=0.9 seed=0 workflow=netlsd_spectral_signatures status=skipped
2026-06-05 18:24:57,643 INFO row_complete 128/2640 dataset=erdos_renyi perturbation=community_weakening alpha=0.9 seed=0 workflow=diversity_curves_l2 status=skipped
2026-06-05 18:24:57,754 INFO row_complete 129/2640 dataset=erdos_renyi perturbation=community_weakening alpha=1.0 seed=0 workflow=structural_statistics_mmd status=skipped
2026-06-05 18:24:57,755 INFO row_complete 130/2640 dataset=erdos_renyi perturbation=community_weakening alpha=1.0 seed=0 workflow=wl_subtree_kernel_mmd status=skipped
2026-06-05 18:24:57,756 INFO row_complete 131/2640 dataset=erdos_renyi perturbation=community_weakening alpha=1.0 seed=0 workflow=netlsd_spectral_signatures status=skipped
2026-06-05 18:24:57,757 INFO row_complete 132/2640 dataset=erdos_renyi perturbation=community_weakening alpha=1.0 seed=0 workflow=diversity_curves_l2 status=skipped
2026-06-05 18:25:03,693 INFO row_complete 133/2640 dataset=erdos_renyi perturbation=hub_modification alpha=0.0 seed=0 workflow=structural_statistics_mmd status=success
2026-06-05 18:25:03,694 INFO row_complete 134/2640 dataset=erdos_renyi perturbation=hub_modification alpha=0.0 seed=0 workflow=wl_subtree_kernel_mmd status=success
2026-06-05 18:25:03,695 INFO row_complete 135/2640 dataset=erdos_renyi perturbation=hub_modification alpha=0.0 seed=0 workflow=netlsd_spectral_signatures status=failed
2026-06-05 18:25:03,697 INFO row_complete 136/2640 dataset=erdos_renyi perturbation=hub_modification alpha=0.0 seed=0 workflow=diversity_curves_l2 status=success
2026-06-05 18:25:09,763 INFO row_complete 137/2640 dataset=erdos_renyi perturbation=hub_modification alpha=0.1 seed=0 workflow=structural_statistics_mmd status=success
2026-06-05 18:25:09,765 INFO row_complete 138/2640 dataset=erdos_renyi perturbation=hub_modification alpha=0.1 seed=0 workflow=wl_subtree_kernel_mmd status=success
2026-06-05 18:25:09,767 INFO row_complete 139/2640 dataset=erdos_renyi perturbation=hub_modification alpha=0.1 seed=0 workflow=netlsd_spectral_signatures status=failed
2026-06-05 18:25:09,771 INFO row_complete 140/2640 dataset=erdos_renyi perturbation=hub_modification alpha=0.1 seed=0 workflow=diversity_curves_l2 status=success
2026-06-05 18:25:15,764 INFO row_complete 141/2640 dataset=erdos_renyi perturbation=hub_modification alpha=0.2 seed=0 workflow=structural_statistics_mmd status=success
2026-06-05 18:25:15,766 INFO row_complete 142/2640 dataset=erdos_renyi perturbation=hub_modification alpha=0.2 seed=0 workflow=wl_subtree_kernel_mmd status=success
2026-06-05 18:25:15,767 INFO row_complete 143/2640 dataset=erdos_renyi perturbation=hub_modification alpha=0.2 seed=0 workflow=netlsd_spectral_signatures status=failed
2026-06-05 18:25:15,768 INFO row_complete 144/2640 dataset=erdos_renyi perturbation=hub_modification alpha=0.2 seed=0 workflow=diversity_curves_l2 status=success
2026-06-05 18:25:21,903 INFO row_complete 145/2640 dataset=erdos_renyi perturbation=hub_modification alpha=0.3 seed=0 workflow=structural_statistics_mmd status=success
2026-06-05 18:25:21,905 INFO row_complete 146/2640 dataset=erdos_renyi perturbation=hub_modification alpha=0.3 seed=0 workflow=wl_subtree_kernel_mmd status=success
2026-06-05 18:25:21,906 INFO row_complete 147/2640 dataset=erdos_renyi perturbation=hub_modification alpha=0.3 seed=0 workflow=netlsd_spectral_signatures status=failed
2026-06-05 18:25:21,907 INFO row_complete 148/2640 dataset=erdos_renyi perturbation=hub_modification alpha=0.3 seed=0 workflow=diversity_curves_l2 status=success
2026-06-05 18:25:28,037 INFO row_complete 149/2640 dataset=erdos_renyi perturbation=hub_modification alpha=0.4 seed=0 workflow=structural_statistics_mmd status=success
2026-06-05 18:25:28,038 INFO row_complete 150/2640 dataset=erdos_renyi perturbation=hub_modification alpha=0.4 seed=0 workflow=wl_subtree_kernel_mmd status=success
2026-06-05 18:25:28,040 INFO row_complete 151/2640 dataset=erdos_renyi perturbation=hub_modification alpha=0.4 seed=0 workflow=netlsd_spectral_signatures status=failed
2026-06-05 18:25:28,041 INFO row_complete 152/2640 dataset=erdos_renyi perturbation=hub_modification alpha=0.4 seed=0 workflow=diversity_curves_l2 status=success
2026-06-05 18:25:34,071 INFO row_complete 153/2640 dataset=erdos_renyi perturbation=hub_modification alpha=0.5 seed=0 workflow=structural_statistics_mmd status=success
2026-06-05 18:25:34,072 INFO row_complete 154/2640 dataset=erdos_renyi perturbation=hub_modification alpha=0.5 seed=0 workflow=wl_subtree_kernel_mmd status=success
2026-06-05 18:25:34,073 INFO row_complete 155/2640 dataset=erdos_renyi perturbation=hub_modification alpha=0.5 seed=0 workflow=netlsd_spectral_signatures status=failed
2026-06-05 18:25:34,075 INFO row_complete 156/2640 dataset=erdos_renyi perturbation=hub_modification alpha=0.5 seed=0 workflow=diversity_curves_l2 status=success
2026-06-05 18:25:40,120 INFO row_complete 157/2640 dataset=erdos_renyi perturbation=hub_modification alpha=0.6 seed=0 workflow=structural_statistics_mmd status=success
2026-06-05 18:25:40,121 INFO row_complete 158/2640 dataset=erdos_renyi perturbation=hub_modification alpha=0.6 seed=0 workflow=wl_subtree_kernel_mmd status=success
2026-06-05 18:25:40,122 INFO row_complete 159/2640 dataset=erdos_renyi perturbation=hub_modification alpha=0.6 seed=0 workflow=netlsd_spectral_signatures status=failed
2026-06-05 18:25:40,123 INFO row_complete 160/2640 dataset=erdos_renyi perturbation=hub_modification alpha=0.6 seed=0 workflow=diversity_curves_l2 status=success
2026-06-05 18:25:45,985 INFO row_complete 161/2640 dataset=erdos_renyi perturbation=hub_modification alpha=0.7 seed=0 workflow=structural_statistics_mmd status=success
2026-06-05 18:25:45,986 INFO row_complete 162/2640 dataset=erdos_renyi perturbation=hub_modification alpha=0.7 seed=0 workflow=wl_subtree_kernel_mmd status=success
2026-06-05 18:25:45,988 INFO row_complete 163/2640 dataset=erdos_renyi perturbation=hub_modification alpha=0.7 seed=0 workflow=netlsd_spectral_signatures status=failed
2026-06-05 18:25:45,989 INFO row_complete 164/2640 dataset=erdos_renyi perturbation=hub_modification alpha=0.7 seed=0 workflow=diversity_curves_l2 status=success
2026-06-05 18:25:52,026 INFO row_complete 165/2640 dataset=erdos_renyi perturbation=hub_modification alpha=0.8 seed=0 workflow=structural_statistics_mmd status=success
2026-06-05 18:25:52,028 INFO row_complete 166/2640 dataset=erdos_renyi perturbation=hub_modification alpha=0.8 seed=0 workflow=wl_subtree_kernel_mmd status=success
2026-06-05 18:25:52,029 INFO row_complete 167/2640 dataset=erdos_renyi perturbation=hub_modification alpha=0.8 seed=0 workflow=netlsd_spectral_signatures status=failed
2026-06-05 18:25:52,030 INFO row_complete 168/2640 dataset=erdos_renyi perturbation=hub_modification alpha=0.8 seed=0 workflow=diversity_curves_l2 status=success
2026-06-05 18:25:58,056 INFO row_complete 169/2640 dataset=erdos_renyi perturbation=hub_modification alpha=0.9 seed=0 workflow=structural_statistics_mmd status=success
2026-06-05 18:25:58,057 INFO row_complete 170/2640 dataset=erdos_renyi perturbation=hub_modification alpha=0.9 seed=0 workflow=wl_subtree_kernel_mmd status=success
2026-06-05 18:25:58,058 INFO row_complete 171/2640 dataset=erdos_renyi perturbation=hub_modification alpha=0.9 seed=0 workflow=netlsd_spectral_signatures status=failed
2026-06-05 18:25:58,059 INFO row_complete 172/2640 dataset=erdos_renyi perturbation=hub_modification alpha=0.9 seed=0 workflow=diversity_curves_l2 status=success
2026-06-05 18:26:04,111 INFO row_complete 173/2640 dataset=erdos_renyi perturbation=hub_modification alpha=1.0 seed=0 workflow=structural_statistics_mmd status=success
2026-06-05 18:26:04,113 INFO row_complete 174/2640 dataset=erdos_renyi perturbation=hub_modification alpha=1.0 seed=0 workflow=wl_subtree_kernel_mmd status=success
2026-06-05 18:26:04,116 INFO row_complete 175/2640 dataset=erdos_renyi perturbation=hub_modification alpha=1.0 seed=0 workflow=netlsd_spectral_signatures status=failed
2026-06-05 18:26:04,119 INFO row_complete 176/2640 dataset=erdos_renyi perturbation=hub_modification alpha=1.0 seed=0 workflow=diversity_curves_l2 status=success
2026-06-05 18:26:09,733 INFO row_complete 177/2640 dataset=stochastic_block_model perturbation=edge_addition_deletion alpha=0.0 seed=0 workflow=structural_statistics_mmd status=success
2026-06-05 18:26:09,734 INFO row_complete 178/2640 dataset=stochastic_block_model perturbation=edge_addition_deletion alpha=0.0 seed=0 workflow=wl_subtree_kernel_mmd status=success
2026-06-05 18:26:09,735 INFO row_complete 179/2640 dataset=stochastic_block_model perturbation=edge_addition_deletion alpha=0.0 seed=0 workflow=netlsd_spectral_signatures status=failed
2026-06-05 18:26:09,736 INFO row_complete 180/2640 dataset=stochastic_block_model perturbation=edge_addition_deletion alpha=0.0 seed=0 workflow=diversity_curves_l2 status=success
2026-06-05 18:26:15,451 INFO row_complete 181/2640 dataset=stochastic_block_model perturbation=edge_addition_deletion alpha=0.1 seed=0 workflow=structural_statistics_mmd status=success
2026-06-05 18:26:15,453 INFO row_complete 182/2640 dataset=stochastic_block_model perturbation=edge_addition_deletion alpha=0.1 seed=0 workflow=wl_subtree_kernel_mmd status=success
2026-06-05 18:26:15,454 INFO row_complete 183/2640 dataset=stochastic_block_model perturbation=edge_addition_deletion alpha=0.1 seed=0 workflow=netlsd_spectral_signatures status=failed
2026-06-05 18:26:15,455 INFO row_complete 184/2640 dataset=stochastic_block_model perturbation=edge_addition_deletion alpha=0.1 seed=0 workflow=diversity_curves_l2 status=success
2026-06-05 18:26:21,269 INFO row_complete 185/2640 dataset=stochastic_block_model perturbation=edge_addition_deletion alpha=0.2 seed=0 workflow=structural_statistics_mmd status=success
2026-06-05 18:26:21,270 INFO row_complete 186/2640 dataset=stochastic_block_model perturbation=edge_addition_deletion alpha=0.2 seed=0 workflow=wl_subtree_kernel_mmd status=success
2026-06-05 18:26:21,272 INFO row_complete 187/2640 dataset=stochastic_block_model perturbation=edge_addition_deletion alpha=0.2 seed=0 workflow=netlsd_spectral_signatures status=failed
2026-06-05 18:26:21,273 INFO row_complete 188/2640 dataset=stochastic_block_model perturbation=edge_addition_deletion alpha=0.2 seed=0 workflow=diversity_curves_l2 status=success
2026-06-05 18:26:27,159 INFO row_complete 189/2640 dataset=stochastic_block_model perturbation=edge_addition_deletion alpha=0.3 seed=0 workflow=structural_statistics_mmd status=success
2026-06-05 18:26:27,160 INFO row_complete 190/2640 dataset=stochastic_block_model perturbation=edge_addition_deletion alpha=0.3 seed=0 workflow=wl_subtree_kernel_mmd status=success
2026-06-05 18:26:27,161 INFO row_complete 191/2640 dataset=stochastic_block_model perturbation=edge_addition_deletion alpha=0.3 seed=0 workflow=netlsd_spectral_signatures status=failed
2026-06-05 18:26:27,163 INFO row_complete 192/2640 dataset=stochastic_block_model perturbation=edge_addition_deletion alpha=0.3 seed=0 workflow=diversity_curves_l2 status=success
2026-06-05 18:26:32,958 INFO row_complete 193/2640 dataset=stochastic_block_model perturbation=edge_addition_deletion alpha=0.4 seed=0 workflow=structural_statistics_mmd status=success
2026-06-05 18:26:32,959 INFO row_complete 194/2640 dataset=stochastic_block_model perturbation=edge_addition_deletion alpha=0.4 seed=0 workflow=wl_subtree_kernel_mmd status=success
2026-06-05 18:26:32,960 INFO row_complete 195/2640 dataset=stochastic_block_model perturbation=edge_addition_deletion alpha=0.4 seed=0 workflow=netlsd_spectral_signatures status=failed
2026-06-05 18:26:32,962 INFO row_complete 196/2640 dataset=stochastic_block_model perturbation=edge_addition_deletion alpha=0.4 seed=0 workflow=diversity_curves_l2 status=success
2026-06-05 18:26:38,877 INFO row_complete 197/2640 dataset=stochastic_block_model perturbation=edge_addition_deletion alpha=0.5 seed=0 workflow=structural_statistics_mmd status=success
2026-06-05 18:26:38,878 INFO row_complete 198/2640 dataset=stochastic_block_model perturbation=edge_addition_deletion alpha=0.5 seed=0 workflow=wl_subtree_kernel_mmd status=success
2026-06-05 18:26:38,880 INFO row_complete 199/2640 dataset=stochastic_block_model perturbation=edge_addition_deletion alpha=0.5 seed=0 workflow=netlsd_spectral_signatures status=failed
2026-06-05 18:26:38,881 INFO row_complete 200/2640 dataset=stochastic_block_model perturbation=edge_addition_deletion alpha=0.5 seed=0 workflow=diversity_curves_l2 status=success
2026-06-05 18:26:44,719 INFO row_complete 201/2640 dataset=stochastic_block_model perturbation=edge_addition_deletion alpha=0.6 seed=0 workflow=structural_statistics_mmd status=success
2026-06-05 18:26:44,721 INFO row_complete 202/2640 dataset=stochastic_block_model perturbation=edge_addition_deletion alpha=0.6 seed=0 workflow=wl_subtree_kernel_mmd status=success
2026-06-05 18:26:44,722 INFO row_complete 203/2640 dataset=stochastic_block_model perturbation=edge_addition_deletion alpha=0.6 seed=0 workflow=netlsd_spectral_signatures status=failed
2026-06-05 18:26:44,723 INFO row_complete 204/2640 dataset=stochastic_block_model perturbation=edge_addition_deletion alpha=0.6 seed=0 workflow=diversity_curves_l2 status=success
2026-06-05 18:26:50,592 INFO row_complete 205/2640 dataset=stochastic_block_model perturbation=edge_addition_deletion alpha=0.7 seed=0 workflow=structural_statistics_mmd status=success
2026-06-05 18:26:50,594 INFO row_complete 206/2640 dataset=stochastic_block_model perturbation=edge_addition_deletion alpha=0.7 seed=0 workflow=wl_subtree_kernel_mmd status=success
2026-06-05 18:26:50,595 INFO row_complete 207/2640 dataset=stochastic_block_model perturbation=edge_addition_deletion alpha=0.7 seed=0 workflow=netlsd_spectral_signatures status=failed
2026-06-05 18:26:50,597 INFO row_complete 208/2640 dataset=stochastic_block_model perturbation=edge_addition_deletion alpha=0.7 seed=0 workflow=diversity_curves_l2 status=success
2026-06-05 18:26:56,399 INFO row_complete 209/2640 dataset=stochastic_block_model perturbation=edge_addition_deletion alpha=0.8 seed=0 workflow=structural_statistics_mmd status=success
2026-06-05 18:26:56,400 INFO row_complete 210/2640 dataset=stochastic_block_model perturbation=edge_addition_deletion alpha=0.8 seed=0 workflow=wl_subtree_kernel_mmd status=success
2026-06-05 18:26:56,402 INFO row_complete 211/2640 dataset=stochastic_block_model perturbation=edge_addition_deletion alpha=0.8 seed=0 workflow=netlsd_spectral_signatures status=failed
2026-06-05 18:26:56,403 INFO row_complete 212/2640 dataset=stochastic_block_model perturbation=edge_addition_deletion alpha=0.8 seed=0 workflow=diversity_curves_l2 status=success
2026-06-05 18:27:02,305 INFO row_complete 213/2640 dataset=stochastic_block_model perturbation=edge_addition_deletion alpha=0.9 seed=0 workflow=structural_statistics_mmd status=success
2026-06-05 18:27:02,307 INFO row_complete 214/2640 dataset=stochastic_block_model perturbation=edge_addition_deletion alpha=0.9 seed=0 workflow=wl_subtree_kernel_mmd status=success
2026-06-05 18:27:02,308 INFO row_complete 215/2640 dataset=stochastic_block_model perturbation=edge_addition_deletion alpha=0.9 seed=0 workflow=netlsd_spectral_signatures status=failed
2026-06-05 18:27:02,310 INFO row_complete 216/2640 dataset=stochastic_block_model perturbation=edge_addition_deletion alpha=0.9 seed=0 workflow=diversity_curves_l2 status=success
2026-06-05 18:27:08,135 INFO row_complete 217/2640 dataset=stochastic_block_model perturbation=edge_addition_deletion alpha=1.0 seed=0 workflow=structural_statistics_mmd status=success
2026-06-05 18:27:08,137 INFO row_complete 218/2640 dataset=stochastic_block_model perturbation=edge_addition_deletion alpha=1.0 seed=0 workflow=wl_subtree_kernel_mmd status=success
2026-06-05 18:27:08,138 INFO row_complete 219/2640 dataset=stochastic_block_model perturbation=edge_addition_deletion alpha=1.0 seed=0 workflow=netlsd_spectral_signatures status=failed
2026-06-05 18:27:08,139 INFO row_complete 220/2640 dataset=stochastic_block_model perturbation=edge_addition_deletion alpha=1.0 seed=0 workflow=diversity_curves_l2 status=success
2026-06-05 18:27:13,772 INFO row_complete 221/2640 dataset=stochastic_block_model perturbation=triangle_injection_removal alpha=0.0 seed=0 workflow=structural_statistics_mmd status=success
2026-06-05 18:27:13,774 INFO row_complete 222/2640 dataset=stochastic_block_model perturbation=triangle_injection_removal alpha=0.0 seed=0 workflow=wl_subtree_kernel_mmd status=success
2026-06-05 18:27:13,775 INFO row_complete 223/2640 dataset=stochastic_block_model perturbation=triangle_injection_removal alpha=0.0 seed=0 workflow=netlsd_spectral_signatures status=failed
2026-06-05 18:27:13,776 INFO row_complete 224/2640 dataset=stochastic_block_model perturbation=triangle_injection_removal alpha=0.0 seed=0 workflow=diversity_curves_l2 status=success
2026-06-05 18:27:20,120 INFO row_complete 225/2640 dataset=stochastic_block_model perturbation=triangle_injection_removal alpha=0.1 seed=0 workflow=structural_statistics_mmd status=success
2026-06-05 18:27:20,122 INFO row_complete 226/2640 dataset=stochastic_block_model perturbation=triangle_injection_removal alpha=0.1 seed=0 workflow=wl_subtree_kernel_mmd status=success
2026-06-05 18:27:20,123 INFO row_complete 227/2640 dataset=stochastic_block_model perturbation=triangle_injection_removal alpha=0.1 seed=0 workflow=netlsd_spectral_signatures status=failed
2026-06-05 18:27:20,124 INFO row_complete 228/2640 dataset=stochastic_block_model perturbation=triangle_injection_removal alpha=0.1 seed=0 workflow=diversity_curves_l2 status=success
2026-06-05 18:27:26,468 INFO row_complete 229/2640 dataset=stochastic_block_model perturbation=triangle_injection_removal alpha=0.2 seed=0 workflow=structural_statistics_mmd status=success
2026-06-05 18:27:26,470 INFO row_complete 230/2640 dataset=stochastic_block_model perturbation=triangle_injection_removal alpha=0.2 seed=0 workflow=wl_subtree_kernel_mmd status=success
2026-06-05 18:27:26,471 INFO row_complete 231/2640 dataset=stochastic_block_model perturbation=triangle_injection_removal alpha=0.2 seed=0 workflow=netlsd_spectral_signatures status=failed
2026-06-05 18:27:26,472 INFO row_complete 232/2640 dataset=stochastic_block_model perturbation=triangle_injection_removal alpha=0.2 seed=0 workflow=diversity_curves_l2 status=success
2026-06-05 18:27:32,992 INFO row_complete 233/2640 dataset=stochastic_block_model perturbation=triangle_injection_removal alpha=0.3 seed=0 workflow=structural_statistics_mmd status=success
2026-06-05 18:27:32,994 INFO row_complete 234/2640 dataset=stochastic_block_model perturbation=triangle_injection_removal alpha=0.3 seed=0 workflow=wl_subtree_kernel_mmd status=success
2026-06-05 18:27:32,995 INFO row_complete 235/2640 dataset=stochastic_block_model perturbation=triangle_injection_removal alpha=0.3 seed=0 workflow=netlsd_spectral_signatures status=failed
2026-06-05 18:27:32,996 INFO row_complete 236/2640 dataset=stochastic_block_model perturbation=triangle_injection_removal alpha=0.3 seed=0 workflow=diversity_curves_l2 status=success
2026-06-05 18:27:39,417 INFO row_complete 237/2640 dataset=stochastic_block_model perturbation=triangle_injection_removal alpha=0.4 seed=0 workflow=structural_statistics_mmd status=success
2026-06-05 18:27:39,418 INFO row_complete 238/2640 dataset=stochastic_block_model perturbation=triangle_injection_removal alpha=0.4 seed=0 workflow=wl_subtree_kernel_mmd status=success
2026-06-05 18:27:39,419 INFO row_complete 239/2640 dataset=stochastic_block_model perturbation=triangle_injection_removal alpha=0.4 seed=0 workflow=netlsd_spectral_signatures status=failed
2026-06-05 18:27:39,420 INFO row_complete 240/2640 dataset=stochastic_block_model perturbation=triangle_injection_removal alpha=0.4 seed=0 workflow=diversity_curves_l2 status=success
2026-06-05 18:27:45,810 INFO row_complete 241/2640 dataset=stochastic_block_model perturbation=triangle_injection_removal alpha=0.5 seed=0 workflow=structural_statistics_mmd status=success
2026-06-05 18:27:45,812 INFO row_complete 242/2640 dataset=stochastic_block_model perturbation=triangle_injection_removal alpha=0.5 seed=0 workflow=wl_subtree_kernel_mmd status=success
2026-06-05 18:27:45,813 INFO row_complete 243/2640 dataset=stochastic_block_model perturbation=triangle_injection_removal alpha=0.5 seed=0 workflow=netlsd_spectral_signatures status=failed
2026-06-05 18:27:45,814 INFO row_complete 244/2640 dataset=stochastic_block_model perturbation=triangle_injection_removal alpha=0.5 seed=0 workflow=diversity_curves_l2 status=success
2026-06-05 18:27:52,298 INFO row_complete 245/2640 dataset=stochastic_block_model perturbation=triangle_injection_removal alpha=0.6 seed=0 workflow=structural_statistics_mmd status=success
2026-06-05 18:27:52,303 INFO row_complete 246/2640 dataset=stochastic_block_model perturbation=triangle_injection_removal alpha=0.6 seed=0 workflow=wl_subtree_kernel_mmd status=success
2026-06-05 18:27:52,305 INFO row_complete 247/2640 dataset=stochastic_block_model perturbation=triangle_injection_removal alpha=0.6 seed=0 workflow=netlsd_spectral_signatures status=failed
2026-06-05 18:27:52,308 INFO row_complete 248/2640 dataset=stochastic_block_model perturbation=triangle_injection_removal alpha=0.6 seed=0 workflow=diversity_curves_l2 status=success
2026-06-05 18:27:58,802 INFO row_complete 249/2640 dataset=stochastic_block_model perturbation=triangle_injection_removal alpha=0.7 seed=0 workflow=structural_statistics_mmd status=success
2026-06-05 18:27:58,803 INFO row_complete 250/2640 dataset=stochastic_block_model perturbation=triangle_injection_removal alpha=0.7 seed=0 workflow=wl_subtree_kernel_mmd status=success
2026-06-05 18:27:58,805 INFO row_complete 251/2640 dataset=stochastic_block_model perturbation=triangle_injection_removal alpha=0.7 seed=0 workflow=netlsd_spectral_signatures status=failed
2026-06-05 18:27:58,806 INFO row_complete 252/2640 dataset=stochastic_block_model perturbation=triangle_injection_removal alpha=0.7 seed=0 workflow=diversity_curves_l2 status=success
2026-06-05 18:28:05,315 INFO row_complete 253/2640 dataset=stochastic_block_model perturbation=triangle_injection_removal alpha=0.8 seed=0 workflow=structural_statistics_mmd status=success
2026-06-05 18:28:05,317 INFO row_complete 254/2640 dataset=stochastic_block_model perturbation=triangle_injection_removal alpha=0.8 seed=0 workflow=wl_subtree_kernel_mmd status=success
2026-06-05 18:28:05,318 INFO row_complete 255/2640 dataset=stochastic_block_model perturbation=triangle_injection_removal alpha=0.8 seed=0 workflow=netlsd_spectral_signatures status=failed
2026-06-05 18:28:05,319 INFO row_complete 256/2640 dataset=stochastic_block_model perturbation=triangle_injection_removal alpha=0.8 seed=0 workflow=diversity_curves_l2 status=success
2026-06-05 18:28:11,740 INFO row_complete 257/2640 dataset=stochastic_block_model perturbation=triangle_injection_removal alpha=0.9 seed=0 workflow=structural_statistics_mmd status=success
2026-06-05 18:28:11,741 INFO row_complete 258/2640 dataset=stochastic_block_model perturbation=triangle_injection_removal alpha=0.9 seed=0 workflow=wl_subtree_kernel_mmd status=success
2026-06-05 18:28:11,742 INFO row_complete 259/2640 dataset=stochastic_block_model perturbation=triangle_injection_removal alpha=0.9 seed=0 workflow=netlsd_spectral_signatures status=failed
2026-06-05 18:28:11,743 INFO row_complete 260/2640 dataset=stochastic_block_model perturbation=triangle_injection_removal alpha=0.9 seed=0 workflow=diversity_curves_l2 status=success
2026-06-05 18:28:18,138 INFO row_complete 261/2640 dataset=stochastic_block_model perturbation=triangle_injection_removal alpha=1.0 seed=0 workflow=structural_statistics_mmd status=success
2026-06-05 18:28:18,139 INFO row_complete 262/2640 dataset=stochastic_block_model perturbation=triangle_injection_removal alpha=1.0 seed=0 workflow=wl_subtree_kernel_mmd status=success
2026-06-05 18:28:18,141 INFO row_complete 263/2640 dataset=stochastic_block_model perturbation=triangle_injection_removal alpha=1.0 seed=0 workflow=netlsd_spectral_signatures status=failed
2026-06-05 18:28:18,142 INFO row_complete 264/2640 dataset=stochastic_block_model perturbation=triangle_injection_removal alpha=1.0 seed=0 workflow=diversity_curves_l2 status=success
2026-06-05 18:28:23,938 INFO row_complete 265/2640 dataset=stochastic_block_model perturbation=community_weakening alpha=0.0 seed=0 workflow=structural_statistics_mmd status=success
2026-06-05 18:28:23,943 INFO row_complete 266/2640 dataset=stochastic_block_model perturbation=community_weakening alpha=0.0 seed=0 workflow=wl_subtree_kernel_mmd status=success
2026-06-05 18:28:23,946 INFO row_complete 267/2640 dataset=stochastic_block_model perturbation=community_weakening alpha=0.0 seed=0 workflow=netlsd_spectral_signatures status=failed
2026-06-05 18:28:23,948 INFO row_complete 268/2640 dataset=stochastic_block_model perturbation=community_weakening alpha=0.0 seed=0 workflow=diversity_curves_l2 status=success
2026-06-05 18:28:29,798 INFO row_complete 269/2640 dataset=stochastic_block_model perturbation=community_weakening alpha=0.1 seed=0 workflow=structural_statistics_mmd status=success
2026-06-05 18:28:29,800 INFO row_complete 270/2640 dataset=stochastic_block_model perturbation=community_weakening alpha=0.1 seed=0 workflow=wl_subtree_kernel_mmd status=success
2026-06-05 18:28:29,801 INFO row_complete 271/2640 dataset=stochastic_block_model perturbation=community_weakening alpha=0.1 seed=0 workflow=netlsd_spectral_signatures status=failed
2026-06-05 18:28:29,802 INFO row_complete 272/2640 dataset=stochastic_block_model perturbation=community_weakening alpha=0.1 seed=0 workflow=diversity_curves_l2 status=success
2026-06-05 18:28:35,543 INFO row_complete 273/2640 dataset=stochastic_block_model perturbation=community_weakening alpha=0.2 seed=0 workflow=structural_statistics_mmd status=success
2026-06-05 18:28:35,545 INFO row_complete 274/2640 dataset=stochastic_block_model perturbation=community_weakening alpha=0.2 seed=0 workflow=wl_subtree_kernel_mmd status=success
2026-06-05 18:28:35,546 INFO row_complete 275/2640 dataset=stochastic_block_model perturbation=community_weakening alpha=0.2 seed=0 workflow=netlsd_spectral_signatures status=failed
2026-06-05 18:28:35,547 INFO row_complete 276/2640 dataset=stochastic_block_model perturbation=community_weakening alpha=0.2 seed=0 workflow=diversity_curves_l2 status=success
2026-06-05 18:28:41,397 INFO row_complete 277/2640 dataset=stochastic_block_model perturbation=community_weakening alpha=0.3 seed=0 workflow=structural_statistics_mmd status=success
2026-06-05 18:28:41,399 INFO row_complete 278/2640 dataset=stochastic_block_model perturbation=community_weakening alpha=0.3 seed=0 workflow=wl_subtree_kernel_mmd status=success
2026-06-05 18:28:41,401 INFO row_complete 279/2640 dataset=stochastic_block_model perturbation=community_weakening alpha=0.3 seed=0 workflow=netlsd_spectral_signatures status=failed
2026-06-05 18:28:41,402 INFO row_complete 280/2640 dataset=stochastic_block_model perturbation=community_weakening alpha=0.3 seed=0 workflow=diversity_curves_l2 status=success
2026-06-05 18:28:47,130 INFO row_complete 281/2640 dataset=stochastic_block_model perturbation=community_weakening alpha=0.4 seed=0 workflow=structural_statistics_mmd status=success
2026-06-05 18:28:47,131 INFO row_complete 282/2640 dataset=stochastic_block_model perturbation=community_weakening alpha=0.4 seed=0 workflow=wl_subtree_kernel_mmd status=success
2026-06-05 18:28:47,133 INFO row_complete 283/2640 dataset=stochastic_block_model perturbation=community_weakening alpha=0.4 seed=0 workflow=netlsd_spectral_signatures status=failed
2026-06-05 18:28:47,134 INFO row_complete 284/2640 dataset=stochastic_block_model perturbation=community_weakening alpha=0.4 seed=0 workflow=diversity_curves_l2 status=success
2026-06-05 18:28:52,764 INFO row_complete 285/2640 dataset=stochastic_block_model perturbation=community_weakening alpha=0.5 seed=0 workflow=structural_statistics_mmd status=success
2026-06-05 18:28:52,765 INFO row_complete 286/2640 dataset=stochastic_block_model perturbation=community_weakening alpha=0.5 seed=0 workflow=wl_subtree_kernel_mmd status=success
2026-06-05 18:28:52,766 INFO row_complete 287/2640 dataset=stochastic_block_model perturbation=community_weakening alpha=0.5 seed=0 workflow=netlsd_spectral_signatures status=failed
2026-06-05 18:28:52,767 INFO row_complete 288/2640 dataset=stochastic_block_model perturbation=community_weakening alpha=0.5 seed=0 workflow=diversity_curves_l2 status=success
2026-06-05 18:28:58,533 INFO row_complete 289/2640 dataset=stochastic_block_model perturbation=community_weakening alpha=0.6 seed=0 workflow=structural_statistics_mmd status=success
2026-06-05 18:28:58,535 INFO row_complete 290/2640 dataset=stochastic_block_model perturbation=community_weakening alpha=0.6 seed=0 workflow=wl_subtree_kernel_mmd status=success
2026-06-05 18:28:58,536 INFO row_complete 291/2640 dataset=stochastic_block_model perturbation=community_weakening alpha=0.6 seed=0 workflow=netlsd_spectral_signatures status=failed
2026-06-05 18:28:58,537 INFO row_complete 292/2640 dataset=stochastic_block_model perturbation=community_weakening alpha=0.6 seed=0 workflow=diversity_curves_l2 status=success
2026-06-05 18:29:04,162 INFO row_complete 293/2640 dataset=stochastic_block_model perturbation=community_weakening alpha=0.7 seed=0 workflow=structural_statistics_mmd status=success
2026-06-05 18:29:04,163 INFO row_complete 294/2640 dataset=stochastic_block_model perturbation=community_weakening alpha=0.7 seed=0 workflow=wl_subtree_kernel_mmd status=success
2026-06-05 18:29:04,164 INFO row_complete 295/2640 dataset=stochastic_block_model perturbation=community_weakening alpha=0.7 seed=0 workflow=netlsd_spectral_signatures status=failed
2026-06-05 18:29:04,166 INFO row_complete 296/2640 dataset=stochastic_block_model perturbation=community_weakening alpha=0.7 seed=0 workflow=diversity_curves_l2 status=success
2026-06-05 18:29:09,812 INFO row_complete 297/2640 dataset=stochastic_block_model perturbation=community_weakening alpha=0.8 seed=0 workflow=structural_statistics_mmd status=success
2026-06-05 18:29:09,813 INFO row_complete 298/2640 dataset=stochastic_block_model perturbation=community_weakening alpha=0.8 seed=0 workflow=wl_subtree_kernel_mmd status=success
2026-06-05 18:29:09,814 INFO row_complete 299/2640 dataset=stochastic_block_model perturbation=community_weakening alpha=0.8 seed=0 workflow=netlsd_spectral_signatures status=failed
2026-06-05 18:29:09,816 INFO row_complete 300/2640 dataset=stochastic_block_model perturbation=community_weakening alpha=0.8 seed=0 workflow=diversity_curves_l2 status=success
2026-06-05 18:29:15,394 INFO row_complete 301/2640 dataset=stochastic_block_model perturbation=community_weakening alpha=0.9 seed=0 workflow=structural_statistics_mmd status=success
2026-06-05 18:29:15,395 INFO row_complete 302/2640 dataset=stochastic_block_model perturbation=community_weakening alpha=0.9 seed=0 workflow=wl_subtree_kernel_mmd status=success
2026-06-05 18:29:15,396 INFO row_complete 303/2640 dataset=stochastic_block_model perturbation=community_weakening alpha=0.9 seed=0 workflow=netlsd_spectral_signatures status=failed
2026-06-05 18:29:15,398 INFO row_complete 304/2640 dataset=stochastic_block_model perturbation=community_weakening alpha=0.9 seed=0 workflow=diversity_curves_l2 status=success
2026-06-05 18:29:21,039 INFO row_complete 305/2640 dataset=stochastic_block_model perturbation=community_weakening alpha=1.0 seed=0 workflow=structural_statistics_mmd status=success
2026-06-05 18:29:21,040 INFO row_complete 306/2640 dataset=stochastic_block_model perturbation=community_weakening alpha=1.0 seed=0 workflow=wl_subtree_kernel_mmd status=success
2026-06-05 18:29:21,041 INFO row_complete 307/2640 dataset=stochastic_block_model perturbation=community_weakening alpha=1.0 seed=0 workflow=netlsd_spectral_signatures status=failed
2026-06-05 18:29:21,043 INFO row_complete 308/2640 dataset=stochastic_block_model perturbation=community_weakening alpha=1.0 seed=0 workflow=diversity_curves_l2 status=success
2026-06-05 18:29:26,554 INFO row_complete 309/2640 dataset=stochastic_block_model perturbation=hub_modification alpha=0.0 seed=0 workflow=structural_statistics_mmd status=success
2026-06-05 18:29:26,556 INFO row_complete 310/2640 dataset=stochastic_block_model perturbation=hub_modification alpha=0.0 seed=0 workflow=wl_subtree_kernel_mmd status=success
2026-06-05 18:29:26,557 INFO row_complete 311/2640 dataset=stochastic_block_model perturbation=hub_modification alpha=0.0 seed=0 workflow=netlsd_spectral_signatures status=failed
2026-06-05 18:29:26,557 INFO row_complete 312/2640 dataset=stochastic_block_model perturbation=hub_modification alpha=0.0 seed=0 workflow=diversity_curves_l2 status=success
2026-06-05 18:29:32,125 INFO row_complete 313/2640 dataset=stochastic_block_model perturbation=hub_modification alpha=0.1 seed=0 workflow=structural_statistics_mmd status=success
2026-06-05 18:29:32,126 INFO row_complete 314/2640 dataset=stochastic_block_model perturbation=hub_modification alpha=0.1 seed=0 workflow=wl_subtree_kernel_mmd status=success
2026-06-05 18:29:32,128 INFO row_complete 315/2640 dataset=stochastic_block_model perturbation=hub_modification alpha=0.1 seed=0 workflow=netlsd_spectral_signatures status=failed
2026-06-05 18:29:32,129 INFO row_complete 316/2640 dataset=stochastic_block_model perturbation=hub_modification alpha=0.1 seed=0 workflow=diversity_curves_l2 status=success
2026-06-05 18:29:37,815 INFO row_complete 317/2640 dataset=stochastic_block_model perturbation=hub_modification alpha=0.2 seed=0 workflow=structural_statistics_mmd status=success
2026-06-05 18:29:37,817 INFO row_complete 318/2640 dataset=stochastic_block_model perturbation=hub_modification alpha=0.2 seed=0 workflow=wl_subtree_kernel_mmd status=success
2026-06-05 18:29:37,818 INFO row_complete 319/2640 dataset=stochastic_block_model perturbation=hub_modification alpha=0.2 seed=0 workflow=netlsd_spectral_signatures status=failed
2026-06-05 18:29:37,819 INFO row_complete 320/2640 dataset=stochastic_block_model perturbation=hub_modification alpha=0.2 seed=0 workflow=diversity_curves_l2 status=success
2026-06-05 18:29:43,397 INFO row_complete 321/2640 dataset=stochastic_block_model perturbation=hub_modification alpha=0.3 seed=0 workflow=structural_statistics_mmd status=success
2026-06-05 18:29:43,399 INFO row_complete 322/2640 dataset=stochastic_block_model perturbation=hub_modification alpha=0.3 seed=0 workflow=wl_subtree_kernel_mmd status=success
2026-06-05 18:29:43,400 INFO row_complete 323/2640 dataset=stochastic_block_model perturbation=hub_modification alpha=0.3 seed=0 workflow=netlsd_spectral_signatures status=failed
2026-06-05 18:29:43,401 INFO row_complete 324/2640 dataset=stochastic_block_model perturbation=hub_modification alpha=0.3 seed=0 workflow=diversity_curves_l2 status=success
2026-06-05 18:29:48,966 INFO row_complete 325/2640 dataset=stochastic_block_model perturbation=hub_modification alpha=0.4 seed=0 workflow=structural_statistics_mmd status=success
2026-06-05 18:29:48,967 INFO row_complete 326/2640 dataset=stochastic_block_model perturbation=hub_modification alpha=0.4 seed=0 workflow=wl_subtree_kernel_mmd status=success
2026-06-05 18:29:48,968 INFO row_complete 327/2640 dataset=stochastic_block_model perturbation=hub_modification alpha=0.4 seed=0 workflow=netlsd_spectral_signatures status=failed
2026-06-05 18:29:48,970 INFO row_complete 328/2640 dataset=stochastic_block_model perturbation=hub_modification alpha=0.4 seed=0 workflow=diversity_curves_l2 status=success
2026-06-05 18:29:54,525 INFO row_complete 329/2640 dataset=stochastic_block_model perturbation=hub_modification alpha=0.5 seed=0 workflow=structural_statistics_mmd status=success
2026-06-05 18:29:54,526 INFO row_complete 330/2640 dataset=stochastic_block_model perturbation=hub_modification alpha=0.5 seed=0 workflow=wl_subtree_kernel_mmd status=success
2026-06-05 18:29:54,527 INFO row_complete 331/2640 dataset=stochastic_block_model perturbation=hub_modification alpha=0.5 seed=0 workflow=netlsd_spectral_signatures status=failed
2026-06-05 18:29:54,528 INFO row_complete 332/2640 dataset=stochastic_block_model perturbation=hub_modification alpha=0.5 seed=0 workflow=diversity_curves_l2 status=success
2026-06-05 18:30:00,306 INFO row_complete 333/2640 dataset=stochastic_block_model perturbation=hub_modification alpha=0.6 seed=0 workflow=structural_statistics_mmd status=success
2026-06-05 18:30:00,307 INFO row_complete 334/2640 dataset=stochastic_block_model perturbation=hub_modification alpha=0.6 seed=0 workflow=wl_subtree_kernel_mmd status=success
2026-06-05 18:30:00,309 INFO row_complete 335/2640 dataset=stochastic_block_model perturbation=hub_modification alpha=0.6 seed=0 workflow=netlsd_spectral_signatures status=failed
2026-06-05 18:30:00,310 INFO row_complete 336/2640 dataset=stochastic_block_model perturbation=hub_modification alpha=0.6 seed=0 workflow=diversity_curves_l2 status=success
2026-06-05 18:30:05,976 INFO row_complete 337/2640 dataset=stochastic_block_model perturbation=hub_modification alpha=0.7 seed=0 workflow=structural_statistics_mmd status=success
2026-06-05 18:30:05,977 INFO row_complete 338/2640 dataset=stochastic_block_model perturbation=hub_modification alpha=0.7 seed=0 workflow=wl_subtree_kernel_mmd status=success
2026-06-05 18:30:05,978 INFO row_complete 339/2640 dataset=stochastic_block_model perturbation=hub_modification alpha=0.7 seed=0 workflow=netlsd_spectral_signatures status=failed
2026-06-05 18:30:05,980 INFO row_complete 340/2640 dataset=stochastic_block_model perturbation=hub_modification alpha=0.7 seed=0 workflow=diversity_curves_l2 status=success
2026-06-05 18:30:11,591 INFO row_complete 341/2640 dataset=stochastic_block_model perturbation=hub_modification alpha=0.8 seed=0 workflow=structural_statistics_mmd status=success
2026-06-05 18:30:11,593 INFO row_complete 342/2640 dataset=stochastic_block_model perturbation=hub_modification alpha=0.8 seed=0 workflow=wl_subtree_kernel_mmd status=success
2026-06-05 18:30:11,594 INFO row_complete 343/2640 dataset=stochastic_block_model perturbation=hub_modification alpha=0.8 seed=0 workflow=netlsd_spectral_signatures status=failed
2026-06-05 18:30:11,595 INFO row_complete 344/2640 dataset=stochastic_block_model perturbation=hub_modification alpha=0.8 seed=0 workflow=diversity_curves_l2 status=success
2026-06-05 18:30:17,313 INFO row_complete 345/2640 dataset=stochastic_block_model perturbation=hub_modification alpha=0.9 seed=0 workflow=structural_statistics_mmd status=success
2026-06-05 18:30:17,314 INFO row_complete 346/2640 dataset=stochastic_block_model perturbation=hub_modification alpha=0.9 seed=0 workflow=wl_subtree_kernel_mmd status=success
2026-06-05 18:30:17,316 INFO row_complete 347/2640 dataset=stochastic_block_model perturbation=hub_modification alpha=0.9 seed=0 workflow=netlsd_spectral_signatures status=failed
2026-06-05 18:30:17,317 INFO row_complete 348/2640 dataset=stochastic_block_model perturbation=hub_modification alpha=0.9 seed=0 workflow=diversity_curves_l2 status=success
2026-06-05 18:30:22,995 INFO row_complete 349/2640 dataset=stochastic_block_model perturbation=hub_modification alpha=1.0 seed=0 workflow=structural_statistics_mmd status=success
2026-06-05 18:30:22,997 INFO row_complete 350/2640 dataset=stochastic_block_model perturbation=hub_modification alpha=1.0 seed=0 workflow=wl_subtree_kernel_mmd status=success
2026-06-05 18:30:22,998 INFO row_complete 351/2640 dataset=stochastic_block_model perturbation=hub_modification alpha=1.0 seed=0 workflow=netlsd_spectral_signatures status=failed
2026-06-05 18:30:23,000 INFO row_complete 352/2640 dataset=stochastic_block_model perturbation=hub_modification alpha=1.0 seed=0 workflow=diversity_curves_l2 status=success
2026-06-05 18:30:28,700 INFO row_complete 353/2640 dataset=barabasi_albert perturbation=edge_addition_deletion alpha=0.0 seed=0 workflow=structural_statistics_mmd status=success
2026-06-05 18:30:28,701 INFO row_complete 354/2640 dataset=barabasi_albert perturbation=edge_addition_deletion alpha=0.0 seed=0 workflow=wl_subtree_kernel_mmd status=success
2026-06-05 18:30:28,702 INFO row_complete 355/2640 dataset=barabasi_albert perturbation=edge_addition_deletion alpha=0.0 seed=0 workflow=netlsd_spectral_signatures status=failed
2026-06-05 18:30:28,703 INFO row_complete 356/2640 dataset=barabasi_albert perturbation=edge_addition_deletion alpha=0.0 seed=0 workflow=diversity_curves_l2 status=success
2026-06-05 18:30:34,363 INFO row_complete 357/2640 dataset=barabasi_albert perturbation=edge_addition_deletion alpha=0.1 seed=0 workflow=structural_statistics_mmd status=success
2026-06-05 18:30:34,364 INFO row_complete 358/2640 dataset=barabasi_albert perturbation=edge_addition_deletion alpha=0.1 seed=0 workflow=wl_subtree_kernel_mmd status=success
2026-06-05 18:30:34,365 INFO row_complete 359/2640 dataset=barabasi_albert perturbation=edge_addition_deletion alpha=0.1 seed=0 workflow=netlsd_spectral_signatures status=failed
2026-06-05 18:30:34,366 INFO row_complete 360/2640 dataset=barabasi_albert perturbation=edge_addition_deletion alpha=0.1 seed=0 workflow=diversity_curves_l2 status=success
2026-06-05 18:30:40,041 INFO row_complete 361/2640 dataset=barabasi_albert perturbation=edge_addition_deletion alpha=0.2 seed=0 workflow=structural_statistics_mmd status=success
2026-06-05 18:30:40,042 INFO row_complete 362/2640 dataset=barabasi_albert perturbation=edge_addition_deletion alpha=0.2 seed=0 workflow=wl_subtree_kernel_mmd status=success
2026-06-05 18:30:40,043 INFO row_complete 363/2640 dataset=barabasi_albert perturbation=edge_addition_deletion alpha=0.2 seed=0 workflow=netlsd_spectral_signatures status=failed
2026-06-05 18:30:40,045 INFO row_complete 364/2640 dataset=barabasi_albert perturbation=edge_addition_deletion alpha=0.2 seed=0 workflow=diversity_curves_l2 status=success
2026-06-05 18:30:45,502 INFO row_complete 365/2640 dataset=barabasi_albert perturbation=edge_addition_deletion alpha=0.3 seed=0 workflow=structural_statistics_mmd status=success
2026-06-05 18:30:45,503 INFO row_complete 366/2640 dataset=barabasi_albert perturbation=edge_addition_deletion alpha=0.3 seed=0 workflow=wl_subtree_kernel_mmd status=success
2026-06-05 18:30:45,504 INFO row_complete 367/2640 dataset=barabasi_albert perturbation=edge_addition_deletion alpha=0.3 seed=0 workflow=netlsd_spectral_signatures status=failed
2026-06-05 18:30:45,506 INFO row_complete 368/2640 dataset=barabasi_albert perturbation=edge_addition_deletion alpha=0.3 seed=0 workflow=diversity_curves_l2 status=success
2026-06-05 18:30:51,053 INFO row_complete 369/2640 dataset=barabasi_albert perturbation=edge_addition_deletion alpha=0.4 seed=0 workflow=structural_statistics_mmd status=success
2026-06-05 18:30:51,054 INFO row_complete 370/2640 dataset=barabasi_albert perturbation=edge_addition_deletion alpha=0.4 seed=0 workflow=wl_subtree_kernel_mmd status=success
2026-06-05 18:30:51,055 INFO row_complete 371/2640 dataset=barabasi_albert perturbation=edge_addition_deletion alpha=0.4 seed=0 workflow=netlsd_spectral_signatures status=failed
2026-06-05 18:30:51,057 INFO row_complete 372/2640 dataset=barabasi_albert perturbation=edge_addition_deletion alpha=0.4 seed=0 workflow=diversity_curves_l2 status=success
2026-06-05 18:30:56,560 INFO row_complete 373/2640 dataset=barabasi_albert perturbation=edge_addition_deletion alpha=0.5 seed=0 workflow=structural_statistics_mmd status=success
2026-06-05 18:30:56,561 INFO row_complete 374/2640 dataset=barabasi_albert perturbation=edge_addition_deletion alpha=0.5 seed=0 workflow=wl_subtree_kernel_mmd status=success
2026-06-05 18:30:56,562 INFO row_complete 375/2640 dataset=barabasi_albert perturbation=edge_addition_deletion alpha=0.5 seed=0 workflow=netlsd_spectral_signatures status=failed
2026-06-05 18:30:56,563 INFO row_complete 376/2640 dataset=barabasi_albert perturbation=edge_addition_deletion alpha=0.5 seed=0 workflow=diversity_curves_l2 status=success
2026-06-05 18:31:02,197 INFO row_complete 377/2640 dataset=barabasi_albert perturbation=edge_addition_deletion alpha=0.6 seed=0 workflow=structural_statistics_mmd status=success
2026-06-05 18:31:02,199 INFO row_complete 378/2640 dataset=barabasi_albert perturbation=edge_addition_deletion alpha=0.6 seed=0 workflow=wl_subtree_kernel_mmd status=success
2026-06-05 18:31:02,200 INFO row_complete 379/2640 dataset=barabasi_albert perturbation=edge_addition_deletion alpha=0.6 seed=0 workflow=netlsd_spectral_signatures status=failed
2026-06-05 18:31:02,201 INFO row_complete 380/2640 dataset=barabasi_albert perturbation=edge_addition_deletion alpha=0.6 seed=0 workflow=diversity_curves_l2 status=success
2026-06-05 18:31:07,851 INFO row_complete 381/2640 dataset=barabasi_albert perturbation=edge_addition_deletion alpha=0.7 seed=0 workflow=structural_statistics_mmd status=success
2026-06-05 18:31:07,853 INFO row_complete 382/2640 dataset=barabasi_albert perturbation=edge_addition_deletion alpha=0.7 seed=0 workflow=wl_subtree_kernel_mmd status=success
2026-06-05 18:31:07,854 INFO row_complete 383/2640 dataset=barabasi_albert perturbation=edge_addition_deletion alpha=0.7 seed=0 workflow=netlsd_spectral_signatures status=failed
2026-06-05 18:31:07,855 INFO row_complete 384/2640 dataset=barabasi_albert perturbation=edge_addition_deletion alpha=0.7 seed=0 workflow=diversity_curves_l2 status=success
2026-06-05 18:31:13,356 INFO row_complete 385/2640 dataset=barabasi_albert perturbation=edge_addition_deletion alpha=0.8 seed=0 workflow=structural_statistics_mmd status=success
2026-06-05 18:31:13,357 INFO row_complete 386/2640 dataset=barabasi_albert perturbation=edge_addition_deletion alpha=0.8 seed=0 workflow=wl_subtree_kernel_mmd status=success
2026-06-05 18:31:13,358 INFO row_complete 387/2640 dataset=barabasi_albert perturbation=edge_addition_deletion alpha=0.8 seed=0 workflow=netlsd_spectral_signatures status=failed
2026-06-05 18:31:13,359 INFO row_complete 388/2640 dataset=barabasi_albert perturbation=edge_addition_deletion alpha=0.8 seed=0 workflow=diversity_curves_l2 status=success
2026-06-05 18:31:18,914 INFO row_complete 389/2640 dataset=barabasi_albert perturbation=edge_addition_deletion alpha=0.9 seed=0 workflow=structural_statistics_mmd status=success
2026-06-05 18:31:18,915 INFO row_complete 390/2640 dataset=barabasi_albert perturbation=edge_addition_deletion alpha=0.9 seed=0 workflow=wl_subtree_kernel_mmd status=success
2026-06-05 18:31:18,916 INFO row_complete 391/2640 dataset=barabasi_albert perturbation=edge_addition_deletion alpha=0.9 seed=0 workflow=netlsd_spectral_signatures status=failed
2026-06-05 18:31:18,918 INFO row_complete 392/2640 dataset=barabasi_albert perturbation=edge_addition_deletion alpha=0.9 seed=0 workflow=diversity_curves_l2 status=success
2026-06-05 18:31:24,530 INFO row_complete 393/2640 dataset=barabasi_albert perturbation=edge_addition_deletion alpha=1.0 seed=0 workflow=structural_statistics_mmd status=success
2026-06-05 18:31:24,531 INFO row_complete 394/2640 dataset=barabasi_albert perturbation=edge_addition_deletion alpha=1.0 seed=0 workflow=wl_subtree_kernel_mmd status=success
2026-06-05 18:31:24,533 INFO row_complete 395/2640 dataset=barabasi_albert perturbation=edge_addition_deletion alpha=1.0 seed=0 workflow=netlsd_spectral_signatures status=failed
2026-06-05 18:31:24,534 INFO row_complete 396/2640 dataset=barabasi_albert perturbation=edge_addition_deletion alpha=1.0 seed=0 workflow=diversity_curves_l2 status=success
2026-06-05 18:31:30,336 INFO row_complete 397/2640 dataset=barabasi_albert perturbation=triangle_injection_removal alpha=0.0 seed=0 workflow=structural_statistics_mmd status=success
2026-06-05 18:31:30,338 INFO row_complete 398/2640 dataset=barabasi_albert perturbation=triangle_injection_removal alpha=0.0 seed=0 workflow=wl_subtree_kernel_mmd status=success
2026-06-05 18:31:30,339 INFO row_complete 399/2640 dataset=barabasi_albert perturbation=triangle_injection_removal alpha=0.0 seed=0 workflow=netlsd_spectral_signatures status=failed
2026-06-05 18:31:30,340 INFO row_complete 400/2640 dataset=barabasi_albert perturbation=triangle_injection_removal alpha=0.0 seed=0 workflow=diversity_curves_l2 status=success
2026-06-05 18:31:36,643 INFO row_complete 401/2640 dataset=barabasi_albert perturbation=triangle_injection_removal alpha=0.1 seed=0 workflow=structural_statistics_mmd status=success
2026-06-05 18:31:36,645 INFO row_complete 402/2640 dataset=barabasi_albert perturbation=triangle_injection_removal alpha=0.1 seed=0 workflow=wl_subtree_kernel_mmd status=success
2026-06-05 18:31:36,646 INFO row_complete 403/2640 dataset=barabasi_albert perturbation=triangle_injection_removal alpha=0.1 seed=0 workflow=netlsd_spectral_signatures status=failed
2026-06-05 18:31:36,647 INFO row_complete 404/2640 dataset=barabasi_albert perturbation=triangle_injection_removal alpha=0.1 seed=0 workflow=diversity_curves_l2 status=success
2026-06-05 18:31:42,916 INFO row_complete 405/2640 dataset=barabasi_albert perturbation=triangle_injection_removal alpha=0.2 seed=0 workflow=structural_statistics_mmd status=success
2026-06-05 18:31:42,919 INFO row_complete 406/2640 dataset=barabasi_albert perturbation=triangle_injection_removal alpha=0.2 seed=0 workflow=wl_subtree_kernel_mmd status=success
2026-06-05 18:31:42,920 INFO row_complete 407/2640 dataset=barabasi_albert perturbation=triangle_injection_removal alpha=0.2 seed=0 workflow=netlsd_spectral_signatures status=failed
2026-06-05 18:31:42,921 INFO row_complete 408/2640 dataset=barabasi_albert perturbation=triangle_injection_removal alpha=0.2 seed=0 workflow=diversity_curves_l2 status=success
2026-06-05 18:31:49,144 INFO row_complete 409/2640 dataset=barabasi_albert perturbation=triangle_injection_removal alpha=0.3 seed=0 workflow=structural_statistics_mmd status=success
2026-06-05 18:31:49,146 INFO row_complete 410/2640 dataset=barabasi_albert perturbation=triangle_injection_removal alpha=0.3 seed=0 workflow=wl_subtree_kernel_mmd status=success
2026-06-05 18:31:49,147 INFO row_complete 411/2640 dataset=barabasi_albert perturbation=triangle_injection_removal alpha=0.3 seed=0 workflow=netlsd_spectral_signatures status=failed
2026-06-05 18:31:49,148 INFO row_complete 412/2640 dataset=barabasi_albert perturbation=triangle_injection_removal alpha=0.3 seed=0 workflow=diversity_curves_l2 status=success
2026-06-05 18:31:55,363 INFO row_complete 413/2640 dataset=barabasi_albert perturbation=triangle_injection_removal alpha=0.4 seed=0 workflow=structural_statistics_mmd status=success
2026-06-05 18:31:55,364 INFO row_complete 414/2640 dataset=barabasi_albert perturbation=triangle_injection_removal alpha=0.4 seed=0 workflow=wl_subtree_kernel_mmd status=success
2026-06-05 18:31:55,365 INFO row_complete 415/2640 dataset=barabasi_albert perturbation=triangle_injection_removal alpha=0.4 seed=0 workflow=netlsd_spectral_signatures status=failed
2026-06-05 18:31:55,366 INFO row_complete 416/2640 dataset=barabasi_albert perturbation=triangle_injection_removal alpha=0.4 seed=0 workflow=diversity_curves_l2 status=success
2026-06-05 18:32:01,667 INFO row_complete 417/2640 dataset=barabasi_albert perturbation=triangle_injection_removal alpha=0.5 seed=0 workflow=structural_statistics_mmd status=success
2026-06-05 18:32:01,668 INFO row_complete 418/2640 dataset=barabasi_albert perturbation=triangle_injection_removal alpha=0.5 seed=0 workflow=wl_subtree_kernel_mmd status=success
2026-06-05 18:32:01,670 INFO row_complete 419/2640 dataset=barabasi_albert perturbation=triangle_injection_removal alpha=0.5 seed=0 workflow=netlsd_spectral_signatures status=failed
2026-06-05 18:32:01,671 INFO row_complete 420/2640 dataset=barabasi_albert perturbation=triangle_injection_removal alpha=0.5 seed=0 workflow=diversity_curves_l2 status=success
2026-06-05 18:32:07,960 INFO row_complete 421/2640 dataset=barabasi_albert perturbation=triangle_injection_removal alpha=0.6 seed=0 workflow=structural_statistics_mmd status=success
2026-06-05 18:32:07,962 INFO row_complete 422/2640 dataset=barabasi_albert perturbation=triangle_injection_removal alpha=0.6 seed=0 workflow=wl_subtree_kernel_mmd status=success
2026-06-05 18:32:07,963 INFO row_complete 423/2640 dataset=barabasi_albert perturbation=triangle_injection_removal alpha=0.6 seed=0 workflow=netlsd_spectral_signatures status=failed
2026-06-05 18:32:07,965 INFO row_complete 424/2640 dataset=barabasi_albert perturbation=triangle_injection_removal alpha=0.6 seed=0 workflow=diversity_curves_l2 status=success
2026-06-05 18:32:14,115 INFO row_complete 425/2640 dataset=barabasi_albert perturbation=triangle_injection_removal alpha=0.7 seed=0 workflow=structural_statistics_mmd status=success
2026-06-05 18:32:14,117 INFO row_complete 426/2640 dataset=barabasi_albert perturbation=triangle_injection_removal alpha=0.7 seed=0 workflow=wl_subtree_kernel_mmd status=success
2026-06-05 18:32:14,118 INFO row_complete 427/2640 dataset=barabasi_albert perturbation=triangle_injection_removal alpha=0.7 seed=0 workflow=netlsd_spectral_signatures status=failed
2026-06-05 18:32:14,119 INFO row_complete 428/2640 dataset=barabasi_albert perturbation=triangle_injection_removal alpha=0.7 seed=0 workflow=diversity_curves_l2 status=success
2026-06-05 18:32:20,513 INFO row_complete 429/2640 dataset=barabasi_albert perturbation=triangle_injection_removal alpha=0.8 seed=0 workflow=structural_statistics_mmd status=success
2026-06-05 18:32:20,514 INFO row_complete 430/2640 dataset=barabasi_albert perturbation=triangle_injection_removal alpha=0.8 seed=0 workflow=wl_subtree_kernel_mmd status=success
2026-06-05 18:32:20,515 INFO row_complete 431/2640 dataset=barabasi_albert perturbation=triangle_injection_removal alpha=0.8 seed=0 workflow=netlsd_spectral_signatures status=failed
2026-06-05 18:32:20,516 INFO row_complete 432/2640 dataset=barabasi_albert perturbation=triangle_injection_removal alpha=0.8 seed=0 workflow=diversity_curves_l2 status=success
2026-06-05 18:32:26,782 INFO row_complete 433/2640 dataset=barabasi_albert perturbation=triangle_injection_removal alpha=0.9 seed=0 workflow=structural_statistics_mmd status=success
2026-06-05 18:32:26,783 INFO row_complete 434/2640 dataset=barabasi_albert perturbation=triangle_injection_removal alpha=0.9 seed=0 workflow=wl_subtree_kernel_mmd status=success
2026-06-05 18:32:26,784 INFO row_complete 435/2640 dataset=barabasi_albert perturbation=triangle_injection_removal alpha=0.9 seed=0 workflow=netlsd_spectral_signatures status=failed
2026-06-05 18:32:26,785 INFO row_complete 436/2640 dataset=barabasi_albert perturbation=triangle_injection_removal alpha=0.9 seed=0 workflow=diversity_curves_l2 status=success
2026-06-05 18:32:33,005 INFO row_complete 437/2640 dataset=barabasi_albert perturbation=triangle_injection_removal alpha=1.0 seed=0 workflow=structural_statistics_mmd status=success
2026-06-05 18:32:33,009 INFO row_complete 438/2640 dataset=barabasi_albert perturbation=triangle_injection_removal alpha=1.0 seed=0 workflow=wl_subtree_kernel_mmd status=success
2026-06-05 18:32:33,011 INFO row_complete 439/2640 dataset=barabasi_albert perturbation=triangle_injection_removal alpha=1.0 seed=0 workflow=netlsd_spectral_signatures status=failed
2026-06-05 18:32:33,014 INFO row_complete 440/2640 dataset=barabasi_albert perturbation=triangle_injection_removal alpha=1.0 seed=0 workflow=diversity_curves_l2 status=success
2026-06-05 18:32:33,110 INFO row_complete 441/2640 dataset=barabasi_albert perturbation=community_weakening alpha=0.0 seed=0 workflow=structural_statistics_mmd status=skipped
2026-06-05 18:32:33,111 INFO row_complete 442/2640 dataset=barabasi_albert perturbation=community_weakening alpha=0.0 seed=0 workflow=wl_subtree_kernel_mmd status=skipped
2026-06-05 18:32:33,112 INFO row_complete 443/2640 dataset=barabasi_albert perturbation=community_weakening alpha=0.0 seed=0 workflow=netlsd_spectral_signatures status=skipped
2026-06-05 18:32:33,114 INFO row_complete 444/2640 dataset=barabasi_albert perturbation=community_weakening alpha=0.0 seed=0 workflow=diversity_curves_l2 status=skipped
2026-06-05 18:32:33,139 INFO row_complete 445/2640 dataset=barabasi_albert perturbation=community_weakening alpha=0.1 seed=0 workflow=structural_statistics_mmd status=skipped
2026-06-05 18:32:33,141 INFO row_complete 446/2640 dataset=barabasi_albert perturbation=community_weakening alpha=0.1 seed=0 workflow=wl_subtree_kernel_mmd status=skipped
2026-06-05 18:32:33,143 INFO row_complete 447/2640 dataset=barabasi_albert perturbation=community_weakening alpha=0.1 seed=0 workflow=netlsd_spectral_signatures status=skipped
2026-06-05 18:32:33,144 INFO row_complete 448/2640 dataset=barabasi_albert perturbation=community_weakening alpha=0.1 seed=0 workflow=diversity_curves_l2 status=skipped
2026-06-05 18:32:33,171 INFO row_complete 449/2640 dataset=barabasi_albert perturbation=community_weakening alpha=0.2 seed=0 workflow=structural_statistics_mmd status=skipped
2026-06-05 18:32:33,173 INFO row_complete 450/2640 dataset=barabasi_albert perturbation=community_weakening alpha=0.2 seed=0 workflow=wl_subtree_kernel_mmd status=skipped
2026-06-05 18:32:33,174 INFO row_complete 451/2640 dataset=barabasi_albert perturbation=community_weakening alpha=0.2 seed=0 workflow=netlsd_spectral_signatures status=skipped
2026-06-05 18:32:33,175 INFO row_complete 452/2640 dataset=barabasi_albert perturbation=community_weakening alpha=0.2 seed=0 workflow=diversity_curves_l2 status=skipped
2026-06-05 18:32:33,202 INFO row_complete 453/2640 dataset=barabasi_albert perturbation=community_weakening alpha=0.3 seed=0 workflow=structural_statistics_mmd status=skipped
2026-06-05 18:32:33,204 INFO row_complete 454/2640 dataset=barabasi_albert perturbation=community_weakening alpha=0.3 seed=0 workflow=wl_subtree_kernel_mmd status=skipped
2026-06-05 18:32:33,207 INFO row_complete 455/2640 dataset=barabasi_albert perturbation=community_weakening alpha=0.3 seed=0 workflow=netlsd_spectral_signatures status=skipped
2026-06-05 18:32:33,211 INFO row_complete 456/2640 dataset=barabasi_albert perturbation=community_weakening alpha=0.3 seed=0 workflow=diversity_curves_l2 status=skipped
2026-06-05 18:32:33,239 INFO row_complete 457/2640 dataset=barabasi_albert perturbation=community_weakening alpha=0.4 seed=0 workflow=structural_statistics_mmd status=skipped
2026-06-05 18:32:33,241 INFO row_complete 458/2640 dataset=barabasi_albert perturbation=community_weakening alpha=0.4 seed=0 workflow=wl_subtree_kernel_mmd status=skipped
2026-06-05 18:32:33,242 INFO row_complete 459/2640 dataset=barabasi_albert perturbation=community_weakening alpha=0.4 seed=0 workflow=netlsd_spectral_signatures status=skipped
2026-06-05 18:32:33,243 INFO row_complete 460/2640 dataset=barabasi_albert perturbation=community_weakening alpha=0.4 seed=0 workflow=diversity_curves_l2 status=skipped
2026-06-05 18:32:33,268 INFO row_complete 461/2640 dataset=barabasi_albert perturbation=community_weakening alpha=0.5 seed=0 workflow=structural_statistics_mmd status=skipped
2026-06-05 18:32:33,270 INFO row_complete 462/2640 dataset=barabasi_albert perturbation=community_weakening alpha=0.5 seed=0 workflow=wl_subtree_kernel_mmd status=skipped
2026-06-05 18:32:33,271 INFO row_complete 463/2640 dataset=barabasi_albert perturbation=community_weakening alpha=0.5 seed=0 workflow=netlsd_spectral_signatures status=skipped
2026-06-05 18:32:33,272 INFO row_complete 464/2640 dataset=barabasi_albert perturbation=community_weakening alpha=0.5 seed=0 workflow=diversity_curves_l2 status=skipped
2026-06-05 18:32:33,298 INFO row_complete 465/2640 dataset=barabasi_albert perturbation=community_weakening alpha=0.6 seed=0 workflow=structural_statistics_mmd status=skipped
2026-06-05 18:32:33,300 INFO row_complete 466/2640 dataset=barabasi_albert perturbation=community_weakening alpha=0.6 seed=0 workflow=wl_subtree_kernel_mmd status=skipped
2026-06-05 18:32:33,301 INFO row_complete 467/2640 dataset=barabasi_albert perturbation=community_weakening alpha=0.6 seed=0 workflow=netlsd_spectral_signatures status=skipped
2026-06-05 18:32:33,302 INFO row_complete 468/2640 dataset=barabasi_albert perturbation=community_weakening alpha=0.6 seed=0 workflow=diversity_curves_l2 status=skipped
2026-06-05 18:32:33,329 INFO row_complete 469/2640 dataset=barabasi_albert perturbation=community_weakening alpha=0.7 seed=0 workflow=structural_statistics_mmd status=skipped
2026-06-05 18:32:33,330 INFO row_complete 470/2640 dataset=barabasi_albert perturbation=community_weakening alpha=0.7 seed=0 workflow=wl_subtree_kernel_mmd status=skipped
2026-06-05 18:32:33,331 INFO row_complete 471/2640 dataset=barabasi_albert perturbation=community_weakening alpha=0.7 seed=0 workflow=netlsd_spectral_signatures status=skipped
2026-06-05 18:32:33,333 INFO row_complete 472/2640 dataset=barabasi_albert perturbation=community_weakening alpha=0.7 seed=0 workflow=diversity_curves_l2 status=skipped
2026-06-05 18:32:33,438 INFO row_complete 473/2640 dataset=barabasi_albert perturbation=community_weakening alpha=0.8 seed=0 workflow=structural_statistics_mmd status=skipped
2026-06-05 18:32:33,439 INFO row_complete 474/2640 dataset=barabasi_albert perturbation=community_weakening alpha=0.8 seed=0 workflow=wl_subtree_kernel_mmd status=skipped
2026-06-05 18:32:33,441 INFO row_complete 475/2640 dataset=barabasi_albert perturbation=community_weakening alpha=0.8 seed=0 workflow=netlsd_spectral_signatures status=skipped
2026-06-05 18:32:33,442 INFO row_complete 476/2640 dataset=barabasi_albert perturbation=community_weakening alpha=0.8 seed=0 workflow=diversity_curves_l2 status=skipped
2026-06-05 18:32:33,467 INFO row_complete 477/2640 dataset=barabasi_albert perturbation=community_weakening alpha=0.9 seed=0 workflow=structural_statistics_mmd status=skipped
2026-06-05 18:32:33,468 INFO row_complete 478/2640 dataset=barabasi_albert perturbation=community_weakening alpha=0.9 seed=0 workflow=wl_subtree_kernel_mmd status=skipped
2026-06-05 18:32:33,470 INFO row_complete 479/2640 dataset=barabasi_albert perturbation=community_weakening alpha=0.9 seed=0 workflow=netlsd_spectral_signatures status=skipped
2026-06-05 18:32:33,471 INFO row_complete 480/2640 dataset=barabasi_albert perturbation=community_weakening alpha=0.9 seed=0 workflow=diversity_curves_l2 status=skipped
2026-06-05 18:32:33,497 INFO row_complete 481/2640 dataset=barabasi_albert perturbation=community_weakening alpha=1.0 seed=0 workflow=structural_statistics_mmd status=skipped
2026-06-05 18:32:33,498 INFO row_complete 482/2640 dataset=barabasi_albert perturbation=community_weakening alpha=1.0 seed=0 workflow=wl_subtree_kernel_mmd status=skipped
2026-06-05 18:32:33,499 INFO row_complete 483/2640 dataset=barabasi_albert perturbation=community_weakening alpha=1.0 seed=0 workflow=netlsd_spectral_signatures status=skipped
2026-06-05 18:32:33,501 INFO row_complete 484/2640 dataset=barabasi_albert perturbation=community_weakening alpha=1.0 seed=0 workflow=diversity_curves_l2 status=skipped
2026-06-05 18:32:39,198 INFO row_complete 485/2640 dataset=barabasi_albert perturbation=hub_modification alpha=0.0 seed=0 workflow=structural_statistics_mmd status=success
2026-06-05 18:32:39,201 INFO row_complete 486/2640 dataset=barabasi_albert perturbation=hub_modification alpha=0.0 seed=0 workflow=wl_subtree_kernel_mmd status=success
2026-06-05 18:32:39,202 INFO row_complete 487/2640 dataset=barabasi_albert perturbation=hub_modification alpha=0.0 seed=0 workflow=netlsd_spectral_signatures status=failed
2026-06-05 18:32:39,204 INFO row_complete 488/2640 dataset=barabasi_albert perturbation=hub_modification alpha=0.0 seed=0 workflow=diversity_curves_l2 status=success
2026-06-05 18:32:44,893 INFO row_complete 489/2640 dataset=barabasi_albert perturbation=hub_modification alpha=0.1 seed=0 workflow=structural_statistics_mmd status=success
2026-06-05 18:32:44,894 INFO row_complete 490/2640 dataset=barabasi_albert perturbation=hub_modification alpha=0.1 seed=0 workflow=wl_subtree_kernel_mmd status=success
2026-06-05 18:32:44,895 INFO row_complete 491/2640 dataset=barabasi_albert perturbation=hub_modification alpha=0.1 seed=0 workflow=netlsd_spectral_signatures status=failed
2026-06-05 18:32:44,896 INFO row_complete 492/2640 dataset=barabasi_albert perturbation=hub_modification alpha=0.1 seed=0 workflow=diversity_curves_l2 status=success
2026-06-05 18:32:50,595 INFO row_complete 493/2640 dataset=barabasi_albert perturbation=hub_modification alpha=0.2 seed=0 workflow=structural_statistics_mmd status=success
2026-06-05 18:32:50,597 INFO row_complete 494/2640 dataset=barabasi_albert perturbation=hub_modification alpha=0.2 seed=0 workflow=wl_subtree_kernel_mmd status=success
2026-06-05 18:32:50,598 INFO row_complete 495/2640 dataset=barabasi_albert perturbation=hub_modification alpha=0.2 seed=0 workflow=netlsd_spectral_signatures status=failed
2026-06-05 18:32:50,599 INFO row_complete 496/2640 dataset=barabasi_albert perturbation=hub_modification alpha=0.2 seed=0 workflow=diversity_curves_l2 status=success
2026-06-05 18:32:56,160 INFO row_complete 497/2640 dataset=barabasi_albert perturbation=hub_modification alpha=0.3 seed=0 workflow=structural_statistics_mmd status=success
2026-06-05 18:32:56,162 INFO row_complete 498/2640 dataset=barabasi_albert perturbation=hub_modification alpha=0.3 seed=0 workflow=wl_subtree_kernel_mmd status=success
2026-06-05 18:32:56,163 INFO row_complete 499/2640 dataset=barabasi_albert perturbation=hub_modification alpha=0.3 seed=0 workflow=netlsd_spectral_signatures status=failed
2026-06-05 18:32:56,165 INFO row_complete 500/2640 dataset=barabasi_albert perturbation=hub_modification alpha=0.3 seed=0 workflow=diversity_curves_l2 status=success
2026-06-05 18:33:01,919 INFO row_complete 501/2640 dataset=barabasi_albert perturbation=hub_modification alpha=0.4 seed=0 workflow=structural_statistics_mmd status=success
2026-06-05 18:33:01,920 INFO row_complete 502/2640 dataset=barabasi_albert perturbation=hub_modification alpha=0.4 seed=0 workflow=wl_subtree_kernel_mmd status=success
2026-06-05 18:33:01,922 INFO row_complete 503/2640 dataset=barabasi_albert perturbation=hub_modification alpha=0.4 seed=0 workflow=netlsd_spectral_signatures status=failed
2026-06-05 18:33:01,923 INFO row_complete 504/2640 dataset=barabasi_albert perturbation=hub_modification alpha=0.4 seed=0 workflow=diversity_curves_l2 status=success
2026-06-05 18:33:07,533 INFO row_complete 505/2640 dataset=barabasi_albert perturbation=hub_modification alpha=0.5 seed=0 workflow=structural_statistics_mmd status=success
2026-06-05 18:33:07,535 INFO row_complete 506/2640 dataset=barabasi_albert perturbation=hub_modification alpha=0.5 seed=0 workflow=wl_subtree_kernel_mmd status=success
2026-06-05 18:33:07,536 INFO row_complete 507/2640 dataset=barabasi_albert perturbation=hub_modification alpha=0.5 seed=0 workflow=netlsd_spectral_signatures status=failed
2026-06-05 18:33:07,537 INFO row_complete 508/2640 dataset=barabasi_albert perturbation=hub_modification alpha=0.5 seed=0 workflow=diversity_curves_l2 status=success
2026-06-05 18:33:13,151 INFO row_complete 509/2640 dataset=barabasi_albert perturbation=hub_modification alpha=0.6 seed=0 workflow=structural_statistics_mmd status=success
2026-06-05 18:33:13,152 INFO row_complete 510/2640 dataset=barabasi_albert perturbation=hub_modification alpha=0.6 seed=0 workflow=wl_subtree_kernel_mmd status=success
2026-06-05 18:33:13,154 INFO row_complete 511/2640 dataset=barabasi_albert perturbation=hub_modification alpha=0.6 seed=0 workflow=netlsd_spectral_signatures status=failed
2026-06-05 18:33:13,155 INFO row_complete 512/2640 dataset=barabasi_albert perturbation=hub_modification alpha=0.6 seed=0 workflow=diversity_curves_l2 status=success
2026-06-05 18:33:18,765 INFO row_complete 513/2640 dataset=barabasi_albert perturbation=hub_modification alpha=0.7 seed=0 workflow=structural_statistics_mmd status=success
2026-06-05 18:33:18,770 INFO row_complete 514/2640 dataset=barabasi_albert perturbation=hub_modification alpha=0.7 seed=0 workflow=wl_subtree_kernel_mmd status=success
2026-06-05 18:33:18,773 INFO row_complete 515/2640 dataset=barabasi_albert perturbation=hub_modification alpha=0.7 seed=0 workflow=netlsd_spectral_signatures status=failed
2026-06-05 18:33:18,775 INFO row_complete 516/2640 dataset=barabasi_albert perturbation=hub_modification alpha=0.7 seed=0 workflow=diversity_curves_l2 status=success
2026-06-05 18:33:24,467 INFO row_complete 517/2640 dataset=barabasi_albert perturbation=hub_modification alpha=0.8 seed=0 workflow=structural_statistics_mmd status=success
2026-06-05 18:33:24,468 INFO row_complete 518/2640 dataset=barabasi_albert perturbation=hub_modification alpha=0.8 seed=0 workflow=wl_subtree_kernel_mmd status=success
2026-06-05 18:33:24,470 INFO row_complete 519/2640 dataset=barabasi_albert perturbation=hub_modification alpha=0.8 seed=0 workflow=netlsd_spectral_signatures status=failed
2026-06-05 18:33:24,471 INFO row_complete 520/2640 dataset=barabasi_albert perturbation=hub_modification alpha=0.8 seed=0 workflow=diversity_curves_l2 status=success
2026-06-05 18:33:30,151 INFO row_complete 521/2640 dataset=barabasi_albert perturbation=hub_modification alpha=0.9 seed=0 workflow=structural_statistics_mmd status=success
2026-06-05 18:33:30,153 INFO row_complete 522/2640 dataset=barabasi_albert perturbation=hub_modification alpha=0.9 seed=0 workflow=wl_subtree_kernel_mmd status=success
2026-06-05 18:33:30,154 INFO row_complete 523/2640 dataset=barabasi_albert perturbation=hub_modification alpha=0.9 seed=0 workflow=netlsd_spectral_signatures status=failed
2026-06-05 18:33:30,155 INFO row_complete 524/2640 dataset=barabasi_albert perturbation=hub_modification alpha=0.9 seed=0 workflow=diversity_curves_l2 status=success
2026-06-05 18:33:35,723 INFO row_complete 525/2640 dataset=barabasi_albert perturbation=hub_modification alpha=1.0 seed=0 workflow=structural_statistics_mmd status=success
2026-06-05 18:33:35,724 INFO row_complete 526/2640 dataset=barabasi_albert perturbation=hub_modification alpha=1.0 seed=0 workflow=wl_subtree_kernel_mmd status=success
2026-06-05 18:33:35,725 INFO row_complete 527/2640 dataset=barabasi_albert perturbation=hub_modification alpha=1.0 seed=0 workflow=netlsd_spectral_signatures status=failed
2026-06-05 18:33:35,727 INFO row_complete 528/2640 dataset=barabasi_albert perturbation=hub_modification alpha=1.0 seed=0 workflow=diversity_curves_l2 status=success
2026-06-05 18:33:41,680 INFO row_complete 529/2640 dataset=erdos_renyi perturbation=edge_addition_deletion alpha=0.0 seed=1 workflow=structural_statistics_mmd status=success
2026-06-05 18:33:41,682 INFO row_complete 530/2640 dataset=erdos_renyi perturbation=edge_addition_deletion alpha=0.0 seed=1 workflow=wl_subtree_kernel_mmd status=success
2026-06-05 18:33:41,683 INFO row_complete 531/2640 dataset=erdos_renyi perturbation=edge_addition_deletion alpha=0.0 seed=1 workflow=netlsd_spectral_signatures status=failed
2026-06-05 18:33:41,684 INFO row_complete 532/2640 dataset=erdos_renyi perturbation=edge_addition_deletion alpha=0.0 seed=1 workflow=diversity_curves_l2 status=success
2026-06-05 18:33:47,760 INFO row_complete 533/2640 dataset=erdos_renyi perturbation=edge_addition_deletion alpha=0.1 seed=1 workflow=structural_statistics_mmd status=success
2026-06-05 18:33:47,761 INFO row_complete 534/2640 dataset=erdos_renyi perturbation=edge_addition_deletion alpha=0.1 seed=1 workflow=wl_subtree_kernel_mmd status=success
2026-06-05 18:33:47,762 INFO row_complete 535/2640 dataset=erdos_renyi perturbation=edge_addition_deletion alpha=0.1 seed=1 workflow=netlsd_spectral_signatures status=failed
2026-06-05 18:33:47,763 INFO row_complete 536/2640 dataset=erdos_renyi perturbation=edge_addition_deletion alpha=0.1 seed=1 workflow=diversity_curves_l2 status=success
2026-06-05 18:33:53,723 INFO row_complete 537/2640 dataset=erdos_renyi perturbation=edge_addition_deletion alpha=0.2 seed=1 workflow=structural_statistics_mmd status=success
2026-06-05 18:33:53,724 INFO row_complete 538/2640 dataset=erdos_renyi perturbation=edge_addition_deletion alpha=0.2 seed=1 workflow=wl_subtree_kernel_mmd status=success
2026-06-05 18:33:53,725 INFO row_complete 539/2640 dataset=erdos_renyi perturbation=edge_addition_deletion alpha=0.2 seed=1 workflow=netlsd_spectral_signatures status=failed
2026-06-05 18:33:53,726 INFO row_complete 540/2640 dataset=erdos_renyi perturbation=edge_addition_deletion alpha=0.2 seed=1 workflow=diversity_curves_l2 status=success
2026-06-05 18:33:59,807 INFO row_complete 541/2640 dataset=erdos_renyi perturbation=edge_addition_deletion alpha=0.3 seed=1 workflow=structural_statistics_mmd status=success
2026-06-05 18:33:59,808 INFO row_complete 542/2640 dataset=erdos_renyi perturbation=edge_addition_deletion alpha=0.3 seed=1 workflow=wl_subtree_kernel_mmd status=success
2026-06-05 18:33:59,809 INFO row_complete 543/2640 dataset=erdos_renyi perturbation=edge_addition_deletion alpha=0.3 seed=1 workflow=netlsd_spectral_signatures status=failed
2026-06-05 18:33:59,810 INFO row_complete 544/2640 dataset=erdos_renyi perturbation=edge_addition_deletion alpha=0.3 seed=1 workflow=diversity_curves_l2 status=success
2026-06-05 18:34:05,928 INFO row_complete 545/2640 dataset=erdos_renyi perturbation=edge_addition_deletion alpha=0.4 seed=1 workflow=structural_statistics_mmd status=success
2026-06-05 18:34:05,929 INFO row_complete 546/2640 dataset=erdos_renyi perturbation=edge_addition_deletion alpha=0.4 seed=1 workflow=wl_subtree_kernel_mmd status=success
2026-06-05 18:34:05,930 INFO row_complete 547/2640 dataset=erdos_renyi perturbation=edge_addition_deletion alpha=0.4 seed=1 workflow=netlsd_spectral_signatures status=failed
2026-06-05 18:34:05,931 INFO row_complete 548/2640 dataset=erdos_renyi perturbation=edge_addition_deletion alpha=0.4 seed=1 workflow=diversity_curves_l2 status=success
2026-06-05 18:34:12,005 INFO row_complete 549/2640 dataset=erdos_renyi perturbation=edge_addition_deletion alpha=0.5 seed=1 workflow=structural_statistics_mmd status=success
2026-06-05 18:34:12,006 INFO row_complete 550/2640 dataset=erdos_renyi perturbation=edge_addition_deletion alpha=0.5 seed=1 workflow=wl_subtree_kernel_mmd status=success
2026-06-05 18:34:12,008 INFO row_complete 551/2640 dataset=erdos_renyi perturbation=edge_addition_deletion alpha=0.5 seed=1 workflow=netlsd_spectral_signatures status=failed
2026-06-05 18:34:12,009 INFO row_complete 552/2640 dataset=erdos_renyi perturbation=edge_addition_deletion alpha=0.5 seed=1 workflow=diversity_curves_l2 status=success
2026-06-05 18:34:18,077 INFO row_complete 553/2640 dataset=erdos_renyi perturbation=edge_addition_deletion alpha=0.6 seed=1 workflow=structural_statistics_mmd status=success
2026-06-05 18:34:18,078 INFO row_complete 554/2640 dataset=erdos_renyi perturbation=edge_addition_deletion alpha=0.6 seed=1 workflow=wl_subtree_kernel_mmd status=success
2026-06-05 18:34:18,079 INFO row_complete 555/2640 dataset=erdos_renyi perturbation=edge_addition_deletion alpha=0.6 seed=1 workflow=netlsd_spectral_signatures status=failed
2026-06-05 18:34:18,080 INFO row_complete 556/2640 dataset=erdos_renyi perturbation=edge_addition_deletion alpha=0.6 seed=1 workflow=diversity_curves_l2 status=success
2026-06-05 18:34:24,100 INFO row_complete 557/2640 dataset=erdos_renyi perturbation=edge_addition_deletion alpha=0.7 seed=1 workflow=structural_statistics_mmd status=success
2026-06-05 18:34:24,101 INFO row_complete 558/2640 dataset=erdos_renyi perturbation=edge_addition_deletion alpha=0.7 seed=1 workflow=wl_subtree_kernel_mmd status=success
2026-06-05 18:34:24,102 INFO row_complete 559/2640 dataset=erdos_renyi perturbation=edge_addition_deletion alpha=0.7 seed=1 workflow=netlsd_spectral_signatures status=failed
2026-06-05 18:34:24,104 INFO row_complete 560/2640 dataset=erdos_renyi perturbation=edge_addition_deletion alpha=0.7 seed=1 workflow=diversity_curves_l2 status=success
2026-06-05 18:34:30,159 INFO row_complete 561/2640 dataset=erdos_renyi perturbation=edge_addition_deletion alpha=0.8 seed=1 workflow=structural_statistics_mmd status=success
2026-06-05 18:34:30,161 INFO row_complete 562/2640 dataset=erdos_renyi perturbation=edge_addition_deletion alpha=0.8 seed=1 workflow=wl_subtree_kernel_mmd status=success
2026-06-05 18:34:30,162 INFO row_complete 563/2640 dataset=erdos_renyi perturbation=edge_addition_deletion alpha=0.8 seed=1 workflow=netlsd_spectral_signatures status=failed
2026-06-05 18:34:30,164 INFO row_complete 564/2640 dataset=erdos_renyi perturbation=edge_addition_deletion alpha=0.8 seed=1 workflow=diversity_curves_l2 status=success
2026-06-05 18:34:36,126 INFO row_complete 565/2640 dataset=erdos_renyi perturbation=edge_addition_deletion alpha=0.9 seed=1 workflow=structural_statistics_mmd status=success
2026-06-05 18:34:36,128 INFO row_complete 566/2640 dataset=erdos_renyi perturbation=edge_addition_deletion alpha=0.9 seed=1 workflow=wl_subtree_kernel_mmd status=success
2026-06-05 18:34:36,129 INFO row_complete 567/2640 dataset=erdos_renyi perturbation=edge_addition_deletion alpha=0.9 seed=1 workflow=netlsd_spectral_signatures status=failed
2026-06-05 18:34:36,130 INFO row_complete 568/2640 dataset=erdos_renyi perturbation=edge_addition_deletion alpha=0.9 seed=1 workflow=diversity_curves_l2 status=success
2026-06-05 18:34:42,295 INFO row_complete 569/2640 dataset=erdos_renyi perturbation=edge_addition_deletion alpha=1.0 seed=1 workflow=structural_statistics_mmd status=success
2026-06-05 18:34:42,297 INFO row_complete 570/2640 dataset=erdos_renyi perturbation=edge_addition_deletion alpha=1.0 seed=1 workflow=wl_subtree_kernel_mmd status=success
2026-06-05 18:34:42,298 INFO row_complete 571/2640 dataset=erdos_renyi perturbation=edge_addition_deletion alpha=1.0 seed=1 workflow=netlsd_spectral_signatures status=failed
2026-06-05 18:34:42,299 INFO row_complete 572/2640 dataset=erdos_renyi perturbation=edge_addition_deletion alpha=1.0 seed=1 workflow=diversity_curves_l2 status=success
2026-06-05 18:34:48,303 INFO row_complete 573/2640 dataset=erdos_renyi perturbation=triangle_injection_removal alpha=0.0 seed=1 workflow=structural_statistics_mmd status=success
2026-06-05 18:34:48,304 INFO row_complete 574/2640 dataset=erdos_renyi perturbation=triangle_injection_removal alpha=0.0 seed=1 workflow=wl_subtree_kernel_mmd status=success
2026-06-05 18:34:48,306 INFO row_complete 575/2640 dataset=erdos_renyi perturbation=triangle_injection_removal alpha=0.0 seed=1 workflow=netlsd_spectral_signatures status=failed
2026-06-05 18:34:48,307 INFO row_complete 576/2640 dataset=erdos_renyi perturbation=triangle_injection_removal alpha=0.0 seed=1 workflow=diversity_curves_l2 status=success
2026-06-05 18:34:54,903 INFO row_complete 577/2640 dataset=erdos_renyi perturbation=triangle_injection_removal alpha=0.1 seed=1 workflow=structural_statistics_mmd status=success
2026-06-05 18:34:54,905 INFO row_complete 578/2640 dataset=erdos_renyi perturbation=triangle_injection_removal alpha=0.1 seed=1 workflow=wl_subtree_kernel_mmd status=success
2026-06-05 18:34:54,906 INFO row_complete 579/2640 dataset=erdos_renyi perturbation=triangle_injection_removal alpha=0.1 seed=1 workflow=netlsd_spectral_signatures status=failed
2026-06-05 18:34:54,908 INFO row_complete 580/2640 dataset=erdos_renyi perturbation=triangle_injection_removal alpha=0.1 seed=1 workflow=diversity_curves_l2 status=success
2026-06-05 18:35:01,518 INFO row_complete 581/2640 dataset=erdos_renyi perturbation=triangle_injection_removal alpha=0.2 seed=1 workflow=structural_statistics_mmd status=success
2026-06-05 18:35:01,519 INFO row_complete 582/2640 dataset=erdos_renyi perturbation=triangle_injection_removal alpha=0.2 seed=1 workflow=wl_subtree_kernel_mmd status=success
2026-06-05 18:35:01,520 INFO row_complete 583/2640 dataset=erdos_renyi perturbation=triangle_injection_removal alpha=0.2 seed=1 workflow=netlsd_spectral_signatures status=failed
2026-06-05 18:35:01,522 INFO row_complete 584/2640 dataset=erdos_renyi perturbation=triangle_injection_removal alpha=0.2 seed=1 workflow=diversity_curves_l2 status=success
2026-06-05 18:35:07,982 INFO row_complete 585/2640 dataset=erdos_renyi perturbation=triangle_injection_removal alpha=0.3 seed=1 workflow=structural_statistics_mmd status=success
2026-06-05 18:35:07,983 INFO row_complete 586/2640 dataset=erdos_renyi perturbation=triangle_injection_removal alpha=0.3 seed=1 workflow=wl_subtree_kernel_mmd status=success
2026-06-05 18:35:07,984 INFO row_complete 587/2640 dataset=erdos_renyi perturbation=triangle_injection_removal alpha=0.3 seed=1 workflow=netlsd_spectral_signatures status=failed
2026-06-05 18:35:07,985 INFO row_complete 588/2640 dataset=erdos_renyi perturbation=triangle_injection_removal alpha=0.3 seed=1 workflow=diversity_curves_l2 status=success
2026-06-05 18:35:14,511 INFO row_complete 589/2640 dataset=erdos_renyi perturbation=triangle_injection_removal alpha=0.4 seed=1 workflow=structural_statistics_mmd status=success
2026-06-05 18:35:14,513 INFO row_complete 590/2640 dataset=erdos_renyi perturbation=triangle_injection_removal alpha=0.4 seed=1 workflow=wl_subtree_kernel_mmd status=success
2026-06-05 18:35:14,514 INFO row_complete 591/2640 dataset=erdos_renyi perturbation=triangle_injection_removal alpha=0.4 seed=1 workflow=netlsd_spectral_signatures status=failed
2026-06-05 18:35:14,515 INFO row_complete 592/2640 dataset=erdos_renyi perturbation=triangle_injection_removal alpha=0.4 seed=1 workflow=diversity_curves_l2 status=success
2026-06-05 18:35:21,165 INFO row_complete 593/2640 dataset=erdos_renyi perturbation=triangle_injection_removal alpha=0.5 seed=1 workflow=structural_statistics_mmd status=success
2026-06-05 18:35:21,167 INFO row_complete 594/2640 dataset=erdos_renyi perturbation=triangle_injection_removal alpha=0.5 seed=1 workflow=wl_subtree_kernel_mmd status=success
2026-06-05 18:35:21,168 INFO row_complete 595/2640 dataset=erdos_renyi perturbation=triangle_injection_removal alpha=0.5 seed=1 workflow=netlsd_spectral_signatures status=failed
2026-06-05 18:35:21,169 INFO row_complete 596/2640 dataset=erdos_renyi perturbation=triangle_injection_removal alpha=0.5 seed=1 workflow=diversity_curves_l2 status=success
2026-06-05 18:35:27,751 INFO row_complete 597/2640 dataset=erdos_renyi perturbation=triangle_injection_removal alpha=0.6 seed=1 workflow=structural_statistics_mmd status=success
2026-06-05 18:35:27,753 INFO row_complete 598/2640 dataset=erdos_renyi perturbation=triangle_injection_removal alpha=0.6 seed=1 workflow=wl_subtree_kernel_mmd status=success
2026-06-05 18:35:27,754 INFO row_complete 599/2640 dataset=erdos_renyi perturbation=triangle_injection_removal alpha=0.6 seed=1 workflow=netlsd_spectral_signatures status=failed
2026-06-05 18:35:27,755 INFO row_complete 600/2640 dataset=erdos_renyi perturbation=triangle_injection_removal alpha=0.6 seed=1 workflow=diversity_curves_l2 status=success
2026-06-05 18:35:34,347 INFO row_complete 601/2640 dataset=erdos_renyi perturbation=triangle_injection_removal alpha=0.7 seed=1 workflow=structural_statistics_mmd status=success
2026-06-05 18:35:34,348 INFO row_complete 602/2640 dataset=erdos_renyi perturbation=triangle_injection_removal alpha=0.7 seed=1 workflow=wl_subtree_kernel_mmd status=success
2026-06-05 18:35:34,349 INFO row_complete 603/2640 dataset=erdos_renyi perturbation=triangle_injection_removal alpha=0.7 seed=1 workflow=netlsd_spectral_signatures status=failed
2026-06-05 18:35:34,351 INFO row_complete 604/2640 dataset=erdos_renyi perturbation=triangle_injection_removal alpha=0.7 seed=1 workflow=diversity_curves_l2 status=success
2026-06-05 18:35:41,158 INFO row_complete 605/2640 dataset=erdos_renyi perturbation=triangle_injection_removal alpha=0.8 seed=1 workflow=structural_statistics_mmd status=success
2026-06-05 18:35:41,160 INFO row_complete 606/2640 dataset=erdos_renyi perturbation=triangle_injection_removal alpha=0.8 seed=1 workflow=wl_subtree_kernel_mmd status=success
2026-06-05 18:35:41,161 INFO row_complete 607/2640 dataset=erdos_renyi perturbation=triangle_injection_removal alpha=0.8 seed=1 workflow=netlsd_spectral_signatures status=failed
2026-06-05 18:35:41,162 INFO row_complete 608/2640 dataset=erdos_renyi perturbation=triangle_injection_removal alpha=0.8 seed=1 workflow=diversity_curves_l2 status=success
2026-06-05 18:35:47,895 INFO row_complete 609/2640 dataset=erdos_renyi perturbation=triangle_injection_removal alpha=0.9 seed=1 workflow=structural_statistics_mmd status=success
2026-06-05 18:35:47,896 INFO row_complete 610/2640 dataset=erdos_renyi perturbation=triangle_injection_removal alpha=0.9 seed=1 workflow=wl_subtree_kernel_mmd status=success
2026-06-05 18:35:47,898 INFO row_complete 611/2640 dataset=erdos_renyi perturbation=triangle_injection_removal alpha=0.9 seed=1 workflow=netlsd_spectral_signatures status=failed
2026-06-05 18:35:47,899 INFO row_complete 612/2640 dataset=erdos_renyi perturbation=triangle_injection_removal alpha=0.9 seed=1 workflow=diversity_curves_l2 status=success
2026-06-05 18:35:54,574 INFO row_complete 613/2640 dataset=erdos_renyi perturbation=triangle_injection_removal alpha=1.0 seed=1 workflow=structural_statistics_mmd status=success
2026-06-05 18:35:54,575 INFO row_complete 614/2640 dataset=erdos_renyi perturbation=triangle_injection_removal alpha=1.0 seed=1 workflow=wl_subtree_kernel_mmd status=success
2026-06-05 18:35:54,577 INFO row_complete 615/2640 dataset=erdos_renyi perturbation=triangle_injection_removal alpha=1.0 seed=1 workflow=netlsd_spectral_signatures status=failed
2026-06-05 18:35:54,578 INFO row_complete 616/2640 dataset=erdos_renyi perturbation=triangle_injection_removal alpha=1.0 seed=1 workflow=diversity_curves_l2 status=success
2026-06-05 18:35:54,690 INFO row_complete 617/2640 dataset=erdos_renyi perturbation=community_weakening alpha=0.0 seed=1 workflow=structural_statistics_mmd status=skipped
2026-06-05 18:35:54,691 INFO row_complete 618/2640 dataset=erdos_renyi perturbation=community_weakening alpha=0.0 seed=1 workflow=wl_subtree_kernel_mmd status=skipped
2026-06-05 18:35:54,692 INFO row_complete 619/2640 dataset=erdos_renyi perturbation=community_weakening alpha=0.0 seed=1 workflow=netlsd_spectral_signatures status=skipped
2026-06-05 18:35:54,693 INFO row_complete 620/2640 dataset=erdos_renyi perturbation=community_weakening alpha=0.0 seed=1 workflow=diversity_curves_l2 status=skipped
2026-06-05 18:35:54,729 INFO row_complete 621/2640 dataset=erdos_renyi perturbation=community_weakening alpha=0.1 seed=1 workflow=structural_statistics_mmd status=skipped
2026-06-05 18:35:54,731 INFO row_complete 622/2640 dataset=erdos_renyi perturbation=community_weakening alpha=0.1 seed=1 workflow=wl_subtree_kernel_mmd status=skipped
2026-06-05 18:35:54,732 INFO row_complete 623/2640 dataset=erdos_renyi perturbation=community_weakening alpha=0.1 seed=1 workflow=netlsd_spectral_signatures status=skipped
2026-06-05 18:35:54,733 INFO row_complete 624/2640 dataset=erdos_renyi perturbation=community_weakening alpha=0.1 seed=1 workflow=diversity_curves_l2 status=skipped
2026-06-05 18:35:54,771 INFO row_complete 625/2640 dataset=erdos_renyi perturbation=community_weakening alpha=0.2 seed=1 workflow=structural_statistics_mmd status=skipped
2026-06-05 18:35:54,772 INFO row_complete 626/2640 dataset=erdos_renyi perturbation=community_weakening alpha=0.2 seed=1 workflow=wl_subtree_kernel_mmd status=skipped
2026-06-05 18:35:54,774 INFO row_complete 627/2640 dataset=erdos_renyi perturbation=community_weakening alpha=0.2 seed=1 workflow=netlsd_spectral_signatures status=skipped
2026-06-05 18:35:54,775 INFO row_complete 628/2640 dataset=erdos_renyi perturbation=community_weakening alpha=0.2 seed=1 workflow=diversity_curves_l2 status=skipped
2026-06-05 18:35:54,812 INFO row_complete 629/2640 dataset=erdos_renyi perturbation=community_weakening alpha=0.3 seed=1 workflow=structural_statistics_mmd status=skipped
2026-06-05 18:35:54,814 INFO row_complete 630/2640 dataset=erdos_renyi perturbation=community_weakening alpha=0.3 seed=1 workflow=wl_subtree_kernel_mmd status=skipped
2026-06-05 18:35:54,815 INFO row_complete 631/2640 dataset=erdos_renyi perturbation=community_weakening alpha=0.3 seed=1 workflow=netlsd_spectral_signatures status=skipped
2026-06-05 18:35:54,816 INFO row_complete 632/2640 dataset=erdos_renyi perturbation=community_weakening alpha=0.3 seed=1 workflow=diversity_curves_l2 status=skipped
2026-06-05 18:35:54,855 INFO row_complete 633/2640 dataset=erdos_renyi perturbation=community_weakening alpha=0.4 seed=1 workflow=structural_statistics_mmd status=skipped
2026-06-05 18:35:54,857 INFO row_complete 634/2640 dataset=erdos_renyi perturbation=community_weakening alpha=0.4 seed=1 workflow=wl_subtree_kernel_mmd status=skipped
2026-06-05 18:35:54,858 INFO row_complete 635/2640 dataset=erdos_renyi perturbation=community_weakening alpha=0.4 seed=1 workflow=netlsd_spectral_signatures status=skipped
2026-06-05 18:35:54,859 INFO row_complete 636/2640 dataset=erdos_renyi perturbation=community_weakening alpha=0.4 seed=1 workflow=diversity_curves_l2 status=skipped
2026-06-05 18:35:54,897 INFO row_complete 637/2640 dataset=erdos_renyi perturbation=community_weakening alpha=0.5 seed=1 workflow=structural_statistics_mmd status=skipped
2026-06-05 18:35:54,899 INFO row_complete 638/2640 dataset=erdos_renyi perturbation=community_weakening alpha=0.5 seed=1 workflow=wl_subtree_kernel_mmd status=skipped
2026-06-05 18:35:54,900 INFO row_complete 639/2640 dataset=erdos_renyi perturbation=community_weakening alpha=0.5 seed=1 workflow=netlsd_spectral_signatures status=skipped
2026-06-05 18:35:54,901 INFO row_complete 640/2640 dataset=erdos_renyi perturbation=community_weakening alpha=0.5 seed=1 workflow=diversity_curves_l2 status=skipped
2026-06-05 18:35:54,939 INFO row_complete 641/2640 dataset=erdos_renyi perturbation=community_weakening alpha=0.6 seed=1 workflow=structural_statistics_mmd status=skipped
2026-06-05 18:35:54,940 INFO row_complete 642/2640 dataset=erdos_renyi perturbation=community_weakening alpha=0.6 seed=1 workflow=wl_subtree_kernel_mmd status=skipped
2026-06-05 18:35:54,941 INFO row_complete 643/2640 dataset=erdos_renyi perturbation=community_weakening alpha=0.6 seed=1 workflow=netlsd_spectral_signatures status=skipped
2026-06-05 18:35:54,942 INFO row_complete 644/2640 dataset=erdos_renyi perturbation=community_weakening alpha=0.6 seed=1 workflow=diversity_curves_l2 status=skipped
2026-06-05 18:35:54,980 INFO row_complete 645/2640 dataset=erdos_renyi perturbation=community_weakening alpha=0.7 seed=1 workflow=structural_statistics_mmd status=skipped
2026-06-05 18:35:54,981 INFO row_complete 646/2640 dataset=erdos_renyi perturbation=community_weakening alpha=0.7 seed=1 workflow=wl_subtree_kernel_mmd status=skipped
2026-06-05 18:35:54,983 INFO row_complete 647/2640 dataset=erdos_renyi perturbation=community_weakening alpha=0.7 seed=1 workflow=netlsd_spectral_signatures status=skipped
2026-06-05 18:35:54,984 INFO row_complete 648/2640 dataset=erdos_renyi perturbation=community_weakening alpha=0.7 seed=1 workflow=diversity_curves_l2 status=skipped
2026-06-05 18:35:55,024 INFO row_complete 649/2640 dataset=erdos_renyi perturbation=community_weakening alpha=0.8 seed=1 workflow=structural_statistics_mmd status=skipped
2026-06-05 18:35:55,026 INFO row_complete 650/2640 dataset=erdos_renyi perturbation=community_weakening alpha=0.8 seed=1 workflow=wl_subtree_kernel_mmd status=skipped
2026-06-05 18:35:55,027 INFO row_complete 651/2640 dataset=erdos_renyi perturbation=community_weakening alpha=0.8 seed=1 workflow=netlsd_spectral_signatures status=skipped
2026-06-05 18:35:55,028 INFO row_complete 652/2640 dataset=erdos_renyi perturbation=community_weakening alpha=0.8 seed=1 workflow=diversity_curves_l2 status=skipped
2026-06-05 18:35:55,138 INFO row_complete 653/2640 dataset=erdos_renyi perturbation=community_weakening alpha=0.9 seed=1 workflow=structural_statistics_mmd status=skipped
2026-06-05 18:35:55,139 INFO row_complete 654/2640 dataset=erdos_renyi perturbation=community_weakening alpha=0.9 seed=1 workflow=wl_subtree_kernel_mmd status=skipped
2026-06-05 18:35:55,140 INFO row_complete 655/2640 dataset=erdos_renyi perturbation=community_weakening alpha=0.9 seed=1 workflow=netlsd_spectral_signatures status=skipped
2026-06-05 18:35:55,142 INFO row_complete 656/2640 dataset=erdos_renyi perturbation=community_weakening alpha=0.9 seed=1 workflow=diversity_curves_l2 status=skipped
2026-06-05 18:35:55,180 INFO row_complete 657/2640 dataset=erdos_renyi perturbation=community_weakening alpha=1.0 seed=1 workflow=structural_statistics_mmd status=skipped
2026-06-05 18:35:55,181 INFO row_complete 658/2640 dataset=erdos_renyi perturbation=community_weakening alpha=1.0 seed=1 workflow=wl_subtree_kernel_mmd status=skipped
2026-06-05 18:35:55,182 INFO row_complete 659/2640 dataset=erdos_renyi perturbation=community_weakening alpha=1.0 seed=1 workflow=netlsd_spectral_signatures status=skipped
2026-06-05 18:35:55,183 INFO row_complete 660/2640 dataset=erdos_renyi perturbation=community_weakening alpha=1.0 seed=1 workflow=diversity_curves_l2 status=skipped
2026-06-05 18:36:01,221 INFO row_complete 661/2640 dataset=erdos_renyi perturbation=hub_modification alpha=0.0 seed=1 workflow=structural_statistics_mmd status=success
2026-06-05 18:36:01,223 INFO row_complete 662/2640 dataset=erdos_renyi perturbation=hub_modification alpha=0.0 seed=1 workflow=wl_subtree_kernel_mmd status=success
2026-06-05 18:36:01,225 INFO row_complete 663/2640 dataset=erdos_renyi perturbation=hub_modification alpha=0.0 seed=1 workflow=netlsd_spectral_signatures status=failed
2026-06-05 18:36:01,226 INFO row_complete 664/2640 dataset=erdos_renyi perturbation=hub_modification alpha=0.0 seed=1 workflow=diversity_curves_l2 status=success
2026-06-05 18:36:07,271 INFO row_complete 665/2640 dataset=erdos_renyi perturbation=hub_modification alpha=0.1 seed=1 workflow=structural_statistics_mmd status=success
2026-06-05 18:36:07,273 INFO row_complete 666/2640 dataset=erdos_renyi perturbation=hub_modification alpha=0.1 seed=1 workflow=wl_subtree_kernel_mmd status=success
2026-06-05 18:36:07,274 INFO row_complete 667/2640 dataset=erdos_renyi perturbation=hub_modification alpha=0.1 seed=1 workflow=netlsd_spectral_signatures status=failed
2026-06-05 18:36:07,275 INFO row_complete 668/2640 dataset=erdos_renyi perturbation=hub_modification alpha=0.1 seed=1 workflow=diversity_curves_l2 status=success
2026-06-05 18:36:13,317 INFO row_complete 669/2640 dataset=erdos_renyi perturbation=hub_modification alpha=0.2 seed=1 workflow=structural_statistics_mmd status=success
2026-06-05 18:36:13,318 INFO row_complete 670/2640 dataset=erdos_renyi perturbation=hub_modification alpha=0.2 seed=1 workflow=wl_subtree_kernel_mmd status=success
2026-06-05 18:36:13,320 INFO row_complete 671/2640 dataset=erdos_renyi perturbation=hub_modification alpha=0.2 seed=1 workflow=netlsd_spectral_signatures status=failed
2026-06-05 18:36:13,321 INFO row_complete 672/2640 dataset=erdos_renyi perturbation=hub_modification alpha=0.2 seed=1 workflow=diversity_curves_l2 status=success
2026-06-05 18:36:19,445 INFO row_complete 673/2640 dataset=erdos_renyi perturbation=hub_modification alpha=0.3 seed=1 workflow=structural_statistics_mmd status=success
2026-06-05 18:36:19,446 INFO row_complete 674/2640 dataset=erdos_renyi perturbation=hub_modification alpha=0.3 seed=1 workflow=wl_subtree_kernel_mmd status=success
2026-06-05 18:36:19,447 INFO row_complete 675/2640 dataset=erdos_renyi perturbation=hub_modification alpha=0.3 seed=1 workflow=netlsd_spectral_signatures status=failed
2026-06-05 18:36:19,449 INFO row_complete 676/2640 dataset=erdos_renyi perturbation=hub_modification alpha=0.3 seed=1 workflow=diversity_curves_l2 status=success
2026-06-05 18:36:25,458 INFO row_complete 677/2640 dataset=erdos_renyi perturbation=hub_modification alpha=0.4 seed=1 workflow=structural_statistics_mmd status=success
2026-06-05 18:36:25,461 INFO row_complete 678/2640 dataset=erdos_renyi perturbation=hub_modification alpha=0.4 seed=1 workflow=wl_subtree_kernel_mmd status=success
2026-06-05 18:36:25,463 INFO row_complete 679/2640 dataset=erdos_renyi perturbation=hub_modification alpha=0.4 seed=1 workflow=netlsd_spectral_signatures status=failed
2026-06-05 18:36:25,464 INFO row_complete 680/2640 dataset=erdos_renyi perturbation=hub_modification alpha=0.4 seed=1 workflow=diversity_curves_l2 status=success
2026-06-05 18:36:31,489 INFO row_complete 681/2640 dataset=erdos_renyi perturbation=hub_modification alpha=0.5 seed=1 workflow=structural_statistics_mmd status=success
2026-06-05 18:36:31,491 INFO row_complete 682/2640 dataset=erdos_renyi perturbation=hub_modification alpha=0.5 seed=1 workflow=wl_subtree_kernel_mmd status=success
2026-06-05 18:36:31,492 INFO row_complete 683/2640 dataset=erdos_renyi perturbation=hub_modification alpha=0.5 seed=1 workflow=netlsd_spectral_signatures status=failed
2026-06-05 18:36:31,493 INFO row_complete 684/2640 dataset=erdos_renyi perturbation=hub_modification alpha=0.5 seed=1 workflow=diversity_curves_l2 status=success
2026-06-05 18:36:37,773 INFO row_complete 685/2640 dataset=erdos_renyi perturbation=hub_modification alpha=0.6 seed=1 workflow=structural_statistics_mmd status=success
2026-06-05 18:36:37,774 INFO row_complete 686/2640 dataset=erdos_renyi perturbation=hub_modification alpha=0.6 seed=1 workflow=wl_subtree_kernel_mmd status=success
2026-06-05 18:36:37,775 INFO row_complete 687/2640 dataset=erdos_renyi perturbation=hub_modification alpha=0.6 seed=1 workflow=netlsd_spectral_signatures status=failed
2026-06-05 18:36:37,776 INFO row_complete 688/2640 dataset=erdos_renyi perturbation=hub_modification alpha=0.6 seed=1 workflow=diversity_curves_l2 status=success
2026-06-05 18:36:43,673 INFO row_complete 689/2640 dataset=erdos_renyi perturbation=hub_modification alpha=0.7 seed=1 workflow=structural_statistics_mmd status=success
2026-06-05 18:36:43,674 INFO row_complete 690/2640 dataset=erdos_renyi perturbation=hub_modification alpha=0.7 seed=1 workflow=wl_subtree_kernel_mmd status=success
2026-06-05 18:36:43,675 INFO row_complete 691/2640 dataset=erdos_renyi perturbation=hub_modification alpha=0.7 seed=1 workflow=netlsd_spectral_signatures status=failed
2026-06-05 18:36:43,676 INFO row_complete 692/2640 dataset=erdos_renyi perturbation=hub_modification alpha=0.7 seed=1 workflow=diversity_curves_l2 status=success
2026-06-05 18:36:49,543 INFO row_complete 693/2640 dataset=erdos_renyi perturbation=hub_modification alpha=0.8 seed=1 workflow=structural_statistics_mmd status=success
2026-06-05 18:36:49,544 INFO row_complete 694/2640 dataset=erdos_renyi perturbation=hub_modification alpha=0.8 seed=1 workflow=wl_subtree_kernel_mmd status=success
2026-06-05 18:36:49,545 INFO row_complete 695/2640 dataset=erdos_renyi perturbation=hub_modification alpha=0.8 seed=1 workflow=netlsd_spectral_signatures status=failed
2026-06-05 18:36:49,546 INFO row_complete 696/2640 dataset=erdos_renyi perturbation=hub_modification alpha=0.8 seed=1 workflow=diversity_curves_l2 status=success
2026-06-05 18:36:55,466 INFO row_complete 697/2640 dataset=erdos_renyi perturbation=hub_modification alpha=0.9 seed=1 workflow=structural_statistics_mmd status=success
2026-06-05 18:36:55,468 INFO row_complete 698/2640 dataset=erdos_renyi perturbation=hub_modification alpha=0.9 seed=1 workflow=wl_subtree_kernel_mmd status=success
2026-06-05 18:36:55,469 INFO row_complete 699/2640 dataset=erdos_renyi perturbation=hub_modification alpha=0.9 seed=1 workflow=netlsd_spectral_signatures status=failed
2026-06-05 18:36:55,470 INFO row_complete 700/2640 dataset=erdos_renyi perturbation=hub_modification alpha=0.9 seed=1 workflow=diversity_curves_l2 status=success
2026-06-05 18:37:01,548 INFO row_complete 701/2640 dataset=erdos_renyi perturbation=hub_modification alpha=1.0 seed=1 workflow=structural_statistics_mmd status=success
2026-06-05 18:37:01,549 INFO row_complete 702/2640 dataset=erdos_renyi perturbation=hub_modification alpha=1.0 seed=1 workflow=wl_subtree_kernel_mmd status=success
2026-06-05 18:37:01,551 INFO row_complete 703/2640 dataset=erdos_renyi perturbation=hub_modification alpha=1.0 seed=1 workflow=netlsd_spectral_signatures status=failed
2026-06-05 18:37:01,552 INFO row_complete 704/2640 dataset=erdos_renyi perturbation=hub_modification alpha=1.0 seed=1 workflow=diversity_curves_l2 status=success
2026-06-05 18:37:07,335 INFO row_complete 705/2640 dataset=stochastic_block_model perturbation=edge_addition_deletion alpha=0.0 seed=1 workflow=structural_statistics_mmd status=success
2026-06-05 18:37:07,336 INFO row_complete 706/2640 dataset=stochastic_block_model perturbation=edge_addition_deletion alpha=0.0 seed=1 workflow=wl_subtree_kernel_mmd status=success
2026-06-05 18:37:07,337 INFO row_complete 707/2640 dataset=stochastic_block_model perturbation=edge_addition_deletion alpha=0.0 seed=1 workflow=netlsd_spectral_signatures status=failed
2026-06-05 18:37:07,339 INFO row_complete 708/2640 dataset=stochastic_block_model perturbation=edge_addition_deletion alpha=0.0 seed=1 workflow=diversity_curves_l2 status=success
2026-06-05 18:37:13,068 INFO row_complete 709/2640 dataset=stochastic_block_model perturbation=edge_addition_deletion alpha=0.1 seed=1 workflow=structural_statistics_mmd status=success
2026-06-05 18:37:13,069 INFO row_complete 710/2640 dataset=stochastic_block_model perturbation=edge_addition_deletion alpha=0.1 seed=1 workflow=wl_subtree_kernel_mmd status=success
2026-06-05 18:37:13,070 INFO row_complete 711/2640 dataset=stochastic_block_model perturbation=edge_addition_deletion alpha=0.1 seed=1 workflow=netlsd_spectral_signatures status=failed
2026-06-05 18:37:13,072 INFO row_complete 712/2640 dataset=stochastic_block_model perturbation=edge_addition_deletion alpha=0.1 seed=1 workflow=diversity_curves_l2 status=success
2026-06-05 18:37:18,879 INFO row_complete 713/2640 dataset=stochastic_block_model perturbation=edge_addition_deletion alpha=0.2 seed=1 workflow=structural_statistics_mmd status=success
2026-06-05 18:37:18,880 INFO row_complete 714/2640 dataset=stochastic_block_model perturbation=edge_addition_deletion alpha=0.2 seed=1 workflow=wl_subtree_kernel_mmd status=success
2026-06-05 18:37:18,881 INFO row_complete 715/2640 dataset=stochastic_block_model perturbation=edge_addition_deletion alpha=0.2 seed=1 workflow=netlsd_spectral_signatures status=failed
2026-06-05 18:37:18,882 INFO row_complete 716/2640 dataset=stochastic_block_model perturbation=edge_addition_deletion alpha=0.2 seed=1 workflow=diversity_curves_l2 status=success
2026-06-05 18:37:24,643 INFO row_complete 717/2640 dataset=stochastic_block_model perturbation=edge_addition_deletion alpha=0.3 seed=1 workflow=structural_statistics_mmd status=success
2026-06-05 18:37:24,645 INFO row_complete 718/2640 dataset=stochastic_block_model perturbation=edge_addition_deletion alpha=0.3 seed=1 workflow=wl_subtree_kernel_mmd status=success
2026-06-05 18:37:24,648 INFO row_complete 719/2640 dataset=stochastic_block_model perturbation=edge_addition_deletion alpha=0.3 seed=1 workflow=netlsd_spectral_signatures status=failed
2026-06-05 18:37:24,649 INFO row_complete 720/2640 dataset=stochastic_block_model perturbation=edge_addition_deletion alpha=0.3 seed=1 workflow=diversity_curves_l2 status=success
2026-06-05 18:37:30,546 INFO row_complete 721/2640 dataset=stochastic_block_model perturbation=edge_addition_deletion alpha=0.4 seed=1 workflow=structural_statistics_mmd status=success
2026-06-05 18:37:30,547 INFO row_complete 722/2640 dataset=stochastic_block_model perturbation=edge_addition_deletion alpha=0.4 seed=1 workflow=wl_subtree_kernel_mmd status=success
2026-06-05 18:37:30,548 INFO row_complete 723/2640 dataset=stochastic_block_model perturbation=edge_addition_deletion alpha=0.4 seed=1 workflow=netlsd_spectral_signatures status=failed
2026-06-05 18:37:30,550 INFO row_complete 724/2640 dataset=stochastic_block_model perturbation=edge_addition_deletion alpha=0.4 seed=1 workflow=diversity_curves_l2 status=success
2026-06-05 18:37:36,337 INFO row_complete 725/2640 dataset=stochastic_block_model perturbation=edge_addition_deletion alpha=0.5 seed=1 workflow=structural_statistics_mmd status=success
2026-06-05 18:37:36,339 INFO row_complete 726/2640 dataset=stochastic_block_model perturbation=edge_addition_deletion alpha=0.5 seed=1 workflow=wl_subtree_kernel_mmd status=success
2026-06-05 18:37:36,340 INFO row_complete 727/2640 dataset=stochastic_block_model perturbation=edge_addition_deletion alpha=0.5 seed=1 workflow=netlsd_spectral_signatures status=failed
2026-06-05 18:37:36,341 INFO row_complete 728/2640 dataset=stochastic_block_model perturbation=edge_addition_deletion alpha=0.5 seed=1 workflow=diversity_curves_l2 status=success
2026-06-05 18:37:42,173 INFO row_complete 729/2640 dataset=stochastic_block_model perturbation=edge_addition_deletion alpha=0.6 seed=1 workflow=structural_statistics_mmd status=success
2026-06-05 18:37:42,174 INFO row_complete 730/2640 dataset=stochastic_block_model perturbation=edge_addition_deletion alpha=0.6 seed=1 workflow=wl_subtree_kernel_mmd status=success
2026-06-05 18:37:42,176 INFO row_complete 731/2640 dataset=stochastic_block_model perturbation=edge_addition_deletion alpha=0.6 seed=1 workflow=netlsd_spectral_signatures status=failed
2026-06-05 18:37:42,177 INFO row_complete 732/2640 dataset=stochastic_block_model perturbation=edge_addition_deletion alpha=0.6 seed=1 workflow=diversity_curves_l2 status=success
2026-06-05 18:37:47,987 INFO row_complete 733/2640 dataset=stochastic_block_model perturbation=edge_addition_deletion alpha=0.7 seed=1 workflow=structural_statistics_mmd status=success
2026-06-05 18:37:47,988 INFO row_complete 734/2640 dataset=stochastic_block_model perturbation=edge_addition_deletion alpha=0.7 seed=1 workflow=wl_subtree_kernel_mmd status=success
2026-06-05 18:37:47,992 INFO row_complete 735/2640 dataset=stochastic_block_model perturbation=edge_addition_deletion alpha=0.7 seed=1 workflow=netlsd_spectral_signatures status=failed
2026-06-05 18:37:47,993 INFO row_complete 736/2640 dataset=stochastic_block_model perturbation=edge_addition_deletion alpha=0.7 seed=1 workflow=diversity_curves_l2 status=success
2026-06-05 18:37:53,807 INFO row_complete 737/2640 dataset=stochastic_block_model perturbation=edge_addition_deletion alpha=0.8 seed=1 workflow=structural_statistics_mmd status=success
2026-06-05 18:37:53,808 INFO row_complete 738/2640 dataset=stochastic_block_model perturbation=edge_addition_deletion alpha=0.8 seed=1 workflow=wl_subtree_kernel_mmd status=success
2026-06-05 18:37:53,809 INFO row_complete 739/2640 dataset=stochastic_block_model perturbation=edge_addition_deletion alpha=0.8 seed=1 workflow=netlsd_spectral_signatures status=failed
2026-06-05 18:37:53,810 INFO row_complete 740/2640 dataset=stochastic_block_model perturbation=edge_addition_deletion alpha=0.8 seed=1 workflow=diversity_curves_l2 status=success
2026-06-05 18:37:59,635 INFO row_complete 741/2640 dataset=stochastic_block_model perturbation=edge_addition_deletion alpha=0.9 seed=1 workflow=structural_statistics_mmd status=success
2026-06-05 18:37:59,636 INFO row_complete 742/2640 dataset=stochastic_block_model perturbation=edge_addition_deletion alpha=0.9 seed=1 workflow=wl_subtree_kernel_mmd status=success
2026-06-05 18:37:59,637 INFO row_complete 743/2640 dataset=stochastic_block_model perturbation=edge_addition_deletion alpha=0.9 seed=1 workflow=netlsd_spectral_signatures status=failed
2026-06-05 18:37:59,639 INFO row_complete 744/2640 dataset=stochastic_block_model perturbation=edge_addition_deletion alpha=0.9 seed=1 workflow=diversity_curves_l2 status=success
2026-06-05 18:38:05,448 INFO row_complete 745/2640 dataset=stochastic_block_model perturbation=edge_addition_deletion alpha=1.0 seed=1 workflow=structural_statistics_mmd status=success
2026-06-05 18:38:05,450 INFO row_complete 746/2640 dataset=stochastic_block_model perturbation=edge_addition_deletion alpha=1.0 seed=1 workflow=wl_subtree_kernel_mmd status=success
2026-06-05 18:38:05,451 INFO row_complete 747/2640 dataset=stochastic_block_model perturbation=edge_addition_deletion alpha=1.0 seed=1 workflow=netlsd_spectral_signatures status=failed
2026-06-05 18:38:05,452 INFO row_complete 748/2640 dataset=stochastic_block_model perturbation=edge_addition_deletion alpha=1.0 seed=1 workflow=diversity_curves_l2 status=success
2026-06-05 18:38:11,137 INFO row_complete 749/2640 dataset=stochastic_block_model perturbation=triangle_injection_removal alpha=0.0 seed=1 workflow=structural_statistics_mmd status=success
2026-06-05 18:38:11,139 INFO row_complete 750/2640 dataset=stochastic_block_model perturbation=triangle_injection_removal alpha=0.0 seed=1 workflow=wl_subtree_kernel_mmd status=success
2026-06-05 18:38:11,140 INFO row_complete 751/2640 dataset=stochastic_block_model perturbation=triangle_injection_removal alpha=0.0 seed=1 workflow=netlsd_spectral_signatures status=failed
2026-06-05 18:38:11,141 INFO row_complete 752/2640 dataset=stochastic_block_model perturbation=triangle_injection_removal alpha=0.0 seed=1 workflow=diversity_curves_l2 status=success
2026-06-05 18:38:17,521 INFO row_complete 753/2640 dataset=stochastic_block_model perturbation=triangle_injection_removal alpha=0.1 seed=1 workflow=structural_statistics_mmd status=success
2026-06-05 18:38:17,523 INFO row_complete 754/2640 dataset=stochastic_block_model perturbation=triangle_injection_removal alpha=0.1 seed=1 workflow=wl_subtree_kernel_mmd status=success
2026-06-05 18:38:17,525 INFO row_complete 755/2640 dataset=stochastic_block_model perturbation=triangle_injection_removal alpha=0.1 seed=1 workflow=netlsd_spectral_signatures status=failed
2026-06-05 18:38:17,526 INFO row_complete 756/2640 dataset=stochastic_block_model perturbation=triangle_injection_removal alpha=0.1 seed=1 workflow=diversity_curves_l2 status=success
2026-06-05 18:38:23,902 INFO row_complete 757/2640 dataset=stochastic_block_model perturbation=triangle_injection_removal alpha=0.2 seed=1 workflow=structural_statistics_mmd status=success
2026-06-05 18:38:23,903 INFO row_complete 758/2640 dataset=stochastic_block_model perturbation=triangle_injection_removal alpha=0.2 seed=1 workflow=wl_subtree_kernel_mmd status=success
2026-06-05 18:38:23,905 INFO row_complete 759/2640 dataset=stochastic_block_model perturbation=triangle_injection_removal alpha=0.2 seed=1 workflow=netlsd_spectral_signatures status=failed
2026-06-05 18:38:23,906 INFO row_complete 760/2640 dataset=stochastic_block_model perturbation=triangle_injection_removal alpha=0.2 seed=1 workflow=diversity_curves_l2 status=success
2026-06-05 18:38:30,358 INFO row_complete 761/2640 dataset=stochastic_block_model perturbation=triangle_injection_removal alpha=0.3 seed=1 workflow=structural_statistics_mmd status=success
2026-06-05 18:38:30,359 INFO row_complete 762/2640 dataset=stochastic_block_model perturbation=triangle_injection_removal alpha=0.3 seed=1 workflow=wl_subtree_kernel_mmd status=success
2026-06-05 18:38:30,360 INFO row_complete 763/2640 dataset=stochastic_block_model perturbation=triangle_injection_removal alpha=0.3 seed=1 workflow=netlsd_spectral_signatures status=failed
2026-06-05 18:38:30,362 INFO row_complete 764/2640 dataset=stochastic_block_model perturbation=triangle_injection_removal alpha=0.3 seed=1 workflow=diversity_curves_l2 status=success
2026-06-05 18:38:36,792 INFO row_complete 765/2640 dataset=stochastic_block_model perturbation=triangle_injection_removal alpha=0.4 seed=1 workflow=structural_statistics_mmd status=success
2026-06-05 18:38:36,795 INFO row_complete 766/2640 dataset=stochastic_block_model perturbation=triangle_injection_removal alpha=0.4 seed=1 workflow=wl_subtree_kernel_mmd status=success
2026-06-05 18:38:36,796 INFO row_complete 767/2640 dataset=stochastic_block_model perturbation=triangle_injection_removal alpha=0.4 seed=1 workflow=netlsd_spectral_signatures status=failed
2026-06-05 18:38:36,797 INFO row_complete 768/2640 dataset=stochastic_block_model perturbation=triangle_injection_removal alpha=0.4 seed=1 workflow=diversity_curves_l2 status=success
2026-06-05 18:38:43,055 INFO row_complete 769/2640 dataset=stochastic_block_model perturbation=triangle_injection_removal alpha=0.5 seed=1 workflow=structural_statistics_mmd status=success
2026-06-05 18:38:43,058 INFO row_complete 770/2640 dataset=stochastic_block_model perturbation=triangle_injection_removal alpha=0.5 seed=1 workflow=wl_subtree_kernel_mmd status=success
2026-06-05 18:38:43,061 INFO row_complete 771/2640 dataset=stochastic_block_model perturbation=triangle_injection_removal alpha=0.5 seed=1 workflow=netlsd_spectral_signatures status=failed
2026-06-05 18:38:43,063 INFO row_complete 772/2640 dataset=stochastic_block_model perturbation=triangle_injection_removal alpha=0.5 seed=1 workflow=diversity_curves_l2 status=success
2026-06-05 18:38:49,428 INFO row_complete 773/2640 dataset=stochastic_block_model perturbation=triangle_injection_removal alpha=0.6 seed=1 workflow=structural_statistics_mmd status=success
2026-06-05 18:38:49,430 INFO row_complete 774/2640 dataset=stochastic_block_model perturbation=triangle_injection_removal alpha=0.6 seed=1 workflow=wl_subtree_kernel_mmd status=success
2026-06-05 18:38:49,431 INFO row_complete 775/2640 dataset=stochastic_block_model perturbation=triangle_injection_removal alpha=0.6 seed=1 workflow=netlsd_spectral_signatures status=failed
2026-06-05 18:38:49,432 INFO row_complete 776/2640 dataset=stochastic_block_model perturbation=triangle_injection_removal alpha=0.6 seed=1 workflow=diversity_curves_l2 status=success
2026-06-05 18:38:55,781 INFO row_complete 777/2640 dataset=stochastic_block_model perturbation=triangle_injection_removal alpha=0.7 seed=1 workflow=structural_statistics_mmd status=success
2026-06-05 18:38:55,782 INFO row_complete 778/2640 dataset=stochastic_block_model perturbation=triangle_injection_removal alpha=0.7 seed=1 workflow=wl_subtree_kernel_mmd status=success
2026-06-05 18:38:55,784 INFO row_complete 779/2640 dataset=stochastic_block_model perturbation=triangle_injection_removal alpha=0.7 seed=1 workflow=netlsd_spectral_signatures status=failed
2026-06-05 18:38:55,785 INFO row_complete 780/2640 dataset=stochastic_block_model perturbation=triangle_injection_removal alpha=0.7 seed=1 workflow=diversity_curves_l2 status=success
2026-06-05 18:39:02,341 INFO row_complete 781/2640 dataset=stochastic_block_model perturbation=triangle_injection_removal alpha=0.8 seed=1 workflow=structural_statistics_mmd status=success
2026-06-05 18:39:02,342 INFO row_complete 782/2640 dataset=stochastic_block_model perturbation=triangle_injection_removal alpha=0.8 seed=1 workflow=wl_subtree_kernel_mmd status=success
2026-06-05 18:39:02,343 INFO row_complete 783/2640 dataset=stochastic_block_model perturbation=triangle_injection_removal alpha=0.8 seed=1 workflow=netlsd_spectral_signatures status=failed
2026-06-05 18:39:02,344 INFO row_complete 784/2640 dataset=stochastic_block_model perturbation=triangle_injection_removal alpha=0.8 seed=1 workflow=diversity_curves_l2 status=success
2026-06-05 18:39:08,750 INFO row_complete 785/2640 dataset=stochastic_block_model perturbation=triangle_injection_removal alpha=0.9 seed=1 workflow=structural_statistics_mmd status=success
2026-06-05 18:39:08,752 INFO row_complete 786/2640 dataset=stochastic_block_model perturbation=triangle_injection_removal alpha=0.9 seed=1 workflow=wl_subtree_kernel_mmd status=success
2026-06-05 18:39:08,753 INFO row_complete 787/2640 dataset=stochastic_block_model perturbation=triangle_injection_removal alpha=0.9 seed=1 workflow=netlsd_spectral_signatures status=failed
2026-06-05 18:39:08,754 INFO row_complete 788/2640 dataset=stochastic_block_model perturbation=triangle_injection_removal alpha=0.9 seed=1 workflow=diversity_curves_l2 status=success
2026-06-05 18:39:15,169 INFO row_complete 789/2640 dataset=stochastic_block_model perturbation=triangle_injection_removal alpha=1.0 seed=1 workflow=structural_statistics_mmd status=success
2026-06-05 18:39:15,171 INFO row_complete 790/2640 dataset=stochastic_block_model perturbation=triangle_injection_removal alpha=1.0 seed=1 workflow=wl_subtree_kernel_mmd status=success
2026-06-05 18:39:15,172 INFO row_complete 791/2640 dataset=stochastic_block_model perturbation=triangle_injection_removal alpha=1.0 seed=1 workflow=netlsd_spectral_signatures status=failed
2026-06-05 18:39:15,173 INFO row_complete 792/2640 dataset=stochastic_block_model perturbation=triangle_injection_removal alpha=1.0 seed=1 workflow=diversity_curves_l2 status=success
2026-06-05 18:39:21,247 INFO row_complete 793/2640 dataset=stochastic_block_model perturbation=community_weakening alpha=0.0 seed=1 workflow=structural_statistics_mmd status=success
2026-06-05 18:39:21,250 INFO row_complete 794/2640 dataset=stochastic_block_model perturbation=community_weakening alpha=0.0 seed=1 workflow=wl_subtree_kernel_mmd status=success
2026-06-05 18:39:21,253 INFO row_complete 795/2640 dataset=stochastic_block_model perturbation=community_weakening alpha=0.0 seed=1 workflow=netlsd_spectral_signatures status=failed
2026-06-05 18:39:21,256 INFO row_complete 796/2640 dataset=stochastic_block_model perturbation=community_weakening alpha=0.0 seed=1 workflow=diversity_curves_l2 status=success
2026-06-05 18:39:27,104 INFO row_complete 797/2640 dataset=stochastic_block_model perturbation=community_weakening alpha=0.1 seed=1 workflow=structural_statistics_mmd status=success
2026-06-05 18:39:27,106 INFO row_complete 798/2640 dataset=stochastic_block_model perturbation=community_weakening alpha=0.1 seed=1 workflow=wl_subtree_kernel_mmd status=success
2026-06-05 18:39:27,107 INFO row_complete 799/2640 dataset=stochastic_block_model perturbation=community_weakening alpha=0.1 seed=1 workflow=netlsd_spectral_signatures status=failed
2026-06-05 18:39:27,108 INFO row_complete 800/2640 dataset=stochastic_block_model perturbation=community_weakening alpha=0.1 seed=1 workflow=diversity_curves_l2 status=success
2026-06-05 18:39:32,855 INFO row_complete 801/2640 dataset=stochastic_block_model perturbation=community_weakening alpha=0.2 seed=1 workflow=structural_statistics_mmd status=success
2026-06-05 18:39:32,856 INFO row_complete 802/2640 dataset=stochastic_block_model perturbation=community_weakening alpha=0.2 seed=1 workflow=wl_subtree_kernel_mmd status=success
2026-06-05 18:39:32,858 INFO row_complete 803/2640 dataset=stochastic_block_model perturbation=community_weakening alpha=0.2 seed=1 workflow=netlsd_spectral_signatures status=failed
2026-06-05 18:39:32,859 INFO row_complete 804/2640 dataset=stochastic_block_model perturbation=community_weakening alpha=0.2 seed=1 workflow=diversity_curves_l2 status=success
2026-06-05 18:39:38,779 INFO row_complete 805/2640 dataset=stochastic_block_model perturbation=community_weakening alpha=0.3 seed=1 workflow=structural_statistics_mmd status=success
2026-06-05 18:39:38,781 INFO row_complete 806/2640 dataset=stochastic_block_model perturbation=community_weakening alpha=0.3 seed=1 workflow=wl_subtree_kernel_mmd status=success
2026-06-05 18:39:38,782 INFO row_complete 807/2640 dataset=stochastic_block_model perturbation=community_weakening alpha=0.3 seed=1 workflow=netlsd_spectral_signatures status=failed
2026-06-05 18:39:38,783 INFO row_complete 808/2640 dataset=stochastic_block_model perturbation=community_weakening alpha=0.3 seed=1 workflow=diversity_curves_l2 status=success
2026-06-05 18:39:44,548 INFO row_complete 809/2640 dataset=stochastic_block_model perturbation=community_weakening alpha=0.4 seed=1 workflow=structural_statistics_mmd status=success
2026-06-05 18:39:44,549 INFO row_complete 810/2640 dataset=stochastic_block_model perturbation=community_weakening alpha=0.4 seed=1 workflow=wl_subtree_kernel_mmd status=success
2026-06-05 18:39:44,550 INFO row_complete 811/2640 dataset=stochastic_block_model perturbation=community_weakening alpha=0.4 seed=1 workflow=netlsd_spectral_signatures status=failed
2026-06-05 18:39:44,552 INFO row_complete 812/2640 dataset=stochastic_block_model perturbation=community_weakening alpha=0.4 seed=1 workflow=diversity_curves_l2 status=success
2026-06-05 18:39:50,430 INFO row_complete 813/2640 dataset=stochastic_block_model perturbation=community_weakening alpha=0.5 seed=1 workflow=structural_statistics_mmd status=success
2026-06-05 18:39:50,432 INFO row_complete 814/2640 dataset=stochastic_block_model perturbation=community_weakening alpha=0.5 seed=1 workflow=wl_subtree_kernel_mmd status=success
2026-06-05 18:39:50,434 INFO row_complete 815/2640 dataset=stochastic_block_model perturbation=community_weakening alpha=0.5 seed=1 workflow=netlsd_spectral_signatures status=failed
2026-06-05 18:39:50,435 INFO row_complete 816/2640 dataset=stochastic_block_model perturbation=community_weakening alpha=0.5 seed=1 workflow=diversity_curves_l2 status=success
2026-06-05 18:39:56,249 INFO row_complete 817/2640 dataset=stochastic_block_model perturbation=community_weakening alpha=0.6 seed=1 workflow=structural_statistics_mmd status=success
2026-06-05 18:39:56,250 INFO row_complete 818/2640 dataset=stochastic_block_model perturbation=community_weakening alpha=0.6 seed=1 workflow=wl_subtree_kernel_mmd status=success
2026-06-05 18:39:56,252 INFO row_complete 819/2640 dataset=stochastic_block_model perturbation=community_weakening alpha=0.6 seed=1 workflow=netlsd_spectral_signatures status=failed
2026-06-05 18:39:56,253 INFO row_complete 820/2640 dataset=stochastic_block_model perturbation=community_weakening alpha=0.6 seed=1 workflow=diversity_curves_l2 status=success
2026-06-05 18:40:02,090 INFO row_complete 821/2640 dataset=stochastic_block_model perturbation=community_weakening alpha=0.7 seed=1 workflow=structural_statistics_mmd status=success
2026-06-05 18:40:02,091 INFO row_complete 822/2640 dataset=stochastic_block_model perturbation=community_weakening alpha=0.7 seed=1 workflow=wl_subtree_kernel_mmd status=success
2026-06-05 18:40:02,092 INFO row_complete 823/2640 dataset=stochastic_block_model perturbation=community_weakening alpha=0.7 seed=1 workflow=netlsd_spectral_signatures status=failed
2026-06-05 18:40:02,094 INFO row_complete 824/2640 dataset=stochastic_block_model perturbation=community_weakening alpha=0.7 seed=1 workflow=diversity_curves_l2 status=success
2026-06-05 18:40:08,027 INFO row_complete 825/2640 dataset=stochastic_block_model perturbation=community_weakening alpha=0.8 seed=1 workflow=structural_statistics_mmd status=success
2026-06-05 18:40:08,028 INFO row_complete 826/2640 dataset=stochastic_block_model perturbation=community_weakening alpha=0.8 seed=1 workflow=wl_subtree_kernel_mmd status=success
2026-06-05 18:40:08,030 INFO row_complete 827/2640 dataset=stochastic_block_model perturbation=community_weakening alpha=0.8 seed=1 workflow=netlsd_spectral_signatures status=failed
2026-06-05 18:40:08,031 INFO row_complete 828/2640 dataset=stochastic_block_model perturbation=community_weakening alpha=0.8 seed=1 workflow=diversity_curves_l2 status=success
2026-06-05 18:40:13,741 INFO row_complete 829/2640 dataset=stochastic_block_model perturbation=community_weakening alpha=0.9 seed=1 workflow=structural_statistics_mmd status=success
2026-06-05 18:40:13,742 INFO row_complete 830/2640 dataset=stochastic_block_model perturbation=community_weakening alpha=0.9 seed=1 workflow=wl_subtree_kernel_mmd status=success
2026-06-05 18:40:13,744 INFO row_complete 831/2640 dataset=stochastic_block_model perturbation=community_weakening alpha=0.9 seed=1 workflow=netlsd_spectral_signatures status=failed
2026-06-05 18:40:13,745 INFO row_complete 832/2640 dataset=stochastic_block_model perturbation=community_weakening alpha=0.9 seed=1 workflow=diversity_curves_l2 status=success
2026-06-05 18:40:19,670 INFO row_complete 833/2640 dataset=stochastic_block_model perturbation=community_weakening alpha=1.0 seed=1 workflow=structural_statistics_mmd status=success
2026-06-05 18:40:19,672 INFO row_complete 834/2640 dataset=stochastic_block_model perturbation=community_weakening alpha=1.0 seed=1 workflow=wl_subtree_kernel_mmd status=success
2026-06-05 18:40:19,673 INFO row_complete 835/2640 dataset=stochastic_block_model perturbation=community_weakening alpha=1.0 seed=1 workflow=netlsd_spectral_signatures status=failed
2026-06-05 18:40:19,674 INFO row_complete 836/2640 dataset=stochastic_block_model perturbation=community_weakening alpha=1.0 seed=1 workflow=diversity_curves_l2 status=success
2026-06-05 18:40:25,326 INFO row_complete 837/2640 dataset=stochastic_block_model perturbation=hub_modification alpha=0.0 seed=1 workflow=structural_statistics_mmd status=success
2026-06-05 18:40:25,327 INFO row_complete 838/2640 dataset=stochastic_block_model perturbation=hub_modification alpha=0.0 seed=1 workflow=wl_subtree_kernel_mmd status=success
2026-06-05 18:40:25,329 INFO row_complete 839/2640 dataset=stochastic_block_model perturbation=hub_modification alpha=0.0 seed=1 workflow=netlsd_spectral_signatures status=failed
2026-06-05 18:40:25,330 INFO row_complete 840/2640 dataset=stochastic_block_model perturbation=hub_modification alpha=0.0 seed=1 workflow=diversity_curves_l2 status=success
2026-06-05 18:40:31,121 INFO row_complete 841/2640 dataset=stochastic_block_model perturbation=hub_modification alpha=0.1 seed=1 workflow=structural_statistics_mmd status=success
2026-06-05 18:40:31,122 INFO row_complete 842/2640 dataset=stochastic_block_model perturbation=hub_modification alpha=0.1 seed=1 workflow=wl_subtree_kernel_mmd status=success
2026-06-05 18:40:31,124 INFO row_complete 843/2640 dataset=stochastic_block_model perturbation=hub_modification alpha=0.1 seed=1 workflow=netlsd_spectral_signatures status=failed
2026-06-05 18:40:31,125 INFO row_complete 844/2640 dataset=stochastic_block_model perturbation=hub_modification alpha=0.1 seed=1 workflow=diversity_curves_l2 status=success
2026-06-05 18:40:36,919 INFO row_complete 845/2640 dataset=stochastic_block_model perturbation=hub_modification alpha=0.2 seed=1 workflow=structural_statistics_mmd status=success
2026-06-05 18:40:36,921 INFO row_complete 846/2640 dataset=stochastic_block_model perturbation=hub_modification alpha=0.2 seed=1 workflow=wl_subtree_kernel_mmd status=success
2026-06-05 18:40:36,922 INFO row_complete 847/2640 dataset=stochastic_block_model perturbation=hub_modification alpha=0.2 seed=1 workflow=netlsd_spectral_signatures status=failed
2026-06-05 18:40:36,923 INFO row_complete 848/2640 dataset=stochastic_block_model perturbation=hub_modification alpha=0.2 seed=1 workflow=diversity_curves_l2 status=success
2026-06-05 18:40:42,677 INFO row_complete 849/2640 dataset=stochastic_block_model perturbation=hub_modification alpha=0.3 seed=1 workflow=structural_statistics_mmd status=success
2026-06-05 18:40:42,679 INFO row_complete 850/2640 dataset=stochastic_block_model perturbation=hub_modification alpha=0.3 seed=1 workflow=wl_subtree_kernel_mmd status=success
2026-06-05 18:40:42,680 INFO row_complete 851/2640 dataset=stochastic_block_model perturbation=hub_modification alpha=0.3 seed=1 workflow=netlsd_spectral_signatures status=failed
2026-06-05 18:40:42,681 INFO row_complete 852/2640 dataset=stochastic_block_model perturbation=hub_modification alpha=0.3 seed=1 workflow=diversity_curves_l2 status=success
2026-06-05 18:40:48,463 INFO row_complete 853/2640 dataset=stochastic_block_model perturbation=hub_modification alpha=0.4 seed=1 workflow=structural_statistics_mmd status=success
2026-06-05 18:40:48,465 INFO row_complete 854/2640 dataset=stochastic_block_model perturbation=hub_modification alpha=0.4 seed=1 workflow=wl_subtree_kernel_mmd status=success
2026-06-05 18:40:48,466 INFO row_complete 855/2640 dataset=stochastic_block_model perturbation=hub_modification alpha=0.4 seed=1 workflow=netlsd_spectral_signatures status=failed
2026-06-05 18:40:48,467 INFO row_complete 856/2640 dataset=stochastic_block_model perturbation=hub_modification alpha=0.4 seed=1 workflow=diversity_curves_l2 status=success
2026-06-05 18:40:54,351 INFO row_complete 857/2640 dataset=stochastic_block_model perturbation=hub_modification alpha=0.5 seed=1 workflow=structural_statistics_mmd status=success
2026-06-05 18:40:54,352 INFO row_complete 858/2640 dataset=stochastic_block_model perturbation=hub_modification alpha=0.5 seed=1 workflow=wl_subtree_kernel_mmd status=success
2026-06-05 18:40:54,354 INFO row_complete 859/2640 dataset=stochastic_block_model perturbation=hub_modification alpha=0.5 seed=1 workflow=netlsd_spectral_signatures status=failed
2026-06-05 18:40:54,355 INFO row_complete 860/2640 dataset=stochastic_block_model perturbation=hub_modification alpha=0.5 seed=1 workflow=diversity_curves_l2 status=success
2026-06-05 18:41:00,105 INFO row_complete 861/2640 dataset=stochastic_block_model perturbation=hub_modification alpha=0.6 seed=1 workflow=structural_statistics_mmd status=success
2026-06-05 18:41:00,106 INFO row_complete 862/2640 dataset=stochastic_block_model perturbation=hub_modification alpha=0.6 seed=1 workflow=wl_subtree_kernel_mmd status=success
2026-06-05 18:41:00,108 INFO row_complete 863/2640 dataset=stochastic_block_model perturbation=hub_modification alpha=0.6 seed=1 workflow=netlsd_spectral_signatures status=failed
2026-06-05 18:41:00,111 INFO row_complete 864/2640 dataset=stochastic_block_model perturbation=hub_modification alpha=0.6 seed=1 workflow=diversity_curves_l2 status=success
2026-06-05 18:41:05,879 INFO row_complete 865/2640 dataset=stochastic_block_model perturbation=hub_modification alpha=0.7 seed=1 workflow=structural_statistics_mmd status=success
2026-06-05 18:41:05,880 INFO row_complete 866/2640 dataset=stochastic_block_model perturbation=hub_modification alpha=0.7 seed=1 workflow=wl_subtree_kernel_mmd status=success
2026-06-05 18:41:05,881 INFO row_complete 867/2640 dataset=stochastic_block_model perturbation=hub_modification alpha=0.7 seed=1 workflow=netlsd_spectral_signatures status=failed
2026-06-05 18:41:05,882 INFO row_complete 868/2640 dataset=stochastic_block_model perturbation=hub_modification alpha=0.7 seed=1 workflow=diversity_curves_l2 status=success
2026-06-05 18:41:11,778 INFO row_complete 869/2640 dataset=stochastic_block_model perturbation=hub_modification alpha=0.8 seed=1 workflow=structural_statistics_mmd status=success
2026-06-05 18:41:11,779 INFO row_complete 870/2640 dataset=stochastic_block_model perturbation=hub_modification alpha=0.8 seed=1 workflow=wl_subtree_kernel_mmd status=success
2026-06-05 18:41:11,780 INFO row_complete 871/2640 dataset=stochastic_block_model perturbation=hub_modification alpha=0.8 seed=1 workflow=netlsd_spectral_signatures status=failed
2026-06-05 18:41:11,782 INFO row_complete 872/2640 dataset=stochastic_block_model perturbation=hub_modification alpha=0.8 seed=1 workflow=diversity_curves_l2 status=success
2026-06-05 18:41:17,582 INFO row_complete 873/2640 dataset=stochastic_block_model perturbation=hub_modification alpha=0.9 seed=1 workflow=structural_statistics_mmd status=success
2026-06-05 18:41:17,583 INFO row_complete 874/2640 dataset=stochastic_block_model perturbation=hub_modification alpha=0.9 seed=1 workflow=wl_subtree_kernel_mmd status=success
2026-06-05 18:41:17,584 INFO row_complete 875/2640 dataset=stochastic_block_model perturbation=hub_modification alpha=0.9 seed=1 workflow=netlsd_spectral_signatures status=failed
2026-06-05 18:41:17,586 INFO row_complete 876/2640 dataset=stochastic_block_model perturbation=hub_modification alpha=0.9 seed=1 workflow=diversity_curves_l2 status=success
2026-06-05 18:41:23,252 INFO row_complete 877/2640 dataset=stochastic_block_model perturbation=hub_modification alpha=1.0 seed=1 workflow=structural_statistics_mmd status=success
2026-06-05 18:41:23,254 INFO row_complete 878/2640 dataset=stochastic_block_model perturbation=hub_modification alpha=1.0 seed=1 workflow=wl_subtree_kernel_mmd status=success
2026-06-05 18:41:23,255 INFO row_complete 879/2640 dataset=stochastic_block_model perturbation=hub_modification alpha=1.0 seed=1 workflow=netlsd_spectral_signatures status=failed
2026-06-05 18:41:23,256 INFO row_complete 880/2640 dataset=stochastic_block_model perturbation=hub_modification alpha=1.0 seed=1 workflow=diversity_curves_l2 status=success
2026-06-05 18:41:28,963 INFO row_complete 881/2640 dataset=barabasi_albert perturbation=edge_addition_deletion alpha=0.0 seed=1 workflow=structural_statistics_mmd status=success
2026-06-05 18:41:28,964 INFO row_complete 882/2640 dataset=barabasi_albert perturbation=edge_addition_deletion alpha=0.0 seed=1 workflow=wl_subtree_kernel_mmd status=success
2026-06-05 18:41:28,965 INFO row_complete 883/2640 dataset=barabasi_albert perturbation=edge_addition_deletion alpha=0.0 seed=1 workflow=netlsd_spectral_signatures status=failed
2026-06-05 18:41:28,967 INFO row_complete 884/2640 dataset=barabasi_albert perturbation=edge_addition_deletion alpha=0.0 seed=1 workflow=diversity_curves_l2 status=success
2026-06-05 18:41:34,562 INFO row_complete 885/2640 dataset=barabasi_albert perturbation=edge_addition_deletion alpha=0.1 seed=1 workflow=structural_statistics_mmd status=success
2026-06-05 18:41:34,564 INFO row_complete 886/2640 dataset=barabasi_albert perturbation=edge_addition_deletion alpha=0.1 seed=1 workflow=wl_subtree_kernel_mmd status=success
2026-06-05 18:41:34,565 INFO row_complete 887/2640 dataset=barabasi_albert perturbation=edge_addition_deletion alpha=0.1 seed=1 workflow=netlsd_spectral_signatures status=failed
2026-06-05 18:41:34,566 INFO row_complete 888/2640 dataset=barabasi_albert perturbation=edge_addition_deletion alpha=0.1 seed=1 workflow=diversity_curves_l2 status=success
2026-06-05 18:41:40,302 INFO row_complete 889/2640 dataset=barabasi_albert perturbation=edge_addition_deletion alpha=0.2 seed=1 workflow=structural_statistics_mmd status=success
2026-06-05 18:41:40,303 INFO row_complete 890/2640 dataset=barabasi_albert perturbation=edge_addition_deletion alpha=0.2 seed=1 workflow=wl_subtree_kernel_mmd status=success
2026-06-05 18:41:40,305 INFO row_complete 891/2640 dataset=barabasi_albert perturbation=edge_addition_deletion alpha=0.2 seed=1 workflow=netlsd_spectral_signatures status=failed
2026-06-05 18:41:40,306 INFO row_complete 892/2640 dataset=barabasi_albert perturbation=edge_addition_deletion alpha=0.2 seed=1 workflow=diversity_curves_l2 status=success
2026-06-05 18:41:46,056 INFO row_complete 893/2640 dataset=barabasi_albert perturbation=edge_addition_deletion alpha=0.3 seed=1 workflow=structural_statistics_mmd status=success
2026-06-05 18:41:46,057 INFO row_complete 894/2640 dataset=barabasi_albert perturbation=edge_addition_deletion alpha=0.3 seed=1 workflow=wl_subtree_kernel_mmd status=success
2026-06-05 18:41:46,058 INFO row_complete 895/2640 dataset=barabasi_albert perturbation=edge_addition_deletion alpha=0.3 seed=1 workflow=netlsd_spectral_signatures status=failed
2026-06-05 18:41:46,060 INFO row_complete 896/2640 dataset=barabasi_albert perturbation=edge_addition_deletion alpha=0.3 seed=1 workflow=diversity_curves_l2 status=success
2026-06-05 18:41:51,798 INFO row_complete 897/2640 dataset=barabasi_albert perturbation=edge_addition_deletion alpha=0.4 seed=1 workflow=structural_statistics_mmd status=success
2026-06-05 18:41:51,799 INFO row_complete 898/2640 dataset=barabasi_albert perturbation=edge_addition_deletion alpha=0.4 seed=1 workflow=wl_subtree_kernel_mmd status=success
2026-06-05 18:41:51,800 INFO row_complete 899/2640 dataset=barabasi_albert perturbation=edge_addition_deletion alpha=0.4 seed=1 workflow=netlsd_spectral_signatures status=failed
2026-06-05 18:41:51,802 INFO row_complete 900/2640 dataset=barabasi_albert perturbation=edge_addition_deletion alpha=0.4 seed=1 workflow=diversity_curves_l2 status=success
2026-06-05 18:41:57,534 INFO row_complete 901/2640 dataset=barabasi_albert perturbation=edge_addition_deletion alpha=0.5 seed=1 workflow=structural_statistics_mmd status=success
2026-06-05 18:41:57,536 INFO row_complete 902/2640 dataset=barabasi_albert perturbation=edge_addition_deletion alpha=0.5 seed=1 workflow=wl_subtree_kernel_mmd status=success
2026-06-05 18:41:57,537 INFO row_complete 903/2640 dataset=barabasi_albert perturbation=edge_addition_deletion alpha=0.5 seed=1 workflow=netlsd_spectral_signatures status=failed
2026-06-05 18:41:57,538 INFO row_complete 904/2640 dataset=barabasi_albert perturbation=edge_addition_deletion alpha=0.5 seed=1 workflow=diversity_curves_l2 status=success
2026-06-05 18:42:03,159 INFO row_complete 905/2640 dataset=barabasi_albert perturbation=edge_addition_deletion alpha=0.6 seed=1 workflow=structural_statistics_mmd status=success
2026-06-05 18:42:03,160 INFO row_complete 906/2640 dataset=barabasi_albert perturbation=edge_addition_deletion alpha=0.6 seed=1 workflow=wl_subtree_kernel_mmd status=success
2026-06-05 18:42:03,161 INFO row_complete 907/2640 dataset=barabasi_albert perturbation=edge_addition_deletion alpha=0.6 seed=1 workflow=netlsd_spectral_signatures status=failed
2026-06-05 18:42:03,162 INFO row_complete 908/2640 dataset=barabasi_albert perturbation=edge_addition_deletion alpha=0.6 seed=1 workflow=diversity_curves_l2 status=success
2026-06-05 18:42:08,756 INFO row_complete 909/2640 dataset=barabasi_albert perturbation=edge_addition_deletion alpha=0.7 seed=1 workflow=structural_statistics_mmd status=success
2026-06-05 18:42:08,757 INFO row_complete 910/2640 dataset=barabasi_albert perturbation=edge_addition_deletion alpha=0.7 seed=1 workflow=wl_subtree_kernel_mmd status=success
2026-06-05 18:42:08,760 INFO row_complete 911/2640 dataset=barabasi_albert perturbation=edge_addition_deletion alpha=0.7 seed=1 workflow=netlsd_spectral_signatures status=failed
2026-06-05 18:42:08,763 INFO row_complete 912/2640 dataset=barabasi_albert perturbation=edge_addition_deletion alpha=0.7 seed=1 workflow=diversity_curves_l2 status=success
2026-06-05 18:42:14,287 INFO row_complete 913/2640 dataset=barabasi_albert perturbation=edge_addition_deletion alpha=0.8 seed=1 workflow=structural_statistics_mmd status=success
2026-06-05 18:42:14,288 INFO row_complete 914/2640 dataset=barabasi_albert perturbation=edge_addition_deletion alpha=0.8 seed=1 workflow=wl_subtree_kernel_mmd status=success
2026-06-05 18:42:14,290 INFO row_complete 915/2640 dataset=barabasi_albert perturbation=edge_addition_deletion alpha=0.8 seed=1 workflow=netlsd_spectral_signatures status=failed
2026-06-05 18:42:14,291 INFO row_complete 916/2640 dataset=barabasi_albert perturbation=edge_addition_deletion alpha=0.8 seed=1 workflow=diversity_curves_l2 status=success
2026-06-05 18:42:20,002 INFO row_complete 917/2640 dataset=barabasi_albert perturbation=edge_addition_deletion alpha=0.9 seed=1 workflow=structural_statistics_mmd status=success
2026-06-05 18:42:20,003 INFO row_complete 918/2640 dataset=barabasi_albert perturbation=edge_addition_deletion alpha=0.9 seed=1 workflow=wl_subtree_kernel_mmd status=success
2026-06-05 18:42:20,004 INFO row_complete 919/2640 dataset=barabasi_albert perturbation=edge_addition_deletion alpha=0.9 seed=1 workflow=netlsd_spectral_signatures status=failed
2026-06-05 18:42:20,006 INFO row_complete 920/2640 dataset=barabasi_albert perturbation=edge_addition_deletion alpha=0.9 seed=1 workflow=diversity_curves_l2 status=success
2026-06-05 18:42:25,703 INFO row_complete 921/2640 dataset=barabasi_albert perturbation=edge_addition_deletion alpha=1.0 seed=1 workflow=structural_statistics_mmd status=success
2026-06-05 18:42:25,705 INFO row_complete 922/2640 dataset=barabasi_albert perturbation=edge_addition_deletion alpha=1.0 seed=1 workflow=wl_subtree_kernel_mmd status=success
2026-06-05 18:42:25,706 INFO row_complete 923/2640 dataset=barabasi_albert perturbation=edge_addition_deletion alpha=1.0 seed=1 workflow=netlsd_spectral_signatures status=failed
2026-06-05 18:42:25,707 INFO row_complete 924/2640 dataset=barabasi_albert perturbation=edge_addition_deletion alpha=1.0 seed=1 workflow=diversity_curves_l2 status=success
2026-06-05 18:42:31,371 INFO row_complete 925/2640 dataset=barabasi_albert perturbation=triangle_injection_removal alpha=0.0 seed=1 workflow=structural_statistics_mmd status=success
2026-06-05 18:42:31,373 INFO row_complete 926/2640 dataset=barabasi_albert perturbation=triangle_injection_removal alpha=0.0 seed=1 workflow=wl_subtree_kernel_mmd status=success
2026-06-05 18:42:31,374 INFO row_complete 927/2640 dataset=barabasi_albert perturbation=triangle_injection_removal alpha=0.0 seed=1 workflow=netlsd_spectral_signatures status=failed
2026-06-05 18:42:31,375 INFO row_complete 928/2640 dataset=barabasi_albert perturbation=triangle_injection_removal alpha=0.0 seed=1 workflow=diversity_curves_l2 status=success
2026-06-05 18:42:37,822 INFO row_complete 929/2640 dataset=barabasi_albert perturbation=triangle_injection_removal alpha=0.1 seed=1 workflow=structural_statistics_mmd status=success
2026-06-05 18:42:37,823 INFO row_complete 930/2640 dataset=barabasi_albert perturbation=triangle_injection_removal alpha=0.1 seed=1 workflow=wl_subtree_kernel_mmd status=success
2026-06-05 18:42:37,824 INFO row_complete 931/2640 dataset=barabasi_albert perturbation=triangle_injection_removal alpha=0.1 seed=1 workflow=netlsd_spectral_signatures status=failed
2026-06-05 18:42:37,825 INFO row_complete 932/2640 dataset=barabasi_albert perturbation=triangle_injection_removal alpha=0.1 seed=1 workflow=diversity_curves_l2 status=success
2026-06-05 18:42:44,188 INFO row_complete 933/2640 dataset=barabasi_albert perturbation=triangle_injection_removal alpha=0.2 seed=1 workflow=structural_statistics_mmd status=success
2026-06-05 18:42:44,189 INFO row_complete 934/2640 dataset=barabasi_albert perturbation=triangle_injection_removal alpha=0.2 seed=1 workflow=wl_subtree_kernel_mmd status=success
2026-06-05 18:42:44,190 INFO row_complete 935/2640 dataset=barabasi_albert perturbation=triangle_injection_removal alpha=0.2 seed=1 workflow=netlsd_spectral_signatures status=failed
2026-06-05 18:42:44,192 INFO row_complete 936/2640 dataset=barabasi_albert perturbation=triangle_injection_removal alpha=0.2 seed=1 workflow=diversity_curves_l2 status=success
2026-06-05 18:42:50,479 INFO row_complete 937/2640 dataset=barabasi_albert perturbation=triangle_injection_removal alpha=0.3 seed=1 workflow=structural_statistics_mmd status=success
2026-06-05 18:42:50,481 INFO row_complete 938/2640 dataset=barabasi_albert perturbation=triangle_injection_removal alpha=0.3 seed=1 workflow=wl_subtree_kernel_mmd status=success
2026-06-05 18:42:50,482 INFO row_complete 939/2640 dataset=barabasi_albert perturbation=triangle_injection_removal alpha=0.3 seed=1 workflow=netlsd_spectral_signatures status=failed
2026-06-05 18:42:50,483 INFO row_complete 940/2640 dataset=barabasi_albert perturbation=triangle_injection_removal alpha=0.3 seed=1 workflow=diversity_curves_l2 status=success
2026-06-05 18:42:56,667 INFO row_complete 941/2640 dataset=barabasi_albert perturbation=triangle_injection_removal alpha=0.4 seed=1 workflow=structural_statistics_mmd status=success
2026-06-05 18:42:56,668 INFO row_complete 942/2640 dataset=barabasi_albert perturbation=triangle_injection_removal alpha=0.4 seed=1 workflow=wl_subtree_kernel_mmd status=success
2026-06-05 18:42:56,669 INFO row_complete 943/2640 dataset=barabasi_albert perturbation=triangle_injection_removal alpha=0.4 seed=1 workflow=netlsd_spectral_signatures status=failed
2026-06-05 18:42:56,670 INFO row_complete 944/2640 dataset=barabasi_albert perturbation=triangle_injection_removal alpha=0.4 seed=1 workflow=diversity_curves_l2 status=success
2026-06-05 18:43:02,842 INFO row_complete 945/2640 dataset=barabasi_albert perturbation=triangle_injection_removal alpha=0.5 seed=1 workflow=structural_statistics_mmd status=success
2026-06-05 18:43:02,845 INFO row_complete 946/2640 dataset=barabasi_albert perturbation=triangle_injection_removal alpha=0.5 seed=1 workflow=wl_subtree_kernel_mmd status=success
2026-06-05 18:43:02,847 INFO row_complete 947/2640 dataset=barabasi_albert perturbation=triangle_injection_removal alpha=0.5 seed=1 workflow=netlsd_spectral_signatures status=failed
2026-06-05 18:43:02,850 INFO row_complete 948/2640 dataset=barabasi_albert perturbation=triangle_injection_removal alpha=0.5 seed=1 workflow=diversity_curves_l2 status=success
2026-06-05 18:43:09,101 INFO row_complete 949/2640 dataset=barabasi_albert perturbation=triangle_injection_removal alpha=0.6 seed=1 workflow=structural_statistics_mmd status=success
2026-06-05 18:43:09,103 INFO row_complete 950/2640 dataset=barabasi_albert perturbation=triangle_injection_removal alpha=0.6 seed=1 workflow=wl_subtree_kernel_mmd status=success
2026-06-05 18:43:09,104 INFO row_complete 951/2640 dataset=barabasi_albert perturbation=triangle_injection_removal alpha=0.6 seed=1 workflow=netlsd_spectral_signatures status=failed
2026-06-05 18:43:09,105 INFO row_complete 952/2640 dataset=barabasi_albert perturbation=triangle_injection_removal alpha=0.6 seed=1 workflow=diversity_curves_l2 status=success
2026-06-05 18:43:15,367 INFO row_complete 953/2640 dataset=barabasi_albert perturbation=triangle_injection_removal alpha=0.7 seed=1 workflow=structural_statistics_mmd status=success
2026-06-05 18:43:15,368 INFO row_complete 954/2640 dataset=barabasi_albert perturbation=triangle_injection_removal alpha=0.7 seed=1 workflow=wl_subtree_kernel_mmd status=success
2026-06-05 18:43:15,370 INFO row_complete 955/2640 dataset=barabasi_albert perturbation=triangle_injection_removal alpha=0.7 seed=1 workflow=netlsd_spectral_signatures status=failed
2026-06-05 18:43:15,371 INFO row_complete 956/2640 dataset=barabasi_albert perturbation=triangle_injection_removal alpha=0.7 seed=1 workflow=diversity_curves_l2 status=success
2026-06-05 18:43:21,783 INFO row_complete 957/2640 dataset=barabasi_albert perturbation=triangle_injection_removal alpha=0.8 seed=1 workflow=structural_statistics_mmd status=success
2026-06-05 18:43:21,784 INFO row_complete 958/2640 dataset=barabasi_albert perturbation=triangle_injection_removal alpha=0.8 seed=1 workflow=wl_subtree_kernel_mmd status=success
2026-06-05 18:43:21,785 INFO row_complete 959/2640 dataset=barabasi_albert perturbation=triangle_injection_removal alpha=0.8 seed=1 workflow=netlsd_spectral_signatures status=failed
2026-06-05 18:43:21,787 INFO row_complete 960/2640 dataset=barabasi_albert perturbation=triangle_injection_removal alpha=0.8 seed=1 workflow=diversity_curves_l2 status=success
2026-06-05 18:43:28,204 INFO row_complete 961/2640 dataset=barabasi_albert perturbation=triangle_injection_removal alpha=0.9 seed=1 workflow=structural_statistics_mmd status=success
2026-06-05 18:43:28,206 INFO row_complete 962/2640 dataset=barabasi_albert perturbation=triangle_injection_removal alpha=0.9 seed=1 workflow=wl_subtree_kernel_mmd status=success
2026-06-05 18:43:28,207 INFO row_complete 963/2640 dataset=barabasi_albert perturbation=triangle_injection_removal alpha=0.9 seed=1 workflow=netlsd_spectral_signatures status=failed
2026-06-05 18:43:28,208 INFO row_complete 964/2640 dataset=barabasi_albert perturbation=triangle_injection_removal alpha=0.9 seed=1 workflow=diversity_curves_l2 status=success
2026-06-05 18:43:34,454 INFO row_complete 965/2640 dataset=barabasi_albert perturbation=triangle_injection_removal alpha=1.0 seed=1 workflow=structural_statistics_mmd status=success
2026-06-05 18:43:34,455 INFO row_complete 966/2640 dataset=barabasi_albert perturbation=triangle_injection_removal alpha=1.0 seed=1 workflow=wl_subtree_kernel_mmd status=success
2026-06-05 18:43:34,456 INFO row_complete 967/2640 dataset=barabasi_albert perturbation=triangle_injection_removal alpha=1.0 seed=1 workflow=netlsd_spectral_signatures status=failed
2026-06-05 18:43:34,458 INFO row_complete 968/2640 dataset=barabasi_albert perturbation=triangle_injection_removal alpha=1.0 seed=1 workflow=diversity_curves_l2 status=success
2026-06-05 18:43:34,490 INFO row_complete 969/2640 dataset=barabasi_albert perturbation=community_weakening alpha=0.0 seed=1 workflow=structural_statistics_mmd status=skipped
2026-06-05 18:43:34,491 INFO row_complete 970/2640 dataset=barabasi_albert perturbation=community_weakening alpha=0.0 seed=1 workflow=wl_subtree_kernel_mmd status=skipped
2026-06-05 18:43:34,493 INFO row_complete 971/2640 dataset=barabasi_albert perturbation=community_weakening alpha=0.0 seed=1 workflow=netlsd_spectral_signatures status=skipped
2026-06-05 18:43:34,494 INFO row_complete 972/2640 dataset=barabasi_albert perturbation=community_weakening alpha=0.0 seed=1 workflow=diversity_curves_l2 status=skipped
2026-06-05 18:43:34,519 INFO row_complete 973/2640 dataset=barabasi_albert perturbation=community_weakening alpha=0.1 seed=1 workflow=structural_statistics_mmd status=skipped
2026-06-05 18:43:34,520 INFO row_complete 974/2640 dataset=barabasi_albert perturbation=community_weakening alpha=0.1 seed=1 workflow=wl_subtree_kernel_mmd status=skipped
2026-06-05 18:43:34,521 INFO row_complete 975/2640 dataset=barabasi_albert perturbation=community_weakening alpha=0.1 seed=1 workflow=netlsd_spectral_signatures status=skipped
2026-06-05 18:43:34,522 INFO row_complete 976/2640 dataset=barabasi_albert perturbation=community_weakening alpha=0.1 seed=1 workflow=diversity_curves_l2 status=skipped
2026-06-05 18:43:34,548 INFO row_complete 977/2640 dataset=barabasi_albert perturbation=community_weakening alpha=0.2 seed=1 workflow=structural_statistics_mmd status=skipped
2026-06-05 18:43:34,549 INFO row_complete 978/2640 dataset=barabasi_albert perturbation=community_weakening alpha=0.2 seed=1 workflow=wl_subtree_kernel_mmd status=skipped
2026-06-05 18:43:34,550 INFO row_complete 979/2640 dataset=barabasi_albert perturbation=community_weakening alpha=0.2 seed=1 workflow=netlsd_spectral_signatures status=skipped
2026-06-05 18:43:34,552 INFO row_complete 980/2640 dataset=barabasi_albert perturbation=community_weakening alpha=0.2 seed=1 workflow=diversity_curves_l2 status=skipped
2026-06-05 18:43:34,578 INFO row_complete 981/2640 dataset=barabasi_albert perturbation=community_weakening alpha=0.3 seed=1 workflow=structural_statistics_mmd status=skipped
2026-06-05 18:43:34,580 INFO row_complete 982/2640 dataset=barabasi_albert perturbation=community_weakening alpha=0.3 seed=1 workflow=wl_subtree_kernel_mmd status=skipped
2026-06-05 18:43:34,581 INFO row_complete 983/2640 dataset=barabasi_albert perturbation=community_weakening alpha=0.3 seed=1 workflow=netlsd_spectral_signatures status=skipped
2026-06-05 18:43:34,582 INFO row_complete 984/2640 dataset=barabasi_albert perturbation=community_weakening alpha=0.3 seed=1 workflow=diversity_curves_l2 status=skipped
2026-06-05 18:43:34,607 INFO row_complete 985/2640 dataset=barabasi_albert perturbation=community_weakening alpha=0.4 seed=1 workflow=structural_statistics_mmd status=skipped
2026-06-05 18:43:34,609 INFO row_complete 986/2640 dataset=barabasi_albert perturbation=community_weakening alpha=0.4 seed=1 workflow=wl_subtree_kernel_mmd status=skipped
2026-06-05 18:43:34,610 INFO row_complete 987/2640 dataset=barabasi_albert perturbation=community_weakening alpha=0.4 seed=1 workflow=netlsd_spectral_signatures status=skipped
2026-06-05 18:43:34,611 INFO row_complete 988/2640 dataset=barabasi_albert perturbation=community_weakening alpha=0.4 seed=1 workflow=diversity_curves_l2 status=skipped
2026-06-05 18:43:34,636 INFO row_complete 989/2640 dataset=barabasi_albert perturbation=community_weakening alpha=0.5 seed=1 workflow=structural_statistics_mmd status=skipped
2026-06-05 18:43:34,637 INFO row_complete 990/2640 dataset=barabasi_albert perturbation=community_weakening alpha=0.5 seed=1 workflow=wl_subtree_kernel_mmd status=skipped
2026-06-05 18:43:34,638 INFO row_complete 991/2640 dataset=barabasi_albert perturbation=community_weakening alpha=0.5 seed=1 workflow=netlsd_spectral_signatures status=skipped
2026-06-05 18:43:34,639 INFO row_complete 992/2640 dataset=barabasi_albert perturbation=community_weakening alpha=0.5 seed=1 workflow=diversity_curves_l2 status=skipped
2026-06-05 18:43:34,664 INFO row_complete 993/2640 dataset=barabasi_albert perturbation=community_weakening alpha=0.6 seed=1 workflow=structural_statistics_mmd status=skipped
2026-06-05 18:43:34,665 INFO row_complete 994/2640 dataset=barabasi_albert perturbation=community_weakening alpha=0.6 seed=1 workflow=wl_subtree_kernel_mmd status=skipped
2026-06-05 18:43:34,666 INFO row_complete 995/2640 dataset=barabasi_albert perturbation=community_weakening alpha=0.6 seed=1 workflow=netlsd_spectral_signatures status=skipped
2026-06-05 18:43:34,667 INFO row_complete 996/2640 dataset=barabasi_albert perturbation=community_weakening alpha=0.6 seed=1 workflow=diversity_curves_l2 status=skipped
2026-06-05 18:43:34,769 INFO row_complete 997/2640 dataset=barabasi_albert perturbation=community_weakening alpha=0.7 seed=1 workflow=structural_statistics_mmd status=skipped
2026-06-05 18:43:34,771 INFO row_complete 998/2640 dataset=barabasi_albert perturbation=community_weakening alpha=0.7 seed=1 workflow=wl_subtree_kernel_mmd status=skipped
2026-06-05 18:43:34,772 INFO row_complete 999/2640 dataset=barabasi_albert perturbation=community_weakening alpha=0.7 seed=1 workflow=netlsd_spectral_signatures status=skipped
2026-06-05 18:43:34,773 INFO row_complete 1000/2640 dataset=barabasi_albert perturbation=community_weakening alpha=0.7 seed=1 workflow=diversity_curves_l2 status=skipped
2026-06-05 18:43:34,798 INFO row_complete 1001/2640 dataset=barabasi_albert perturbation=community_weakening alpha=0.8 seed=1 workflow=structural_statistics_mmd status=skipped
2026-06-05 18:43:34,799 INFO row_complete 1002/2640 dataset=barabasi_albert perturbation=community_weakening alpha=0.8 seed=1 workflow=wl_subtree_kernel_mmd status=skipped
2026-06-05 18:43:34,801 INFO row_complete 1003/2640 dataset=barabasi_albert perturbation=community_weakening alpha=0.8 seed=1 workflow=netlsd_spectral_signatures status=skipped
2026-06-05 18:43:34,802 INFO row_complete 1004/2640 dataset=barabasi_albert perturbation=community_weakening alpha=0.8 seed=1 workflow=diversity_curves_l2 status=skipped
2026-06-05 18:43:34,826 INFO row_complete 1005/2640 dataset=barabasi_albert perturbation=community_weakening alpha=0.9 seed=1 workflow=structural_statistics_mmd status=skipped
2026-06-05 18:43:34,828 INFO row_complete 1006/2640 dataset=barabasi_albert perturbation=community_weakening alpha=0.9 seed=1 workflow=wl_subtree_kernel_mmd status=skipped
2026-06-05 18:43:34,829 INFO row_complete 1007/2640 dataset=barabasi_albert perturbation=community_weakening alpha=0.9 seed=1 workflow=netlsd_spectral_signatures status=skipped
2026-06-05 18:43:34,830 INFO row_complete 1008/2640 dataset=barabasi_albert perturbation=community_weakening alpha=0.9 seed=1 workflow=diversity_curves_l2 status=skipped
2026-06-05 18:43:34,853 INFO row_complete 1009/2640 dataset=barabasi_albert perturbation=community_weakening alpha=1.0 seed=1 workflow=structural_statistics_mmd status=skipped
2026-06-05 18:43:34,855 INFO row_complete 1010/2640 dataset=barabasi_albert perturbation=community_weakening alpha=1.0 seed=1 workflow=wl_subtree_kernel_mmd status=skipped
2026-06-05 18:43:34,856 INFO row_complete 1011/2640 dataset=barabasi_albert perturbation=community_weakening alpha=1.0 seed=1 workflow=netlsd_spectral_signatures status=skipped
2026-06-05 18:43:34,857 INFO row_complete 1012/2640 dataset=barabasi_albert perturbation=community_weakening alpha=1.0 seed=1 workflow=diversity_curves_l2 status=skipped
2026-06-05 18:43:40,614 INFO row_complete 1013/2640 dataset=barabasi_albert perturbation=hub_modification alpha=0.0 seed=1 workflow=structural_statistics_mmd status=success
2026-06-05 18:43:40,616 INFO row_complete 1014/2640 dataset=barabasi_albert perturbation=hub_modification alpha=0.0 seed=1 workflow=wl_subtree_kernel_mmd status=success
2026-06-05 18:43:40,617 INFO row_complete 1015/2640 dataset=barabasi_albert perturbation=hub_modification alpha=0.0 seed=1 workflow=netlsd_spectral_signatures status=failed
2026-06-05 18:43:40,618 INFO row_complete 1016/2640 dataset=barabasi_albert perturbation=hub_modification alpha=0.0 seed=1 workflow=diversity_curves_l2 status=success
2026-06-05 18:43:46,269 INFO row_complete 1017/2640 dataset=barabasi_albert perturbation=hub_modification alpha=0.1 seed=1 workflow=structural_statistics_mmd status=success
2026-06-05 18:43:46,270 INFO row_complete 1018/2640 dataset=barabasi_albert perturbation=hub_modification alpha=0.1 seed=1 workflow=wl_subtree_kernel_mmd status=success
2026-06-05 18:43:46,272 INFO row_complete 1019/2640 dataset=barabasi_albert perturbation=hub_modification alpha=0.1 seed=1 workflow=netlsd_spectral_signatures status=failed
2026-06-05 18:43:46,273 INFO row_complete 1020/2640 dataset=barabasi_albert perturbation=hub_modification alpha=0.1 seed=1 workflow=diversity_curves_l2 status=success
2026-06-05 18:43:52,042 INFO row_complete 1021/2640 dataset=barabasi_albert perturbation=hub_modification alpha=0.2 seed=1 workflow=structural_statistics_mmd status=success
2026-06-05 18:43:52,043 INFO row_complete 1022/2640 dataset=barabasi_albert perturbation=hub_modification alpha=0.2 seed=1 workflow=wl_subtree_kernel_mmd status=success
2026-06-05 18:43:52,045 INFO row_complete 1023/2640 dataset=barabasi_albert perturbation=hub_modification alpha=0.2 seed=1 workflow=netlsd_spectral_signatures status=failed
2026-06-05 18:43:52,046 INFO row_complete 1024/2640 dataset=barabasi_albert perturbation=hub_modification alpha=0.2 seed=1 workflow=diversity_curves_l2 status=success
2026-06-05 18:43:57,787 INFO row_complete 1025/2640 dataset=barabasi_albert perturbation=hub_modification alpha=0.3 seed=1 workflow=structural_statistics_mmd status=success
2026-06-05 18:43:57,790 INFO row_complete 1026/2640 dataset=barabasi_albert perturbation=hub_modification alpha=0.3 seed=1 workflow=wl_subtree_kernel_mmd status=success
2026-06-05 18:43:57,792 INFO row_complete 1027/2640 dataset=barabasi_albert perturbation=hub_modification alpha=0.3 seed=1 workflow=netlsd_spectral_signatures status=failed
2026-06-05 18:43:57,793 INFO row_complete 1028/2640 dataset=barabasi_albert perturbation=hub_modification alpha=0.3 seed=1 workflow=diversity_curves_l2 status=success
2026-06-05 18:44:03,432 INFO row_complete 1029/2640 dataset=barabasi_albert perturbation=hub_modification alpha=0.4 seed=1 workflow=structural_statistics_mmd status=success
2026-06-05 18:44:03,433 INFO row_complete 1030/2640 dataset=barabasi_albert perturbation=hub_modification alpha=0.4 seed=1 workflow=wl_subtree_kernel_mmd status=success
2026-06-05 18:44:03,435 INFO row_complete 1031/2640 dataset=barabasi_albert perturbation=hub_modification alpha=0.4 seed=1 workflow=netlsd_spectral_signatures status=failed
2026-06-05 18:44:03,436 INFO row_complete 1032/2640 dataset=barabasi_albert perturbation=hub_modification alpha=0.4 seed=1 workflow=diversity_curves_l2 status=success
2026-06-05 18:44:09,201 INFO row_complete 1033/2640 dataset=barabasi_albert perturbation=hub_modification alpha=0.5 seed=1 workflow=structural_statistics_mmd status=success
2026-06-05 18:44:09,203 INFO row_complete 1034/2640 dataset=barabasi_albert perturbation=hub_modification alpha=0.5 seed=1 workflow=wl_subtree_kernel_mmd status=success
2026-06-05 18:44:09,204 INFO row_complete 1035/2640 dataset=barabasi_albert perturbation=hub_modification alpha=0.5 seed=1 workflow=netlsd_spectral_signatures status=failed
2026-06-05 18:44:09,205 INFO row_complete 1036/2640 dataset=barabasi_albert perturbation=hub_modification alpha=0.5 seed=1 workflow=diversity_curves_l2 status=success
2026-06-05 18:44:14,777 INFO row_complete 1037/2640 dataset=barabasi_albert perturbation=hub_modification alpha=0.6 seed=1 workflow=structural_statistics_mmd status=success
2026-06-05 18:44:14,779 INFO row_complete 1038/2640 dataset=barabasi_albert perturbation=hub_modification alpha=0.6 seed=1 workflow=wl_subtree_kernel_mmd status=success
2026-06-05 18:44:14,781 INFO row_complete 1039/2640 dataset=barabasi_albert perturbation=hub_modification alpha=0.6 seed=1 workflow=netlsd_spectral_signatures status=failed
2026-06-05 18:44:14,782 INFO row_complete 1040/2640 dataset=barabasi_albert perturbation=hub_modification alpha=0.6 seed=1 workflow=diversity_curves_l2 status=success
2026-06-05 18:44:20,543 INFO row_complete 1041/2640 dataset=barabasi_albert perturbation=hub_modification alpha=0.7 seed=1 workflow=structural_statistics_mmd status=success
2026-06-05 18:44:20,544 INFO row_complete 1042/2640 dataset=barabasi_albert perturbation=hub_modification alpha=0.7 seed=1 workflow=wl_subtree_kernel_mmd status=success
2026-06-05 18:44:20,546 INFO row_complete 1043/2640 dataset=barabasi_albert perturbation=hub_modification alpha=0.7 seed=1 workflow=netlsd_spectral_signatures status=failed
2026-06-05 18:44:20,547 INFO row_complete 1044/2640 dataset=barabasi_albert perturbation=hub_modification alpha=0.7 seed=1 workflow=diversity_curves_l2 status=success
2026-06-05 18:44:26,159 INFO row_complete 1045/2640 dataset=barabasi_albert perturbation=hub_modification alpha=0.8 seed=1 workflow=structural_statistics_mmd status=success
2026-06-05 18:44:26,162 INFO row_complete 1046/2640 dataset=barabasi_albert perturbation=hub_modification alpha=0.8 seed=1 workflow=wl_subtree_kernel_mmd status=success
2026-06-05 18:44:26,165 INFO row_complete 1047/2640 dataset=barabasi_albert perturbation=hub_modification alpha=0.8 seed=1 workflow=netlsd_spectral_signatures status=failed
2026-06-05 18:44:26,168 INFO row_complete 1048/2640 dataset=barabasi_albert perturbation=hub_modification alpha=0.8 seed=1 workflow=diversity_curves_l2 status=success
2026-06-05 18:44:31,907 INFO row_complete 1049/2640 dataset=barabasi_albert perturbation=hub_modification alpha=0.9 seed=1 workflow=structural_statistics_mmd status=success
2026-06-05 18:44:31,908 INFO row_complete 1050/2640 dataset=barabasi_albert perturbation=hub_modification alpha=0.9 seed=1 workflow=wl_subtree_kernel_mmd status=success
2026-06-05 18:44:31,909 INFO row_complete 1051/2640 dataset=barabasi_albert perturbation=hub_modification alpha=0.9 seed=1 workflow=netlsd_spectral_signatures status=failed
2026-06-05 18:44:31,910 INFO row_complete 1052/2640 dataset=barabasi_albert perturbation=hub_modification alpha=0.9 seed=1 workflow=diversity_curves_l2 status=success
2026-06-05 18:44:37,575 INFO row_complete 1053/2640 dataset=barabasi_albert perturbation=hub_modification alpha=1.0 seed=1 workflow=structural_statistics_mmd status=success
2026-06-05 18:44:37,576 INFO row_complete 1054/2640 dataset=barabasi_albert perturbation=hub_modification alpha=1.0 seed=1 workflow=wl_subtree_kernel_mmd status=success
2026-06-05 18:44:37,577 INFO row_complete 1055/2640 dataset=barabasi_albert perturbation=hub_modification alpha=1.0 seed=1 workflow=netlsd_spectral_signatures status=failed
2026-06-05 18:44:37,578 INFO row_complete 1056/2640 dataset=barabasi_albert perturbation=hub_modification alpha=1.0 seed=1 workflow=diversity_curves_l2 status=success
2026-06-05 18:44:43,424 INFO row_complete 1057/2640 dataset=erdos_renyi perturbation=edge_addition_deletion alpha=0.0 seed=2 workflow=structural_statistics_mmd status=success
2026-06-05 18:44:43,426 INFO row_complete 1058/2640 dataset=erdos_renyi perturbation=edge_addition_deletion alpha=0.0 seed=2 workflow=wl_subtree_kernel_mmd status=success
2026-06-05 18:44:43,427 INFO row_complete 1059/2640 dataset=erdos_renyi perturbation=edge_addition_deletion alpha=0.0 seed=2 workflow=netlsd_spectral_signatures status=failed
2026-06-05 18:44:43,428 INFO row_complete 1060/2640 dataset=erdos_renyi perturbation=edge_addition_deletion alpha=0.0 seed=2 workflow=diversity_curves_l2 status=success
2026-06-05 18:44:49,518 INFO row_complete 1061/2640 dataset=erdos_renyi perturbation=edge_addition_deletion alpha=0.1 seed=2 workflow=structural_statistics_mmd status=success
2026-06-05 18:44:49,519 INFO row_complete 1062/2640 dataset=erdos_renyi perturbation=edge_addition_deletion alpha=0.1 seed=2 workflow=wl_subtree_kernel_mmd status=success
2026-06-05 18:44:49,521 INFO row_complete 1063/2640 dataset=erdos_renyi perturbation=edge_addition_deletion alpha=0.1 seed=2 workflow=netlsd_spectral_signatures status=failed
2026-06-05 18:44:49,522 INFO row_complete 1064/2640 dataset=erdos_renyi perturbation=edge_addition_deletion alpha=0.1 seed=2 workflow=diversity_curves_l2 status=success
2026-06-05 18:44:55,500 INFO row_complete 1065/2640 dataset=erdos_renyi perturbation=edge_addition_deletion alpha=0.2 seed=2 workflow=structural_statistics_mmd status=success
2026-06-05 18:44:55,504 INFO row_complete 1066/2640 dataset=erdos_renyi perturbation=edge_addition_deletion alpha=0.2 seed=2 workflow=wl_subtree_kernel_mmd status=success
2026-06-05 18:44:55,506 INFO row_complete 1067/2640 dataset=erdos_renyi perturbation=edge_addition_deletion alpha=0.2 seed=2 workflow=netlsd_spectral_signatures status=failed
2026-06-05 18:44:55,508 INFO row_complete 1068/2640 dataset=erdos_renyi perturbation=edge_addition_deletion alpha=0.2 seed=2 workflow=diversity_curves_l2 status=success
2026-06-05 18:45:01,636 INFO row_complete 1069/2640 dataset=erdos_renyi perturbation=edge_addition_deletion alpha=0.3 seed=2 workflow=structural_statistics_mmd status=success
2026-06-05 18:45:01,637 INFO row_complete 1070/2640 dataset=erdos_renyi perturbation=edge_addition_deletion alpha=0.3 seed=2 workflow=wl_subtree_kernel_mmd status=success
2026-06-05 18:45:01,639 INFO row_complete 1071/2640 dataset=erdos_renyi perturbation=edge_addition_deletion alpha=0.3 seed=2 workflow=netlsd_spectral_signatures status=failed
2026-06-05 18:45:01,640 INFO row_complete 1072/2640 dataset=erdos_renyi perturbation=edge_addition_deletion alpha=0.3 seed=2 workflow=diversity_curves_l2 status=success
2026-06-05 18:45:07,613 INFO row_complete 1073/2640 dataset=erdos_renyi perturbation=edge_addition_deletion alpha=0.4 seed=2 workflow=structural_statistics_mmd status=success
2026-06-05 18:45:07,614 INFO row_complete 1074/2640 dataset=erdos_renyi perturbation=edge_addition_deletion alpha=0.4 seed=2 workflow=wl_subtree_kernel_mmd status=success
2026-06-05 18:45:07,616 INFO row_complete 1075/2640 dataset=erdos_renyi perturbation=edge_addition_deletion alpha=0.4 seed=2 workflow=netlsd_spectral_signatures status=failed
2026-06-05 18:45:07,617 INFO row_complete 1076/2640 dataset=erdos_renyi perturbation=edge_addition_deletion alpha=0.4 seed=2 workflow=diversity_curves_l2 status=success
2026-06-05 18:45:13,688 INFO row_complete 1077/2640 dataset=erdos_renyi perturbation=edge_addition_deletion alpha=0.5 seed=2 workflow=structural_statistics_mmd status=success
2026-06-05 18:45:13,691 INFO row_complete 1078/2640 dataset=erdos_renyi perturbation=edge_addition_deletion alpha=0.5 seed=2 workflow=wl_subtree_kernel_mmd status=success
2026-06-05 18:45:13,694 INFO row_complete 1079/2640 dataset=erdos_renyi perturbation=edge_addition_deletion alpha=0.5 seed=2 workflow=netlsd_spectral_signatures status=failed
2026-06-05 18:45:13,696 INFO row_complete 1080/2640 dataset=erdos_renyi perturbation=edge_addition_deletion alpha=0.5 seed=2 workflow=diversity_curves_l2 status=success
2026-06-05 18:45:19,821 INFO row_complete 1081/2640 dataset=erdos_renyi perturbation=edge_addition_deletion alpha=0.6 seed=2 workflow=structural_statistics_mmd status=success
2026-06-05 18:45:19,823 INFO row_complete 1082/2640 dataset=erdos_renyi perturbation=edge_addition_deletion alpha=0.6 seed=2 workflow=wl_subtree_kernel_mmd status=success
2026-06-05 18:45:19,824 INFO row_complete 1083/2640 dataset=erdos_renyi perturbation=edge_addition_deletion alpha=0.6 seed=2 workflow=netlsd_spectral_signatures status=failed
2026-06-05 18:45:19,825 INFO row_complete 1084/2640 dataset=erdos_renyi perturbation=edge_addition_deletion alpha=0.6 seed=2 workflow=diversity_curves_l2 status=success
2026-06-05 18:45:25,678 INFO row_complete 1085/2640 dataset=erdos_renyi perturbation=edge_addition_deletion alpha=0.7 seed=2 workflow=structural_statistics_mmd status=success
2026-06-05 18:45:25,680 INFO row_complete 1086/2640 dataset=erdos_renyi perturbation=edge_addition_deletion alpha=0.7 seed=2 workflow=wl_subtree_kernel_mmd status=success
2026-06-05 18:45:25,681 INFO row_complete 1087/2640 dataset=erdos_renyi perturbation=edge_addition_deletion alpha=0.7 seed=2 workflow=netlsd_spectral_signatures status=failed
2026-06-05 18:45:25,683 INFO row_complete 1088/2640 dataset=erdos_renyi perturbation=edge_addition_deletion alpha=0.7 seed=2 workflow=diversity_curves_l2 status=success
2026-06-05 18:45:31,630 INFO row_complete 1089/2640 dataset=erdos_renyi perturbation=edge_addition_deletion alpha=0.8 seed=2 workflow=structural_statistics_mmd status=success
2026-06-05 18:45:31,632 INFO row_complete 1090/2640 dataset=erdos_renyi perturbation=edge_addition_deletion alpha=0.8 seed=2 workflow=wl_subtree_kernel_mmd status=success
2026-06-05 18:45:31,633 INFO row_complete 1091/2640 dataset=erdos_renyi perturbation=edge_addition_deletion alpha=0.8 seed=2 workflow=netlsd_spectral_signatures status=failed
2026-06-05 18:45:31,634 INFO row_complete 1092/2640 dataset=erdos_renyi perturbation=edge_addition_deletion alpha=0.8 seed=2 workflow=diversity_curves_l2 status=success
2026-06-05 18:45:37,504 INFO row_complete 1093/2640 dataset=erdos_renyi perturbation=edge_addition_deletion alpha=0.9 seed=2 workflow=structural_statistics_mmd status=success
2026-06-05 18:45:37,506 INFO row_complete 1094/2640 dataset=erdos_renyi perturbation=edge_addition_deletion alpha=0.9 seed=2 workflow=wl_subtree_kernel_mmd status=success
2026-06-05 18:45:37,507 INFO row_complete 1095/2640 dataset=erdos_renyi perturbation=edge_addition_deletion alpha=0.9 seed=2 workflow=netlsd_spectral_signatures status=failed
2026-06-05 18:45:37,508 INFO row_complete 1096/2640 dataset=erdos_renyi perturbation=edge_addition_deletion alpha=0.9 seed=2 workflow=diversity_curves_l2 status=success
2026-06-05 18:45:43,422 INFO row_complete 1097/2640 dataset=erdos_renyi perturbation=edge_addition_deletion alpha=1.0 seed=2 workflow=structural_statistics_mmd status=success
2026-06-05 18:45:43,423 INFO row_complete 1098/2640 dataset=erdos_renyi perturbation=edge_addition_deletion alpha=1.0 seed=2 workflow=wl_subtree_kernel_mmd status=success
2026-06-05 18:45:43,425 INFO row_complete 1099/2640 dataset=erdos_renyi perturbation=edge_addition_deletion alpha=1.0 seed=2 workflow=netlsd_spectral_signatures status=failed
2026-06-05 18:45:43,426 INFO row_complete 1100/2640 dataset=erdos_renyi perturbation=edge_addition_deletion alpha=1.0 seed=2 workflow=diversity_curves_l2 status=success
2026-06-05 18:45:49,330 INFO row_complete 1101/2640 dataset=erdos_renyi perturbation=triangle_injection_removal alpha=0.0 seed=2 workflow=structural_statistics_mmd status=success
2026-06-05 18:45:49,331 INFO row_complete 1102/2640 dataset=erdos_renyi perturbation=triangle_injection_removal alpha=0.0 seed=2 workflow=wl_subtree_kernel_mmd status=success
2026-06-05 18:45:49,333 INFO row_complete 1103/2640 dataset=erdos_renyi perturbation=triangle_injection_removal alpha=0.0 seed=2 workflow=netlsd_spectral_signatures status=failed
2026-06-05 18:45:49,334 INFO row_complete 1104/2640 dataset=erdos_renyi perturbation=triangle_injection_removal alpha=0.0 seed=2 workflow=diversity_curves_l2 status=success
2026-06-05 18:45:55,884 INFO row_complete 1105/2640 dataset=erdos_renyi perturbation=triangle_injection_removal alpha=0.1 seed=2 workflow=structural_statistics_mmd status=success
2026-06-05 18:45:55,885 INFO row_complete 1106/2640 dataset=erdos_renyi perturbation=triangle_injection_removal alpha=0.1 seed=2 workflow=wl_subtree_kernel_mmd status=success
2026-06-05 18:45:55,886 INFO row_complete 1107/2640 dataset=erdos_renyi perturbation=triangle_injection_removal alpha=0.1 seed=2 workflow=netlsd_spectral_signatures status=failed
2026-06-05 18:45:55,887 INFO row_complete 1108/2640 dataset=erdos_renyi perturbation=triangle_injection_removal alpha=0.1 seed=2 workflow=diversity_curves_l2 status=success
2026-06-05 18:46:02,615 INFO row_complete 1109/2640 dataset=erdos_renyi perturbation=triangle_injection_removal alpha=0.2 seed=2 workflow=structural_statistics_mmd status=success
2026-06-05 18:46:02,616 INFO row_complete 1110/2640 dataset=erdos_renyi perturbation=triangle_injection_removal alpha=0.2 seed=2 workflow=wl_subtree_kernel_mmd status=success
2026-06-05 18:46:02,618 INFO row_complete 1111/2640 dataset=erdos_renyi perturbation=triangle_injection_removal alpha=0.2 seed=2 workflow=netlsd_spectral_signatures status=failed
2026-06-05 18:46:02,619 INFO row_complete 1112/2640 dataset=erdos_renyi perturbation=triangle_injection_removal alpha=0.2 seed=2 workflow=diversity_curves_l2 status=success
2026-06-05 18:46:09,054 INFO row_complete 1113/2640 dataset=erdos_renyi perturbation=triangle_injection_removal alpha=0.3 seed=2 workflow=structural_statistics_mmd status=success
2026-06-05 18:46:09,056 INFO row_complete 1114/2640 dataset=erdos_renyi perturbation=triangle_injection_removal alpha=0.3 seed=2 workflow=wl_subtree_kernel_mmd status=success
2026-06-05 18:46:09,057 INFO row_complete 1115/2640 dataset=erdos_renyi perturbation=triangle_injection_removal alpha=0.3 seed=2 workflow=netlsd_spectral_signatures status=failed
2026-06-05 18:46:09,058 INFO row_complete 1116/2640 dataset=erdos_renyi perturbation=triangle_injection_removal alpha=0.3 seed=2 workflow=diversity_curves_l2 status=success
2026-06-05 18:46:15,487 INFO row_complete 1117/2640 dataset=erdos_renyi perturbation=triangle_injection_removal alpha=0.4 seed=2 workflow=structural_statistics_mmd status=success
2026-06-05 18:46:15,489 INFO row_complete 1118/2640 dataset=erdos_renyi perturbation=triangle_injection_removal alpha=0.4 seed=2 workflow=wl_subtree_kernel_mmd status=success
2026-06-05 18:46:15,491 INFO row_complete 1119/2640 dataset=erdos_renyi perturbation=triangle_injection_removal alpha=0.4 seed=2 workflow=netlsd_spectral_signatures status=failed
2026-06-05 18:46:15,492 INFO row_complete 1120/2640 dataset=erdos_renyi perturbation=triangle_injection_removal alpha=0.4 seed=2 workflow=diversity_curves_l2 status=success
2026-06-05 18:46:22,142 INFO row_complete 1121/2640 dataset=erdos_renyi perturbation=triangle_injection_removal alpha=0.5 seed=2 workflow=structural_statistics_mmd status=success
2026-06-05 18:46:22,144 INFO row_complete 1122/2640 dataset=erdos_renyi perturbation=triangle_injection_removal alpha=0.5 seed=2 workflow=wl_subtree_kernel_mmd status=success
2026-06-05 18:46:22,145 INFO row_complete 1123/2640 dataset=erdos_renyi perturbation=triangle_injection_removal alpha=0.5 seed=2 workflow=netlsd_spectral_signatures status=failed
2026-06-05 18:46:22,146 INFO row_complete 1124/2640 dataset=erdos_renyi perturbation=triangle_injection_removal alpha=0.5 seed=2 workflow=diversity_curves_l2 status=success
2026-06-05 18:46:28,744 INFO row_complete 1125/2640 dataset=erdos_renyi perturbation=triangle_injection_removal alpha=0.6 seed=2 workflow=structural_statistics_mmd status=success
2026-06-05 18:46:28,746 INFO row_complete 1126/2640 dataset=erdos_renyi perturbation=triangle_injection_removal alpha=0.6 seed=2 workflow=wl_subtree_kernel_mmd status=success
2026-06-05 18:46:28,747 INFO row_complete 1127/2640 dataset=erdos_renyi perturbation=triangle_injection_removal alpha=0.6 seed=2 workflow=netlsd_spectral_signatures status=failed
2026-06-05 18:46:28,748 INFO row_complete 1128/2640 dataset=erdos_renyi perturbation=triangle_injection_removal alpha=0.6 seed=2 workflow=diversity_curves_l2 status=success
2026-06-05 18:46:35,465 INFO row_complete 1129/2640 dataset=erdos_renyi perturbation=triangle_injection_removal alpha=0.7 seed=2 workflow=structural_statistics_mmd status=success
2026-06-05 18:46:35,467 INFO row_complete 1130/2640 dataset=erdos_renyi perturbation=triangle_injection_removal alpha=0.7 seed=2 workflow=wl_subtree_kernel_mmd status=success
2026-06-05 18:46:35,468 INFO row_complete 1131/2640 dataset=erdos_renyi perturbation=triangle_injection_removal alpha=0.7 seed=2 workflow=netlsd_spectral_signatures status=failed
2026-06-05 18:46:35,469 INFO row_complete 1132/2640 dataset=erdos_renyi perturbation=triangle_injection_removal alpha=0.7 seed=2 workflow=diversity_curves_l2 status=success
2026-06-05 18:46:42,119 INFO row_complete 1133/2640 dataset=erdos_renyi perturbation=triangle_injection_removal alpha=0.8 seed=2 workflow=structural_statistics_mmd status=success
2026-06-05 18:46:42,123 INFO row_complete 1134/2640 dataset=erdos_renyi perturbation=triangle_injection_removal alpha=0.8 seed=2 workflow=wl_subtree_kernel_mmd status=success
2026-06-05 18:46:42,126 INFO row_complete 1135/2640 dataset=erdos_renyi perturbation=triangle_injection_removal alpha=0.8 seed=2 workflow=netlsd_spectral_signatures status=failed
2026-06-05 18:46:42,128 INFO row_complete 1136/2640 dataset=erdos_renyi perturbation=triangle_injection_removal alpha=0.8 seed=2 workflow=diversity_curves_l2 status=success
2026-06-05 18:46:48,791 INFO row_complete 1137/2640 dataset=erdos_renyi perturbation=triangle_injection_removal alpha=0.9 seed=2 workflow=structural_statistics_mmd status=success
2026-06-05 18:46:48,793 INFO row_complete 1138/2640 dataset=erdos_renyi perturbation=triangle_injection_removal alpha=0.9 seed=2 workflow=wl_subtree_kernel_mmd status=success
2026-06-05 18:46:48,794 INFO row_complete 1139/2640 dataset=erdos_renyi perturbation=triangle_injection_removal alpha=0.9 seed=2 workflow=netlsd_spectral_signatures status=failed
2026-06-05 18:46:48,795 INFO row_complete 1140/2640 dataset=erdos_renyi perturbation=triangle_injection_removal alpha=0.9 seed=2 workflow=diversity_curves_l2 status=success
2026-06-05 18:46:55,401 INFO row_complete 1141/2640 dataset=erdos_renyi perturbation=triangle_injection_removal alpha=1.0 seed=2 workflow=structural_statistics_mmd status=success
2026-06-05 18:46:55,402 INFO row_complete 1142/2640 dataset=erdos_renyi perturbation=triangle_injection_removal alpha=1.0 seed=2 workflow=wl_subtree_kernel_mmd status=success
2026-06-05 18:46:55,404 INFO row_complete 1143/2640 dataset=erdos_renyi perturbation=triangle_injection_removal alpha=1.0 seed=2 workflow=netlsd_spectral_signatures status=failed
2026-06-05 18:46:55,405 INFO row_complete 1144/2640 dataset=erdos_renyi perturbation=triangle_injection_removal alpha=1.0 seed=2 workflow=diversity_curves_l2 status=success
2026-06-05 18:46:55,442 INFO row_complete 1145/2640 dataset=erdos_renyi perturbation=community_weakening alpha=0.0 seed=2 workflow=structural_statistics_mmd status=skipped
2026-06-05 18:46:55,443 INFO row_complete 1146/2640 dataset=erdos_renyi perturbation=community_weakening alpha=0.0 seed=2 workflow=wl_subtree_kernel_mmd status=skipped
2026-06-05 18:46:55,444 INFO row_complete 1147/2640 dataset=erdos_renyi perturbation=community_weakening alpha=0.0 seed=2 workflow=netlsd_spectral_signatures status=skipped
2026-06-05 18:46:55,446 INFO row_complete 1148/2640 dataset=erdos_renyi perturbation=community_weakening alpha=0.0 seed=2 workflow=diversity_curves_l2 status=skipped
2026-06-05 18:46:55,482 INFO row_complete 1149/2640 dataset=erdos_renyi perturbation=community_weakening alpha=0.1 seed=2 workflow=structural_statistics_mmd status=skipped
2026-06-05 18:46:55,483 INFO row_complete 1150/2640 dataset=erdos_renyi perturbation=community_weakening alpha=0.1 seed=2 workflow=wl_subtree_kernel_mmd status=skipped
2026-06-05 18:46:55,484 INFO row_complete 1151/2640 dataset=erdos_renyi perturbation=community_weakening alpha=0.1 seed=2 workflow=netlsd_spectral_signatures status=skipped
2026-06-05 18:46:55,486 INFO row_complete 1152/2640 dataset=erdos_renyi perturbation=community_weakening alpha=0.1 seed=2 workflow=diversity_curves_l2 status=skipped
2026-06-05 18:46:55,522 INFO row_complete 1153/2640 dataset=erdos_renyi perturbation=community_weakening alpha=0.2 seed=2 workflow=structural_statistics_mmd status=skipped
2026-06-05 18:46:55,524 INFO row_complete 1154/2640 dataset=erdos_renyi perturbation=community_weakening alpha=0.2 seed=2 workflow=wl_subtree_kernel_mmd status=skipped
2026-06-05 18:46:55,525 INFO row_complete 1155/2640 dataset=erdos_renyi perturbation=community_weakening alpha=0.2 seed=2 workflow=netlsd_spectral_signatures status=skipped
2026-06-05 18:46:55,526 INFO row_complete 1156/2640 dataset=erdos_renyi perturbation=community_weakening alpha=0.2 seed=2 workflow=diversity_curves_l2 status=skipped
2026-06-05 18:46:55,569 INFO row_complete 1157/2640 dataset=erdos_renyi perturbation=community_weakening alpha=0.3 seed=2 workflow=structural_statistics_mmd status=skipped
2026-06-05 18:46:55,570 INFO row_complete 1158/2640 dataset=erdos_renyi perturbation=community_weakening alpha=0.3 seed=2 workflow=wl_subtree_kernel_mmd status=skipped
2026-06-05 18:46:55,571 INFO row_complete 1159/2640 dataset=erdos_renyi perturbation=community_weakening alpha=0.3 seed=2 workflow=netlsd_spectral_signatures status=skipped
2026-06-05 18:46:55,573 INFO row_complete 1160/2640 dataset=erdos_renyi perturbation=community_weakening alpha=0.3 seed=2 workflow=diversity_curves_l2 status=skipped
2026-06-05 18:46:55,610 INFO row_complete 1161/2640 dataset=erdos_renyi perturbation=community_weakening alpha=0.4 seed=2 workflow=structural_statistics_mmd status=skipped
2026-06-05 18:46:55,611 INFO row_complete 1162/2640 dataset=erdos_renyi perturbation=community_weakening alpha=0.4 seed=2 workflow=wl_subtree_kernel_mmd status=skipped
2026-06-05 18:46:55,613 INFO row_complete 1163/2640 dataset=erdos_renyi perturbation=community_weakening alpha=0.4 seed=2 workflow=netlsd_spectral_signatures status=skipped
2026-06-05 18:46:55,614 INFO row_complete 1164/2640 dataset=erdos_renyi perturbation=community_weakening alpha=0.4 seed=2 workflow=diversity_curves_l2 status=skipped
2026-06-05 18:46:55,651 INFO row_complete 1165/2640 dataset=erdos_renyi perturbation=community_weakening alpha=0.5 seed=2 workflow=structural_statistics_mmd status=skipped
2026-06-05 18:46:55,653 INFO row_complete 1166/2640 dataset=erdos_renyi perturbation=community_weakening alpha=0.5 seed=2 workflow=wl_subtree_kernel_mmd status=skipped
2026-06-05 18:46:55,654 INFO row_complete 1167/2640 dataset=erdos_renyi perturbation=community_weakening alpha=0.5 seed=2 workflow=netlsd_spectral_signatures status=skipped
2026-06-05 18:46:55,655 INFO row_complete 1168/2640 dataset=erdos_renyi perturbation=community_weakening alpha=0.5 seed=2 workflow=diversity_curves_l2 status=skipped
2026-06-05 18:46:55,692 INFO row_complete 1169/2640 dataset=erdos_renyi perturbation=community_weakening alpha=0.6 seed=2 workflow=structural_statistics_mmd status=skipped
2026-06-05 18:46:55,693 INFO row_complete 1170/2640 dataset=erdos_renyi perturbation=community_weakening alpha=0.6 seed=2 workflow=wl_subtree_kernel_mmd status=skipped
2026-06-05 18:46:55,694 INFO row_complete 1171/2640 dataset=erdos_renyi perturbation=community_weakening alpha=0.6 seed=2 workflow=netlsd_spectral_signatures status=skipped
2026-06-05 18:46:55,695 INFO row_complete 1172/2640 dataset=erdos_renyi perturbation=community_weakening alpha=0.6 seed=2 workflow=diversity_curves_l2 status=skipped
2026-06-05 18:46:55,807 INFO row_complete 1173/2640 dataset=erdos_renyi perturbation=community_weakening alpha=0.7 seed=2 workflow=structural_statistics_mmd status=skipped
2026-06-05 18:46:55,808 INFO row_complete 1174/2640 dataset=erdos_renyi perturbation=community_weakening alpha=0.7 seed=2 workflow=wl_subtree_kernel_mmd status=skipped
2026-06-05 18:46:55,809 INFO row_complete 1175/2640 dataset=erdos_renyi perturbation=community_weakening alpha=0.7 seed=2 workflow=netlsd_spectral_signatures status=skipped
2026-06-05 18:46:55,811 INFO row_complete 1176/2640 dataset=erdos_renyi perturbation=community_weakening alpha=0.7 seed=2 workflow=diversity_curves_l2 status=skipped
2026-06-05 18:46:55,848 INFO row_complete 1177/2640 dataset=erdos_renyi perturbation=community_weakening alpha=0.8 seed=2 workflow=structural_statistics_mmd status=skipped
2026-06-05 18:46:55,849 INFO row_complete 1178/2640 dataset=erdos_renyi perturbation=community_weakening alpha=0.8 seed=2 workflow=wl_subtree_kernel_mmd status=skipped
2026-06-05 18:46:55,850 INFO row_complete 1179/2640 dataset=erdos_renyi perturbation=community_weakening alpha=0.8 seed=2 workflow=netlsd_spectral_signatures status=skipped
2026-06-05 18:46:55,851 INFO row_complete 1180/2640 dataset=erdos_renyi perturbation=community_weakening alpha=0.8 seed=2 workflow=diversity_curves_l2 status=skipped
2026-06-05 18:46:55,887 INFO row_complete 1181/2640 dataset=erdos_renyi perturbation=community_weakening alpha=0.9 seed=2 workflow=structural_statistics_mmd status=skipped
2026-06-05 18:46:55,888 INFO row_complete 1182/2640 dataset=erdos_renyi perturbation=community_weakening alpha=0.9 seed=2 workflow=wl_subtree_kernel_mmd status=skipped
2026-06-05 18:46:55,890 INFO row_complete 1183/2640 dataset=erdos_renyi perturbation=community_weakening alpha=0.9 seed=2 workflow=netlsd_spectral_signatures status=skipped
2026-06-05 18:46:55,891 INFO row_complete 1184/2640 dataset=erdos_renyi perturbation=community_weakening alpha=0.9 seed=2 workflow=diversity_curves_l2 status=skipped
2026-06-05 18:46:55,927 INFO row_complete 1185/2640 dataset=erdos_renyi perturbation=community_weakening alpha=1.0 seed=2 workflow=structural_statistics_mmd status=skipped
2026-06-05 18:46:55,929 INFO row_complete 1186/2640 dataset=erdos_renyi perturbation=community_weakening alpha=1.0 seed=2 workflow=wl_subtree_kernel_mmd status=skipped
2026-06-05 18:46:55,930 INFO row_complete 1187/2640 dataset=erdos_renyi perturbation=community_weakening alpha=1.0 seed=2 workflow=netlsd_spectral_signatures status=skipped
2026-06-05 18:46:55,931 INFO row_complete 1188/2640 dataset=erdos_renyi perturbation=community_weakening alpha=1.0 seed=2 workflow=diversity_curves_l2 status=skipped
2026-06-05 18:47:01,829 INFO row_complete 1189/2640 dataset=erdos_renyi perturbation=hub_modification alpha=0.0 seed=2 workflow=structural_statistics_mmd status=success
2026-06-05 18:47:01,830 INFO row_complete 1190/2640 dataset=erdos_renyi perturbation=hub_modification alpha=0.0 seed=2 workflow=wl_subtree_kernel_mmd status=success
2026-06-05 18:47:01,832 INFO row_complete 1191/2640 dataset=erdos_renyi perturbation=hub_modification alpha=0.0 seed=2 workflow=netlsd_spectral_signatures status=failed
2026-06-05 18:47:01,833 INFO row_complete 1192/2640 dataset=erdos_renyi perturbation=hub_modification alpha=0.0 seed=2 workflow=diversity_curves_l2 status=success
2026-06-05 18:47:07,783 INFO row_complete 1193/2640 dataset=erdos_renyi perturbation=hub_modification alpha=0.1 seed=2 workflow=structural_statistics_mmd status=success
2026-06-05 18:47:07,785 INFO row_complete 1194/2640 dataset=erdos_renyi perturbation=hub_modification alpha=0.1 seed=2 workflow=wl_subtree_kernel_mmd status=success
2026-06-05 18:47:07,787 INFO row_complete 1195/2640 dataset=erdos_renyi perturbation=hub_modification alpha=0.1 seed=2 workflow=netlsd_spectral_signatures status=failed
2026-06-05 18:47:07,789 INFO row_complete 1196/2640 dataset=erdos_renyi perturbation=hub_modification alpha=0.1 seed=2 workflow=diversity_curves_l2 status=success
2026-06-05 18:47:13,759 INFO row_complete 1197/2640 dataset=erdos_renyi perturbation=hub_modification alpha=0.2 seed=2 workflow=structural_statistics_mmd status=success
2026-06-05 18:47:13,760 INFO row_complete 1198/2640 dataset=erdos_renyi perturbation=hub_modification alpha=0.2 seed=2 workflow=wl_subtree_kernel_mmd status=success
2026-06-05 18:47:13,762 INFO row_complete 1199/2640 dataset=erdos_renyi perturbation=hub_modification alpha=0.2 seed=2 workflow=netlsd_spectral_signatures status=failed
2026-06-05 18:47:13,763 INFO row_complete 1200/2640 dataset=erdos_renyi perturbation=hub_modification alpha=0.2 seed=2 workflow=diversity_curves_l2 status=success
2026-06-05 18:47:19,744 INFO row_complete 1201/2640 dataset=erdos_renyi perturbation=hub_modification alpha=0.3 seed=2 workflow=structural_statistics_mmd status=success
2026-06-05 18:47:19,745 INFO row_complete 1202/2640 dataset=erdos_renyi perturbation=hub_modification alpha=0.3 seed=2 workflow=wl_subtree_kernel_mmd status=success
2026-06-05 18:47:19,746 INFO row_complete 1203/2640 dataset=erdos_renyi perturbation=hub_modification alpha=0.3 seed=2 workflow=netlsd_spectral_signatures status=failed
2026-06-05 18:47:19,747 INFO row_complete 1204/2640 dataset=erdos_renyi perturbation=hub_modification alpha=0.3 seed=2 workflow=diversity_curves_l2 status=success
2026-06-05 18:47:25,636 INFO row_complete 1205/2640 dataset=erdos_renyi perturbation=hub_modification alpha=0.4 seed=2 workflow=structural_statistics_mmd status=success
2026-06-05 18:47:25,638 INFO row_complete 1206/2640 dataset=erdos_renyi perturbation=hub_modification alpha=0.4 seed=2 workflow=wl_subtree_kernel_mmd status=success
2026-06-05 18:47:25,639 INFO row_complete 1207/2640 dataset=erdos_renyi perturbation=hub_modification alpha=0.4 seed=2 workflow=netlsd_spectral_signatures status=failed
2026-06-05 18:47:25,640 INFO row_complete 1208/2640 dataset=erdos_renyi perturbation=hub_modification alpha=0.4 seed=2 workflow=diversity_curves_l2 status=success
2026-06-05 18:47:31,532 INFO row_complete 1209/2640 dataset=erdos_renyi perturbation=hub_modification alpha=0.5 seed=2 workflow=structural_statistics_mmd status=success
2026-06-05 18:47:31,534 INFO row_complete 1210/2640 dataset=erdos_renyi perturbation=hub_modification alpha=0.5 seed=2 workflow=wl_subtree_kernel_mmd status=success
2026-06-05 18:47:31,535 INFO row_complete 1211/2640 dataset=erdos_renyi perturbation=hub_modification alpha=0.5 seed=2 workflow=netlsd_spectral_signatures status=failed
2026-06-05 18:47:31,536 INFO row_complete 1212/2640 dataset=erdos_renyi perturbation=hub_modification alpha=0.5 seed=2 workflow=diversity_curves_l2 status=success
2026-06-05 18:47:37,429 INFO row_complete 1213/2640 dataset=erdos_renyi perturbation=hub_modification alpha=0.6 seed=2 workflow=structural_statistics_mmd status=success
2026-06-05 18:47:37,430 INFO row_complete 1214/2640 dataset=erdos_renyi perturbation=hub_modification alpha=0.6 seed=2 workflow=wl_subtree_kernel_mmd status=success
2026-06-05 18:47:37,431 INFO row_complete 1215/2640 dataset=erdos_renyi perturbation=hub_modification alpha=0.6 seed=2 workflow=netlsd_spectral_signatures status=failed
2026-06-05 18:47:37,432 INFO row_complete 1216/2640 dataset=erdos_renyi perturbation=hub_modification alpha=0.6 seed=2 workflow=diversity_curves_l2 status=success
2026-06-05 18:47:43,268 INFO row_complete 1217/2640 dataset=erdos_renyi perturbation=hub_modification alpha=0.7 seed=2 workflow=structural_statistics_mmd status=success
2026-06-05 18:47:43,271 INFO row_complete 1218/2640 dataset=erdos_renyi perturbation=hub_modification alpha=0.7 seed=2 workflow=wl_subtree_kernel_mmd status=success
2026-06-05 18:47:43,273 INFO row_complete 1219/2640 dataset=erdos_renyi perturbation=hub_modification alpha=0.7 seed=2 workflow=netlsd_spectral_signatures status=failed
2026-06-05 18:47:43,276 INFO row_complete 1220/2640 dataset=erdos_renyi perturbation=hub_modification alpha=0.7 seed=2 workflow=diversity_curves_l2 status=success
2026-06-05 18:47:49,438 INFO row_complete 1221/2640 dataset=erdos_renyi perturbation=hub_modification alpha=0.8 seed=2 workflow=structural_statistics_mmd status=success
2026-06-05 18:47:49,440 INFO row_complete 1222/2640 dataset=erdos_renyi perturbation=hub_modification alpha=0.8 seed=2 workflow=wl_subtree_kernel_mmd status=success
2026-06-05 18:47:49,441 INFO row_complete 1223/2640 dataset=erdos_renyi perturbation=hub_modification alpha=0.8 seed=2 workflow=netlsd_spectral_signatures status=failed
2026-06-05 18:47:49,442 INFO row_complete 1224/2640 dataset=erdos_renyi perturbation=hub_modification alpha=0.8 seed=2 workflow=diversity_curves_l2 status=success
2026-06-05 18:47:55,366 INFO row_complete 1225/2640 dataset=erdos_renyi perturbation=hub_modification alpha=0.9 seed=2 workflow=structural_statistics_mmd status=success
2026-06-05 18:47:55,367 INFO row_complete 1226/2640 dataset=erdos_renyi perturbation=hub_modification alpha=0.9 seed=2 workflow=wl_subtree_kernel_mmd status=success
2026-06-05 18:47:55,368 INFO row_complete 1227/2640 dataset=erdos_renyi perturbation=hub_modification alpha=0.9 seed=2 workflow=netlsd_spectral_signatures status=failed
2026-06-05 18:47:55,369 INFO row_complete 1228/2640 dataset=erdos_renyi perturbation=hub_modification alpha=0.9 seed=2 workflow=diversity_curves_l2 status=success
2026-06-05 18:48:01,322 INFO row_complete 1229/2640 dataset=erdos_renyi perturbation=hub_modification alpha=1.0 seed=2 workflow=structural_statistics_mmd status=success
2026-06-05 18:48:01,323 INFO row_complete 1230/2640 dataset=erdos_renyi perturbation=hub_modification alpha=1.0 seed=2 workflow=wl_subtree_kernel_mmd status=success
2026-06-05 18:48:01,324 INFO row_complete 1231/2640 dataset=erdos_renyi perturbation=hub_modification alpha=1.0 seed=2 workflow=netlsd_spectral_signatures status=failed
2026-06-05 18:48:01,326 INFO row_complete 1232/2640 dataset=erdos_renyi perturbation=hub_modification alpha=1.0 seed=2 workflow=diversity_curves_l2 status=success
2026-06-05 18:48:06,907 INFO row_complete 1233/2640 dataset=stochastic_block_model perturbation=edge_addition_deletion alpha=0.0 seed=2 workflow=structural_statistics_mmd status=success
2026-06-05 18:48:06,908 INFO row_complete 1234/2640 dataset=stochastic_block_model perturbation=edge_addition_deletion alpha=0.0 seed=2 workflow=wl_subtree_kernel_mmd status=success
2026-06-05 18:48:06,910 INFO row_complete 1235/2640 dataset=stochastic_block_model perturbation=edge_addition_deletion alpha=0.0 seed=2 workflow=netlsd_spectral_signatures status=failed
2026-06-05 18:48:06,911 INFO row_complete 1236/2640 dataset=stochastic_block_model perturbation=edge_addition_deletion alpha=0.0 seed=2 workflow=diversity_curves_l2 status=success
2026-06-05 18:48:12,558 INFO row_complete 1237/2640 dataset=stochastic_block_model perturbation=edge_addition_deletion alpha=0.1 seed=2 workflow=structural_statistics_mmd status=success
2026-06-05 18:48:12,560 INFO row_complete 1238/2640 dataset=stochastic_block_model perturbation=edge_addition_deletion alpha=0.1 seed=2 workflow=wl_subtree_kernel_mmd status=success
2026-06-05 18:48:12,561 INFO row_complete 1239/2640 dataset=stochastic_block_model perturbation=edge_addition_deletion alpha=0.1 seed=2 workflow=netlsd_spectral_signatures status=failed
2026-06-05 18:48:12,562 INFO row_complete 1240/2640 dataset=stochastic_block_model perturbation=edge_addition_deletion alpha=0.1 seed=2 workflow=diversity_curves_l2 status=success
2026-06-05 18:48:18,277 INFO row_complete 1241/2640 dataset=stochastic_block_model perturbation=edge_addition_deletion alpha=0.2 seed=2 workflow=structural_statistics_mmd status=success
2026-06-05 18:48:18,279 INFO row_complete 1242/2640 dataset=stochastic_block_model perturbation=edge_addition_deletion alpha=0.2 seed=2 workflow=wl_subtree_kernel_mmd status=success
2026-06-05 18:48:18,280 INFO row_complete 1243/2640 dataset=stochastic_block_model perturbation=edge_addition_deletion alpha=0.2 seed=2 workflow=netlsd_spectral_signatures status=failed
2026-06-05 18:48:18,281 INFO row_complete 1244/2640 dataset=stochastic_block_model perturbation=edge_addition_deletion alpha=0.2 seed=2 workflow=diversity_curves_l2 status=success
2026-06-05 18:48:23,997 INFO row_complete 1245/2640 dataset=stochastic_block_model perturbation=edge_addition_deletion alpha=0.3 seed=2 workflow=structural_statistics_mmd status=success
2026-06-05 18:48:23,998 INFO row_complete 1246/2640 dataset=stochastic_block_model perturbation=edge_addition_deletion alpha=0.3 seed=2 workflow=wl_subtree_kernel_mmd status=success
2026-06-05 18:48:24,000 INFO row_complete 1247/2640 dataset=stochastic_block_model perturbation=edge_addition_deletion alpha=0.3 seed=2 workflow=netlsd_spectral_signatures status=failed
2026-06-05 18:48:24,001 INFO row_complete 1248/2640 dataset=stochastic_block_model perturbation=edge_addition_deletion alpha=0.3 seed=2 workflow=diversity_curves_l2 status=success
2026-06-05 18:48:29,739 INFO row_complete 1249/2640 dataset=stochastic_block_model perturbation=edge_addition_deletion alpha=0.4 seed=2 workflow=structural_statistics_mmd status=success
2026-06-05 18:48:29,740 INFO row_complete 1250/2640 dataset=stochastic_block_model perturbation=edge_addition_deletion alpha=0.4 seed=2 workflow=wl_subtree_kernel_mmd status=success
2026-06-05 18:48:29,742 INFO row_complete 1251/2640 dataset=stochastic_block_model perturbation=edge_addition_deletion alpha=0.4 seed=2 workflow=netlsd_spectral_signatures status=failed
2026-06-05 18:48:29,743 INFO row_complete 1252/2640 dataset=stochastic_block_model perturbation=edge_addition_deletion alpha=0.4 seed=2 workflow=diversity_curves_l2 status=success
2026-06-05 18:48:35,458 INFO row_complete 1253/2640 dataset=stochastic_block_model perturbation=edge_addition_deletion alpha=0.5 seed=2 workflow=structural_statistics_mmd status=success
2026-06-05 18:48:35,460 INFO row_complete 1254/2640 dataset=stochastic_block_model perturbation=edge_addition_deletion alpha=0.5 seed=2 workflow=wl_subtree_kernel_mmd status=success
2026-06-05 18:48:35,461 INFO row_complete 1255/2640 dataset=stochastic_block_model perturbation=edge_addition_deletion alpha=0.5 seed=2 workflow=netlsd_spectral_signatures status=failed
2026-06-05 18:48:35,462 INFO row_complete 1256/2640 dataset=stochastic_block_model perturbation=edge_addition_deletion alpha=0.5 seed=2 workflow=diversity_curves_l2 status=success
2026-06-05 18:48:41,191 INFO row_complete 1257/2640 dataset=stochastic_block_model perturbation=edge_addition_deletion alpha=0.6 seed=2 workflow=structural_statistics_mmd status=success
2026-06-05 18:48:41,193 INFO row_complete 1258/2640 dataset=stochastic_block_model perturbation=edge_addition_deletion alpha=0.6 seed=2 workflow=wl_subtree_kernel_mmd status=success
2026-06-05 18:48:41,194 INFO row_complete 1259/2640 dataset=stochastic_block_model perturbation=edge_addition_deletion alpha=0.6 seed=2 workflow=netlsd_spectral_signatures status=failed
2026-06-05 18:48:41,195 INFO row_complete 1260/2640 dataset=stochastic_block_model perturbation=edge_addition_deletion alpha=0.6 seed=2 workflow=diversity_curves_l2 status=success
2026-06-05 18:48:47,080 INFO row_complete 1261/2640 dataset=stochastic_block_model perturbation=edge_addition_deletion alpha=0.7 seed=2 workflow=structural_statistics_mmd status=success
2026-06-05 18:48:47,082 INFO row_complete 1262/2640 dataset=stochastic_block_model perturbation=edge_addition_deletion alpha=0.7 seed=2 workflow=wl_subtree_kernel_mmd status=success
2026-06-05 18:48:47,083 INFO row_complete 1263/2640 dataset=stochastic_block_model perturbation=edge_addition_deletion alpha=0.7 seed=2 workflow=netlsd_spectral_signatures status=failed
2026-06-05 18:48:47,084 INFO row_complete 1264/2640 dataset=stochastic_block_model perturbation=edge_addition_deletion alpha=0.7 seed=2 workflow=diversity_curves_l2 status=success
2026-06-05 18:48:52,826 INFO row_complete 1265/2640 dataset=stochastic_block_model perturbation=edge_addition_deletion alpha=0.8 seed=2 workflow=structural_statistics_mmd status=success
2026-06-05 18:48:52,830 INFO row_complete 1266/2640 dataset=stochastic_block_model perturbation=edge_addition_deletion alpha=0.8 seed=2 workflow=wl_subtree_kernel_mmd status=success
2026-06-05 18:48:52,833 INFO row_complete 1267/2640 dataset=stochastic_block_model perturbation=edge_addition_deletion alpha=0.8 seed=2 workflow=netlsd_spectral_signatures status=failed
2026-06-05 18:48:52,835 INFO row_complete 1268/2640 dataset=stochastic_block_model perturbation=edge_addition_deletion alpha=0.8 seed=2 workflow=diversity_curves_l2 status=success
2026-06-05 18:48:58,762 INFO row_complete 1269/2640 dataset=stochastic_block_model perturbation=edge_addition_deletion alpha=0.9 seed=2 workflow=structural_statistics_mmd status=success
2026-06-05 18:48:58,763 INFO row_complete 1270/2640 dataset=stochastic_block_model perturbation=edge_addition_deletion alpha=0.9 seed=2 workflow=wl_subtree_kernel_mmd status=success
2026-06-05 18:48:58,764 INFO row_complete 1271/2640 dataset=stochastic_block_model perturbation=edge_addition_deletion alpha=0.9 seed=2 workflow=netlsd_spectral_signatures status=failed
2026-06-05 18:48:58,765 INFO row_complete 1272/2640 dataset=stochastic_block_model perturbation=edge_addition_deletion alpha=0.9 seed=2 workflow=diversity_curves_l2 status=success
2026-06-05 18:49:04,506 INFO row_complete 1273/2640 dataset=stochastic_block_model perturbation=edge_addition_deletion alpha=1.0 seed=2 workflow=structural_statistics_mmd status=success
2026-06-05 18:49:04,507 INFO row_complete 1274/2640 dataset=stochastic_block_model perturbation=edge_addition_deletion alpha=1.0 seed=2 workflow=wl_subtree_kernel_mmd status=success
2026-06-05 18:49:04,509 INFO row_complete 1275/2640 dataset=stochastic_block_model perturbation=edge_addition_deletion alpha=1.0 seed=2 workflow=netlsd_spectral_signatures status=failed
2026-06-05 18:49:04,510 INFO row_complete 1276/2640 dataset=stochastic_block_model perturbation=edge_addition_deletion alpha=1.0 seed=2 workflow=diversity_curves_l2 status=success
2026-06-05 18:49:10,278 INFO row_complete 1277/2640 dataset=stochastic_block_model perturbation=triangle_injection_removal alpha=0.0 seed=2 workflow=structural_statistics_mmd status=success
2026-06-05 18:49:10,279 INFO row_complete 1278/2640 dataset=stochastic_block_model perturbation=triangle_injection_removal alpha=0.0 seed=2 workflow=wl_subtree_kernel_mmd status=success
2026-06-05 18:49:10,280 INFO row_complete 1279/2640 dataset=stochastic_block_model perturbation=triangle_injection_removal alpha=0.0 seed=2 workflow=netlsd_spectral_signatures status=failed
2026-06-05 18:49:10,282 INFO row_complete 1280/2640 dataset=stochastic_block_model perturbation=triangle_injection_removal alpha=0.0 seed=2 workflow=diversity_curves_l2 status=success
2026-06-05 18:49:16,823 INFO row_complete 1281/2640 dataset=stochastic_block_model perturbation=triangle_injection_removal alpha=0.1 seed=2 workflow=structural_statistics_mmd status=success
2026-06-05 18:49:16,825 INFO row_complete 1282/2640 dataset=stochastic_block_model perturbation=triangle_injection_removal alpha=0.1 seed=2 workflow=wl_subtree_kernel_mmd status=success
2026-06-05 18:49:16,826 INFO row_complete 1283/2640 dataset=stochastic_block_model perturbation=triangle_injection_removal alpha=0.1 seed=2 workflow=netlsd_spectral_signatures status=failed
2026-06-05 18:49:16,828 INFO row_complete 1284/2640 dataset=stochastic_block_model perturbation=triangle_injection_removal alpha=0.1 seed=2 workflow=diversity_curves_l2 status=success
2026-06-05 18:49:23,200 INFO row_complete 1285/2640 dataset=stochastic_block_model perturbation=triangle_injection_removal alpha=0.2 seed=2 workflow=structural_statistics_mmd status=success
2026-06-05 18:49:23,202 INFO row_complete 1286/2640 dataset=stochastic_block_model perturbation=triangle_injection_removal alpha=0.2 seed=2 workflow=wl_subtree_kernel_mmd status=success
2026-06-05 18:49:23,203 INFO row_complete 1287/2640 dataset=stochastic_block_model perturbation=triangle_injection_removal alpha=0.2 seed=2 workflow=netlsd_spectral_signatures status=failed
2026-06-05 18:49:23,204 INFO row_complete 1288/2640 dataset=stochastic_block_model perturbation=triangle_injection_removal alpha=0.2 seed=2 workflow=diversity_curves_l2 status=success
2026-06-05 18:49:29,517 INFO row_complete 1289/2640 dataset=stochastic_block_model perturbation=triangle_injection_removal alpha=0.3 seed=2 workflow=structural_statistics_mmd status=success
2026-06-05 18:49:29,518 INFO row_complete 1290/2640 dataset=stochastic_block_model perturbation=triangle_injection_removal alpha=0.3 seed=2 workflow=wl_subtree_kernel_mmd status=success
2026-06-05 18:49:29,520 INFO row_complete 1291/2640 dataset=stochastic_block_model perturbation=triangle_injection_removal alpha=0.3 seed=2 workflow=netlsd_spectral_signatures status=failed
2026-06-05 18:49:29,521 INFO row_complete 1292/2640 dataset=stochastic_block_model perturbation=triangle_injection_removal alpha=0.3 seed=2 workflow=diversity_curves_l2 status=success
2026-06-05 18:49:35,957 INFO row_complete 1293/2640 dataset=stochastic_block_model perturbation=triangle_injection_removal alpha=0.4 seed=2 workflow=structural_statistics_mmd status=success
2026-06-05 18:49:35,959 INFO row_complete 1294/2640 dataset=stochastic_block_model perturbation=triangle_injection_removal alpha=0.4 seed=2 workflow=wl_subtree_kernel_mmd status=success
2026-06-05 18:49:35,960 INFO row_complete 1295/2640 dataset=stochastic_block_model perturbation=triangle_injection_removal alpha=0.4 seed=2 workflow=netlsd_spectral_signatures status=failed
2026-06-05 18:49:35,961 INFO row_complete 1296/2640 dataset=stochastic_block_model perturbation=triangle_injection_removal alpha=0.4 seed=2 workflow=diversity_curves_l2 status=success
2026-06-05 18:49:42,395 INFO row_complete 1297/2640 dataset=stochastic_block_model perturbation=triangle_injection_removal alpha=0.5 seed=2 workflow=structural_statistics_mmd status=success
2026-06-05 18:49:42,397 INFO row_complete 1298/2640 dataset=stochastic_block_model perturbation=triangle_injection_removal alpha=0.5 seed=2 workflow=wl_subtree_kernel_mmd status=success
2026-06-05 18:49:42,398 INFO row_complete 1299/2640 dataset=stochastic_block_model perturbation=triangle_injection_removal alpha=0.5 seed=2 workflow=netlsd_spectral_signatures status=failed
2026-06-05 18:49:42,399 INFO row_complete 1300/2640 dataset=stochastic_block_model perturbation=triangle_injection_removal alpha=0.5 seed=2 workflow=diversity_curves_l2 status=success
2026-06-05 18:49:48,904 INFO row_complete 1301/2640 dataset=stochastic_block_model perturbation=triangle_injection_removal alpha=0.6 seed=2 workflow=structural_statistics_mmd status=success
2026-06-05 18:49:48,906 INFO row_complete 1302/2640 dataset=stochastic_block_model perturbation=triangle_injection_removal alpha=0.6 seed=2 workflow=wl_subtree_kernel_mmd status=success
2026-06-05 18:49:48,907 INFO row_complete 1303/2640 dataset=stochastic_block_model perturbation=triangle_injection_removal alpha=0.6 seed=2 workflow=netlsd_spectral_signatures status=failed
2026-06-05 18:49:48,908 INFO row_complete 1304/2640 dataset=stochastic_block_model perturbation=triangle_injection_removal alpha=0.6 seed=2 workflow=diversity_curves_l2 status=success
2026-06-05 18:49:55,202 INFO row_complete 1305/2640 dataset=stochastic_block_model perturbation=triangle_injection_removal alpha=0.7 seed=2 workflow=structural_statistics_mmd status=success
2026-06-05 18:49:55,204 INFO row_complete 1306/2640 dataset=stochastic_block_model perturbation=triangle_injection_removal alpha=0.7 seed=2 workflow=wl_subtree_kernel_mmd status=success
2026-06-05 18:49:55,205 INFO row_complete 1307/2640 dataset=stochastic_block_model perturbation=triangle_injection_removal alpha=0.7 seed=2 workflow=netlsd_spectral_signatures status=failed
2026-06-05 18:49:55,206 INFO row_complete 1308/2640 dataset=stochastic_block_model perturbation=triangle_injection_removal alpha=0.7 seed=2 workflow=diversity_curves_l2 status=success
2026-06-05 18:50:01,545 INFO row_complete 1309/2640 dataset=stochastic_block_model perturbation=triangle_injection_removal alpha=0.8 seed=2 workflow=structural_statistics_mmd status=success
2026-06-05 18:50:01,547 INFO row_complete 1310/2640 dataset=stochastic_block_model perturbation=triangle_injection_removal alpha=0.8 seed=2 workflow=wl_subtree_kernel_mmd status=success
2026-06-05 18:50:01,548 INFO row_complete 1311/2640 dataset=stochastic_block_model perturbation=triangle_injection_removal alpha=0.8 seed=2 workflow=netlsd_spectral_signatures status=failed
2026-06-05 18:50:01,549 INFO row_complete 1312/2640 dataset=stochastic_block_model perturbation=triangle_injection_removal alpha=0.8 seed=2 workflow=diversity_curves_l2 status=success
2026-06-05 18:50:07,870 INFO row_complete 1313/2640 dataset=stochastic_block_model perturbation=triangle_injection_removal alpha=0.9 seed=2 workflow=structural_statistics_mmd status=success
2026-06-05 18:50:07,872 INFO row_complete 1314/2640 dataset=stochastic_block_model perturbation=triangle_injection_removal alpha=0.9 seed=2 workflow=wl_subtree_kernel_mmd status=success
2026-06-05 18:50:07,873 INFO row_complete 1315/2640 dataset=stochastic_block_model perturbation=triangle_injection_removal alpha=0.9 seed=2 workflow=netlsd_spectral_signatures status=failed
2026-06-05 18:50:07,875 INFO row_complete 1316/2640 dataset=stochastic_block_model perturbation=triangle_injection_removal alpha=0.9 seed=2 workflow=diversity_curves_l2 status=success
2026-06-05 18:50:14,278 INFO row_complete 1317/2640 dataset=stochastic_block_model perturbation=triangle_injection_removal alpha=1.0 seed=2 workflow=structural_statistics_mmd status=success
2026-06-05 18:50:14,280 INFO row_complete 1318/2640 dataset=stochastic_block_model perturbation=triangle_injection_removal alpha=1.0 seed=2 workflow=wl_subtree_kernel_mmd status=success
2026-06-05 18:50:14,281 INFO row_complete 1319/2640 dataset=stochastic_block_model perturbation=triangle_injection_removal alpha=1.0 seed=2 workflow=netlsd_spectral_signatures status=failed
2026-06-05 18:50:14,283 INFO row_complete 1320/2640 dataset=stochastic_block_model perturbation=triangle_injection_removal alpha=1.0 seed=2 workflow=diversity_curves_l2 status=success
2026-06-05 18:50:20,027 INFO row_complete 1321/2640 dataset=stochastic_block_model perturbation=community_weakening alpha=0.0 seed=2 workflow=structural_statistics_mmd status=success
2026-06-05 18:50:20,028 INFO row_complete 1322/2640 dataset=stochastic_block_model perturbation=community_weakening alpha=0.0 seed=2 workflow=wl_subtree_kernel_mmd status=success
2026-06-05 18:50:20,029 INFO row_complete 1323/2640 dataset=stochastic_block_model perturbation=community_weakening alpha=0.0 seed=2 workflow=netlsd_spectral_signatures status=failed
2026-06-05 18:50:20,030 INFO row_complete 1324/2640 dataset=stochastic_block_model perturbation=community_weakening alpha=0.0 seed=2 workflow=diversity_curves_l2 status=success
2026-06-05 18:50:25,735 INFO row_complete 1325/2640 dataset=stochastic_block_model perturbation=community_weakening alpha=0.1 seed=2 workflow=structural_statistics_mmd status=success
2026-06-05 18:50:25,737 INFO row_complete 1326/2640 dataset=stochastic_block_model perturbation=community_weakening alpha=0.1 seed=2 workflow=wl_subtree_kernel_mmd status=success
2026-06-05 18:50:25,739 INFO row_complete 1327/2640 dataset=stochastic_block_model perturbation=community_weakening alpha=0.1 seed=2 workflow=netlsd_spectral_signatures status=failed
2026-06-05 18:50:25,742 INFO row_complete 1328/2640 dataset=stochastic_block_model perturbation=community_weakening alpha=0.1 seed=2 workflow=diversity_curves_l2 status=success
2026-06-05 18:50:31,517 INFO row_complete 1329/2640 dataset=stochastic_block_model perturbation=community_weakening alpha=0.2 seed=2 workflow=structural_statistics_mmd status=success
2026-06-05 18:50:31,519 INFO row_complete 1330/2640 dataset=stochastic_block_model perturbation=community_weakening alpha=0.2 seed=2 workflow=wl_subtree_kernel_mmd status=success
2026-06-05 18:50:31,520 INFO row_complete 1331/2640 dataset=stochastic_block_model perturbation=community_weakening alpha=0.2 seed=2 workflow=netlsd_spectral_signatures status=failed
2026-06-05 18:50:31,522 INFO row_complete 1332/2640 dataset=stochastic_block_model perturbation=community_weakening alpha=0.2 seed=2 workflow=diversity_curves_l2 status=success
2026-06-05 18:50:37,271 INFO row_complete 1333/2640 dataset=stochastic_block_model perturbation=community_weakening alpha=0.3 seed=2 workflow=structural_statistics_mmd status=success
2026-06-05 18:50:37,272 INFO row_complete 1334/2640 dataset=stochastic_block_model perturbation=community_weakening alpha=0.3 seed=2 workflow=wl_subtree_kernel_mmd status=success
2026-06-05 18:50:37,273 INFO row_complete 1335/2640 dataset=stochastic_block_model perturbation=community_weakening alpha=0.3 seed=2 workflow=netlsd_spectral_signatures status=failed
2026-06-05 18:50:37,275 INFO row_complete 1336/2640 dataset=stochastic_block_model perturbation=community_weakening alpha=0.3 seed=2 workflow=diversity_curves_l2 status=success
2026-06-05 18:50:42,895 INFO row_complete 1337/2640 dataset=stochastic_block_model perturbation=community_weakening alpha=0.4 seed=2 workflow=structural_statistics_mmd status=success
2026-06-05 18:50:42,897 INFO row_complete 1338/2640 dataset=stochastic_block_model perturbation=community_weakening alpha=0.4 seed=2 workflow=wl_subtree_kernel_mmd status=success
2026-06-05 18:50:42,898 INFO row_complete 1339/2640 dataset=stochastic_block_model perturbation=community_weakening alpha=0.4 seed=2 workflow=netlsd_spectral_signatures status=failed
2026-06-05 18:50:42,899 INFO row_complete 1340/2640 dataset=stochastic_block_model perturbation=community_weakening alpha=0.4 seed=2 workflow=diversity_curves_l2 status=success
2026-06-05 18:50:48,593 INFO row_complete 1341/2640 dataset=stochastic_block_model perturbation=community_weakening alpha=0.5 seed=2 workflow=structural_statistics_mmd status=success
2026-06-05 18:50:48,594 INFO row_complete 1342/2640 dataset=stochastic_block_model perturbation=community_weakening alpha=0.5 seed=2 workflow=wl_subtree_kernel_mmd status=success
2026-06-05 18:50:48,595 INFO row_complete 1343/2640 dataset=stochastic_block_model perturbation=community_weakening alpha=0.5 seed=2 workflow=netlsd_spectral_signatures status=failed
2026-06-05 18:50:48,596 INFO row_complete 1344/2640 dataset=stochastic_block_model perturbation=community_weakening alpha=0.5 seed=2 workflow=diversity_curves_l2 status=success
2026-06-05 18:50:54,100 INFO row_complete 1345/2640 dataset=stochastic_block_model perturbation=community_weakening alpha=0.6 seed=2 workflow=structural_statistics_mmd status=success
2026-06-05 18:50:54,102 INFO row_complete 1346/2640 dataset=stochastic_block_model perturbation=community_weakening alpha=0.6 seed=2 workflow=wl_subtree_kernel_mmd status=success
2026-06-05 18:50:54,103 INFO row_complete 1347/2640 dataset=stochastic_block_model perturbation=community_weakening alpha=0.6 seed=2 workflow=netlsd_spectral_signatures status=failed
2026-06-05 18:50:54,104 INFO row_complete 1348/2640 dataset=stochastic_block_model perturbation=community_weakening alpha=0.6 seed=2 workflow=diversity_curves_l2 status=success
2026-06-05 18:50:59,615 INFO row_complete 1349/2640 dataset=stochastic_block_model perturbation=community_weakening alpha=0.7 seed=2 workflow=structural_statistics_mmd status=success
2026-06-05 18:50:59,617 INFO row_complete 1350/2640 dataset=stochastic_block_model perturbation=community_weakening alpha=0.7 seed=2 workflow=wl_subtree_kernel_mmd status=success
2026-06-05 18:50:59,618 INFO row_complete 1351/2640 dataset=stochastic_block_model perturbation=community_weakening alpha=0.7 seed=2 workflow=netlsd_spectral_signatures status=failed
2026-06-05 18:50:59,619 INFO row_complete 1352/2640 dataset=stochastic_block_model perturbation=community_weakening alpha=0.7 seed=2 workflow=diversity_curves_l2 status=success
2026-06-05 18:51:05,147 INFO row_complete 1353/2640 dataset=stochastic_block_model perturbation=community_weakening alpha=0.8 seed=2 workflow=structural_statistics_mmd status=success
2026-06-05 18:51:05,149 INFO row_complete 1354/2640 dataset=stochastic_block_model perturbation=community_weakening alpha=0.8 seed=2 workflow=wl_subtree_kernel_mmd status=success
2026-06-05 18:51:05,150 INFO row_complete 1355/2640 dataset=stochastic_block_model perturbation=community_weakening alpha=0.8 seed=2 workflow=netlsd_spectral_signatures status=failed
2026-06-05 18:51:05,151 INFO row_complete 1356/2640 dataset=stochastic_block_model perturbation=community_weakening alpha=0.8 seed=2 workflow=diversity_curves_l2 status=success
2026-06-05 18:51:10,769 INFO row_complete 1357/2640 dataset=stochastic_block_model perturbation=community_weakening alpha=0.9 seed=2 workflow=structural_statistics_mmd status=success
2026-06-05 18:51:10,771 INFO row_complete 1358/2640 dataset=stochastic_block_model perturbation=community_weakening alpha=0.9 seed=2 workflow=wl_subtree_kernel_mmd status=success
2026-06-05 18:51:10,772 INFO row_complete 1359/2640 dataset=stochastic_block_model perturbation=community_weakening alpha=0.9 seed=2 workflow=netlsd_spectral_signatures status=failed
2026-06-05 18:51:10,773 INFO row_complete 1360/2640 dataset=stochastic_block_model perturbation=community_weakening alpha=0.9 seed=2 workflow=diversity_curves_l2 status=success
2026-06-05 18:51:16,526 INFO row_complete 1361/2640 dataset=stochastic_block_model perturbation=community_weakening alpha=1.0 seed=2 workflow=structural_statistics_mmd status=success
2026-06-05 18:51:16,527 INFO row_complete 1362/2640 dataset=stochastic_block_model perturbation=community_weakening alpha=1.0 seed=2 workflow=wl_subtree_kernel_mmd status=success
2026-06-05 18:51:16,529 INFO row_complete 1363/2640 dataset=stochastic_block_model perturbation=community_weakening alpha=1.0 seed=2 workflow=netlsd_spectral_signatures status=failed
2026-06-05 18:51:16,530 INFO row_complete 1364/2640 dataset=stochastic_block_model perturbation=community_weakening alpha=1.0 seed=2 workflow=diversity_curves_l2 status=success
2026-06-05 18:51:22,234 INFO row_complete 1365/2640 dataset=stochastic_block_model perturbation=hub_modification alpha=0.0 seed=2 workflow=structural_statistics_mmd status=success
2026-06-05 18:51:22,235 INFO row_complete 1366/2640 dataset=stochastic_block_model perturbation=hub_modification alpha=0.0 seed=2 workflow=wl_subtree_kernel_mmd status=success
2026-06-05 18:51:22,236 INFO row_complete 1367/2640 dataset=stochastic_block_model perturbation=hub_modification alpha=0.0 seed=2 workflow=netlsd_spectral_signatures status=failed
2026-06-05 18:51:22,237 INFO row_complete 1368/2640 dataset=stochastic_block_model perturbation=hub_modification alpha=0.0 seed=2 workflow=diversity_curves_l2 status=success
2026-06-05 18:51:27,927 INFO row_complete 1369/2640 dataset=stochastic_block_model perturbation=hub_modification alpha=0.1 seed=2 workflow=structural_statistics_mmd status=success
2026-06-05 18:51:27,928 INFO row_complete 1370/2640 dataset=stochastic_block_model perturbation=hub_modification alpha=0.1 seed=2 workflow=wl_subtree_kernel_mmd status=success
2026-06-05 18:51:27,929 INFO row_complete 1371/2640 dataset=stochastic_block_model perturbation=hub_modification alpha=0.1 seed=2 workflow=netlsd_spectral_signatures status=failed
2026-06-05 18:51:27,931 INFO row_complete 1372/2640 dataset=stochastic_block_model perturbation=hub_modification alpha=0.1 seed=2 workflow=diversity_curves_l2 status=success
2026-06-05 18:51:33,637 INFO row_complete 1373/2640 dataset=stochastic_block_model perturbation=hub_modification alpha=0.2 seed=2 workflow=structural_statistics_mmd status=success
2026-06-05 18:51:33,638 INFO row_complete 1374/2640 dataset=stochastic_block_model perturbation=hub_modification alpha=0.2 seed=2 workflow=wl_subtree_kernel_mmd status=success
2026-06-05 18:51:33,639 INFO row_complete 1375/2640 dataset=stochastic_block_model perturbation=hub_modification alpha=0.2 seed=2 workflow=netlsd_spectral_signatures status=failed
2026-06-05 18:51:33,640 INFO row_complete 1376/2640 dataset=stochastic_block_model perturbation=hub_modification alpha=0.2 seed=2 workflow=diversity_curves_l2 status=success
2026-06-05 18:51:39,293 INFO row_complete 1377/2640 dataset=stochastic_block_model perturbation=hub_modification alpha=0.3 seed=2 workflow=structural_statistics_mmd status=success
2026-06-05 18:51:39,294 INFO row_complete 1378/2640 dataset=stochastic_block_model perturbation=hub_modification alpha=0.3 seed=2 workflow=wl_subtree_kernel_mmd status=success
2026-06-05 18:51:39,296 INFO row_complete 1379/2640 dataset=stochastic_block_model perturbation=hub_modification alpha=0.3 seed=2 workflow=netlsd_spectral_signatures status=failed
2026-06-05 18:51:39,297 INFO row_complete 1380/2640 dataset=stochastic_block_model perturbation=hub_modification alpha=0.3 seed=2 workflow=diversity_curves_l2 status=success
2026-06-05 18:51:44,927 INFO row_complete 1381/2640 dataset=stochastic_block_model perturbation=hub_modification alpha=0.4 seed=2 workflow=structural_statistics_mmd status=success
2026-06-05 18:51:44,929 INFO row_complete 1382/2640 dataset=stochastic_block_model perturbation=hub_modification alpha=0.4 seed=2 workflow=wl_subtree_kernel_mmd status=success
2026-06-05 18:51:44,930 INFO row_complete 1383/2640 dataset=stochastic_block_model perturbation=hub_modification alpha=0.4 seed=2 workflow=netlsd_spectral_signatures status=failed
2026-06-05 18:51:44,931 INFO row_complete 1384/2640 dataset=stochastic_block_model perturbation=hub_modification alpha=0.4 seed=2 workflow=diversity_curves_l2 status=success
2026-06-05 18:51:50,661 INFO row_complete 1385/2640 dataset=stochastic_block_model perturbation=hub_modification alpha=0.5 seed=2 workflow=structural_statistics_mmd status=success
2026-06-05 18:51:50,662 INFO row_complete 1386/2640 dataset=stochastic_block_model perturbation=hub_modification alpha=0.5 seed=2 workflow=wl_subtree_kernel_mmd status=success
2026-06-05 18:51:50,664 INFO row_complete 1387/2640 dataset=stochastic_block_model perturbation=hub_modification alpha=0.5 seed=2 workflow=netlsd_spectral_signatures status=failed
2026-06-05 18:51:50,665 INFO row_complete 1388/2640 dataset=stochastic_block_model perturbation=hub_modification alpha=0.5 seed=2 workflow=diversity_curves_l2 status=success
2026-06-05 18:51:56,187 INFO row_complete 1389/2640 dataset=stochastic_block_model perturbation=hub_modification alpha=0.6 seed=2 workflow=structural_statistics_mmd status=success
2026-06-05 18:51:56,189 INFO row_complete 1390/2640 dataset=stochastic_block_model perturbation=hub_modification alpha=0.6 seed=2 workflow=wl_subtree_kernel_mmd status=success
2026-06-05 18:51:56,190 INFO row_complete 1391/2640 dataset=stochastic_block_model perturbation=hub_modification alpha=0.6 seed=2 workflow=netlsd_spectral_signatures status=failed
2026-06-05 18:51:56,191 INFO row_complete 1392/2640 dataset=stochastic_block_model perturbation=hub_modification alpha=0.6 seed=2 workflow=diversity_curves_l2 status=success
2026-06-05 18:52:01,829 INFO row_complete 1393/2640 dataset=stochastic_block_model perturbation=hub_modification alpha=0.7 seed=2 workflow=structural_statistics_mmd status=success
2026-06-05 18:52:01,831 INFO row_complete 1394/2640 dataset=stochastic_block_model perturbation=hub_modification alpha=0.7 seed=2 workflow=wl_subtree_kernel_mmd status=success
2026-06-05 18:52:01,832 INFO row_complete 1395/2640 dataset=stochastic_block_model perturbation=hub_modification alpha=0.7 seed=2 workflow=netlsd_spectral_signatures status=failed
2026-06-05 18:52:01,833 INFO row_complete 1396/2640 dataset=stochastic_block_model perturbation=hub_modification alpha=0.7 seed=2 workflow=diversity_curves_l2 status=success
2026-06-05 18:52:07,532 INFO row_complete 1397/2640 dataset=stochastic_block_model perturbation=hub_modification alpha=0.8 seed=2 workflow=structural_statistics_mmd status=success
2026-06-05 18:52:07,534 INFO row_complete 1398/2640 dataset=stochastic_block_model perturbation=hub_modification alpha=0.8 seed=2 workflow=wl_subtree_kernel_mmd status=success
2026-06-05 18:52:07,535 INFO row_complete 1399/2640 dataset=stochastic_block_model perturbation=hub_modification alpha=0.8 seed=2 workflow=netlsd_spectral_signatures status=failed
2026-06-05 18:52:07,536 INFO row_complete 1400/2640 dataset=stochastic_block_model perturbation=hub_modification alpha=0.8 seed=2 workflow=diversity_curves_l2 status=success
2026-06-05 18:52:13,042 INFO row_complete 1401/2640 dataset=stochastic_block_model perturbation=hub_modification alpha=0.9 seed=2 workflow=structural_statistics_mmd status=success
2026-06-05 18:52:13,044 INFO row_complete 1402/2640 dataset=stochastic_block_model perturbation=hub_modification alpha=0.9 seed=2 workflow=wl_subtree_kernel_mmd status=success
2026-06-05 18:52:13,045 INFO row_complete 1403/2640 dataset=stochastic_block_model perturbation=hub_modification alpha=0.9 seed=2 workflow=netlsd_spectral_signatures status=failed
2026-06-05 18:52:13,046 INFO row_complete 1404/2640 dataset=stochastic_block_model perturbation=hub_modification alpha=0.9 seed=2 workflow=diversity_curves_l2 status=success
2026-06-05 18:52:18,608 INFO row_complete 1405/2640 dataset=stochastic_block_model perturbation=hub_modification alpha=1.0 seed=2 workflow=structural_statistics_mmd status=success
2026-06-05 18:52:18,609 INFO row_complete 1406/2640 dataset=stochastic_block_model perturbation=hub_modification alpha=1.0 seed=2 workflow=wl_subtree_kernel_mmd status=success
2026-06-05 18:52:18,610 INFO row_complete 1407/2640 dataset=stochastic_block_model perturbation=hub_modification alpha=1.0 seed=2 workflow=netlsd_spectral_signatures status=failed
2026-06-05 18:52:18,612 INFO row_complete 1408/2640 dataset=stochastic_block_model perturbation=hub_modification alpha=1.0 seed=2 workflow=diversity_curves_l2 status=success
2026-06-05 18:52:24,202 INFO row_complete 1409/2640 dataset=barabasi_albert perturbation=edge_addition_deletion alpha=0.0 seed=2 workflow=structural_statistics_mmd status=success
2026-06-05 18:52:24,203 INFO row_complete 1410/2640 dataset=barabasi_albert perturbation=edge_addition_deletion alpha=0.0 seed=2 workflow=wl_subtree_kernel_mmd status=success
2026-06-05 18:52:24,204 INFO row_complete 1411/2640 dataset=barabasi_albert perturbation=edge_addition_deletion alpha=0.0 seed=2 workflow=netlsd_spectral_signatures status=failed
2026-06-05 18:52:24,206 INFO row_complete 1412/2640 dataset=barabasi_albert perturbation=edge_addition_deletion alpha=0.0 seed=2 workflow=diversity_curves_l2 status=success
2026-06-05 18:52:29,745 INFO row_complete 1413/2640 dataset=barabasi_albert perturbation=edge_addition_deletion alpha=0.1 seed=2 workflow=structural_statistics_mmd status=success
2026-06-05 18:52:29,747 INFO row_complete 1414/2640 dataset=barabasi_albert perturbation=edge_addition_deletion alpha=0.1 seed=2 workflow=wl_subtree_kernel_mmd status=success
2026-06-05 18:52:29,748 INFO row_complete 1415/2640 dataset=barabasi_albert perturbation=edge_addition_deletion alpha=0.1 seed=2 workflow=netlsd_spectral_signatures status=failed
2026-06-05 18:52:29,750 INFO row_complete 1416/2640 dataset=barabasi_albert perturbation=edge_addition_deletion alpha=0.1 seed=2 workflow=diversity_curves_l2 status=success
2026-06-05 18:52:35,322 INFO row_complete 1417/2640 dataset=barabasi_albert perturbation=edge_addition_deletion alpha=0.2 seed=2 workflow=structural_statistics_mmd status=success
2026-06-05 18:52:35,324 INFO row_complete 1418/2640 dataset=barabasi_albert perturbation=edge_addition_deletion alpha=0.2 seed=2 workflow=wl_subtree_kernel_mmd status=success
2026-06-05 18:52:35,325 INFO row_complete 1419/2640 dataset=barabasi_albert perturbation=edge_addition_deletion alpha=0.2 seed=2 workflow=netlsd_spectral_signatures status=failed
2026-06-05 18:52:35,327 INFO row_complete 1420/2640 dataset=barabasi_albert perturbation=edge_addition_deletion alpha=0.2 seed=2 workflow=diversity_curves_l2 status=success
2026-06-05 18:52:40,662 INFO row_complete 1421/2640 dataset=barabasi_albert perturbation=edge_addition_deletion alpha=0.3 seed=2 workflow=structural_statistics_mmd status=success
2026-06-05 18:52:40,664 INFO row_complete 1422/2640 dataset=barabasi_albert perturbation=edge_addition_deletion alpha=0.3 seed=2 workflow=wl_subtree_kernel_mmd status=success
2026-06-05 18:52:40,666 INFO row_complete 1423/2640 dataset=barabasi_albert perturbation=edge_addition_deletion alpha=0.3 seed=2 workflow=netlsd_spectral_signatures status=failed
2026-06-05 18:52:40,667 INFO row_complete 1424/2640 dataset=barabasi_albert perturbation=edge_addition_deletion alpha=0.3 seed=2 workflow=diversity_curves_l2 status=success
2026-06-05 18:52:46,077 INFO row_complete 1425/2640 dataset=barabasi_albert perturbation=edge_addition_deletion alpha=0.4 seed=2 workflow=structural_statistics_mmd status=success
2026-06-05 18:52:46,080 INFO row_complete 1426/2640 dataset=barabasi_albert perturbation=edge_addition_deletion alpha=0.4 seed=2 workflow=wl_subtree_kernel_mmd status=success
2026-06-05 18:52:46,081 INFO row_complete 1427/2640 dataset=barabasi_albert perturbation=edge_addition_deletion alpha=0.4 seed=2 workflow=netlsd_spectral_signatures status=failed
2026-06-05 18:52:46,083 INFO row_complete 1428/2640 dataset=barabasi_albert perturbation=edge_addition_deletion alpha=0.4 seed=2 workflow=diversity_curves_l2 status=success
2026-06-05 18:52:51,422 INFO row_complete 1429/2640 dataset=barabasi_albert perturbation=edge_addition_deletion alpha=0.5 seed=2 workflow=structural_statistics_mmd status=success
2026-06-05 18:52:51,424 INFO row_complete 1430/2640 dataset=barabasi_albert perturbation=edge_addition_deletion alpha=0.5 seed=2 workflow=wl_subtree_kernel_mmd status=success
2026-06-05 18:52:51,426 INFO row_complete 1431/2640 dataset=barabasi_albert perturbation=edge_addition_deletion alpha=0.5 seed=2 workflow=netlsd_spectral_signatures status=failed
2026-06-05 18:52:51,427 INFO row_complete 1432/2640 dataset=barabasi_albert perturbation=edge_addition_deletion alpha=0.5 seed=2 workflow=diversity_curves_l2 status=success
2026-06-05 18:52:56,679 INFO row_complete 1433/2640 dataset=barabasi_albert perturbation=edge_addition_deletion alpha=0.6 seed=2 workflow=structural_statistics_mmd status=success
2026-06-05 18:52:56,680 INFO row_complete 1434/2640 dataset=barabasi_albert perturbation=edge_addition_deletion alpha=0.6 seed=2 workflow=wl_subtree_kernel_mmd status=success
2026-06-05 18:52:56,681 INFO row_complete 1435/2640 dataset=barabasi_albert perturbation=edge_addition_deletion alpha=0.6 seed=2 workflow=netlsd_spectral_signatures status=failed
2026-06-05 18:52:56,682 INFO row_complete 1436/2640 dataset=barabasi_albert perturbation=edge_addition_deletion alpha=0.6 seed=2 workflow=diversity_curves_l2 status=success
2026-06-05 18:53:01,970 INFO row_complete 1437/2640 dataset=barabasi_albert perturbation=edge_addition_deletion alpha=0.7 seed=2 workflow=structural_statistics_mmd status=success
2026-06-05 18:53:01,971 INFO row_complete 1438/2640 dataset=barabasi_albert perturbation=edge_addition_deletion alpha=0.7 seed=2 workflow=wl_subtree_kernel_mmd status=success
2026-06-05 18:53:01,972 INFO row_complete 1439/2640 dataset=barabasi_albert perturbation=edge_addition_deletion alpha=0.7 seed=2 workflow=netlsd_spectral_signatures status=failed
2026-06-05 18:53:01,973 INFO row_complete 1440/2640 dataset=barabasi_albert perturbation=edge_addition_deletion alpha=0.7 seed=2 workflow=diversity_curves_l2 status=success
2026-06-05 18:53:07,251 INFO row_complete 1441/2640 dataset=barabasi_albert perturbation=edge_addition_deletion alpha=0.8 seed=2 workflow=structural_statistics_mmd status=success
2026-06-05 18:53:07,253 INFO row_complete 1442/2640 dataset=barabasi_albert perturbation=edge_addition_deletion alpha=0.8 seed=2 workflow=wl_subtree_kernel_mmd status=success
2026-06-05 18:53:07,254 INFO row_complete 1443/2640 dataset=barabasi_albert perturbation=edge_addition_deletion alpha=0.8 seed=2 workflow=netlsd_spectral_signatures status=failed
2026-06-05 18:53:07,255 INFO row_complete 1444/2640 dataset=barabasi_albert perturbation=edge_addition_deletion alpha=0.8 seed=2 workflow=diversity_curves_l2 status=success
2026-06-05 18:53:12,443 INFO row_complete 1445/2640 dataset=barabasi_albert perturbation=edge_addition_deletion alpha=0.9 seed=2 workflow=structural_statistics_mmd status=success
2026-06-05 18:53:12,444 INFO row_complete 1446/2640 dataset=barabasi_albert perturbation=edge_addition_deletion alpha=0.9 seed=2 workflow=wl_subtree_kernel_mmd status=success
2026-06-05 18:53:12,445 INFO row_complete 1447/2640 dataset=barabasi_albert perturbation=edge_addition_deletion alpha=0.9 seed=2 workflow=netlsd_spectral_signatures status=failed
2026-06-05 18:53:12,446 INFO row_complete 1448/2640 dataset=barabasi_albert perturbation=edge_addition_deletion alpha=0.9 seed=2 workflow=diversity_curves_l2 status=success
2026-06-05 18:53:17,674 INFO row_complete 1449/2640 dataset=barabasi_albert perturbation=edge_addition_deletion alpha=1.0 seed=2 workflow=structural_statistics_mmd status=success
2026-06-05 18:53:17,675 INFO row_complete 1450/2640 dataset=barabasi_albert perturbation=edge_addition_deletion alpha=1.0 seed=2 workflow=wl_subtree_kernel_mmd status=success
2026-06-05 18:53:17,677 INFO row_complete 1451/2640 dataset=barabasi_albert perturbation=edge_addition_deletion alpha=1.0 seed=2 workflow=netlsd_spectral_signatures status=failed
2026-06-05 18:53:17,678 INFO row_complete 1452/2640 dataset=barabasi_albert perturbation=edge_addition_deletion alpha=1.0 seed=2 workflow=diversity_curves_l2 status=success
2026-06-05 18:53:22,877 INFO row_complete 1453/2640 dataset=barabasi_albert perturbation=triangle_injection_removal alpha=0.0 seed=2 workflow=structural_statistics_mmd status=success
2026-06-05 18:53:22,878 INFO row_complete 1454/2640 dataset=barabasi_albert perturbation=triangle_injection_removal alpha=0.0 seed=2 workflow=wl_subtree_kernel_mmd status=success
2026-06-05 18:53:22,879 INFO row_complete 1455/2640 dataset=barabasi_albert perturbation=triangle_injection_removal alpha=0.0 seed=2 workflow=netlsd_spectral_signatures status=failed
2026-06-05 18:53:22,880 INFO row_complete 1456/2640 dataset=barabasi_albert perturbation=triangle_injection_removal alpha=0.0 seed=2 workflow=diversity_curves_l2 status=success
2026-06-05 18:53:28,701 INFO row_complete 1457/2640 dataset=barabasi_albert perturbation=triangle_injection_removal alpha=0.1 seed=2 workflow=structural_statistics_mmd status=success
2026-06-05 18:53:28,703 INFO row_complete 1458/2640 dataset=barabasi_albert perturbation=triangle_injection_removal alpha=0.1 seed=2 workflow=wl_subtree_kernel_mmd status=success
2026-06-05 18:53:28,704 INFO row_complete 1459/2640 dataset=barabasi_albert perturbation=triangle_injection_removal alpha=0.1 seed=2 workflow=netlsd_spectral_signatures status=failed
2026-06-05 18:53:28,705 INFO row_complete 1460/2640 dataset=barabasi_albert perturbation=triangle_injection_removal alpha=0.1 seed=2 workflow=diversity_curves_l2 status=success
2026-06-05 18:53:34,610 INFO row_complete 1461/2640 dataset=barabasi_albert perturbation=triangle_injection_removal alpha=0.2 seed=2 workflow=structural_statistics_mmd status=success
2026-06-05 18:53:34,614 INFO row_complete 1462/2640 dataset=barabasi_albert perturbation=triangle_injection_removal alpha=0.2 seed=2 workflow=wl_subtree_kernel_mmd status=success
2026-06-05 18:53:34,615 INFO row_complete 1463/2640 dataset=barabasi_albert perturbation=triangle_injection_removal alpha=0.2 seed=2 workflow=netlsd_spectral_signatures status=failed
2026-06-05 18:53:34,616 INFO row_complete 1464/2640 dataset=barabasi_albert perturbation=triangle_injection_removal alpha=0.2 seed=2 workflow=diversity_curves_l2 status=success
2026-06-05 18:53:40,490 INFO row_complete 1465/2640 dataset=barabasi_albert perturbation=triangle_injection_removal alpha=0.3 seed=2 workflow=structural_statistics_mmd status=success
2026-06-05 18:53:40,491 INFO row_complete 1466/2640 dataset=barabasi_albert perturbation=triangle_injection_removal alpha=0.3 seed=2 workflow=wl_subtree_kernel_mmd status=success
2026-06-05 18:53:40,492 INFO row_complete 1467/2640 dataset=barabasi_albert perturbation=triangle_injection_removal alpha=0.3 seed=2 workflow=netlsd_spectral_signatures status=failed
2026-06-05 18:53:40,493 INFO row_complete 1468/2640 dataset=barabasi_albert perturbation=triangle_injection_removal alpha=0.3 seed=2 workflow=diversity_curves_l2 status=success
2026-06-05 18:53:46,313 INFO row_complete 1469/2640 dataset=barabasi_albert perturbation=triangle_injection_removal alpha=0.4 seed=2 workflow=structural_statistics_mmd status=success
2026-06-05 18:53:46,314 INFO row_complete 1470/2640 dataset=barabasi_albert perturbation=triangle_injection_removal alpha=0.4 seed=2 workflow=wl_subtree_kernel_mmd status=success
2026-06-05 18:53:46,315 INFO row_complete 1471/2640 dataset=barabasi_albert perturbation=triangle_injection_removal alpha=0.4 seed=2 workflow=netlsd_spectral_signatures status=failed
2026-06-05 18:53:46,317 INFO row_complete 1472/2640 dataset=barabasi_albert perturbation=triangle_injection_removal alpha=0.4 seed=2 workflow=diversity_curves_l2 status=success
2026-06-05 18:53:51,983 INFO row_complete 1473/2640 dataset=barabasi_albert perturbation=triangle_injection_removal alpha=0.5 seed=2 workflow=structural_statistics_mmd status=success
2026-06-05 18:53:51,984 INFO row_complete 1474/2640 dataset=barabasi_albert perturbation=triangle_injection_removal alpha=0.5 seed=2 workflow=wl_subtree_kernel_mmd status=success
2026-06-05 18:53:51,985 INFO row_complete 1475/2640 dataset=barabasi_albert perturbation=triangle_injection_removal alpha=0.5 seed=2 workflow=netlsd_spectral_signatures status=failed
2026-06-05 18:53:51,987 INFO row_complete 1476/2640 dataset=barabasi_albert perturbation=triangle_injection_removal alpha=0.5 seed=2 workflow=diversity_curves_l2 status=success
2026-06-05 18:53:57,610 INFO row_complete 1477/2640 dataset=barabasi_albert perturbation=triangle_injection_removal alpha=0.6 seed=2 workflow=structural_statistics_mmd status=success
2026-06-05 18:53:57,612 INFO row_complete 1478/2640 dataset=barabasi_albert perturbation=triangle_injection_removal alpha=0.6 seed=2 workflow=wl_subtree_kernel_mmd status=success
2026-06-05 18:53:57,613 INFO row_complete 1479/2640 dataset=barabasi_albert perturbation=triangle_injection_removal alpha=0.6 seed=2 workflow=netlsd_spectral_signatures status=failed
2026-06-05 18:53:57,614 INFO row_complete 1480/2640 dataset=barabasi_albert perturbation=triangle_injection_removal alpha=0.6 seed=2 workflow=diversity_curves_l2 status=success
2026-06-05 18:54:03,347 INFO row_complete 1481/2640 dataset=barabasi_albert perturbation=triangle_injection_removal alpha=0.7 seed=2 workflow=structural_statistics_mmd status=success
2026-06-05 18:54:03,348 INFO row_complete 1482/2640 dataset=barabasi_albert perturbation=triangle_injection_removal alpha=0.7 seed=2 workflow=wl_subtree_kernel_mmd status=success
2026-06-05 18:54:03,349 INFO row_complete 1483/2640 dataset=barabasi_albert perturbation=triangle_injection_removal alpha=0.7 seed=2 workflow=netlsd_spectral_signatures status=failed
2026-06-05 18:54:03,351 INFO row_complete 1484/2640 dataset=barabasi_albert perturbation=triangle_injection_removal alpha=0.7 seed=2 workflow=diversity_curves_l2 status=success
2026-06-05 18:54:09,285 INFO row_complete 1485/2640 dataset=barabasi_albert perturbation=triangle_injection_removal alpha=0.8 seed=2 workflow=structural_statistics_mmd status=success
2026-06-05 18:54:09,286 INFO row_complete 1486/2640 dataset=barabasi_albert perturbation=triangle_injection_removal alpha=0.8 seed=2 workflow=wl_subtree_kernel_mmd status=success
2026-06-05 18:54:09,287 INFO row_complete 1487/2640 dataset=barabasi_albert perturbation=triangle_injection_removal alpha=0.8 seed=2 workflow=netlsd_spectral_signatures status=failed
2026-06-05 18:54:09,288 INFO row_complete 1488/2640 dataset=barabasi_albert perturbation=triangle_injection_removal alpha=0.8 seed=2 workflow=diversity_curves_l2 status=success
2026-06-05 18:54:15,104 INFO row_complete 1489/2640 dataset=barabasi_albert perturbation=triangle_injection_removal alpha=0.9 seed=2 workflow=structural_statistics_mmd status=success
2026-06-05 18:54:15,105 INFO row_complete 1490/2640 dataset=barabasi_albert perturbation=triangle_injection_removal alpha=0.9 seed=2 workflow=wl_subtree_kernel_mmd status=success
2026-06-05 18:54:15,107 INFO row_complete 1491/2640 dataset=barabasi_albert perturbation=triangle_injection_removal alpha=0.9 seed=2 workflow=netlsd_spectral_signatures status=failed
2026-06-05 18:54:15,108 INFO row_complete 1492/2640 dataset=barabasi_albert perturbation=triangle_injection_removal alpha=0.9 seed=2 workflow=diversity_curves_l2 status=success
2026-06-05 18:54:20,982 INFO row_complete 1493/2640 dataset=barabasi_albert perturbation=triangle_injection_removal alpha=1.0 seed=2 workflow=structural_statistics_mmd status=success
2026-06-05 18:54:20,984 INFO row_complete 1494/2640 dataset=barabasi_albert perturbation=triangle_injection_removal alpha=1.0 seed=2 workflow=wl_subtree_kernel_mmd status=success
2026-06-05 18:54:20,985 INFO row_complete 1495/2640 dataset=barabasi_albert perturbation=triangle_injection_removal alpha=1.0 seed=2 workflow=netlsd_spectral_signatures status=failed
2026-06-05 18:54:20,986 INFO row_complete 1496/2640 dataset=barabasi_albert perturbation=triangle_injection_removal alpha=1.0 seed=2 workflow=diversity_curves_l2 status=success
2026-06-05 18:54:21,014 INFO row_complete 1497/2640 dataset=barabasi_albert perturbation=community_weakening alpha=0.0 seed=2 workflow=structural_statistics_mmd status=skipped
2026-06-05 18:54:21,015 INFO row_complete 1498/2640 dataset=barabasi_albert perturbation=community_weakening alpha=0.0 seed=2 workflow=wl_subtree_kernel_mmd status=skipped
2026-06-05 18:54:21,017 INFO row_complete 1499/2640 dataset=barabasi_albert perturbation=community_weakening alpha=0.0 seed=2 workflow=netlsd_spectral_signatures status=skipped
2026-06-05 18:54:21,018 INFO row_complete 1500/2640 dataset=barabasi_albert perturbation=community_weakening alpha=0.0 seed=2 workflow=diversity_curves_l2 status=skipped
2026-06-05 18:54:21,042 INFO row_complete 1501/2640 dataset=barabasi_albert perturbation=community_weakening alpha=0.1 seed=2 workflow=structural_statistics_mmd status=skipped
2026-06-05 18:54:21,043 INFO row_complete 1502/2640 dataset=barabasi_albert perturbation=community_weakening alpha=0.1 seed=2 workflow=wl_subtree_kernel_mmd status=skipped
2026-06-05 18:54:21,045 INFO row_complete 1503/2640 dataset=barabasi_albert perturbation=community_weakening alpha=0.1 seed=2 workflow=netlsd_spectral_signatures status=skipped
2026-06-05 18:54:21,046 INFO row_complete 1504/2640 dataset=barabasi_albert perturbation=community_weakening alpha=0.1 seed=2 workflow=diversity_curves_l2 status=skipped
2026-06-05 18:54:21,067 INFO row_complete 1505/2640 dataset=barabasi_albert perturbation=community_weakening alpha=0.2 seed=2 workflow=structural_statistics_mmd status=skipped
2026-06-05 18:54:21,068 INFO row_complete 1506/2640 dataset=barabasi_albert perturbation=community_weakening alpha=0.2 seed=2 workflow=wl_subtree_kernel_mmd status=skipped
2026-06-05 18:54:21,069 INFO row_complete 1507/2640 dataset=barabasi_albert perturbation=community_weakening alpha=0.2 seed=2 workflow=netlsd_spectral_signatures status=skipped
2026-06-05 18:54:21,071 INFO row_complete 1508/2640 dataset=barabasi_albert perturbation=community_weakening alpha=0.2 seed=2 workflow=diversity_curves_l2 status=skipped
2026-06-05 18:54:21,093 INFO row_complete 1509/2640 dataset=barabasi_albert perturbation=community_weakening alpha=0.3 seed=2 workflow=structural_statistics_mmd status=skipped
2026-06-05 18:54:21,094 INFO row_complete 1510/2640 dataset=barabasi_albert perturbation=community_weakening alpha=0.3 seed=2 workflow=wl_subtree_kernel_mmd status=skipped
2026-06-05 18:54:21,095 INFO row_complete 1511/2640 dataset=barabasi_albert perturbation=community_weakening alpha=0.3 seed=2 workflow=netlsd_spectral_signatures status=skipped
2026-06-05 18:54:21,096 INFO row_complete 1512/2640 dataset=barabasi_albert perturbation=community_weakening alpha=0.3 seed=2 workflow=diversity_curves_l2 status=skipped
2026-06-05 18:54:21,121 INFO row_complete 1513/2640 dataset=barabasi_albert perturbation=community_weakening alpha=0.4 seed=2 workflow=structural_statistics_mmd status=skipped
2026-06-05 18:54:21,122 INFO row_complete 1514/2640 dataset=barabasi_albert perturbation=community_weakening alpha=0.4 seed=2 workflow=wl_subtree_kernel_mmd status=skipped
2026-06-05 18:54:21,123 INFO row_complete 1515/2640 dataset=barabasi_albert perturbation=community_weakening alpha=0.4 seed=2 workflow=netlsd_spectral_signatures status=skipped
2026-06-05 18:54:21,125 INFO row_complete 1516/2640 dataset=barabasi_albert perturbation=community_weakening alpha=0.4 seed=2 workflow=diversity_curves_l2 status=skipped
2026-06-05 18:54:21,152 INFO row_complete 1517/2640 dataset=barabasi_albert perturbation=community_weakening alpha=0.5 seed=2 workflow=structural_statistics_mmd status=skipped
2026-06-05 18:54:21,153 INFO row_complete 1518/2640 dataset=barabasi_albert perturbation=community_weakening alpha=0.5 seed=2 workflow=wl_subtree_kernel_mmd status=skipped
2026-06-05 18:54:21,154 INFO row_complete 1519/2640 dataset=barabasi_albert perturbation=community_weakening alpha=0.5 seed=2 workflow=netlsd_spectral_signatures status=skipped
2026-06-05 18:54:21,155 INFO row_complete 1520/2640 dataset=barabasi_albert perturbation=community_weakening alpha=0.5 seed=2 workflow=diversity_curves_l2 status=skipped
2026-06-05 18:54:21,247 INFO row_complete 1521/2640 dataset=barabasi_albert perturbation=community_weakening alpha=0.6 seed=2 workflow=structural_statistics_mmd status=skipped
2026-06-05 18:54:21,249 INFO row_complete 1522/2640 dataset=barabasi_albert perturbation=community_weakening alpha=0.6 seed=2 workflow=wl_subtree_kernel_mmd status=skipped
2026-06-05 18:54:21,250 INFO row_complete 1523/2640 dataset=barabasi_albert perturbation=community_weakening alpha=0.6 seed=2 workflow=netlsd_spectral_signatures status=skipped
2026-06-05 18:54:21,251 INFO row_complete 1524/2640 dataset=barabasi_albert perturbation=community_weakening alpha=0.6 seed=2 workflow=diversity_curves_l2 status=skipped
2026-06-05 18:54:21,274 INFO row_complete 1525/2640 dataset=barabasi_albert perturbation=community_weakening alpha=0.7 seed=2 workflow=structural_statistics_mmd status=skipped
2026-06-05 18:54:21,277 INFO row_complete 1526/2640 dataset=barabasi_albert perturbation=community_weakening alpha=0.7 seed=2 workflow=wl_subtree_kernel_mmd status=skipped
2026-06-05 18:54:21,278 INFO row_complete 1527/2640 dataset=barabasi_albert perturbation=community_weakening alpha=0.7 seed=2 workflow=netlsd_spectral_signatures status=skipped
2026-06-05 18:54:21,279 INFO row_complete 1528/2640 dataset=barabasi_albert perturbation=community_weakening alpha=0.7 seed=2 workflow=diversity_curves_l2 status=skipped
2026-06-05 18:54:21,302 INFO row_complete 1529/2640 dataset=barabasi_albert perturbation=community_weakening alpha=0.8 seed=2 workflow=structural_statistics_mmd status=skipped
2026-06-05 18:54:21,304 INFO row_complete 1530/2640 dataset=barabasi_albert perturbation=community_weakening alpha=0.8 seed=2 workflow=wl_subtree_kernel_mmd status=skipped
2026-06-05 18:54:21,305 INFO row_complete 1531/2640 dataset=barabasi_albert perturbation=community_weakening alpha=0.8 seed=2 workflow=netlsd_spectral_signatures status=skipped
2026-06-05 18:54:21,306 INFO row_complete 1532/2640 dataset=barabasi_albert perturbation=community_weakening alpha=0.8 seed=2 workflow=diversity_curves_l2 status=skipped
2026-06-05 18:54:21,334 INFO row_complete 1533/2640 dataset=barabasi_albert perturbation=community_weakening alpha=0.9 seed=2 workflow=structural_statistics_mmd status=skipped
2026-06-05 18:54:21,336 INFO row_complete 1534/2640 dataset=barabasi_albert perturbation=community_weakening alpha=0.9 seed=2 workflow=wl_subtree_kernel_mmd status=skipped
2026-06-05 18:54:21,337 INFO row_complete 1535/2640 dataset=barabasi_albert perturbation=community_weakening alpha=0.9 seed=2 workflow=netlsd_spectral_signatures status=skipped
2026-06-05 18:54:21,338 INFO row_complete 1536/2640 dataset=barabasi_albert perturbation=community_weakening alpha=0.9 seed=2 workflow=diversity_curves_l2 status=skipped
2026-06-05 18:54:21,362 INFO row_complete 1537/2640 dataset=barabasi_albert perturbation=community_weakening alpha=1.0 seed=2 workflow=structural_statistics_mmd status=skipped
2026-06-05 18:54:21,364 INFO row_complete 1538/2640 dataset=barabasi_albert perturbation=community_weakening alpha=1.0 seed=2 workflow=wl_subtree_kernel_mmd status=skipped
2026-06-05 18:54:21,365 INFO row_complete 1539/2640 dataset=barabasi_albert perturbation=community_weakening alpha=1.0 seed=2 workflow=netlsd_spectral_signatures status=skipped
2026-06-05 18:54:21,366 INFO row_complete 1540/2640 dataset=barabasi_albert perturbation=community_weakening alpha=1.0 seed=2 workflow=diversity_curves_l2 status=skipped
2026-06-05 18:54:26,626 INFO row_complete 1541/2640 dataset=barabasi_albert perturbation=hub_modification alpha=0.0 seed=2 workflow=structural_statistics_mmd status=success
2026-06-05 18:54:26,628 INFO row_complete 1542/2640 dataset=barabasi_albert perturbation=hub_modification alpha=0.0 seed=2 workflow=wl_subtree_kernel_mmd status=success
2026-06-05 18:54:26,629 INFO row_complete 1543/2640 dataset=barabasi_albert perturbation=hub_modification alpha=0.0 seed=2 workflow=netlsd_spectral_signatures status=failed
2026-06-05 18:54:26,630 INFO row_complete 1544/2640 dataset=barabasi_albert perturbation=hub_modification alpha=0.0 seed=2 workflow=diversity_curves_l2 status=success
2026-06-05 18:54:31,990 INFO row_complete 1545/2640 dataset=barabasi_albert perturbation=hub_modification alpha=0.1 seed=2 workflow=structural_statistics_mmd status=success
2026-06-05 18:54:31,991 INFO row_complete 1546/2640 dataset=barabasi_albert perturbation=hub_modification alpha=0.1 seed=2 workflow=wl_subtree_kernel_mmd status=success
2026-06-05 18:54:31,992 INFO row_complete 1547/2640 dataset=barabasi_albert perturbation=hub_modification alpha=0.1 seed=2 workflow=netlsd_spectral_signatures status=failed
2026-06-05 18:54:31,993 INFO row_complete 1548/2640 dataset=barabasi_albert perturbation=hub_modification alpha=0.1 seed=2 workflow=diversity_curves_l2 status=success
2026-06-05 18:54:37,455 INFO row_complete 1549/2640 dataset=barabasi_albert perturbation=hub_modification alpha=0.2 seed=2 workflow=structural_statistics_mmd status=success
2026-06-05 18:54:37,457 INFO row_complete 1550/2640 dataset=barabasi_albert perturbation=hub_modification alpha=0.2 seed=2 workflow=wl_subtree_kernel_mmd status=success
2026-06-05 18:54:37,458 INFO row_complete 1551/2640 dataset=barabasi_albert perturbation=hub_modification alpha=0.2 seed=2 workflow=netlsd_spectral_signatures status=failed
2026-06-05 18:54:37,459 INFO row_complete 1552/2640 dataset=barabasi_albert perturbation=hub_modification alpha=0.2 seed=2 workflow=diversity_curves_l2 status=success
2026-06-05 18:54:42,739 INFO row_complete 1553/2640 dataset=barabasi_albert perturbation=hub_modification alpha=0.3 seed=2 workflow=structural_statistics_mmd status=success
2026-06-05 18:54:42,740 INFO row_complete 1554/2640 dataset=barabasi_albert perturbation=hub_modification alpha=0.3 seed=2 workflow=wl_subtree_kernel_mmd status=success
2026-06-05 18:54:42,741 INFO row_complete 1555/2640 dataset=barabasi_albert perturbation=hub_modification alpha=0.3 seed=2 workflow=netlsd_spectral_signatures status=failed
2026-06-05 18:54:42,742 INFO row_complete 1556/2640 dataset=barabasi_albert perturbation=hub_modification alpha=0.3 seed=2 workflow=diversity_curves_l2 status=success
2026-06-05 18:54:48,149 INFO row_complete 1557/2640 dataset=barabasi_albert perturbation=hub_modification alpha=0.4 seed=2 workflow=structural_statistics_mmd status=success
2026-06-05 18:54:48,150 INFO row_complete 1558/2640 dataset=barabasi_albert perturbation=hub_modification alpha=0.4 seed=2 workflow=wl_subtree_kernel_mmd status=success
2026-06-05 18:54:48,151 INFO row_complete 1559/2640 dataset=barabasi_albert perturbation=hub_modification alpha=0.4 seed=2 workflow=netlsd_spectral_signatures status=failed
2026-06-05 18:54:48,152 INFO row_complete 1560/2640 dataset=barabasi_albert perturbation=hub_modification alpha=0.4 seed=2 workflow=diversity_curves_l2 status=success
2026-06-05 18:54:53,491 INFO row_complete 1561/2640 dataset=barabasi_albert perturbation=hub_modification alpha=0.5 seed=2 workflow=structural_statistics_mmd status=success
2026-06-05 18:54:53,493 INFO row_complete 1562/2640 dataset=barabasi_albert perturbation=hub_modification alpha=0.5 seed=2 workflow=wl_subtree_kernel_mmd status=success
2026-06-05 18:54:53,494 INFO row_complete 1563/2640 dataset=barabasi_albert perturbation=hub_modification alpha=0.5 seed=2 workflow=netlsd_spectral_signatures status=failed
2026-06-05 18:54:53,495 INFO row_complete 1564/2640 dataset=barabasi_albert perturbation=hub_modification alpha=0.5 seed=2 workflow=diversity_curves_l2 status=success
2026-06-05 18:54:58,929 INFO row_complete 1565/2640 dataset=barabasi_albert perturbation=hub_modification alpha=0.6 seed=2 workflow=structural_statistics_mmd status=success
2026-06-05 18:54:58,934 INFO row_complete 1566/2640 dataset=barabasi_albert perturbation=hub_modification alpha=0.6 seed=2 workflow=wl_subtree_kernel_mmd status=success
2026-06-05 18:54:58,939 INFO row_complete 1567/2640 dataset=barabasi_albert perturbation=hub_modification alpha=0.6 seed=2 workflow=netlsd_spectral_signatures status=failed
2026-06-05 18:54:58,944 INFO row_complete 1568/2640 dataset=barabasi_albert perturbation=hub_modification alpha=0.6 seed=2 workflow=diversity_curves_l2 status=success
2026-06-05 18:55:04,209 INFO row_complete 1569/2640 dataset=barabasi_albert perturbation=hub_modification alpha=0.7 seed=2 workflow=structural_statistics_mmd status=success
2026-06-05 18:55:04,211 INFO row_complete 1570/2640 dataset=barabasi_albert perturbation=hub_modification alpha=0.7 seed=2 workflow=wl_subtree_kernel_mmd status=success
2026-06-05 18:55:04,213 INFO row_complete 1571/2640 dataset=barabasi_albert perturbation=hub_modification alpha=0.7 seed=2 workflow=netlsd_spectral_signatures status=failed
2026-06-05 18:55:04,214 INFO row_complete 1572/2640 dataset=barabasi_albert perturbation=hub_modification alpha=0.7 seed=2 workflow=diversity_curves_l2 status=success
2026-06-05 18:55:09,378 INFO row_complete 1573/2640 dataset=barabasi_albert perturbation=hub_modification alpha=0.8 seed=2 workflow=structural_statistics_mmd status=success
2026-06-05 18:55:09,379 INFO row_complete 1574/2640 dataset=barabasi_albert perturbation=hub_modification alpha=0.8 seed=2 workflow=wl_subtree_kernel_mmd status=success
2026-06-05 18:55:09,380 INFO row_complete 1575/2640 dataset=barabasi_albert perturbation=hub_modification alpha=0.8 seed=2 workflow=netlsd_spectral_signatures status=failed
2026-06-05 18:55:09,381 INFO row_complete 1576/2640 dataset=barabasi_albert perturbation=hub_modification alpha=0.8 seed=2 workflow=diversity_curves_l2 status=success
2026-06-05 18:55:14,544 INFO row_complete 1577/2640 dataset=barabasi_albert perturbation=hub_modification alpha=0.9 seed=2 workflow=structural_statistics_mmd status=success
2026-06-05 18:55:14,545 INFO row_complete 1578/2640 dataset=barabasi_albert perturbation=hub_modification alpha=0.9 seed=2 workflow=wl_subtree_kernel_mmd status=success
2026-06-05 18:55:14,546 INFO row_complete 1579/2640 dataset=barabasi_albert perturbation=hub_modification alpha=0.9 seed=2 workflow=netlsd_spectral_signatures status=failed
2026-06-05 18:55:14,547 INFO row_complete 1580/2640 dataset=barabasi_albert perturbation=hub_modification alpha=0.9 seed=2 workflow=diversity_curves_l2 status=success
2026-06-05 18:55:19,906 INFO row_complete 1581/2640 dataset=barabasi_albert perturbation=hub_modification alpha=1.0 seed=2 workflow=structural_statistics_mmd status=success
2026-06-05 18:55:19,907 INFO row_complete 1582/2640 dataset=barabasi_albert perturbation=hub_modification alpha=1.0 seed=2 workflow=wl_subtree_kernel_mmd status=success
2026-06-05 18:55:19,908 INFO row_complete 1583/2640 dataset=barabasi_albert perturbation=hub_modification alpha=1.0 seed=2 workflow=netlsd_spectral_signatures status=failed
2026-06-05 18:55:19,910 INFO row_complete 1584/2640 dataset=barabasi_albert perturbation=hub_modification alpha=1.0 seed=2 workflow=diversity_curves_l2 status=success
2026-06-05 18:55:25,499 INFO row_complete 1585/2640 dataset=erdos_renyi perturbation=edge_addition_deletion alpha=0.0 seed=3 workflow=structural_statistics_mmd status=success
2026-06-05 18:55:25,500 INFO row_complete 1586/2640 dataset=erdos_renyi perturbation=edge_addition_deletion alpha=0.0 seed=3 workflow=wl_subtree_kernel_mmd status=success
2026-06-05 18:55:25,502 INFO row_complete 1587/2640 dataset=erdos_renyi perturbation=edge_addition_deletion alpha=0.0 seed=3 workflow=netlsd_spectral_signatures status=failed
2026-06-05 18:55:25,503 INFO row_complete 1588/2640 dataset=erdos_renyi perturbation=edge_addition_deletion alpha=0.0 seed=3 workflow=diversity_curves_l2 status=success
2026-06-05 18:55:31,114 INFO row_complete 1589/2640 dataset=erdos_renyi perturbation=edge_addition_deletion alpha=0.1 seed=3 workflow=structural_statistics_mmd status=success
2026-06-05 18:55:31,116 INFO row_complete 1590/2640 dataset=erdos_renyi perturbation=edge_addition_deletion alpha=0.1 seed=3 workflow=wl_subtree_kernel_mmd status=success
2026-06-05 18:55:31,117 INFO row_complete 1591/2640 dataset=erdos_renyi perturbation=edge_addition_deletion alpha=0.1 seed=3 workflow=netlsd_spectral_signatures status=failed
2026-06-05 18:55:31,118 INFO row_complete 1592/2640 dataset=erdos_renyi perturbation=edge_addition_deletion alpha=0.1 seed=3 workflow=diversity_curves_l2 status=success
2026-06-05 18:55:36,725 INFO row_complete 1593/2640 dataset=erdos_renyi perturbation=edge_addition_deletion alpha=0.2 seed=3 workflow=structural_statistics_mmd status=success
2026-06-05 18:55:36,727 INFO row_complete 1594/2640 dataset=erdos_renyi perturbation=edge_addition_deletion alpha=0.2 seed=3 workflow=wl_subtree_kernel_mmd status=success
2026-06-05 18:55:36,728 INFO row_complete 1595/2640 dataset=erdos_renyi perturbation=edge_addition_deletion alpha=0.2 seed=3 workflow=netlsd_spectral_signatures status=failed
2026-06-05 18:55:36,729 INFO row_complete 1596/2640 dataset=erdos_renyi perturbation=edge_addition_deletion alpha=0.2 seed=3 workflow=diversity_curves_l2 status=success
2026-06-05 18:55:42,310 INFO row_complete 1597/2640 dataset=erdos_renyi perturbation=edge_addition_deletion alpha=0.3 seed=3 workflow=structural_statistics_mmd status=success
2026-06-05 18:55:42,312 INFO row_complete 1598/2640 dataset=erdos_renyi perturbation=edge_addition_deletion alpha=0.3 seed=3 workflow=wl_subtree_kernel_mmd status=success
2026-06-05 18:55:42,313 INFO row_complete 1599/2640 dataset=erdos_renyi perturbation=edge_addition_deletion alpha=0.3 seed=3 workflow=netlsd_spectral_signatures status=failed
2026-06-05 18:55:42,314 INFO row_complete 1600/2640 dataset=erdos_renyi perturbation=edge_addition_deletion alpha=0.3 seed=3 workflow=diversity_curves_l2 status=success
2026-06-05 18:55:47,828 INFO row_complete 1601/2640 dataset=erdos_renyi perturbation=edge_addition_deletion alpha=0.4 seed=3 workflow=structural_statistics_mmd status=success
2026-06-05 18:55:47,829 INFO row_complete 1602/2640 dataset=erdos_renyi perturbation=edge_addition_deletion alpha=0.4 seed=3 workflow=wl_subtree_kernel_mmd status=success
2026-06-05 18:55:47,830 INFO row_complete 1603/2640 dataset=erdos_renyi perturbation=edge_addition_deletion alpha=0.4 seed=3 workflow=netlsd_spectral_signatures status=failed
2026-06-05 18:55:47,832 INFO row_complete 1604/2640 dataset=erdos_renyi perturbation=edge_addition_deletion alpha=0.4 seed=3 workflow=diversity_curves_l2 status=success
2026-06-05 18:55:53,402 INFO row_complete 1605/2640 dataset=erdos_renyi perturbation=edge_addition_deletion alpha=0.5 seed=3 workflow=structural_statistics_mmd status=success
2026-06-05 18:55:53,403 INFO row_complete 1606/2640 dataset=erdos_renyi perturbation=edge_addition_deletion alpha=0.5 seed=3 workflow=wl_subtree_kernel_mmd status=success
2026-06-05 18:55:53,404 INFO row_complete 1607/2640 dataset=erdos_renyi perturbation=edge_addition_deletion alpha=0.5 seed=3 workflow=netlsd_spectral_signatures status=failed
2026-06-05 18:55:53,405 INFO row_complete 1608/2640 dataset=erdos_renyi perturbation=edge_addition_deletion alpha=0.5 seed=3 workflow=diversity_curves_l2 status=success
2026-06-05 18:55:58,920 INFO row_complete 1609/2640 dataset=erdos_renyi perturbation=edge_addition_deletion alpha=0.6 seed=3 workflow=structural_statistics_mmd status=success
2026-06-05 18:55:58,921 INFO row_complete 1610/2640 dataset=erdos_renyi perturbation=edge_addition_deletion alpha=0.6 seed=3 workflow=wl_subtree_kernel_mmd status=success
2026-06-05 18:55:58,922 INFO row_complete 1611/2640 dataset=erdos_renyi perturbation=edge_addition_deletion alpha=0.6 seed=3 workflow=netlsd_spectral_signatures status=failed
2026-06-05 18:55:58,923 INFO row_complete 1612/2640 dataset=erdos_renyi perturbation=edge_addition_deletion alpha=0.6 seed=3 workflow=diversity_curves_l2 status=success
2026-06-05 18:56:04,460 INFO row_complete 1613/2640 dataset=erdos_renyi perturbation=edge_addition_deletion alpha=0.7 seed=3 workflow=structural_statistics_mmd status=success
2026-06-05 18:56:04,461 INFO row_complete 1614/2640 dataset=erdos_renyi perturbation=edge_addition_deletion alpha=0.7 seed=3 workflow=wl_subtree_kernel_mmd status=success
2026-06-05 18:56:04,462 INFO row_complete 1615/2640 dataset=erdos_renyi perturbation=edge_addition_deletion alpha=0.7 seed=3 workflow=netlsd_spectral_signatures status=failed
2026-06-05 18:56:04,463 INFO row_complete 1616/2640 dataset=erdos_renyi perturbation=edge_addition_deletion alpha=0.7 seed=3 workflow=diversity_curves_l2 status=success
2026-06-05 18:56:09,968 INFO row_complete 1617/2640 dataset=erdos_renyi perturbation=edge_addition_deletion alpha=0.8 seed=3 workflow=structural_statistics_mmd status=success
2026-06-05 18:56:09,970 INFO row_complete 1618/2640 dataset=erdos_renyi perturbation=edge_addition_deletion alpha=0.8 seed=3 workflow=wl_subtree_kernel_mmd status=success
2026-06-05 18:56:09,971 INFO row_complete 1619/2640 dataset=erdos_renyi perturbation=edge_addition_deletion alpha=0.8 seed=3 workflow=netlsd_spectral_signatures status=failed
2026-06-05 18:56:09,972 INFO row_complete 1620/2640 dataset=erdos_renyi perturbation=edge_addition_deletion alpha=0.8 seed=3 workflow=diversity_curves_l2 status=success
2026-06-05 18:56:15,551 INFO row_complete 1621/2640 dataset=erdos_renyi perturbation=edge_addition_deletion alpha=0.9 seed=3 workflow=structural_statistics_mmd status=success
2026-06-05 18:56:15,552 INFO row_complete 1622/2640 dataset=erdos_renyi perturbation=edge_addition_deletion alpha=0.9 seed=3 workflow=wl_subtree_kernel_mmd status=success
2026-06-05 18:56:15,553 INFO row_complete 1623/2640 dataset=erdos_renyi perturbation=edge_addition_deletion alpha=0.9 seed=3 workflow=netlsd_spectral_signatures status=failed
2026-06-05 18:56:15,555 INFO row_complete 1624/2640 dataset=erdos_renyi perturbation=edge_addition_deletion alpha=0.9 seed=3 workflow=diversity_curves_l2 status=success
2026-06-05 18:56:21,107 INFO row_complete 1625/2640 dataset=erdos_renyi perturbation=edge_addition_deletion alpha=1.0 seed=3 workflow=structural_statistics_mmd status=success
2026-06-05 18:56:21,108 INFO row_complete 1626/2640 dataset=erdos_renyi perturbation=edge_addition_deletion alpha=1.0 seed=3 workflow=wl_subtree_kernel_mmd status=success
2026-06-05 18:56:21,109 INFO row_complete 1627/2640 dataset=erdos_renyi perturbation=edge_addition_deletion alpha=1.0 seed=3 workflow=netlsd_spectral_signatures status=failed
2026-06-05 18:56:21,111 INFO row_complete 1628/2640 dataset=erdos_renyi perturbation=edge_addition_deletion alpha=1.0 seed=3 workflow=diversity_curves_l2 status=success
2026-06-05 18:56:26,595 INFO row_complete 1629/2640 dataset=erdos_renyi perturbation=triangle_injection_removal alpha=0.0 seed=3 workflow=structural_statistics_mmd status=success
2026-06-05 18:56:26,596 INFO row_complete 1630/2640 dataset=erdos_renyi perturbation=triangle_injection_removal alpha=0.0 seed=3 workflow=wl_subtree_kernel_mmd status=success
2026-06-05 18:56:26,597 INFO row_complete 1631/2640 dataset=erdos_renyi perturbation=triangle_injection_removal alpha=0.0 seed=3 workflow=netlsd_spectral_signatures status=failed
2026-06-05 18:56:26,598 INFO row_complete 1632/2640 dataset=erdos_renyi perturbation=triangle_injection_removal alpha=0.0 seed=3 workflow=diversity_curves_l2 status=success
2026-06-05 18:56:32,665 INFO row_complete 1633/2640 dataset=erdos_renyi perturbation=triangle_injection_removal alpha=0.1 seed=3 workflow=structural_statistics_mmd status=success
2026-06-05 18:56:32,666 INFO row_complete 1634/2640 dataset=erdos_renyi perturbation=triangle_injection_removal alpha=0.1 seed=3 workflow=wl_subtree_kernel_mmd status=success
2026-06-05 18:56:32,667 INFO row_complete 1635/2640 dataset=erdos_renyi perturbation=triangle_injection_removal alpha=0.1 seed=3 workflow=netlsd_spectral_signatures status=failed
2026-06-05 18:56:32,668 INFO row_complete 1636/2640 dataset=erdos_renyi perturbation=triangle_injection_removal alpha=0.1 seed=3 workflow=diversity_curves_l2 status=success
2026-06-05 18:56:38,935 INFO row_complete 1637/2640 dataset=erdos_renyi perturbation=triangle_injection_removal alpha=0.2 seed=3 workflow=structural_statistics_mmd status=success
2026-06-05 18:56:38,936 INFO row_complete 1638/2640 dataset=erdos_renyi perturbation=triangle_injection_removal alpha=0.2 seed=3 workflow=wl_subtree_kernel_mmd status=success
2026-06-05 18:56:38,937 INFO row_complete 1639/2640 dataset=erdos_renyi perturbation=triangle_injection_removal alpha=0.2 seed=3 workflow=netlsd_spectral_signatures status=failed
2026-06-05 18:56:38,938 INFO row_complete 1640/2640 dataset=erdos_renyi perturbation=triangle_injection_removal alpha=0.2 seed=3 workflow=diversity_curves_l2 status=success
2026-06-05 18:56:45,024 INFO row_complete 1641/2640 dataset=erdos_renyi perturbation=triangle_injection_removal alpha=0.3 seed=3 workflow=structural_statistics_mmd status=success
2026-06-05 18:56:45,025 INFO row_complete 1642/2640 dataset=erdos_renyi perturbation=triangle_injection_removal alpha=0.3 seed=3 workflow=wl_subtree_kernel_mmd status=success
2026-06-05 18:56:45,026 INFO row_complete 1643/2640 dataset=erdos_renyi perturbation=triangle_injection_removal alpha=0.3 seed=3 workflow=netlsd_spectral_signatures status=failed
2026-06-05 18:56:45,027 INFO row_complete 1644/2640 dataset=erdos_renyi perturbation=triangle_injection_removal alpha=0.3 seed=3 workflow=diversity_curves_l2 status=success
2026-06-05 18:56:51,205 INFO row_complete 1645/2640 dataset=erdos_renyi perturbation=triangle_injection_removal alpha=0.4 seed=3 workflow=structural_statistics_mmd status=success
2026-06-05 18:56:51,206 INFO row_complete 1646/2640 dataset=erdos_renyi perturbation=triangle_injection_removal alpha=0.4 seed=3 workflow=wl_subtree_kernel_mmd status=success
2026-06-05 18:56:51,207 INFO row_complete 1647/2640 dataset=erdos_renyi perturbation=triangle_injection_removal alpha=0.4 seed=3 workflow=netlsd_spectral_signatures status=failed
2026-06-05 18:56:51,209 INFO row_complete 1648/2640 dataset=erdos_renyi perturbation=triangle_injection_removal alpha=0.4 seed=3 workflow=diversity_curves_l2 status=success
2026-06-05 18:56:57,413 INFO row_complete 1649/2640 dataset=erdos_renyi perturbation=triangle_injection_removal alpha=0.5 seed=3 workflow=structural_statistics_mmd status=success
2026-06-05 18:56:57,415 INFO row_complete 1650/2640 dataset=erdos_renyi perturbation=triangle_injection_removal alpha=0.5 seed=3 workflow=wl_subtree_kernel_mmd status=success
2026-06-05 18:56:57,416 INFO row_complete 1651/2640 dataset=erdos_renyi perturbation=triangle_injection_removal alpha=0.5 seed=3 workflow=netlsd_spectral_signatures status=failed
2026-06-05 18:56:57,417 INFO row_complete 1652/2640 dataset=erdos_renyi perturbation=triangle_injection_removal alpha=0.5 seed=3 workflow=diversity_curves_l2 status=success
2026-06-05 18:57:03,629 INFO row_complete 1653/2640 dataset=erdos_renyi perturbation=triangle_injection_removal alpha=0.6 seed=3 workflow=structural_statistics_mmd status=success
2026-06-05 18:57:03,630 INFO row_complete 1654/2640 dataset=erdos_renyi perturbation=triangle_injection_removal alpha=0.6 seed=3 workflow=wl_subtree_kernel_mmd status=success
2026-06-05 18:57:03,631 INFO row_complete 1655/2640 dataset=erdos_renyi perturbation=triangle_injection_removal alpha=0.6 seed=3 workflow=netlsd_spectral_signatures status=failed
2026-06-05 18:57:03,632 INFO row_complete 1656/2640 dataset=erdos_renyi perturbation=triangle_injection_removal alpha=0.6 seed=3 workflow=diversity_curves_l2 status=success
2026-06-05 18:57:09,795 INFO row_complete 1657/2640 dataset=erdos_renyi perturbation=triangle_injection_removal alpha=0.7 seed=3 workflow=structural_statistics_mmd status=success
2026-06-05 18:57:09,796 INFO row_complete 1658/2640 dataset=erdos_renyi perturbation=triangle_injection_removal alpha=0.7 seed=3 workflow=wl_subtree_kernel_mmd status=success
2026-06-05 18:57:09,797 INFO row_complete 1659/2640 dataset=erdos_renyi perturbation=triangle_injection_removal alpha=0.7 seed=3 workflow=netlsd_spectral_signatures status=failed
2026-06-05 18:57:09,798 INFO row_complete 1660/2640 dataset=erdos_renyi perturbation=triangle_injection_removal alpha=0.7 seed=3 workflow=diversity_curves_l2 status=success
2026-06-05 18:57:16,006 INFO row_complete 1661/2640 dataset=erdos_renyi perturbation=triangle_injection_removal alpha=0.8 seed=3 workflow=structural_statistics_mmd status=success
2026-06-05 18:57:16,008 INFO row_complete 1662/2640 dataset=erdos_renyi perturbation=triangle_injection_removal alpha=0.8 seed=3 workflow=wl_subtree_kernel_mmd status=success
2026-06-05 18:57:16,009 INFO row_complete 1663/2640 dataset=erdos_renyi perturbation=triangle_injection_removal alpha=0.8 seed=3 workflow=netlsd_spectral_signatures status=failed
2026-06-05 18:57:16,010 INFO row_complete 1664/2640 dataset=erdos_renyi perturbation=triangle_injection_removal alpha=0.8 seed=3 workflow=diversity_curves_l2 status=success
2026-06-05 18:57:22,226 INFO row_complete 1665/2640 dataset=erdos_renyi perturbation=triangle_injection_removal alpha=0.9 seed=3 workflow=structural_statistics_mmd status=success
2026-06-05 18:57:22,227 INFO row_complete 1666/2640 dataset=erdos_renyi perturbation=triangle_injection_removal alpha=0.9 seed=3 workflow=wl_subtree_kernel_mmd status=success
2026-06-05 18:57:22,228 INFO row_complete 1667/2640 dataset=erdos_renyi perturbation=triangle_injection_removal alpha=0.9 seed=3 workflow=netlsd_spectral_signatures status=failed
2026-06-05 18:57:22,229 INFO row_complete 1668/2640 dataset=erdos_renyi perturbation=triangle_injection_removal alpha=0.9 seed=3 workflow=diversity_curves_l2 status=success
2026-06-05 18:57:28,352 INFO row_complete 1669/2640 dataset=erdos_renyi perturbation=triangle_injection_removal alpha=1.0 seed=3 workflow=structural_statistics_mmd status=success
2026-06-05 18:57:28,353 INFO row_complete 1670/2640 dataset=erdos_renyi perturbation=triangle_injection_removal alpha=1.0 seed=3 workflow=wl_subtree_kernel_mmd status=success
2026-06-05 18:57:28,354 INFO row_complete 1671/2640 dataset=erdos_renyi perturbation=triangle_injection_removal alpha=1.0 seed=3 workflow=netlsd_spectral_signatures status=failed
2026-06-05 18:57:28,356 INFO row_complete 1672/2640 dataset=erdos_renyi perturbation=triangle_injection_removal alpha=1.0 seed=3 workflow=diversity_curves_l2 status=success
2026-06-05 18:57:28,392 INFO row_complete 1673/2640 dataset=erdos_renyi perturbation=community_weakening alpha=0.0 seed=3 workflow=structural_statistics_mmd status=skipped
2026-06-05 18:57:28,393 INFO row_complete 1674/2640 dataset=erdos_renyi perturbation=community_weakening alpha=0.0 seed=3 workflow=wl_subtree_kernel_mmd status=skipped
2026-06-05 18:57:28,394 INFO row_complete 1675/2640 dataset=erdos_renyi perturbation=community_weakening alpha=0.0 seed=3 workflow=netlsd_spectral_signatures status=skipped
2026-06-05 18:57:28,395 INFO row_complete 1676/2640 dataset=erdos_renyi perturbation=community_weakening alpha=0.0 seed=3 workflow=diversity_curves_l2 status=skipped
2026-06-05 18:57:28,443 INFO row_complete 1677/2640 dataset=erdos_renyi perturbation=community_weakening alpha=0.1 seed=3 workflow=structural_statistics_mmd status=skipped
2026-06-05 18:57:28,444 INFO row_complete 1678/2640 dataset=erdos_renyi perturbation=community_weakening alpha=0.1 seed=3 workflow=wl_subtree_kernel_mmd status=skipped
2026-06-05 18:57:28,445 INFO row_complete 1679/2640 dataset=erdos_renyi perturbation=community_weakening alpha=0.1 seed=3 workflow=netlsd_spectral_signatures status=skipped
2026-06-05 18:57:28,446 INFO row_complete 1680/2640 dataset=erdos_renyi perturbation=community_weakening alpha=0.1 seed=3 workflow=diversity_curves_l2 status=skipped
2026-06-05 18:57:28,480 INFO row_complete 1681/2640 dataset=erdos_renyi perturbation=community_weakening alpha=0.2 seed=3 workflow=structural_statistics_mmd status=skipped
2026-06-05 18:57:28,481 INFO row_complete 1682/2640 dataset=erdos_renyi perturbation=community_weakening alpha=0.2 seed=3 workflow=wl_subtree_kernel_mmd status=skipped
2026-06-05 18:57:28,482 INFO row_complete 1683/2640 dataset=erdos_renyi perturbation=community_weakening alpha=0.2 seed=3 workflow=netlsd_spectral_signatures status=skipped
2026-06-05 18:57:28,483 INFO row_complete 1684/2640 dataset=erdos_renyi perturbation=community_weakening alpha=0.2 seed=3 workflow=diversity_curves_l2 status=skipped
2026-06-05 18:57:28,519 INFO row_complete 1685/2640 dataset=erdos_renyi perturbation=community_weakening alpha=0.3 seed=3 workflow=structural_statistics_mmd status=skipped
2026-06-05 18:57:28,520 INFO row_complete 1686/2640 dataset=erdos_renyi perturbation=community_weakening alpha=0.3 seed=3 workflow=wl_subtree_kernel_mmd status=skipped
2026-06-05 18:57:28,521 INFO row_complete 1687/2640 dataset=erdos_renyi perturbation=community_weakening alpha=0.3 seed=3 workflow=netlsd_spectral_signatures status=skipped
2026-06-05 18:57:28,522 INFO row_complete 1688/2640 dataset=erdos_renyi perturbation=community_weakening alpha=0.3 seed=3 workflow=diversity_curves_l2 status=skipped
2026-06-05 18:57:28,558 INFO row_complete 1689/2640 dataset=erdos_renyi perturbation=community_weakening alpha=0.4 seed=3 workflow=structural_statistics_mmd status=skipped
2026-06-05 18:57:28,559 INFO row_complete 1690/2640 dataset=erdos_renyi perturbation=community_weakening alpha=0.4 seed=3 workflow=wl_subtree_kernel_mmd status=skipped
2026-06-05 18:57:28,560 INFO row_complete 1691/2640 dataset=erdos_renyi perturbation=community_weakening alpha=0.4 seed=3 workflow=netlsd_spectral_signatures status=skipped
2026-06-05 18:57:28,561 INFO row_complete 1692/2640 dataset=erdos_renyi perturbation=community_weakening alpha=0.4 seed=3 workflow=diversity_curves_l2 status=skipped
2026-06-05 18:57:28,600 INFO row_complete 1693/2640 dataset=erdos_renyi perturbation=community_weakening alpha=0.5 seed=3 workflow=structural_statistics_mmd status=skipped
2026-06-05 18:57:28,601 INFO row_complete 1694/2640 dataset=erdos_renyi perturbation=community_weakening alpha=0.5 seed=3 workflow=wl_subtree_kernel_mmd status=skipped
2026-06-05 18:57:28,602 INFO row_complete 1695/2640 dataset=erdos_renyi perturbation=community_weakening alpha=0.5 seed=3 workflow=netlsd_spectral_signatures status=skipped
2026-06-05 18:57:28,603 INFO row_complete 1696/2640 dataset=erdos_renyi perturbation=community_weakening alpha=0.5 seed=3 workflow=diversity_curves_l2 status=skipped
2026-06-05 18:57:28,699 INFO row_complete 1697/2640 dataset=erdos_renyi perturbation=community_weakening alpha=0.6 seed=3 workflow=structural_statistics_mmd status=skipped
2026-06-05 18:57:28,701 INFO row_complete 1698/2640 dataset=erdos_renyi perturbation=community_weakening alpha=0.6 seed=3 workflow=wl_subtree_kernel_mmd status=skipped
2026-06-05 18:57:28,702 INFO row_complete 1699/2640 dataset=erdos_renyi perturbation=community_weakening alpha=0.6 seed=3 workflow=netlsd_spectral_signatures status=skipped
2026-06-05 18:57:28,703 INFO row_complete 1700/2640 dataset=erdos_renyi perturbation=community_weakening alpha=0.6 seed=3 workflow=diversity_curves_l2 status=skipped
2026-06-05 18:57:28,738 INFO row_complete 1701/2640 dataset=erdos_renyi perturbation=community_weakening alpha=0.7 seed=3 workflow=structural_statistics_mmd status=skipped
2026-06-05 18:57:28,739 INFO row_complete 1702/2640 dataset=erdos_renyi perturbation=community_weakening alpha=0.7 seed=3 workflow=wl_subtree_kernel_mmd status=skipped
2026-06-05 18:57:28,740 INFO row_complete 1703/2640 dataset=erdos_renyi perturbation=community_weakening alpha=0.7 seed=3 workflow=netlsd_spectral_signatures status=skipped
2026-06-05 18:57:28,741 INFO row_complete 1704/2640 dataset=erdos_renyi perturbation=community_weakening alpha=0.7 seed=3 workflow=diversity_curves_l2 status=skipped
2026-06-05 18:57:28,776 INFO row_complete 1705/2640 dataset=erdos_renyi perturbation=community_weakening alpha=0.8 seed=3 workflow=structural_statistics_mmd status=skipped
2026-06-05 18:57:28,777 INFO row_complete 1706/2640 dataset=erdos_renyi perturbation=community_weakening alpha=0.8 seed=3 workflow=wl_subtree_kernel_mmd status=skipped
2026-06-05 18:57:28,778 INFO row_complete 1707/2640 dataset=erdos_renyi perturbation=community_weakening alpha=0.8 seed=3 workflow=netlsd_spectral_signatures status=skipped
2026-06-05 18:57:28,779 INFO row_complete 1708/2640 dataset=erdos_renyi perturbation=community_weakening alpha=0.8 seed=3 workflow=diversity_curves_l2 status=skipped
2026-06-05 18:57:28,816 INFO row_complete 1709/2640 dataset=erdos_renyi perturbation=community_weakening alpha=0.9 seed=3 workflow=structural_statistics_mmd status=skipped
2026-06-05 18:57:28,817 INFO row_complete 1710/2640 dataset=erdos_renyi perturbation=community_weakening alpha=0.9 seed=3 workflow=wl_subtree_kernel_mmd status=skipped
2026-06-05 18:57:28,818 INFO row_complete 1711/2640 dataset=erdos_renyi perturbation=community_weakening alpha=0.9 seed=3 workflow=netlsd_spectral_signatures status=skipped
2026-06-05 18:57:28,819 INFO row_complete 1712/2640 dataset=erdos_renyi perturbation=community_weakening alpha=0.9 seed=3 workflow=diversity_curves_l2 status=skipped
2026-06-05 18:57:28,853 INFO row_complete 1713/2640 dataset=erdos_renyi perturbation=community_weakening alpha=1.0 seed=3 workflow=structural_statistics_mmd status=skipped
2026-06-05 18:57:28,854 INFO row_complete 1714/2640 dataset=erdos_renyi perturbation=community_weakening alpha=1.0 seed=3 workflow=wl_subtree_kernel_mmd status=skipped
2026-06-05 18:57:28,855 INFO row_complete 1715/2640 dataset=erdos_renyi perturbation=community_weakening alpha=1.0 seed=3 workflow=netlsd_spectral_signatures status=skipped
2026-06-05 18:57:28,858 INFO row_complete 1716/2640 dataset=erdos_renyi perturbation=community_weakening alpha=1.0 seed=3 workflow=diversity_curves_l2 status=skipped
2026-06-05 18:57:34,222 INFO row_complete 1717/2640 dataset=erdos_renyi perturbation=hub_modification alpha=0.0 seed=3 workflow=structural_statistics_mmd status=success
2026-06-05 18:57:34,224 INFO row_complete 1718/2640 dataset=erdos_renyi perturbation=hub_modification alpha=0.0 seed=3 workflow=wl_subtree_kernel_mmd status=success
2026-06-05 18:57:34,225 INFO row_complete 1719/2640 dataset=erdos_renyi perturbation=hub_modification alpha=0.0 seed=3 workflow=netlsd_spectral_signatures status=failed
2026-06-05 18:57:34,226 INFO row_complete 1720/2640 dataset=erdos_renyi perturbation=hub_modification alpha=0.0 seed=3 workflow=diversity_curves_l2 status=success
2026-06-05 18:57:39,657 INFO row_complete 1721/2640 dataset=erdos_renyi perturbation=hub_modification alpha=0.1 seed=3 workflow=structural_statistics_mmd status=success
2026-06-05 18:57:39,658 INFO row_complete 1722/2640 dataset=erdos_renyi perturbation=hub_modification alpha=0.1 seed=3 workflow=wl_subtree_kernel_mmd status=success
2026-06-05 18:57:39,659 INFO row_complete 1723/2640 dataset=erdos_renyi perturbation=hub_modification alpha=0.1 seed=3 workflow=netlsd_spectral_signatures status=failed
2026-06-05 18:57:39,661 INFO row_complete 1724/2640 dataset=erdos_renyi perturbation=hub_modification alpha=0.1 seed=3 workflow=diversity_curves_l2 status=success
2026-06-05 18:57:45,066 INFO row_complete 1725/2640 dataset=erdos_renyi perturbation=hub_modification alpha=0.2 seed=3 workflow=structural_statistics_mmd status=success
2026-06-05 18:57:45,067 INFO row_complete 1726/2640 dataset=erdos_renyi perturbation=hub_modification alpha=0.2 seed=3 workflow=wl_subtree_kernel_mmd status=success
2026-06-05 18:57:45,068 INFO row_complete 1727/2640 dataset=erdos_renyi perturbation=hub_modification alpha=0.2 seed=3 workflow=netlsd_spectral_signatures status=failed
2026-06-05 18:57:45,070 INFO row_complete 1728/2640 dataset=erdos_renyi perturbation=hub_modification alpha=0.2 seed=3 workflow=diversity_curves_l2 status=success
2026-06-05 18:57:50,615 INFO row_complete 1729/2640 dataset=erdos_renyi perturbation=hub_modification alpha=0.3 seed=3 workflow=structural_statistics_mmd status=success
2026-06-05 18:57:50,616 INFO row_complete 1730/2640 dataset=erdos_renyi perturbation=hub_modification alpha=0.3 seed=3 workflow=wl_subtree_kernel_mmd status=success
2026-06-05 18:57:50,617 INFO row_complete 1731/2640 dataset=erdos_renyi perturbation=hub_modification alpha=0.3 seed=3 workflow=netlsd_spectral_signatures status=failed
2026-06-05 18:57:50,619 INFO row_complete 1732/2640 dataset=erdos_renyi perturbation=hub_modification alpha=0.3 seed=3 workflow=diversity_curves_l2 status=success
2026-06-05 18:57:56,147 INFO row_complete 1733/2640 dataset=erdos_renyi perturbation=hub_modification alpha=0.4 seed=3 workflow=structural_statistics_mmd status=success
2026-06-05 18:57:56,149 INFO row_complete 1734/2640 dataset=erdos_renyi perturbation=hub_modification alpha=0.4 seed=3 workflow=wl_subtree_kernel_mmd status=success
2026-06-05 18:57:56,150 INFO row_complete 1735/2640 dataset=erdos_renyi perturbation=hub_modification alpha=0.4 seed=3 workflow=netlsd_spectral_signatures status=failed
2026-06-05 18:57:56,151 INFO row_complete 1736/2640 dataset=erdos_renyi perturbation=hub_modification alpha=0.4 seed=3 workflow=diversity_curves_l2 status=success
2026-06-05 18:58:01,773 INFO row_complete 1737/2640 dataset=erdos_renyi perturbation=hub_modification alpha=0.5 seed=3 workflow=structural_statistics_mmd status=success
2026-06-05 18:58:01,774 INFO row_complete 1738/2640 dataset=erdos_renyi perturbation=hub_modification alpha=0.5 seed=3 workflow=wl_subtree_kernel_mmd status=success
2026-06-05 18:58:01,775 INFO row_complete 1739/2640 dataset=erdos_renyi perturbation=hub_modification alpha=0.5 seed=3 workflow=netlsd_spectral_signatures status=failed
2026-06-05 18:58:01,776 INFO row_complete 1740/2640 dataset=erdos_renyi perturbation=hub_modification alpha=0.5 seed=3 workflow=diversity_curves_l2 status=success
2026-06-05 18:58:07,226 INFO row_complete 1741/2640 dataset=erdos_renyi perturbation=hub_modification alpha=0.6 seed=3 workflow=structural_statistics_mmd status=success
2026-06-05 18:58:07,227 INFO row_complete 1742/2640 dataset=erdos_renyi perturbation=hub_modification alpha=0.6 seed=3 workflow=wl_subtree_kernel_mmd status=success
2026-06-05 18:58:07,229 INFO row_complete 1743/2640 dataset=erdos_renyi perturbation=hub_modification alpha=0.6 seed=3 workflow=netlsd_spectral_signatures status=failed
2026-06-05 18:58:07,230 INFO row_complete 1744/2640 dataset=erdos_renyi perturbation=hub_modification alpha=0.6 seed=3 workflow=diversity_curves_l2 status=success
2026-06-05 18:58:12,756 INFO row_complete 1745/2640 dataset=erdos_renyi perturbation=hub_modification alpha=0.7 seed=3 workflow=structural_statistics_mmd status=success
2026-06-05 18:58:12,757 INFO row_complete 1746/2640 dataset=erdos_renyi perturbation=hub_modification alpha=0.7 seed=3 workflow=wl_subtree_kernel_mmd status=success
2026-06-05 18:58:12,758 INFO row_complete 1747/2640 dataset=erdos_renyi perturbation=hub_modification alpha=0.7 seed=3 workflow=netlsd_spectral_signatures status=failed
2026-06-05 18:58:12,759 INFO row_complete 1748/2640 dataset=erdos_renyi perturbation=hub_modification alpha=0.7 seed=3 workflow=diversity_curves_l2 status=success
2026-06-05 18:58:18,277 INFO row_complete 1749/2640 dataset=erdos_renyi perturbation=hub_modification alpha=0.8 seed=3 workflow=structural_statistics_mmd status=success
2026-06-05 18:58:18,279 INFO row_complete 1750/2640 dataset=erdos_renyi perturbation=hub_modification alpha=0.8 seed=3 workflow=wl_subtree_kernel_mmd status=success
2026-06-05 18:58:18,280 INFO row_complete 1751/2640 dataset=erdos_renyi perturbation=hub_modification alpha=0.8 seed=3 workflow=netlsd_spectral_signatures status=failed
2026-06-05 18:58:18,281 INFO row_complete 1752/2640 dataset=erdos_renyi perturbation=hub_modification alpha=0.8 seed=3 workflow=diversity_curves_l2 status=success
2026-06-05 18:58:23,872 INFO row_complete 1753/2640 dataset=erdos_renyi perturbation=hub_modification alpha=0.9 seed=3 workflow=structural_statistics_mmd status=success
2026-06-05 18:58:23,873 INFO row_complete 1754/2640 dataset=erdos_renyi perturbation=hub_modification alpha=0.9 seed=3 workflow=wl_subtree_kernel_mmd status=success
2026-06-05 18:58:23,874 INFO row_complete 1755/2640 dataset=erdos_renyi perturbation=hub_modification alpha=0.9 seed=3 workflow=netlsd_spectral_signatures status=failed
2026-06-05 18:58:23,876 INFO row_complete 1756/2640 dataset=erdos_renyi perturbation=hub_modification alpha=0.9 seed=3 workflow=diversity_curves_l2 status=success
2026-06-05 18:58:29,474 INFO row_complete 1757/2640 dataset=erdos_renyi perturbation=hub_modification alpha=1.0 seed=3 workflow=structural_statistics_mmd status=success
2026-06-05 18:58:29,475 INFO row_complete 1758/2640 dataset=erdos_renyi perturbation=hub_modification alpha=1.0 seed=3 workflow=wl_subtree_kernel_mmd status=success
2026-06-05 18:58:29,476 INFO row_complete 1759/2640 dataset=erdos_renyi perturbation=hub_modification alpha=1.0 seed=3 workflow=netlsd_spectral_signatures status=failed
2026-06-05 18:58:29,478 INFO row_complete 1760/2640 dataset=erdos_renyi perturbation=hub_modification alpha=1.0 seed=3 workflow=diversity_curves_l2 status=success
2026-06-05 18:58:34,680 INFO row_complete 1761/2640 dataset=stochastic_block_model perturbation=edge_addition_deletion alpha=0.0 seed=3 workflow=structural_statistics_mmd status=success
2026-06-05 18:58:34,682 INFO row_complete 1762/2640 dataset=stochastic_block_model perturbation=edge_addition_deletion alpha=0.0 seed=3 workflow=wl_subtree_kernel_mmd status=success
2026-06-05 18:58:34,683 INFO row_complete 1763/2640 dataset=stochastic_block_model perturbation=edge_addition_deletion alpha=0.0 seed=3 workflow=netlsd_spectral_signatures status=failed
2026-06-05 18:58:34,685 INFO row_complete 1764/2640 dataset=stochastic_block_model perturbation=edge_addition_deletion alpha=0.0 seed=3 workflow=diversity_curves_l2 status=success
2026-06-05 18:58:40,123 INFO row_complete 1765/2640 dataset=stochastic_block_model perturbation=edge_addition_deletion alpha=0.1 seed=3 workflow=structural_statistics_mmd status=success
2026-06-05 18:58:40,125 INFO row_complete 1766/2640 dataset=stochastic_block_model perturbation=edge_addition_deletion alpha=0.1 seed=3 workflow=wl_subtree_kernel_mmd status=success
2026-06-05 18:58:40,126 INFO row_complete 1767/2640 dataset=stochastic_block_model perturbation=edge_addition_deletion alpha=0.1 seed=3 workflow=netlsd_spectral_signatures status=failed
2026-06-05 18:58:40,127 INFO row_complete 1768/2640 dataset=stochastic_block_model perturbation=edge_addition_deletion alpha=0.1 seed=3 workflow=diversity_curves_l2 status=success
2026-06-05 18:58:45,429 INFO row_complete 1769/2640 dataset=stochastic_block_model perturbation=edge_addition_deletion alpha=0.2 seed=3 workflow=structural_statistics_mmd status=success
2026-06-05 18:58:45,430 INFO row_complete 1770/2640 dataset=stochastic_block_model perturbation=edge_addition_deletion alpha=0.2 seed=3 workflow=wl_subtree_kernel_mmd status=success
2026-06-05 18:58:45,432 INFO row_complete 1771/2640 dataset=stochastic_block_model perturbation=edge_addition_deletion alpha=0.2 seed=3 workflow=netlsd_spectral_signatures status=failed
2026-06-05 18:58:45,433 INFO row_complete 1772/2640 dataset=stochastic_block_model perturbation=edge_addition_deletion alpha=0.2 seed=3 workflow=diversity_curves_l2 status=success
2026-06-05 18:58:50,658 INFO row_complete 1773/2640 dataset=stochastic_block_model perturbation=edge_addition_deletion alpha=0.3 seed=3 workflow=structural_statistics_mmd status=success
2026-06-05 18:58:50,659 INFO row_complete 1774/2640 dataset=stochastic_block_model perturbation=edge_addition_deletion alpha=0.3 seed=3 workflow=wl_subtree_kernel_mmd status=success
2026-06-05 18:58:50,660 INFO row_complete 1775/2640 dataset=stochastic_block_model perturbation=edge_addition_deletion alpha=0.3 seed=3 workflow=netlsd_spectral_signatures status=failed
2026-06-05 18:58:50,661 INFO row_complete 1776/2640 dataset=stochastic_block_model perturbation=edge_addition_deletion alpha=0.3 seed=3 workflow=diversity_curves_l2 status=success
2026-06-05 18:58:55,860 INFO row_complete 1777/2640 dataset=stochastic_block_model perturbation=edge_addition_deletion alpha=0.4 seed=3 workflow=structural_statistics_mmd status=success
2026-06-05 18:58:55,861 INFO row_complete 1778/2640 dataset=stochastic_block_model perturbation=edge_addition_deletion alpha=0.4 seed=3 workflow=wl_subtree_kernel_mmd status=success
2026-06-05 18:58:55,862 INFO row_complete 1779/2640 dataset=stochastic_block_model perturbation=edge_addition_deletion alpha=0.4 seed=3 workflow=netlsd_spectral_signatures status=failed
2026-06-05 18:58:55,864 INFO row_complete 1780/2640 dataset=stochastic_block_model perturbation=edge_addition_deletion alpha=0.4 seed=3 workflow=diversity_curves_l2 status=success
2026-06-05 18:59:01,164 INFO row_complete 1781/2640 dataset=stochastic_block_model perturbation=edge_addition_deletion alpha=0.5 seed=3 workflow=structural_statistics_mmd status=success
2026-06-05 18:59:01,165 INFO row_complete 1782/2640 dataset=stochastic_block_model perturbation=edge_addition_deletion alpha=0.5 seed=3 workflow=wl_subtree_kernel_mmd status=success
2026-06-05 18:59:01,166 INFO row_complete 1783/2640 dataset=stochastic_block_model perturbation=edge_addition_deletion alpha=0.5 seed=3 workflow=netlsd_spectral_signatures status=failed
2026-06-05 18:59:01,168 INFO row_complete 1784/2640 dataset=stochastic_block_model perturbation=edge_addition_deletion alpha=0.5 seed=3 workflow=diversity_curves_l2 status=success
2026-06-05 18:59:06,356 INFO row_complete 1785/2640 dataset=stochastic_block_model perturbation=edge_addition_deletion alpha=0.6 seed=3 workflow=structural_statistics_mmd status=success
2026-06-05 18:59:06,357 INFO row_complete 1786/2640 dataset=stochastic_block_model perturbation=edge_addition_deletion alpha=0.6 seed=3 workflow=wl_subtree_kernel_mmd status=success
2026-06-05 18:59:06,358 INFO row_complete 1787/2640 dataset=stochastic_block_model perturbation=edge_addition_deletion alpha=0.6 seed=3 workflow=netlsd_spectral_signatures status=failed
2026-06-05 18:59:06,359 INFO row_complete 1788/2640 dataset=stochastic_block_model perturbation=edge_addition_deletion alpha=0.6 seed=3 workflow=diversity_curves_l2 status=success
2026-06-05 18:59:11,735 INFO row_complete 1789/2640 dataset=stochastic_block_model perturbation=edge_addition_deletion alpha=0.7 seed=3 workflow=structural_statistics_mmd status=success
2026-06-05 18:59:11,736 INFO row_complete 1790/2640 dataset=stochastic_block_model perturbation=edge_addition_deletion alpha=0.7 seed=3 workflow=wl_subtree_kernel_mmd status=success
2026-06-05 18:59:11,738 INFO row_complete 1791/2640 dataset=stochastic_block_model perturbation=edge_addition_deletion alpha=0.7 seed=3 workflow=netlsd_spectral_signatures status=failed
2026-06-05 18:59:11,739 INFO row_complete 1792/2640 dataset=stochastic_block_model perturbation=edge_addition_deletion alpha=0.7 seed=3 workflow=diversity_curves_l2 status=success
2026-06-05 18:59:17,006 INFO row_complete 1793/2640 dataset=stochastic_block_model perturbation=edge_addition_deletion alpha=0.8 seed=3 workflow=structural_statistics_mmd status=success
2026-06-05 18:59:17,007 INFO row_complete 1794/2640 dataset=stochastic_block_model perturbation=edge_addition_deletion alpha=0.8 seed=3 workflow=wl_subtree_kernel_mmd status=success
2026-06-05 18:59:17,008 INFO row_complete 1795/2640 dataset=stochastic_block_model perturbation=edge_addition_deletion alpha=0.8 seed=3 workflow=netlsd_spectral_signatures status=failed
2026-06-05 18:59:17,009 INFO row_complete 1796/2640 dataset=stochastic_block_model perturbation=edge_addition_deletion alpha=0.8 seed=3 workflow=diversity_curves_l2 status=success
2026-06-05 18:59:22,319 INFO row_complete 1797/2640 dataset=stochastic_block_model perturbation=edge_addition_deletion alpha=0.9 seed=3 workflow=structural_statistics_mmd status=success
2026-06-05 18:59:22,321 INFO row_complete 1798/2640 dataset=stochastic_block_model perturbation=edge_addition_deletion alpha=0.9 seed=3 workflow=wl_subtree_kernel_mmd status=success
2026-06-05 18:59:22,322 INFO row_complete 1799/2640 dataset=stochastic_block_model perturbation=edge_addition_deletion alpha=0.9 seed=3 workflow=netlsd_spectral_signatures status=failed
2026-06-05 18:59:22,323 INFO row_complete 1800/2640 dataset=stochastic_block_model perturbation=edge_addition_deletion alpha=0.9 seed=3 workflow=diversity_curves_l2 status=success
2026-06-05 18:59:27,649 INFO row_complete 1801/2640 dataset=stochastic_block_model perturbation=edge_addition_deletion alpha=1.0 seed=3 workflow=structural_statistics_mmd status=success
2026-06-05 18:59:27,650 INFO row_complete 1802/2640 dataset=stochastic_block_model perturbation=edge_addition_deletion alpha=1.0 seed=3 workflow=wl_subtree_kernel_mmd status=success
2026-06-05 18:59:27,652 INFO row_complete 1803/2640 dataset=stochastic_block_model perturbation=edge_addition_deletion alpha=1.0 seed=3 workflow=netlsd_spectral_signatures status=failed
2026-06-05 18:59:27,653 INFO row_complete 1804/2640 dataset=stochastic_block_model perturbation=edge_addition_deletion alpha=1.0 seed=3 workflow=diversity_curves_l2 status=success
2026-06-05 18:59:32,942 INFO row_complete 1805/2640 dataset=stochastic_block_model perturbation=triangle_injection_removal alpha=0.0 seed=3 workflow=structural_statistics_mmd status=success
2026-06-05 18:59:32,944 INFO row_complete 1806/2640 dataset=stochastic_block_model perturbation=triangle_injection_removal alpha=0.0 seed=3 workflow=wl_subtree_kernel_mmd status=success
2026-06-05 18:59:32,945 INFO row_complete 1807/2640 dataset=stochastic_block_model perturbation=triangle_injection_removal alpha=0.0 seed=3 workflow=netlsd_spectral_signatures status=failed
2026-06-05 18:59:32,946 INFO row_complete 1808/2640 dataset=stochastic_block_model perturbation=triangle_injection_removal alpha=0.0 seed=3 workflow=diversity_curves_l2 status=success
2026-06-05 18:59:38,847 INFO row_complete 1809/2640 dataset=stochastic_block_model perturbation=triangle_injection_removal alpha=0.1 seed=3 workflow=structural_statistics_mmd status=success
2026-06-05 18:59:38,849 INFO row_complete 1810/2640 dataset=stochastic_block_model perturbation=triangle_injection_removal alpha=0.1 seed=3 workflow=wl_subtree_kernel_mmd status=success
2026-06-05 18:59:38,850 INFO row_complete 1811/2640 dataset=stochastic_block_model perturbation=triangle_injection_removal alpha=0.1 seed=3 workflow=netlsd_spectral_signatures status=failed
2026-06-05 18:59:38,851 INFO row_complete 1812/2640 dataset=stochastic_block_model perturbation=triangle_injection_removal alpha=0.1 seed=3 workflow=diversity_curves_l2 status=success
2026-06-05 18:59:44,754 INFO row_complete 1813/2640 dataset=stochastic_block_model perturbation=triangle_injection_removal alpha=0.2 seed=3 workflow=structural_statistics_mmd status=success
2026-06-05 18:59:44,755 INFO row_complete 1814/2640 dataset=stochastic_block_model perturbation=triangle_injection_removal alpha=0.2 seed=3 workflow=wl_subtree_kernel_mmd status=success
2026-06-05 18:59:44,756 INFO row_complete 1815/2640 dataset=stochastic_block_model perturbation=triangle_injection_removal alpha=0.2 seed=3 workflow=netlsd_spectral_signatures status=failed
2026-06-05 18:59:44,757 INFO row_complete 1816/2640 dataset=stochastic_block_model perturbation=triangle_injection_removal alpha=0.2 seed=3 workflow=diversity_curves_l2 status=success
2026-06-05 18:59:50,571 INFO row_complete 1817/2640 dataset=stochastic_block_model perturbation=triangle_injection_removal alpha=0.3 seed=3 workflow=structural_statistics_mmd status=success
2026-06-05 18:59:50,572 INFO row_complete 1818/2640 dataset=stochastic_block_model perturbation=triangle_injection_removal alpha=0.3 seed=3 workflow=wl_subtree_kernel_mmd status=success
2026-06-05 18:59:50,574 INFO row_complete 1819/2640 dataset=stochastic_block_model perturbation=triangle_injection_removal alpha=0.3 seed=3 workflow=netlsd_spectral_signatures status=failed
2026-06-05 18:59:50,575 INFO row_complete 1820/2640 dataset=stochastic_block_model perturbation=triangle_injection_removal alpha=0.3 seed=3 workflow=diversity_curves_l2 status=success
2026-06-05 18:59:56,534 INFO row_complete 1821/2640 dataset=stochastic_block_model perturbation=triangle_injection_removal alpha=0.4 seed=3 workflow=structural_statistics_mmd status=success
2026-06-05 18:59:56,535 INFO row_complete 1822/2640 dataset=stochastic_block_model perturbation=triangle_injection_removal alpha=0.4 seed=3 workflow=wl_subtree_kernel_mmd status=success
2026-06-05 18:59:56,537 INFO row_complete 1823/2640 dataset=stochastic_block_model perturbation=triangle_injection_removal alpha=0.4 seed=3 workflow=netlsd_spectral_signatures status=failed
2026-06-05 18:59:56,538 INFO row_complete 1824/2640 dataset=stochastic_block_model perturbation=triangle_injection_removal alpha=0.4 seed=3 workflow=diversity_curves_l2 status=success
2026-06-05 19:00:02,416 INFO row_complete 1825/2640 dataset=stochastic_block_model perturbation=triangle_injection_removal alpha=0.5 seed=3 workflow=structural_statistics_mmd status=success
2026-06-05 19:00:02,417 INFO row_complete 1826/2640 dataset=stochastic_block_model perturbation=triangle_injection_removal alpha=0.5 seed=3 workflow=wl_subtree_kernel_mmd status=success
2026-06-05 19:00:02,418 INFO row_complete 1827/2640 dataset=stochastic_block_model perturbation=triangle_injection_removal alpha=0.5 seed=3 workflow=netlsd_spectral_signatures status=failed
2026-06-05 19:00:02,419 INFO row_complete 1828/2640 dataset=stochastic_block_model perturbation=triangle_injection_removal alpha=0.5 seed=3 workflow=diversity_curves_l2 status=success
2026-06-05 19:00:08,263 INFO row_complete 1829/2640 dataset=stochastic_block_model perturbation=triangle_injection_removal alpha=0.6 seed=3 workflow=structural_statistics_mmd status=success
2026-06-05 19:00:08,265 INFO row_complete 1830/2640 dataset=stochastic_block_model perturbation=triangle_injection_removal alpha=0.6 seed=3 workflow=wl_subtree_kernel_mmd status=success
2026-06-05 19:00:08,266 INFO row_complete 1831/2640 dataset=stochastic_block_model perturbation=triangle_injection_removal alpha=0.6 seed=3 workflow=netlsd_spectral_signatures status=failed
2026-06-05 19:00:08,267 INFO row_complete 1832/2640 dataset=stochastic_block_model perturbation=triangle_injection_removal alpha=0.6 seed=3 workflow=diversity_curves_l2 status=success
2026-06-05 19:00:14,042 INFO row_complete 1833/2640 dataset=stochastic_block_model perturbation=triangle_injection_removal alpha=0.7 seed=3 workflow=structural_statistics_mmd status=success
2026-06-05 19:00:14,043 INFO row_complete 1834/2640 dataset=stochastic_block_model perturbation=triangle_injection_removal alpha=0.7 seed=3 workflow=wl_subtree_kernel_mmd status=success
2026-06-05 19:00:14,044 INFO row_complete 1835/2640 dataset=stochastic_block_model perturbation=triangle_injection_removal alpha=0.7 seed=3 workflow=netlsd_spectral_signatures status=failed
2026-06-05 19:00:14,045 INFO row_complete 1836/2640 dataset=stochastic_block_model perturbation=triangle_injection_removal alpha=0.7 seed=3 workflow=diversity_curves_l2 status=success
2026-06-05 19:00:19,977 INFO row_complete 1837/2640 dataset=stochastic_block_model perturbation=triangle_injection_removal alpha=0.8 seed=3 workflow=structural_statistics_mmd status=success
2026-06-05 19:00:19,978 INFO row_complete 1838/2640 dataset=stochastic_block_model perturbation=triangle_injection_removal alpha=0.8 seed=3 workflow=wl_subtree_kernel_mmd status=success
2026-06-05 19:00:19,979 INFO row_complete 1839/2640 dataset=stochastic_block_model perturbation=triangle_injection_removal alpha=0.8 seed=3 workflow=netlsd_spectral_signatures status=failed
2026-06-05 19:00:19,980 INFO row_complete 1840/2640 dataset=stochastic_block_model perturbation=triangle_injection_removal alpha=0.8 seed=3 workflow=diversity_curves_l2 status=success
2026-06-05 19:00:25,684 INFO row_complete 1841/2640 dataset=stochastic_block_model perturbation=triangle_injection_removal alpha=0.9 seed=3 workflow=structural_statistics_mmd status=success
2026-06-05 19:00:25,686 INFO row_complete 1842/2640 dataset=stochastic_block_model perturbation=triangle_injection_removal alpha=0.9 seed=3 workflow=wl_subtree_kernel_mmd status=success
2026-06-05 19:00:25,687 INFO row_complete 1843/2640 dataset=stochastic_block_model perturbation=triangle_injection_removal alpha=0.9 seed=3 workflow=netlsd_spectral_signatures status=failed
2026-06-05 19:00:25,688 INFO row_complete 1844/2640 dataset=stochastic_block_model perturbation=triangle_injection_removal alpha=0.9 seed=3 workflow=diversity_curves_l2 status=success
2026-06-05 19:00:31,436 INFO row_complete 1845/2640 dataset=stochastic_block_model perturbation=triangle_injection_removal alpha=1.0 seed=3 workflow=structural_statistics_mmd status=success
2026-06-05 19:00:31,437 INFO row_complete 1846/2640 dataset=stochastic_block_model perturbation=triangle_injection_removal alpha=1.0 seed=3 workflow=wl_subtree_kernel_mmd status=success
2026-06-05 19:00:31,438 INFO row_complete 1847/2640 dataset=stochastic_block_model perturbation=triangle_injection_removal alpha=1.0 seed=3 workflow=netlsd_spectral_signatures status=failed
2026-06-05 19:00:31,439 INFO row_complete 1848/2640 dataset=stochastic_block_model perturbation=triangle_injection_removal alpha=1.0 seed=3 workflow=diversity_curves_l2 status=success
2026-06-05 19:00:36,679 INFO row_complete 1849/2640 dataset=stochastic_block_model perturbation=community_weakening alpha=0.0 seed=3 workflow=structural_statistics_mmd status=success
2026-06-05 19:00:36,681 INFO row_complete 1850/2640 dataset=stochastic_block_model perturbation=community_weakening alpha=0.0 seed=3 workflow=wl_subtree_kernel_mmd status=success
2026-06-05 19:00:36,682 INFO row_complete 1851/2640 dataset=stochastic_block_model perturbation=community_weakening alpha=0.0 seed=3 workflow=netlsd_spectral_signatures status=failed
2026-06-05 19:00:36,683 INFO row_complete 1852/2640 dataset=stochastic_block_model perturbation=community_weakening alpha=0.0 seed=3 workflow=diversity_curves_l2 status=success
2026-06-05 19:00:41,898 INFO row_complete 1853/2640 dataset=stochastic_block_model perturbation=community_weakening alpha=0.1 seed=3 workflow=structural_statistics_mmd status=success
2026-06-05 19:00:41,900 INFO row_complete 1854/2640 dataset=stochastic_block_model perturbation=community_weakening alpha=0.1 seed=3 workflow=wl_subtree_kernel_mmd status=success
2026-06-05 19:00:41,901 INFO row_complete 1855/2640 dataset=stochastic_block_model perturbation=community_weakening alpha=0.1 seed=3 workflow=netlsd_spectral_signatures status=failed
2026-06-05 19:00:41,902 INFO row_complete 1856/2640 dataset=stochastic_block_model perturbation=community_weakening alpha=0.1 seed=3 workflow=diversity_curves_l2 status=success
2026-06-05 19:00:47,257 INFO row_complete 1857/2640 dataset=stochastic_block_model perturbation=community_weakening alpha=0.2 seed=3 workflow=structural_statistics_mmd status=success
2026-06-05 19:00:47,258 INFO row_complete 1858/2640 dataset=stochastic_block_model perturbation=community_weakening alpha=0.2 seed=3 workflow=wl_subtree_kernel_mmd status=success
2026-06-05 19:00:47,259 INFO row_complete 1859/2640 dataset=stochastic_block_model perturbation=community_weakening alpha=0.2 seed=3 workflow=netlsd_spectral_signatures status=failed
2026-06-05 19:00:47,261 INFO row_complete 1860/2640 dataset=stochastic_block_model perturbation=community_weakening alpha=0.2 seed=3 workflow=diversity_curves_l2 status=success
2026-06-05 19:00:52,547 INFO row_complete 1861/2640 dataset=stochastic_block_model perturbation=community_weakening alpha=0.3 seed=3 workflow=structural_statistics_mmd status=success
2026-06-05 19:00:52,548 INFO row_complete 1862/2640 dataset=stochastic_block_model perturbation=community_weakening alpha=0.3 seed=3 workflow=wl_subtree_kernel_mmd status=success
2026-06-05 19:00:52,550 INFO row_complete 1863/2640 dataset=stochastic_block_model perturbation=community_weakening alpha=0.3 seed=3 workflow=netlsd_spectral_signatures status=failed
2026-06-05 19:00:52,551 INFO row_complete 1864/2640 dataset=stochastic_block_model perturbation=community_weakening alpha=0.3 seed=3 workflow=diversity_curves_l2 status=success
2026-06-05 19:00:57,837 INFO row_complete 1865/2640 dataset=stochastic_block_model perturbation=community_weakening alpha=0.4 seed=3 workflow=structural_statistics_mmd status=success
2026-06-05 19:00:57,838 INFO row_complete 1866/2640 dataset=stochastic_block_model perturbation=community_weakening alpha=0.4 seed=3 workflow=wl_subtree_kernel_mmd status=success
2026-06-05 19:00:57,839 INFO row_complete 1867/2640 dataset=stochastic_block_model perturbation=community_weakening alpha=0.4 seed=3 workflow=netlsd_spectral_signatures status=failed
2026-06-05 19:00:57,840 INFO row_complete 1868/2640 dataset=stochastic_block_model perturbation=community_weakening alpha=0.4 seed=3 workflow=diversity_curves_l2 status=success
2026-06-05 19:01:03,080 INFO row_complete 1869/2640 dataset=stochastic_block_model perturbation=community_weakening alpha=0.5 seed=3 workflow=structural_statistics_mmd status=success
2026-06-05 19:01:03,082 INFO row_complete 1870/2640 dataset=stochastic_block_model perturbation=community_weakening alpha=0.5 seed=3 workflow=wl_subtree_kernel_mmd status=success
2026-06-05 19:01:03,083 INFO row_complete 1871/2640 dataset=stochastic_block_model perturbation=community_weakening alpha=0.5 seed=3 workflow=netlsd_spectral_signatures status=failed
2026-06-05 19:01:03,084 INFO row_complete 1872/2640 dataset=stochastic_block_model perturbation=community_weakening alpha=0.5 seed=3 workflow=diversity_curves_l2 status=success
2026-06-05 19:01:08,339 INFO row_complete 1873/2640 dataset=stochastic_block_model perturbation=community_weakening alpha=0.6 seed=3 workflow=structural_statistics_mmd status=success
2026-06-05 19:01:08,341 INFO row_complete 1874/2640 dataset=stochastic_block_model perturbation=community_weakening alpha=0.6 seed=3 workflow=wl_subtree_kernel_mmd status=success
2026-06-05 19:01:08,342 INFO row_complete 1875/2640 dataset=stochastic_block_model perturbation=community_weakening alpha=0.6 seed=3 workflow=netlsd_spectral_signatures status=failed
2026-06-05 19:01:08,344 INFO row_complete 1876/2640 dataset=stochastic_block_model perturbation=community_weakening alpha=0.6 seed=3 workflow=diversity_curves_l2 status=success
2026-06-05 19:01:13,578 INFO row_complete 1877/2640 dataset=stochastic_block_model perturbation=community_weakening alpha=0.7 seed=3 workflow=structural_statistics_mmd status=success
2026-06-05 19:01:13,579 INFO row_complete 1878/2640 dataset=stochastic_block_model perturbation=community_weakening alpha=0.7 seed=3 workflow=wl_subtree_kernel_mmd status=success
2026-06-05 19:01:13,580 INFO row_complete 1879/2640 dataset=stochastic_block_model perturbation=community_weakening alpha=0.7 seed=3 workflow=netlsd_spectral_signatures status=failed
2026-06-05 19:01:13,581 INFO row_complete 1880/2640 dataset=stochastic_block_model perturbation=community_weakening alpha=0.7 seed=3 workflow=diversity_curves_l2 status=success
2026-06-05 19:01:18,801 INFO row_complete 1881/2640 dataset=stochastic_block_model perturbation=community_weakening alpha=0.8 seed=3 workflow=structural_statistics_mmd status=success
2026-06-05 19:01:18,803 INFO row_complete 1882/2640 dataset=stochastic_block_model perturbation=community_weakening alpha=0.8 seed=3 workflow=wl_subtree_kernel_mmd status=success
2026-06-05 19:01:18,804 INFO row_complete 1883/2640 dataset=stochastic_block_model perturbation=community_weakening alpha=0.8 seed=3 workflow=netlsd_spectral_signatures status=failed
2026-06-05 19:01:18,805 INFO row_complete 1884/2640 dataset=stochastic_block_model perturbation=community_weakening alpha=0.8 seed=3 workflow=diversity_curves_l2 status=success
2026-06-05 19:01:23,987 INFO row_complete 1885/2640 dataset=stochastic_block_model perturbation=community_weakening alpha=0.9 seed=3 workflow=structural_statistics_mmd status=success
2026-06-05 19:01:23,988 INFO row_complete 1886/2640 dataset=stochastic_block_model perturbation=community_weakening alpha=0.9 seed=3 workflow=wl_subtree_kernel_mmd status=success
2026-06-05 19:01:23,989 INFO row_complete 1887/2640 dataset=stochastic_block_model perturbation=community_weakening alpha=0.9 seed=3 workflow=netlsd_spectral_signatures status=failed
2026-06-05 19:01:23,990 INFO row_complete 1888/2640 dataset=stochastic_block_model perturbation=community_weakening alpha=0.9 seed=3 workflow=diversity_curves_l2 status=success
2026-06-05 19:01:29,203 INFO row_complete 1889/2640 dataset=stochastic_block_model perturbation=community_weakening alpha=1.0 seed=3 workflow=structural_statistics_mmd status=success
2026-06-05 19:01:29,204 INFO row_complete 1890/2640 dataset=stochastic_block_model perturbation=community_weakening alpha=1.0 seed=3 workflow=wl_subtree_kernel_mmd status=success
2026-06-05 19:01:29,205 INFO row_complete 1891/2640 dataset=stochastic_block_model perturbation=community_weakening alpha=1.0 seed=3 workflow=netlsd_spectral_signatures status=failed
2026-06-05 19:01:29,206 INFO row_complete 1892/2640 dataset=stochastic_block_model perturbation=community_weakening alpha=1.0 seed=3 workflow=diversity_curves_l2 status=success
2026-06-05 19:01:34,346 INFO row_complete 1893/2640 dataset=stochastic_block_model perturbation=hub_modification alpha=0.0 seed=3 workflow=structural_statistics_mmd status=success
2026-06-05 19:01:34,348 INFO row_complete 1894/2640 dataset=stochastic_block_model perturbation=hub_modification alpha=0.0 seed=3 workflow=wl_subtree_kernel_mmd status=success
2026-06-05 19:01:34,349 INFO row_complete 1895/2640 dataset=stochastic_block_model perturbation=hub_modification alpha=0.0 seed=3 workflow=netlsd_spectral_signatures status=failed
2026-06-05 19:01:34,350 INFO row_complete 1896/2640 dataset=stochastic_block_model perturbation=hub_modification alpha=0.0 seed=3 workflow=diversity_curves_l2 status=success
2026-06-05 19:01:39,538 INFO row_complete 1897/2640 dataset=stochastic_block_model perturbation=hub_modification alpha=0.1 seed=3 workflow=structural_statistics_mmd status=success
2026-06-05 19:01:39,540 INFO row_complete 1898/2640 dataset=stochastic_block_model perturbation=hub_modification alpha=0.1 seed=3 workflow=wl_subtree_kernel_mmd status=success
2026-06-05 19:01:39,541 INFO row_complete 1899/2640 dataset=stochastic_block_model perturbation=hub_modification alpha=0.1 seed=3 workflow=netlsd_spectral_signatures status=failed
2026-06-05 19:01:39,542 INFO row_complete 1900/2640 dataset=stochastic_block_model perturbation=hub_modification alpha=0.1 seed=3 workflow=diversity_curves_l2 status=success
2026-06-05 19:01:44,674 INFO row_complete 1901/2640 dataset=stochastic_block_model perturbation=hub_modification alpha=0.2 seed=3 workflow=structural_statistics_mmd status=success
2026-06-05 19:01:44,675 INFO row_complete 1902/2640 dataset=stochastic_block_model perturbation=hub_modification alpha=0.2 seed=3 workflow=wl_subtree_kernel_mmd status=success
2026-06-05 19:01:44,676 INFO row_complete 1903/2640 dataset=stochastic_block_model perturbation=hub_modification alpha=0.2 seed=3 workflow=netlsd_spectral_signatures status=failed
2026-06-05 19:01:44,677 INFO row_complete 1904/2640 dataset=stochastic_block_model perturbation=hub_modification alpha=0.2 seed=3 workflow=diversity_curves_l2 status=success
2026-06-05 19:01:49,909 INFO row_complete 1905/2640 dataset=stochastic_block_model perturbation=hub_modification alpha=0.3 seed=3 workflow=structural_statistics_mmd status=success
2026-06-05 19:01:49,910 INFO row_complete 1906/2640 dataset=stochastic_block_model perturbation=hub_modification alpha=0.3 seed=3 workflow=wl_subtree_kernel_mmd status=success
2026-06-05 19:01:49,912 INFO row_complete 1907/2640 dataset=stochastic_block_model perturbation=hub_modification alpha=0.3 seed=3 workflow=netlsd_spectral_signatures status=failed
2026-06-05 19:01:49,913 INFO row_complete 1908/2640 dataset=stochastic_block_model perturbation=hub_modification alpha=0.3 seed=3 workflow=diversity_curves_l2 status=success
2026-06-05 19:01:55,006 INFO row_complete 1909/2640 dataset=stochastic_block_model perturbation=hub_modification alpha=0.4 seed=3 workflow=structural_statistics_mmd status=success
2026-06-05 19:01:55,008 INFO row_complete 1910/2640 dataset=stochastic_block_model perturbation=hub_modification alpha=0.4 seed=3 workflow=wl_subtree_kernel_mmd status=success
2026-06-05 19:01:55,009 INFO row_complete 1911/2640 dataset=stochastic_block_model perturbation=hub_modification alpha=0.4 seed=3 workflow=netlsd_spectral_signatures status=failed
2026-06-05 19:01:55,010 INFO row_complete 1912/2640 dataset=stochastic_block_model perturbation=hub_modification alpha=0.4 seed=3 workflow=diversity_curves_l2 status=success
2026-06-05 19:02:00,137 INFO row_complete 1913/2640 dataset=stochastic_block_model perturbation=hub_modification alpha=0.5 seed=3 workflow=structural_statistics_mmd status=success
2026-06-05 19:02:00,139 INFO row_complete 1914/2640 dataset=stochastic_block_model perturbation=hub_modification alpha=0.5 seed=3 workflow=wl_subtree_kernel_mmd status=success
2026-06-05 19:02:00,140 INFO row_complete 1915/2640 dataset=stochastic_block_model perturbation=hub_modification alpha=0.5 seed=3 workflow=netlsd_spectral_signatures status=failed
2026-06-05 19:02:00,141 INFO row_complete 1916/2640 dataset=stochastic_block_model perturbation=hub_modification alpha=0.5 seed=3 workflow=diversity_curves_l2 status=success
2026-06-05 19:02:05,244 INFO row_complete 1917/2640 dataset=stochastic_block_model perturbation=hub_modification alpha=0.6 seed=3 workflow=structural_statistics_mmd status=success
2026-06-05 19:02:05,245 INFO row_complete 1918/2640 dataset=stochastic_block_model perturbation=hub_modification alpha=0.6 seed=3 workflow=wl_subtree_kernel_mmd status=success
2026-06-05 19:02:05,246 INFO row_complete 1919/2640 dataset=stochastic_block_model perturbation=hub_modification alpha=0.6 seed=3 workflow=netlsd_spectral_signatures status=failed
2026-06-05 19:02:05,247 INFO row_complete 1920/2640 dataset=stochastic_block_model perturbation=hub_modification alpha=0.6 seed=3 workflow=diversity_curves_l2 status=success
2026-06-05 19:02:10,365 INFO row_complete 1921/2640 dataset=stochastic_block_model perturbation=hub_modification alpha=0.7 seed=3 workflow=structural_statistics_mmd status=success
2026-06-05 19:02:10,367 INFO row_complete 1922/2640 dataset=stochastic_block_model perturbation=hub_modification alpha=0.7 seed=3 workflow=wl_subtree_kernel_mmd status=success
2026-06-05 19:02:10,368 INFO row_complete 1923/2640 dataset=stochastic_block_model perturbation=hub_modification alpha=0.7 seed=3 workflow=netlsd_spectral_signatures status=failed
2026-06-05 19:02:10,369 INFO row_complete 1924/2640 dataset=stochastic_block_model perturbation=hub_modification alpha=0.7 seed=3 workflow=diversity_curves_l2 status=success
2026-06-05 19:02:15,578 INFO row_complete 1925/2640 dataset=stochastic_block_model perturbation=hub_modification alpha=0.8 seed=3 workflow=structural_statistics_mmd status=success
2026-06-05 19:02:15,580 INFO row_complete 1926/2640 dataset=stochastic_block_model perturbation=hub_modification alpha=0.8 seed=3 workflow=wl_subtree_kernel_mmd status=success
2026-06-05 19:02:15,581 INFO row_complete 1927/2640 dataset=stochastic_block_model perturbation=hub_modification alpha=0.8 seed=3 workflow=netlsd_spectral_signatures status=failed
2026-06-05 19:02:15,582 INFO row_complete 1928/2640 dataset=stochastic_block_model perturbation=hub_modification alpha=0.8 seed=3 workflow=diversity_curves_l2 status=success
2026-06-05 19:02:20,774 INFO row_complete 1929/2640 dataset=stochastic_block_model perturbation=hub_modification alpha=0.9 seed=3 workflow=structural_statistics_mmd status=success
2026-06-05 19:02:20,775 INFO row_complete 1930/2640 dataset=stochastic_block_model perturbation=hub_modification alpha=0.9 seed=3 workflow=wl_subtree_kernel_mmd status=success
2026-06-05 19:02:20,776 INFO row_complete 1931/2640 dataset=stochastic_block_model perturbation=hub_modification alpha=0.9 seed=3 workflow=netlsd_spectral_signatures status=failed
2026-06-05 19:02:20,777 INFO row_complete 1932/2640 dataset=stochastic_block_model perturbation=hub_modification alpha=0.9 seed=3 workflow=diversity_curves_l2 status=success
2026-06-05 19:02:25,946 INFO row_complete 1933/2640 dataset=stochastic_block_model perturbation=hub_modification alpha=1.0 seed=3 workflow=structural_statistics_mmd status=success
2026-06-05 19:02:25,947 INFO row_complete 1934/2640 dataset=stochastic_block_model perturbation=hub_modification alpha=1.0 seed=3 workflow=wl_subtree_kernel_mmd status=success
2026-06-05 19:02:25,948 INFO row_complete 1935/2640 dataset=stochastic_block_model perturbation=hub_modification alpha=1.0 seed=3 workflow=netlsd_spectral_signatures status=failed
2026-06-05 19:02:25,949 INFO row_complete 1936/2640 dataset=stochastic_block_model perturbation=hub_modification alpha=1.0 seed=3 workflow=diversity_curves_l2 status=success
2026-06-05 19:02:31,035 INFO row_complete 1937/2640 dataset=barabasi_albert perturbation=edge_addition_deletion alpha=0.0 seed=3 workflow=structural_statistics_mmd status=success
2026-06-05 19:02:31,036 INFO row_complete 1938/2640 dataset=barabasi_albert perturbation=edge_addition_deletion alpha=0.0 seed=3 workflow=wl_subtree_kernel_mmd status=success
2026-06-05 19:02:31,037 INFO row_complete 1939/2640 dataset=barabasi_albert perturbation=edge_addition_deletion alpha=0.0 seed=3 workflow=netlsd_spectral_signatures status=failed
2026-06-05 19:02:31,039 INFO row_complete 1940/2640 dataset=barabasi_albert perturbation=edge_addition_deletion alpha=0.0 seed=3 workflow=diversity_curves_l2 status=success
2026-06-05 19:02:36,184 INFO row_complete 1941/2640 dataset=barabasi_albert perturbation=edge_addition_deletion alpha=0.1 seed=3 workflow=structural_statistics_mmd status=success
2026-06-05 19:02:36,186 INFO row_complete 1942/2640 dataset=barabasi_albert perturbation=edge_addition_deletion alpha=0.1 seed=3 workflow=wl_subtree_kernel_mmd status=success
2026-06-05 19:02:36,187 INFO row_complete 1943/2640 dataset=barabasi_albert perturbation=edge_addition_deletion alpha=0.1 seed=3 workflow=netlsd_spectral_signatures status=failed
2026-06-05 19:02:36,188 INFO row_complete 1944/2640 dataset=barabasi_albert perturbation=edge_addition_deletion alpha=0.1 seed=3 workflow=diversity_curves_l2 status=success
2026-06-05 19:02:41,296 INFO row_complete 1945/2640 dataset=barabasi_albert perturbation=edge_addition_deletion alpha=0.2 seed=3 workflow=structural_statistics_mmd status=success
2026-06-05 19:02:41,298 INFO row_complete 1946/2640 dataset=barabasi_albert perturbation=edge_addition_deletion alpha=0.2 seed=3 workflow=wl_subtree_kernel_mmd status=success
2026-06-05 19:02:41,299 INFO row_complete 1947/2640 dataset=barabasi_albert perturbation=edge_addition_deletion alpha=0.2 seed=3 workflow=netlsd_spectral_signatures status=failed
2026-06-05 19:02:41,300 INFO row_complete 1948/2640 dataset=barabasi_albert perturbation=edge_addition_deletion alpha=0.2 seed=3 workflow=diversity_curves_l2 status=success
2026-06-05 19:02:46,315 INFO row_complete 1949/2640 dataset=barabasi_albert perturbation=edge_addition_deletion alpha=0.3 seed=3 workflow=structural_statistics_mmd status=success
2026-06-05 19:02:46,317 INFO row_complete 1950/2640 dataset=barabasi_albert perturbation=edge_addition_deletion alpha=0.3 seed=3 workflow=wl_subtree_kernel_mmd status=success
2026-06-05 19:02:46,318 INFO row_complete 1951/2640 dataset=barabasi_albert perturbation=edge_addition_deletion alpha=0.3 seed=3 workflow=netlsd_spectral_signatures status=failed
2026-06-05 19:02:46,319 INFO row_complete 1952/2640 dataset=barabasi_albert perturbation=edge_addition_deletion alpha=0.3 seed=3 workflow=diversity_curves_l2 status=success
2026-06-05 19:02:51,447 INFO row_complete 1953/2640 dataset=barabasi_albert perturbation=edge_addition_deletion alpha=0.4 seed=3 workflow=structural_statistics_mmd status=success
2026-06-05 19:02:51,448 INFO row_complete 1954/2640 dataset=barabasi_albert perturbation=edge_addition_deletion alpha=0.4 seed=3 workflow=wl_subtree_kernel_mmd status=success
2026-06-05 19:02:51,449 INFO row_complete 1955/2640 dataset=barabasi_albert perturbation=edge_addition_deletion alpha=0.4 seed=3 workflow=netlsd_spectral_signatures status=failed
2026-06-05 19:02:51,451 INFO row_complete 1956/2640 dataset=barabasi_albert perturbation=edge_addition_deletion alpha=0.4 seed=3 workflow=diversity_curves_l2 status=success
2026-06-05 19:02:56,575 INFO row_complete 1957/2640 dataset=barabasi_albert perturbation=edge_addition_deletion alpha=0.5 seed=3 workflow=structural_statistics_mmd status=success
2026-06-05 19:02:56,576 INFO row_complete 1958/2640 dataset=barabasi_albert perturbation=edge_addition_deletion alpha=0.5 seed=3 workflow=wl_subtree_kernel_mmd status=success
2026-06-05 19:02:56,577 INFO row_complete 1959/2640 dataset=barabasi_albert perturbation=edge_addition_deletion alpha=0.5 seed=3 workflow=netlsd_spectral_signatures status=failed
2026-06-05 19:02:56,578 INFO row_complete 1960/2640 dataset=barabasi_albert perturbation=edge_addition_deletion alpha=0.5 seed=3 workflow=diversity_curves_l2 status=success
2026-06-05 19:03:01,956 INFO row_complete 1961/2640 dataset=barabasi_albert perturbation=edge_addition_deletion alpha=0.6 seed=3 workflow=structural_statistics_mmd status=success
2026-06-05 19:03:01,957 INFO row_complete 1962/2640 dataset=barabasi_albert perturbation=edge_addition_deletion alpha=0.6 seed=3 workflow=wl_subtree_kernel_mmd status=success
2026-06-05 19:03:01,958 INFO row_complete 1963/2640 dataset=barabasi_albert perturbation=edge_addition_deletion alpha=0.6 seed=3 workflow=netlsd_spectral_signatures status=failed
2026-06-05 19:03:01,960 INFO row_complete 1964/2640 dataset=barabasi_albert perturbation=edge_addition_deletion alpha=0.6 seed=3 workflow=diversity_curves_l2 status=success
2026-06-05 19:03:07,126 INFO row_complete 1965/2640 dataset=barabasi_albert perturbation=edge_addition_deletion alpha=0.7 seed=3 workflow=structural_statistics_mmd status=success
2026-06-05 19:03:07,127 INFO row_complete 1966/2640 dataset=barabasi_albert perturbation=edge_addition_deletion alpha=0.7 seed=3 workflow=wl_subtree_kernel_mmd status=success
2026-06-05 19:03:07,128 INFO row_complete 1967/2640 dataset=barabasi_albert perturbation=edge_addition_deletion alpha=0.7 seed=3 workflow=netlsd_spectral_signatures status=failed
2026-06-05 19:03:07,130 INFO row_complete 1968/2640 dataset=barabasi_albert perturbation=edge_addition_deletion alpha=0.7 seed=3 workflow=diversity_curves_l2 status=success
2026-06-05 19:03:12,378 INFO row_complete 1969/2640 dataset=barabasi_albert perturbation=edge_addition_deletion alpha=0.8 seed=3 workflow=structural_statistics_mmd status=success
2026-06-05 19:03:12,379 INFO row_complete 1970/2640 dataset=barabasi_albert perturbation=edge_addition_deletion alpha=0.8 seed=3 workflow=wl_subtree_kernel_mmd status=success
2026-06-05 19:03:12,380 INFO row_complete 1971/2640 dataset=barabasi_albert perturbation=edge_addition_deletion alpha=0.8 seed=3 workflow=netlsd_spectral_signatures status=failed
2026-06-05 19:03:12,381 INFO row_complete 1972/2640 dataset=barabasi_albert perturbation=edge_addition_deletion alpha=0.8 seed=3 workflow=diversity_curves_l2 status=success
2026-06-05 19:03:17,607 INFO row_complete 1973/2640 dataset=barabasi_albert perturbation=edge_addition_deletion alpha=0.9 seed=3 workflow=structural_statistics_mmd status=success
2026-06-05 19:03:17,608 INFO row_complete 1974/2640 dataset=barabasi_albert perturbation=edge_addition_deletion alpha=0.9 seed=3 workflow=wl_subtree_kernel_mmd status=success
2026-06-05 19:03:17,609 INFO row_complete 1975/2640 dataset=barabasi_albert perturbation=edge_addition_deletion alpha=0.9 seed=3 workflow=netlsd_spectral_signatures status=failed
2026-06-05 19:03:17,610 INFO row_complete 1976/2640 dataset=barabasi_albert perturbation=edge_addition_deletion alpha=0.9 seed=3 workflow=diversity_curves_l2 status=success
2026-06-05 19:03:22,815 INFO row_complete 1977/2640 dataset=barabasi_albert perturbation=edge_addition_deletion alpha=1.0 seed=3 workflow=structural_statistics_mmd status=success
2026-06-05 19:03:22,816 INFO row_complete 1978/2640 dataset=barabasi_albert perturbation=edge_addition_deletion alpha=1.0 seed=3 workflow=wl_subtree_kernel_mmd status=success
2026-06-05 19:03:22,817 INFO row_complete 1979/2640 dataset=barabasi_albert perturbation=edge_addition_deletion alpha=1.0 seed=3 workflow=netlsd_spectral_signatures status=failed
2026-06-05 19:03:22,818 INFO row_complete 1980/2640 dataset=barabasi_albert perturbation=edge_addition_deletion alpha=1.0 seed=3 workflow=diversity_curves_l2 status=success
2026-06-05 19:03:27,880 INFO row_complete 1981/2640 dataset=barabasi_albert perturbation=triangle_injection_removal alpha=0.0 seed=3 workflow=structural_statistics_mmd status=success
2026-06-05 19:03:27,882 INFO row_complete 1982/2640 dataset=barabasi_albert perturbation=triangle_injection_removal alpha=0.0 seed=3 workflow=wl_subtree_kernel_mmd status=success
2026-06-05 19:03:27,883 INFO row_complete 1983/2640 dataset=barabasi_albert perturbation=triangle_injection_removal alpha=0.0 seed=3 workflow=netlsd_spectral_signatures status=failed
2026-06-05 19:03:27,884 INFO row_complete 1984/2640 dataset=barabasi_albert perturbation=triangle_injection_removal alpha=0.0 seed=3 workflow=diversity_curves_l2 status=success
2026-06-05 19:03:33,617 INFO row_complete 1985/2640 dataset=barabasi_albert perturbation=triangle_injection_removal alpha=0.1 seed=3 workflow=structural_statistics_mmd status=success
2026-06-05 19:03:33,619 INFO row_complete 1986/2640 dataset=barabasi_albert perturbation=triangle_injection_removal alpha=0.1 seed=3 workflow=wl_subtree_kernel_mmd status=success
2026-06-05 19:03:33,620 INFO row_complete 1987/2640 dataset=barabasi_albert perturbation=triangle_injection_removal alpha=0.1 seed=3 workflow=netlsd_spectral_signatures status=failed
2026-06-05 19:03:33,621 INFO row_complete 1988/2640 dataset=barabasi_albert perturbation=triangle_injection_removal alpha=0.1 seed=3 workflow=diversity_curves_l2 status=success
2026-06-05 19:03:39,493 INFO row_complete 1989/2640 dataset=barabasi_albert perturbation=triangle_injection_removal alpha=0.2 seed=3 workflow=structural_statistics_mmd status=success
2026-06-05 19:03:39,494 INFO row_complete 1990/2640 dataset=barabasi_albert perturbation=triangle_injection_removal alpha=0.2 seed=3 workflow=wl_subtree_kernel_mmd status=success
2026-06-05 19:03:39,495 INFO row_complete 1991/2640 dataset=barabasi_albert perturbation=triangle_injection_removal alpha=0.2 seed=3 workflow=netlsd_spectral_signatures status=failed
2026-06-05 19:03:39,496 INFO row_complete 1992/2640 dataset=barabasi_albert perturbation=triangle_injection_removal alpha=0.2 seed=3 workflow=diversity_curves_l2 status=success
2026-06-05 19:03:45,186 INFO row_complete 1993/2640 dataset=barabasi_albert perturbation=triangle_injection_removal alpha=0.3 seed=3 workflow=structural_statistics_mmd status=success
2026-06-05 19:03:45,187 INFO row_complete 1994/2640 dataset=barabasi_albert perturbation=triangle_injection_removal alpha=0.3 seed=3 workflow=wl_subtree_kernel_mmd status=success
2026-06-05 19:03:45,189 INFO row_complete 1995/2640 dataset=barabasi_albert perturbation=triangle_injection_removal alpha=0.3 seed=3 workflow=netlsd_spectral_signatures status=failed
2026-06-05 19:03:45,190 INFO row_complete 1996/2640 dataset=barabasi_albert perturbation=triangle_injection_removal alpha=0.3 seed=3 workflow=diversity_curves_l2 status=success
2026-06-05 19:03:50,922 INFO row_complete 1997/2640 dataset=barabasi_albert perturbation=triangle_injection_removal alpha=0.4 seed=3 workflow=structural_statistics_mmd status=success
2026-06-05 19:03:50,923 INFO row_complete 1998/2640 dataset=barabasi_albert perturbation=triangle_injection_removal alpha=0.4 seed=3 workflow=wl_subtree_kernel_mmd status=success
2026-06-05 19:03:50,924 INFO row_complete 1999/2640 dataset=barabasi_albert perturbation=triangle_injection_removal alpha=0.4 seed=3 workflow=netlsd_spectral_signatures status=failed
2026-06-05 19:03:50,926 INFO row_complete 2000/2640 dataset=barabasi_albert perturbation=triangle_injection_removal alpha=0.4 seed=3 workflow=diversity_curves_l2 status=success
2026-06-05 19:03:56,647 INFO row_complete 2001/2640 dataset=barabasi_albert perturbation=triangle_injection_removal alpha=0.5 seed=3 workflow=structural_statistics_mmd status=success
2026-06-05 19:03:56,648 INFO row_complete 2002/2640 dataset=barabasi_albert perturbation=triangle_injection_removal alpha=0.5 seed=3 workflow=wl_subtree_kernel_mmd status=success
2026-06-05 19:03:56,649 INFO row_complete 2003/2640 dataset=barabasi_albert perturbation=triangle_injection_removal alpha=0.5 seed=3 workflow=netlsd_spectral_signatures status=failed
2026-06-05 19:03:56,651 INFO row_complete 2004/2640 dataset=barabasi_albert perturbation=triangle_injection_removal alpha=0.5 seed=3 workflow=diversity_curves_l2 status=success
2026-06-05 19:04:02,376 INFO row_complete 2005/2640 dataset=barabasi_albert perturbation=triangle_injection_removal alpha=0.6 seed=3 workflow=structural_statistics_mmd status=success
2026-06-05 19:04:02,377 INFO row_complete 2006/2640 dataset=barabasi_albert perturbation=triangle_injection_removal alpha=0.6 seed=3 workflow=wl_subtree_kernel_mmd status=success
2026-06-05 19:04:02,378 INFO row_complete 2007/2640 dataset=barabasi_albert perturbation=triangle_injection_removal alpha=0.6 seed=3 workflow=netlsd_spectral_signatures status=failed
2026-06-05 19:04:02,380 INFO row_complete 2008/2640 dataset=barabasi_albert perturbation=triangle_injection_removal alpha=0.6 seed=3 workflow=diversity_curves_l2 status=success
2026-06-05 19:04:08,153 INFO row_complete 2009/2640 dataset=barabasi_albert perturbation=triangle_injection_removal alpha=0.7 seed=3 workflow=structural_statistics_mmd status=success
2026-06-05 19:04:08,154 INFO row_complete 2010/2640 dataset=barabasi_albert perturbation=triangle_injection_removal alpha=0.7 seed=3 workflow=wl_subtree_kernel_mmd status=success
2026-06-05 19:04:08,155 INFO row_complete 2011/2640 dataset=barabasi_albert perturbation=triangle_injection_removal alpha=0.7 seed=3 workflow=netlsd_spectral_signatures status=failed
2026-06-05 19:04:08,156 INFO row_complete 2012/2640 dataset=barabasi_albert perturbation=triangle_injection_removal alpha=0.7 seed=3 workflow=diversity_curves_l2 status=success
2026-06-05 19:04:13,701 INFO row_complete 2013/2640 dataset=barabasi_albert perturbation=triangle_injection_removal alpha=0.8 seed=3 workflow=structural_statistics_mmd status=success
2026-06-05 19:04:13,703 INFO row_complete 2014/2640 dataset=barabasi_albert perturbation=triangle_injection_removal alpha=0.8 seed=3 workflow=wl_subtree_kernel_mmd status=success
2026-06-05 19:04:13,704 INFO row_complete 2015/2640 dataset=barabasi_albert perturbation=triangle_injection_removal alpha=0.8 seed=3 workflow=netlsd_spectral_signatures status=failed
2026-06-05 19:04:13,705 INFO row_complete 2016/2640 dataset=barabasi_albert perturbation=triangle_injection_removal alpha=0.8 seed=3 workflow=diversity_curves_l2 status=success
2026-06-05 19:04:19,387 INFO row_complete 2017/2640 dataset=barabasi_albert perturbation=triangle_injection_removal alpha=0.9 seed=3 workflow=structural_statistics_mmd status=success
2026-06-05 19:04:19,388 INFO row_complete 2018/2640 dataset=barabasi_albert perturbation=triangle_injection_removal alpha=0.9 seed=3 workflow=wl_subtree_kernel_mmd status=success
2026-06-05 19:04:19,389 INFO row_complete 2019/2640 dataset=barabasi_albert perturbation=triangle_injection_removal alpha=0.9 seed=3 workflow=netlsd_spectral_signatures status=failed
2026-06-05 19:04:19,390 INFO row_complete 2020/2640 dataset=barabasi_albert perturbation=triangle_injection_removal alpha=0.9 seed=3 workflow=diversity_curves_l2 status=success
2026-06-05 19:04:25,016 INFO row_complete 2021/2640 dataset=barabasi_albert perturbation=triangle_injection_removal alpha=1.0 seed=3 workflow=structural_statistics_mmd status=success
2026-06-05 19:04:25,017 INFO row_complete 2022/2640 dataset=barabasi_albert perturbation=triangle_injection_removal alpha=1.0 seed=3 workflow=wl_subtree_kernel_mmd status=success
2026-06-05 19:04:25,018 INFO row_complete 2023/2640 dataset=barabasi_albert perturbation=triangle_injection_removal alpha=1.0 seed=3 workflow=netlsd_spectral_signatures status=failed
2026-06-05 19:04:25,019 INFO row_complete 2024/2640 dataset=barabasi_albert perturbation=triangle_injection_removal alpha=1.0 seed=3 workflow=diversity_curves_l2 status=success
2026-06-05 19:04:25,043 INFO row_complete 2025/2640 dataset=barabasi_albert perturbation=community_weakening alpha=0.0 seed=3 workflow=structural_statistics_mmd status=skipped
2026-06-05 19:04:25,044 INFO row_complete 2026/2640 dataset=barabasi_albert perturbation=community_weakening alpha=0.0 seed=3 workflow=wl_subtree_kernel_mmd status=skipped
2026-06-05 19:04:25,045 INFO row_complete 2027/2640 dataset=barabasi_albert perturbation=community_weakening alpha=0.0 seed=3 workflow=netlsd_spectral_signatures status=skipped
2026-06-05 19:04:25,046 INFO row_complete 2028/2640 dataset=barabasi_albert perturbation=community_weakening alpha=0.0 seed=3 workflow=diversity_curves_l2 status=skipped
2026-06-05 19:04:25,068 INFO row_complete 2029/2640 dataset=barabasi_albert perturbation=community_weakening alpha=0.1 seed=3 workflow=structural_statistics_mmd status=skipped
2026-06-05 19:04:25,069 INFO row_complete 2030/2640 dataset=barabasi_albert perturbation=community_weakening alpha=0.1 seed=3 workflow=wl_subtree_kernel_mmd status=skipped
2026-06-05 19:04:25,070 INFO row_complete 2031/2640 dataset=barabasi_albert perturbation=community_weakening alpha=0.1 seed=3 workflow=netlsd_spectral_signatures status=skipped
2026-06-05 19:04:25,072 INFO row_complete 2032/2640 dataset=barabasi_albert perturbation=community_weakening alpha=0.1 seed=3 workflow=diversity_curves_l2 status=skipped
2026-06-05 19:04:25,096 INFO row_complete 2033/2640 dataset=barabasi_albert perturbation=community_weakening alpha=0.2 seed=3 workflow=structural_statistics_mmd status=skipped
2026-06-05 19:04:25,098 INFO row_complete 2034/2640 dataset=barabasi_albert perturbation=community_weakening alpha=0.2 seed=3 workflow=wl_subtree_kernel_mmd status=skipped
2026-06-05 19:04:25,099 INFO row_complete 2035/2640 dataset=barabasi_albert perturbation=community_weakening alpha=0.2 seed=3 workflow=netlsd_spectral_signatures status=skipped
2026-06-05 19:04:25,100 INFO row_complete 2036/2640 dataset=barabasi_albert perturbation=community_weakening alpha=0.2 seed=3 workflow=diversity_curves_l2 status=skipped
2026-06-05 19:04:25,131 INFO row_complete 2037/2640 dataset=barabasi_albert perturbation=community_weakening alpha=0.3 seed=3 workflow=structural_statistics_mmd status=skipped
2026-06-05 19:04:25,132 INFO row_complete 2038/2640 dataset=barabasi_albert perturbation=community_weakening alpha=0.3 seed=3 workflow=wl_subtree_kernel_mmd status=skipped
2026-06-05 19:04:25,133 INFO row_complete 2039/2640 dataset=barabasi_albert perturbation=community_weakening alpha=0.3 seed=3 workflow=netlsd_spectral_signatures status=skipped
2026-06-05 19:04:25,135 INFO row_complete 2040/2640 dataset=barabasi_albert perturbation=community_weakening alpha=0.3 seed=3 workflow=diversity_curves_l2 status=skipped
2026-06-05 19:04:25,157 INFO row_complete 2041/2640 dataset=barabasi_albert perturbation=community_weakening alpha=0.4 seed=3 workflow=structural_statistics_mmd status=skipped
2026-06-05 19:04:25,159 INFO row_complete 2042/2640 dataset=barabasi_albert perturbation=community_weakening alpha=0.4 seed=3 workflow=wl_subtree_kernel_mmd status=skipped
2026-06-05 19:04:25,160 INFO row_complete 2043/2640 dataset=barabasi_albert perturbation=community_weakening alpha=0.4 seed=3 workflow=netlsd_spectral_signatures status=skipped
2026-06-05 19:04:25,160 INFO row_complete 2044/2640 dataset=barabasi_albert perturbation=community_weakening alpha=0.4 seed=3 workflow=diversity_curves_l2 status=skipped
2026-06-05 19:04:25,245 INFO row_complete 2045/2640 dataset=barabasi_albert perturbation=community_weakening alpha=0.5 seed=3 workflow=structural_statistics_mmd status=skipped
2026-06-05 19:04:25,246 INFO row_complete 2046/2640 dataset=barabasi_albert perturbation=community_weakening alpha=0.5 seed=3 workflow=wl_subtree_kernel_mmd status=skipped
2026-06-05 19:04:25,247 INFO row_complete 2047/2640 dataset=barabasi_albert perturbation=community_weakening alpha=0.5 seed=3 workflow=netlsd_spectral_signatures status=skipped
2026-06-05 19:04:25,248 INFO row_complete 2048/2640 dataset=barabasi_albert perturbation=community_weakening alpha=0.5 seed=3 workflow=diversity_curves_l2 status=skipped
2026-06-05 19:04:25,270 INFO row_complete 2049/2640 dataset=barabasi_albert perturbation=community_weakening alpha=0.6 seed=3 workflow=structural_statistics_mmd status=skipped
2026-06-05 19:04:25,271 INFO row_complete 2050/2640 dataset=barabasi_albert perturbation=community_weakening alpha=0.6 seed=3 workflow=wl_subtree_kernel_mmd status=skipped
2026-06-05 19:04:25,273 INFO row_complete 2051/2640 dataset=barabasi_albert perturbation=community_weakening alpha=0.6 seed=3 workflow=netlsd_spectral_signatures status=skipped
2026-06-05 19:04:25,274 INFO row_complete 2052/2640 dataset=barabasi_albert perturbation=community_weakening alpha=0.6 seed=3 workflow=diversity_curves_l2 status=skipped
2026-06-05 19:04:25,296 INFO row_complete 2053/2640 dataset=barabasi_albert perturbation=community_weakening alpha=0.7 seed=3 workflow=structural_statistics_mmd status=skipped
2026-06-05 19:04:25,298 INFO row_complete 2054/2640 dataset=barabasi_albert perturbation=community_weakening alpha=0.7 seed=3 workflow=wl_subtree_kernel_mmd status=skipped
2026-06-05 19:04:25,299 INFO row_complete 2055/2640 dataset=barabasi_albert perturbation=community_weakening alpha=0.7 seed=3 workflow=netlsd_spectral_signatures status=skipped
2026-06-05 19:04:25,300 INFO row_complete 2056/2640 dataset=barabasi_albert perturbation=community_weakening alpha=0.7 seed=3 workflow=diversity_curves_l2 status=skipped
2026-06-05 19:04:25,322 INFO row_complete 2057/2640 dataset=barabasi_albert perturbation=community_weakening alpha=0.8 seed=3 workflow=structural_statistics_mmd status=skipped
2026-06-05 19:04:25,324 INFO row_complete 2058/2640 dataset=barabasi_albert perturbation=community_weakening alpha=0.8 seed=3 workflow=wl_subtree_kernel_mmd status=skipped
2026-06-05 19:04:25,325 INFO row_complete 2059/2640 dataset=barabasi_albert perturbation=community_weakening alpha=0.8 seed=3 workflow=netlsd_spectral_signatures status=skipped
2026-06-05 19:04:25,326 INFO row_complete 2060/2640 dataset=barabasi_albert perturbation=community_weakening alpha=0.8 seed=3 workflow=diversity_curves_l2 status=skipped
2026-06-05 19:04:25,348 INFO row_complete 2061/2640 dataset=barabasi_albert perturbation=community_weakening alpha=0.9 seed=3 workflow=structural_statistics_mmd status=skipped
2026-06-05 19:04:25,349 INFO row_complete 2062/2640 dataset=barabasi_albert perturbation=community_weakening alpha=0.9 seed=3 workflow=wl_subtree_kernel_mmd status=skipped
2026-06-05 19:04:25,350 INFO row_complete 2063/2640 dataset=barabasi_albert perturbation=community_weakening alpha=0.9 seed=3 workflow=netlsd_spectral_signatures status=skipped
2026-06-05 19:04:25,352 INFO row_complete 2064/2640 dataset=barabasi_albert perturbation=community_weakening alpha=0.9 seed=3 workflow=diversity_curves_l2 status=skipped
2026-06-05 19:04:25,374 INFO row_complete 2065/2640 dataset=barabasi_albert perturbation=community_weakening alpha=1.0 seed=3 workflow=structural_statistics_mmd status=skipped
2026-06-05 19:04:25,375 INFO row_complete 2066/2640 dataset=barabasi_albert perturbation=community_weakening alpha=1.0 seed=3 workflow=wl_subtree_kernel_mmd status=skipped
2026-06-05 19:04:25,376 INFO row_complete 2067/2640 dataset=barabasi_albert perturbation=community_weakening alpha=1.0 seed=3 workflow=netlsd_spectral_signatures status=skipped
2026-06-05 19:04:25,377 INFO row_complete 2068/2640 dataset=barabasi_albert perturbation=community_weakening alpha=1.0 seed=3 workflow=diversity_curves_l2 status=skipped
2026-06-05 19:04:30,500 INFO row_complete 2069/2640 dataset=barabasi_albert perturbation=hub_modification alpha=0.0 seed=3 workflow=structural_statistics_mmd status=success
2026-06-05 19:04:30,502 INFO row_complete 2070/2640 dataset=barabasi_albert perturbation=hub_modification alpha=0.0 seed=3 workflow=wl_subtree_kernel_mmd status=success
2026-06-05 19:04:30,503 INFO row_complete 2071/2640 dataset=barabasi_albert perturbation=hub_modification alpha=0.0 seed=3 workflow=netlsd_spectral_signatures status=failed
2026-06-05 19:04:30,504 INFO row_complete 2072/2640 dataset=barabasi_albert perturbation=hub_modification alpha=0.0 seed=3 workflow=diversity_curves_l2 status=success
2026-06-05 19:04:35,616 INFO row_complete 2073/2640 dataset=barabasi_albert perturbation=hub_modification alpha=0.1 seed=3 workflow=structural_statistics_mmd status=success
2026-06-05 19:04:35,617 INFO row_complete 2074/2640 dataset=barabasi_albert perturbation=hub_modification alpha=0.1 seed=3 workflow=wl_subtree_kernel_mmd status=success
2026-06-05 19:04:35,619 INFO row_complete 2075/2640 dataset=barabasi_albert perturbation=hub_modification alpha=0.1 seed=3 workflow=netlsd_spectral_signatures status=failed
2026-06-05 19:04:35,620 INFO row_complete 2076/2640 dataset=barabasi_albert perturbation=hub_modification alpha=0.1 seed=3 workflow=diversity_curves_l2 status=success
2026-06-05 19:04:40,919 INFO row_complete 2077/2640 dataset=barabasi_albert perturbation=hub_modification alpha=0.2 seed=3 workflow=structural_statistics_mmd status=success
2026-06-05 19:04:40,920 INFO row_complete 2078/2640 dataset=barabasi_albert perturbation=hub_modification alpha=0.2 seed=3 workflow=wl_subtree_kernel_mmd status=success
2026-06-05 19:04:40,921 INFO row_complete 2079/2640 dataset=barabasi_albert perturbation=hub_modification alpha=0.2 seed=3 workflow=netlsd_spectral_signatures status=failed
2026-06-05 19:04:40,923 INFO row_complete 2080/2640 dataset=barabasi_albert perturbation=hub_modification alpha=0.2 seed=3 workflow=diversity_curves_l2 status=success
2026-06-05 19:04:46,184 INFO row_complete 2081/2640 dataset=barabasi_albert perturbation=hub_modification alpha=0.3 seed=3 workflow=structural_statistics_mmd status=success
2026-06-05 19:04:46,186 INFO row_complete 2082/2640 dataset=barabasi_albert perturbation=hub_modification alpha=0.3 seed=3 workflow=wl_subtree_kernel_mmd status=success
2026-06-05 19:04:46,187 INFO row_complete 2083/2640 dataset=barabasi_albert perturbation=hub_modification alpha=0.3 seed=3 workflow=netlsd_spectral_signatures status=failed
2026-06-05 19:04:46,188 INFO row_complete 2084/2640 dataset=barabasi_albert perturbation=hub_modification alpha=0.3 seed=3 workflow=diversity_curves_l2 status=success
2026-06-05 19:04:51,405 INFO row_complete 2085/2640 dataset=barabasi_albert perturbation=hub_modification alpha=0.4 seed=3 workflow=structural_statistics_mmd status=success
2026-06-05 19:04:51,406 INFO row_complete 2086/2640 dataset=barabasi_albert perturbation=hub_modification alpha=0.4 seed=3 workflow=wl_subtree_kernel_mmd status=success
2026-06-05 19:04:51,407 INFO row_complete 2087/2640 dataset=barabasi_albert perturbation=hub_modification alpha=0.4 seed=3 workflow=netlsd_spectral_signatures status=failed
2026-06-05 19:04:51,408 INFO row_complete 2088/2640 dataset=barabasi_albert perturbation=hub_modification alpha=0.4 seed=3 workflow=diversity_curves_l2 status=success
2026-06-05 19:04:56,554 INFO row_complete 2089/2640 dataset=barabasi_albert perturbation=hub_modification alpha=0.5 seed=3 workflow=structural_statistics_mmd status=success
2026-06-05 19:04:56,555 INFO row_complete 2090/2640 dataset=barabasi_albert perturbation=hub_modification alpha=0.5 seed=3 workflow=wl_subtree_kernel_mmd status=success
2026-06-05 19:04:56,556 INFO row_complete 2091/2640 dataset=barabasi_albert perturbation=hub_modification alpha=0.5 seed=3 workflow=netlsd_spectral_signatures status=failed
2026-06-05 19:04:56,557 INFO row_complete 2092/2640 dataset=barabasi_albert perturbation=hub_modification alpha=0.5 seed=3 workflow=diversity_curves_l2 status=success
2026-06-05 19:05:01,677 INFO row_complete 2093/2640 dataset=barabasi_albert perturbation=hub_modification alpha=0.6 seed=3 workflow=structural_statistics_mmd status=success
2026-06-05 19:05:01,678 INFO row_complete 2094/2640 dataset=barabasi_albert perturbation=hub_modification alpha=0.6 seed=3 workflow=wl_subtree_kernel_mmd status=success
2026-06-05 19:05:01,679 INFO row_complete 2095/2640 dataset=barabasi_albert perturbation=hub_modification alpha=0.6 seed=3 workflow=netlsd_spectral_signatures status=failed
2026-06-05 19:05:01,681 INFO row_complete 2096/2640 dataset=barabasi_albert perturbation=hub_modification alpha=0.6 seed=3 workflow=diversity_curves_l2 status=success
2026-06-05 19:05:06,842 INFO row_complete 2097/2640 dataset=barabasi_albert perturbation=hub_modification alpha=0.7 seed=3 workflow=structural_statistics_mmd status=success
2026-06-05 19:05:06,843 INFO row_complete 2098/2640 dataset=barabasi_albert perturbation=hub_modification alpha=0.7 seed=3 workflow=wl_subtree_kernel_mmd status=success
2026-06-05 19:05:06,845 INFO row_complete 2099/2640 dataset=barabasi_albert perturbation=hub_modification alpha=0.7 seed=3 workflow=netlsd_spectral_signatures status=failed
2026-06-05 19:05:06,846 INFO row_complete 2100/2640 dataset=barabasi_albert perturbation=hub_modification alpha=0.7 seed=3 workflow=diversity_curves_l2 status=success
2026-06-05 19:05:11,937 INFO row_complete 2101/2640 dataset=barabasi_albert perturbation=hub_modification alpha=0.8 seed=3 workflow=structural_statistics_mmd status=success
2026-06-05 19:05:11,938 INFO row_complete 2102/2640 dataset=barabasi_albert perturbation=hub_modification alpha=0.8 seed=3 workflow=wl_subtree_kernel_mmd status=success
2026-06-05 19:05:11,939 INFO row_complete 2103/2640 dataset=barabasi_albert perturbation=hub_modification alpha=0.8 seed=3 workflow=netlsd_spectral_signatures status=failed
2026-06-05 19:05:11,940 INFO row_complete 2104/2640 dataset=barabasi_albert perturbation=hub_modification alpha=0.8 seed=3 workflow=diversity_curves_l2 status=success
2026-06-05 19:05:17,038 INFO row_complete 2105/2640 dataset=barabasi_albert perturbation=hub_modification alpha=0.9 seed=3 workflow=structural_statistics_mmd status=success
2026-06-05 19:05:17,039 INFO row_complete 2106/2640 dataset=barabasi_albert perturbation=hub_modification alpha=0.9 seed=3 workflow=wl_subtree_kernel_mmd status=success
2026-06-05 19:05:17,040 INFO row_complete 2107/2640 dataset=barabasi_albert perturbation=hub_modification alpha=0.9 seed=3 workflow=netlsd_spectral_signatures status=failed
2026-06-05 19:05:17,041 INFO row_complete 2108/2640 dataset=barabasi_albert perturbation=hub_modification alpha=0.9 seed=3 workflow=diversity_curves_l2 status=success
2026-06-05 19:05:22,087 INFO row_complete 2109/2640 dataset=barabasi_albert perturbation=hub_modification alpha=1.0 seed=3 workflow=structural_statistics_mmd status=success
2026-06-05 19:05:22,089 INFO row_complete 2110/2640 dataset=barabasi_albert perturbation=hub_modification alpha=1.0 seed=3 workflow=wl_subtree_kernel_mmd status=success
2026-06-05 19:05:22,090 INFO row_complete 2111/2640 dataset=barabasi_albert perturbation=hub_modification alpha=1.0 seed=3 workflow=netlsd_spectral_signatures status=failed
2026-06-05 19:05:22,091 INFO row_complete 2112/2640 dataset=barabasi_albert perturbation=hub_modification alpha=1.0 seed=3 workflow=diversity_curves_l2 status=success
2026-06-05 19:05:27,586 INFO row_complete 2113/2640 dataset=erdos_renyi perturbation=edge_addition_deletion alpha=0.0 seed=4 workflow=structural_statistics_mmd status=success
2026-06-05 19:05:27,588 INFO row_complete 2114/2640 dataset=erdos_renyi perturbation=edge_addition_deletion alpha=0.0 seed=4 workflow=wl_subtree_kernel_mmd status=success
2026-06-05 19:05:27,589 INFO row_complete 2115/2640 dataset=erdos_renyi perturbation=edge_addition_deletion alpha=0.0 seed=4 workflow=netlsd_spectral_signatures status=failed
2026-06-05 19:05:27,590 INFO row_complete 2116/2640 dataset=erdos_renyi perturbation=edge_addition_deletion alpha=0.0 seed=4 workflow=diversity_curves_l2 status=success
2026-06-05 19:05:33,085 INFO row_complete 2117/2640 dataset=erdos_renyi perturbation=edge_addition_deletion alpha=0.1 seed=4 workflow=structural_statistics_mmd status=success
2026-06-05 19:05:33,086 INFO row_complete 2118/2640 dataset=erdos_renyi perturbation=edge_addition_deletion alpha=0.1 seed=4 workflow=wl_subtree_kernel_mmd status=success
2026-06-05 19:05:33,088 INFO row_complete 2119/2640 dataset=erdos_renyi perturbation=edge_addition_deletion alpha=0.1 seed=4 workflow=netlsd_spectral_signatures status=failed
2026-06-05 19:05:33,089 INFO row_complete 2120/2640 dataset=erdos_renyi perturbation=edge_addition_deletion alpha=0.1 seed=4 workflow=diversity_curves_l2 status=success
2026-06-05 19:05:38,495 INFO row_complete 2121/2640 dataset=erdos_renyi perturbation=edge_addition_deletion alpha=0.2 seed=4 workflow=structural_statistics_mmd status=success
2026-06-05 19:05:38,496 INFO row_complete 2122/2640 dataset=erdos_renyi perturbation=edge_addition_deletion alpha=0.2 seed=4 workflow=wl_subtree_kernel_mmd status=success
2026-06-05 19:05:38,497 INFO row_complete 2123/2640 dataset=erdos_renyi perturbation=edge_addition_deletion alpha=0.2 seed=4 workflow=netlsd_spectral_signatures status=failed
2026-06-05 19:05:38,498 INFO row_complete 2124/2640 dataset=erdos_renyi perturbation=edge_addition_deletion alpha=0.2 seed=4 workflow=diversity_curves_l2 status=success
2026-06-05 19:05:43,966 INFO row_complete 2125/2640 dataset=erdos_renyi perturbation=edge_addition_deletion alpha=0.3 seed=4 workflow=structural_statistics_mmd status=success
2026-06-05 19:05:43,967 INFO row_complete 2126/2640 dataset=erdos_renyi perturbation=edge_addition_deletion alpha=0.3 seed=4 workflow=wl_subtree_kernel_mmd status=success
2026-06-05 19:05:43,968 INFO row_complete 2127/2640 dataset=erdos_renyi perturbation=edge_addition_deletion alpha=0.3 seed=4 workflow=netlsd_spectral_signatures status=failed
2026-06-05 19:05:43,969 INFO row_complete 2128/2640 dataset=erdos_renyi perturbation=edge_addition_deletion alpha=0.3 seed=4 workflow=diversity_curves_l2 status=success
2026-06-05 19:05:49,371 INFO row_complete 2129/2640 dataset=erdos_renyi perturbation=edge_addition_deletion alpha=0.4 seed=4 workflow=structural_statistics_mmd status=success
2026-06-05 19:05:49,373 INFO row_complete 2130/2640 dataset=erdos_renyi perturbation=edge_addition_deletion alpha=0.4 seed=4 workflow=wl_subtree_kernel_mmd status=success
2026-06-05 19:05:49,374 INFO row_complete 2131/2640 dataset=erdos_renyi perturbation=edge_addition_deletion alpha=0.4 seed=4 workflow=netlsd_spectral_signatures status=failed
2026-06-05 19:05:49,375 INFO row_complete 2132/2640 dataset=erdos_renyi perturbation=edge_addition_deletion alpha=0.4 seed=4 workflow=diversity_curves_l2 status=success
2026-06-05 19:05:54,853 INFO row_complete 2133/2640 dataset=erdos_renyi perturbation=edge_addition_deletion alpha=0.5 seed=4 workflow=structural_statistics_mmd status=success
2026-06-05 19:05:54,854 INFO row_complete 2134/2640 dataset=erdos_renyi perturbation=edge_addition_deletion alpha=0.5 seed=4 workflow=wl_subtree_kernel_mmd status=success
2026-06-05 19:05:54,855 INFO row_complete 2135/2640 dataset=erdos_renyi perturbation=edge_addition_deletion alpha=0.5 seed=4 workflow=netlsd_spectral_signatures status=failed
2026-06-05 19:05:54,856 INFO row_complete 2136/2640 dataset=erdos_renyi perturbation=edge_addition_deletion alpha=0.5 seed=4 workflow=diversity_curves_l2 status=success
2026-06-05 19:06:00,327 INFO row_complete 2137/2640 dataset=erdos_renyi perturbation=edge_addition_deletion alpha=0.6 seed=4 workflow=structural_statistics_mmd status=success
2026-06-05 19:06:00,329 INFO row_complete 2138/2640 dataset=erdos_renyi perturbation=edge_addition_deletion alpha=0.6 seed=4 workflow=wl_subtree_kernel_mmd status=success
2026-06-05 19:06:00,330 INFO row_complete 2139/2640 dataset=erdos_renyi perturbation=edge_addition_deletion alpha=0.6 seed=4 workflow=netlsd_spectral_signatures status=failed
2026-06-05 19:06:00,331 INFO row_complete 2140/2640 dataset=erdos_renyi perturbation=edge_addition_deletion alpha=0.6 seed=4 workflow=diversity_curves_l2 status=success
2026-06-05 19:06:05,802 INFO row_complete 2141/2640 dataset=erdos_renyi perturbation=edge_addition_deletion alpha=0.7 seed=4 workflow=structural_statistics_mmd status=success
2026-06-05 19:06:05,803 INFO row_complete 2142/2640 dataset=erdos_renyi perturbation=edge_addition_deletion alpha=0.7 seed=4 workflow=wl_subtree_kernel_mmd status=success
2026-06-05 19:06:05,804 INFO row_complete 2143/2640 dataset=erdos_renyi perturbation=edge_addition_deletion alpha=0.7 seed=4 workflow=netlsd_spectral_signatures status=failed
2026-06-05 19:06:05,806 INFO row_complete 2144/2640 dataset=erdos_renyi perturbation=edge_addition_deletion alpha=0.7 seed=4 workflow=diversity_curves_l2 status=success
2026-06-05 19:06:11,264 INFO row_complete 2145/2640 dataset=erdos_renyi perturbation=edge_addition_deletion alpha=0.8 seed=4 workflow=structural_statistics_mmd status=success
2026-06-05 19:06:11,265 INFO row_complete 2146/2640 dataset=erdos_renyi perturbation=edge_addition_deletion alpha=0.8 seed=4 workflow=wl_subtree_kernel_mmd status=success
2026-06-05 19:06:11,267 INFO row_complete 2147/2640 dataset=erdos_renyi perturbation=edge_addition_deletion alpha=0.8 seed=4 workflow=netlsd_spectral_signatures status=failed
2026-06-05 19:06:11,268 INFO row_complete 2148/2640 dataset=erdos_renyi perturbation=edge_addition_deletion alpha=0.8 seed=4 workflow=diversity_curves_l2 status=success
2026-06-05 19:06:16,952 INFO row_complete 2149/2640 dataset=erdos_renyi perturbation=edge_addition_deletion alpha=0.9 seed=4 workflow=structural_statistics_mmd status=success
2026-06-05 19:06:16,953 INFO row_complete 2150/2640 dataset=erdos_renyi perturbation=edge_addition_deletion alpha=0.9 seed=4 workflow=wl_subtree_kernel_mmd status=success
2026-06-05 19:06:16,954 INFO row_complete 2151/2640 dataset=erdos_renyi perturbation=edge_addition_deletion alpha=0.9 seed=4 workflow=netlsd_spectral_signatures status=failed
2026-06-05 19:06:16,955 INFO row_complete 2152/2640 dataset=erdos_renyi perturbation=edge_addition_deletion alpha=0.9 seed=4 workflow=diversity_curves_l2 status=success
2026-06-05 19:06:22,492 INFO row_complete 2153/2640 dataset=erdos_renyi perturbation=edge_addition_deletion alpha=1.0 seed=4 workflow=structural_statistics_mmd status=success
2026-06-05 19:06:22,493 INFO row_complete 2154/2640 dataset=erdos_renyi perturbation=edge_addition_deletion alpha=1.0 seed=4 workflow=wl_subtree_kernel_mmd status=success
2026-06-05 19:06:22,494 INFO row_complete 2155/2640 dataset=erdos_renyi perturbation=edge_addition_deletion alpha=1.0 seed=4 workflow=netlsd_spectral_signatures status=failed
2026-06-05 19:06:22,496 INFO row_complete 2156/2640 dataset=erdos_renyi perturbation=edge_addition_deletion alpha=1.0 seed=4 workflow=diversity_curves_l2 status=success
2026-06-05 19:06:27,911 INFO row_complete 2157/2640 dataset=erdos_renyi perturbation=triangle_injection_removal alpha=0.0 seed=4 workflow=structural_statistics_mmd status=success
2026-06-05 19:06:27,913 INFO row_complete 2158/2640 dataset=erdos_renyi perturbation=triangle_injection_removal alpha=0.0 seed=4 workflow=wl_subtree_kernel_mmd status=success
2026-06-05 19:06:27,914 INFO row_complete 2159/2640 dataset=erdos_renyi perturbation=triangle_injection_removal alpha=0.0 seed=4 workflow=netlsd_spectral_signatures status=failed
2026-06-05 19:06:27,915 INFO row_complete 2160/2640 dataset=erdos_renyi perturbation=triangle_injection_removal alpha=0.0 seed=4 workflow=diversity_curves_l2 status=success
2026-06-05 19:06:33,877 INFO row_complete 2161/2640 dataset=erdos_renyi perturbation=triangle_injection_removal alpha=0.1 seed=4 workflow=structural_statistics_mmd status=success
2026-06-05 19:06:33,878 INFO row_complete 2162/2640 dataset=erdos_renyi perturbation=triangle_injection_removal alpha=0.1 seed=4 workflow=wl_subtree_kernel_mmd status=success
2026-06-05 19:06:33,879 INFO row_complete 2163/2640 dataset=erdos_renyi perturbation=triangle_injection_removal alpha=0.1 seed=4 workflow=netlsd_spectral_signatures status=failed
2026-06-05 19:06:33,880 INFO row_complete 2164/2640 dataset=erdos_renyi perturbation=triangle_injection_removal alpha=0.1 seed=4 workflow=diversity_curves_l2 status=success
2026-06-05 19:06:39,881 INFO row_complete 2165/2640 dataset=erdos_renyi perturbation=triangle_injection_removal alpha=0.2 seed=4 workflow=structural_statistics_mmd status=success
2026-06-05 19:06:39,882 INFO row_complete 2166/2640 dataset=erdos_renyi perturbation=triangle_injection_removal alpha=0.2 seed=4 workflow=wl_subtree_kernel_mmd status=success
2026-06-05 19:06:39,883 INFO row_complete 2167/2640 dataset=erdos_renyi perturbation=triangle_injection_removal alpha=0.2 seed=4 workflow=netlsd_spectral_signatures status=failed
2026-06-05 19:06:39,884 INFO row_complete 2168/2640 dataset=erdos_renyi perturbation=triangle_injection_removal alpha=0.2 seed=4 workflow=diversity_curves_l2 status=success
2026-06-05 19:06:45,848 INFO row_complete 2169/2640 dataset=erdos_renyi perturbation=triangle_injection_removal alpha=0.3 seed=4 workflow=structural_statistics_mmd status=success
2026-06-05 19:06:45,849 INFO row_complete 2170/2640 dataset=erdos_renyi perturbation=triangle_injection_removal alpha=0.3 seed=4 workflow=wl_subtree_kernel_mmd status=success
2026-06-05 19:06:45,850 INFO row_complete 2171/2640 dataset=erdos_renyi perturbation=triangle_injection_removal alpha=0.3 seed=4 workflow=netlsd_spectral_signatures status=failed
2026-06-05 19:06:45,851 INFO row_complete 2172/2640 dataset=erdos_renyi perturbation=triangle_injection_removal alpha=0.3 seed=4 workflow=diversity_curves_l2 status=success
2026-06-05 19:06:51,863 INFO row_complete 2173/2640 dataset=erdos_renyi perturbation=triangle_injection_removal alpha=0.4 seed=4 workflow=structural_statistics_mmd status=success
2026-06-05 19:06:51,865 INFO row_complete 2174/2640 dataset=erdos_renyi perturbation=triangle_injection_removal alpha=0.4 seed=4 workflow=wl_subtree_kernel_mmd status=success
2026-06-05 19:06:51,866 INFO row_complete 2175/2640 dataset=erdos_renyi perturbation=triangle_injection_removal alpha=0.4 seed=4 workflow=netlsd_spectral_signatures status=failed
2026-06-05 19:06:51,867 INFO row_complete 2176/2640 dataset=erdos_renyi perturbation=triangle_injection_removal alpha=0.4 seed=4 workflow=diversity_curves_l2 status=success
2026-06-05 19:06:58,141 INFO row_complete 2177/2640 dataset=erdos_renyi perturbation=triangle_injection_removal alpha=0.5 seed=4 workflow=structural_statistics_mmd status=success
2026-06-05 19:06:58,142 INFO row_complete 2178/2640 dataset=erdos_renyi perturbation=triangle_injection_removal alpha=0.5 seed=4 workflow=wl_subtree_kernel_mmd status=success
2026-06-05 19:06:58,143 INFO row_complete 2179/2640 dataset=erdos_renyi perturbation=triangle_injection_removal alpha=0.5 seed=4 workflow=netlsd_spectral_signatures status=failed
2026-06-05 19:06:58,144 INFO row_complete 2180/2640 dataset=erdos_renyi perturbation=triangle_injection_removal alpha=0.5 seed=4 workflow=diversity_curves_l2 status=success
2026-06-05 19:07:04,115 INFO row_complete 2181/2640 dataset=erdos_renyi perturbation=triangle_injection_removal alpha=0.6 seed=4 workflow=structural_statistics_mmd status=success
2026-06-05 19:07:04,116 INFO row_complete 2182/2640 dataset=erdos_renyi perturbation=triangle_injection_removal alpha=0.6 seed=4 workflow=wl_subtree_kernel_mmd status=success
2026-06-05 19:07:04,117 INFO row_complete 2183/2640 dataset=erdos_renyi perturbation=triangle_injection_removal alpha=0.6 seed=4 workflow=netlsd_spectral_signatures status=failed
2026-06-05 19:07:04,119 INFO row_complete 2184/2640 dataset=erdos_renyi perturbation=triangle_injection_removal alpha=0.6 seed=4 workflow=diversity_curves_l2 status=success
2026-06-05 19:07:10,200 INFO row_complete 2185/2640 dataset=erdos_renyi perturbation=triangle_injection_removal alpha=0.7 seed=4 workflow=structural_statistics_mmd status=success
2026-06-05 19:07:10,201 INFO row_complete 2186/2640 dataset=erdos_renyi perturbation=triangle_injection_removal alpha=0.7 seed=4 workflow=wl_subtree_kernel_mmd status=success
2026-06-05 19:07:10,202 INFO row_complete 2187/2640 dataset=erdos_renyi perturbation=triangle_injection_removal alpha=0.7 seed=4 workflow=netlsd_spectral_signatures status=failed
2026-06-05 19:07:10,204 INFO row_complete 2188/2640 dataset=erdos_renyi perturbation=triangle_injection_removal alpha=0.7 seed=4 workflow=diversity_curves_l2 status=success
2026-06-05 19:07:16,410 INFO row_complete 2189/2640 dataset=erdos_renyi perturbation=triangle_injection_removal alpha=0.8 seed=4 workflow=structural_statistics_mmd status=success
2026-06-05 19:07:16,411 INFO row_complete 2190/2640 dataset=erdos_renyi perturbation=triangle_injection_removal alpha=0.8 seed=4 workflow=wl_subtree_kernel_mmd status=success
2026-06-05 19:07:16,412 INFO row_complete 2191/2640 dataset=erdos_renyi perturbation=triangle_injection_removal alpha=0.8 seed=4 workflow=netlsd_spectral_signatures status=failed
2026-06-05 19:07:16,413 INFO row_complete 2192/2640 dataset=erdos_renyi perturbation=triangle_injection_removal alpha=0.8 seed=4 workflow=diversity_curves_l2 status=success
2026-06-05 19:07:22,653 INFO row_complete 2193/2640 dataset=erdos_renyi perturbation=triangle_injection_removal alpha=0.9 seed=4 workflow=structural_statistics_mmd status=success
2026-06-05 19:07:22,654 INFO row_complete 2194/2640 dataset=erdos_renyi perturbation=triangle_injection_removal alpha=0.9 seed=4 workflow=wl_subtree_kernel_mmd status=success
2026-06-05 19:07:22,655 INFO row_complete 2195/2640 dataset=erdos_renyi perturbation=triangle_injection_removal alpha=0.9 seed=4 workflow=netlsd_spectral_signatures status=failed
2026-06-05 19:07:22,657 INFO row_complete 2196/2640 dataset=erdos_renyi perturbation=triangle_injection_removal alpha=0.9 seed=4 workflow=diversity_curves_l2 status=success
2026-06-05 19:07:28,777 INFO row_complete 2197/2640 dataset=erdos_renyi perturbation=triangle_injection_removal alpha=1.0 seed=4 workflow=structural_statistics_mmd status=success
2026-06-05 19:07:28,779 INFO row_complete 2198/2640 dataset=erdos_renyi perturbation=triangle_injection_removal alpha=1.0 seed=4 workflow=wl_subtree_kernel_mmd status=success
2026-06-05 19:07:28,780 INFO row_complete 2199/2640 dataset=erdos_renyi perturbation=triangle_injection_removal alpha=1.0 seed=4 workflow=netlsd_spectral_signatures status=failed
2026-06-05 19:07:28,781 INFO row_complete 2200/2640 dataset=erdos_renyi perturbation=triangle_injection_removal alpha=1.0 seed=4 workflow=diversity_curves_l2 status=success
2026-06-05 19:07:28,815 INFO row_complete 2201/2640 dataset=erdos_renyi perturbation=community_weakening alpha=0.0 seed=4 workflow=structural_statistics_mmd status=skipped
2026-06-05 19:07:28,817 INFO row_complete 2202/2640 dataset=erdos_renyi perturbation=community_weakening alpha=0.0 seed=4 workflow=wl_subtree_kernel_mmd status=skipped
2026-06-05 19:07:28,818 INFO row_complete 2203/2640 dataset=erdos_renyi perturbation=community_weakening alpha=0.0 seed=4 workflow=netlsd_spectral_signatures status=skipped
2026-06-05 19:07:28,819 INFO row_complete 2204/2640 dataset=erdos_renyi perturbation=community_weakening alpha=0.0 seed=4 workflow=diversity_curves_l2 status=skipped
2026-06-05 19:07:28,852 INFO row_complete 2205/2640 dataset=erdos_renyi perturbation=community_weakening alpha=0.1 seed=4 workflow=structural_statistics_mmd status=skipped
2026-06-05 19:07:28,853 INFO row_complete 2206/2640 dataset=erdos_renyi perturbation=community_weakening alpha=0.1 seed=4 workflow=wl_subtree_kernel_mmd status=skipped
2026-06-05 19:07:28,854 INFO row_complete 2207/2640 dataset=erdos_renyi perturbation=community_weakening alpha=0.1 seed=4 workflow=netlsd_spectral_signatures status=skipped
2026-06-05 19:07:28,855 INFO row_complete 2208/2640 dataset=erdos_renyi perturbation=community_weakening alpha=0.1 seed=4 workflow=diversity_curves_l2 status=skipped
2026-06-05 19:07:28,891 INFO row_complete 2209/2640 dataset=erdos_renyi perturbation=community_weakening alpha=0.2 seed=4 workflow=structural_statistics_mmd status=skipped
2026-06-05 19:07:28,893 INFO row_complete 2210/2640 dataset=erdos_renyi perturbation=community_weakening alpha=0.2 seed=4 workflow=wl_subtree_kernel_mmd status=skipped
2026-06-05 19:07:28,894 INFO row_complete 2211/2640 dataset=erdos_renyi perturbation=community_weakening alpha=0.2 seed=4 workflow=netlsd_spectral_signatures status=skipped
2026-06-05 19:07:28,895 INFO row_complete 2212/2640 dataset=erdos_renyi perturbation=community_weakening alpha=0.2 seed=4 workflow=diversity_curves_l2 status=skipped
2026-06-05 19:07:28,934 INFO row_complete 2213/2640 dataset=erdos_renyi perturbation=community_weakening alpha=0.3 seed=4 workflow=structural_statistics_mmd status=skipped
2026-06-05 19:07:28,935 INFO row_complete 2214/2640 dataset=erdos_renyi perturbation=community_weakening alpha=0.3 seed=4 workflow=wl_subtree_kernel_mmd status=skipped
2026-06-05 19:07:28,936 INFO row_complete 2215/2640 dataset=erdos_renyi perturbation=community_weakening alpha=0.3 seed=4 workflow=netlsd_spectral_signatures status=skipped
2026-06-05 19:07:28,937 INFO row_complete 2216/2640 dataset=erdos_renyi perturbation=community_weakening alpha=0.3 seed=4 workflow=diversity_curves_l2 status=skipped
2026-06-05 19:07:28,972 INFO row_complete 2217/2640 dataset=erdos_renyi perturbation=community_weakening alpha=0.4 seed=4 workflow=structural_statistics_mmd status=skipped
2026-06-05 19:07:28,973 INFO row_complete 2218/2640 dataset=erdos_renyi perturbation=community_weakening alpha=0.4 seed=4 workflow=wl_subtree_kernel_mmd status=skipped
2026-06-05 19:07:28,974 INFO row_complete 2219/2640 dataset=erdos_renyi perturbation=community_weakening alpha=0.4 seed=4 workflow=netlsd_spectral_signatures status=skipped
2026-06-05 19:07:28,975 INFO row_complete 2220/2640 dataset=erdos_renyi perturbation=community_weakening alpha=0.4 seed=4 workflow=diversity_curves_l2 status=skipped
2026-06-05 19:07:29,074 INFO row_complete 2221/2640 dataset=erdos_renyi perturbation=community_weakening alpha=0.5 seed=4 workflow=structural_statistics_mmd status=skipped
2026-06-05 19:07:29,075 INFO row_complete 2222/2640 dataset=erdos_renyi perturbation=community_weakening alpha=0.5 seed=4 workflow=wl_subtree_kernel_mmd status=skipped
2026-06-05 19:07:29,076 INFO row_complete 2223/2640 dataset=erdos_renyi perturbation=community_weakening alpha=0.5 seed=4 workflow=netlsd_spectral_signatures status=skipped
2026-06-05 19:07:29,077 INFO row_complete 2224/2640 dataset=erdos_renyi perturbation=community_weakening alpha=0.5 seed=4 workflow=diversity_curves_l2 status=skipped
2026-06-05 19:07:29,113 INFO row_complete 2225/2640 dataset=erdos_renyi perturbation=community_weakening alpha=0.6 seed=4 workflow=structural_statistics_mmd status=skipped
2026-06-05 19:07:29,114 INFO row_complete 2226/2640 dataset=erdos_renyi perturbation=community_weakening alpha=0.6 seed=4 workflow=wl_subtree_kernel_mmd status=skipped
2026-06-05 19:07:29,115 INFO row_complete 2227/2640 dataset=erdos_renyi perturbation=community_weakening alpha=0.6 seed=4 workflow=netlsd_spectral_signatures status=skipped
2026-06-05 19:07:29,116 INFO row_complete 2228/2640 dataset=erdos_renyi perturbation=community_weakening alpha=0.6 seed=4 workflow=diversity_curves_l2 status=skipped
2026-06-05 19:07:29,154 INFO row_complete 2229/2640 dataset=erdos_renyi perturbation=community_weakening alpha=0.7 seed=4 workflow=structural_statistics_mmd status=skipped
2026-06-05 19:07:29,155 INFO row_complete 2230/2640 dataset=erdos_renyi perturbation=community_weakening alpha=0.7 seed=4 workflow=wl_subtree_kernel_mmd status=skipped
2026-06-05 19:07:29,156 INFO row_complete 2231/2640 dataset=erdos_renyi perturbation=community_weakening alpha=0.7 seed=4 workflow=netlsd_spectral_signatures status=skipped
2026-06-05 19:07:29,158 INFO row_complete 2232/2640 dataset=erdos_renyi perturbation=community_weakening alpha=0.7 seed=4 workflow=diversity_curves_l2 status=skipped
2026-06-05 19:07:29,193 INFO row_complete 2233/2640 dataset=erdos_renyi perturbation=community_weakening alpha=0.8 seed=4 workflow=structural_statistics_mmd status=skipped
2026-06-05 19:07:29,194 INFO row_complete 2234/2640 dataset=erdos_renyi perturbation=community_weakening alpha=0.8 seed=4 workflow=wl_subtree_kernel_mmd status=skipped
2026-06-05 19:07:29,195 INFO row_complete 2235/2640 dataset=erdos_renyi perturbation=community_weakening alpha=0.8 seed=4 workflow=netlsd_spectral_signatures status=skipped
2026-06-05 19:07:29,196 INFO row_complete 2236/2640 dataset=erdos_renyi perturbation=community_weakening alpha=0.8 seed=4 workflow=diversity_curves_l2 status=skipped
2026-06-05 19:07:29,231 INFO row_complete 2237/2640 dataset=erdos_renyi perturbation=community_weakening alpha=0.9 seed=4 workflow=structural_statistics_mmd status=skipped
2026-06-05 19:07:29,232 INFO row_complete 2238/2640 dataset=erdos_renyi perturbation=community_weakening alpha=0.9 seed=4 workflow=wl_subtree_kernel_mmd status=skipped
2026-06-05 19:07:29,233 INFO row_complete 2239/2640 dataset=erdos_renyi perturbation=community_weakening alpha=0.9 seed=4 workflow=netlsd_spectral_signatures status=skipped
2026-06-05 19:07:29,235 INFO row_complete 2240/2640 dataset=erdos_renyi perturbation=community_weakening alpha=0.9 seed=4 workflow=diversity_curves_l2 status=skipped
2026-06-05 19:07:29,270 INFO row_complete 2241/2640 dataset=erdos_renyi perturbation=community_weakening alpha=1.0 seed=4 workflow=structural_statistics_mmd status=skipped
2026-06-05 19:07:29,271 INFO row_complete 2242/2640 dataset=erdos_renyi perturbation=community_weakening alpha=1.0 seed=4 workflow=wl_subtree_kernel_mmd status=skipped
2026-06-05 19:07:29,272 INFO row_complete 2243/2640 dataset=erdos_renyi perturbation=community_weakening alpha=1.0 seed=4 workflow=netlsd_spectral_signatures status=skipped
2026-06-05 19:07:29,273 INFO row_complete 2244/2640 dataset=erdos_renyi perturbation=community_weakening alpha=1.0 seed=4 workflow=diversity_curves_l2 status=skipped
2026-06-05 19:07:34,693 INFO row_complete 2245/2640 dataset=erdos_renyi perturbation=hub_modification alpha=0.0 seed=4 workflow=structural_statistics_mmd status=success
2026-06-05 19:07:34,694 INFO row_complete 2246/2640 dataset=erdos_renyi perturbation=hub_modification alpha=0.0 seed=4 workflow=wl_subtree_kernel_mmd status=success
2026-06-05 19:07:34,695 INFO row_complete 2247/2640 dataset=erdos_renyi perturbation=hub_modification alpha=0.0 seed=4 workflow=netlsd_spectral_signatures status=failed
2026-06-05 19:07:34,697 INFO row_complete 2248/2640 dataset=erdos_renyi perturbation=hub_modification alpha=0.0 seed=4 workflow=diversity_curves_l2 status=success
2026-06-05 19:07:40,164 INFO row_complete 2249/2640 dataset=erdos_renyi perturbation=hub_modification alpha=0.1 seed=4 workflow=structural_statistics_mmd status=success
2026-06-05 19:07:40,166 INFO row_complete 2250/2640 dataset=erdos_renyi perturbation=hub_modification alpha=0.1 seed=4 workflow=wl_subtree_kernel_mmd status=success
2026-06-05 19:07:40,167 INFO row_complete 2251/2640 dataset=erdos_renyi perturbation=hub_modification alpha=0.1 seed=4 workflow=netlsd_spectral_signatures status=failed
2026-06-05 19:07:40,168 INFO row_complete 2252/2640 dataset=erdos_renyi perturbation=hub_modification alpha=0.1 seed=4 workflow=diversity_curves_l2 status=success
2026-06-05 19:07:45,632 INFO row_complete 2253/2640 dataset=erdos_renyi perturbation=hub_modification alpha=0.2 seed=4 workflow=structural_statistics_mmd status=success
2026-06-05 19:07:45,634 INFO row_complete 2254/2640 dataset=erdos_renyi perturbation=hub_modification alpha=0.2 seed=4 workflow=wl_subtree_kernel_mmd status=success
2026-06-05 19:07:45,634 INFO row_complete 2255/2640 dataset=erdos_renyi perturbation=hub_modification alpha=0.2 seed=4 workflow=netlsd_spectral_signatures status=failed
2026-06-05 19:07:45,635 INFO row_complete 2256/2640 dataset=erdos_renyi perturbation=hub_modification alpha=0.2 seed=4 workflow=diversity_curves_l2 status=success
2026-06-05 19:07:51,161 INFO row_complete 2257/2640 dataset=erdos_renyi perturbation=hub_modification alpha=0.3 seed=4 workflow=structural_statistics_mmd status=success
2026-06-05 19:07:51,162 INFO row_complete 2258/2640 dataset=erdos_renyi perturbation=hub_modification alpha=0.3 seed=4 workflow=wl_subtree_kernel_mmd status=success
2026-06-05 19:07:51,163 INFO row_complete 2259/2640 dataset=erdos_renyi perturbation=hub_modification alpha=0.3 seed=4 workflow=netlsd_spectral_signatures status=failed
2026-06-05 19:07:51,164 INFO row_complete 2260/2640 dataset=erdos_renyi perturbation=hub_modification alpha=0.3 seed=4 workflow=diversity_curves_l2 status=success
2026-06-05 19:07:56,580 INFO row_complete 2261/2640 dataset=erdos_renyi perturbation=hub_modification alpha=0.4 seed=4 workflow=structural_statistics_mmd status=success
2026-06-05 19:07:56,581 INFO row_complete 2262/2640 dataset=erdos_renyi perturbation=hub_modification alpha=0.4 seed=4 workflow=wl_subtree_kernel_mmd status=success
2026-06-05 19:07:56,582 INFO row_complete 2263/2640 dataset=erdos_renyi perturbation=hub_modification alpha=0.4 seed=4 workflow=netlsd_spectral_signatures status=failed
2026-06-05 19:07:56,583 INFO row_complete 2264/2640 dataset=erdos_renyi perturbation=hub_modification alpha=0.4 seed=4 workflow=diversity_curves_l2 status=success
2026-06-05 19:08:02,095 INFO row_complete 2265/2640 dataset=erdos_renyi perturbation=hub_modification alpha=0.5 seed=4 workflow=structural_statistics_mmd status=success
2026-06-05 19:08:02,096 INFO row_complete 2266/2640 dataset=erdos_renyi perturbation=hub_modification alpha=0.5 seed=4 workflow=wl_subtree_kernel_mmd status=success
2026-06-05 19:08:02,098 INFO row_complete 2267/2640 dataset=erdos_renyi perturbation=hub_modification alpha=0.5 seed=4 workflow=netlsd_spectral_signatures status=failed
2026-06-05 19:08:02,099 INFO row_complete 2268/2640 dataset=erdos_renyi perturbation=hub_modification alpha=0.5 seed=4 workflow=diversity_curves_l2 status=success
2026-06-05 19:08:07,745 INFO row_complete 2269/2640 dataset=erdos_renyi perturbation=hub_modification alpha=0.6 seed=4 workflow=structural_statistics_mmd status=success
2026-06-05 19:08:07,746 INFO row_complete 2270/2640 dataset=erdos_renyi perturbation=hub_modification alpha=0.6 seed=4 workflow=wl_subtree_kernel_mmd status=success
2026-06-05 19:08:07,747 INFO row_complete 2271/2640 dataset=erdos_renyi perturbation=hub_modification alpha=0.6 seed=4 workflow=netlsd_spectral_signatures status=failed
2026-06-05 19:08:07,749 INFO row_complete 2272/2640 dataset=erdos_renyi perturbation=hub_modification alpha=0.6 seed=4 workflow=diversity_curves_l2 status=success
2026-06-05 19:08:13,170 INFO row_complete 2273/2640 dataset=erdos_renyi perturbation=hub_modification alpha=0.7 seed=4 workflow=structural_statistics_mmd status=success
2026-06-05 19:08:13,172 INFO row_complete 2274/2640 dataset=erdos_renyi perturbation=hub_modification alpha=0.7 seed=4 workflow=wl_subtree_kernel_mmd status=success
2026-06-05 19:08:13,173 INFO row_complete 2275/2640 dataset=erdos_renyi perturbation=hub_modification alpha=0.7 seed=4 workflow=netlsd_spectral_signatures status=failed
2026-06-05 19:08:13,174 INFO row_complete 2276/2640 dataset=erdos_renyi perturbation=hub_modification alpha=0.7 seed=4 workflow=diversity_curves_l2 status=success
2026-06-05 19:08:18,666 INFO row_complete 2277/2640 dataset=erdos_renyi perturbation=hub_modification alpha=0.8 seed=4 workflow=structural_statistics_mmd status=success
2026-06-05 19:08:18,668 INFO row_complete 2278/2640 dataset=erdos_renyi perturbation=hub_modification alpha=0.8 seed=4 workflow=wl_subtree_kernel_mmd status=success
2026-06-05 19:08:18,669 INFO row_complete 2279/2640 dataset=erdos_renyi perturbation=hub_modification alpha=0.8 seed=4 workflow=netlsd_spectral_signatures status=failed
2026-06-05 19:08:18,670 INFO row_complete 2280/2640 dataset=erdos_renyi perturbation=hub_modification alpha=0.8 seed=4 workflow=diversity_curves_l2 status=success
2026-06-05 19:08:24,087 INFO row_complete 2281/2640 dataset=erdos_renyi perturbation=hub_modification alpha=0.9 seed=4 workflow=structural_statistics_mmd status=success
2026-06-05 19:08:24,088 INFO row_complete 2282/2640 dataset=erdos_renyi perturbation=hub_modification alpha=0.9 seed=4 workflow=wl_subtree_kernel_mmd status=success
2026-06-05 19:08:24,089 INFO row_complete 2283/2640 dataset=erdos_renyi perturbation=hub_modification alpha=0.9 seed=4 workflow=netlsd_spectral_signatures status=failed
2026-06-05 19:08:24,090 INFO row_complete 2284/2640 dataset=erdos_renyi perturbation=hub_modification alpha=0.9 seed=4 workflow=diversity_curves_l2 status=success
2026-06-05 19:08:29,693 INFO row_complete 2285/2640 dataset=erdos_renyi perturbation=hub_modification alpha=1.0 seed=4 workflow=structural_statistics_mmd status=success
2026-06-05 19:08:29,695 INFO row_complete 2286/2640 dataset=erdos_renyi perturbation=hub_modification alpha=1.0 seed=4 workflow=wl_subtree_kernel_mmd status=success
2026-06-05 19:08:29,696 INFO row_complete 2287/2640 dataset=erdos_renyi perturbation=hub_modification alpha=1.0 seed=4 workflow=netlsd_spectral_signatures status=failed
2026-06-05 19:08:29,697 INFO row_complete 2288/2640 dataset=erdos_renyi perturbation=hub_modification alpha=1.0 seed=4 workflow=diversity_curves_l2 status=success
2026-06-05 19:08:34,944 INFO row_complete 2289/2640 dataset=stochastic_block_model perturbation=edge_addition_deletion alpha=0.0 seed=4 workflow=structural_statistics_mmd status=success
2026-06-05 19:08:34,946 INFO row_complete 2290/2640 dataset=stochastic_block_model perturbation=edge_addition_deletion alpha=0.0 seed=4 workflow=wl_subtree_kernel_mmd status=success
2026-06-05 19:08:34,947 INFO row_complete 2291/2640 dataset=stochastic_block_model perturbation=edge_addition_deletion alpha=0.0 seed=4 workflow=netlsd_spectral_signatures status=failed
2026-06-05 19:08:34,948 INFO row_complete 2292/2640 dataset=stochastic_block_model perturbation=edge_addition_deletion alpha=0.0 seed=4 workflow=diversity_curves_l2 status=success
2026-06-05 19:08:40,352 INFO row_complete 2293/2640 dataset=stochastic_block_model perturbation=edge_addition_deletion alpha=0.1 seed=4 workflow=structural_statistics_mmd status=success
2026-06-05 19:08:40,353 INFO row_complete 2294/2640 dataset=stochastic_block_model perturbation=edge_addition_deletion alpha=0.1 seed=4 workflow=wl_subtree_kernel_mmd status=success
2026-06-05 19:08:40,355 INFO row_complete 2295/2640 dataset=stochastic_block_model perturbation=edge_addition_deletion alpha=0.1 seed=4 workflow=netlsd_spectral_signatures status=failed
2026-06-05 19:08:40,356 INFO row_complete 2296/2640 dataset=stochastic_block_model perturbation=edge_addition_deletion alpha=0.1 seed=4 workflow=diversity_curves_l2 status=success
2026-06-05 19:08:45,547 INFO row_complete 2297/2640 dataset=stochastic_block_model perturbation=edge_addition_deletion alpha=0.2 seed=4 workflow=structural_statistics_mmd status=success
2026-06-05 19:08:45,548 INFO row_complete 2298/2640 dataset=stochastic_block_model perturbation=edge_addition_deletion alpha=0.2 seed=4 workflow=wl_subtree_kernel_mmd status=success
2026-06-05 19:08:45,550 INFO row_complete 2299/2640 dataset=stochastic_block_model perturbation=edge_addition_deletion alpha=0.2 seed=4 workflow=netlsd_spectral_signatures status=failed
2026-06-05 19:08:45,551 INFO row_complete 2300/2640 dataset=stochastic_block_model perturbation=edge_addition_deletion alpha=0.2 seed=4 workflow=diversity_curves_l2 status=success
2026-06-05 19:08:51,004 INFO row_complete 2301/2640 dataset=stochastic_block_model perturbation=edge_addition_deletion alpha=0.3 seed=4 workflow=structural_statistics_mmd status=success
2026-06-05 19:08:51,005 INFO row_complete 2302/2640 dataset=stochastic_block_model perturbation=edge_addition_deletion alpha=0.3 seed=4 workflow=wl_subtree_kernel_mmd status=success
2026-06-05 19:08:51,007 INFO row_complete 2303/2640 dataset=stochastic_block_model perturbation=edge_addition_deletion alpha=0.3 seed=4 workflow=netlsd_spectral_signatures status=failed
2026-06-05 19:08:51,007 INFO row_complete 2304/2640 dataset=stochastic_block_model perturbation=edge_addition_deletion alpha=0.3 seed=4 workflow=diversity_curves_l2 status=success
2026-06-05 19:08:56,265 INFO row_complete 2305/2640 dataset=stochastic_block_model perturbation=edge_addition_deletion alpha=0.4 seed=4 workflow=structural_statistics_mmd status=success
2026-06-05 19:08:56,266 INFO row_complete 2306/2640 dataset=stochastic_block_model perturbation=edge_addition_deletion alpha=0.4 seed=4 workflow=wl_subtree_kernel_mmd status=success
2026-06-05 19:08:56,267 INFO row_complete 2307/2640 dataset=stochastic_block_model perturbation=edge_addition_deletion alpha=0.4 seed=4 workflow=netlsd_spectral_signatures status=failed
2026-06-05 19:08:56,268 INFO row_complete 2308/2640 dataset=stochastic_block_model perturbation=edge_addition_deletion alpha=0.4 seed=4 workflow=diversity_curves_l2 status=success
2026-06-05 19:09:01,719 INFO row_complete 2309/2640 dataset=stochastic_block_model perturbation=edge_addition_deletion alpha=0.5 seed=4 workflow=structural_statistics_mmd status=success
2026-06-05 19:09:01,720 INFO row_complete 2310/2640 dataset=stochastic_block_model perturbation=edge_addition_deletion alpha=0.5 seed=4 workflow=wl_subtree_kernel_mmd status=success
2026-06-05 19:09:01,721 INFO row_complete 2311/2640 dataset=stochastic_block_model perturbation=edge_addition_deletion alpha=0.5 seed=4 workflow=netlsd_spectral_signatures status=failed
2026-06-05 19:09:01,722 INFO row_complete 2312/2640 dataset=stochastic_block_model perturbation=edge_addition_deletion alpha=0.5 seed=4 workflow=diversity_curves_l2 status=success
2026-06-05 19:09:07,092 INFO row_complete 2313/2640 dataset=stochastic_block_model perturbation=edge_addition_deletion alpha=0.6 seed=4 workflow=structural_statistics_mmd status=success
2026-06-05 19:09:07,094 INFO row_complete 2314/2640 dataset=stochastic_block_model perturbation=edge_addition_deletion alpha=0.6 seed=4 workflow=wl_subtree_kernel_mmd status=success
2026-06-05 19:09:07,095 INFO row_complete 2315/2640 dataset=stochastic_block_model perturbation=edge_addition_deletion alpha=0.6 seed=4 workflow=netlsd_spectral_signatures status=failed
2026-06-05 19:09:07,096 INFO row_complete 2316/2640 dataset=stochastic_block_model perturbation=edge_addition_deletion alpha=0.6 seed=4 workflow=diversity_curves_l2 status=success
2026-06-05 19:09:12,364 INFO row_complete 2317/2640 dataset=stochastic_block_model perturbation=edge_addition_deletion alpha=0.7 seed=4 workflow=structural_statistics_mmd status=success
2026-06-05 19:09:12,365 INFO row_complete 2318/2640 dataset=stochastic_block_model perturbation=edge_addition_deletion alpha=0.7 seed=4 workflow=wl_subtree_kernel_mmd status=success
2026-06-05 19:09:12,366 INFO row_complete 2319/2640 dataset=stochastic_block_model perturbation=edge_addition_deletion alpha=0.7 seed=4 workflow=netlsd_spectral_signatures status=failed
2026-06-05 19:09:12,367 INFO row_complete 2320/2640 dataset=stochastic_block_model perturbation=edge_addition_deletion alpha=0.7 seed=4 workflow=diversity_curves_l2 status=success
2026-06-05 19:09:17,662 INFO row_complete 2321/2640 dataset=stochastic_block_model perturbation=edge_addition_deletion alpha=0.8 seed=4 workflow=structural_statistics_mmd status=success
2026-06-05 19:09:17,663 INFO row_complete 2322/2640 dataset=stochastic_block_model perturbation=edge_addition_deletion alpha=0.8 seed=4 workflow=wl_subtree_kernel_mmd status=success
2026-06-05 19:09:17,664 INFO row_complete 2323/2640 dataset=stochastic_block_model perturbation=edge_addition_deletion alpha=0.8 seed=4 workflow=netlsd_spectral_signatures status=failed
2026-06-05 19:09:17,666 INFO row_complete 2324/2640 dataset=stochastic_block_model perturbation=edge_addition_deletion alpha=0.8 seed=4 workflow=diversity_curves_l2 status=success
2026-06-05 19:09:22,948 INFO row_complete 2325/2640 dataset=stochastic_block_model perturbation=edge_addition_deletion alpha=0.9 seed=4 workflow=structural_statistics_mmd status=success
2026-06-05 19:09:22,950 INFO row_complete 2326/2640 dataset=stochastic_block_model perturbation=edge_addition_deletion alpha=0.9 seed=4 workflow=wl_subtree_kernel_mmd status=success
2026-06-05 19:09:22,951 INFO row_complete 2327/2640 dataset=stochastic_block_model perturbation=edge_addition_deletion alpha=0.9 seed=4 workflow=netlsd_spectral_signatures status=failed
2026-06-05 19:09:22,952 INFO row_complete 2328/2640 dataset=stochastic_block_model perturbation=edge_addition_deletion alpha=0.9 seed=4 workflow=diversity_curves_l2 status=success
2026-06-05 19:09:28,310 INFO row_complete 2329/2640 dataset=stochastic_block_model perturbation=edge_addition_deletion alpha=1.0 seed=4 workflow=structural_statistics_mmd status=success
2026-06-05 19:09:28,311 INFO row_complete 2330/2640 dataset=stochastic_block_model perturbation=edge_addition_deletion alpha=1.0 seed=4 workflow=wl_subtree_kernel_mmd status=success
2026-06-05 19:09:28,312 INFO row_complete 2331/2640 dataset=stochastic_block_model perturbation=edge_addition_deletion alpha=1.0 seed=4 workflow=netlsd_spectral_signatures status=failed
2026-06-05 19:09:28,314 INFO row_complete 2332/2640 dataset=stochastic_block_model perturbation=edge_addition_deletion alpha=1.0 seed=4 workflow=diversity_curves_l2 status=success
2026-06-05 19:09:33,544 INFO row_complete 2333/2640 dataset=stochastic_block_model perturbation=triangle_injection_removal alpha=0.0 seed=4 workflow=structural_statistics_mmd status=success
2026-06-05 19:09:33,545 INFO row_complete 2334/2640 dataset=stochastic_block_model perturbation=triangle_injection_removal alpha=0.0 seed=4 workflow=wl_subtree_kernel_mmd status=success
2026-06-05 19:09:33,546 INFO row_complete 2335/2640 dataset=stochastic_block_model perturbation=triangle_injection_removal alpha=0.0 seed=4 workflow=netlsd_spectral_signatures status=failed
2026-06-05 19:09:33,547 INFO row_complete 2336/2640 dataset=stochastic_block_model perturbation=triangle_injection_removal alpha=0.0 seed=4 workflow=diversity_curves_l2 status=success
2026-06-05 19:09:39,305 INFO row_complete 2337/2640 dataset=stochastic_block_model perturbation=triangle_injection_removal alpha=0.1 seed=4 workflow=structural_statistics_mmd status=success
2026-06-05 19:09:39,306 INFO row_complete 2338/2640 dataset=stochastic_block_model perturbation=triangle_injection_removal alpha=0.1 seed=4 workflow=wl_subtree_kernel_mmd status=success
2026-06-05 19:09:39,307 INFO row_complete 2339/2640 dataset=stochastic_block_model perturbation=triangle_injection_removal alpha=0.1 seed=4 workflow=netlsd_spectral_signatures status=failed
2026-06-05 19:09:39,308 INFO row_complete 2340/2640 dataset=stochastic_block_model perturbation=triangle_injection_removal alpha=0.1 seed=4 workflow=diversity_curves_l2 status=success
2026-06-05 19:09:45,167 INFO row_complete 2341/2640 dataset=stochastic_block_model perturbation=triangle_injection_removal alpha=0.2 seed=4 workflow=structural_statistics_mmd status=success
2026-06-05 19:09:45,168 INFO row_complete 2342/2640 dataset=stochastic_block_model perturbation=triangle_injection_removal alpha=0.2 seed=4 workflow=wl_subtree_kernel_mmd status=success
2026-06-05 19:09:45,169 INFO row_complete 2343/2640 dataset=stochastic_block_model perturbation=triangle_injection_removal alpha=0.2 seed=4 workflow=netlsd_spectral_signatures status=failed
2026-06-05 19:09:45,170 INFO row_complete 2344/2640 dataset=stochastic_block_model perturbation=triangle_injection_removal alpha=0.2 seed=4 workflow=diversity_curves_l2 status=success
2026-06-05 19:09:50,960 INFO row_complete 2345/2640 dataset=stochastic_block_model perturbation=triangle_injection_removal alpha=0.3 seed=4 workflow=structural_statistics_mmd status=success
2026-06-05 19:09:50,961 INFO row_complete 2346/2640 dataset=stochastic_block_model perturbation=triangle_injection_removal alpha=0.3 seed=4 workflow=wl_subtree_kernel_mmd status=success
2026-06-05 19:09:50,962 INFO row_complete 2347/2640 dataset=stochastic_block_model perturbation=triangle_injection_removal alpha=0.3 seed=4 workflow=netlsd_spectral_signatures status=failed
2026-06-05 19:09:50,964 INFO row_complete 2348/2640 dataset=stochastic_block_model perturbation=triangle_injection_removal alpha=0.3 seed=4 workflow=diversity_curves_l2 status=success
2026-06-05 19:09:56,800 INFO row_complete 2349/2640 dataset=stochastic_block_model perturbation=triangle_injection_removal alpha=0.4 seed=4 workflow=structural_statistics_mmd status=success
2026-06-05 19:09:56,801 INFO row_complete 2350/2640 dataset=stochastic_block_model perturbation=triangle_injection_removal alpha=0.4 seed=4 workflow=wl_subtree_kernel_mmd status=success
2026-06-05 19:09:56,802 INFO row_complete 2351/2640 dataset=stochastic_block_model perturbation=triangle_injection_removal alpha=0.4 seed=4 workflow=netlsd_spectral_signatures status=failed
2026-06-05 19:09:56,803 INFO row_complete 2352/2640 dataset=stochastic_block_model perturbation=triangle_injection_removal alpha=0.4 seed=4 workflow=diversity_curves_l2 status=success
2026-06-05 19:10:02,688 INFO row_complete 2353/2640 dataset=stochastic_block_model perturbation=triangle_injection_removal alpha=0.5 seed=4 workflow=structural_statistics_mmd status=success
2026-06-05 19:10:02,689 INFO row_complete 2354/2640 dataset=stochastic_block_model perturbation=triangle_injection_removal alpha=0.5 seed=4 workflow=wl_subtree_kernel_mmd status=success
2026-06-05 19:10:02,691 INFO row_complete 2355/2640 dataset=stochastic_block_model perturbation=triangle_injection_removal alpha=0.5 seed=4 workflow=netlsd_spectral_signatures status=failed
2026-06-05 19:10:02,692 INFO row_complete 2356/2640 dataset=stochastic_block_model perturbation=triangle_injection_removal alpha=0.5 seed=4 workflow=diversity_curves_l2 status=success
2026-06-05 19:10:08,529 INFO row_complete 2357/2640 dataset=stochastic_block_model perturbation=triangle_injection_removal alpha=0.6 seed=4 workflow=structural_statistics_mmd status=success
2026-06-05 19:10:08,530 INFO row_complete 2358/2640 dataset=stochastic_block_model perturbation=triangle_injection_removal alpha=0.6 seed=4 workflow=wl_subtree_kernel_mmd status=success
2026-06-05 19:10:08,531 INFO row_complete 2359/2640 dataset=stochastic_block_model perturbation=triangle_injection_removal alpha=0.6 seed=4 workflow=netlsd_spectral_signatures status=failed
2026-06-05 19:10:08,533 INFO row_complete 2360/2640 dataset=stochastic_block_model perturbation=triangle_injection_removal alpha=0.6 seed=4 workflow=diversity_curves_l2 status=success
2026-06-05 19:10:14,392 INFO row_complete 2361/2640 dataset=stochastic_block_model perturbation=triangle_injection_removal alpha=0.7 seed=4 workflow=structural_statistics_mmd status=success
2026-06-05 19:10:14,393 INFO row_complete 2362/2640 dataset=stochastic_block_model perturbation=triangle_injection_removal alpha=0.7 seed=4 workflow=wl_subtree_kernel_mmd status=success
2026-06-05 19:10:14,394 INFO row_complete 2363/2640 dataset=stochastic_block_model perturbation=triangle_injection_removal alpha=0.7 seed=4 workflow=netlsd_spectral_signatures status=failed
2026-06-05 19:10:14,396 INFO row_complete 2364/2640 dataset=stochastic_block_model perturbation=triangle_injection_removal alpha=0.7 seed=4 workflow=diversity_curves_l2 status=success
2026-06-05 19:10:20,340 INFO row_complete 2365/2640 dataset=stochastic_block_model perturbation=triangle_injection_removal alpha=0.8 seed=4 workflow=structural_statistics_mmd status=success
2026-06-05 19:10:20,342 INFO row_complete 2366/2640 dataset=stochastic_block_model perturbation=triangle_injection_removal alpha=0.8 seed=4 workflow=wl_subtree_kernel_mmd status=success
2026-06-05 19:10:20,343 INFO row_complete 2367/2640 dataset=stochastic_block_model perturbation=triangle_injection_removal alpha=0.8 seed=4 workflow=netlsd_spectral_signatures status=failed
2026-06-05 19:10:20,344 INFO row_complete 2368/2640 dataset=stochastic_block_model perturbation=triangle_injection_removal alpha=0.8 seed=4 workflow=diversity_curves_l2 status=success
2026-06-05 19:10:26,147 INFO row_complete 2369/2640 dataset=stochastic_block_model perturbation=triangle_injection_removal alpha=0.9 seed=4 workflow=structural_statistics_mmd status=success
2026-06-05 19:10:26,149 INFO row_complete 2370/2640 dataset=stochastic_block_model perturbation=triangle_injection_removal alpha=0.9 seed=4 workflow=wl_subtree_kernel_mmd status=success
2026-06-05 19:10:26,150 INFO row_complete 2371/2640 dataset=stochastic_block_model perturbation=triangle_injection_removal alpha=0.9 seed=4 workflow=netlsd_spectral_signatures status=failed
2026-06-05 19:10:26,151 INFO row_complete 2372/2640 dataset=stochastic_block_model perturbation=triangle_injection_removal alpha=0.9 seed=4 workflow=diversity_curves_l2 status=success
2026-06-05 19:10:32,177 INFO row_complete 2373/2640 dataset=stochastic_block_model perturbation=triangle_injection_removal alpha=1.0 seed=4 workflow=structural_statistics_mmd status=success
2026-06-05 19:10:32,178 INFO row_complete 2374/2640 dataset=stochastic_block_model perturbation=triangle_injection_removal alpha=1.0 seed=4 workflow=wl_subtree_kernel_mmd status=success
2026-06-05 19:10:32,179 INFO row_complete 2375/2640 dataset=stochastic_block_model perturbation=triangle_injection_removal alpha=1.0 seed=4 workflow=netlsd_spectral_signatures status=failed
2026-06-05 19:10:32,180 INFO row_complete 2376/2640 dataset=stochastic_block_model perturbation=triangle_injection_removal alpha=1.0 seed=4 workflow=diversity_curves_l2 status=success
2026-06-05 19:10:37,536 INFO row_complete 2377/2640 dataset=stochastic_block_model perturbation=community_weakening alpha=0.0 seed=4 workflow=structural_statistics_mmd status=success
2026-06-05 19:10:37,537 INFO row_complete 2378/2640 dataset=stochastic_block_model perturbation=community_weakening alpha=0.0 seed=4 workflow=wl_subtree_kernel_mmd status=success
2026-06-05 19:10:37,539 INFO row_complete 2379/2640 dataset=stochastic_block_model perturbation=community_weakening alpha=0.0 seed=4 workflow=netlsd_spectral_signatures status=failed
2026-06-05 19:10:37,540 INFO row_complete 2380/2640 dataset=stochastic_block_model perturbation=community_weakening alpha=0.0 seed=4 workflow=diversity_curves_l2 status=success
2026-06-05 19:10:42,848 INFO row_complete 2381/2640 dataset=stochastic_block_model perturbation=community_weakening alpha=0.1 seed=4 workflow=structural_statistics_mmd status=success
2026-06-05 19:10:42,849 INFO row_complete 2382/2640 dataset=stochastic_block_model perturbation=community_weakening alpha=0.1 seed=4 workflow=wl_subtree_kernel_mmd status=success
2026-06-05 19:10:42,850 INFO row_complete 2383/2640 dataset=stochastic_block_model perturbation=community_weakening alpha=0.1 seed=4 workflow=netlsd_spectral_signatures status=failed
2026-06-05 19:10:42,851 INFO row_complete 2384/2640 dataset=stochastic_block_model perturbation=community_weakening alpha=0.1 seed=4 workflow=diversity_curves_l2 status=success
2026-06-05 19:10:48,139 INFO row_complete 2385/2640 dataset=stochastic_block_model perturbation=community_weakening alpha=0.2 seed=4 workflow=structural_statistics_mmd status=success
2026-06-05 19:10:48,140 INFO row_complete 2386/2640 dataset=stochastic_block_model perturbation=community_weakening alpha=0.2 seed=4 workflow=wl_subtree_kernel_mmd status=success
2026-06-05 19:10:48,141 INFO row_complete 2387/2640 dataset=stochastic_block_model perturbation=community_weakening alpha=0.2 seed=4 workflow=netlsd_spectral_signatures status=failed
2026-06-05 19:10:48,142 INFO row_complete 2388/2640 dataset=stochastic_block_model perturbation=community_weakening alpha=0.2 seed=4 workflow=diversity_curves_l2 status=success
2026-06-05 19:10:53,475 INFO row_complete 2389/2640 dataset=stochastic_block_model perturbation=community_weakening alpha=0.3 seed=4 workflow=structural_statistics_mmd status=success
2026-06-05 19:10:53,476 INFO row_complete 2390/2640 dataset=stochastic_block_model perturbation=community_weakening alpha=0.3 seed=4 workflow=wl_subtree_kernel_mmd status=success
2026-06-05 19:10:53,477 INFO row_complete 2391/2640 dataset=stochastic_block_model perturbation=community_weakening alpha=0.3 seed=4 workflow=netlsd_spectral_signatures status=failed
2026-06-05 19:10:53,479 INFO row_complete 2392/2640 dataset=stochastic_block_model perturbation=community_weakening alpha=0.3 seed=4 workflow=diversity_curves_l2 status=success
2026-06-05 19:10:58,787 INFO row_complete 2393/2640 dataset=stochastic_block_model perturbation=community_weakening alpha=0.4 seed=4 workflow=structural_statistics_mmd status=success
2026-06-05 19:10:58,789 INFO row_complete 2394/2640 dataset=stochastic_block_model perturbation=community_weakening alpha=0.4 seed=4 workflow=wl_subtree_kernel_mmd status=success
2026-06-05 19:10:58,790 INFO row_complete 2395/2640 dataset=stochastic_block_model perturbation=community_weakening alpha=0.4 seed=4 workflow=netlsd_spectral_signatures status=failed
2026-06-05 19:10:58,791 INFO row_complete 2396/2640 dataset=stochastic_block_model perturbation=community_weakening alpha=0.4 seed=4 workflow=diversity_curves_l2 status=success
2026-06-05 19:11:04,135 INFO row_complete 2397/2640 dataset=stochastic_block_model perturbation=community_weakening alpha=0.5 seed=4 workflow=structural_statistics_mmd status=success
2026-06-05 19:11:04,137 INFO row_complete 2398/2640 dataset=stochastic_block_model perturbation=community_weakening alpha=0.5 seed=4 workflow=wl_subtree_kernel_mmd status=success
2026-06-05 19:11:04,138 INFO row_complete 2399/2640 dataset=stochastic_block_model perturbation=community_weakening alpha=0.5 seed=4 workflow=netlsd_spectral_signatures status=failed
2026-06-05 19:11:04,139 INFO row_complete 2400/2640 dataset=stochastic_block_model perturbation=community_weakening alpha=0.5 seed=4 workflow=diversity_curves_l2 status=success
2026-06-05 19:11:09,456 INFO row_complete 2401/2640 dataset=stochastic_block_model perturbation=community_weakening alpha=0.6 seed=4 workflow=structural_statistics_mmd status=success
2026-06-05 19:11:09,458 INFO row_complete 2402/2640 dataset=stochastic_block_model perturbation=community_weakening alpha=0.6 seed=4 workflow=wl_subtree_kernel_mmd status=success
2026-06-05 19:11:09,459 INFO row_complete 2403/2640 dataset=stochastic_block_model perturbation=community_weakening alpha=0.6 seed=4 workflow=netlsd_spectral_signatures status=failed
2026-06-05 19:11:09,460 INFO row_complete 2404/2640 dataset=stochastic_block_model perturbation=community_weakening alpha=0.6 seed=4 workflow=diversity_curves_l2 status=success
2026-06-05 19:11:14,825 INFO row_complete 2405/2640 dataset=stochastic_block_model perturbation=community_weakening alpha=0.7 seed=4 workflow=structural_statistics_mmd status=success
2026-06-05 19:11:14,827 INFO row_complete 2406/2640 dataset=stochastic_block_model perturbation=community_weakening alpha=0.7 seed=4 workflow=wl_subtree_kernel_mmd status=success
2026-06-05 19:11:14,828 INFO row_complete 2407/2640 dataset=stochastic_block_model perturbation=community_weakening alpha=0.7 seed=4 workflow=netlsd_spectral_signatures status=failed
2026-06-05 19:11:14,829 INFO row_complete 2408/2640 dataset=stochastic_block_model perturbation=community_weakening alpha=0.7 seed=4 workflow=diversity_curves_l2 status=success
2026-06-05 19:11:20,173 INFO row_complete 2409/2640 dataset=stochastic_block_model perturbation=community_weakening alpha=0.8 seed=4 workflow=structural_statistics_mmd status=success
2026-06-05 19:11:20,175 INFO row_complete 2410/2640 dataset=stochastic_block_model perturbation=community_weakening alpha=0.8 seed=4 workflow=wl_subtree_kernel_mmd status=success
2026-06-05 19:11:20,176 INFO row_complete 2411/2640 dataset=stochastic_block_model perturbation=community_weakening alpha=0.8 seed=4 workflow=netlsd_spectral_signatures status=failed
2026-06-05 19:11:20,177 INFO row_complete 2412/2640 dataset=stochastic_block_model perturbation=community_weakening alpha=0.8 seed=4 workflow=diversity_curves_l2 status=success
2026-06-05 19:11:25,524 INFO row_complete 2413/2640 dataset=stochastic_block_model perturbation=community_weakening alpha=0.9 seed=4 workflow=structural_statistics_mmd status=success
2026-06-05 19:11:25,525 INFO row_complete 2414/2640 dataset=stochastic_block_model perturbation=community_weakening alpha=0.9 seed=4 workflow=wl_subtree_kernel_mmd status=success
2026-06-05 19:11:25,526 INFO row_complete 2415/2640 dataset=stochastic_block_model perturbation=community_weakening alpha=0.9 seed=4 workflow=netlsd_spectral_signatures status=failed
2026-06-05 19:11:25,527 INFO row_complete 2416/2640 dataset=stochastic_block_model perturbation=community_weakening alpha=0.9 seed=4 workflow=diversity_curves_l2 status=success
2026-06-05 19:11:30,845 INFO row_complete 2417/2640 dataset=stochastic_block_model perturbation=community_weakening alpha=1.0 seed=4 workflow=structural_statistics_mmd status=success
2026-06-05 19:11:30,846 INFO row_complete 2418/2640 dataset=stochastic_block_model perturbation=community_weakening alpha=1.0 seed=4 workflow=wl_subtree_kernel_mmd status=success
2026-06-05 19:11:30,847 INFO row_complete 2419/2640 dataset=stochastic_block_model perturbation=community_weakening alpha=1.0 seed=4 workflow=netlsd_spectral_signatures status=failed
2026-06-05 19:11:30,849 INFO row_complete 2420/2640 dataset=stochastic_block_model perturbation=community_weakening alpha=1.0 seed=4 workflow=diversity_curves_l2 status=success
2026-06-05 19:11:36,072 INFO row_complete 2421/2640 dataset=stochastic_block_model perturbation=hub_modification alpha=0.0 seed=4 workflow=structural_statistics_mmd status=success
2026-06-05 19:11:36,073 INFO row_complete 2422/2640 dataset=stochastic_block_model perturbation=hub_modification alpha=0.0 seed=4 workflow=wl_subtree_kernel_mmd status=success
2026-06-05 19:11:36,074 INFO row_complete 2423/2640 dataset=stochastic_block_model perturbation=hub_modification alpha=0.0 seed=4 workflow=netlsd_spectral_signatures status=failed
2026-06-05 19:11:36,075 INFO row_complete 2424/2640 dataset=stochastic_block_model perturbation=hub_modification alpha=0.0 seed=4 workflow=diversity_curves_l2 status=success
2026-06-05 19:11:41,501 INFO row_complete 2425/2640 dataset=stochastic_block_model perturbation=hub_modification alpha=0.1 seed=4 workflow=structural_statistics_mmd status=success
2026-06-05 19:11:41,503 INFO row_complete 2426/2640 dataset=stochastic_block_model perturbation=hub_modification alpha=0.1 seed=4 workflow=wl_subtree_kernel_mmd status=success
2026-06-05 19:11:41,504 INFO row_complete 2427/2640 dataset=stochastic_block_model perturbation=hub_modification alpha=0.1 seed=4 workflow=netlsd_spectral_signatures status=failed
2026-06-05 19:11:41,505 INFO row_complete 2428/2640 dataset=stochastic_block_model perturbation=hub_modification alpha=0.1 seed=4 workflow=diversity_curves_l2 status=success
2026-06-05 19:11:46,953 INFO row_complete 2429/2640 dataset=stochastic_block_model perturbation=hub_modification alpha=0.2 seed=4 workflow=structural_statistics_mmd status=success
2026-06-05 19:11:46,955 INFO row_complete 2430/2640 dataset=stochastic_block_model perturbation=hub_modification alpha=0.2 seed=4 workflow=wl_subtree_kernel_mmd status=success
2026-06-05 19:11:46,956 INFO row_complete 2431/2640 dataset=stochastic_block_model perturbation=hub_modification alpha=0.2 seed=4 workflow=netlsd_spectral_signatures status=failed
2026-06-05 19:11:46,957 INFO row_complete 2432/2640 dataset=stochastic_block_model perturbation=hub_modification alpha=0.2 seed=4 workflow=diversity_curves_l2 status=success
2026-06-05 19:11:52,272 INFO row_complete 2433/2640 dataset=stochastic_block_model perturbation=hub_modification alpha=0.3 seed=4 workflow=structural_statistics_mmd status=success
2026-06-05 19:11:52,274 INFO row_complete 2434/2640 dataset=stochastic_block_model perturbation=hub_modification alpha=0.3 seed=4 workflow=wl_subtree_kernel_mmd status=success
2026-06-05 19:11:52,275 INFO row_complete 2435/2640 dataset=stochastic_block_model perturbation=hub_modification alpha=0.3 seed=4 workflow=netlsd_spectral_signatures status=failed
2026-06-05 19:11:52,276 INFO row_complete 2436/2640 dataset=stochastic_block_model perturbation=hub_modification alpha=0.3 seed=4 workflow=diversity_curves_l2 status=success
2026-06-05 19:11:57,688 INFO row_complete 2437/2640 dataset=stochastic_block_model perturbation=hub_modification alpha=0.4 seed=4 workflow=structural_statistics_mmd status=success
2026-06-05 19:11:57,689 INFO row_complete 2438/2640 dataset=stochastic_block_model perturbation=hub_modification alpha=0.4 seed=4 workflow=wl_subtree_kernel_mmd status=success
2026-06-05 19:11:57,690 INFO row_complete 2439/2640 dataset=stochastic_block_model perturbation=hub_modification alpha=0.4 seed=4 workflow=netlsd_spectral_signatures status=failed
2026-06-05 19:11:57,691 INFO row_complete 2440/2640 dataset=stochastic_block_model perturbation=hub_modification alpha=0.4 seed=4 workflow=diversity_curves_l2 status=success
2026-06-05 19:12:02,967 INFO row_complete 2441/2640 dataset=stochastic_block_model perturbation=hub_modification alpha=0.5 seed=4 workflow=structural_statistics_mmd status=success
2026-06-05 19:12:02,968 INFO row_complete 2442/2640 dataset=stochastic_block_model perturbation=hub_modification alpha=0.5 seed=4 workflow=wl_subtree_kernel_mmd status=success
2026-06-05 19:12:02,970 INFO row_complete 2443/2640 dataset=stochastic_block_model perturbation=hub_modification alpha=0.5 seed=4 workflow=netlsd_spectral_signatures status=failed
2026-06-05 19:12:02,971 INFO row_complete 2444/2640 dataset=stochastic_block_model perturbation=hub_modification alpha=0.5 seed=4 workflow=diversity_curves_l2 status=success
2026-06-05 19:12:08,247 INFO row_complete 2445/2640 dataset=stochastic_block_model perturbation=hub_modification alpha=0.6 seed=4 workflow=structural_statistics_mmd status=success
2026-06-05 19:12:08,248 INFO row_complete 2446/2640 dataset=stochastic_block_model perturbation=hub_modification alpha=0.6 seed=4 workflow=wl_subtree_kernel_mmd status=success
2026-06-05 19:12:08,249 INFO row_complete 2447/2640 dataset=stochastic_block_model perturbation=hub_modification alpha=0.6 seed=4 workflow=netlsd_spectral_signatures status=failed
2026-06-05 19:12:08,250 INFO row_complete 2448/2640 dataset=stochastic_block_model perturbation=hub_modification alpha=0.6 seed=4 workflow=diversity_curves_l2 status=success
2026-06-05 19:12:13,424 INFO row_complete 2449/2640 dataset=stochastic_block_model perturbation=hub_modification alpha=0.7 seed=4 workflow=structural_statistics_mmd status=success
2026-06-05 19:12:13,425 INFO row_complete 2450/2640 dataset=stochastic_block_model perturbation=hub_modification alpha=0.7 seed=4 workflow=wl_subtree_kernel_mmd status=success
2026-06-05 19:12:13,426 INFO row_complete 2451/2640 dataset=stochastic_block_model perturbation=hub_modification alpha=0.7 seed=4 workflow=netlsd_spectral_signatures status=failed
2026-06-05 19:12:13,427 INFO row_complete 2452/2640 dataset=stochastic_block_model perturbation=hub_modification alpha=0.7 seed=4 workflow=diversity_curves_l2 status=success
2026-06-05 19:12:18,727 INFO row_complete 2453/2640 dataset=stochastic_block_model perturbation=hub_modification alpha=0.8 seed=4 workflow=structural_statistics_mmd status=success
2026-06-05 19:12:18,728 INFO row_complete 2454/2640 dataset=stochastic_block_model perturbation=hub_modification alpha=0.8 seed=4 workflow=wl_subtree_kernel_mmd status=success
2026-06-05 19:12:18,729 INFO row_complete 2455/2640 dataset=stochastic_block_model perturbation=hub_modification alpha=0.8 seed=4 workflow=netlsd_spectral_signatures status=failed
2026-06-05 19:12:18,730 INFO row_complete 2456/2640 dataset=stochastic_block_model perturbation=hub_modification alpha=0.8 seed=4 workflow=diversity_curves_l2 status=success
2026-06-05 19:12:24,024 INFO row_complete 2457/2640 dataset=stochastic_block_model perturbation=hub_modification alpha=0.9 seed=4 workflow=structural_statistics_mmd status=success
2026-06-05 19:12:24,026 INFO row_complete 2458/2640 dataset=stochastic_block_model perturbation=hub_modification alpha=0.9 seed=4 workflow=wl_subtree_kernel_mmd status=success
2026-06-05 19:12:24,027 INFO row_complete 2459/2640 dataset=stochastic_block_model perturbation=hub_modification alpha=0.9 seed=4 workflow=netlsd_spectral_signatures status=failed
2026-06-05 19:12:24,028 INFO row_complete 2460/2640 dataset=stochastic_block_model perturbation=hub_modification alpha=0.9 seed=4 workflow=diversity_curves_l2 status=success
2026-06-05 19:12:29,273 INFO row_complete 2461/2640 dataset=stochastic_block_model perturbation=hub_modification alpha=1.0 seed=4 workflow=structural_statistics_mmd status=success
2026-06-05 19:12:29,275 INFO row_complete 2462/2640 dataset=stochastic_block_model perturbation=hub_modification alpha=1.0 seed=4 workflow=wl_subtree_kernel_mmd status=success
2026-06-05 19:12:29,276 INFO row_complete 2463/2640 dataset=stochastic_block_model perturbation=hub_modification alpha=1.0 seed=4 workflow=netlsd_spectral_signatures status=failed
2026-06-05 19:12:29,277 INFO row_complete 2464/2640 dataset=stochastic_block_model perturbation=hub_modification alpha=1.0 seed=4 workflow=diversity_curves_l2 status=success
2026-06-05 19:12:34,392 INFO row_complete 2465/2640 dataset=barabasi_albert perturbation=edge_addition_deletion alpha=0.0 seed=4 workflow=structural_statistics_mmd status=success
2026-06-05 19:12:34,393 INFO row_complete 2466/2640 dataset=barabasi_albert perturbation=edge_addition_deletion alpha=0.0 seed=4 workflow=wl_subtree_kernel_mmd status=success
2026-06-05 19:12:34,394 INFO row_complete 2467/2640 dataset=barabasi_albert perturbation=edge_addition_deletion alpha=0.0 seed=4 workflow=netlsd_spectral_signatures status=failed
2026-06-05 19:12:34,395 INFO row_complete 2468/2640 dataset=barabasi_albert perturbation=edge_addition_deletion alpha=0.0 seed=4 workflow=diversity_curves_l2 status=success
2026-06-05 19:12:39,665 INFO row_complete 2469/2640 dataset=barabasi_albert perturbation=edge_addition_deletion alpha=0.1 seed=4 workflow=structural_statistics_mmd status=success
2026-06-05 19:12:39,666 INFO row_complete 2470/2640 dataset=barabasi_albert perturbation=edge_addition_deletion alpha=0.1 seed=4 workflow=wl_subtree_kernel_mmd status=success
2026-06-05 19:12:39,668 INFO row_complete 2471/2640 dataset=barabasi_albert perturbation=edge_addition_deletion alpha=0.1 seed=4 workflow=netlsd_spectral_signatures status=failed
2026-06-05 19:12:39,669 INFO row_complete 2472/2640 dataset=barabasi_albert perturbation=edge_addition_deletion alpha=0.1 seed=4 workflow=diversity_curves_l2 status=success
2026-06-05 19:12:44,753 INFO row_complete 2473/2640 dataset=barabasi_albert perturbation=edge_addition_deletion alpha=0.2 seed=4 workflow=structural_statistics_mmd status=success
2026-06-05 19:12:44,754 INFO row_complete 2474/2640 dataset=barabasi_albert perturbation=edge_addition_deletion alpha=0.2 seed=4 workflow=wl_subtree_kernel_mmd status=success
2026-06-05 19:12:44,755 INFO row_complete 2475/2640 dataset=barabasi_albert perturbation=edge_addition_deletion alpha=0.2 seed=4 workflow=netlsd_spectral_signatures status=failed
2026-06-05 19:12:44,756 INFO row_complete 2476/2640 dataset=barabasi_albert perturbation=edge_addition_deletion alpha=0.2 seed=4 workflow=diversity_curves_l2 status=success
2026-06-05 19:12:49,924 INFO row_complete 2477/2640 dataset=barabasi_albert perturbation=edge_addition_deletion alpha=0.3 seed=4 workflow=structural_statistics_mmd status=success
2026-06-05 19:12:49,925 INFO row_complete 2478/2640 dataset=barabasi_albert perturbation=edge_addition_deletion alpha=0.3 seed=4 workflow=wl_subtree_kernel_mmd status=success
2026-06-05 19:12:49,926 INFO row_complete 2479/2640 dataset=barabasi_albert perturbation=edge_addition_deletion alpha=0.3 seed=4 workflow=netlsd_spectral_signatures status=failed
2026-06-05 19:12:49,927 INFO row_complete 2480/2640 dataset=barabasi_albert perturbation=edge_addition_deletion alpha=0.3 seed=4 workflow=diversity_curves_l2 status=success
2026-06-05 19:12:55,092 INFO row_complete 2481/2640 dataset=barabasi_albert perturbation=edge_addition_deletion alpha=0.4 seed=4 workflow=structural_statistics_mmd status=success
2026-06-05 19:12:55,093 INFO row_complete 2482/2640 dataset=barabasi_albert perturbation=edge_addition_deletion alpha=0.4 seed=4 workflow=wl_subtree_kernel_mmd status=success
2026-06-05 19:12:55,094 INFO row_complete 2483/2640 dataset=barabasi_albert perturbation=edge_addition_deletion alpha=0.4 seed=4 workflow=netlsd_spectral_signatures status=failed
2026-06-05 19:12:55,096 INFO row_complete 2484/2640 dataset=barabasi_albert perturbation=edge_addition_deletion alpha=0.4 seed=4 workflow=diversity_curves_l2 status=success
2026-06-05 19:13:00,413 INFO row_complete 2485/2640 dataset=barabasi_albert perturbation=edge_addition_deletion alpha=0.5 seed=4 workflow=structural_statistics_mmd status=success
2026-06-05 19:13:00,414 INFO row_complete 2486/2640 dataset=barabasi_albert perturbation=edge_addition_deletion alpha=0.5 seed=4 workflow=wl_subtree_kernel_mmd status=success
2026-06-05 19:13:00,416 INFO row_complete 2487/2640 dataset=barabasi_albert perturbation=edge_addition_deletion alpha=0.5 seed=4 workflow=netlsd_spectral_signatures status=failed
2026-06-05 19:13:00,417 INFO row_complete 2488/2640 dataset=barabasi_albert perturbation=edge_addition_deletion alpha=0.5 seed=4 workflow=diversity_curves_l2 status=success
2026-06-05 19:13:05,688 INFO row_complete 2489/2640 dataset=barabasi_albert perturbation=edge_addition_deletion alpha=0.6 seed=4 workflow=structural_statistics_mmd status=success
2026-06-05 19:13:05,689 INFO row_complete 2490/2640 dataset=barabasi_albert perturbation=edge_addition_deletion alpha=0.6 seed=4 workflow=wl_subtree_kernel_mmd status=success
2026-06-05 19:13:05,690 INFO row_complete 2491/2640 dataset=barabasi_albert perturbation=edge_addition_deletion alpha=0.6 seed=4 workflow=netlsd_spectral_signatures status=failed
2026-06-05 19:13:05,691 INFO row_complete 2492/2640 dataset=barabasi_albert perturbation=edge_addition_deletion alpha=0.6 seed=4 workflow=diversity_curves_l2 status=success
2026-06-05 19:13:10,904 INFO row_complete 2493/2640 dataset=barabasi_albert perturbation=edge_addition_deletion alpha=0.7 seed=4 workflow=structural_statistics_mmd status=success
2026-06-05 19:13:10,906 INFO row_complete 2494/2640 dataset=barabasi_albert perturbation=edge_addition_deletion alpha=0.7 seed=4 workflow=wl_subtree_kernel_mmd status=success
2026-06-05 19:13:10,907 INFO row_complete 2495/2640 dataset=barabasi_albert perturbation=edge_addition_deletion alpha=0.7 seed=4 workflow=netlsd_spectral_signatures status=failed
2026-06-05 19:13:10,908 INFO row_complete 2496/2640 dataset=barabasi_albert perturbation=edge_addition_deletion alpha=0.7 seed=4 workflow=diversity_curves_l2 status=success
2026-06-05 19:13:16,164 INFO row_complete 2497/2640 dataset=barabasi_albert perturbation=edge_addition_deletion alpha=0.8 seed=4 workflow=structural_statistics_mmd status=success
2026-06-05 19:13:16,165 INFO row_complete 2498/2640 dataset=barabasi_albert perturbation=edge_addition_deletion alpha=0.8 seed=4 workflow=wl_subtree_kernel_mmd status=success
2026-06-05 19:13:16,166 INFO row_complete 2499/2640 dataset=barabasi_albert perturbation=edge_addition_deletion alpha=0.8 seed=4 workflow=netlsd_spectral_signatures status=failed
2026-06-05 19:13:16,167 INFO row_complete 2500/2640 dataset=barabasi_albert perturbation=edge_addition_deletion alpha=0.8 seed=4 workflow=diversity_curves_l2 status=success
2026-06-05 19:13:21,356 INFO row_complete 2501/2640 dataset=barabasi_albert perturbation=edge_addition_deletion alpha=0.9 seed=4 workflow=structural_statistics_mmd status=success
2026-06-05 19:13:21,357 INFO row_complete 2502/2640 dataset=barabasi_albert perturbation=edge_addition_deletion alpha=0.9 seed=4 workflow=wl_subtree_kernel_mmd status=success
2026-06-05 19:13:21,358 INFO row_complete 2503/2640 dataset=barabasi_albert perturbation=edge_addition_deletion alpha=0.9 seed=4 workflow=netlsd_spectral_signatures status=failed
2026-06-05 19:13:21,359 INFO row_complete 2504/2640 dataset=barabasi_albert perturbation=edge_addition_deletion alpha=0.9 seed=4 workflow=diversity_curves_l2 status=success
2026-06-05 19:13:26,511 INFO row_complete 2505/2640 dataset=barabasi_albert perturbation=edge_addition_deletion alpha=1.0 seed=4 workflow=structural_statistics_mmd status=success
2026-06-05 19:13:26,512 INFO row_complete 2506/2640 dataset=barabasi_albert perturbation=edge_addition_deletion alpha=1.0 seed=4 workflow=wl_subtree_kernel_mmd status=success
2026-06-05 19:13:26,513 INFO row_complete 2507/2640 dataset=barabasi_albert perturbation=edge_addition_deletion alpha=1.0 seed=4 workflow=netlsd_spectral_signatures status=failed
2026-06-05 19:13:26,514 INFO row_complete 2508/2640 dataset=barabasi_albert perturbation=edge_addition_deletion alpha=1.0 seed=4 workflow=diversity_curves_l2 status=success
2026-06-05 19:13:31,535 INFO row_complete 2509/2640 dataset=barabasi_albert perturbation=triangle_injection_removal alpha=0.0 seed=4 workflow=structural_statistics_mmd status=success
2026-06-05 19:13:31,536 INFO row_complete 2510/2640 dataset=barabasi_albert perturbation=triangle_injection_removal alpha=0.0 seed=4 workflow=wl_subtree_kernel_mmd status=success
2026-06-05 19:13:31,537 INFO row_complete 2511/2640 dataset=barabasi_albert perturbation=triangle_injection_removal alpha=0.0 seed=4 workflow=netlsd_spectral_signatures status=failed
2026-06-05 19:13:31,538 INFO row_complete 2512/2640 dataset=barabasi_albert perturbation=triangle_injection_removal alpha=0.0 seed=4 workflow=diversity_curves_l2 status=success
2026-06-05 19:13:37,273 INFO row_complete 2513/2640 dataset=barabasi_albert perturbation=triangle_injection_removal alpha=0.1 seed=4 workflow=structural_statistics_mmd status=success
2026-06-05 19:13:37,274 INFO row_complete 2514/2640 dataset=barabasi_albert perturbation=triangle_injection_removal alpha=0.1 seed=4 workflow=wl_subtree_kernel_mmd status=success
2026-06-05 19:13:37,275 INFO row_complete 2515/2640 dataset=barabasi_albert perturbation=triangle_injection_removal alpha=0.1 seed=4 workflow=netlsd_spectral_signatures status=failed
2026-06-05 19:13:37,276 INFO row_complete 2516/2640 dataset=barabasi_albert perturbation=triangle_injection_removal alpha=0.1 seed=4 workflow=diversity_curves_l2 status=success
2026-06-05 19:13:42,903 INFO row_complete 2517/2640 dataset=barabasi_albert perturbation=triangle_injection_removal alpha=0.2 seed=4 workflow=structural_statistics_mmd status=success
2026-06-05 19:13:42,904 INFO row_complete 2518/2640 dataset=barabasi_albert perturbation=triangle_injection_removal alpha=0.2 seed=4 workflow=wl_subtree_kernel_mmd status=success
2026-06-05 19:13:42,905 INFO row_complete 2519/2640 dataset=barabasi_albert perturbation=triangle_injection_removal alpha=0.2 seed=4 workflow=netlsd_spectral_signatures status=failed
2026-06-05 19:13:42,906 INFO row_complete 2520/2640 dataset=barabasi_albert perturbation=triangle_injection_removal alpha=0.2 seed=4 workflow=diversity_curves_l2 status=success
2026-06-05 19:13:48,616 INFO row_complete 2521/2640 dataset=barabasi_albert perturbation=triangle_injection_removal alpha=0.3 seed=4 workflow=structural_statistics_mmd status=success
2026-06-05 19:13:48,617 INFO row_complete 2522/2640 dataset=barabasi_albert perturbation=triangle_injection_removal alpha=0.3 seed=4 workflow=wl_subtree_kernel_mmd status=success
2026-06-05 19:13:48,619 INFO row_complete 2523/2640 dataset=barabasi_albert perturbation=triangle_injection_removal alpha=0.3 seed=4 workflow=netlsd_spectral_signatures status=failed
2026-06-05 19:13:48,620 INFO row_complete 2524/2640 dataset=barabasi_albert perturbation=triangle_injection_removal alpha=0.3 seed=4 workflow=diversity_curves_l2 status=success
2026-06-05 19:13:54,255 INFO row_complete 2525/2640 dataset=barabasi_albert perturbation=triangle_injection_removal alpha=0.4 seed=4 workflow=structural_statistics_mmd status=success
2026-06-05 19:13:54,256 INFO row_complete 2526/2640 dataset=barabasi_albert perturbation=triangle_injection_removal alpha=0.4 seed=4 workflow=wl_subtree_kernel_mmd status=success
2026-06-05 19:13:54,257 INFO row_complete 2527/2640 dataset=barabasi_albert perturbation=triangle_injection_removal alpha=0.4 seed=4 workflow=netlsd_spectral_signatures status=failed
2026-06-05 19:13:54,258 INFO row_complete 2528/2640 dataset=barabasi_albert perturbation=triangle_injection_removal alpha=0.4 seed=4 workflow=diversity_curves_l2 status=success
2026-06-05 19:14:00,102 INFO row_complete 2529/2640 dataset=barabasi_albert perturbation=triangle_injection_removal alpha=0.5 seed=4 workflow=structural_statistics_mmd status=success
2026-06-05 19:14:00,103 INFO row_complete 2530/2640 dataset=barabasi_albert perturbation=triangle_injection_removal alpha=0.5 seed=4 workflow=wl_subtree_kernel_mmd status=success
2026-06-05 19:14:00,105 INFO row_complete 2531/2640 dataset=barabasi_albert perturbation=triangle_injection_removal alpha=0.5 seed=4 workflow=netlsd_spectral_signatures status=failed
2026-06-05 19:14:00,106 INFO row_complete 2532/2640 dataset=barabasi_albert perturbation=triangle_injection_removal alpha=0.5 seed=4 workflow=diversity_curves_l2 status=success
2026-06-05 19:14:05,835 INFO row_complete 2533/2640 dataset=barabasi_albert perturbation=triangle_injection_removal alpha=0.6 seed=4 workflow=structural_statistics_mmd status=success
2026-06-05 19:14:05,836 INFO row_complete 2534/2640 dataset=barabasi_albert perturbation=triangle_injection_removal alpha=0.6 seed=4 workflow=wl_subtree_kernel_mmd status=success
2026-06-05 19:14:05,837 INFO row_complete 2535/2640 dataset=barabasi_albert perturbation=triangle_injection_removal alpha=0.6 seed=4 workflow=netlsd_spectral_signatures status=failed
2026-06-05 19:14:05,838 INFO row_complete 2536/2640 dataset=barabasi_albert perturbation=triangle_injection_removal alpha=0.6 seed=4 workflow=diversity_curves_l2 status=success
2026-06-05 19:14:11,515 INFO row_complete 2537/2640 dataset=barabasi_albert perturbation=triangle_injection_removal alpha=0.7 seed=4 workflow=structural_statistics_mmd status=success
2026-06-05 19:14:11,516 INFO row_complete 2538/2640 dataset=barabasi_albert perturbation=triangle_injection_removal alpha=0.7 seed=4 workflow=wl_subtree_kernel_mmd status=success
2026-06-05 19:14:11,517 INFO row_complete 2539/2640 dataset=barabasi_albert perturbation=triangle_injection_removal alpha=0.7 seed=4 workflow=netlsd_spectral_signatures status=failed
2026-06-05 19:14:11,518 INFO row_complete 2540/2640 dataset=barabasi_albert perturbation=triangle_injection_removal alpha=0.7 seed=4 workflow=diversity_curves_l2 status=success
2026-06-05 19:14:17,291 INFO row_complete 2541/2640 dataset=barabasi_albert perturbation=triangle_injection_removal alpha=0.8 seed=4 workflow=structural_statistics_mmd status=success
2026-06-05 19:14:17,292 INFO row_complete 2542/2640 dataset=barabasi_albert perturbation=triangle_injection_removal alpha=0.8 seed=4 workflow=wl_subtree_kernel_mmd status=success
2026-06-05 19:14:17,294 INFO row_complete 2543/2640 dataset=barabasi_albert perturbation=triangle_injection_removal alpha=0.8 seed=4 workflow=netlsd_spectral_signatures status=failed
2026-06-05 19:14:17,295 INFO row_complete 2544/2640 dataset=barabasi_albert perturbation=triangle_injection_removal alpha=0.8 seed=4 workflow=diversity_curves_l2 status=success
2026-06-05 19:14:22,948 INFO row_complete 2545/2640 dataset=barabasi_albert perturbation=triangle_injection_removal alpha=0.9 seed=4 workflow=structural_statistics_mmd status=success
2026-06-05 19:14:22,949 INFO row_complete 2546/2640 dataset=barabasi_albert perturbation=triangle_injection_removal alpha=0.9 seed=4 workflow=wl_subtree_kernel_mmd status=success
2026-06-05 19:14:22,951 INFO row_complete 2547/2640 dataset=barabasi_albert perturbation=triangle_injection_removal alpha=0.9 seed=4 workflow=netlsd_spectral_signatures status=failed
2026-06-05 19:14:22,952 INFO row_complete 2548/2640 dataset=barabasi_albert perturbation=triangle_injection_removal alpha=0.9 seed=4 workflow=diversity_curves_l2 status=success
2026-06-05 19:14:28,706 INFO row_complete 2549/2640 dataset=barabasi_albert perturbation=triangle_injection_removal alpha=1.0 seed=4 workflow=structural_statistics_mmd status=success
2026-06-05 19:14:28,708 INFO row_complete 2550/2640 dataset=barabasi_albert perturbation=triangle_injection_removal alpha=1.0 seed=4 workflow=wl_subtree_kernel_mmd status=success
2026-06-05 19:14:28,709 INFO row_complete 2551/2640 dataset=barabasi_albert perturbation=triangle_injection_removal alpha=1.0 seed=4 workflow=netlsd_spectral_signatures status=failed
2026-06-05 19:14:28,710 INFO row_complete 2552/2640 dataset=barabasi_albert perturbation=triangle_injection_removal alpha=1.0 seed=4 workflow=diversity_curves_l2 status=success
2026-06-05 19:14:28,734 INFO row_complete 2553/2640 dataset=barabasi_albert perturbation=community_weakening alpha=0.0 seed=4 workflow=structural_statistics_mmd status=skipped
2026-06-05 19:14:28,735 INFO row_complete 2554/2640 dataset=barabasi_albert perturbation=community_weakening alpha=0.0 seed=4 workflow=wl_subtree_kernel_mmd status=skipped
2026-06-05 19:14:28,737 INFO row_complete 2555/2640 dataset=barabasi_albert perturbation=community_weakening alpha=0.0 seed=4 workflow=netlsd_spectral_signatures status=skipped
2026-06-05 19:14:28,738 INFO row_complete 2556/2640 dataset=barabasi_albert perturbation=community_weakening alpha=0.0 seed=4 workflow=diversity_curves_l2 status=skipped
2026-06-05 19:14:28,762 INFO row_complete 2557/2640 dataset=barabasi_albert perturbation=community_weakening alpha=0.1 seed=4 workflow=structural_statistics_mmd status=skipped
2026-06-05 19:14:28,764 INFO row_complete 2558/2640 dataset=barabasi_albert perturbation=community_weakening alpha=0.1 seed=4 workflow=wl_subtree_kernel_mmd status=skipped
2026-06-05 19:14:28,765 INFO row_complete 2559/2640 dataset=barabasi_albert perturbation=community_weakening alpha=0.1 seed=4 workflow=netlsd_spectral_signatures status=skipped
2026-06-05 19:14:28,766 INFO row_complete 2560/2640 dataset=barabasi_albert perturbation=community_weakening alpha=0.1 seed=4 workflow=diversity_curves_l2 status=skipped
2026-06-05 19:14:28,788 INFO row_complete 2561/2640 dataset=barabasi_albert perturbation=community_weakening alpha=0.2 seed=4 workflow=structural_statistics_mmd status=skipped
2026-06-05 19:14:28,789 INFO row_complete 2562/2640 dataset=barabasi_albert perturbation=community_weakening alpha=0.2 seed=4 workflow=wl_subtree_kernel_mmd status=skipped
2026-06-05 19:14:28,790 INFO row_complete 2563/2640 dataset=barabasi_albert perturbation=community_weakening alpha=0.2 seed=4 workflow=netlsd_spectral_signatures status=skipped
2026-06-05 19:14:28,791 INFO row_complete 2564/2640 dataset=barabasi_albert perturbation=community_weakening alpha=0.2 seed=4 workflow=diversity_curves_l2 status=skipped
2026-06-05 19:14:28,812 INFO row_complete 2565/2640 dataset=barabasi_albert perturbation=community_weakening alpha=0.3 seed=4 workflow=structural_statistics_mmd status=skipped
2026-06-05 19:14:28,813 INFO row_complete 2566/2640 dataset=barabasi_albert perturbation=community_weakening alpha=0.3 seed=4 workflow=wl_subtree_kernel_mmd status=skipped
2026-06-05 19:14:28,814 INFO row_complete 2567/2640 dataset=barabasi_albert perturbation=community_weakening alpha=0.3 seed=4 workflow=netlsd_spectral_signatures status=skipped
2026-06-05 19:14:28,815 INFO row_complete 2568/2640 dataset=barabasi_albert perturbation=community_weakening alpha=0.3 seed=4 workflow=diversity_curves_l2 status=skipped
2026-06-05 19:14:28,887 INFO row_complete 2569/2640 dataset=barabasi_albert perturbation=community_weakening alpha=0.4 seed=4 workflow=structural_statistics_mmd status=skipped
2026-06-05 19:14:28,888 INFO row_complete 2570/2640 dataset=barabasi_albert perturbation=community_weakening alpha=0.4 seed=4 workflow=wl_subtree_kernel_mmd status=skipped
2026-06-05 19:14:28,889 INFO row_complete 2571/2640 dataset=barabasi_albert perturbation=community_weakening alpha=0.4 seed=4 workflow=netlsd_spectral_signatures status=skipped
2026-06-05 19:14:28,890 INFO row_complete 2572/2640 dataset=barabasi_albert perturbation=community_weakening alpha=0.4 seed=4 workflow=diversity_curves_l2 status=skipped
2026-06-05 19:14:28,912 INFO row_complete 2573/2640 dataset=barabasi_albert perturbation=community_weakening alpha=0.5 seed=4 workflow=structural_statistics_mmd status=skipped
2026-06-05 19:14:28,914 INFO row_complete 2574/2640 dataset=barabasi_albert perturbation=community_weakening alpha=0.5 seed=4 workflow=wl_subtree_kernel_mmd status=skipped
2026-06-05 19:14:28,915 INFO row_complete 2575/2640 dataset=barabasi_albert perturbation=community_weakening alpha=0.5 seed=4 workflow=netlsd_spectral_signatures status=skipped
2026-06-05 19:14:28,916 INFO row_complete 2576/2640 dataset=barabasi_albert perturbation=community_weakening alpha=0.5 seed=4 workflow=diversity_curves_l2 status=skipped
2026-06-05 19:14:28,939 INFO row_complete 2577/2640 dataset=barabasi_albert perturbation=community_weakening alpha=0.6 seed=4 workflow=structural_statistics_mmd status=skipped
2026-06-05 19:14:28,940 INFO row_complete 2578/2640 dataset=barabasi_albert perturbation=community_weakening alpha=0.6 seed=4 workflow=wl_subtree_kernel_mmd status=skipped
2026-06-05 19:14:28,941 INFO row_complete 2579/2640 dataset=barabasi_albert perturbation=community_weakening alpha=0.6 seed=4 workflow=netlsd_spectral_signatures status=skipped
2026-06-05 19:14:28,942 INFO row_complete 2580/2640 dataset=barabasi_albert perturbation=community_weakening alpha=0.6 seed=4 workflow=diversity_curves_l2 status=skipped
2026-06-05 19:14:28,963 INFO row_complete 2581/2640 dataset=barabasi_albert perturbation=community_weakening alpha=0.7 seed=4 workflow=structural_statistics_mmd status=skipped
2026-06-05 19:14:28,964 INFO row_complete 2582/2640 dataset=barabasi_albert perturbation=community_weakening alpha=0.7 seed=4 workflow=wl_subtree_kernel_mmd status=skipped
2026-06-05 19:14:28,965 INFO row_complete 2583/2640 dataset=barabasi_albert perturbation=community_weakening alpha=0.7 seed=4 workflow=netlsd_spectral_signatures status=skipped
2026-06-05 19:14:28,966 INFO row_complete 2584/2640 dataset=barabasi_albert perturbation=community_weakening alpha=0.7 seed=4 workflow=diversity_curves_l2 status=skipped
2026-06-05 19:14:28,988 INFO row_complete 2585/2640 dataset=barabasi_albert perturbation=community_weakening alpha=0.8 seed=4 workflow=structural_statistics_mmd status=skipped
2026-06-05 19:14:28,989 INFO row_complete 2586/2640 dataset=barabasi_albert perturbation=community_weakening alpha=0.8 seed=4 workflow=wl_subtree_kernel_mmd status=skipped
2026-06-05 19:14:28,990 INFO row_complete 2587/2640 dataset=barabasi_albert perturbation=community_weakening alpha=0.8 seed=4 workflow=netlsd_spectral_signatures status=skipped
2026-06-05 19:14:28,992 INFO row_complete 2588/2640 dataset=barabasi_albert perturbation=community_weakening alpha=0.8 seed=4 workflow=diversity_curves_l2 status=skipped
2026-06-05 19:14:29,015 INFO row_complete 2589/2640 dataset=barabasi_albert perturbation=community_weakening alpha=0.9 seed=4 workflow=structural_statistics_mmd status=skipped
2026-06-05 19:14:29,016 INFO row_complete 2590/2640 dataset=barabasi_albert perturbation=community_weakening alpha=0.9 seed=4 workflow=wl_subtree_kernel_mmd status=skipped
2026-06-05 19:14:29,017 INFO row_complete 2591/2640 dataset=barabasi_albert perturbation=community_weakening alpha=0.9 seed=4 workflow=netlsd_spectral_signatures status=skipped
2026-06-05 19:14:29,018 INFO row_complete 2592/2640 dataset=barabasi_albert perturbation=community_weakening alpha=0.9 seed=4 workflow=diversity_curves_l2 status=skipped
2026-06-05 19:14:29,041 INFO row_complete 2593/2640 dataset=barabasi_albert perturbation=community_weakening alpha=1.0 seed=4 workflow=structural_statistics_mmd status=skipped
2026-06-05 19:14:29,042 INFO row_complete 2594/2640 dataset=barabasi_albert perturbation=community_weakening alpha=1.0 seed=4 workflow=wl_subtree_kernel_mmd status=skipped
2026-06-05 19:14:29,043 INFO row_complete 2595/2640 dataset=barabasi_albert perturbation=community_weakening alpha=1.0 seed=4 workflow=netlsd_spectral_signatures status=skipped
2026-06-05 19:14:29,044 INFO row_complete 2596/2640 dataset=barabasi_albert perturbation=community_weakening alpha=1.0 seed=4 workflow=diversity_curves_l2 status=skipped
2026-06-05 19:14:34,274 INFO row_complete 2597/2640 dataset=barabasi_albert perturbation=hub_modification alpha=0.0 seed=4 workflow=structural_statistics_mmd status=success
2026-06-05 19:14:34,276 INFO row_complete 2598/2640 dataset=barabasi_albert perturbation=hub_modification alpha=0.0 seed=4 workflow=wl_subtree_kernel_mmd status=success
2026-06-05 19:14:34,277 INFO row_complete 2599/2640 dataset=barabasi_albert perturbation=hub_modification alpha=0.0 seed=4 workflow=netlsd_spectral_signatures status=failed
2026-06-05 19:14:34,278 INFO row_complete 2600/2640 dataset=barabasi_albert perturbation=hub_modification alpha=0.0 seed=4 workflow=diversity_curves_l2 status=success
2026-06-05 19:14:39,394 INFO row_complete 2601/2640 dataset=barabasi_albert perturbation=hub_modification alpha=0.1 seed=4 workflow=structural_statistics_mmd status=success
2026-06-05 19:14:39,396 INFO row_complete 2602/2640 dataset=barabasi_albert perturbation=hub_modification alpha=0.1 seed=4 workflow=wl_subtree_kernel_mmd status=success
2026-06-05 19:14:39,397 INFO row_complete 2603/2640 dataset=barabasi_albert perturbation=hub_modification alpha=0.1 seed=4 workflow=netlsd_spectral_signatures status=failed
2026-06-05 19:14:39,398 INFO row_complete 2604/2640 dataset=barabasi_albert perturbation=hub_modification alpha=0.1 seed=4 workflow=diversity_curves_l2 status=success
2026-06-05 19:14:44,632 INFO row_complete 2605/2640 dataset=barabasi_albert perturbation=hub_modification alpha=0.2 seed=4 workflow=structural_statistics_mmd status=success
2026-06-05 19:14:44,633 INFO row_complete 2606/2640 dataset=barabasi_albert perturbation=hub_modification alpha=0.2 seed=4 workflow=wl_subtree_kernel_mmd status=success
2026-06-05 19:14:44,635 INFO row_complete 2607/2640 dataset=barabasi_albert perturbation=hub_modification alpha=0.2 seed=4 workflow=netlsd_spectral_signatures status=failed
2026-06-05 19:14:44,636 INFO row_complete 2608/2640 dataset=barabasi_albert perturbation=hub_modification alpha=0.2 seed=4 workflow=diversity_curves_l2 status=success
2026-06-05 19:14:49,805 INFO row_complete 2609/2640 dataset=barabasi_albert perturbation=hub_modification alpha=0.3 seed=4 workflow=structural_statistics_mmd status=success
2026-06-05 19:14:49,806 INFO row_complete 2610/2640 dataset=barabasi_albert perturbation=hub_modification alpha=0.3 seed=4 workflow=wl_subtree_kernel_mmd status=success
2026-06-05 19:14:49,808 INFO row_complete 2611/2640 dataset=barabasi_albert perturbation=hub_modification alpha=0.3 seed=4 workflow=netlsd_spectral_signatures status=failed
2026-06-05 19:14:49,809 INFO row_complete 2612/2640 dataset=barabasi_albert perturbation=hub_modification alpha=0.3 seed=4 workflow=diversity_curves_l2 status=success
2026-06-05 19:14:54,890 INFO row_complete 2613/2640 dataset=barabasi_albert perturbation=hub_modification alpha=0.4 seed=4 workflow=structural_statistics_mmd status=success
2026-06-05 19:14:54,892 INFO row_complete 2614/2640 dataset=barabasi_albert perturbation=hub_modification alpha=0.4 seed=4 workflow=wl_subtree_kernel_mmd status=success
2026-06-05 19:14:54,893 INFO row_complete 2615/2640 dataset=barabasi_albert perturbation=hub_modification alpha=0.4 seed=4 workflow=netlsd_spectral_signatures status=failed
2026-06-05 19:14:54,894 INFO row_complete 2616/2640 dataset=barabasi_albert perturbation=hub_modification alpha=0.4 seed=4 workflow=diversity_curves_l2 status=success
2026-06-05 19:14:59,944 INFO row_complete 2617/2640 dataset=barabasi_albert perturbation=hub_modification alpha=0.5 seed=4 workflow=structural_statistics_mmd status=success
2026-06-05 19:14:59,945 INFO row_complete 2618/2640 dataset=barabasi_albert perturbation=hub_modification alpha=0.5 seed=4 workflow=wl_subtree_kernel_mmd status=success
2026-06-05 19:14:59,947 INFO row_complete 2619/2640 dataset=barabasi_albert perturbation=hub_modification alpha=0.5 seed=4 workflow=netlsd_spectral_signatures status=failed
2026-06-05 19:14:59,948 INFO row_complete 2620/2640 dataset=barabasi_albert perturbation=hub_modification alpha=0.5 seed=4 workflow=diversity_curves_l2 status=success
2026-06-05 19:15:05,097 INFO row_complete 2621/2640 dataset=barabasi_albert perturbation=hub_modification alpha=0.6 seed=4 workflow=structural_statistics_mmd status=success
2026-06-05 19:15:05,099 INFO row_complete 2622/2640 dataset=barabasi_albert perturbation=hub_modification alpha=0.6 seed=4 workflow=wl_subtree_kernel_mmd status=success
2026-06-05 19:15:05,100 INFO row_complete 2623/2640 dataset=barabasi_albert perturbation=hub_modification alpha=0.6 seed=4 workflow=netlsd_spectral_signatures status=failed
2026-06-05 19:15:05,101 INFO row_complete 2624/2640 dataset=barabasi_albert perturbation=hub_modification alpha=0.6 seed=4 workflow=diversity_curves_l2 status=success
2026-06-05 19:15:10,302 INFO row_complete 2625/2640 dataset=barabasi_albert perturbation=hub_modification alpha=0.7 seed=4 workflow=structural_statistics_mmd status=success
2026-06-05 19:15:10,303 INFO row_complete 2626/2640 dataset=barabasi_albert perturbation=hub_modification alpha=0.7 seed=4 workflow=wl_subtree_kernel_mmd status=success
2026-06-05 19:15:10,304 INFO row_complete 2627/2640 dataset=barabasi_albert perturbation=hub_modification alpha=0.7 seed=4 workflow=netlsd_spectral_signatures status=failed
2026-06-05 19:15:10,305 INFO row_complete 2628/2640 dataset=barabasi_albert perturbation=hub_modification alpha=0.7 seed=4 workflow=diversity_curves_l2 status=success
2026-06-05 19:15:15,548 INFO row_complete 2629/2640 dataset=barabasi_albert perturbation=hub_modification alpha=0.8 seed=4 workflow=structural_statistics_mmd status=success
2026-06-05 19:15:15,549 INFO row_complete 2630/2640 dataset=barabasi_albert perturbation=hub_modification alpha=0.8 seed=4 workflow=wl_subtree_kernel_mmd status=success
2026-06-05 19:15:15,550 INFO row_complete 2631/2640 dataset=barabasi_albert perturbation=hub_modification alpha=0.8 seed=4 workflow=netlsd_spectral_signatures status=failed
2026-06-05 19:15:15,552 INFO row_complete 2632/2640 dataset=barabasi_albert perturbation=hub_modification alpha=0.8 seed=4 workflow=diversity_curves_l2 status=success
2026-06-05 19:15:20,691 INFO row_complete 2633/2640 dataset=barabasi_albert perturbation=hub_modification alpha=0.9 seed=4 workflow=structural_statistics_mmd status=success
2026-06-05 19:15:20,693 INFO row_complete 2634/2640 dataset=barabasi_albert perturbation=hub_modification alpha=0.9 seed=4 workflow=wl_subtree_kernel_mmd status=success
2026-06-05 19:15:20,694 INFO row_complete 2635/2640 dataset=barabasi_albert perturbation=hub_modification alpha=0.9 seed=4 workflow=netlsd_spectral_signatures status=failed
2026-06-05 19:15:20,695 INFO row_complete 2636/2640 dataset=barabasi_albert perturbation=hub_modification alpha=0.9 seed=4 workflow=diversity_curves_l2 status=success
2026-06-05 19:15:25,763 INFO row_complete 2637/2640 dataset=barabasi_albert perturbation=hub_modification alpha=1.0 seed=4 workflow=structural_statistics_mmd status=success
2026-06-05 19:15:25,764 INFO row_complete 2638/2640 dataset=barabasi_albert perturbation=hub_modification alpha=1.0 seed=4 workflow=wl_subtree_kernel_mmd status=success
2026-06-05 19:15:25,765 INFO row_complete 2639/2640 dataset=barabasi_albert perturbation=hub_modification alpha=1.0 seed=4 workflow=netlsd_spectral_signatures status=failed
2026-06-05 19:15:25,766 INFO row_complete 2640/2640 dataset=barabasi_albert perturbation=hub_modification alpha=1.0 seed=4 workflow=diversity_curves_l2 status=success
2026-06-05 19:15:25,767 INFO run_finish result_path=outputs/experimentation/results/results.csv rows_written=2640 completed=2640 total=2640
