2026-06-09 23:43:52,038 INFO run_start result_path=outputs/attempt2/results/results.csv resume=False rerun_failed=False completed=0 total=2640 device=auto requested; torch not installed
2026-06-09 23:46:12,769 INFO run_start result_path=outputs/attempt2/results/results.csv resume=False rerun_failed=False completed=0 total=2640 device=auto requested; torch not installed
2026-06-09 23:49:30,579 INFO row_complete 1/2640 dataset=erdos_renyi perturbation=edge_addition_deletion alpha=0.0 seed=0 workflow=structural_statistics_mmd status=success
2026-06-09 23:49:30,580 INFO row_complete 2/2640 dataset=erdos_renyi perturbation=edge_addition_deletion alpha=0.0 seed=0 workflow=wl_subtree_kernel_mmd status=success
2026-06-09 23:49:30,581 INFO row_complete 3/2640 dataset=erdos_renyi perturbation=edge_addition_deletion alpha=0.0 seed=0 workflow=native_netlsd status=success
2026-06-09 23:49:30,582 INFO row_complete 4/2640 dataset=erdos_renyi perturbation=edge_addition_deletion alpha=0.0 seed=0 workflow=diversity_curves_shortest_path status=success
2026-06-09 23:52:45,435 INFO row_complete 5/2640 dataset=erdos_renyi perturbation=edge_addition_deletion alpha=0.1 seed=0 workflow=structural_statistics_mmd status=success
2026-06-09 23:52:45,437 INFO row_complete 6/2640 dataset=erdos_renyi perturbation=edge_addition_deletion alpha=0.1 seed=0 workflow=wl_subtree_kernel_mmd status=success
2026-06-09 23:52:45,437 INFO row_complete 7/2640 dataset=erdos_renyi perturbation=edge_addition_deletion alpha=0.1 seed=0 workflow=native_netlsd status=success
2026-06-09 23:52:45,438 INFO row_complete 8/2640 dataset=erdos_renyi perturbation=edge_addition_deletion alpha=0.1 seed=0 workflow=diversity_curves_shortest_path status=success
2026-06-09 23:56:00,187 INFO row_complete 9/2640 dataset=erdos_renyi perturbation=edge_addition_deletion alpha=0.2 seed=0 workflow=structural_statistics_mmd status=success
2026-06-09 23:56:00,188 INFO row_complete 10/2640 dataset=erdos_renyi perturbation=edge_addition_deletion alpha=0.2 seed=0 workflow=wl_subtree_kernel_mmd status=success
2026-06-09 23:56:00,189 INFO row_complete 11/2640 dataset=erdos_renyi perturbation=edge_addition_deletion alpha=0.2 seed=0 workflow=native_netlsd status=success
2026-06-09 23:56:00,190 INFO row_complete 12/2640 dataset=erdos_renyi perturbation=edge_addition_deletion alpha=0.2 seed=0 workflow=diversity_curves_shortest_path status=success
2026-06-09 23:59:16,440 INFO row_complete 13/2640 dataset=erdos_renyi perturbation=edge_addition_deletion alpha=0.3 seed=0 workflow=structural_statistics_mmd status=success
2026-06-09 23:59:16,442 INFO row_complete 14/2640 dataset=erdos_renyi perturbation=edge_addition_deletion alpha=0.3 seed=0 workflow=wl_subtree_kernel_mmd status=success
2026-06-09 23:59:16,443 INFO row_complete 15/2640 dataset=erdos_renyi perturbation=edge_addition_deletion alpha=0.3 seed=0 workflow=native_netlsd status=success
2026-06-09 23:59:16,443 INFO row_complete 16/2640 dataset=erdos_renyi perturbation=edge_addition_deletion alpha=0.3 seed=0 workflow=diversity_curves_shortest_path status=success
2026-06-10 00:02:34,774 INFO row_complete 17/2640 dataset=erdos_renyi perturbation=edge_addition_deletion alpha=0.4 seed=0 workflow=structural_statistics_mmd status=success
2026-06-10 00:02:34,776 INFO row_complete 18/2640 dataset=erdos_renyi perturbation=edge_addition_deletion alpha=0.4 seed=0 workflow=wl_subtree_kernel_mmd status=success
2026-06-10 00:02:34,776 INFO row_complete 19/2640 dataset=erdos_renyi perturbation=edge_addition_deletion alpha=0.4 seed=0 workflow=native_netlsd status=success
2026-06-10 00:02:34,777 INFO row_complete 20/2640 dataset=erdos_renyi perturbation=edge_addition_deletion alpha=0.4 seed=0 workflow=diversity_curves_shortest_path status=success
2026-06-10 00:05:53,167 INFO row_complete 21/2640 dataset=erdos_renyi perturbation=edge_addition_deletion alpha=0.5 seed=0 workflow=structural_statistics_mmd status=success
2026-06-10 00:05:53,168 INFO row_complete 22/2640 dataset=erdos_renyi perturbation=edge_addition_deletion alpha=0.5 seed=0 workflow=wl_subtree_kernel_mmd status=success
2026-06-10 00:05:53,169 INFO row_complete 23/2640 dataset=erdos_renyi perturbation=edge_addition_deletion alpha=0.5 seed=0 workflow=native_netlsd status=success
2026-06-10 00:05:53,170 INFO row_complete 24/2640 dataset=erdos_renyi perturbation=edge_addition_deletion alpha=0.5 seed=0 workflow=diversity_curves_shortest_path status=success
2026-06-10 00:09:14,369 INFO row_complete 25/2640 dataset=erdos_renyi perturbation=edge_addition_deletion alpha=0.6 seed=0 workflow=structural_statistics_mmd status=success
2026-06-10 00:09:14,371 INFO row_complete 26/2640 dataset=erdos_renyi perturbation=edge_addition_deletion alpha=0.6 seed=0 workflow=wl_subtree_kernel_mmd status=success
2026-06-10 00:09:14,372 INFO row_complete 27/2640 dataset=erdos_renyi perturbation=edge_addition_deletion alpha=0.6 seed=0 workflow=native_netlsd status=success
2026-06-10 00:09:14,372 INFO row_complete 28/2640 dataset=erdos_renyi perturbation=edge_addition_deletion alpha=0.6 seed=0 workflow=diversity_curves_shortest_path status=success
2026-06-10 00:12:32,313 INFO row_complete 29/2640 dataset=erdos_renyi perturbation=edge_addition_deletion alpha=0.7 seed=0 workflow=structural_statistics_mmd status=success
2026-06-10 00:12:32,315 INFO row_complete 30/2640 dataset=erdos_renyi perturbation=edge_addition_deletion alpha=0.7 seed=0 workflow=wl_subtree_kernel_mmd status=success
2026-06-10 00:12:32,316 INFO row_complete 31/2640 dataset=erdos_renyi perturbation=edge_addition_deletion alpha=0.7 seed=0 workflow=native_netlsd status=success
2026-06-10 00:12:32,316 INFO row_complete 32/2640 dataset=erdos_renyi perturbation=edge_addition_deletion alpha=0.7 seed=0 workflow=diversity_curves_shortest_path status=success
2026-06-10 00:15:49,894 INFO row_complete 33/2640 dataset=erdos_renyi perturbation=edge_addition_deletion alpha=0.8 seed=0 workflow=structural_statistics_mmd status=success
2026-06-10 00:15:49,896 INFO row_complete 34/2640 dataset=erdos_renyi perturbation=edge_addition_deletion alpha=0.8 seed=0 workflow=wl_subtree_kernel_mmd status=success
2026-06-10 00:15:49,897 INFO row_complete 35/2640 dataset=erdos_renyi perturbation=edge_addition_deletion alpha=0.8 seed=0 workflow=native_netlsd status=success
2026-06-10 00:15:49,897 INFO row_complete 36/2640 dataset=erdos_renyi perturbation=edge_addition_deletion alpha=0.8 seed=0 workflow=diversity_curves_shortest_path status=success
2026-06-10 00:19:07,583 INFO row_complete 37/2640 dataset=erdos_renyi perturbation=edge_addition_deletion alpha=0.9 seed=0 workflow=structural_statistics_mmd status=success
2026-06-10 00:19:07,584 INFO row_complete 38/2640 dataset=erdos_renyi perturbation=edge_addition_deletion alpha=0.9 seed=0 workflow=wl_subtree_kernel_mmd status=success
2026-06-10 00:19:07,585 INFO row_complete 39/2640 dataset=erdos_renyi perturbation=edge_addition_deletion alpha=0.9 seed=0 workflow=native_netlsd status=success
2026-06-10 00:19:07,586 INFO row_complete 40/2640 dataset=erdos_renyi perturbation=edge_addition_deletion alpha=0.9 seed=0 workflow=diversity_curves_shortest_path status=success
2026-06-10 00:22:25,346 INFO row_complete 41/2640 dataset=erdos_renyi perturbation=edge_addition_deletion alpha=1.0 seed=0 workflow=structural_statistics_mmd status=success
2026-06-10 00:22:25,347 INFO row_complete 42/2640 dataset=erdos_renyi perturbation=edge_addition_deletion alpha=1.0 seed=0 workflow=wl_subtree_kernel_mmd status=success
2026-06-10 00:22:25,348 INFO row_complete 43/2640 dataset=erdos_renyi perturbation=edge_addition_deletion alpha=1.0 seed=0 workflow=native_netlsd status=success
2026-06-10 00:22:25,349 INFO row_complete 44/2640 dataset=erdos_renyi perturbation=edge_addition_deletion alpha=1.0 seed=0 workflow=diversity_curves_shortest_path status=success
2026-06-10 00:25:42,917 INFO row_complete 45/2640 dataset=erdos_renyi perturbation=triangle_injection_removal alpha=0.0 seed=0 workflow=structural_statistics_mmd status=success
2026-06-10 00:25:42,919 INFO row_complete 46/2640 dataset=erdos_renyi perturbation=triangle_injection_removal alpha=0.0 seed=0 workflow=wl_subtree_kernel_mmd status=success
2026-06-10 00:25:42,919 INFO row_complete 47/2640 dataset=erdos_renyi perturbation=triangle_injection_removal alpha=0.0 seed=0 workflow=native_netlsd status=success
2026-06-10 00:25:42,920 INFO row_complete 48/2640 dataset=erdos_renyi perturbation=triangle_injection_removal alpha=0.0 seed=0 workflow=diversity_curves_shortest_path status=success
2026-06-10 00:29:01,375 INFO row_complete 49/2640 dataset=erdos_renyi perturbation=triangle_injection_removal alpha=0.1 seed=0 workflow=structural_statistics_mmd status=success
2026-06-10 00:29:01,376 INFO row_complete 50/2640 dataset=erdos_renyi perturbation=triangle_injection_removal alpha=0.1 seed=0 workflow=wl_subtree_kernel_mmd status=success
2026-06-10 00:29:01,377 INFO row_complete 51/2640 dataset=erdos_renyi perturbation=triangle_injection_removal alpha=0.1 seed=0 workflow=native_netlsd status=success
2026-06-10 00:29:01,378 INFO row_complete 52/2640 dataset=erdos_renyi perturbation=triangle_injection_removal alpha=0.1 seed=0 workflow=diversity_curves_shortest_path status=success
2026-06-10 00:32:19,025 INFO row_complete 53/2640 dataset=erdos_renyi perturbation=triangle_injection_removal alpha=0.2 seed=0 workflow=structural_statistics_mmd status=success
2026-06-10 00:32:19,027 INFO row_complete 54/2640 dataset=erdos_renyi perturbation=triangle_injection_removal alpha=0.2 seed=0 workflow=wl_subtree_kernel_mmd status=success
2026-06-10 00:32:19,028 INFO row_complete 55/2640 dataset=erdos_renyi perturbation=triangle_injection_removal alpha=0.2 seed=0 workflow=native_netlsd status=success
2026-06-10 00:32:19,028 INFO row_complete 56/2640 dataset=erdos_renyi perturbation=triangle_injection_removal alpha=0.2 seed=0 workflow=diversity_curves_shortest_path status=success
2026-06-10 00:35:38,663 INFO row_complete 57/2640 dataset=erdos_renyi perturbation=triangle_injection_removal alpha=0.3 seed=0 workflow=structural_statistics_mmd status=success
2026-06-10 00:35:38,664 INFO row_complete 58/2640 dataset=erdos_renyi perturbation=triangle_injection_removal alpha=0.3 seed=0 workflow=wl_subtree_kernel_mmd status=success
2026-06-10 00:35:38,665 INFO row_complete 59/2640 dataset=erdos_renyi perturbation=triangle_injection_removal alpha=0.3 seed=0 workflow=native_netlsd status=success
2026-06-10 00:35:38,665 INFO row_complete 60/2640 dataset=erdos_renyi perturbation=triangle_injection_removal alpha=0.3 seed=0 workflow=diversity_curves_shortest_path status=success
2026-06-10 00:38:55,874 INFO row_complete 61/2640 dataset=erdos_renyi perturbation=triangle_injection_removal alpha=0.4 seed=0 workflow=structural_statistics_mmd status=success
2026-06-10 00:38:55,875 INFO row_complete 62/2640 dataset=erdos_renyi perturbation=triangle_injection_removal alpha=0.4 seed=0 workflow=wl_subtree_kernel_mmd status=success
2026-06-10 00:38:55,876 INFO row_complete 63/2640 dataset=erdos_renyi perturbation=triangle_injection_removal alpha=0.4 seed=0 workflow=native_netlsd status=success
2026-06-10 00:38:55,877 INFO row_complete 64/2640 dataset=erdos_renyi perturbation=triangle_injection_removal alpha=0.4 seed=0 workflow=diversity_curves_shortest_path status=success
2026-06-10 00:42:13,608 INFO row_complete 65/2640 dataset=erdos_renyi perturbation=triangle_injection_removal alpha=0.5 seed=0 workflow=structural_statistics_mmd status=success
2026-06-10 00:42:13,610 INFO row_complete 66/2640 dataset=erdos_renyi perturbation=triangle_injection_removal alpha=0.5 seed=0 workflow=wl_subtree_kernel_mmd status=success
2026-06-10 00:42:13,611 INFO row_complete 67/2640 dataset=erdos_renyi perturbation=triangle_injection_removal alpha=0.5 seed=0 workflow=native_netlsd status=success
2026-06-10 00:42:13,612 INFO row_complete 68/2640 dataset=erdos_renyi perturbation=triangle_injection_removal alpha=0.5 seed=0 workflow=diversity_curves_shortest_path status=success
2026-06-10 00:45:31,100 INFO row_complete 69/2640 dataset=erdos_renyi perturbation=triangle_injection_removal alpha=0.6 seed=0 workflow=structural_statistics_mmd status=success
2026-06-10 00:45:31,102 INFO row_complete 70/2640 dataset=erdos_renyi perturbation=triangle_injection_removal alpha=0.6 seed=0 workflow=wl_subtree_kernel_mmd status=success
2026-06-10 00:45:31,102 INFO row_complete 71/2640 dataset=erdos_renyi perturbation=triangle_injection_removal alpha=0.6 seed=0 workflow=native_netlsd status=success
2026-06-10 00:45:31,103 INFO row_complete 72/2640 dataset=erdos_renyi perturbation=triangle_injection_removal alpha=0.6 seed=0 workflow=diversity_curves_shortest_path status=success
2026-06-10 00:48:48,517 INFO row_complete 73/2640 dataset=erdos_renyi perturbation=triangle_injection_removal alpha=0.7 seed=0 workflow=structural_statistics_mmd status=success
2026-06-10 00:48:48,519 INFO row_complete 74/2640 dataset=erdos_renyi perturbation=triangle_injection_removal alpha=0.7 seed=0 workflow=wl_subtree_kernel_mmd status=success
2026-06-10 00:48:48,520 INFO row_complete 75/2640 dataset=erdos_renyi perturbation=triangle_injection_removal alpha=0.7 seed=0 workflow=native_netlsd status=success
2026-06-10 00:48:48,521 INFO row_complete 76/2640 dataset=erdos_renyi perturbation=triangle_injection_removal alpha=0.7 seed=0 workflow=diversity_curves_shortest_path status=success
2026-06-10 00:52:05,416 INFO row_complete 77/2640 dataset=erdos_renyi perturbation=triangle_injection_removal alpha=0.8 seed=0 workflow=structural_statistics_mmd status=success
2026-06-10 00:52:05,417 INFO row_complete 78/2640 dataset=erdos_renyi perturbation=triangle_injection_removal alpha=0.8 seed=0 workflow=wl_subtree_kernel_mmd status=success
2026-06-10 00:52:05,418 INFO row_complete 79/2640 dataset=erdos_renyi perturbation=triangle_injection_removal alpha=0.8 seed=0 workflow=native_netlsd status=success
2026-06-10 00:52:05,419 INFO row_complete 80/2640 dataset=erdos_renyi perturbation=triangle_injection_removal alpha=0.8 seed=0 workflow=diversity_curves_shortest_path status=success
2026-06-10 00:55:23,149 INFO row_complete 81/2640 dataset=erdos_renyi perturbation=triangle_injection_removal alpha=0.9 seed=0 workflow=structural_statistics_mmd status=success
2026-06-10 00:55:23,150 INFO row_complete 82/2640 dataset=erdos_renyi perturbation=triangle_injection_removal alpha=0.9 seed=0 workflow=wl_subtree_kernel_mmd status=success
2026-06-10 00:55:23,151 INFO row_complete 83/2640 dataset=erdos_renyi perturbation=triangle_injection_removal alpha=0.9 seed=0 workflow=native_netlsd status=success
2026-06-10 00:55:23,152 INFO row_complete 84/2640 dataset=erdos_renyi perturbation=triangle_injection_removal alpha=0.9 seed=0 workflow=diversity_curves_shortest_path status=success
2026-06-10 00:58:40,717 INFO row_complete 85/2640 dataset=erdos_renyi perturbation=triangle_injection_removal alpha=1.0 seed=0 workflow=structural_statistics_mmd status=success
2026-06-10 00:58:40,718 INFO row_complete 86/2640 dataset=erdos_renyi perturbation=triangle_injection_removal alpha=1.0 seed=0 workflow=wl_subtree_kernel_mmd status=success
2026-06-10 00:58:40,719 INFO row_complete 87/2640 dataset=erdos_renyi perturbation=triangle_injection_removal alpha=1.0 seed=0 workflow=native_netlsd status=success
2026-06-10 00:58:40,720 INFO row_complete 88/2640 dataset=erdos_renyi perturbation=triangle_injection_removal alpha=1.0 seed=0 workflow=diversity_curves_shortest_path status=success
2026-06-10 00:58:40,744 INFO row_complete 89/2640 dataset=erdos_renyi perturbation=community_weakening alpha=0.0 seed=0 workflow=structural_statistics_mmd status=skipped
2026-06-10 00:58:40,745 INFO row_complete 90/2640 dataset=erdos_renyi perturbation=community_weakening alpha=0.0 seed=0 workflow=wl_subtree_kernel_mmd status=skipped
2026-06-10 00:58:40,746 INFO row_complete 91/2640 dataset=erdos_renyi perturbation=community_weakening alpha=0.0 seed=0 workflow=native_netlsd status=skipped
2026-06-10 00:58:40,747 INFO row_complete 92/2640 dataset=erdos_renyi perturbation=community_weakening alpha=0.0 seed=0 workflow=diversity_curves_shortest_path status=skipped
2026-06-10 00:58:40,776 INFO row_complete 93/2640 dataset=erdos_renyi perturbation=community_weakening alpha=0.1 seed=0 workflow=structural_statistics_mmd status=skipped
2026-06-10 00:58:40,777 INFO row_complete 94/2640 dataset=erdos_renyi perturbation=community_weakening alpha=0.1 seed=0 workflow=wl_subtree_kernel_mmd status=skipped
2026-06-10 00:58:40,777 INFO row_complete 95/2640 dataset=erdos_renyi perturbation=community_weakening alpha=0.1 seed=0 workflow=native_netlsd status=skipped
2026-06-10 00:58:40,778 INFO row_complete 96/2640 dataset=erdos_renyi perturbation=community_weakening alpha=0.1 seed=0 workflow=diversity_curves_shortest_path status=skipped
2026-06-10 00:58:40,798 INFO row_complete 97/2640 dataset=erdos_renyi perturbation=community_weakening alpha=0.2 seed=0 workflow=structural_statistics_mmd status=skipped
2026-06-10 00:58:40,799 INFO row_complete 98/2640 dataset=erdos_renyi perturbation=community_weakening alpha=0.2 seed=0 workflow=wl_subtree_kernel_mmd status=skipped
2026-06-10 00:58:40,800 INFO row_complete 99/2640 dataset=erdos_renyi perturbation=community_weakening alpha=0.2 seed=0 workflow=native_netlsd status=skipped
2026-06-10 00:58:40,800 INFO row_complete 100/2640 dataset=erdos_renyi perturbation=community_weakening alpha=0.2 seed=0 workflow=diversity_curves_shortest_path status=skipped
2026-06-10 00:58:40,826 INFO row_complete 101/2640 dataset=erdos_renyi perturbation=community_weakening alpha=0.3 seed=0 workflow=structural_statistics_mmd status=skipped
2026-06-10 00:58:40,827 INFO row_complete 102/2640 dataset=erdos_renyi perturbation=community_weakening alpha=0.3 seed=0 workflow=wl_subtree_kernel_mmd status=skipped
2026-06-10 00:58:40,828 INFO row_complete 103/2640 dataset=erdos_renyi perturbation=community_weakening alpha=0.3 seed=0 workflow=native_netlsd status=skipped
2026-06-10 00:58:40,829 INFO row_complete 104/2640 dataset=erdos_renyi perturbation=community_weakening alpha=0.3 seed=0 workflow=diversity_curves_shortest_path status=skipped
2026-06-10 00:58:40,848 INFO row_complete 105/2640 dataset=erdos_renyi perturbation=community_weakening alpha=0.4 seed=0 workflow=structural_statistics_mmd status=skipped
2026-06-10 00:58:40,850 INFO row_complete 106/2640 dataset=erdos_renyi perturbation=community_weakening alpha=0.4 seed=0 workflow=wl_subtree_kernel_mmd status=skipped
2026-06-10 00:58:40,850 INFO row_complete 107/2640 dataset=erdos_renyi perturbation=community_weakening alpha=0.4 seed=0 workflow=native_netlsd status=skipped
2026-06-10 00:58:40,851 INFO row_complete 108/2640 dataset=erdos_renyi perturbation=community_weakening alpha=0.4 seed=0 workflow=diversity_curves_shortest_path status=skipped
2026-06-10 00:58:40,873 INFO row_complete 109/2640 dataset=erdos_renyi perturbation=community_weakening alpha=0.5 seed=0 workflow=structural_statistics_mmd status=skipped
2026-06-10 00:58:40,874 INFO row_complete 110/2640 dataset=erdos_renyi perturbation=community_weakening alpha=0.5 seed=0 workflow=wl_subtree_kernel_mmd status=skipped
2026-06-10 00:58:40,875 INFO row_complete 111/2640 dataset=erdos_renyi perturbation=community_weakening alpha=0.5 seed=0 workflow=native_netlsd status=skipped
2026-06-10 00:58:40,876 INFO row_complete 112/2640 dataset=erdos_renyi perturbation=community_weakening alpha=0.5 seed=0 workflow=diversity_curves_shortest_path status=skipped
2026-06-10 00:58:40,895 INFO row_complete 113/2640 dataset=erdos_renyi perturbation=community_weakening alpha=0.6 seed=0 workflow=structural_statistics_mmd status=skipped
2026-06-10 00:58:40,896 INFO row_complete 114/2640 dataset=erdos_renyi perturbation=community_weakening alpha=0.6 seed=0 workflow=wl_subtree_kernel_mmd status=skipped
2026-06-10 00:58:40,897 INFO row_complete 115/2640 dataset=erdos_renyi perturbation=community_weakening alpha=0.6 seed=0 workflow=native_netlsd status=skipped
2026-06-10 00:58:40,898 INFO row_complete 116/2640 dataset=erdos_renyi perturbation=community_weakening alpha=0.6 seed=0 workflow=diversity_curves_shortest_path status=skipped
2026-06-10 00:58:40,918 INFO row_complete 117/2640 dataset=erdos_renyi perturbation=community_weakening alpha=0.7 seed=0 workflow=structural_statistics_mmd status=skipped
2026-06-10 00:58:40,919 INFO row_complete 118/2640 dataset=erdos_renyi perturbation=community_weakening alpha=0.7 seed=0 workflow=wl_subtree_kernel_mmd status=skipped
2026-06-10 00:58:40,920 INFO row_complete 119/2640 dataset=erdos_renyi perturbation=community_weakening alpha=0.7 seed=0 workflow=native_netlsd status=skipped
2026-06-10 00:58:40,921 INFO row_complete 120/2640 dataset=erdos_renyi perturbation=community_weakening alpha=0.7 seed=0 workflow=diversity_curves_shortest_path status=skipped
2026-06-10 00:58:40,940 INFO row_complete 121/2640 dataset=erdos_renyi perturbation=community_weakening alpha=0.8 seed=0 workflow=structural_statistics_mmd status=skipped
2026-06-10 00:58:40,941 INFO row_complete 122/2640 dataset=erdos_renyi perturbation=community_weakening alpha=0.8 seed=0 workflow=wl_subtree_kernel_mmd status=skipped
2026-06-10 00:58:40,942 INFO row_complete 123/2640 dataset=erdos_renyi perturbation=community_weakening alpha=0.8 seed=0 workflow=native_netlsd status=skipped
2026-06-10 00:58:40,943 INFO row_complete 124/2640 dataset=erdos_renyi perturbation=community_weakening alpha=0.8 seed=0 workflow=diversity_curves_shortest_path status=skipped
2026-06-10 00:58:40,963 INFO row_complete 125/2640 dataset=erdos_renyi perturbation=community_weakening alpha=0.9 seed=0 workflow=structural_statistics_mmd status=skipped
2026-06-10 00:58:40,964 INFO row_complete 126/2640 dataset=erdos_renyi perturbation=community_weakening alpha=0.9 seed=0 workflow=wl_subtree_kernel_mmd status=skipped
2026-06-10 00:58:40,965 INFO row_complete 127/2640 dataset=erdos_renyi perturbation=community_weakening alpha=0.9 seed=0 workflow=native_netlsd status=skipped
2026-06-10 00:58:40,966 INFO row_complete 128/2640 dataset=erdos_renyi perturbation=community_weakening alpha=0.9 seed=0 workflow=diversity_curves_shortest_path status=skipped
2026-06-10 00:58:40,992 INFO row_complete 129/2640 dataset=erdos_renyi perturbation=community_weakening alpha=1.0 seed=0 workflow=structural_statistics_mmd status=skipped
2026-06-10 00:58:40,994 INFO row_complete 130/2640 dataset=erdos_renyi perturbation=community_weakening alpha=1.0 seed=0 workflow=wl_subtree_kernel_mmd status=skipped
2026-06-10 00:58:40,994 INFO row_complete 131/2640 dataset=erdos_renyi perturbation=community_weakening alpha=1.0 seed=0 workflow=native_netlsd status=skipped
2026-06-10 00:58:40,995 INFO row_complete 132/2640 dataset=erdos_renyi perturbation=community_weakening alpha=1.0 seed=0 workflow=diversity_curves_shortest_path status=skipped
2026-06-10 01:02:01,070 INFO row_complete 133/2640 dataset=erdos_renyi perturbation=hub_modification alpha=0.0 seed=0 workflow=structural_statistics_mmd status=success
2026-06-10 01:02:01,071 INFO row_complete 134/2640 dataset=erdos_renyi perturbation=hub_modification alpha=0.0 seed=0 workflow=wl_subtree_kernel_mmd status=success
2026-06-10 01:02:01,072 INFO row_complete 135/2640 dataset=erdos_renyi perturbation=hub_modification alpha=0.0 seed=0 workflow=native_netlsd status=success
2026-06-10 01:02:01,073 INFO row_complete 136/2640 dataset=erdos_renyi perturbation=hub_modification alpha=0.0 seed=0 workflow=diversity_curves_shortest_path status=success
2026-06-10 01:05:20,141 INFO row_complete 137/2640 dataset=erdos_renyi perturbation=hub_modification alpha=0.1 seed=0 workflow=structural_statistics_mmd status=success
2026-06-10 01:05:20,143 INFO row_complete 138/2640 dataset=erdos_renyi perturbation=hub_modification alpha=0.1 seed=0 workflow=wl_subtree_kernel_mmd status=success
2026-06-10 01:05:20,144 INFO row_complete 139/2640 dataset=erdos_renyi perturbation=hub_modification alpha=0.1 seed=0 workflow=native_netlsd status=success
2026-06-10 01:05:20,145 INFO row_complete 140/2640 dataset=erdos_renyi perturbation=hub_modification alpha=0.1 seed=0 workflow=diversity_curves_shortest_path status=success
2026-06-10 01:08:38,736 INFO row_complete 141/2640 dataset=erdos_renyi perturbation=hub_modification alpha=0.2 seed=0 workflow=structural_statistics_mmd status=success
2026-06-10 01:08:38,737 INFO row_complete 142/2640 dataset=erdos_renyi perturbation=hub_modification alpha=0.2 seed=0 workflow=wl_subtree_kernel_mmd status=success
2026-06-10 01:08:38,738 INFO row_complete 143/2640 dataset=erdos_renyi perturbation=hub_modification alpha=0.2 seed=0 workflow=native_netlsd status=success
2026-06-10 01:08:38,739 INFO row_complete 144/2640 dataset=erdos_renyi perturbation=hub_modification alpha=0.2 seed=0 workflow=diversity_curves_shortest_path status=success
2026-06-10 01:11:57,605 INFO row_complete 145/2640 dataset=erdos_renyi perturbation=hub_modification alpha=0.3 seed=0 workflow=structural_statistics_mmd status=success
2026-06-10 01:11:57,607 INFO row_complete 146/2640 dataset=erdos_renyi perturbation=hub_modification alpha=0.3 seed=0 workflow=wl_subtree_kernel_mmd status=success
2026-06-10 01:11:57,608 INFO row_complete 147/2640 dataset=erdos_renyi perturbation=hub_modification alpha=0.3 seed=0 workflow=native_netlsd status=success
2026-06-10 01:11:57,609 INFO row_complete 148/2640 dataset=erdos_renyi perturbation=hub_modification alpha=0.3 seed=0 workflow=diversity_curves_shortest_path status=success
2026-06-10 01:15:16,274 INFO row_complete 149/2640 dataset=erdos_renyi perturbation=hub_modification alpha=0.4 seed=0 workflow=structural_statistics_mmd status=success
2026-06-10 01:15:16,276 INFO row_complete 150/2640 dataset=erdos_renyi perturbation=hub_modification alpha=0.4 seed=0 workflow=wl_subtree_kernel_mmd status=success
2026-06-10 01:15:16,277 INFO row_complete 151/2640 dataset=erdos_renyi perturbation=hub_modification alpha=0.4 seed=0 workflow=native_netlsd status=success
2026-06-10 01:15:16,277 INFO row_complete 152/2640 dataset=erdos_renyi perturbation=hub_modification alpha=0.4 seed=0 workflow=diversity_curves_shortest_path status=success
2026-06-10 01:18:35,171 INFO row_complete 153/2640 dataset=erdos_renyi perturbation=hub_modification alpha=0.5 seed=0 workflow=structural_statistics_mmd status=success
2026-06-10 01:18:35,172 INFO row_complete 154/2640 dataset=erdos_renyi perturbation=hub_modification alpha=0.5 seed=0 workflow=wl_subtree_kernel_mmd status=success
2026-06-10 01:18:35,173 INFO row_complete 155/2640 dataset=erdos_renyi perturbation=hub_modification alpha=0.5 seed=0 workflow=native_netlsd status=success
2026-06-10 01:18:35,174 INFO row_complete 156/2640 dataset=erdos_renyi perturbation=hub_modification alpha=0.5 seed=0 workflow=diversity_curves_shortest_path status=success
2026-06-10 01:21:54,413 INFO row_complete 157/2640 dataset=erdos_renyi perturbation=hub_modification alpha=0.6 seed=0 workflow=structural_statistics_mmd status=success
2026-06-10 01:21:54,415 INFO row_complete 158/2640 dataset=erdos_renyi perturbation=hub_modification alpha=0.6 seed=0 workflow=wl_subtree_kernel_mmd status=success
2026-06-10 01:21:54,416 INFO row_complete 159/2640 dataset=erdos_renyi perturbation=hub_modification alpha=0.6 seed=0 workflow=native_netlsd status=success
2026-06-10 01:21:54,416 INFO row_complete 160/2640 dataset=erdos_renyi perturbation=hub_modification alpha=0.6 seed=0 workflow=diversity_curves_shortest_path status=success
2026-06-10 01:25:13,469 INFO row_complete 161/2640 dataset=erdos_renyi perturbation=hub_modification alpha=0.7 seed=0 workflow=structural_statistics_mmd status=success
2026-06-10 01:25:13,470 INFO row_complete 162/2640 dataset=erdos_renyi perturbation=hub_modification alpha=0.7 seed=0 workflow=wl_subtree_kernel_mmd status=success
2026-06-10 01:25:13,471 INFO row_complete 163/2640 dataset=erdos_renyi perturbation=hub_modification alpha=0.7 seed=0 workflow=native_netlsd status=success
2026-06-10 01:25:13,472 INFO row_complete 164/2640 dataset=erdos_renyi perturbation=hub_modification alpha=0.7 seed=0 workflow=diversity_curves_shortest_path status=success
2026-06-10 01:28:35,154 INFO row_complete 165/2640 dataset=erdos_renyi perturbation=hub_modification alpha=0.8 seed=0 workflow=structural_statistics_mmd status=success
2026-06-10 01:28:35,155 INFO row_complete 166/2640 dataset=erdos_renyi perturbation=hub_modification alpha=0.8 seed=0 workflow=wl_subtree_kernel_mmd status=success
2026-06-10 01:28:35,156 INFO row_complete 167/2640 dataset=erdos_renyi perturbation=hub_modification alpha=0.8 seed=0 workflow=native_netlsd status=success
2026-06-10 01:28:35,156 INFO row_complete 168/2640 dataset=erdos_renyi perturbation=hub_modification alpha=0.8 seed=0 workflow=diversity_curves_shortest_path status=success
2026-06-10 01:31:54,097 INFO row_complete 169/2640 dataset=erdos_renyi perturbation=hub_modification alpha=0.9 seed=0 workflow=structural_statistics_mmd status=success
2026-06-10 01:31:54,099 INFO row_complete 170/2640 dataset=erdos_renyi perturbation=hub_modification alpha=0.9 seed=0 workflow=wl_subtree_kernel_mmd status=success
2026-06-10 01:31:54,100 INFO row_complete 171/2640 dataset=erdos_renyi perturbation=hub_modification alpha=0.9 seed=0 workflow=native_netlsd status=success
2026-06-10 01:31:54,100 INFO row_complete 172/2640 dataset=erdos_renyi perturbation=hub_modification alpha=0.9 seed=0 workflow=diversity_curves_shortest_path status=success
2026-06-10 01:35:13,120 INFO row_complete 173/2640 dataset=erdos_renyi perturbation=hub_modification alpha=1.0 seed=0 workflow=structural_statistics_mmd status=success
2026-06-10 01:35:13,121 INFO row_complete 174/2640 dataset=erdos_renyi perturbation=hub_modification alpha=1.0 seed=0 workflow=wl_subtree_kernel_mmd status=success
2026-06-10 01:35:13,122 INFO row_complete 175/2640 dataset=erdos_renyi perturbation=hub_modification alpha=1.0 seed=0 workflow=native_netlsd status=success
2026-06-10 01:35:13,122 INFO row_complete 176/2640 dataset=erdos_renyi perturbation=hub_modification alpha=1.0 seed=0 workflow=diversity_curves_shortest_path status=success
2026-06-10 01:37:45,859 INFO row_complete 177/2640 dataset=stochastic_block_model perturbation=edge_addition_deletion alpha=0.0 seed=0 workflow=structural_statistics_mmd status=success
2026-06-10 01:37:45,861 INFO row_complete 178/2640 dataset=stochastic_block_model perturbation=edge_addition_deletion alpha=0.0 seed=0 workflow=wl_subtree_kernel_mmd status=success
2026-06-10 01:37:45,862 INFO row_complete 179/2640 dataset=stochastic_block_model perturbation=edge_addition_deletion alpha=0.0 seed=0 workflow=native_netlsd status=success
2026-06-10 01:37:45,863 INFO row_complete 180/2640 dataset=stochastic_block_model perturbation=edge_addition_deletion alpha=0.0 seed=0 workflow=diversity_curves_shortest_path status=success
2026-06-10 01:40:19,460 INFO row_complete 181/2640 dataset=stochastic_block_model perturbation=edge_addition_deletion alpha=0.1 seed=0 workflow=structural_statistics_mmd status=success
2026-06-10 01:40:19,461 INFO row_complete 182/2640 dataset=stochastic_block_model perturbation=edge_addition_deletion alpha=0.1 seed=0 workflow=wl_subtree_kernel_mmd status=success
2026-06-10 01:40:19,462 INFO row_complete 183/2640 dataset=stochastic_block_model perturbation=edge_addition_deletion alpha=0.1 seed=0 workflow=native_netlsd status=success
2026-06-10 01:40:19,462 INFO row_complete 184/2640 dataset=stochastic_block_model perturbation=edge_addition_deletion alpha=0.1 seed=0 workflow=diversity_curves_shortest_path status=success
2026-06-10 01:42:53,377 INFO row_complete 185/2640 dataset=stochastic_block_model perturbation=edge_addition_deletion alpha=0.2 seed=0 workflow=structural_statistics_mmd status=success
2026-06-10 01:42:53,378 INFO row_complete 186/2640 dataset=stochastic_block_model perturbation=edge_addition_deletion alpha=0.2 seed=0 workflow=wl_subtree_kernel_mmd status=success
2026-06-10 01:42:53,378 INFO row_complete 187/2640 dataset=stochastic_block_model perturbation=edge_addition_deletion alpha=0.2 seed=0 workflow=native_netlsd status=success
2026-06-10 01:42:53,379 INFO row_complete 188/2640 dataset=stochastic_block_model perturbation=edge_addition_deletion alpha=0.2 seed=0 workflow=diversity_curves_shortest_path status=success
2026-06-10 01:45:28,052 INFO row_complete 189/2640 dataset=stochastic_block_model perturbation=edge_addition_deletion alpha=0.3 seed=0 workflow=structural_statistics_mmd status=success
2026-06-10 01:45:28,054 INFO row_complete 190/2640 dataset=stochastic_block_model perturbation=edge_addition_deletion alpha=0.3 seed=0 workflow=wl_subtree_kernel_mmd status=success
2026-06-10 01:45:28,054 INFO row_complete 191/2640 dataset=stochastic_block_model perturbation=edge_addition_deletion alpha=0.3 seed=0 workflow=native_netlsd status=success
2026-06-10 01:45:28,055 INFO row_complete 192/2640 dataset=stochastic_block_model perturbation=edge_addition_deletion alpha=0.3 seed=0 workflow=diversity_curves_shortest_path status=success
2026-06-10 01:48:02,443 INFO row_complete 193/2640 dataset=stochastic_block_model perturbation=edge_addition_deletion alpha=0.4 seed=0 workflow=structural_statistics_mmd status=success
2026-06-10 01:48:02,444 INFO row_complete 194/2640 dataset=stochastic_block_model perturbation=edge_addition_deletion alpha=0.4 seed=0 workflow=wl_subtree_kernel_mmd status=success
2026-06-10 01:48:02,445 INFO row_complete 195/2640 dataset=stochastic_block_model perturbation=edge_addition_deletion alpha=0.4 seed=0 workflow=native_netlsd status=success
2026-06-10 01:48:02,446 INFO row_complete 196/2640 dataset=stochastic_block_model perturbation=edge_addition_deletion alpha=0.4 seed=0 workflow=diversity_curves_shortest_path status=success
2026-06-10 01:50:38,441 INFO row_complete 197/2640 dataset=stochastic_block_model perturbation=edge_addition_deletion alpha=0.5 seed=0 workflow=structural_statistics_mmd status=success
2026-06-10 01:50:38,442 INFO row_complete 198/2640 dataset=stochastic_block_model perturbation=edge_addition_deletion alpha=0.5 seed=0 workflow=wl_subtree_kernel_mmd status=success
2026-06-10 01:50:38,443 INFO row_complete 199/2640 dataset=stochastic_block_model perturbation=edge_addition_deletion alpha=0.5 seed=0 workflow=native_netlsd status=success
2026-06-10 01:50:38,444 INFO row_complete 200/2640 dataset=stochastic_block_model perturbation=edge_addition_deletion alpha=0.5 seed=0 workflow=diversity_curves_shortest_path status=success
2026-06-10 01:53:13,308 INFO row_complete 201/2640 dataset=stochastic_block_model perturbation=edge_addition_deletion alpha=0.6 seed=0 workflow=structural_statistics_mmd status=success
2026-06-10 01:53:13,309 INFO row_complete 202/2640 dataset=stochastic_block_model perturbation=edge_addition_deletion alpha=0.6 seed=0 workflow=wl_subtree_kernel_mmd status=success
2026-06-10 01:53:13,310 INFO row_complete 203/2640 dataset=stochastic_block_model perturbation=edge_addition_deletion alpha=0.6 seed=0 workflow=native_netlsd status=success
2026-06-10 01:53:13,310 INFO row_complete 204/2640 dataset=stochastic_block_model perturbation=edge_addition_deletion alpha=0.6 seed=0 workflow=diversity_curves_shortest_path status=success
2026-06-10 01:55:48,797 INFO row_complete 205/2640 dataset=stochastic_block_model perturbation=edge_addition_deletion alpha=0.7 seed=0 workflow=structural_statistics_mmd status=success
2026-06-10 01:55:48,799 INFO row_complete 206/2640 dataset=stochastic_block_model perturbation=edge_addition_deletion alpha=0.7 seed=0 workflow=wl_subtree_kernel_mmd status=success
2026-06-10 01:55:48,800 INFO row_complete 207/2640 dataset=stochastic_block_model perturbation=edge_addition_deletion alpha=0.7 seed=0 workflow=native_netlsd status=success
2026-06-10 01:55:48,800 INFO row_complete 208/2640 dataset=stochastic_block_model perturbation=edge_addition_deletion alpha=0.7 seed=0 workflow=diversity_curves_shortest_path status=success
2026-06-10 01:58:23,972 INFO row_complete 209/2640 dataset=stochastic_block_model perturbation=edge_addition_deletion alpha=0.8 seed=0 workflow=structural_statistics_mmd status=success
2026-06-10 01:58:23,973 INFO row_complete 210/2640 dataset=stochastic_block_model perturbation=edge_addition_deletion alpha=0.8 seed=0 workflow=wl_subtree_kernel_mmd status=success
2026-06-10 01:58:23,974 INFO row_complete 211/2640 dataset=stochastic_block_model perturbation=edge_addition_deletion alpha=0.8 seed=0 workflow=native_netlsd status=success
2026-06-10 01:58:23,975 INFO row_complete 212/2640 dataset=stochastic_block_model perturbation=edge_addition_deletion alpha=0.8 seed=0 workflow=diversity_curves_shortest_path status=success
2026-06-10 02:00:59,929 INFO row_complete 213/2640 dataset=stochastic_block_model perturbation=edge_addition_deletion alpha=0.9 seed=0 workflow=structural_statistics_mmd status=success
2026-06-10 02:00:59,930 INFO row_complete 214/2640 dataset=stochastic_block_model perturbation=edge_addition_deletion alpha=0.9 seed=0 workflow=wl_subtree_kernel_mmd status=success
2026-06-10 02:00:59,931 INFO row_complete 215/2640 dataset=stochastic_block_model perturbation=edge_addition_deletion alpha=0.9 seed=0 workflow=native_netlsd status=success
2026-06-10 02:00:59,932 INFO row_complete 216/2640 dataset=stochastic_block_model perturbation=edge_addition_deletion alpha=0.9 seed=0 workflow=diversity_curves_shortest_path status=success
2026-06-10 02:03:35,876 INFO row_complete 217/2640 dataset=stochastic_block_model perturbation=edge_addition_deletion alpha=1.0 seed=0 workflow=structural_statistics_mmd status=success
2026-06-10 02:03:35,877 INFO row_complete 218/2640 dataset=stochastic_block_model perturbation=edge_addition_deletion alpha=1.0 seed=0 workflow=wl_subtree_kernel_mmd status=success
2026-06-10 02:03:35,878 INFO row_complete 219/2640 dataset=stochastic_block_model perturbation=edge_addition_deletion alpha=1.0 seed=0 workflow=native_netlsd status=success
2026-06-10 02:03:35,879 INFO row_complete 220/2640 dataset=stochastic_block_model perturbation=edge_addition_deletion alpha=1.0 seed=0 workflow=diversity_curves_shortest_path status=success
2026-06-10 02:06:08,241 INFO row_complete 221/2640 dataset=stochastic_block_model perturbation=triangle_injection_removal alpha=0.0 seed=0 workflow=structural_statistics_mmd status=success
2026-06-10 02:06:08,242 INFO row_complete 222/2640 dataset=stochastic_block_model perturbation=triangle_injection_removal alpha=0.0 seed=0 workflow=wl_subtree_kernel_mmd status=success
2026-06-10 02:06:08,243 INFO row_complete 223/2640 dataset=stochastic_block_model perturbation=triangle_injection_removal alpha=0.0 seed=0 workflow=native_netlsd status=success
2026-06-10 02:06:08,244 INFO row_complete 224/2640 dataset=stochastic_block_model perturbation=triangle_injection_removal alpha=0.0 seed=0 workflow=diversity_curves_shortest_path status=success
2026-06-10 02:08:42,096 INFO row_complete 225/2640 dataset=stochastic_block_model perturbation=triangle_injection_removal alpha=0.1 seed=0 workflow=structural_statistics_mmd status=success
2026-06-10 02:08:42,098 INFO row_complete 226/2640 dataset=stochastic_block_model perturbation=triangle_injection_removal alpha=0.1 seed=0 workflow=wl_subtree_kernel_mmd status=success
2026-06-10 02:08:42,099 INFO row_complete 227/2640 dataset=stochastic_block_model perturbation=triangle_injection_removal alpha=0.1 seed=0 workflow=native_netlsd status=success
2026-06-10 02:08:42,099 INFO row_complete 228/2640 dataset=stochastic_block_model perturbation=triangle_injection_removal alpha=0.1 seed=0 workflow=diversity_curves_shortest_path status=success
2026-06-10 02:11:15,895 INFO row_complete 229/2640 dataset=stochastic_block_model perturbation=triangle_injection_removal alpha=0.2 seed=0 workflow=structural_statistics_mmd status=success
2026-06-10 02:11:15,897 INFO row_complete 230/2640 dataset=stochastic_block_model perturbation=triangle_injection_removal alpha=0.2 seed=0 workflow=wl_subtree_kernel_mmd status=success
2026-06-10 02:11:15,898 INFO row_complete 231/2640 dataset=stochastic_block_model perturbation=triangle_injection_removal alpha=0.2 seed=0 workflow=native_netlsd status=success
2026-06-10 02:11:15,899 INFO row_complete 232/2640 dataset=stochastic_block_model perturbation=triangle_injection_removal alpha=0.2 seed=0 workflow=diversity_curves_shortest_path status=success
2026-06-10 02:13:51,640 INFO row_complete 233/2640 dataset=stochastic_block_model perturbation=triangle_injection_removal alpha=0.3 seed=0 workflow=structural_statistics_mmd status=success
2026-06-10 02:13:51,641 INFO row_complete 234/2640 dataset=stochastic_block_model perturbation=triangle_injection_removal alpha=0.3 seed=0 workflow=wl_subtree_kernel_mmd status=success
2026-06-10 02:13:51,642 INFO row_complete 235/2640 dataset=stochastic_block_model perturbation=triangle_injection_removal alpha=0.3 seed=0 workflow=native_netlsd status=success
2026-06-10 02:13:51,643 INFO row_complete 236/2640 dataset=stochastic_block_model perturbation=triangle_injection_removal alpha=0.3 seed=0 workflow=diversity_curves_shortest_path status=success
2026-06-10 02:16:25,734 INFO row_complete 237/2640 dataset=stochastic_block_model perturbation=triangle_injection_removal alpha=0.4 seed=0 workflow=structural_statistics_mmd status=success
2026-06-10 02:16:25,736 INFO row_complete 238/2640 dataset=stochastic_block_model perturbation=triangle_injection_removal alpha=0.4 seed=0 workflow=wl_subtree_kernel_mmd status=success
2026-06-10 02:16:25,737 INFO row_complete 239/2640 dataset=stochastic_block_model perturbation=triangle_injection_removal alpha=0.4 seed=0 workflow=native_netlsd status=success
2026-06-10 02:16:25,737 INFO row_complete 240/2640 dataset=stochastic_block_model perturbation=triangle_injection_removal alpha=0.4 seed=0 workflow=diversity_curves_shortest_path status=success
2026-06-10 02:18:59,606 INFO row_complete 241/2640 dataset=stochastic_block_model perturbation=triangle_injection_removal alpha=0.5 seed=0 workflow=structural_statistics_mmd status=success
2026-06-10 02:18:59,608 INFO row_complete 242/2640 dataset=stochastic_block_model perturbation=triangle_injection_removal alpha=0.5 seed=0 workflow=wl_subtree_kernel_mmd status=success
2026-06-10 02:18:59,609 INFO row_complete 243/2640 dataset=stochastic_block_model perturbation=triangle_injection_removal alpha=0.5 seed=0 workflow=native_netlsd status=success
2026-06-10 02:18:59,609 INFO row_complete 244/2640 dataset=stochastic_block_model perturbation=triangle_injection_removal alpha=0.5 seed=0 workflow=diversity_curves_shortest_path status=success
2026-06-10 02:21:33,691 INFO row_complete 245/2640 dataset=stochastic_block_model perturbation=triangle_injection_removal alpha=0.6 seed=0 workflow=structural_statistics_mmd status=success
2026-06-10 02:21:33,692 INFO row_complete 246/2640 dataset=stochastic_block_model perturbation=triangle_injection_removal alpha=0.6 seed=0 workflow=wl_subtree_kernel_mmd status=success
2026-06-10 02:21:33,693 INFO row_complete 247/2640 dataset=stochastic_block_model perturbation=triangle_injection_removal alpha=0.6 seed=0 workflow=native_netlsd status=success
2026-06-10 02:21:33,694 INFO row_complete 248/2640 dataset=stochastic_block_model perturbation=triangle_injection_removal alpha=0.6 seed=0 workflow=diversity_curves_shortest_path status=success
2026-06-10 02:24:07,428 INFO row_complete 249/2640 dataset=stochastic_block_model perturbation=triangle_injection_removal alpha=0.7 seed=0 workflow=structural_statistics_mmd status=success
2026-06-10 02:24:07,429 INFO row_complete 250/2640 dataset=stochastic_block_model perturbation=triangle_injection_removal alpha=0.7 seed=0 workflow=wl_subtree_kernel_mmd status=success
2026-06-10 02:24:07,430 INFO row_complete 251/2640 dataset=stochastic_block_model perturbation=triangle_injection_removal alpha=0.7 seed=0 workflow=native_netlsd status=success
2026-06-10 02:24:07,430 INFO row_complete 252/2640 dataset=stochastic_block_model perturbation=triangle_injection_removal alpha=0.7 seed=0 workflow=diversity_curves_shortest_path status=success
2026-06-10 02:26:41,721 INFO row_complete 253/2640 dataset=stochastic_block_model perturbation=triangle_injection_removal alpha=0.8 seed=0 workflow=structural_statistics_mmd status=success
2026-06-10 02:26:41,722 INFO row_complete 254/2640 dataset=stochastic_block_model perturbation=triangle_injection_removal alpha=0.8 seed=0 workflow=wl_subtree_kernel_mmd status=success
2026-06-10 02:26:41,723 INFO row_complete 255/2640 dataset=stochastic_block_model perturbation=triangle_injection_removal alpha=0.8 seed=0 workflow=native_netlsd status=success
2026-06-10 02:26:41,723 INFO row_complete 256/2640 dataset=stochastic_block_model perturbation=triangle_injection_removal alpha=0.8 seed=0 workflow=diversity_curves_shortest_path status=success
2026-06-10 02:29:15,565 INFO row_complete 257/2640 dataset=stochastic_block_model perturbation=triangle_injection_removal alpha=0.9 seed=0 workflow=structural_statistics_mmd status=success
2026-06-10 02:29:15,566 INFO row_complete 258/2640 dataset=stochastic_block_model perturbation=triangle_injection_removal alpha=0.9 seed=0 workflow=wl_subtree_kernel_mmd status=success
2026-06-10 02:29:15,567 INFO row_complete 259/2640 dataset=stochastic_block_model perturbation=triangle_injection_removal alpha=0.9 seed=0 workflow=native_netlsd status=success
2026-06-10 02:29:15,568 INFO row_complete 260/2640 dataset=stochastic_block_model perturbation=triangle_injection_removal alpha=0.9 seed=0 workflow=diversity_curves_shortest_path status=success
2026-06-10 02:31:50,491 INFO row_complete 261/2640 dataset=stochastic_block_model perturbation=triangle_injection_removal alpha=1.0 seed=0 workflow=structural_statistics_mmd status=success
2026-06-10 02:31:50,492 INFO row_complete 262/2640 dataset=stochastic_block_model perturbation=triangle_injection_removal alpha=1.0 seed=0 workflow=wl_subtree_kernel_mmd status=success
2026-06-10 02:31:50,493 INFO row_complete 263/2640 dataset=stochastic_block_model perturbation=triangle_injection_removal alpha=1.0 seed=0 workflow=native_netlsd status=success
2026-06-10 02:31:50,494 INFO row_complete 264/2640 dataset=stochastic_block_model perturbation=triangle_injection_removal alpha=1.0 seed=0 workflow=diversity_curves_shortest_path status=success
2026-06-10 02:34:24,398 INFO row_complete 265/2640 dataset=stochastic_block_model perturbation=community_weakening alpha=0.0 seed=0 workflow=structural_statistics_mmd status=success
2026-06-10 02:34:24,400 INFO row_complete 266/2640 dataset=stochastic_block_model perturbation=community_weakening alpha=0.0 seed=0 workflow=wl_subtree_kernel_mmd status=success
2026-06-10 02:34:24,400 INFO row_complete 267/2640 dataset=stochastic_block_model perturbation=community_weakening alpha=0.0 seed=0 workflow=native_netlsd status=success
2026-06-10 02:34:24,401 INFO row_complete 268/2640 dataset=stochastic_block_model perturbation=community_weakening alpha=0.0 seed=0 workflow=diversity_curves_shortest_path status=success
2026-06-10 02:36:58,814 INFO row_complete 269/2640 dataset=stochastic_block_model perturbation=community_weakening alpha=0.1 seed=0 workflow=structural_statistics_mmd status=success
2026-06-10 02:36:58,815 INFO row_complete 270/2640 dataset=stochastic_block_model perturbation=community_weakening alpha=0.1 seed=0 workflow=wl_subtree_kernel_mmd status=success
2026-06-10 02:36:58,816 INFO row_complete 271/2640 dataset=stochastic_block_model perturbation=community_weakening alpha=0.1 seed=0 workflow=native_netlsd status=success
2026-06-10 02:36:58,816 INFO row_complete 272/2640 dataset=stochastic_block_model perturbation=community_weakening alpha=0.1 seed=0 workflow=diversity_curves_shortest_path status=success
2026-06-10 02:39:33,523 INFO row_complete 273/2640 dataset=stochastic_block_model perturbation=community_weakening alpha=0.2 seed=0 workflow=structural_statistics_mmd status=success
2026-06-10 02:39:33,524 INFO row_complete 274/2640 dataset=stochastic_block_model perturbation=community_weakening alpha=0.2 seed=0 workflow=wl_subtree_kernel_mmd status=success
2026-06-10 02:39:33,525 INFO row_complete 275/2640 dataset=stochastic_block_model perturbation=community_weakening alpha=0.2 seed=0 workflow=native_netlsd status=success
2026-06-10 02:39:33,526 INFO row_complete 276/2640 dataset=stochastic_block_model perturbation=community_weakening alpha=0.2 seed=0 workflow=diversity_curves_shortest_path status=success
2026-06-10 02:42:08,778 INFO row_complete 277/2640 dataset=stochastic_block_model perturbation=community_weakening alpha=0.3 seed=0 workflow=structural_statistics_mmd status=success
2026-06-10 02:42:08,780 INFO row_complete 278/2640 dataset=stochastic_block_model perturbation=community_weakening alpha=0.3 seed=0 workflow=wl_subtree_kernel_mmd status=success
2026-06-10 02:42:08,781 INFO row_complete 279/2640 dataset=stochastic_block_model perturbation=community_weakening alpha=0.3 seed=0 workflow=native_netlsd status=success
2026-06-10 02:42:08,781 INFO row_complete 280/2640 dataset=stochastic_block_model perturbation=community_weakening alpha=0.3 seed=0 workflow=diversity_curves_shortest_path status=success
2026-06-10 02:44:44,237 INFO row_complete 281/2640 dataset=stochastic_block_model perturbation=community_weakening alpha=0.4 seed=0 workflow=structural_statistics_mmd status=success
2026-06-10 02:44:44,238 INFO row_complete 282/2640 dataset=stochastic_block_model perturbation=community_weakening alpha=0.4 seed=0 workflow=wl_subtree_kernel_mmd status=success
2026-06-10 02:44:44,239 INFO row_complete 283/2640 dataset=stochastic_block_model perturbation=community_weakening alpha=0.4 seed=0 workflow=native_netlsd status=success
2026-06-10 02:44:44,240 INFO row_complete 284/2640 dataset=stochastic_block_model perturbation=community_weakening alpha=0.4 seed=0 workflow=diversity_curves_shortest_path status=success
2026-06-10 02:47:20,167 INFO row_complete 285/2640 dataset=stochastic_block_model perturbation=community_weakening alpha=0.5 seed=0 workflow=structural_statistics_mmd status=success
2026-06-10 02:47:20,169 INFO row_complete 286/2640 dataset=stochastic_block_model perturbation=community_weakening alpha=0.5 seed=0 workflow=wl_subtree_kernel_mmd status=success
2026-06-10 02:47:20,169 INFO row_complete 287/2640 dataset=stochastic_block_model perturbation=community_weakening alpha=0.5 seed=0 workflow=native_netlsd status=success
2026-06-10 02:47:20,170 INFO row_complete 288/2640 dataset=stochastic_block_model perturbation=community_weakening alpha=0.5 seed=0 workflow=diversity_curves_shortest_path status=success
2026-06-10 02:49:55,494 INFO row_complete 289/2640 dataset=stochastic_block_model perturbation=community_weakening alpha=0.6 seed=0 workflow=structural_statistics_mmd status=success
2026-06-10 02:49:55,495 INFO row_complete 290/2640 dataset=stochastic_block_model perturbation=community_weakening alpha=0.6 seed=0 workflow=wl_subtree_kernel_mmd status=success
2026-06-10 02:49:55,496 INFO row_complete 291/2640 dataset=stochastic_block_model perturbation=community_weakening alpha=0.6 seed=0 workflow=native_netlsd status=success
2026-06-10 02:49:55,497 INFO row_complete 292/2640 dataset=stochastic_block_model perturbation=community_weakening alpha=0.6 seed=0 workflow=diversity_curves_shortest_path status=success
2026-06-10 02:52:30,759 INFO row_complete 293/2640 dataset=stochastic_block_model perturbation=community_weakening alpha=0.7 seed=0 workflow=structural_statistics_mmd status=success
2026-06-10 02:52:30,760 INFO row_complete 294/2640 dataset=stochastic_block_model perturbation=community_weakening alpha=0.7 seed=0 workflow=wl_subtree_kernel_mmd status=success
2026-06-10 02:52:30,761 INFO row_complete 295/2640 dataset=stochastic_block_model perturbation=community_weakening alpha=0.7 seed=0 workflow=native_netlsd status=success
2026-06-10 02:52:30,762 INFO row_complete 296/2640 dataset=stochastic_block_model perturbation=community_weakening alpha=0.7 seed=0 workflow=diversity_curves_shortest_path status=success
2026-06-10 02:55:08,068 INFO row_complete 297/2640 dataset=stochastic_block_model perturbation=community_weakening alpha=0.8 seed=0 workflow=structural_statistics_mmd status=success
2026-06-10 02:55:08,069 INFO row_complete 298/2640 dataset=stochastic_block_model perturbation=community_weakening alpha=0.8 seed=0 workflow=wl_subtree_kernel_mmd status=success
2026-06-10 02:55:08,070 INFO row_complete 299/2640 dataset=stochastic_block_model perturbation=community_weakening alpha=0.8 seed=0 workflow=native_netlsd status=success
2026-06-10 02:55:08,071 INFO row_complete 300/2640 dataset=stochastic_block_model perturbation=community_weakening alpha=0.8 seed=0 workflow=diversity_curves_shortest_path status=success
2026-06-10 02:57:44,006 INFO row_complete 301/2640 dataset=stochastic_block_model perturbation=community_weakening alpha=0.9 seed=0 workflow=structural_statistics_mmd status=success
2026-06-10 02:57:44,007 INFO row_complete 302/2640 dataset=stochastic_block_model perturbation=community_weakening alpha=0.9 seed=0 workflow=wl_subtree_kernel_mmd status=success
2026-06-10 02:57:44,008 INFO row_complete 303/2640 dataset=stochastic_block_model perturbation=community_weakening alpha=0.9 seed=0 workflow=native_netlsd status=success
2026-06-10 02:57:44,009 INFO row_complete 304/2640 dataset=stochastic_block_model perturbation=community_weakening alpha=0.9 seed=0 workflow=diversity_curves_shortest_path status=success
2026-06-10 03:00:19,514 INFO row_complete 305/2640 dataset=stochastic_block_model perturbation=community_weakening alpha=1.0 seed=0 workflow=structural_statistics_mmd status=success
2026-06-10 03:00:19,515 INFO row_complete 306/2640 dataset=stochastic_block_model perturbation=community_weakening alpha=1.0 seed=0 workflow=wl_subtree_kernel_mmd status=success
2026-06-10 03:00:19,516 INFO row_complete 307/2640 dataset=stochastic_block_model perturbation=community_weakening alpha=1.0 seed=0 workflow=native_netlsd status=success
2026-06-10 03:00:19,517 INFO row_complete 308/2640 dataset=stochastic_block_model perturbation=community_weakening alpha=1.0 seed=0 workflow=diversity_curves_shortest_path status=success
2026-06-10 03:02:52,285 INFO row_complete 309/2640 dataset=stochastic_block_model perturbation=hub_modification alpha=0.0 seed=0 workflow=structural_statistics_mmd status=success
2026-06-10 03:02:52,287 INFO row_complete 310/2640 dataset=stochastic_block_model perturbation=hub_modification alpha=0.0 seed=0 workflow=wl_subtree_kernel_mmd status=success
2026-06-10 03:02:52,288 INFO row_complete 311/2640 dataset=stochastic_block_model perturbation=hub_modification alpha=0.0 seed=0 workflow=native_netlsd status=success
2026-06-10 03:02:52,288 INFO row_complete 312/2640 dataset=stochastic_block_model perturbation=hub_modification alpha=0.0 seed=0 workflow=diversity_curves_shortest_path status=success
2026-06-10 03:05:26,681 INFO row_complete 313/2640 dataset=stochastic_block_model perturbation=hub_modification alpha=0.1 seed=0 workflow=structural_statistics_mmd status=success
2026-06-10 03:05:26,682 INFO row_complete 314/2640 dataset=stochastic_block_model perturbation=hub_modification alpha=0.1 seed=0 workflow=wl_subtree_kernel_mmd status=success
2026-06-10 03:05:26,683 INFO row_complete 315/2640 dataset=stochastic_block_model perturbation=hub_modification alpha=0.1 seed=0 workflow=native_netlsd status=success
2026-06-10 03:05:26,684 INFO row_complete 316/2640 dataset=stochastic_block_model perturbation=hub_modification alpha=0.1 seed=0 workflow=diversity_curves_shortest_path status=success
2026-06-10 03:08:01,957 INFO row_complete 317/2640 dataset=stochastic_block_model perturbation=hub_modification alpha=0.2 seed=0 workflow=structural_statistics_mmd status=success
2026-06-10 03:08:01,958 INFO row_complete 318/2640 dataset=stochastic_block_model perturbation=hub_modification alpha=0.2 seed=0 workflow=wl_subtree_kernel_mmd status=success
2026-06-10 03:08:01,959 INFO row_complete 319/2640 dataset=stochastic_block_model perturbation=hub_modification alpha=0.2 seed=0 workflow=native_netlsd status=success
2026-06-10 03:08:01,960 INFO row_complete 320/2640 dataset=stochastic_block_model perturbation=hub_modification alpha=0.2 seed=0 workflow=diversity_curves_shortest_path status=success
2026-06-10 03:10:36,933 INFO row_complete 321/2640 dataset=stochastic_block_model perturbation=hub_modification alpha=0.3 seed=0 workflow=structural_statistics_mmd status=success
2026-06-10 03:10:36,935 INFO row_complete 322/2640 dataset=stochastic_block_model perturbation=hub_modification alpha=0.3 seed=0 workflow=wl_subtree_kernel_mmd status=success
2026-06-10 03:10:36,936 INFO row_complete 323/2640 dataset=stochastic_block_model perturbation=hub_modification alpha=0.3 seed=0 workflow=native_netlsd status=success
2026-06-10 03:10:36,936 INFO row_complete 324/2640 dataset=stochastic_block_model perturbation=hub_modification alpha=0.3 seed=0 workflow=diversity_curves_shortest_path status=success
2026-06-10 03:13:12,372 INFO row_complete 325/2640 dataset=stochastic_block_model perturbation=hub_modification alpha=0.4 seed=0 workflow=structural_statistics_mmd status=success
2026-06-10 03:13:12,373 INFO row_complete 326/2640 dataset=stochastic_block_model perturbation=hub_modification alpha=0.4 seed=0 workflow=wl_subtree_kernel_mmd status=success
2026-06-10 03:13:12,374 INFO row_complete 327/2640 dataset=stochastic_block_model perturbation=hub_modification alpha=0.4 seed=0 workflow=native_netlsd status=success
2026-06-10 03:13:12,375 INFO row_complete 328/2640 dataset=stochastic_block_model perturbation=hub_modification alpha=0.4 seed=0 workflow=diversity_curves_shortest_path status=success
2026-06-10 03:15:47,419 INFO row_complete 329/2640 dataset=stochastic_block_model perturbation=hub_modification alpha=0.5 seed=0 workflow=structural_statistics_mmd status=success
2026-06-10 03:15:47,420 INFO row_complete 330/2640 dataset=stochastic_block_model perturbation=hub_modification alpha=0.5 seed=0 workflow=wl_subtree_kernel_mmd status=success
2026-06-10 03:15:47,421 INFO row_complete 331/2640 dataset=stochastic_block_model perturbation=hub_modification alpha=0.5 seed=0 workflow=native_netlsd status=success
2026-06-10 03:15:47,422 INFO row_complete 332/2640 dataset=stochastic_block_model perturbation=hub_modification alpha=0.5 seed=0 workflow=diversity_curves_shortest_path status=success
2026-06-10 03:18:23,279 INFO row_complete 333/2640 dataset=stochastic_block_model perturbation=hub_modification alpha=0.6 seed=0 workflow=structural_statistics_mmd status=success
2026-06-10 03:18:23,280 INFO row_complete 334/2640 dataset=stochastic_block_model perturbation=hub_modification alpha=0.6 seed=0 workflow=wl_subtree_kernel_mmd status=success
2026-06-10 03:18:23,281 INFO row_complete 335/2640 dataset=stochastic_block_model perturbation=hub_modification alpha=0.6 seed=0 workflow=native_netlsd status=success
2026-06-10 03:18:23,282 INFO row_complete 336/2640 dataset=stochastic_block_model perturbation=hub_modification alpha=0.6 seed=0 workflow=diversity_curves_shortest_path status=success
2026-06-10 03:20:57,756 INFO row_complete 337/2640 dataset=stochastic_block_model perturbation=hub_modification alpha=0.7 seed=0 workflow=structural_statistics_mmd status=success
2026-06-10 03:20:57,758 INFO row_complete 338/2640 dataset=stochastic_block_model perturbation=hub_modification alpha=0.7 seed=0 workflow=wl_subtree_kernel_mmd status=success
2026-06-10 03:20:57,759 INFO row_complete 339/2640 dataset=stochastic_block_model perturbation=hub_modification alpha=0.7 seed=0 workflow=native_netlsd status=success
2026-06-10 03:20:57,759 INFO row_complete 340/2640 dataset=stochastic_block_model perturbation=hub_modification alpha=0.7 seed=0 workflow=diversity_curves_shortest_path status=success
2026-06-10 03:23:32,215 INFO row_complete 341/2640 dataset=stochastic_block_model perturbation=hub_modification alpha=0.8 seed=0 workflow=structural_statistics_mmd status=success
2026-06-10 03:23:32,217 INFO row_complete 342/2640 dataset=stochastic_block_model perturbation=hub_modification alpha=0.8 seed=0 workflow=wl_subtree_kernel_mmd status=success
2026-06-10 03:23:32,218 INFO row_complete 343/2640 dataset=stochastic_block_model perturbation=hub_modification alpha=0.8 seed=0 workflow=native_netlsd status=success
2026-06-10 03:23:32,218 INFO row_complete 344/2640 dataset=stochastic_block_model perturbation=hub_modification alpha=0.8 seed=0 workflow=diversity_curves_shortest_path status=success
2026-06-10 03:26:07,135 INFO row_complete 345/2640 dataset=stochastic_block_model perturbation=hub_modification alpha=0.9 seed=0 workflow=structural_statistics_mmd status=success
2026-06-10 03:26:07,137 INFO row_complete 346/2640 dataset=stochastic_block_model perturbation=hub_modification alpha=0.9 seed=0 workflow=wl_subtree_kernel_mmd status=success
2026-06-10 03:26:07,138 INFO row_complete 347/2640 dataset=stochastic_block_model perturbation=hub_modification alpha=0.9 seed=0 workflow=native_netlsd status=success
2026-06-10 03:26:07,138 INFO row_complete 348/2640 dataset=stochastic_block_model perturbation=hub_modification alpha=0.9 seed=0 workflow=diversity_curves_shortest_path status=success
2026-06-10 03:28:42,392 INFO row_complete 349/2640 dataset=stochastic_block_model perturbation=hub_modification alpha=1.0 seed=0 workflow=structural_statistics_mmd status=success
2026-06-10 03:28:42,394 INFO row_complete 350/2640 dataset=stochastic_block_model perturbation=hub_modification alpha=1.0 seed=0 workflow=wl_subtree_kernel_mmd status=success
2026-06-10 03:28:42,394 INFO row_complete 351/2640 dataset=stochastic_block_model perturbation=hub_modification alpha=1.0 seed=0 workflow=native_netlsd status=success
2026-06-10 03:28:42,395 INFO row_complete 352/2640 dataset=stochastic_block_model perturbation=hub_modification alpha=1.0 seed=0 workflow=diversity_curves_shortest_path status=success
2026-06-10 03:31:04,201 INFO row_complete 353/2640 dataset=barabasi_albert perturbation=edge_addition_deletion alpha=0.0 seed=0 workflow=structural_statistics_mmd status=success
2026-06-10 03:31:04,203 INFO row_complete 354/2640 dataset=barabasi_albert perturbation=edge_addition_deletion alpha=0.0 seed=0 workflow=wl_subtree_kernel_mmd status=success
2026-06-10 03:31:04,204 INFO row_complete 355/2640 dataset=barabasi_albert perturbation=edge_addition_deletion alpha=0.0 seed=0 workflow=native_netlsd status=success
2026-06-10 03:31:04,204 INFO row_complete 356/2640 dataset=barabasi_albert perturbation=edge_addition_deletion alpha=0.0 seed=0 workflow=diversity_curves_shortest_path status=success
2026-06-10 03:33:25,513 INFO row_complete 357/2640 dataset=barabasi_albert perturbation=edge_addition_deletion alpha=0.1 seed=0 workflow=structural_statistics_mmd status=success
2026-06-10 03:33:25,514 INFO row_complete 358/2640 dataset=barabasi_albert perturbation=edge_addition_deletion alpha=0.1 seed=0 workflow=wl_subtree_kernel_mmd status=success
2026-06-10 03:33:25,515 INFO row_complete 359/2640 dataset=barabasi_albert perturbation=edge_addition_deletion alpha=0.1 seed=0 workflow=native_netlsd status=success
2026-06-10 03:33:25,516 INFO row_complete 360/2640 dataset=barabasi_albert perturbation=edge_addition_deletion alpha=0.1 seed=0 workflow=diversity_curves_shortest_path status=success
2026-06-10 03:35:46,826 INFO row_complete 361/2640 dataset=barabasi_albert perturbation=edge_addition_deletion alpha=0.2 seed=0 workflow=structural_statistics_mmd status=success
2026-06-10 03:35:46,828 INFO row_complete 362/2640 dataset=barabasi_albert perturbation=edge_addition_deletion alpha=0.2 seed=0 workflow=wl_subtree_kernel_mmd status=success
2026-06-10 03:35:46,829 INFO row_complete 363/2640 dataset=barabasi_albert perturbation=edge_addition_deletion alpha=0.2 seed=0 workflow=native_netlsd status=success
2026-06-10 03:35:46,829 INFO row_complete 364/2640 dataset=barabasi_albert perturbation=edge_addition_deletion alpha=0.2 seed=0 workflow=diversity_curves_shortest_path status=success
2026-06-10 03:38:08,680 INFO row_complete 365/2640 dataset=barabasi_albert perturbation=edge_addition_deletion alpha=0.3 seed=0 workflow=structural_statistics_mmd status=success
2026-06-10 03:38:08,681 INFO row_complete 366/2640 dataset=barabasi_albert perturbation=edge_addition_deletion alpha=0.3 seed=0 workflow=wl_subtree_kernel_mmd status=success
2026-06-10 03:38:08,681 INFO row_complete 367/2640 dataset=barabasi_albert perturbation=edge_addition_deletion alpha=0.3 seed=0 workflow=native_netlsd status=success
2026-06-10 03:38:08,682 INFO row_complete 368/2640 dataset=barabasi_albert perturbation=edge_addition_deletion alpha=0.3 seed=0 workflow=diversity_curves_shortest_path status=success
2026-06-10 03:40:28,409 INFO row_complete 369/2640 dataset=barabasi_albert perturbation=edge_addition_deletion alpha=0.4 seed=0 workflow=structural_statistics_mmd status=success
2026-06-10 03:40:28,410 INFO row_complete 370/2640 dataset=barabasi_albert perturbation=edge_addition_deletion alpha=0.4 seed=0 workflow=wl_subtree_kernel_mmd status=success
2026-06-10 03:40:28,411 INFO row_complete 371/2640 dataset=barabasi_albert perturbation=edge_addition_deletion alpha=0.4 seed=0 workflow=native_netlsd status=success
2026-06-10 03:40:28,412 INFO row_complete 372/2640 dataset=barabasi_albert perturbation=edge_addition_deletion alpha=0.4 seed=0 workflow=diversity_curves_shortest_path status=success
2026-06-10 03:42:50,023 INFO row_complete 373/2640 dataset=barabasi_albert perturbation=edge_addition_deletion alpha=0.5 seed=0 workflow=structural_statistics_mmd status=success
2026-06-10 03:42:50,025 INFO row_complete 374/2640 dataset=barabasi_albert perturbation=edge_addition_deletion alpha=0.5 seed=0 workflow=wl_subtree_kernel_mmd status=success
2026-06-10 03:42:50,025 INFO row_complete 375/2640 dataset=barabasi_albert perturbation=edge_addition_deletion alpha=0.5 seed=0 workflow=native_netlsd status=success
2026-06-10 03:42:50,026 INFO row_complete 376/2640 dataset=barabasi_albert perturbation=edge_addition_deletion alpha=0.5 seed=0 workflow=diversity_curves_shortest_path status=success
2026-06-10 03:45:09,449 INFO row_complete 377/2640 dataset=barabasi_albert perturbation=edge_addition_deletion alpha=0.6 seed=0 workflow=structural_statistics_mmd status=success
2026-06-10 03:45:09,451 INFO row_complete 378/2640 dataset=barabasi_albert perturbation=edge_addition_deletion alpha=0.6 seed=0 workflow=wl_subtree_kernel_mmd status=success
2026-06-10 03:45:09,452 INFO row_complete 379/2640 dataset=barabasi_albert perturbation=edge_addition_deletion alpha=0.6 seed=0 workflow=native_netlsd status=success
2026-06-10 03:45:09,453 INFO row_complete 380/2640 dataset=barabasi_albert perturbation=edge_addition_deletion alpha=0.6 seed=0 workflow=diversity_curves_shortest_path status=success
2026-06-10 03:47:29,030 INFO row_complete 381/2640 dataset=barabasi_albert perturbation=edge_addition_deletion alpha=0.7 seed=0 workflow=structural_statistics_mmd status=success
2026-06-10 03:47:29,030 INFO row_complete 382/2640 dataset=barabasi_albert perturbation=edge_addition_deletion alpha=0.7 seed=0 workflow=wl_subtree_kernel_mmd status=success
2026-06-10 03:47:29,031 INFO row_complete 383/2640 dataset=barabasi_albert perturbation=edge_addition_deletion alpha=0.7 seed=0 workflow=native_netlsd status=success
2026-06-10 03:47:29,032 INFO row_complete 384/2640 dataset=barabasi_albert perturbation=edge_addition_deletion alpha=0.7 seed=0 workflow=diversity_curves_shortest_path status=success
2026-06-10 03:49:48,810 INFO row_complete 385/2640 dataset=barabasi_albert perturbation=edge_addition_deletion alpha=0.8 seed=0 workflow=structural_statistics_mmd status=success
2026-06-10 03:49:48,812 INFO row_complete 386/2640 dataset=barabasi_albert perturbation=edge_addition_deletion alpha=0.8 seed=0 workflow=wl_subtree_kernel_mmd status=success
2026-06-10 03:49:48,812 INFO row_complete 387/2640 dataset=barabasi_albert perturbation=edge_addition_deletion alpha=0.8 seed=0 workflow=native_netlsd status=success
2026-06-10 03:49:48,813 INFO row_complete 388/2640 dataset=barabasi_albert perturbation=edge_addition_deletion alpha=0.8 seed=0 workflow=diversity_curves_shortest_path status=success
2026-06-10 03:52:07,815 INFO row_complete 389/2640 dataset=barabasi_albert perturbation=edge_addition_deletion alpha=0.9 seed=0 workflow=structural_statistics_mmd status=success
2026-06-10 03:52:07,816 INFO row_complete 390/2640 dataset=barabasi_albert perturbation=edge_addition_deletion alpha=0.9 seed=0 workflow=wl_subtree_kernel_mmd status=success
2026-06-10 03:52:07,818 INFO row_complete 391/2640 dataset=barabasi_albert perturbation=edge_addition_deletion alpha=0.9 seed=0 workflow=native_netlsd status=success
2026-06-10 03:52:07,819 INFO row_complete 392/2640 dataset=barabasi_albert perturbation=edge_addition_deletion alpha=0.9 seed=0 workflow=diversity_curves_shortest_path status=success
2026-06-10 03:54:26,747 INFO row_complete 393/2640 dataset=barabasi_albert perturbation=edge_addition_deletion alpha=1.0 seed=0 workflow=structural_statistics_mmd status=success
2026-06-10 03:54:26,748 INFO row_complete 394/2640 dataset=barabasi_albert perturbation=edge_addition_deletion alpha=1.0 seed=0 workflow=wl_subtree_kernel_mmd status=success
2026-06-10 03:54:26,749 INFO row_complete 395/2640 dataset=barabasi_albert perturbation=edge_addition_deletion alpha=1.0 seed=0 workflow=native_netlsd status=success
2026-06-10 03:54:26,749 INFO row_complete 396/2640 dataset=barabasi_albert perturbation=edge_addition_deletion alpha=1.0 seed=0 workflow=diversity_curves_shortest_path status=success
2026-06-10 03:56:47,491 INFO row_complete 397/2640 dataset=barabasi_albert perturbation=triangle_injection_removal alpha=0.0 seed=0 workflow=structural_statistics_mmd status=success
2026-06-10 03:56:47,493 INFO row_complete 398/2640 dataset=barabasi_albert perturbation=triangle_injection_removal alpha=0.0 seed=0 workflow=wl_subtree_kernel_mmd status=success
2026-06-10 03:56:47,494 INFO row_complete 399/2640 dataset=barabasi_albert perturbation=triangle_injection_removal alpha=0.0 seed=0 workflow=native_netlsd status=success
2026-06-10 03:56:47,494 INFO row_complete 400/2640 dataset=barabasi_albert perturbation=triangle_injection_removal alpha=0.0 seed=0 workflow=diversity_curves_shortest_path status=success
2026-06-10 03:59:09,324 INFO row_complete 401/2640 dataset=barabasi_albert perturbation=triangle_injection_removal alpha=0.1 seed=0 workflow=structural_statistics_mmd status=success
2026-06-10 03:59:09,325 INFO row_complete 402/2640 dataset=barabasi_albert perturbation=triangle_injection_removal alpha=0.1 seed=0 workflow=wl_subtree_kernel_mmd status=success
2026-06-10 03:59:09,327 INFO row_complete 403/2640 dataset=barabasi_albert perturbation=triangle_injection_removal alpha=0.1 seed=0 workflow=native_netlsd status=success
2026-06-10 03:59:09,327 INFO row_complete 404/2640 dataset=barabasi_albert perturbation=triangle_injection_removal alpha=0.1 seed=0 workflow=diversity_curves_shortest_path status=success
2026-06-10 04:01:30,138 INFO row_complete 405/2640 dataset=barabasi_albert perturbation=triangle_injection_removal alpha=0.2 seed=0 workflow=structural_statistics_mmd status=success
2026-06-10 04:01:30,139 INFO row_complete 406/2640 dataset=barabasi_albert perturbation=triangle_injection_removal alpha=0.2 seed=0 workflow=wl_subtree_kernel_mmd status=success
2026-06-10 04:01:30,140 INFO row_complete 407/2640 dataset=barabasi_albert perturbation=triangle_injection_removal alpha=0.2 seed=0 workflow=native_netlsd status=success
2026-06-10 04:01:30,149 INFO row_complete 408/2640 dataset=barabasi_albert perturbation=triangle_injection_removal alpha=0.2 seed=0 workflow=diversity_curves_shortest_path status=success
2026-06-10 04:03:51,459 INFO row_complete 409/2640 dataset=barabasi_albert perturbation=triangle_injection_removal alpha=0.3 seed=0 workflow=structural_statistics_mmd status=success
2026-06-10 04:03:51,461 INFO row_complete 410/2640 dataset=barabasi_albert perturbation=triangle_injection_removal alpha=0.3 seed=0 workflow=wl_subtree_kernel_mmd status=success
2026-06-10 04:03:51,462 INFO row_complete 411/2640 dataset=barabasi_albert perturbation=triangle_injection_removal alpha=0.3 seed=0 workflow=native_netlsd status=success
2026-06-10 04:03:51,462 INFO row_complete 412/2640 dataset=barabasi_albert perturbation=triangle_injection_removal alpha=0.3 seed=0 workflow=diversity_curves_shortest_path status=success
2026-06-10 04:06:13,143 INFO row_complete 413/2640 dataset=barabasi_albert perturbation=triangle_injection_removal alpha=0.4 seed=0 workflow=structural_statistics_mmd status=success
2026-06-10 04:06:13,145 INFO row_complete 414/2640 dataset=barabasi_albert perturbation=triangle_injection_removal alpha=0.4 seed=0 workflow=wl_subtree_kernel_mmd status=success
2026-06-10 04:06:13,146 INFO row_complete 415/2640 dataset=barabasi_albert perturbation=triangle_injection_removal alpha=0.4 seed=0 workflow=native_netlsd status=success
2026-06-10 04:06:13,147 INFO row_complete 416/2640 dataset=barabasi_albert perturbation=triangle_injection_removal alpha=0.4 seed=0 workflow=diversity_curves_shortest_path status=success
2026-06-10 04:08:33,480 INFO row_complete 417/2640 dataset=barabasi_albert perturbation=triangle_injection_removal alpha=0.5 seed=0 workflow=structural_statistics_mmd status=success
2026-06-10 04:08:33,483 INFO row_complete 418/2640 dataset=barabasi_albert perturbation=triangle_injection_removal alpha=0.5 seed=0 workflow=wl_subtree_kernel_mmd status=success
2026-06-10 04:08:33,484 INFO row_complete 419/2640 dataset=barabasi_albert perturbation=triangle_injection_removal alpha=0.5 seed=0 workflow=native_netlsd status=success
2026-06-10 04:08:33,485 INFO row_complete 420/2640 dataset=barabasi_albert perturbation=triangle_injection_removal alpha=0.5 seed=0 workflow=diversity_curves_shortest_path status=success
2026-06-10 04:10:53,271 INFO row_complete 421/2640 dataset=barabasi_albert perturbation=triangle_injection_removal alpha=0.6 seed=0 workflow=structural_statistics_mmd status=success
2026-06-10 04:10:53,273 INFO row_complete 422/2640 dataset=barabasi_albert perturbation=triangle_injection_removal alpha=0.6 seed=0 workflow=wl_subtree_kernel_mmd status=success
2026-06-10 04:10:53,273 INFO row_complete 423/2640 dataset=barabasi_albert perturbation=triangle_injection_removal alpha=0.6 seed=0 workflow=native_netlsd status=success
2026-06-10 04:10:53,274 INFO row_complete 424/2640 dataset=barabasi_albert perturbation=triangle_injection_removal alpha=0.6 seed=0 workflow=diversity_curves_shortest_path status=success
2026-06-10 04:13:13,634 INFO row_complete 425/2640 dataset=barabasi_albert perturbation=triangle_injection_removal alpha=0.7 seed=0 workflow=structural_statistics_mmd status=success
2026-06-10 04:13:13,636 INFO row_complete 426/2640 dataset=barabasi_albert perturbation=triangle_injection_removal alpha=0.7 seed=0 workflow=wl_subtree_kernel_mmd status=success
2026-06-10 04:13:13,637 INFO row_complete 427/2640 dataset=barabasi_albert perturbation=triangle_injection_removal alpha=0.7 seed=0 workflow=native_netlsd status=success
2026-06-10 04:13:13,637 INFO row_complete 428/2640 dataset=barabasi_albert perturbation=triangle_injection_removal alpha=0.7 seed=0 workflow=diversity_curves_shortest_path status=success
2026-06-10 04:15:34,067 INFO row_complete 429/2640 dataset=barabasi_albert perturbation=triangle_injection_removal alpha=0.8 seed=0 workflow=structural_statistics_mmd status=success
2026-06-10 04:15:34,069 INFO row_complete 430/2640 dataset=barabasi_albert perturbation=triangle_injection_removal alpha=0.8 seed=0 workflow=wl_subtree_kernel_mmd status=success
2026-06-10 04:15:34,070 INFO row_complete 431/2640 dataset=barabasi_albert perturbation=triangle_injection_removal alpha=0.8 seed=0 workflow=native_netlsd status=success
2026-06-10 04:15:34,070 INFO row_complete 432/2640 dataset=barabasi_albert perturbation=triangle_injection_removal alpha=0.8 seed=0 workflow=diversity_curves_shortest_path status=success
2026-06-10 04:17:55,440 INFO row_complete 433/2640 dataset=barabasi_albert perturbation=triangle_injection_removal alpha=0.9 seed=0 workflow=structural_statistics_mmd status=success
2026-06-10 04:17:55,441 INFO row_complete 434/2640 dataset=barabasi_albert perturbation=triangle_injection_removal alpha=0.9 seed=0 workflow=wl_subtree_kernel_mmd status=success
2026-06-10 04:17:55,442 INFO row_complete 435/2640 dataset=barabasi_albert perturbation=triangle_injection_removal alpha=0.9 seed=0 workflow=native_netlsd status=success
2026-06-10 04:17:55,443 INFO row_complete 436/2640 dataset=barabasi_albert perturbation=triangle_injection_removal alpha=0.9 seed=0 workflow=diversity_curves_shortest_path status=success
2026-06-10 04:20:15,747 INFO row_complete 437/2640 dataset=barabasi_albert perturbation=triangle_injection_removal alpha=1.0 seed=0 workflow=structural_statistics_mmd status=success
2026-06-10 04:20:15,749 INFO row_complete 438/2640 dataset=barabasi_albert perturbation=triangle_injection_removal alpha=1.0 seed=0 workflow=wl_subtree_kernel_mmd status=success
2026-06-10 04:20:15,750 INFO row_complete 439/2640 dataset=barabasi_albert perturbation=triangle_injection_removal alpha=1.0 seed=0 workflow=native_netlsd status=success
2026-06-10 04:20:15,750 INFO row_complete 440/2640 dataset=barabasi_albert perturbation=triangle_injection_removal alpha=1.0 seed=0 workflow=diversity_curves_shortest_path status=success
2026-06-10 04:20:15,766 INFO row_complete 441/2640 dataset=barabasi_albert perturbation=community_weakening alpha=0.0 seed=0 workflow=structural_statistics_mmd status=skipped
2026-06-10 04:20:15,767 INFO row_complete 442/2640 dataset=barabasi_albert perturbation=community_weakening alpha=0.0 seed=0 workflow=wl_subtree_kernel_mmd status=skipped
2026-06-10 04:20:15,767 INFO row_complete 443/2640 dataset=barabasi_albert perturbation=community_weakening alpha=0.0 seed=0 workflow=native_netlsd status=skipped
2026-06-10 04:20:15,768 INFO row_complete 444/2640 dataset=barabasi_albert perturbation=community_weakening alpha=0.0 seed=0 workflow=diversity_curves_shortest_path status=skipped
2026-06-10 04:20:15,782 INFO row_complete 445/2640 dataset=barabasi_albert perturbation=community_weakening alpha=0.1 seed=0 workflow=structural_statistics_mmd status=skipped
2026-06-10 04:20:15,783 INFO row_complete 446/2640 dataset=barabasi_albert perturbation=community_weakening alpha=0.1 seed=0 workflow=wl_subtree_kernel_mmd status=skipped
2026-06-10 04:20:15,784 INFO row_complete 447/2640 dataset=barabasi_albert perturbation=community_weakening alpha=0.1 seed=0 workflow=native_netlsd status=skipped
2026-06-10 04:20:15,785 INFO row_complete 448/2640 dataset=barabasi_albert perturbation=community_weakening alpha=0.1 seed=0 workflow=diversity_curves_shortest_path status=skipped
2026-06-10 04:20:15,801 INFO row_complete 449/2640 dataset=barabasi_albert perturbation=community_weakening alpha=0.2 seed=0 workflow=structural_statistics_mmd status=skipped
2026-06-10 04:20:15,802 INFO row_complete 450/2640 dataset=barabasi_albert perturbation=community_weakening alpha=0.2 seed=0 workflow=wl_subtree_kernel_mmd status=skipped
2026-06-10 04:20:15,802 INFO row_complete 451/2640 dataset=barabasi_albert perturbation=community_weakening alpha=0.2 seed=0 workflow=native_netlsd status=skipped
2026-06-10 04:20:15,803 INFO row_complete 452/2640 dataset=barabasi_albert perturbation=community_weakening alpha=0.2 seed=0 workflow=diversity_curves_shortest_path status=skipped
2026-06-10 04:20:15,817 INFO row_complete 453/2640 dataset=barabasi_albert perturbation=community_weakening alpha=0.3 seed=0 workflow=structural_statistics_mmd status=skipped
2026-06-10 04:20:15,818 INFO row_complete 454/2640 dataset=barabasi_albert perturbation=community_weakening alpha=0.3 seed=0 workflow=wl_subtree_kernel_mmd status=skipped
2026-06-10 04:20:15,819 INFO row_complete 455/2640 dataset=barabasi_albert perturbation=community_weakening alpha=0.3 seed=0 workflow=native_netlsd status=skipped
2026-06-10 04:20:15,819 INFO row_complete 456/2640 dataset=barabasi_albert perturbation=community_weakening alpha=0.3 seed=0 workflow=diversity_curves_shortest_path status=skipped
2026-06-10 04:20:15,838 INFO row_complete 457/2640 dataset=barabasi_albert perturbation=community_weakening alpha=0.4 seed=0 workflow=structural_statistics_mmd status=skipped
2026-06-10 04:20:15,839 INFO row_complete 458/2640 dataset=barabasi_albert perturbation=community_weakening alpha=0.4 seed=0 workflow=wl_subtree_kernel_mmd status=skipped
2026-06-10 04:20:15,840 INFO row_complete 459/2640 dataset=barabasi_albert perturbation=community_weakening alpha=0.4 seed=0 workflow=native_netlsd status=skipped
2026-06-10 04:20:15,841 INFO row_complete 460/2640 dataset=barabasi_albert perturbation=community_weakening alpha=0.4 seed=0 workflow=diversity_curves_shortest_path status=skipped
2026-06-10 04:20:15,856 INFO row_complete 461/2640 dataset=barabasi_albert perturbation=community_weakening alpha=0.5 seed=0 workflow=structural_statistics_mmd status=skipped
2026-06-10 04:20:15,857 INFO row_complete 462/2640 dataset=barabasi_albert perturbation=community_weakening alpha=0.5 seed=0 workflow=wl_subtree_kernel_mmd status=skipped
2026-06-10 04:20:15,858 INFO row_complete 463/2640 dataset=barabasi_albert perturbation=community_weakening alpha=0.5 seed=0 workflow=native_netlsd status=skipped
2026-06-10 04:20:15,859 INFO row_complete 464/2640 dataset=barabasi_albert perturbation=community_weakening alpha=0.5 seed=0 workflow=diversity_curves_shortest_path status=skipped
2026-06-10 04:20:15,873 INFO row_complete 465/2640 dataset=barabasi_albert perturbation=community_weakening alpha=0.6 seed=0 workflow=structural_statistics_mmd status=skipped
2026-06-10 04:20:15,874 INFO row_complete 466/2640 dataset=barabasi_albert perturbation=community_weakening alpha=0.6 seed=0 workflow=wl_subtree_kernel_mmd status=skipped
2026-06-10 04:20:15,875 INFO row_complete 467/2640 dataset=barabasi_albert perturbation=community_weakening alpha=0.6 seed=0 workflow=native_netlsd status=skipped
2026-06-10 04:20:15,876 INFO row_complete 468/2640 dataset=barabasi_albert perturbation=community_weakening alpha=0.6 seed=0 workflow=diversity_curves_shortest_path status=skipped
2026-06-10 04:20:15,895 INFO row_complete 469/2640 dataset=barabasi_albert perturbation=community_weakening alpha=0.7 seed=0 workflow=structural_statistics_mmd status=skipped
2026-06-10 04:20:15,896 INFO row_complete 470/2640 dataset=barabasi_albert perturbation=community_weakening alpha=0.7 seed=0 workflow=wl_subtree_kernel_mmd status=skipped
2026-06-10 04:20:15,897 INFO row_complete 471/2640 dataset=barabasi_albert perturbation=community_weakening alpha=0.7 seed=0 workflow=native_netlsd status=skipped
2026-06-10 04:20:15,898 INFO row_complete 472/2640 dataset=barabasi_albert perturbation=community_weakening alpha=0.7 seed=0 workflow=diversity_curves_shortest_path status=skipped
2026-06-10 04:20:15,912 INFO row_complete 473/2640 dataset=barabasi_albert perturbation=community_weakening alpha=0.8 seed=0 workflow=structural_statistics_mmd status=skipped
2026-06-10 04:20:15,913 INFO row_complete 474/2640 dataset=barabasi_albert perturbation=community_weakening alpha=0.8 seed=0 workflow=wl_subtree_kernel_mmd status=skipped
2026-06-10 04:20:15,914 INFO row_complete 475/2640 dataset=barabasi_albert perturbation=community_weakening alpha=0.8 seed=0 workflow=native_netlsd status=skipped
2026-06-10 04:20:15,915 INFO row_complete 476/2640 dataset=barabasi_albert perturbation=community_weakening alpha=0.8 seed=0 workflow=diversity_curves_shortest_path status=skipped
2026-06-10 04:20:15,930 INFO row_complete 477/2640 dataset=barabasi_albert perturbation=community_weakening alpha=0.9 seed=0 workflow=structural_statistics_mmd status=skipped
2026-06-10 04:20:15,931 INFO row_complete 478/2640 dataset=barabasi_albert perturbation=community_weakening alpha=0.9 seed=0 workflow=wl_subtree_kernel_mmd status=skipped
2026-06-10 04:20:15,932 INFO row_complete 479/2640 dataset=barabasi_albert perturbation=community_weakening alpha=0.9 seed=0 workflow=native_netlsd status=skipped
2026-06-10 04:20:15,933 INFO row_complete 480/2640 dataset=barabasi_albert perturbation=community_weakening alpha=0.9 seed=0 workflow=diversity_curves_shortest_path status=skipped
2026-06-10 04:20:15,949 INFO row_complete 481/2640 dataset=barabasi_albert perturbation=community_weakening alpha=1.0 seed=0 workflow=structural_statistics_mmd status=skipped
2026-06-10 04:20:15,950 INFO row_complete 482/2640 dataset=barabasi_albert perturbation=community_weakening alpha=1.0 seed=0 workflow=wl_subtree_kernel_mmd status=skipped
2026-06-10 04:20:15,951 INFO row_complete 483/2640 dataset=barabasi_albert perturbation=community_weakening alpha=1.0 seed=0 workflow=native_netlsd status=skipped
2026-06-10 04:20:15,952 INFO row_complete 484/2640 dataset=barabasi_albert perturbation=community_weakening alpha=1.0 seed=0 workflow=diversity_curves_shortest_path status=skipped
2026-06-10 04:22:38,175 INFO row_complete 485/2640 dataset=barabasi_albert perturbation=hub_modification alpha=0.0 seed=0 workflow=structural_statistics_mmd status=success
2026-06-10 04:22:38,176 INFO row_complete 486/2640 dataset=barabasi_albert perturbation=hub_modification alpha=0.0 seed=0 workflow=wl_subtree_kernel_mmd status=success
2026-06-10 04:22:38,177 INFO row_complete 487/2640 dataset=barabasi_albert perturbation=hub_modification alpha=0.0 seed=0 workflow=native_netlsd status=success
2026-06-10 04:22:38,178 INFO row_complete 488/2640 dataset=barabasi_albert perturbation=hub_modification alpha=0.0 seed=0 workflow=diversity_curves_shortest_path status=success
2026-06-10 04:24:59,577 INFO row_complete 489/2640 dataset=barabasi_albert perturbation=hub_modification alpha=0.1 seed=0 workflow=structural_statistics_mmd status=success
2026-06-10 04:24:59,578 INFO row_complete 490/2640 dataset=barabasi_albert perturbation=hub_modification alpha=0.1 seed=0 workflow=wl_subtree_kernel_mmd status=success
2026-06-10 04:24:59,579 INFO row_complete 491/2640 dataset=barabasi_albert perturbation=hub_modification alpha=0.1 seed=0 workflow=native_netlsd status=success
2026-06-10 04:24:59,580 INFO row_complete 492/2640 dataset=barabasi_albert perturbation=hub_modification alpha=0.1 seed=0 workflow=diversity_curves_shortest_path status=success
2026-06-10 04:27:20,802 INFO row_complete 493/2640 dataset=barabasi_albert perturbation=hub_modification alpha=0.2 seed=0 workflow=structural_statistics_mmd status=success
2026-06-10 04:27:20,804 INFO row_complete 494/2640 dataset=barabasi_albert perturbation=hub_modification alpha=0.2 seed=0 workflow=wl_subtree_kernel_mmd status=success
2026-06-10 04:27:20,805 INFO row_complete 495/2640 dataset=barabasi_albert perturbation=hub_modification alpha=0.2 seed=0 workflow=native_netlsd status=success
2026-06-10 04:27:20,806 INFO row_complete 496/2640 dataset=barabasi_albert perturbation=hub_modification alpha=0.2 seed=0 workflow=diversity_curves_shortest_path status=success
2026-06-10 04:29:41,869 INFO row_complete 497/2640 dataset=barabasi_albert perturbation=hub_modification alpha=0.3 seed=0 workflow=structural_statistics_mmd status=success
2026-06-10 04:29:41,871 INFO row_complete 498/2640 dataset=barabasi_albert perturbation=hub_modification alpha=0.3 seed=0 workflow=wl_subtree_kernel_mmd status=success
2026-06-10 04:29:41,871 INFO row_complete 499/2640 dataset=barabasi_albert perturbation=hub_modification alpha=0.3 seed=0 workflow=native_netlsd status=success
2026-06-10 04:29:41,872 INFO row_complete 500/2640 dataset=barabasi_albert perturbation=hub_modification alpha=0.3 seed=0 workflow=diversity_curves_shortest_path status=success
2026-06-10 04:32:02,789 INFO row_complete 501/2640 dataset=barabasi_albert perturbation=hub_modification alpha=0.4 seed=0 workflow=structural_statistics_mmd status=success
2026-06-10 04:32:02,790 INFO row_complete 502/2640 dataset=barabasi_albert perturbation=hub_modification alpha=0.4 seed=0 workflow=wl_subtree_kernel_mmd status=success
2026-06-10 04:32:02,791 INFO row_complete 503/2640 dataset=barabasi_albert perturbation=hub_modification alpha=0.4 seed=0 workflow=native_netlsd status=success
2026-06-10 04:32:02,792 INFO row_complete 504/2640 dataset=barabasi_albert perturbation=hub_modification alpha=0.4 seed=0 workflow=diversity_curves_shortest_path status=success
2026-06-10 04:34:24,166 INFO row_complete 505/2640 dataset=barabasi_albert perturbation=hub_modification alpha=0.5 seed=0 workflow=structural_statistics_mmd status=success
2026-06-10 04:34:24,167 INFO row_complete 506/2640 dataset=barabasi_albert perturbation=hub_modification alpha=0.5 seed=0 workflow=wl_subtree_kernel_mmd status=success
2026-06-10 04:34:24,168 INFO row_complete 507/2640 dataset=barabasi_albert perturbation=hub_modification alpha=0.5 seed=0 workflow=native_netlsd status=success
2026-06-10 04:34:24,169 INFO row_complete 508/2640 dataset=barabasi_albert perturbation=hub_modification alpha=0.5 seed=0 workflow=diversity_curves_shortest_path status=success
2026-06-10 04:36:44,320 INFO row_complete 509/2640 dataset=barabasi_albert perturbation=hub_modification alpha=0.6 seed=0 workflow=structural_statistics_mmd status=success
2026-06-10 04:36:44,321 INFO row_complete 510/2640 dataset=barabasi_albert perturbation=hub_modification alpha=0.6 seed=0 workflow=wl_subtree_kernel_mmd status=success
2026-06-10 04:36:44,322 INFO row_complete 511/2640 dataset=barabasi_albert perturbation=hub_modification alpha=0.6 seed=0 workflow=native_netlsd status=success
2026-06-10 04:36:44,323 INFO row_complete 512/2640 dataset=barabasi_albert perturbation=hub_modification alpha=0.6 seed=0 workflow=diversity_curves_shortest_path status=success
2026-06-10 04:39:04,230 INFO row_complete 513/2640 dataset=barabasi_albert perturbation=hub_modification alpha=0.7 seed=0 workflow=structural_statistics_mmd status=success
2026-06-10 04:39:04,232 INFO row_complete 514/2640 dataset=barabasi_albert perturbation=hub_modification alpha=0.7 seed=0 workflow=wl_subtree_kernel_mmd status=success
2026-06-10 04:39:04,232 INFO row_complete 515/2640 dataset=barabasi_albert perturbation=hub_modification alpha=0.7 seed=0 workflow=native_netlsd status=success
2026-06-10 04:39:04,233 INFO row_complete 516/2640 dataset=barabasi_albert perturbation=hub_modification alpha=0.7 seed=0 workflow=diversity_curves_shortest_path status=success
2026-06-10 04:41:24,555 INFO row_complete 517/2640 dataset=barabasi_albert perturbation=hub_modification alpha=0.8 seed=0 workflow=structural_statistics_mmd status=success
2026-06-10 04:41:24,556 INFO row_complete 518/2640 dataset=barabasi_albert perturbation=hub_modification alpha=0.8 seed=0 workflow=wl_subtree_kernel_mmd status=success
2026-06-10 04:41:24,556 INFO row_complete 519/2640 dataset=barabasi_albert perturbation=hub_modification alpha=0.8 seed=0 workflow=native_netlsd status=success
2026-06-10 04:41:24,557 INFO row_complete 520/2640 dataset=barabasi_albert perturbation=hub_modification alpha=0.8 seed=0 workflow=diversity_curves_shortest_path status=success
2026-06-10 04:43:44,338 INFO row_complete 521/2640 dataset=barabasi_albert perturbation=hub_modification alpha=0.9 seed=0 workflow=structural_statistics_mmd status=success
2026-06-10 04:43:44,339 INFO row_complete 522/2640 dataset=barabasi_albert perturbation=hub_modification alpha=0.9 seed=0 workflow=wl_subtree_kernel_mmd status=success
2026-06-10 04:43:44,340 INFO row_complete 523/2640 dataset=barabasi_albert perturbation=hub_modification alpha=0.9 seed=0 workflow=native_netlsd status=success
2026-06-10 04:43:44,341 INFO row_complete 524/2640 dataset=barabasi_albert perturbation=hub_modification alpha=0.9 seed=0 workflow=diversity_curves_shortest_path status=success
2026-06-10 04:46:04,385 INFO row_complete 525/2640 dataset=barabasi_albert perturbation=hub_modification alpha=1.0 seed=0 workflow=structural_statistics_mmd status=success
2026-06-10 04:46:04,387 INFO row_complete 526/2640 dataset=barabasi_albert perturbation=hub_modification alpha=1.0 seed=0 workflow=wl_subtree_kernel_mmd status=success
2026-06-10 04:46:04,388 INFO row_complete 527/2640 dataset=barabasi_albert perturbation=hub_modification alpha=1.0 seed=0 workflow=native_netlsd status=success
2026-06-10 04:46:04,389 INFO row_complete 528/2640 dataset=barabasi_albert perturbation=hub_modification alpha=1.0 seed=0 workflow=diversity_curves_shortest_path status=success
2026-06-10 04:49:22,432 INFO row_complete 529/2640 dataset=erdos_renyi perturbation=edge_addition_deletion alpha=0.0 seed=1 workflow=structural_statistics_mmd status=success
2026-06-10 04:49:22,434 INFO row_complete 530/2640 dataset=erdos_renyi perturbation=edge_addition_deletion alpha=0.0 seed=1 workflow=wl_subtree_kernel_mmd status=success
2026-06-10 04:49:22,435 INFO row_complete 531/2640 dataset=erdos_renyi perturbation=edge_addition_deletion alpha=0.0 seed=1 workflow=native_netlsd status=success
2026-06-10 04:49:22,436 INFO row_complete 532/2640 dataset=erdos_renyi perturbation=edge_addition_deletion alpha=0.0 seed=1 workflow=diversity_curves_shortest_path status=success
2026-06-10 04:52:40,675 INFO row_complete 533/2640 dataset=erdos_renyi perturbation=edge_addition_deletion alpha=0.1 seed=1 workflow=structural_statistics_mmd status=success
2026-06-10 04:52:40,676 INFO row_complete 534/2640 dataset=erdos_renyi perturbation=edge_addition_deletion alpha=0.1 seed=1 workflow=wl_subtree_kernel_mmd status=success
2026-06-10 04:52:40,678 INFO row_complete 535/2640 dataset=erdos_renyi perturbation=edge_addition_deletion alpha=0.1 seed=1 workflow=native_netlsd status=success
2026-06-10 04:52:40,679 INFO row_complete 536/2640 dataset=erdos_renyi perturbation=edge_addition_deletion alpha=0.1 seed=1 workflow=diversity_curves_shortest_path status=success
2026-06-10 04:56:01,080 INFO row_complete 537/2640 dataset=erdos_renyi perturbation=edge_addition_deletion alpha=0.2 seed=1 workflow=structural_statistics_mmd status=success
2026-06-10 04:56:01,081 INFO row_complete 538/2640 dataset=erdos_renyi perturbation=edge_addition_deletion alpha=0.2 seed=1 workflow=wl_subtree_kernel_mmd status=success
2026-06-10 04:56:01,082 INFO row_complete 539/2640 dataset=erdos_renyi perturbation=edge_addition_deletion alpha=0.2 seed=1 workflow=native_netlsd status=success
2026-06-10 04:56:01,083 INFO row_complete 540/2640 dataset=erdos_renyi perturbation=edge_addition_deletion alpha=0.2 seed=1 workflow=diversity_curves_shortest_path status=success
2026-06-10 04:59:19,860 INFO row_complete 541/2640 dataset=erdos_renyi perturbation=edge_addition_deletion alpha=0.3 seed=1 workflow=structural_statistics_mmd status=success
2026-06-10 04:59:19,861 INFO row_complete 542/2640 dataset=erdos_renyi perturbation=edge_addition_deletion alpha=0.3 seed=1 workflow=wl_subtree_kernel_mmd status=success
2026-06-10 04:59:19,862 INFO row_complete 543/2640 dataset=erdos_renyi perturbation=edge_addition_deletion alpha=0.3 seed=1 workflow=native_netlsd status=success
2026-06-10 04:59:19,863 INFO row_complete 544/2640 dataset=erdos_renyi perturbation=edge_addition_deletion alpha=0.3 seed=1 workflow=diversity_curves_shortest_path status=success
2026-06-10 05:02:37,206 INFO row_complete 545/2640 dataset=erdos_renyi perturbation=edge_addition_deletion alpha=0.4 seed=1 workflow=structural_statistics_mmd status=success
2026-06-10 05:02:37,207 INFO row_complete 546/2640 dataset=erdos_renyi perturbation=edge_addition_deletion alpha=0.4 seed=1 workflow=wl_subtree_kernel_mmd status=success
2026-06-10 05:02:37,208 INFO row_complete 547/2640 dataset=erdos_renyi perturbation=edge_addition_deletion alpha=0.4 seed=1 workflow=native_netlsd status=success
2026-06-10 05:02:37,209 INFO row_complete 548/2640 dataset=erdos_renyi perturbation=edge_addition_deletion alpha=0.4 seed=1 workflow=diversity_curves_shortest_path status=success
2026-06-10 05:05:55,602 INFO row_complete 549/2640 dataset=erdos_renyi perturbation=edge_addition_deletion alpha=0.5 seed=1 workflow=structural_statistics_mmd status=success
2026-06-10 05:05:55,604 INFO row_complete 550/2640 dataset=erdos_renyi perturbation=edge_addition_deletion alpha=0.5 seed=1 workflow=wl_subtree_kernel_mmd status=success
2026-06-10 05:05:55,604 INFO row_complete 551/2640 dataset=erdos_renyi perturbation=edge_addition_deletion alpha=0.5 seed=1 workflow=native_netlsd status=success
2026-06-10 05:05:55,605 INFO row_complete 552/2640 dataset=erdos_renyi perturbation=edge_addition_deletion alpha=0.5 seed=1 workflow=diversity_curves_shortest_path status=success
2026-06-10 05:09:14,556 INFO row_complete 553/2640 dataset=erdos_renyi perturbation=edge_addition_deletion alpha=0.6 seed=1 workflow=structural_statistics_mmd status=success
2026-06-10 05:09:14,557 INFO row_complete 554/2640 dataset=erdos_renyi perturbation=edge_addition_deletion alpha=0.6 seed=1 workflow=wl_subtree_kernel_mmd status=success
2026-06-10 05:09:14,558 INFO row_complete 555/2640 dataset=erdos_renyi perturbation=edge_addition_deletion alpha=0.6 seed=1 workflow=native_netlsd status=success
2026-06-10 05:09:14,559 INFO row_complete 556/2640 dataset=erdos_renyi perturbation=edge_addition_deletion alpha=0.6 seed=1 workflow=diversity_curves_shortest_path status=success
2026-06-10 05:12:32,961 INFO row_complete 557/2640 dataset=erdos_renyi perturbation=edge_addition_deletion alpha=0.7 seed=1 workflow=structural_statistics_mmd status=success
2026-06-10 05:12:32,963 INFO row_complete 558/2640 dataset=erdos_renyi perturbation=edge_addition_deletion alpha=0.7 seed=1 workflow=wl_subtree_kernel_mmd status=success
2026-06-10 05:12:32,964 INFO row_complete 559/2640 dataset=erdos_renyi perturbation=edge_addition_deletion alpha=0.7 seed=1 workflow=native_netlsd status=success
2026-06-10 05:12:32,964 INFO row_complete 560/2640 dataset=erdos_renyi perturbation=edge_addition_deletion alpha=0.7 seed=1 workflow=diversity_curves_shortest_path status=success
2026-06-10 05:15:50,739 INFO row_complete 561/2640 dataset=erdos_renyi perturbation=edge_addition_deletion alpha=0.8 seed=1 workflow=structural_statistics_mmd status=success
2026-06-10 05:15:50,740 INFO row_complete 562/2640 dataset=erdos_renyi perturbation=edge_addition_deletion alpha=0.8 seed=1 workflow=wl_subtree_kernel_mmd status=success
2026-06-10 05:15:50,741 INFO row_complete 563/2640 dataset=erdos_renyi perturbation=edge_addition_deletion alpha=0.8 seed=1 workflow=native_netlsd status=success
2026-06-10 05:15:50,742 INFO row_complete 564/2640 dataset=erdos_renyi perturbation=edge_addition_deletion alpha=0.8 seed=1 workflow=diversity_curves_shortest_path status=success
2026-06-10 05:19:09,482 INFO row_complete 565/2640 dataset=erdos_renyi perturbation=edge_addition_deletion alpha=0.9 seed=1 workflow=structural_statistics_mmd status=success
2026-06-10 05:19:09,484 INFO row_complete 566/2640 dataset=erdos_renyi perturbation=edge_addition_deletion alpha=0.9 seed=1 workflow=wl_subtree_kernel_mmd status=success
2026-06-10 05:19:09,484 INFO row_complete 567/2640 dataset=erdos_renyi perturbation=edge_addition_deletion alpha=0.9 seed=1 workflow=native_netlsd status=success
2026-06-10 05:19:09,485 INFO row_complete 568/2640 dataset=erdos_renyi perturbation=edge_addition_deletion alpha=0.9 seed=1 workflow=diversity_curves_shortest_path status=success
2026-06-10 05:22:27,895 INFO row_complete 569/2640 dataset=erdos_renyi perturbation=edge_addition_deletion alpha=1.0 seed=1 workflow=structural_statistics_mmd status=success
2026-06-10 05:22:27,896 INFO row_complete 570/2640 dataset=erdos_renyi perturbation=edge_addition_deletion alpha=1.0 seed=1 workflow=wl_subtree_kernel_mmd status=success
2026-06-10 05:22:27,897 INFO row_complete 571/2640 dataset=erdos_renyi perturbation=edge_addition_deletion alpha=1.0 seed=1 workflow=native_netlsd status=success
2026-06-10 05:22:27,898 INFO row_complete 572/2640 dataset=erdos_renyi perturbation=edge_addition_deletion alpha=1.0 seed=1 workflow=diversity_curves_shortest_path status=success
2026-06-10 05:25:47,519 INFO row_complete 573/2640 dataset=erdos_renyi perturbation=triangle_injection_removal alpha=0.0 seed=1 workflow=structural_statistics_mmd status=success
2026-06-10 05:25:47,521 INFO row_complete 574/2640 dataset=erdos_renyi perturbation=triangle_injection_removal alpha=0.0 seed=1 workflow=wl_subtree_kernel_mmd status=success
2026-06-10 05:25:47,522 INFO row_complete 575/2640 dataset=erdos_renyi perturbation=triangle_injection_removal alpha=0.0 seed=1 workflow=native_netlsd status=success
2026-06-10 05:25:47,522 INFO row_complete 576/2640 dataset=erdos_renyi perturbation=triangle_injection_removal alpha=0.0 seed=1 workflow=diversity_curves_shortest_path status=success
2026-06-10 05:29:05,627 INFO row_complete 577/2640 dataset=erdos_renyi perturbation=triangle_injection_removal alpha=0.1 seed=1 workflow=structural_statistics_mmd status=success
2026-06-10 05:29:05,628 INFO row_complete 578/2640 dataset=erdos_renyi perturbation=triangle_injection_removal alpha=0.1 seed=1 workflow=wl_subtree_kernel_mmd status=success
2026-06-10 05:29:05,629 INFO row_complete 579/2640 dataset=erdos_renyi perturbation=triangle_injection_removal alpha=0.1 seed=1 workflow=native_netlsd status=success
2026-06-10 05:29:05,630 INFO row_complete 580/2640 dataset=erdos_renyi perturbation=triangle_injection_removal alpha=0.1 seed=1 workflow=diversity_curves_shortest_path status=success
2026-06-10 05:32:23,895 INFO row_complete 581/2640 dataset=erdos_renyi perturbation=triangle_injection_removal alpha=0.2 seed=1 workflow=structural_statistics_mmd status=success
2026-06-10 05:32:23,897 INFO row_complete 582/2640 dataset=erdos_renyi perturbation=triangle_injection_removal alpha=0.2 seed=1 workflow=wl_subtree_kernel_mmd status=success
2026-06-10 05:32:23,897 INFO row_complete 583/2640 dataset=erdos_renyi perturbation=triangle_injection_removal alpha=0.2 seed=1 workflow=native_netlsd status=success
2026-06-10 05:32:23,898 INFO row_complete 584/2640 dataset=erdos_renyi perturbation=triangle_injection_removal alpha=0.2 seed=1 workflow=diversity_curves_shortest_path status=success
2026-06-10 05:35:42,017 INFO row_complete 585/2640 dataset=erdos_renyi perturbation=triangle_injection_removal alpha=0.3 seed=1 workflow=structural_statistics_mmd status=success
2026-06-10 05:35:42,019 INFO row_complete 586/2640 dataset=erdos_renyi perturbation=triangle_injection_removal alpha=0.3 seed=1 workflow=wl_subtree_kernel_mmd status=success
2026-06-10 05:35:42,020 INFO row_complete 587/2640 dataset=erdos_renyi perturbation=triangle_injection_removal alpha=0.3 seed=1 workflow=native_netlsd status=success
2026-06-10 05:35:42,020 INFO row_complete 588/2640 dataset=erdos_renyi perturbation=triangle_injection_removal alpha=0.3 seed=1 workflow=diversity_curves_shortest_path status=success
2026-06-10 05:39:00,362 INFO row_complete 589/2640 dataset=erdos_renyi perturbation=triangle_injection_removal alpha=0.4 seed=1 workflow=structural_statistics_mmd status=success
2026-06-10 05:39:00,363 INFO row_complete 590/2640 dataset=erdos_renyi perturbation=triangle_injection_removal alpha=0.4 seed=1 workflow=wl_subtree_kernel_mmd status=success
2026-06-10 05:39:00,364 INFO row_complete 591/2640 dataset=erdos_renyi perturbation=triangle_injection_removal alpha=0.4 seed=1 workflow=native_netlsd status=success
2026-06-10 05:39:00,365 INFO row_complete 592/2640 dataset=erdos_renyi perturbation=triangle_injection_removal alpha=0.4 seed=1 workflow=diversity_curves_shortest_path status=success
2026-06-10 05:42:18,412 INFO row_complete 593/2640 dataset=erdos_renyi perturbation=triangle_injection_removal alpha=0.5 seed=1 workflow=structural_statistics_mmd status=success
2026-06-10 05:42:18,413 INFO row_complete 594/2640 dataset=erdos_renyi perturbation=triangle_injection_removal alpha=0.5 seed=1 workflow=wl_subtree_kernel_mmd status=success
2026-06-10 05:42:18,414 INFO row_complete 595/2640 dataset=erdos_renyi perturbation=triangle_injection_removal alpha=0.5 seed=1 workflow=native_netlsd status=success
2026-06-10 05:42:18,415 INFO row_complete 596/2640 dataset=erdos_renyi perturbation=triangle_injection_removal alpha=0.5 seed=1 workflow=diversity_curves_shortest_path status=success
2026-06-10 05:45:36,383 INFO row_complete 597/2640 dataset=erdos_renyi perturbation=triangle_injection_removal alpha=0.6 seed=1 workflow=structural_statistics_mmd status=success
2026-06-10 05:45:36,384 INFO row_complete 598/2640 dataset=erdos_renyi perturbation=triangle_injection_removal alpha=0.6 seed=1 workflow=wl_subtree_kernel_mmd status=success
2026-06-10 05:45:36,385 INFO row_complete 599/2640 dataset=erdos_renyi perturbation=triangle_injection_removal alpha=0.6 seed=1 workflow=native_netlsd status=success
2026-06-10 05:45:36,385 INFO row_complete 600/2640 dataset=erdos_renyi perturbation=triangle_injection_removal alpha=0.6 seed=1 workflow=diversity_curves_shortest_path status=success
2026-06-10 05:48:55,144 INFO row_complete 601/2640 dataset=erdos_renyi perturbation=triangle_injection_removal alpha=0.7 seed=1 workflow=structural_statistics_mmd status=success
2026-06-10 05:48:55,146 INFO row_complete 602/2640 dataset=erdos_renyi perturbation=triangle_injection_removal alpha=0.7 seed=1 workflow=wl_subtree_kernel_mmd status=success
2026-06-10 05:48:55,147 INFO row_complete 603/2640 dataset=erdos_renyi perturbation=triangle_injection_removal alpha=0.7 seed=1 workflow=native_netlsd status=success
2026-06-10 05:48:55,147 INFO row_complete 604/2640 dataset=erdos_renyi perturbation=triangle_injection_removal alpha=0.7 seed=1 workflow=diversity_curves_shortest_path status=success
2026-06-10 05:52:14,342 INFO row_complete 605/2640 dataset=erdos_renyi perturbation=triangle_injection_removal alpha=0.8 seed=1 workflow=structural_statistics_mmd status=success
2026-06-10 05:52:14,344 INFO row_complete 606/2640 dataset=erdos_renyi perturbation=triangle_injection_removal alpha=0.8 seed=1 workflow=wl_subtree_kernel_mmd status=success
2026-06-10 05:52:14,344 INFO row_complete 607/2640 dataset=erdos_renyi perturbation=triangle_injection_removal alpha=0.8 seed=1 workflow=native_netlsd status=success
2026-06-10 05:52:14,345 INFO row_complete 608/2640 dataset=erdos_renyi perturbation=triangle_injection_removal alpha=0.8 seed=1 workflow=diversity_curves_shortest_path status=success
2026-06-10 05:55:32,584 INFO row_complete 609/2640 dataset=erdos_renyi perturbation=triangle_injection_removal alpha=0.9 seed=1 workflow=structural_statistics_mmd status=success
2026-06-10 05:55:32,586 INFO row_complete 610/2640 dataset=erdos_renyi perturbation=triangle_injection_removal alpha=0.9 seed=1 workflow=wl_subtree_kernel_mmd status=success
2026-06-10 05:55:32,586 INFO row_complete 611/2640 dataset=erdos_renyi perturbation=triangle_injection_removal alpha=0.9 seed=1 workflow=native_netlsd status=success
2026-06-10 05:55:32,587 INFO row_complete 612/2640 dataset=erdos_renyi perturbation=triangle_injection_removal alpha=0.9 seed=1 workflow=diversity_curves_shortest_path status=success
2026-06-10 05:58:51,719 INFO row_complete 613/2640 dataset=erdos_renyi perturbation=triangle_injection_removal alpha=1.0 seed=1 workflow=structural_statistics_mmd status=success
2026-06-10 05:58:51,720 INFO row_complete 614/2640 dataset=erdos_renyi perturbation=triangle_injection_removal alpha=1.0 seed=1 workflow=wl_subtree_kernel_mmd status=success
2026-06-10 05:58:51,721 INFO row_complete 615/2640 dataset=erdos_renyi perturbation=triangle_injection_removal alpha=1.0 seed=1 workflow=native_netlsd status=success
2026-06-10 05:58:51,722 INFO row_complete 616/2640 dataset=erdos_renyi perturbation=triangle_injection_removal alpha=1.0 seed=1 workflow=diversity_curves_shortest_path status=success
2026-06-10 05:58:51,743 INFO row_complete 617/2640 dataset=erdos_renyi perturbation=community_weakening alpha=0.0 seed=1 workflow=structural_statistics_mmd status=skipped
2026-06-10 05:58:51,744 INFO row_complete 618/2640 dataset=erdos_renyi perturbation=community_weakening alpha=0.0 seed=1 workflow=wl_subtree_kernel_mmd status=skipped
2026-06-10 05:58:51,745 INFO row_complete 619/2640 dataset=erdos_renyi perturbation=community_weakening alpha=0.0 seed=1 workflow=native_netlsd status=skipped
2026-06-10 05:58:51,745 INFO row_complete 620/2640 dataset=erdos_renyi perturbation=community_weakening alpha=0.0 seed=1 workflow=diversity_curves_shortest_path status=skipped
2026-06-10 05:58:51,765 INFO row_complete 621/2640 dataset=erdos_renyi perturbation=community_weakening alpha=0.1 seed=1 workflow=structural_statistics_mmd status=skipped
2026-06-10 05:58:51,766 INFO row_complete 622/2640 dataset=erdos_renyi perturbation=community_weakening alpha=0.1 seed=1 workflow=wl_subtree_kernel_mmd status=skipped
2026-06-10 05:58:51,767 INFO row_complete 623/2640 dataset=erdos_renyi perturbation=community_weakening alpha=0.1 seed=1 workflow=native_netlsd status=skipped
2026-06-10 05:58:51,768 INFO row_complete 624/2640 dataset=erdos_renyi perturbation=community_weakening alpha=0.1 seed=1 workflow=diversity_curves_shortest_path status=skipped
2026-06-10 05:58:51,788 INFO row_complete 625/2640 dataset=erdos_renyi perturbation=community_weakening alpha=0.2 seed=1 workflow=structural_statistics_mmd status=skipped
2026-06-10 05:58:51,789 INFO row_complete 626/2640 dataset=erdos_renyi perturbation=community_weakening alpha=0.2 seed=1 workflow=wl_subtree_kernel_mmd status=skipped
2026-06-10 05:58:51,790 INFO row_complete 627/2640 dataset=erdos_renyi perturbation=community_weakening alpha=0.2 seed=1 workflow=native_netlsd status=skipped
2026-06-10 05:58:51,790 INFO row_complete 628/2640 dataset=erdos_renyi perturbation=community_weakening alpha=0.2 seed=1 workflow=diversity_curves_shortest_path status=skipped
2026-06-10 05:58:51,812 INFO row_complete 629/2640 dataset=erdos_renyi perturbation=community_weakening alpha=0.3 seed=1 workflow=structural_statistics_mmd status=skipped
2026-06-10 05:58:51,813 INFO row_complete 630/2640 dataset=erdos_renyi perturbation=community_weakening alpha=0.3 seed=1 workflow=wl_subtree_kernel_mmd status=skipped
2026-06-10 05:58:51,814 INFO row_complete 631/2640 dataset=erdos_renyi perturbation=community_weakening alpha=0.3 seed=1 workflow=native_netlsd status=skipped
2026-06-10 05:58:51,815 INFO row_complete 632/2640 dataset=erdos_renyi perturbation=community_weakening alpha=0.3 seed=1 workflow=diversity_curves_shortest_path status=skipped
2026-06-10 05:58:51,835 INFO row_complete 633/2640 dataset=erdos_renyi perturbation=community_weakening alpha=0.4 seed=1 workflow=structural_statistics_mmd status=skipped
2026-06-10 05:58:51,836 INFO row_complete 634/2640 dataset=erdos_renyi perturbation=community_weakening alpha=0.4 seed=1 workflow=wl_subtree_kernel_mmd status=skipped
2026-06-10 05:58:51,837 INFO row_complete 635/2640 dataset=erdos_renyi perturbation=community_weakening alpha=0.4 seed=1 workflow=native_netlsd status=skipped
2026-06-10 05:58:51,838 INFO row_complete 636/2640 dataset=erdos_renyi perturbation=community_weakening alpha=0.4 seed=1 workflow=diversity_curves_shortest_path status=skipped
2026-06-10 05:58:51,857 INFO row_complete 637/2640 dataset=erdos_renyi perturbation=community_weakening alpha=0.5 seed=1 workflow=structural_statistics_mmd status=skipped
2026-06-10 05:58:51,858 INFO row_complete 638/2640 dataset=erdos_renyi perturbation=community_weakening alpha=0.5 seed=1 workflow=wl_subtree_kernel_mmd status=skipped
2026-06-10 05:58:51,859 INFO row_complete 639/2640 dataset=erdos_renyi perturbation=community_weakening alpha=0.5 seed=1 workflow=native_netlsd status=skipped
2026-06-10 05:58:51,860 INFO row_complete 640/2640 dataset=erdos_renyi perturbation=community_weakening alpha=0.5 seed=1 workflow=diversity_curves_shortest_path status=skipped
2026-06-10 05:58:51,889 INFO row_complete 641/2640 dataset=erdos_renyi perturbation=community_weakening alpha=0.6 seed=1 workflow=structural_statistics_mmd status=skipped
2026-06-10 05:58:51,890 INFO row_complete 642/2640 dataset=erdos_renyi perturbation=community_weakening alpha=0.6 seed=1 workflow=wl_subtree_kernel_mmd status=skipped
2026-06-10 05:58:51,890 INFO row_complete 643/2640 dataset=erdos_renyi perturbation=community_weakening alpha=0.6 seed=1 workflow=native_netlsd status=skipped
2026-06-10 05:58:51,891 INFO row_complete 644/2640 dataset=erdos_renyi perturbation=community_weakening alpha=0.6 seed=1 workflow=diversity_curves_shortest_path status=skipped
2026-06-10 05:58:51,912 INFO row_complete 645/2640 dataset=erdos_renyi perturbation=community_weakening alpha=0.7 seed=1 workflow=structural_statistics_mmd status=skipped
2026-06-10 05:58:51,913 INFO row_complete 646/2640 dataset=erdos_renyi perturbation=community_weakening alpha=0.7 seed=1 workflow=wl_subtree_kernel_mmd status=skipped
2026-06-10 05:58:51,914 INFO row_complete 647/2640 dataset=erdos_renyi perturbation=community_weakening alpha=0.7 seed=1 workflow=native_netlsd status=skipped
2026-06-10 05:58:51,914 INFO row_complete 648/2640 dataset=erdos_renyi perturbation=community_weakening alpha=0.7 seed=1 workflow=diversity_curves_shortest_path status=skipped
2026-06-10 05:58:51,933 INFO row_complete 649/2640 dataset=erdos_renyi perturbation=community_weakening alpha=0.8 seed=1 workflow=structural_statistics_mmd status=skipped
2026-06-10 05:58:51,934 INFO row_complete 650/2640 dataset=erdos_renyi perturbation=community_weakening alpha=0.8 seed=1 workflow=wl_subtree_kernel_mmd status=skipped
2026-06-10 05:58:51,935 INFO row_complete 651/2640 dataset=erdos_renyi perturbation=community_weakening alpha=0.8 seed=1 workflow=native_netlsd status=skipped
2026-06-10 05:58:51,936 INFO row_complete 652/2640 dataset=erdos_renyi perturbation=community_weakening alpha=0.8 seed=1 workflow=diversity_curves_shortest_path status=skipped
2026-06-10 05:58:51,955 INFO row_complete 653/2640 dataset=erdos_renyi perturbation=community_weakening alpha=0.9 seed=1 workflow=structural_statistics_mmd status=skipped
2026-06-10 05:58:51,956 INFO row_complete 654/2640 dataset=erdos_renyi perturbation=community_weakening alpha=0.9 seed=1 workflow=wl_subtree_kernel_mmd status=skipped
2026-06-10 05:58:51,957 INFO row_complete 655/2640 dataset=erdos_renyi perturbation=community_weakening alpha=0.9 seed=1 workflow=native_netlsd status=skipped
2026-06-10 05:58:51,958 INFO row_complete 656/2640 dataset=erdos_renyi perturbation=community_weakening alpha=0.9 seed=1 workflow=diversity_curves_shortest_path status=skipped
2026-06-10 05:58:51,979 INFO row_complete 657/2640 dataset=erdos_renyi perturbation=community_weakening alpha=1.0 seed=1 workflow=structural_statistics_mmd status=skipped
2026-06-10 05:58:51,980 INFO row_complete 658/2640 dataset=erdos_renyi perturbation=community_weakening alpha=1.0 seed=1 workflow=wl_subtree_kernel_mmd status=skipped
2026-06-10 05:58:51,981 INFO row_complete 659/2640 dataset=erdos_renyi perturbation=community_weakening alpha=1.0 seed=1 workflow=native_netlsd status=skipped
2026-06-10 05:58:51,982 INFO row_complete 660/2640 dataset=erdos_renyi perturbation=community_weakening alpha=1.0 seed=1 workflow=diversity_curves_shortest_path status=skipped
2026-06-10 06:02:11,450 INFO row_complete 661/2640 dataset=erdos_renyi perturbation=hub_modification alpha=0.0 seed=1 workflow=structural_statistics_mmd status=success
2026-06-10 06:02:11,452 INFO row_complete 662/2640 dataset=erdos_renyi perturbation=hub_modification alpha=0.0 seed=1 workflow=wl_subtree_kernel_mmd status=success
2026-06-10 06:02:11,453 INFO row_complete 663/2640 dataset=erdos_renyi perturbation=hub_modification alpha=0.0 seed=1 workflow=native_netlsd status=success
2026-06-10 06:02:11,453 INFO row_complete 664/2640 dataset=erdos_renyi perturbation=hub_modification alpha=0.0 seed=1 workflow=diversity_curves_shortest_path status=success
2026-06-10 06:05:30,184 INFO row_complete 665/2640 dataset=erdos_renyi perturbation=hub_modification alpha=0.1 seed=1 workflow=structural_statistics_mmd status=success
2026-06-10 06:05:30,185 INFO row_complete 666/2640 dataset=erdos_renyi perturbation=hub_modification alpha=0.1 seed=1 workflow=wl_subtree_kernel_mmd status=success
2026-06-10 06:05:30,186 INFO row_complete 667/2640 dataset=erdos_renyi perturbation=hub_modification alpha=0.1 seed=1 workflow=native_netlsd status=success
2026-06-10 06:05:30,187 INFO row_complete 668/2640 dataset=erdos_renyi perturbation=hub_modification alpha=0.1 seed=1 workflow=diversity_curves_shortest_path status=success
2026-06-10 06:08:48,848 INFO row_complete 669/2640 dataset=erdos_renyi perturbation=hub_modification alpha=0.2 seed=1 workflow=structural_statistics_mmd status=success
2026-06-10 06:08:48,849 INFO row_complete 670/2640 dataset=erdos_renyi perturbation=hub_modification alpha=0.2 seed=1 workflow=wl_subtree_kernel_mmd status=success
2026-06-10 06:08:48,850 INFO row_complete 671/2640 dataset=erdos_renyi perturbation=hub_modification alpha=0.2 seed=1 workflow=native_netlsd status=success
2026-06-10 06:08:48,851 INFO row_complete 672/2640 dataset=erdos_renyi perturbation=hub_modification alpha=0.2 seed=1 workflow=diversity_curves_shortest_path status=success
2026-06-10 06:12:09,210 INFO row_complete 673/2640 dataset=erdos_renyi perturbation=hub_modification alpha=0.3 seed=1 workflow=structural_statistics_mmd status=success
2026-06-10 06:12:09,211 INFO row_complete 674/2640 dataset=erdos_renyi perturbation=hub_modification alpha=0.3 seed=1 workflow=wl_subtree_kernel_mmd status=success
2026-06-10 06:12:09,212 INFO row_complete 675/2640 dataset=erdos_renyi perturbation=hub_modification alpha=0.3 seed=1 workflow=native_netlsd status=success
2026-06-10 06:12:09,213 INFO row_complete 676/2640 dataset=erdos_renyi perturbation=hub_modification alpha=0.3 seed=1 workflow=diversity_curves_shortest_path status=success
2026-06-10 06:15:28,410 INFO row_complete 677/2640 dataset=erdos_renyi perturbation=hub_modification alpha=0.4 seed=1 workflow=structural_statistics_mmd status=success
2026-06-10 06:15:28,412 INFO row_complete 678/2640 dataset=erdos_renyi perturbation=hub_modification alpha=0.4 seed=1 workflow=wl_subtree_kernel_mmd status=success
2026-06-10 06:15:28,413 INFO row_complete 679/2640 dataset=erdos_renyi perturbation=hub_modification alpha=0.4 seed=1 workflow=native_netlsd status=success
2026-06-10 06:15:28,413 INFO row_complete 680/2640 dataset=erdos_renyi perturbation=hub_modification alpha=0.4 seed=1 workflow=diversity_curves_shortest_path status=success
2026-06-10 06:18:46,619 INFO row_complete 681/2640 dataset=erdos_renyi perturbation=hub_modification alpha=0.5 seed=1 workflow=structural_statistics_mmd status=success
2026-06-10 06:18:46,620 INFO row_complete 682/2640 dataset=erdos_renyi perturbation=hub_modification alpha=0.5 seed=1 workflow=wl_subtree_kernel_mmd status=success
2026-06-10 06:18:46,621 INFO row_complete 683/2640 dataset=erdos_renyi perturbation=hub_modification alpha=0.5 seed=1 workflow=native_netlsd status=success
2026-06-10 06:18:46,622 INFO row_complete 684/2640 dataset=erdos_renyi perturbation=hub_modification alpha=0.5 seed=1 workflow=diversity_curves_shortest_path status=success
2026-06-10 06:22:06,577 INFO row_complete 685/2640 dataset=erdos_renyi perturbation=hub_modification alpha=0.6 seed=1 workflow=structural_statistics_mmd status=success
2026-06-10 06:22:06,578 INFO row_complete 686/2640 dataset=erdos_renyi perturbation=hub_modification alpha=0.6 seed=1 workflow=wl_subtree_kernel_mmd status=success
2026-06-10 06:22:06,579 INFO row_complete 687/2640 dataset=erdos_renyi perturbation=hub_modification alpha=0.6 seed=1 workflow=native_netlsd status=success
2026-06-10 06:22:06,580 INFO row_complete 688/2640 dataset=erdos_renyi perturbation=hub_modification alpha=0.6 seed=1 workflow=diversity_curves_shortest_path status=success
2026-06-10 06:25:25,107 INFO row_complete 689/2640 dataset=erdos_renyi perturbation=hub_modification alpha=0.7 seed=1 workflow=structural_statistics_mmd status=success
2026-06-10 06:25:25,108 INFO row_complete 690/2640 dataset=erdos_renyi perturbation=hub_modification alpha=0.7 seed=1 workflow=wl_subtree_kernel_mmd status=success
2026-06-10 06:25:25,109 INFO row_complete 691/2640 dataset=erdos_renyi perturbation=hub_modification alpha=0.7 seed=1 workflow=native_netlsd status=success
2026-06-10 06:25:25,110 INFO row_complete 692/2640 dataset=erdos_renyi perturbation=hub_modification alpha=0.7 seed=1 workflow=diversity_curves_shortest_path status=success
2026-06-10 06:28:43,705 INFO row_complete 693/2640 dataset=erdos_renyi perturbation=hub_modification alpha=0.8 seed=1 workflow=structural_statistics_mmd status=success
2026-06-10 06:28:43,707 INFO row_complete 694/2640 dataset=erdos_renyi perturbation=hub_modification alpha=0.8 seed=1 workflow=wl_subtree_kernel_mmd status=success
2026-06-10 06:28:43,707 INFO row_complete 695/2640 dataset=erdos_renyi perturbation=hub_modification alpha=0.8 seed=1 workflow=native_netlsd status=success
2026-06-10 06:28:43,708 INFO row_complete 696/2640 dataset=erdos_renyi perturbation=hub_modification alpha=0.8 seed=1 workflow=diversity_curves_shortest_path status=success
2026-06-10 06:32:01,993 INFO row_complete 697/2640 dataset=erdos_renyi perturbation=hub_modification alpha=0.9 seed=1 workflow=structural_statistics_mmd status=success
2026-06-10 06:32:01,994 INFO row_complete 698/2640 dataset=erdos_renyi perturbation=hub_modification alpha=0.9 seed=1 workflow=wl_subtree_kernel_mmd status=success
2026-06-10 06:32:01,995 INFO row_complete 699/2640 dataset=erdos_renyi perturbation=hub_modification alpha=0.9 seed=1 workflow=native_netlsd status=success
2026-06-10 06:32:01,996 INFO row_complete 700/2640 dataset=erdos_renyi perturbation=hub_modification alpha=0.9 seed=1 workflow=diversity_curves_shortest_path status=success
2026-06-10 06:35:20,605 INFO row_complete 701/2640 dataset=erdos_renyi perturbation=hub_modification alpha=1.0 seed=1 workflow=structural_statistics_mmd status=success
2026-06-10 06:35:20,606 INFO row_complete 702/2640 dataset=erdos_renyi perturbation=hub_modification alpha=1.0 seed=1 workflow=wl_subtree_kernel_mmd status=success
2026-06-10 06:35:20,607 INFO row_complete 703/2640 dataset=erdos_renyi perturbation=hub_modification alpha=1.0 seed=1 workflow=native_netlsd status=success
2026-06-10 06:35:20,608 INFO row_complete 704/2640 dataset=erdos_renyi perturbation=hub_modification alpha=1.0 seed=1 workflow=diversity_curves_shortest_path status=success
2026-06-10 06:37:53,629 INFO row_complete 705/2640 dataset=stochastic_block_model perturbation=edge_addition_deletion alpha=0.0 seed=1 workflow=structural_statistics_mmd status=success
2026-06-10 06:37:53,631 INFO row_complete 706/2640 dataset=stochastic_block_model perturbation=edge_addition_deletion alpha=0.0 seed=1 workflow=wl_subtree_kernel_mmd status=success
2026-06-10 06:37:53,631 INFO row_complete 707/2640 dataset=stochastic_block_model perturbation=edge_addition_deletion alpha=0.0 seed=1 workflow=native_netlsd status=success
2026-06-10 06:37:53,632 INFO row_complete 708/2640 dataset=stochastic_block_model perturbation=edge_addition_deletion alpha=0.0 seed=1 workflow=diversity_curves_shortest_path status=success
2026-06-10 06:40:29,383 INFO row_complete 709/2640 dataset=stochastic_block_model perturbation=edge_addition_deletion alpha=0.1 seed=1 workflow=structural_statistics_mmd status=success
2026-06-10 06:40:29,384 INFO row_complete 710/2640 dataset=stochastic_block_model perturbation=edge_addition_deletion alpha=0.1 seed=1 workflow=wl_subtree_kernel_mmd status=success
2026-06-10 06:40:29,385 INFO row_complete 711/2640 dataset=stochastic_block_model perturbation=edge_addition_deletion alpha=0.1 seed=1 workflow=native_netlsd status=success
2026-06-10 06:40:29,386 INFO row_complete 712/2640 dataset=stochastic_block_model perturbation=edge_addition_deletion alpha=0.1 seed=1 workflow=diversity_curves_shortest_path status=success
2026-06-10 06:43:03,573 INFO row_complete 713/2640 dataset=stochastic_block_model perturbation=edge_addition_deletion alpha=0.2 seed=1 workflow=structural_statistics_mmd status=success
2026-06-10 06:43:03,574 INFO row_complete 714/2640 dataset=stochastic_block_model perturbation=edge_addition_deletion alpha=0.2 seed=1 workflow=wl_subtree_kernel_mmd status=success
2026-06-10 06:43:03,575 INFO row_complete 715/2640 dataset=stochastic_block_model perturbation=edge_addition_deletion alpha=0.2 seed=1 workflow=native_netlsd status=success
2026-06-10 06:43:03,576 INFO row_complete 716/2640 dataset=stochastic_block_model perturbation=edge_addition_deletion alpha=0.2 seed=1 workflow=diversity_curves_shortest_path status=success
2026-06-10 06:45:38,836 INFO row_complete 717/2640 dataset=stochastic_block_model perturbation=edge_addition_deletion alpha=0.3 seed=1 workflow=structural_statistics_mmd status=success
2026-06-10 06:45:38,837 INFO row_complete 718/2640 dataset=stochastic_block_model perturbation=edge_addition_deletion alpha=0.3 seed=1 workflow=wl_subtree_kernel_mmd status=success
2026-06-10 06:45:38,838 INFO row_complete 719/2640 dataset=stochastic_block_model perturbation=edge_addition_deletion alpha=0.3 seed=1 workflow=native_netlsd status=success
2026-06-10 06:45:38,839 INFO row_complete 720/2640 dataset=stochastic_block_model perturbation=edge_addition_deletion alpha=0.3 seed=1 workflow=diversity_curves_shortest_path status=success
2026-06-10 06:48:14,006 INFO row_complete 721/2640 dataset=stochastic_block_model perturbation=edge_addition_deletion alpha=0.4 seed=1 workflow=structural_statistics_mmd status=success
2026-06-10 06:48:14,007 INFO row_complete 722/2640 dataset=stochastic_block_model perturbation=edge_addition_deletion alpha=0.4 seed=1 workflow=wl_subtree_kernel_mmd status=success
2026-06-10 06:48:14,008 INFO row_complete 723/2640 dataset=stochastic_block_model perturbation=edge_addition_deletion alpha=0.4 seed=1 workflow=native_netlsd status=success
2026-06-10 06:48:14,008 INFO row_complete 724/2640 dataset=stochastic_block_model perturbation=edge_addition_deletion alpha=0.4 seed=1 workflow=diversity_curves_shortest_path status=success
2026-06-10 06:50:49,591 INFO row_complete 725/2640 dataset=stochastic_block_model perturbation=edge_addition_deletion alpha=0.5 seed=1 workflow=structural_statistics_mmd status=success
2026-06-10 06:50:49,592 INFO row_complete 726/2640 dataset=stochastic_block_model perturbation=edge_addition_deletion alpha=0.5 seed=1 workflow=wl_subtree_kernel_mmd status=success
2026-06-10 06:50:49,593 INFO row_complete 727/2640 dataset=stochastic_block_model perturbation=edge_addition_deletion alpha=0.5 seed=1 workflow=native_netlsd status=success
2026-06-10 06:50:49,594 INFO row_complete 728/2640 dataset=stochastic_block_model perturbation=edge_addition_deletion alpha=0.5 seed=1 workflow=diversity_curves_shortest_path status=success
2026-06-10 06:53:25,025 INFO row_complete 729/2640 dataset=stochastic_block_model perturbation=edge_addition_deletion alpha=0.6 seed=1 workflow=structural_statistics_mmd status=success
2026-06-10 06:53:25,026 INFO row_complete 730/2640 dataset=stochastic_block_model perturbation=edge_addition_deletion alpha=0.6 seed=1 workflow=wl_subtree_kernel_mmd status=success
2026-06-10 06:53:25,027 INFO row_complete 731/2640 dataset=stochastic_block_model perturbation=edge_addition_deletion alpha=0.6 seed=1 workflow=native_netlsd status=success
2026-06-10 06:53:25,027 INFO row_complete 732/2640 dataset=stochastic_block_model perturbation=edge_addition_deletion alpha=0.6 seed=1 workflow=diversity_curves_shortest_path status=success
2026-06-10 06:56:00,725 INFO row_complete 733/2640 dataset=stochastic_block_model perturbation=edge_addition_deletion alpha=0.7 seed=1 workflow=structural_statistics_mmd status=success
2026-06-10 06:56:00,726 INFO row_complete 734/2640 dataset=stochastic_block_model perturbation=edge_addition_deletion alpha=0.7 seed=1 workflow=wl_subtree_kernel_mmd status=success
2026-06-10 06:56:00,727 INFO row_complete 735/2640 dataset=stochastic_block_model perturbation=edge_addition_deletion alpha=0.7 seed=1 workflow=native_netlsd status=success
2026-06-10 06:56:00,728 INFO row_complete 736/2640 dataset=stochastic_block_model perturbation=edge_addition_deletion alpha=0.7 seed=1 workflow=diversity_curves_shortest_path status=success
2026-06-10 06:58:36,416 INFO row_complete 737/2640 dataset=stochastic_block_model perturbation=edge_addition_deletion alpha=0.8 seed=1 workflow=structural_statistics_mmd status=success
2026-06-10 06:58:36,418 INFO row_complete 738/2640 dataset=stochastic_block_model perturbation=edge_addition_deletion alpha=0.8 seed=1 workflow=wl_subtree_kernel_mmd status=success
2026-06-10 06:58:36,418 INFO row_complete 739/2640 dataset=stochastic_block_model perturbation=edge_addition_deletion alpha=0.8 seed=1 workflow=native_netlsd status=success
2026-06-10 06:58:36,419 INFO row_complete 740/2640 dataset=stochastic_block_model perturbation=edge_addition_deletion alpha=0.8 seed=1 workflow=diversity_curves_shortest_path status=success
2026-06-10 07:01:11,960 INFO row_complete 741/2640 dataset=stochastic_block_model perturbation=edge_addition_deletion alpha=0.9 seed=1 workflow=structural_statistics_mmd status=success
2026-06-10 07:01:11,961 INFO row_complete 742/2640 dataset=stochastic_block_model perturbation=edge_addition_deletion alpha=0.9 seed=1 workflow=wl_subtree_kernel_mmd status=success
2026-06-10 07:01:11,962 INFO row_complete 743/2640 dataset=stochastic_block_model perturbation=edge_addition_deletion alpha=0.9 seed=1 workflow=native_netlsd status=success
2026-06-10 07:01:11,963 INFO row_complete 744/2640 dataset=stochastic_block_model perturbation=edge_addition_deletion alpha=0.9 seed=1 workflow=diversity_curves_shortest_path status=success
2026-06-10 07:03:48,681 INFO row_complete 745/2640 dataset=stochastic_block_model perturbation=edge_addition_deletion alpha=1.0 seed=1 workflow=structural_statistics_mmd status=success
2026-06-10 07:03:48,682 INFO row_complete 746/2640 dataset=stochastic_block_model perturbation=edge_addition_deletion alpha=1.0 seed=1 workflow=wl_subtree_kernel_mmd status=success
2026-06-10 07:03:48,683 INFO row_complete 747/2640 dataset=stochastic_block_model perturbation=edge_addition_deletion alpha=1.0 seed=1 workflow=native_netlsd status=success
2026-06-10 07:03:48,684 INFO row_complete 748/2640 dataset=stochastic_block_model perturbation=edge_addition_deletion alpha=1.0 seed=1 workflow=diversity_curves_shortest_path status=success
2026-06-10 07:06:21,617 INFO row_complete 749/2640 dataset=stochastic_block_model perturbation=triangle_injection_removal alpha=0.0 seed=1 workflow=structural_statistics_mmd status=success
2026-06-10 07:06:21,619 INFO row_complete 750/2640 dataset=stochastic_block_model perturbation=triangle_injection_removal alpha=0.0 seed=1 workflow=wl_subtree_kernel_mmd status=success
2026-06-10 07:06:21,620 INFO row_complete 751/2640 dataset=stochastic_block_model perturbation=triangle_injection_removal alpha=0.0 seed=1 workflow=native_netlsd status=success
2026-06-10 07:06:21,621 INFO row_complete 752/2640 dataset=stochastic_block_model perturbation=triangle_injection_removal alpha=0.0 seed=1 workflow=diversity_curves_shortest_path status=success
2026-06-10 07:08:54,704 INFO row_complete 753/2640 dataset=stochastic_block_model perturbation=triangle_injection_removal alpha=0.1 seed=1 workflow=structural_statistics_mmd status=success
2026-06-10 07:08:54,705 INFO row_complete 754/2640 dataset=stochastic_block_model perturbation=triangle_injection_removal alpha=0.1 seed=1 workflow=wl_subtree_kernel_mmd status=success
2026-06-10 07:08:54,706 INFO row_complete 755/2640 dataset=stochastic_block_model perturbation=triangle_injection_removal alpha=0.1 seed=1 workflow=native_netlsd status=success
2026-06-10 07:08:54,707 INFO row_complete 756/2640 dataset=stochastic_block_model perturbation=triangle_injection_removal alpha=0.1 seed=1 workflow=diversity_curves_shortest_path status=success
2026-06-10 07:11:28,780 INFO row_complete 757/2640 dataset=stochastic_block_model perturbation=triangle_injection_removal alpha=0.2 seed=1 workflow=structural_statistics_mmd status=success
2026-06-10 07:11:28,781 INFO row_complete 758/2640 dataset=stochastic_block_model perturbation=triangle_injection_removal alpha=0.2 seed=1 workflow=wl_subtree_kernel_mmd status=success
2026-06-10 07:11:28,782 INFO row_complete 759/2640 dataset=stochastic_block_model perturbation=triangle_injection_removal alpha=0.2 seed=1 workflow=native_netlsd status=success
2026-06-10 07:11:28,783 INFO row_complete 760/2640 dataset=stochastic_block_model perturbation=triangle_injection_removal alpha=0.2 seed=1 workflow=diversity_curves_shortest_path status=success
2026-06-10 07:14:02,907 INFO row_complete 761/2640 dataset=stochastic_block_model perturbation=triangle_injection_removal alpha=0.3 seed=1 workflow=structural_statistics_mmd status=success
2026-06-10 07:14:02,908 INFO row_complete 762/2640 dataset=stochastic_block_model perturbation=triangle_injection_removal alpha=0.3 seed=1 workflow=wl_subtree_kernel_mmd status=success
2026-06-10 07:14:02,909 INFO row_complete 763/2640 dataset=stochastic_block_model perturbation=triangle_injection_removal alpha=0.3 seed=1 workflow=native_netlsd status=success
2026-06-10 07:14:02,909 INFO row_complete 764/2640 dataset=stochastic_block_model perturbation=triangle_injection_removal alpha=0.3 seed=1 workflow=diversity_curves_shortest_path status=success
2026-06-10 07:16:37,660 INFO row_complete 765/2640 dataset=stochastic_block_model perturbation=triangle_injection_removal alpha=0.4 seed=1 workflow=structural_statistics_mmd status=success
2026-06-10 07:16:37,662 INFO row_complete 766/2640 dataset=stochastic_block_model perturbation=triangle_injection_removal alpha=0.4 seed=1 workflow=wl_subtree_kernel_mmd status=success
2026-06-10 07:16:37,663 INFO row_complete 767/2640 dataset=stochastic_block_model perturbation=triangle_injection_removal alpha=0.4 seed=1 workflow=native_netlsd status=success
2026-06-10 07:16:37,663 INFO row_complete 768/2640 dataset=stochastic_block_model perturbation=triangle_injection_removal alpha=0.4 seed=1 workflow=diversity_curves_shortest_path status=success
2026-06-10 07:19:11,723 INFO row_complete 769/2640 dataset=stochastic_block_model perturbation=triangle_injection_removal alpha=0.5 seed=1 workflow=structural_statistics_mmd status=success
2026-06-10 07:19:11,725 INFO row_complete 770/2640 dataset=stochastic_block_model perturbation=triangle_injection_removal alpha=0.5 seed=1 workflow=wl_subtree_kernel_mmd status=success
2026-06-10 07:19:11,726 INFO row_complete 771/2640 dataset=stochastic_block_model perturbation=triangle_injection_removal alpha=0.5 seed=1 workflow=native_netlsd status=success
2026-06-10 07:19:11,726 INFO row_complete 772/2640 dataset=stochastic_block_model perturbation=triangle_injection_removal alpha=0.5 seed=1 workflow=diversity_curves_shortest_path status=success
2026-06-10 07:21:46,091 INFO row_complete 773/2640 dataset=stochastic_block_model perturbation=triangle_injection_removal alpha=0.6 seed=1 workflow=structural_statistics_mmd status=success
2026-06-10 07:21:46,092 INFO row_complete 774/2640 dataset=stochastic_block_model perturbation=triangle_injection_removal alpha=0.6 seed=1 workflow=wl_subtree_kernel_mmd status=success
2026-06-10 07:21:46,093 INFO row_complete 775/2640 dataset=stochastic_block_model perturbation=triangle_injection_removal alpha=0.6 seed=1 workflow=native_netlsd status=success
2026-06-10 07:21:46,094 INFO row_complete 776/2640 dataset=stochastic_block_model perturbation=triangle_injection_removal alpha=0.6 seed=1 workflow=diversity_curves_shortest_path status=success
2026-06-10 07:24:21,704 INFO row_complete 777/2640 dataset=stochastic_block_model perturbation=triangle_injection_removal alpha=0.7 seed=1 workflow=structural_statistics_mmd status=success
2026-06-10 07:24:21,705 INFO row_complete 778/2640 dataset=stochastic_block_model perturbation=triangle_injection_removal alpha=0.7 seed=1 workflow=wl_subtree_kernel_mmd status=success
2026-06-10 07:24:21,706 INFO row_complete 779/2640 dataset=stochastic_block_model perturbation=triangle_injection_removal alpha=0.7 seed=1 workflow=native_netlsd status=success
2026-06-10 07:24:21,707 INFO row_complete 780/2640 dataset=stochastic_block_model perturbation=triangle_injection_removal alpha=0.7 seed=1 workflow=diversity_curves_shortest_path status=success
2026-06-10 07:26:56,674 INFO row_complete 781/2640 dataset=stochastic_block_model perturbation=triangle_injection_removal alpha=0.8 seed=1 workflow=structural_statistics_mmd status=success
2026-06-10 07:26:56,675 INFO row_complete 782/2640 dataset=stochastic_block_model perturbation=triangle_injection_removal alpha=0.8 seed=1 workflow=wl_subtree_kernel_mmd status=success
2026-06-10 07:26:56,676 INFO row_complete 783/2640 dataset=stochastic_block_model perturbation=triangle_injection_removal alpha=0.8 seed=1 workflow=native_netlsd status=success
2026-06-10 07:26:56,677 INFO row_complete 784/2640 dataset=stochastic_block_model perturbation=triangle_injection_removal alpha=0.8 seed=1 workflow=diversity_curves_shortest_path status=success
2026-06-10 07:29:30,544 INFO row_complete 785/2640 dataset=stochastic_block_model perturbation=triangle_injection_removal alpha=0.9 seed=1 workflow=structural_statistics_mmd status=success
2026-06-10 07:29:30,546 INFO row_complete 786/2640 dataset=stochastic_block_model perturbation=triangle_injection_removal alpha=0.9 seed=1 workflow=wl_subtree_kernel_mmd status=success
2026-06-10 07:29:30,546 INFO row_complete 787/2640 dataset=stochastic_block_model perturbation=triangle_injection_removal alpha=0.9 seed=1 workflow=native_netlsd status=success
2026-06-10 07:29:30,547 INFO row_complete 788/2640 dataset=stochastic_block_model perturbation=triangle_injection_removal alpha=0.9 seed=1 workflow=diversity_curves_shortest_path status=success
2026-06-10 07:32:05,084 INFO row_complete 789/2640 dataset=stochastic_block_model perturbation=triangle_injection_removal alpha=1.0 seed=1 workflow=structural_statistics_mmd status=success
2026-06-10 07:32:05,085 INFO row_complete 790/2640 dataset=stochastic_block_model perturbation=triangle_injection_removal alpha=1.0 seed=1 workflow=wl_subtree_kernel_mmd status=success
2026-06-10 07:32:05,086 INFO row_complete 791/2640 dataset=stochastic_block_model perturbation=triangle_injection_removal alpha=1.0 seed=1 workflow=native_netlsd status=success
2026-06-10 07:32:05,087 INFO row_complete 792/2640 dataset=stochastic_block_model perturbation=triangle_injection_removal alpha=1.0 seed=1 workflow=diversity_curves_shortest_path status=success
2026-06-10 07:34:37,668 INFO row_complete 793/2640 dataset=stochastic_block_model perturbation=community_weakening alpha=0.0 seed=1 workflow=structural_statistics_mmd status=success
2026-06-10 07:34:37,670 INFO row_complete 794/2640 dataset=stochastic_block_model perturbation=community_weakening alpha=0.0 seed=1 workflow=wl_subtree_kernel_mmd status=success
2026-06-10 07:34:37,671 INFO row_complete 795/2640 dataset=stochastic_block_model perturbation=community_weakening alpha=0.0 seed=1 workflow=native_netlsd status=success
2026-06-10 07:34:37,671 INFO row_complete 796/2640 dataset=stochastic_block_model perturbation=community_weakening alpha=0.0 seed=1 workflow=diversity_curves_shortest_path status=success
2026-06-10 07:37:12,127 INFO row_complete 797/2640 dataset=stochastic_block_model perturbation=community_weakening alpha=0.1 seed=1 workflow=structural_statistics_mmd status=success
2026-06-10 07:37:12,129 INFO row_complete 798/2640 dataset=stochastic_block_model perturbation=community_weakening alpha=0.1 seed=1 workflow=wl_subtree_kernel_mmd status=success
2026-06-10 07:37:12,130 INFO row_complete 799/2640 dataset=stochastic_block_model perturbation=community_weakening alpha=0.1 seed=1 workflow=native_netlsd status=success
2026-06-10 07:37:12,130 INFO row_complete 800/2640 dataset=stochastic_block_model perturbation=community_weakening alpha=0.1 seed=1 workflow=diversity_curves_shortest_path status=success
2026-06-10 07:39:47,664 INFO row_complete 801/2640 dataset=stochastic_block_model perturbation=community_weakening alpha=0.2 seed=1 workflow=structural_statistics_mmd status=success
2026-06-10 07:39:47,665 INFO row_complete 802/2640 dataset=stochastic_block_model perturbation=community_weakening alpha=0.2 seed=1 workflow=wl_subtree_kernel_mmd status=success
2026-06-10 07:39:47,666 INFO row_complete 803/2640 dataset=stochastic_block_model perturbation=community_weakening alpha=0.2 seed=1 workflow=native_netlsd status=success
2026-06-10 07:39:47,667 INFO row_complete 804/2640 dataset=stochastic_block_model perturbation=community_weakening alpha=0.2 seed=1 workflow=diversity_curves_shortest_path status=success
2026-06-10 07:42:22,970 INFO row_complete 805/2640 dataset=stochastic_block_model perturbation=community_weakening alpha=0.3 seed=1 workflow=structural_statistics_mmd status=success
2026-06-10 07:42:22,972 INFO row_complete 806/2640 dataset=stochastic_block_model perturbation=community_weakening alpha=0.3 seed=1 workflow=wl_subtree_kernel_mmd status=success
2026-06-10 07:42:22,972 INFO row_complete 807/2640 dataset=stochastic_block_model perturbation=community_weakening alpha=0.3 seed=1 workflow=native_netlsd status=success
2026-06-10 07:42:22,973 INFO row_complete 808/2640 dataset=stochastic_block_model perturbation=community_weakening alpha=0.3 seed=1 workflow=diversity_curves_shortest_path status=success
2026-06-10 07:44:59,898 INFO row_complete 809/2640 dataset=stochastic_block_model perturbation=community_weakening alpha=0.4 seed=1 workflow=structural_statistics_mmd status=success
2026-06-10 07:44:59,899 INFO row_complete 810/2640 dataset=stochastic_block_model perturbation=community_weakening alpha=0.4 seed=1 workflow=wl_subtree_kernel_mmd status=success
2026-06-10 07:44:59,900 INFO row_complete 811/2640 dataset=stochastic_block_model perturbation=community_weakening alpha=0.4 seed=1 workflow=native_netlsd status=success
2026-06-10 07:44:59,901 INFO row_complete 812/2640 dataset=stochastic_block_model perturbation=community_weakening alpha=0.4 seed=1 workflow=diversity_curves_shortest_path status=success
2026-06-10 07:47:35,572 INFO row_complete 813/2640 dataset=stochastic_block_model perturbation=community_weakening alpha=0.5 seed=1 workflow=structural_statistics_mmd status=success
2026-06-10 07:47:35,574 INFO row_complete 814/2640 dataset=stochastic_block_model perturbation=community_weakening alpha=0.5 seed=1 workflow=wl_subtree_kernel_mmd status=success
2026-06-10 07:47:35,575 INFO row_complete 815/2640 dataset=stochastic_block_model perturbation=community_weakening alpha=0.5 seed=1 workflow=native_netlsd status=success
2026-06-10 07:47:35,575 INFO row_complete 816/2640 dataset=stochastic_block_model perturbation=community_weakening alpha=0.5 seed=1 workflow=diversity_curves_shortest_path status=success
2026-06-10 07:50:11,510 INFO row_complete 817/2640 dataset=stochastic_block_model perturbation=community_weakening alpha=0.6 seed=1 workflow=structural_statistics_mmd status=success
2026-06-10 07:50:11,511 INFO row_complete 818/2640 dataset=stochastic_block_model perturbation=community_weakening alpha=0.6 seed=1 workflow=wl_subtree_kernel_mmd status=success
2026-06-10 07:50:11,512 INFO row_complete 819/2640 dataset=stochastic_block_model perturbation=community_weakening alpha=0.6 seed=1 workflow=native_netlsd status=success
2026-06-10 07:50:11,513 INFO row_complete 820/2640 dataset=stochastic_block_model perturbation=community_weakening alpha=0.6 seed=1 workflow=diversity_curves_shortest_path status=success
2026-06-10 07:52:47,202 INFO row_complete 821/2640 dataset=stochastic_block_model perturbation=community_weakening alpha=0.7 seed=1 workflow=structural_statistics_mmd status=success
2026-06-10 07:52:47,203 INFO row_complete 822/2640 dataset=stochastic_block_model perturbation=community_weakening alpha=0.7 seed=1 workflow=wl_subtree_kernel_mmd status=success
2026-06-10 07:52:47,203 INFO row_complete 823/2640 dataset=stochastic_block_model perturbation=community_weakening alpha=0.7 seed=1 workflow=native_netlsd status=success
2026-06-10 07:52:47,204 INFO row_complete 824/2640 dataset=stochastic_block_model perturbation=community_weakening alpha=0.7 seed=1 workflow=diversity_curves_shortest_path status=success
2026-06-10 07:55:23,178 INFO row_complete 825/2640 dataset=stochastic_block_model perturbation=community_weakening alpha=0.8 seed=1 workflow=structural_statistics_mmd status=success
2026-06-10 07:55:23,180 INFO row_complete 826/2640 dataset=stochastic_block_model perturbation=community_weakening alpha=0.8 seed=1 workflow=wl_subtree_kernel_mmd status=success
2026-06-10 07:55:23,180 INFO row_complete 827/2640 dataset=stochastic_block_model perturbation=community_weakening alpha=0.8 seed=1 workflow=native_netlsd status=success
2026-06-10 07:55:23,181 INFO row_complete 828/2640 dataset=stochastic_block_model perturbation=community_weakening alpha=0.8 seed=1 workflow=diversity_curves_shortest_path status=success
2026-06-10 07:57:59,003 INFO row_complete 829/2640 dataset=stochastic_block_model perturbation=community_weakening alpha=0.9 seed=1 workflow=structural_statistics_mmd status=success
2026-06-10 07:57:59,005 INFO row_complete 830/2640 dataset=stochastic_block_model perturbation=community_weakening alpha=0.9 seed=1 workflow=wl_subtree_kernel_mmd status=success
2026-06-10 07:57:59,006 INFO row_complete 831/2640 dataset=stochastic_block_model perturbation=community_weakening alpha=0.9 seed=1 workflow=native_netlsd status=success
2026-06-10 07:57:59,006 INFO row_complete 832/2640 dataset=stochastic_block_model perturbation=community_weakening alpha=0.9 seed=1 workflow=diversity_curves_shortest_path status=success
2026-06-10 08:00:34,945 INFO row_complete 833/2640 dataset=stochastic_block_model perturbation=community_weakening alpha=1.0 seed=1 workflow=structural_statistics_mmd status=success
2026-06-10 08:00:34,947 INFO row_complete 834/2640 dataset=stochastic_block_model perturbation=community_weakening alpha=1.0 seed=1 workflow=wl_subtree_kernel_mmd status=success
2026-06-10 08:00:34,948 INFO row_complete 835/2640 dataset=stochastic_block_model perturbation=community_weakening alpha=1.0 seed=1 workflow=native_netlsd status=success
2026-06-10 08:00:34,948 INFO row_complete 836/2640 dataset=stochastic_block_model perturbation=community_weakening alpha=1.0 seed=1 workflow=diversity_curves_shortest_path status=success
2026-06-10 08:03:07,479 INFO row_complete 837/2640 dataset=stochastic_block_model perturbation=hub_modification alpha=0.0 seed=1 workflow=structural_statistics_mmd status=success
2026-06-10 08:03:07,480 INFO row_complete 838/2640 dataset=stochastic_block_model perturbation=hub_modification alpha=0.0 seed=1 workflow=wl_subtree_kernel_mmd status=success
2026-06-10 08:03:07,481 INFO row_complete 839/2640 dataset=stochastic_block_model perturbation=hub_modification alpha=0.0 seed=1 workflow=native_netlsd status=success
2026-06-10 08:03:07,482 INFO row_complete 840/2640 dataset=stochastic_block_model perturbation=hub_modification alpha=0.0 seed=1 workflow=diversity_curves_shortest_path status=success
2026-06-10 08:05:41,558 INFO row_complete 841/2640 dataset=stochastic_block_model perturbation=hub_modification alpha=0.1 seed=1 workflow=structural_statistics_mmd status=success
2026-06-10 08:05:41,559 INFO row_complete 842/2640 dataset=stochastic_block_model perturbation=hub_modification alpha=0.1 seed=1 workflow=wl_subtree_kernel_mmd status=success
2026-06-10 08:05:41,560 INFO row_complete 843/2640 dataset=stochastic_block_model perturbation=hub_modification alpha=0.1 seed=1 workflow=native_netlsd status=success
2026-06-10 08:05:41,561 INFO row_complete 844/2640 dataset=stochastic_block_model perturbation=hub_modification alpha=0.1 seed=1 workflow=diversity_curves_shortest_path status=success
2026-06-10 08:08:17,438 INFO row_complete 845/2640 dataset=stochastic_block_model perturbation=hub_modification alpha=0.2 seed=1 workflow=structural_statistics_mmd status=success
2026-06-10 08:08:17,440 INFO row_complete 846/2640 dataset=stochastic_block_model perturbation=hub_modification alpha=0.2 seed=1 workflow=wl_subtree_kernel_mmd status=success
2026-06-10 08:08:17,441 INFO row_complete 847/2640 dataset=stochastic_block_model perturbation=hub_modification alpha=0.2 seed=1 workflow=native_netlsd status=success
2026-06-10 08:08:17,441 INFO row_complete 848/2640 dataset=stochastic_block_model perturbation=hub_modification alpha=0.2 seed=1 workflow=diversity_curves_shortest_path status=success
2026-06-10 08:10:52,763 INFO row_complete 849/2640 dataset=stochastic_block_model perturbation=hub_modification alpha=0.3 seed=1 workflow=structural_statistics_mmd status=success
2026-06-10 08:10:52,764 INFO row_complete 850/2640 dataset=stochastic_block_model perturbation=hub_modification alpha=0.3 seed=1 workflow=wl_subtree_kernel_mmd status=success
2026-06-10 08:10:52,765 INFO row_complete 851/2640 dataset=stochastic_block_model perturbation=hub_modification alpha=0.3 seed=1 workflow=native_netlsd status=success
2026-06-10 08:10:52,766 INFO row_complete 852/2640 dataset=stochastic_block_model perturbation=hub_modification alpha=0.3 seed=1 workflow=diversity_curves_shortest_path status=success
2026-06-10 08:13:27,757 INFO row_complete 853/2640 dataset=stochastic_block_model perturbation=hub_modification alpha=0.4 seed=1 workflow=structural_statistics_mmd status=success
2026-06-10 08:13:27,759 INFO row_complete 854/2640 dataset=stochastic_block_model perturbation=hub_modification alpha=0.4 seed=1 workflow=wl_subtree_kernel_mmd status=success
2026-06-10 08:13:27,760 INFO row_complete 855/2640 dataset=stochastic_block_model perturbation=hub_modification alpha=0.4 seed=1 workflow=native_netlsd status=success
2026-06-10 08:13:27,761 INFO row_complete 856/2640 dataset=stochastic_block_model perturbation=hub_modification alpha=0.4 seed=1 workflow=diversity_curves_shortest_path status=success
2026-06-10 08:16:02,878 INFO row_complete 857/2640 dataset=stochastic_block_model perturbation=hub_modification alpha=0.5 seed=1 workflow=structural_statistics_mmd status=success
2026-06-10 08:16:02,879 INFO row_complete 858/2640 dataset=stochastic_block_model perturbation=hub_modification alpha=0.5 seed=1 workflow=wl_subtree_kernel_mmd status=success
2026-06-10 08:16:02,880 INFO row_complete 859/2640 dataset=stochastic_block_model perturbation=hub_modification alpha=0.5 seed=1 workflow=native_netlsd status=success
2026-06-10 08:16:02,881 INFO row_complete 860/2640 dataset=stochastic_block_model perturbation=hub_modification alpha=0.5 seed=1 workflow=diversity_curves_shortest_path status=success
2026-06-10 08:18:37,757 INFO row_complete 861/2640 dataset=stochastic_block_model perturbation=hub_modification alpha=0.6 seed=1 workflow=structural_statistics_mmd status=success
2026-06-10 08:18:37,758 INFO row_complete 862/2640 dataset=stochastic_block_model perturbation=hub_modification alpha=0.6 seed=1 workflow=wl_subtree_kernel_mmd status=success
2026-06-10 08:18:37,759 INFO row_complete 863/2640 dataset=stochastic_block_model perturbation=hub_modification alpha=0.6 seed=1 workflow=native_netlsd status=success
2026-06-10 08:18:37,760 INFO row_complete 864/2640 dataset=stochastic_block_model perturbation=hub_modification alpha=0.6 seed=1 workflow=diversity_curves_shortest_path status=success
2026-06-10 08:21:12,540 INFO row_complete 865/2640 dataset=stochastic_block_model perturbation=hub_modification alpha=0.7 seed=1 workflow=structural_statistics_mmd status=success
2026-06-10 08:21:12,542 INFO row_complete 866/2640 dataset=stochastic_block_model perturbation=hub_modification alpha=0.7 seed=1 workflow=wl_subtree_kernel_mmd status=success
2026-06-10 08:21:12,542 INFO row_complete 867/2640 dataset=stochastic_block_model perturbation=hub_modification alpha=0.7 seed=1 workflow=native_netlsd status=success
2026-06-10 08:21:12,543 INFO row_complete 868/2640 dataset=stochastic_block_model perturbation=hub_modification alpha=0.7 seed=1 workflow=diversity_curves_shortest_path status=success
2026-06-10 08:23:48,614 INFO row_complete 869/2640 dataset=stochastic_block_model perturbation=hub_modification alpha=0.8 seed=1 workflow=structural_statistics_mmd status=success
2026-06-10 08:23:48,615 INFO row_complete 870/2640 dataset=stochastic_block_model perturbation=hub_modification alpha=0.8 seed=1 workflow=wl_subtree_kernel_mmd status=success
2026-06-10 08:23:48,616 INFO row_complete 871/2640 dataset=stochastic_block_model perturbation=hub_modification alpha=0.8 seed=1 workflow=native_netlsd status=success
2026-06-10 08:23:48,617 INFO row_complete 872/2640 dataset=stochastic_block_model perturbation=hub_modification alpha=0.8 seed=1 workflow=diversity_curves_shortest_path status=success
2026-06-10 08:26:24,530 INFO row_complete 873/2640 dataset=stochastic_block_model perturbation=hub_modification alpha=0.9 seed=1 workflow=structural_statistics_mmd status=success
2026-06-10 08:26:24,532 INFO row_complete 874/2640 dataset=stochastic_block_model perturbation=hub_modification alpha=0.9 seed=1 workflow=wl_subtree_kernel_mmd status=success
2026-06-10 08:26:24,533 INFO row_complete 875/2640 dataset=stochastic_block_model perturbation=hub_modification alpha=0.9 seed=1 workflow=native_netlsd status=success
2026-06-10 08:26:24,533 INFO row_complete 876/2640 dataset=stochastic_block_model perturbation=hub_modification alpha=0.9 seed=1 workflow=diversity_curves_shortest_path status=success
2026-06-10 08:29:00,452 INFO row_complete 877/2640 dataset=stochastic_block_model perturbation=hub_modification alpha=1.0 seed=1 workflow=structural_statistics_mmd status=success
2026-06-10 08:29:00,454 INFO row_complete 878/2640 dataset=stochastic_block_model perturbation=hub_modification alpha=1.0 seed=1 workflow=wl_subtree_kernel_mmd status=success
2026-06-10 08:29:00,455 INFO row_complete 879/2640 dataset=stochastic_block_model perturbation=hub_modification alpha=1.0 seed=1 workflow=native_netlsd status=success
2026-06-10 08:29:00,455 INFO row_complete 880/2640 dataset=stochastic_block_model perturbation=hub_modification alpha=1.0 seed=1 workflow=diversity_curves_shortest_path status=success
2026-06-10 08:31:19,939 INFO row_complete 881/2640 dataset=barabasi_albert perturbation=edge_addition_deletion alpha=0.0 seed=1 workflow=structural_statistics_mmd status=success
2026-06-10 08:31:19,941 INFO row_complete 882/2640 dataset=barabasi_albert perturbation=edge_addition_deletion alpha=0.0 seed=1 workflow=wl_subtree_kernel_mmd status=success
2026-06-10 08:31:19,942 INFO row_complete 883/2640 dataset=barabasi_albert perturbation=edge_addition_deletion alpha=0.0 seed=1 workflow=native_netlsd status=success
2026-06-10 08:31:19,943 INFO row_complete 884/2640 dataset=barabasi_albert perturbation=edge_addition_deletion alpha=0.0 seed=1 workflow=diversity_curves_shortest_path status=success
2026-06-10 08:33:39,342 INFO row_complete 885/2640 dataset=barabasi_albert perturbation=edge_addition_deletion alpha=0.1 seed=1 workflow=structural_statistics_mmd status=success
2026-06-10 08:33:39,344 INFO row_complete 886/2640 dataset=barabasi_albert perturbation=edge_addition_deletion alpha=0.1 seed=1 workflow=wl_subtree_kernel_mmd status=success
2026-06-10 08:33:39,345 INFO row_complete 887/2640 dataset=barabasi_albert perturbation=edge_addition_deletion alpha=0.1 seed=1 workflow=native_netlsd status=success
2026-06-10 08:33:39,345 INFO row_complete 888/2640 dataset=barabasi_albert perturbation=edge_addition_deletion alpha=0.1 seed=1 workflow=diversity_curves_shortest_path status=success
2026-06-10 08:35:58,892 INFO row_complete 889/2640 dataset=barabasi_albert perturbation=edge_addition_deletion alpha=0.2 seed=1 workflow=structural_statistics_mmd status=success
2026-06-10 08:35:58,893 INFO row_complete 890/2640 dataset=barabasi_albert perturbation=edge_addition_deletion alpha=0.2 seed=1 workflow=wl_subtree_kernel_mmd status=success
2026-06-10 08:35:58,894 INFO row_complete 891/2640 dataset=barabasi_albert perturbation=edge_addition_deletion alpha=0.2 seed=1 workflow=native_netlsd status=success
2026-06-10 08:35:58,895 INFO row_complete 892/2640 dataset=barabasi_albert perturbation=edge_addition_deletion alpha=0.2 seed=1 workflow=diversity_curves_shortest_path status=success
2026-06-10 08:38:17,727 INFO row_complete 893/2640 dataset=barabasi_albert perturbation=edge_addition_deletion alpha=0.3 seed=1 workflow=structural_statistics_mmd status=success
2026-06-10 08:38:17,729 INFO row_complete 894/2640 dataset=barabasi_albert perturbation=edge_addition_deletion alpha=0.3 seed=1 workflow=wl_subtree_kernel_mmd status=success
2026-06-10 08:38:17,730 INFO row_complete 895/2640 dataset=barabasi_albert perturbation=edge_addition_deletion alpha=0.3 seed=1 workflow=native_netlsd status=success
2026-06-10 08:38:17,731 INFO row_complete 896/2640 dataset=barabasi_albert perturbation=edge_addition_deletion alpha=0.3 seed=1 workflow=diversity_curves_shortest_path status=success
2026-06-10 08:40:35,717 INFO row_complete 897/2640 dataset=barabasi_albert perturbation=edge_addition_deletion alpha=0.4 seed=1 workflow=structural_statistics_mmd status=success
2026-06-10 08:40:35,719 INFO row_complete 898/2640 dataset=barabasi_albert perturbation=edge_addition_deletion alpha=0.4 seed=1 workflow=wl_subtree_kernel_mmd status=success
2026-06-10 08:40:35,720 INFO row_complete 899/2640 dataset=barabasi_albert perturbation=edge_addition_deletion alpha=0.4 seed=1 workflow=native_netlsd status=success
2026-06-10 08:40:35,721 INFO row_complete 900/2640 dataset=barabasi_albert perturbation=edge_addition_deletion alpha=0.4 seed=1 workflow=diversity_curves_shortest_path status=success
2026-06-10 08:42:54,254 INFO row_complete 901/2640 dataset=barabasi_albert perturbation=edge_addition_deletion alpha=0.5 seed=1 workflow=structural_statistics_mmd status=success
2026-06-10 08:42:54,256 INFO row_complete 902/2640 dataset=barabasi_albert perturbation=edge_addition_deletion alpha=0.5 seed=1 workflow=wl_subtree_kernel_mmd status=success
2026-06-10 08:42:54,257 INFO row_complete 903/2640 dataset=barabasi_albert perturbation=edge_addition_deletion alpha=0.5 seed=1 workflow=native_netlsd status=success
2026-06-10 08:42:54,258 INFO row_complete 904/2640 dataset=barabasi_albert perturbation=edge_addition_deletion alpha=0.5 seed=1 workflow=diversity_curves_shortest_path status=success
2026-06-10 08:45:11,887 INFO row_complete 905/2640 dataset=barabasi_albert perturbation=edge_addition_deletion alpha=0.6 seed=1 workflow=structural_statistics_mmd status=success
2026-06-10 08:45:11,889 INFO row_complete 906/2640 dataset=barabasi_albert perturbation=edge_addition_deletion alpha=0.6 seed=1 workflow=wl_subtree_kernel_mmd status=success
2026-06-10 08:45:11,890 INFO row_complete 907/2640 dataset=barabasi_albert perturbation=edge_addition_deletion alpha=0.6 seed=1 workflow=native_netlsd status=success
2026-06-10 08:45:11,890 INFO row_complete 908/2640 dataset=barabasi_albert perturbation=edge_addition_deletion alpha=0.6 seed=1 workflow=diversity_curves_shortest_path status=success
2026-06-10 08:47:30,549 INFO row_complete 909/2640 dataset=barabasi_albert perturbation=edge_addition_deletion alpha=0.7 seed=1 workflow=structural_statistics_mmd status=success
2026-06-10 08:47:30,550 INFO row_complete 910/2640 dataset=barabasi_albert perturbation=edge_addition_deletion alpha=0.7 seed=1 workflow=wl_subtree_kernel_mmd status=success
2026-06-10 08:47:30,551 INFO row_complete 911/2640 dataset=barabasi_albert perturbation=edge_addition_deletion alpha=0.7 seed=1 workflow=native_netlsd status=success
2026-06-10 08:47:30,552 INFO row_complete 912/2640 dataset=barabasi_albert perturbation=edge_addition_deletion alpha=0.7 seed=1 workflow=diversity_curves_shortest_path status=success
