dataset,dataset_params,perturbation,perturbation_params,alpha,seed,workflow,implementation_mode,workflow_params,perturbation_family,perturbation_direction,graph_count,node_count_min,node_count_max,edge_count_min,edge_count_max,distribution_score,mean_shift_score,paired_score,runtime_seconds,memory_mb,status,error_message
erdos_renyi,"{""edge_probability"": 0.12, ""family"": ""erdos_renyi"", ""m"": 2, ""num_blocks"": 3, ""num_graphs"": 5, ""num_nodes"": 8, ""p_in"": 0.25, ""p_out"": 0.03, ""seed"": 0}",edge_insertion,"{""alpha"": 0.0, ""edges_added"": 0, ""edges_removed"": 0, ""graphs"": 5, ""graphs_skipped"": 0, ""graphs_success"": 5, ""method"": ""edge_insertion"", ""perturbation_direction"": ""insertion"", ""perturbation_family"": ""edge"", ""rewires"": 0, ""triangles_affected"": 0}",0.0,0,structural_statistics_mmd,descriptor_baseline,"{""bandwidth"": 10.0, ""feature_count"": 9, ""implementation_mode"": ""descriptor_baseline"", ""kernel"": ""rbf_mmd"", ""method"": ""structural_statistics_mmd""}",edge,insertion,5,8,8,1,6,0.0,0.0,0.0,0.001187847000437614,0.00612640380859375,success,
erdos_renyi,"{""edge_probability"": 0.12, ""family"": ""erdos_renyi"", ""m"": 2, ""num_blocks"": 3, ""num_graphs"": 5, ""num_nodes"": 8, ""p_in"": 0.25, ""p_out"": 0.03, ""seed"": 0}",edge_insertion,"{""alpha"": 0.0, ""edges_added"": 0, ""edges_removed"": 0, ""graphs"": 5, ""graphs_skipped"": 0, ""graphs_success"": 5, ""method"": ""edge_insertion"", ""perturbation_direction"": ""insertion"", ""perturbation_family"": ""edge"", ""rewires"": 0, ""triangles_affected"": 0}",0.0,0,wl_subtree_kernel_mmd,paper_faithful,"{""implementation_mode"": ""paper_faithful"", ""method"": ""wl_subtree_kernel_mmd"", ""wl_compression"": ""shared_canonical_dictionary_per_comparison"", ""wl_feature_construction"": ""subtree_histograms_across_iterations"", ""wl_iterations"": 3, ""wl_kernel_distance_mode"": ""linear_mmd"", ""wl_label_initialization"": ""node_label_or_degree"", ""wl_node_label_key"": ""node_labels""}",edge,insertion,5,8,8,1,6,0.0,0.0,0.0,0.00195446100042318,0.03132057189941406,success,
erdos_renyi,"{""edge_probability"": 0.12, ""family"": ""erdos_renyi"", ""m"": 2, ""num_blocks"": 3, ""num_graphs"": 5, ""num_nodes"": 8, ""p_in"": 0.25, ""p_out"": 0.03, ""seed"": 0}",edge_insertion,"{""alpha"": 0.0, ""edges_added"": 0, ""edges_removed"": 0, ""graphs"": 5, ""graphs_skipped"": 0, ""graphs_success"": 5, ""method"": ""edge_insertion"", ""perturbation_direction"": ""insertion"", ""perturbation_family"": ""edge"", ""rewires"": 0, ""triangles_affected"": 0}",0.0,0,native_netlsd,paper_faithful,"{""distribution_distance"": ""l2_between_mean_signatures"", ""eigenvalue_count"": ""all"", ""eigenvalue_mode"": ""full_spectrum"", ""heat_signature"": ""heat_trace"", ""implementation_mode"": ""paper_faithful"", ""laplacian_type"": ""normalized"", ""method"": ""native_netlsd"", ""netlsd_normalization"": ""empty"", ""netlsd_time_scale_count"": 250, ""netlsd_time_scale_max"": 100.0, ""netlsd_time_scale_min"": 0.01, ""netlsd_time_scale_schedule"": ""logspace""}",edge,insertion,5,8,8,1,6,0.0,0.0,0.0,0.015403294999487116,0.0926361083984375,success,
erdos_renyi,"{""edge_probability"": 0.12, ""family"": ""erdos_renyi"", ""m"": 2, ""num_blocks"": 3, ""num_graphs"": 5, ""num_nodes"": 8, ""p_in"": 0.25, ""p_out"": 0.03, ""seed"": 0}",edge_insertion,"{""alpha"": 0.0, ""edges_added"": 0, ""edges_removed"": 0, ""graphs"": 5, ""graphs_skipped"": 0, ""graphs_success"": 5, ""method"": ""edge_insertion"", ""perturbation_direction"": ""insertion"", ""perturbation_family"": ""edge"", ""rewires"": 0, ""triangles_affected"": 0}",0.0,0,diversity_curves_shortest_path,paper_faithful,"{""distance_metric"": ""shortest_path"", ""distribution_distance"": ""l2_between_mean_curves"", ""diversity_contraction_mode"": ""random_edge"", ""diversity_curve_definition"": ""shortest_path_spread"", ""diversity_repetitions"": 3, ""diversity_scale_count"": ""dataset_max_nodes"", ""diversity_scale_schedule"": ""all_integer_cardinalities"", ""diversity_upsampling_enabled"": true, ""implementation_mode"": ""paper_faithful"", ""method"": ""diversity_curves_shortest_path"", ""random_seed"": 0}",edge,insertion,5,8,8,1,6,0.0,0.0,0.0,0.01978557699931116,0.020295143127441406,success,
erdos_renyi,"{""edge_probability"": 0.12, ""family"": ""erdos_renyi"", ""m"": 2, ""num_blocks"": 3, ""num_graphs"": 5, ""num_nodes"": 8, ""p_in"": 0.25, ""p_out"": 0.03, ""seed"": 0}",edge_insertion,"{""alpha"": 0.5, ""edges_added"": 6, ""edges_removed"": 0, ""graphs"": 5, ""graphs_skipped"": 0, ""graphs_success"": 5, ""method"": ""edge_insertion"", ""perturbation_direction"": ""insertion"", ""perturbation_family"": ""edge"", ""rewires"": 0, ""triangles_affected"": 0}",0.5,0,structural_statistics_mmd,descriptor_baseline,"{""bandwidth"": 10.0, ""feature_count"": 9, ""implementation_mode"": ""descriptor_baseline"", ""kernel"": ""rbf_mmd"", ""method"": ""structural_statistics_mmd""}",edge,insertion,5,8,8,1,9,0.01758307987966612,1.4925613932001778,1.5689842767712086,0.0010211730004812125,0.004364013671875,success,
erdos_renyi,"{""edge_probability"": 0.12, ""family"": ""erdos_renyi"", ""m"": 2, ""num_blocks"": 3, ""num_graphs"": 5, ""num_nodes"": 8, ""p_in"": 0.25, ""p_out"": 0.03, ""seed"": 0}",edge_insertion,"{""alpha"": 0.5, ""edges_added"": 6, ""edges_removed"": 0, ""graphs"": 5, ""graphs_skipped"": 0, ""graphs_success"": 5, ""method"": ""edge_insertion"", ""perturbation_direction"": ""insertion"", ""perturbation_family"": ""edge"", ""rewires"": 0, ""triangles_affected"": 0}",0.5,0,wl_subtree_kernel_mmd,paper_faithful,"{""implementation_mode"": ""paper_faithful"", ""method"": ""wl_subtree_kernel_mmd"", ""wl_compression"": ""shared_canonical_dictionary_per_comparison"", ""wl_feature_construction"": ""subtree_histograms_across_iterations"", ""wl_iterations"": 3, ""wl_kernel_distance_mode"": ""linear_mmd"", ""wl_label_initialization"": ""node_label_or_degree"", ""wl_node_label_key"": ""node_labels""}",edge,insertion,5,8,8,1,9,8.320000000000002,2.8844410203711917,6.459931800807212,0.0018544820004535723,0.023647308349609375,success,
erdos_renyi,"{""edge_probability"": 0.12, ""family"": ""erdos_renyi"", ""m"": 2, ""num_blocks"": 3, ""num_graphs"": 5, ""num_nodes"": 8, ""p_in"": 0.25, ""p_out"": 0.03, ""seed"": 0}",edge_insertion,"{""alpha"": 0.5, ""edges_added"": 6, ""edges_removed"": 0, ""graphs"": 5, ""graphs_skipped"": 0, ""graphs_success"": 5, ""method"": ""edge_insertion"", ""perturbation_direction"": ""insertion"", ""perturbation_family"": ""edge"", ""rewires"": 0, ""triangles_affected"": 0}",0.5,0,native_netlsd,paper_faithful,"{""distribution_distance"": ""l2_between_mean_signatures"", ""eigenvalue_count"": ""all"", ""eigenvalue_mode"": ""full_spectrum"", ""heat_signature"": ""heat_trace"", ""implementation_mode"": ""paper_faithful"", ""laplacian_type"": ""normalized"", ""method"": ""native_netlsd"", ""netlsd_normalization"": ""empty"", ""netlsd_time_scale_count"": 250, ""netlsd_time_scale_max"": 100.0, ""netlsd_time_scale_min"": 0.01, ""netlsd_time_scale_schedule"": ""logspace""}",edge,insertion,5,8,8,1,9,1.0386528758666451,1.0386528758666451,1.0491261768859927,0.01677010799994605,0.09220123291015625,success,
erdos_renyi,"{""edge_probability"": 0.12, ""family"": ""erdos_renyi"", ""m"": 2, ""num_blocks"": 3, ""num_graphs"": 5, ""num_nodes"": 8, ""p_in"": 0.25, ""p_out"": 0.03, ""seed"": 0}",edge_insertion,"{""alpha"": 0.5, ""edges_added"": 6, ""edges_removed"": 0, ""graphs"": 5, ""graphs_skipped"": 0, ""graphs_success"": 5, ""method"": ""edge_insertion"", ""perturbation_direction"": ""insertion"", ""perturbation_family"": ""edge"", ""rewires"": 0, ""triangles_affected"": 0}",0.5,0,diversity_curves_shortest_path,paper_faithful,"{""distance_metric"": ""shortest_path"", ""distribution_distance"": ""l2_between_mean_curves"", ""diversity_contraction_mode"": ""random_edge"", ""diversity_curve_definition"": ""shortest_path_spread"", ""diversity_repetitions"": 3, ""diversity_scale_count"": ""dataset_max_nodes"", ""diversity_scale_schedule"": ""all_integer_cardinalities"", ""diversity_upsampling_enabled"": true, ""implementation_mode"": ""paper_faithful"", ""method"": ""diversity_curves_shortest_path"", ""random_seed"": 0}",edge,insertion,5,8,8,1,9,0.9733174903095465,0.9733174903095465,1.0218803342816574,0.02334900700043363,0.016010284423828125,success,
erdos_renyi,"{""edge_probability"": 0.12, ""family"": ""erdos_renyi"", ""m"": 2, ""num_blocks"": 3, ""num_graphs"": 5, ""num_nodes"": 8, ""p_in"": 0.25, ""p_out"": 0.03, ""seed"": 0}",edge_insertion,"{""alpha"": 1.0, ""edges_added"": 15, ""edges_removed"": 0, ""graphs"": 5, ""graphs_skipped"": 0, ""graphs_success"": 5, ""method"": ""edge_insertion"", ""perturbation_direction"": ""insertion"", ""perturbation_family"": ""edge"", ""rewires"": 0, ""triangles_affected"": 0}",1.0,0,structural_statistics_mmd,descriptor_baseline,"{""bandwidth"": 10.0, ""feature_count"": 9, ""implementation_mode"": ""descriptor_baseline"", ""kernel"": ""rbf_mmd"", ""method"": ""structural_statistics_mmd""}",edge,insertion,5,8,8,1,12,0.09809851101023792,3.6876399440061434,3.9137823562720713,0.0011854120002681157,0.00437164306640625,success,
erdos_renyi,"{""edge_probability"": 0.12, ""family"": ""erdos_renyi"", ""m"": 2, ""num_blocks"": 3, ""num_graphs"": 5, ""num_nodes"": 8, ""p_in"": 0.25, ""p_out"": 0.03, ""seed"": 0}",edge_insertion,"{""alpha"": 1.0, ""edges_added"": 15, ""edges_removed"": 0, ""graphs"": 5, ""graphs_skipped"": 0, ""graphs_success"": 5, ""method"": ""edge_insertion"", ""perturbation_direction"": ""insertion"", ""perturbation_family"": ""edge"", ""rewires"": 0, ""triangles_affected"": 0}",1.0,0,wl_subtree_kernel_mmd,paper_faithful,"{""implementation_mode"": ""paper_faithful"", ""method"": ""wl_subtree_kernel_mmd"", ""wl_compression"": ""shared_canonical_dictionary_per_comparison"", ""wl_feature_construction"": ""subtree_histograms_across_iterations"", ""wl_iterations"": 3, ""wl_kernel_distance_mode"": ""linear_mmd"", ""wl_label_initialization"": ""node_label_or_degree"", ""wl_node_label_key"": ""node_labels""}",edge,insertion,5,8,8,1,12,24.560000000000006,4.955804677345547,8.29985287215936,0.0028125960006946116,0.03008270263671875,success,
erdos_renyi,"{""edge_probability"": 0.12, ""family"": ""erdos_renyi"", ""m"": 2, ""num_blocks"": 3, ""num_graphs"": 5, ""num_nodes"": 8, ""p_in"": 0.25, ""p_out"": 0.03, ""seed"": 0}",edge_insertion,"{""alpha"": 1.0, ""edges_added"": 15, ""edges_removed"": 0, ""graphs"": 5, ""graphs_skipped"": 0, ""graphs_success"": 5, ""method"": ""edge_insertion"", ""perturbation_direction"": ""insertion"", ""perturbation_family"": ""edge"", ""rewires"": 0, ""triangles_affected"": 0}",1.0,0,native_netlsd,paper_faithful,"{""distribution_distance"": ""l2_between_mean_signatures"", ""eigenvalue_count"": ""all"", ""eigenvalue_mode"": ""full_spectrum"", ""heat_signature"": ""heat_trace"", ""implementation_mode"": ""paper_faithful"", ""laplacian_type"": ""normalized"", ""method"": ""native_netlsd"", ""netlsd_normalization"": ""empty"", ""netlsd_time_scale_count"": 250, ""netlsd_time_scale_max"": 100.0, ""netlsd_time_scale_min"": 0.01, ""netlsd_time_scale_schedule"": ""logspace""}",edge,insertion,5,8,8,1,12,2.4005126754328088,2.4005126754328088,2.4098588525525235,0.021501648000594287,0.0921478271484375,success,
erdos_renyi,"{""edge_probability"": 0.12, ""family"": ""erdos_renyi"", ""m"": 2, ""num_blocks"": 3, ""num_graphs"": 5, ""num_nodes"": 8, ""p_in"": 0.25, ""p_out"": 0.03, ""seed"": 0}",edge_insertion,"{""alpha"": 1.0, ""edges_added"": 15, ""edges_removed"": 0, ""graphs"": 5, ""graphs_skipped"": 0, ""graphs_success"": 5, ""method"": ""edge_insertion"", ""perturbation_direction"": ""insertion"", ""perturbation_family"": ""edge"", ""rewires"": 0, ""triangles_affected"": 0}",1.0,0,diversity_curves_shortest_path,paper_faithful,"{""distance_metric"": ""shortest_path"", ""distribution_distance"": ""l2_between_mean_curves"", ""diversity_contraction_mode"": ""random_edge"", ""diversity_curve_definition"": ""shortest_path_spread"", ""diversity_repetitions"": 3, ""diversity_scale_count"": ""dataset_max_nodes"", ""diversity_scale_schedule"": ""all_integer_cardinalities"", ""diversity_upsampling_enabled"": true, ""implementation_mode"": ""paper_faithful"", ""method"": ""diversity_curves_shortest_path"", ""random_seed"": 0}",edge,insertion,5,8,8,1,12,2.253249951158221,2.253249951158221,2.332335381849962,0.02744225400056166,0.01872539520263672,success,
erdos_renyi,"{""edge_probability"": 0.12, ""family"": ""erdos_renyi"", ""m"": 2, ""num_blocks"": 3, ""num_graphs"": 5, ""num_nodes"": 8, ""p_in"": 0.25, ""p_out"": 0.03, ""seed"": 0}",edge_deletion,"{""alpha"": 0.0, ""edges_added"": 0, ""edges_removed"": 0, ""graphs"": 5, ""graphs_skipped"": 0, ""graphs_success"": 5, ""method"": ""edge_deletion"", ""perturbation_direction"": ""deletion"", ""perturbation_family"": ""edge"", ""rewires"": 0, ""triangles_affected"": 0}",0.0,0,structural_statistics_mmd,descriptor_baseline,"{""bandwidth"": 10.0, ""feature_count"": 9, ""implementation_mode"": ""descriptor_baseline"", ""kernel"": ""rbf_mmd"", ""method"": ""structural_statistics_mmd""}",edge,deletion,5,8,8,1,6,0.0,0.0,0.0,0.0010346680001021014,0.004364013671875,success,
erdos_renyi,"{""edge_probability"": 0.12, ""family"": ""erdos_renyi"", ""m"": 2, ""num_blocks"": 3, ""num_graphs"": 5, ""num_nodes"": 8, ""p_in"": 0.25, ""p_out"": 0.03, ""seed"": 0}",edge_deletion,"{""alpha"": 0.0, ""edges_added"": 0, ""edges_removed"": 0, ""graphs"": 5, ""graphs_skipped"": 0, ""graphs_success"": 5, ""method"": ""edge_deletion"", ""perturbation_direction"": ""deletion"", ""perturbation_family"": ""edge"", ""rewires"": 0, ""triangles_affected"": 0}",0.0,0,wl_subtree_kernel_mmd,paper_faithful,"{""implementation_mode"": ""paper_faithful"", ""method"": ""wl_subtree_kernel_mmd"", ""wl_compression"": ""shared_canonical_dictionary_per_comparison"", ""wl_feature_construction"": ""subtree_histograms_across_iterations"", ""wl_iterations"": 3, ""wl_kernel_distance_mode"": ""linear_mmd"", ""wl_label_initialization"": ""node_label_or_degree"", ""wl_node_label_key"": ""node_labels""}",edge,deletion,5,8,8,1,6,0.0,0.0,0.0,0.0016995810001390055,0.020478248596191406,success,
erdos_renyi,"{""edge_probability"": 0.12, ""family"": ""erdos_renyi"", ""m"": 2, ""num_blocks"": 3, ""num_graphs"": 5, ""num_nodes"": 8, ""p_in"": 0.25, ""p_out"": 0.03, ""seed"": 0}",edge_deletion,"{""alpha"": 0.0, ""edges_added"": 0, ""edges_removed"": 0, ""graphs"": 5, ""graphs_skipped"": 0, ""graphs_success"": 5, ""method"": ""edge_deletion"", ""perturbation_direction"": ""deletion"", ""perturbation_family"": ""edge"", ""rewires"": 0, ""triangles_affected"": 0}",0.0,0,native_netlsd,paper_faithful,"{""distribution_distance"": ""l2_between_mean_signatures"", ""eigenvalue_count"": ""all"", ""eigenvalue_mode"": ""full_spectrum"", ""heat_signature"": ""heat_trace"", ""implementation_mode"": ""paper_faithful"", ""laplacian_type"": ""normalized"", ""method"": ""native_netlsd"", ""netlsd_normalization"": ""empty"", ""netlsd_time_scale_count"": 250, ""netlsd_time_scale_max"": 100.0, ""netlsd_time_scale_min"": 0.01, ""netlsd_time_scale_schedule"": ""logspace""}",edge,deletion,5,8,8,1,6,0.0,0.0,0.0,0.01611207000041759,0.0921478271484375,success,
erdos_renyi,"{""edge_probability"": 0.12, ""family"": ""erdos_renyi"", ""m"": 2, ""num_blocks"": 3, ""num_graphs"": 5, ""num_nodes"": 8, ""p_in"": 0.25, ""p_out"": 0.03, ""seed"": 0}",edge_deletion,"{""alpha"": 0.0, ""edges_added"": 0, ""edges_removed"": 0, ""graphs"": 5, ""graphs_skipped"": 0, ""graphs_success"": 5, ""method"": ""edge_deletion"", ""perturbation_direction"": ""deletion"", ""perturbation_family"": ""edge"", ""rewires"": 0, ""triangles_affected"": 0}",0.0,0,diversity_curves_shortest_path,paper_faithful,"{""distance_metric"": ""shortest_path"", ""distribution_distance"": ""l2_between_mean_curves"", ""diversity_contraction_mode"": ""random_edge"", ""diversity_curve_definition"": ""shortest_path_spread"", ""diversity_repetitions"": 3, ""diversity_scale_count"": ""dataset_max_nodes"", ""diversity_scale_schedule"": ""all_integer_cardinalities"", ""diversity_upsampling_enabled"": true, ""implementation_mode"": ""paper_faithful"", ""method"": ""diversity_curves_shortest_path"", ""random_seed"": 0}",edge,deletion,5,8,8,1,6,0.0,0.0,0.0,0.020115857999371656,0.013871192932128906,success,
erdos_renyi,"{""edge_probability"": 0.12, ""family"": ""erdos_renyi"", ""m"": 2, ""num_blocks"": 3, ""num_graphs"": 5, ""num_nodes"": 8, ""p_in"": 0.25, ""p_out"": 0.03, ""seed"": 0}",edge_deletion,"{""alpha"": 0.5, ""edges_added"": 0, ""edges_removed"": 6, ""graphs"": 5, ""graphs_skipped"": 0, ""graphs_success"": 5, ""method"": ""edge_deletion"", ""perturbation_direction"": ""deletion"", ""perturbation_family"": ""edge"", ""rewires"": 0, ""triangles_affected"": 0}",0.5,0,structural_statistics_mmd,descriptor_baseline,"{""bandwidth"": 10.0, ""feature_count"": 9, ""implementation_mode"": ""descriptor_baseline"", ""kernel"": ""rbf_mmd"", ""method"": ""structural_statistics_mmd""}",edge,deletion,5,8,8,1,6,0.02660741711361303,1.7267995641341463,1.754659873206252,0.0009970769997380557,0.0045318603515625,success,
erdos_renyi,"{""edge_probability"": 0.12, ""family"": ""erdos_renyi"", ""m"": 2, ""num_blocks"": 3, ""num_graphs"": 5, ""num_nodes"": 8, ""p_in"": 0.25, ""p_out"": 0.03, ""seed"": 0}",edge_deletion,"{""alpha"": 0.5, ""edges_added"": 0, ""edges_removed"": 6, ""graphs"": 5, ""graphs_skipped"": 0, ""graphs_success"": 5, ""method"": ""edge_deletion"", ""perturbation_direction"": ""deletion"", ""perturbation_family"": ""edge"", ""rewires"": 0, ""triangles_affected"": 0}",0.5,0,wl_subtree_kernel_mmd,paper_faithful,"{""implementation_mode"": ""paper_faithful"", ""method"": ""wl_subtree_kernel_mmd"", ""wl_compression"": ""shared_canonical_dictionary_per_comparison"", ""wl_feature_construction"": ""subtree_histograms_across_iterations"", ""wl_iterations"": 3, ""wl_kernel_distance_mode"": ""linear_mmd"", ""wl_label_initialization"": ""node_label_or_degree"", ""wl_node_label_key"": ""node_labels""}",edge,deletion,5,8,8,1,6,12.479999999999997,3.5327043465311383,6.899969843918804,0.0017104810003729654,0.01928424835205078,success,
erdos_renyi,"{""edge_probability"": 0.12, ""family"": ""erdos_renyi"", ""m"": 2, ""num_blocks"": 3, ""num_graphs"": 5, ""num_nodes"": 8, ""p_in"": 0.25, ""p_out"": 0.03, ""seed"": 0}",edge_deletion,"{""alpha"": 0.5, ""edges_added"": 0, ""edges_removed"": 6, ""graphs"": 5, ""graphs_skipped"": 0, ""graphs_success"": 5, ""method"": ""edge_deletion"", ""perturbation_direction"": ""deletion"", ""perturbation_family"": ""edge"", ""rewires"": 0, ""triangles_affected"": 0}",0.5,0,native_netlsd,paper_faithful,"{""distribution_distance"": ""l2_between_mean_signatures"", ""eigenvalue_count"": ""all"", ""eigenvalue_mode"": ""full_spectrum"", ""heat_signature"": ""heat_trace"", ""implementation_mode"": ""paper_faithful"", ""laplacian_type"": ""normalized"", ""method"": ""native_netlsd"", ""netlsd_normalization"": ""empty"", ""netlsd_time_scale_count"": 250, ""netlsd_time_scale_max"": 100.0, ""netlsd_time_scale_min"": 0.01, ""netlsd_time_scale_schedule"": ""logspace""}",edge,deletion,5,8,8,1,6,1.5853078994182315,1.5853078994182315,1.5988803140154015,0.013818549999996321,0.0921478271484375,success,
erdos_renyi,"{""edge_probability"": 0.12, ""family"": ""erdos_renyi"", ""m"": 2, ""num_blocks"": 3, ""num_graphs"": 5, ""num_nodes"": 8, ""p_in"": 0.25, ""p_out"": 0.03, ""seed"": 0}",edge_deletion,"{""alpha"": 0.5, ""edges_added"": 0, ""edges_removed"": 6, ""graphs"": 5, ""graphs_skipped"": 0, ""graphs_success"": 5, ""method"": ""edge_deletion"", ""perturbation_direction"": ""deletion"", ""perturbation_family"": ""edge"", ""rewires"": 0, ""triangles_affected"": 0}",0.5,0,diversity_curves_shortest_path,paper_faithful,"{""distance_metric"": ""shortest_path"", ""distribution_distance"": ""l2_between_mean_curves"", ""diversity_contraction_mode"": ""random_edge"", ""diversity_curve_definition"": ""shortest_path_spread"", ""diversity_repetitions"": 3, ""diversity_scale_count"": ""dataset_max_nodes"", ""diversity_scale_schedule"": ""all_integer_cardinalities"", ""diversity_upsampling_enabled"": true, ""implementation_mode"": ""paper_faithful"", ""method"": ""diversity_curves_shortest_path"", ""random_seed"": 0}",edge,deletion,5,8,8,1,6,1.15304647997008,1.15304647997008,1.234415302790056,0.016934247000790492,0.013196945190429688,success,
erdos_renyi,"{""edge_probability"": 0.12, ""family"": ""erdos_renyi"", ""m"": 2, ""num_blocks"": 3, ""num_graphs"": 5, ""num_nodes"": 8, ""p_in"": 0.25, ""p_out"": 0.03, ""seed"": 0}",edge_deletion,"{""alpha"": 1.0, ""edges_added"": 0, ""edges_removed"": 15, ""graphs"": 5, ""graphs_skipped"": 0, ""graphs_success"": 5, ""method"": ""edge_deletion"", ""perturbation_direction"": ""deletion"", ""perturbation_family"": ""edge"", ""rewires"": 0, ""triangles_affected"": 0}",1.0,0,structural_statistics_mmd,descriptor_baseline,"{""bandwidth"": 10.0, ""feature_count"": 9, ""implementation_mode"": ""descriptor_baseline"", ""kernel"": ""rbf_mmd"", ""method"": ""structural_statistics_mmd""}",edge,deletion,5,8,8,0,6,0.16336709917718295,4.329449831310756,4.336883488302892,0.0010350089996791212,0.00487518310546875,success,
erdos_renyi,"{""edge_probability"": 0.12, ""family"": ""erdos_renyi"", ""m"": 2, ""num_blocks"": 3, ""num_graphs"": 5, ""num_nodes"": 8, ""p_in"": 0.25, ""p_out"": 0.03, ""seed"": 0}",edge_deletion,"{""alpha"": 1.0, ""edges_added"": 0, ""edges_removed"": 15, ""graphs"": 5, ""graphs_skipped"": 0, ""graphs_success"": 5, ""method"": ""edge_deletion"", ""perturbation_direction"": ""deletion"", ""perturbation_family"": ""edge"", ""rewires"": 0, ""triangles_affected"": 0}",1.0,0,wl_subtree_kernel_mmd,paper_faithful,"{""implementation_mode"": ""paper_faithful"", ""method"": ""wl_subtree_kernel_mmd"", ""wl_compression"": ""shared_canonical_dictionary_per_comparison"", ""wl_feature_construction"": ""subtree_histograms_across_iterations"", ""wl_iterations"": 3, ""wl_kernel_distance_mode"": ""linear_mmd"", ""wl_label_initialization"": ""node_label_or_degree"", ""wl_node_label_key"": ""node_labels""}",edge,deletion,5,8,8,0,6,102.72000000000001,10.135087567455942,10.979356694113184,0.0016789510000307928,0.01638507843017578,success,
erdos_renyi,"{""edge_probability"": 0.12, ""family"": ""erdos_renyi"", ""m"": 2, ""num_blocks"": 3, ""num_graphs"": 5, ""num_nodes"": 8, ""p_in"": 0.25, ""p_out"": 0.03, ""seed"": 0}",edge_deletion,"{""alpha"": 1.0, ""edges_added"": 0, ""edges_removed"": 15, ""graphs"": 5, ""graphs_skipped"": 0, ""graphs_success"": 5, ""method"": ""edge_deletion"", ""perturbation_direction"": ""deletion"", ""perturbation_family"": ""edge"", ""rewires"": 0, ""triangles_affected"": 0}",1.0,0,native_netlsd,paper_faithful,"{""distribution_distance"": ""l2_between_mean_signatures"", ""eigenvalue_count"": ""all"", ""eigenvalue_mode"": ""full_spectrum"", ""heat_signature"": ""heat_trace"", ""implementation_mode"": ""paper_faithful"", ""laplacian_type"": ""normalized"", ""method"": ""native_netlsd"", ""netlsd_normalization"": ""empty"", ""netlsd_time_scale_count"": 250, ""netlsd_time_scale_max"": 100.0, ""netlsd_time_scale_min"": 0.01, ""netlsd_time_scale_schedule"": ""logspace""}",edge,deletion,5,8,8,0,6,4.184951461680312,4.184951461680312,4.188914678474256,0.01365999199970247,0.0921478271484375,success,
erdos_renyi,"{""edge_probability"": 0.12, ""family"": ""erdos_renyi"", ""m"": 2, ""num_blocks"": 3, ""num_graphs"": 5, ""num_nodes"": 8, ""p_in"": 0.25, ""p_out"": 0.03, ""seed"": 0}",edge_deletion,"{""alpha"": 1.0, ""edges_added"": 0, ""edges_removed"": 15, ""graphs"": 5, ""graphs_skipped"": 0, ""graphs_success"": 5, ""method"": ""edge_deletion"", ""perturbation_direction"": ""deletion"", ""perturbation_family"": ""edge"", ""rewires"": 0, ""triangles_affected"": 0}",1.0,0,diversity_curves_shortest_path,paper_faithful,"{""distance_metric"": ""shortest_path"", ""distribution_distance"": ""l2_between_mean_curves"", ""diversity_contraction_mode"": ""random_edge"", ""diversity_curve_definition"": ""shortest_path_spread"", ""diversity_repetitions"": 3, ""diversity_scale_count"": ""dataset_max_nodes"", ""diversity_scale_schedule"": ""all_integer_cardinalities"", ""diversity_upsampling_enabled"": true, ""implementation_mode"": ""paper_faithful"", ""method"": ""diversity_curves_shortest_path"", ""random_seed"": 0}",edge,deletion,5,8,8,0,6,2.10932414815899,2.10932414815899,2.2069215555783925,0.015337881000050402,0.012909889221191406,success,
erdos_renyi,"{""edge_probability"": 0.12, ""family"": ""erdos_renyi"", ""m"": 2, ""num_blocks"": 3, ""num_graphs"": 5, ""num_nodes"": 8, ""p_in"": 0.25, ""p_out"": 0.03, ""seed"": 0}",triangle_insertion,"{""alpha"": 0.0, ""edges_added"": 0, ""edges_removed"": 0, ""graphs"": 5, ""graphs_skipped"": 0, ""graphs_success"": 5, ""method"": ""triangle_insertion"", ""perturbation_direction"": ""insertion"", ""perturbation_family"": ""triangle"", ""rewires"": 0, ""triangles_affected"": 0}",0.0,0,structural_statistics_mmd,descriptor_baseline,"{""bandwidth"": 10.0, ""feature_count"": 9, ""implementation_mode"": ""descriptor_baseline"", ""kernel"": ""rbf_mmd"", ""method"": ""structural_statistics_mmd""}",triangle,insertion,5,8,8,1,6,0.0,0.0,0.0,0.0010721389999162056,0.004364013671875,success,
erdos_renyi,"{""edge_probability"": 0.12, ""family"": ""erdos_renyi"", ""m"": 2, ""num_blocks"": 3, ""num_graphs"": 5, ""num_nodes"": 8, ""p_in"": 0.25, ""p_out"": 0.03, ""seed"": 0}",triangle_insertion,"{""alpha"": 0.0, ""edges_added"": 0, ""edges_removed"": 0, ""graphs"": 5, ""graphs_skipped"": 0, ""graphs_success"": 5, ""method"": ""triangle_insertion"", ""perturbation_direction"": ""insertion"", ""perturbation_family"": ""triangle"", ""rewires"": 0, ""triangles_affected"": 0}",0.0,0,wl_subtree_kernel_mmd,paper_faithful,"{""implementation_mode"": ""paper_faithful"", ""method"": ""wl_subtree_kernel_mmd"", ""wl_compression"": ""shared_canonical_dictionary_per_comparison"", ""wl_feature_construction"": ""subtree_histograms_across_iterations"", ""wl_iterations"": 3, ""wl_kernel_distance_mode"": ""linear_mmd"", ""wl_label_initialization"": ""node_label_or_degree"", ""wl_node_label_key"": ""node_labels""}",triangle,insertion,5,8,8,1,6,0.0,0.0,0.0,0.0017268909996346338,0.020478248596191406,success,
erdos_renyi,"{""edge_probability"": 0.12, ""family"": ""erdos_renyi"", ""m"": 2, ""num_blocks"": 3, ""num_graphs"": 5, ""num_nodes"": 8, ""p_in"": 0.25, ""p_out"": 0.03, ""seed"": 0}",triangle_insertion,"{""alpha"": 0.0, ""edges_added"": 0, ""edges_removed"": 0, ""graphs"": 5, ""graphs_skipped"": 0, ""graphs_success"": 5, ""method"": ""triangle_insertion"", ""perturbation_direction"": ""insertion"", ""perturbation_family"": ""triangle"", ""rewires"": 0, ""triangles_affected"": 0}",0.0,0,native_netlsd,paper_faithful,"{""distribution_distance"": ""l2_between_mean_signatures"", ""eigenvalue_count"": ""all"", ""eigenvalue_mode"": ""full_spectrum"", ""heat_signature"": ""heat_trace"", ""implementation_mode"": ""paper_faithful"", ""laplacian_type"": ""normalized"", ""method"": ""native_netlsd"", ""netlsd_normalization"": ""empty"", ""netlsd_time_scale_count"": 250, ""netlsd_time_scale_max"": 100.0, ""netlsd_time_scale_min"": 0.01, ""netlsd_time_scale_schedule"": ""logspace""}",triangle,insertion,5,8,8,1,6,0.0,0.0,0.0,0.015830759999516886,0.0921478271484375,success,
erdos_renyi,"{""edge_probability"": 0.12, ""family"": ""erdos_renyi"", ""m"": 2, ""num_blocks"": 3, ""num_graphs"": 5, ""num_nodes"": 8, ""p_in"": 0.25, ""p_out"": 0.03, ""seed"": 0}",triangle_insertion,"{""alpha"": 0.0, ""edges_added"": 0, ""edges_removed"": 0, ""graphs"": 5, ""graphs_skipped"": 0, ""graphs_success"": 5, ""method"": ""triangle_insertion"", ""perturbation_direction"": ""insertion"", ""perturbation_family"": ""triangle"", ""rewires"": 0, ""triangles_affected"": 0}",0.0,0,diversity_curves_shortest_path,paper_faithful,"{""distance_metric"": ""shortest_path"", ""distribution_distance"": ""l2_between_mean_curves"", ""diversity_contraction_mode"": ""random_edge"", ""diversity_curve_definition"": ""shortest_path_spread"", ""diversity_repetitions"": 3, ""diversity_scale_count"": ""dataset_max_nodes"", ""diversity_scale_schedule"": ""all_integer_cardinalities"", ""diversity_upsampling_enabled"": true, ""implementation_mode"": ""paper_faithful"", ""method"": ""diversity_curves_shortest_path"", ""random_seed"": 0}",triangle,insertion,5,8,8,1,6,0.0,0.0,0.0,0.019832303999464784,0.013871192932128906,success,
erdos_renyi,"{""edge_probability"": 0.12, ""family"": ""erdos_renyi"", ""m"": 2, ""num_blocks"": 3, ""num_graphs"": 5, ""num_nodes"": 8, ""p_in"": 0.25, ""p_out"": 0.03, ""seed"": 0}",triangle_insertion,"{""alpha"": 0.5, ""edges_added"": 5, ""edges_removed"": 0, ""graphs"": 5, ""graphs_skipped"": 0, ""graphs_success"": 5, ""method"": ""triangle_insertion"", ""perturbation_direction"": ""insertion"", ""perturbation_family"": ""triangle"", ""rewires"": 0, ""triangles_affected"": 5}",0.5,0,structural_statistics_mmd,descriptor_baseline,"{""bandwidth"": 10.0, ""feature_count"": 9, ""implementation_mode"": ""descriptor_baseline"", ""kernel"": ""rbf_mmd"", ""method"": ""structural_statistics_mmd""}",triangle,insertion,5,8,8,1,9,0.02076648837200712,1.5480758071388256,1.5651097757422374,0.001061688999470789,0.004364013671875,success,
erdos_renyi,"{""edge_probability"": 0.12, ""family"": ""erdos_renyi"", ""m"": 2, ""num_blocks"": 3, ""num_graphs"": 5, ""num_nodes"": 8, ""p_in"": 0.25, ""p_out"": 0.03, ""seed"": 0}",triangle_insertion,"{""alpha"": 0.5, ""edges_added"": 5, ""edges_removed"": 0, ""graphs"": 5, ""graphs_skipped"": 0, ""graphs_success"": 5, ""method"": ""triangle_insertion"", ""perturbation_direction"": ""insertion"", ""perturbation_family"": ""triangle"", ""rewires"": 0, ""triangles_affected"": 5}",0.5,0,wl_subtree_kernel_mmd,paper_faithful,"{""implementation_mode"": ""paper_faithful"", ""method"": ""wl_subtree_kernel_mmd"", ""wl_compression"": ""shared_canonical_dictionary_per_comparison"", ""wl_feature_construction"": ""subtree_histograms_across_iterations"", ""wl_iterations"": 3, ""wl_kernel_distance_mode"": ""linear_mmd"", ""wl_label_initialization"": ""node_label_or_degree"", ""wl_node_label_key"": ""node_labels""}",triangle,insertion,5,8,8,1,9,12.720000000000002,3.566510900025402,4.373764885692845,0.0018947769995065755,0.023133277893066406,success,
erdos_renyi,"{""edge_probability"": 0.12, ""family"": ""erdos_renyi"", ""m"": 2, ""num_blocks"": 3, ""num_graphs"": 5, ""num_nodes"": 8, ""p_in"": 0.25, ""p_out"": 0.03, ""seed"": 0}",triangle_insertion,"{""alpha"": 0.5, ""edges_added"": 5, ""edges_removed"": 0, ""graphs"": 5, ""graphs_skipped"": 0, ""graphs_success"": 5, ""method"": ""triangle_insertion"", ""perturbation_direction"": ""insertion"", ""perturbation_family"": ""triangle"", ""rewires"": 0, ""triangles_affected"": 5}",0.5,0,native_netlsd,paper_faithful,"{""distribution_distance"": ""l2_between_mean_signatures"", ""eigenvalue_count"": ""all"", ""eigenvalue_mode"": ""full_spectrum"", ""heat_signature"": ""heat_trace"", ""implementation_mode"": ""paper_faithful"", ""laplacian_type"": ""normalized"", ""method"": ""native_netlsd"", ""netlsd_normalization"": ""empty"", ""netlsd_time_scale_count"": 250, ""netlsd_time_scale_max"": 100.0, ""netlsd_time_scale_min"": 0.01, ""netlsd_time_scale_schedule"": ""logspace""}",triangle,insertion,5,8,8,1,9,0.10641371356549016,0.10641371356549016,0.10796970051587484,0.016108742999676906,0.0921478271484375,success,
erdos_renyi,"{""edge_probability"": 0.12, ""family"": ""erdos_renyi"", ""m"": 2, ""num_blocks"": 3, ""num_graphs"": 5, ""num_nodes"": 8, ""p_in"": 0.25, ""p_out"": 0.03, ""seed"": 0}",triangle_insertion,"{""alpha"": 0.5, ""edges_added"": 5, ""edges_removed"": 0, ""graphs"": 5, ""graphs_skipped"": 0, ""graphs_success"": 5, ""method"": ""triangle_insertion"", ""perturbation_direction"": ""insertion"", ""perturbation_family"": ""triangle"", ""rewires"": 0, ""triangles_affected"": 5}",0.5,0,diversity_curves_shortest_path,paper_faithful,"{""distance_metric"": ""shortest_path"", ""distribution_distance"": ""l2_between_mean_curves"", ""diversity_contraction_mode"": ""random_edge"", ""diversity_curve_definition"": ""shortest_path_spread"", ""diversity_repetitions"": 3, ""diversity_scale_count"": ""dataset_max_nodes"", ""diversity_scale_schedule"": ""all_integer_cardinalities"", ""diversity_upsampling_enabled"": true, ""implementation_mode"": ""paper_faithful"", ""method"": ""diversity_curves_shortest_path"", ""random_seed"": 0}",triangle,insertion,5,8,8,1,9,0.2227341516705246,0.2227341516705246,0.2401837389153581,0.021313503999408567,0.014904022216796875,success,
erdos_renyi,"{""edge_probability"": 0.12, ""family"": ""erdos_renyi"", ""m"": 2, ""num_blocks"": 3, ""num_graphs"": 5, ""num_nodes"": 8, ""p_in"": 0.25, ""p_out"": 0.03, ""seed"": 0}",triangle_insertion,"{""alpha"": 1.0, ""edges_added"": 8, ""edges_removed"": 0, ""graphs"": 5, ""graphs_skipped"": 0, ""graphs_success"": 5, ""method"": ""triangle_insertion"", ""perturbation_direction"": ""insertion"", ""perturbation_family"": ""triangle"", ""rewires"": 0, ""triangles_affected"": 8}",1.0,0,structural_statistics_mmd,descriptor_baseline,"{""bandwidth"": 10.0, ""feature_count"": 9, ""implementation_mode"": ""descriptor_baseline"", ""kernel"": ""rbf_mmd"", ""method"": ""structural_statistics_mmd""}",triangle,insertion,5,8,8,1,10,0.04977177668849686,2.4280218916069205,2.4420446615952516,0.0010782800000015413,0.004364013671875,success,
erdos_renyi,"{""edge_probability"": 0.12, ""family"": ""erdos_renyi"", ""m"": 2, ""num_blocks"": 3, ""num_graphs"": 5, ""num_nodes"": 8, ""p_in"": 0.25, ""p_out"": 0.03, ""seed"": 0}",triangle_insertion,"{""alpha"": 1.0, ""edges_added"": 8, ""edges_removed"": 0, ""graphs"": 5, ""graphs_skipped"": 0, ""graphs_success"": 5, ""method"": ""triangle_insertion"", ""perturbation_direction"": ""insertion"", ""perturbation_family"": ""triangle"", ""rewires"": 0, ""triangles_affected"": 8}",1.0,0,wl_subtree_kernel_mmd,paper_faithful,"{""implementation_mode"": ""paper_faithful"", ""method"": ""wl_subtree_kernel_mmd"", ""wl_compression"": ""shared_canonical_dictionary_per_comparison"", ""wl_feature_construction"": ""subtree_histograms_across_iterations"", ""wl_iterations"": 3, ""wl_kernel_distance_mode"": ""linear_mmd"", ""wl_label_initialization"": ""node_label_or_degree"", ""wl_node_label_key"": ""node_labels""}",triangle,insertion,5,8,8,1,10,15.680000000000001,3.9597979746446663,4.869492213348525,0.001779561000148533,0.021280288696289062,success,
erdos_renyi,"{""edge_probability"": 0.12, ""family"": ""erdos_renyi"", ""m"": 2, ""num_blocks"": 3, ""num_graphs"": 5, ""num_nodes"": 8, ""p_in"": 0.25, ""p_out"": 0.03, ""seed"": 0}",triangle_insertion,"{""alpha"": 1.0, ""edges_added"": 8, ""edges_removed"": 0, ""graphs"": 5, ""graphs_skipped"": 0, ""graphs_success"": 5, ""method"": ""triangle_insertion"", ""perturbation_direction"": ""insertion"", ""perturbation_family"": ""triangle"", ""rewires"": 0, ""triangles_affected"": 8}",1.0,0,native_netlsd,paper_faithful,"{""distribution_distance"": ""l2_between_mean_signatures"", ""eigenvalue_count"": ""all"", ""eigenvalue_mode"": ""full_spectrum"", ""heat_signature"": ""heat_trace"", ""implementation_mode"": ""paper_faithful"", ""laplacian_type"": ""normalized"", ""method"": ""native_netlsd"", ""netlsd_normalization"": ""empty"", ""netlsd_time_scale_count"": 250, ""netlsd_time_scale_max"": 100.0, ""netlsd_time_scale_min"": 0.01, ""netlsd_time_scale_schedule"": ""logspace""}",triangle,insertion,5,8,8,1,10,0.12951971549004293,0.12951971549004293,0.13146969532013414,0.017415753999557637,0.0921478271484375,success,
erdos_renyi,"{""edge_probability"": 0.12, ""family"": ""erdos_renyi"", ""m"": 2, ""num_blocks"": 3, ""num_graphs"": 5, ""num_nodes"": 8, ""p_in"": 0.25, ""p_out"": 0.03, ""seed"": 0}",triangle_insertion,"{""alpha"": 1.0, ""edges_added"": 8, ""edges_removed"": 0, ""graphs"": 5, ""graphs_skipped"": 0, ""graphs_success"": 5, ""method"": ""triangle_insertion"", ""perturbation_direction"": ""insertion"", ""perturbation_family"": ""triangle"", ""rewires"": 0, ""triangles_affected"": 8}",1.0,0,diversity_curves_shortest_path,paper_faithful,"{""distance_metric"": ""shortest_path"", ""distribution_distance"": ""l2_between_mean_curves"", ""diversity_contraction_mode"": ""random_edge"", ""diversity_curve_definition"": ""shortest_path_spread"", ""diversity_repetitions"": 3, ""diversity_scale_count"": ""dataset_max_nodes"", ""diversity_scale_schedule"": ""all_integer_cardinalities"", ""diversity_upsampling_enabled"": true, ""implementation_mode"": ""paper_faithful"", ""method"": ""diversity_curves_shortest_path"", ""random_seed"": 0}",triangle,insertion,5,8,8,1,10,0.3255509267382322,0.3255509267382322,0.3381569823671708,0.022120733000519976,0.014546394348144531,success,
erdos_renyi,"{""edge_probability"": 0.12, ""family"": ""erdos_renyi"", ""m"": 2, ""num_blocks"": 3, ""num_graphs"": 5, ""num_nodes"": 8, ""p_in"": 0.25, ""p_out"": 0.03, ""seed"": 0}",triangle_deletion,"{""alpha"": 0.0, ""edges_added"": 0, ""edges_removed"": 0, ""graphs"": 5, ""graphs_skipped"": 0, ""graphs_success"": 5, ""method"": ""triangle_deletion"", ""perturbation_direction"": ""deletion"", ""perturbation_family"": ""triangle"", ""rewires"": 0, ""triangles_affected"": 0}",0.0,0,structural_statistics_mmd,descriptor_baseline,"{""bandwidth"": 10.0, ""feature_count"": 9, ""implementation_mode"": ""descriptor_baseline"", ""kernel"": ""rbf_mmd"", ""method"": ""structural_statistics_mmd""}",triangle,deletion,5,8,8,1,6,0.0,0.0,0.0,0.001203095000164467,0.004364013671875,success,
erdos_renyi,"{""edge_probability"": 0.12, ""family"": ""erdos_renyi"", ""m"": 2, ""num_blocks"": 3, ""num_graphs"": 5, ""num_nodes"": 8, ""p_in"": 0.25, ""p_out"": 0.03, ""seed"": 0}",triangle_deletion,"{""alpha"": 0.0, ""edges_added"": 0, ""edges_removed"": 0, ""graphs"": 5, ""graphs_skipped"": 0, ""graphs_success"": 5, ""method"": ""triangle_deletion"", ""perturbation_direction"": ""deletion"", ""perturbation_family"": ""triangle"", ""rewires"": 0, ""triangles_affected"": 0}",0.0,0,wl_subtree_kernel_mmd,paper_faithful,"{""implementation_mode"": ""paper_faithful"", ""method"": ""wl_subtree_kernel_mmd"", ""wl_compression"": ""shared_canonical_dictionary_per_comparison"", ""wl_feature_construction"": ""subtree_histograms_across_iterations"", ""wl_iterations"": 3, ""wl_kernel_distance_mode"": ""linear_mmd"", ""wl_label_initialization"": ""node_label_or_degree"", ""wl_node_label_key"": ""node_labels""}",triangle,deletion,5,8,8,1,6,0.0,0.0,0.0,0.001726010000311362,0.020478248596191406,success,
erdos_renyi,"{""edge_probability"": 0.12, ""family"": ""erdos_renyi"", ""m"": 2, ""num_blocks"": 3, ""num_graphs"": 5, ""num_nodes"": 8, ""p_in"": 0.25, ""p_out"": 0.03, ""seed"": 0}",triangle_deletion,"{""alpha"": 0.0, ""edges_added"": 0, ""edges_removed"": 0, ""graphs"": 5, ""graphs_skipped"": 0, ""graphs_success"": 5, ""method"": ""triangle_deletion"", ""perturbation_direction"": ""deletion"", ""perturbation_family"": ""triangle"", ""rewires"": 0, ""triangles_affected"": 0}",0.0,0,native_netlsd,paper_faithful,"{""distribution_distance"": ""l2_between_mean_signatures"", ""eigenvalue_count"": ""all"", ""eigenvalue_mode"": ""full_spectrum"", ""heat_signature"": ""heat_trace"", ""implementation_mode"": ""paper_faithful"", ""laplacian_type"": ""normalized"", ""method"": ""native_netlsd"", ""netlsd_normalization"": ""empty"", ""netlsd_time_scale_count"": 250, ""netlsd_time_scale_max"": 100.0, ""netlsd_time_scale_min"": 0.01, ""netlsd_time_scale_schedule"": ""logspace""}",triangle,deletion,5,8,8,1,6,0.0,0.0,0.0,0.01836617400022078,0.0921478271484375,success,
erdos_renyi,"{""edge_probability"": 0.12, ""family"": ""erdos_renyi"", ""m"": 2, ""num_blocks"": 3, ""num_graphs"": 5, ""num_nodes"": 8, ""p_in"": 0.25, ""p_out"": 0.03, ""seed"": 0}",triangle_deletion,"{""alpha"": 0.0, ""edges_added"": 0, ""edges_removed"": 0, ""graphs"": 5, ""graphs_skipped"": 0, ""graphs_success"": 5, ""method"": ""triangle_deletion"", ""perturbation_direction"": ""deletion"", ""perturbation_family"": ""triangle"", ""rewires"": 0, ""triangles_affected"": 0}",0.0,0,diversity_curves_shortest_path,paper_faithful,"{""distance_metric"": ""shortest_path"", ""distribution_distance"": ""l2_between_mean_curves"", ""diversity_contraction_mode"": ""random_edge"", ""diversity_curve_definition"": ""shortest_path_spread"", ""diversity_repetitions"": 3, ""diversity_scale_count"": ""dataset_max_nodes"", ""diversity_scale_schedule"": ""all_integer_cardinalities"", ""diversity_upsampling_enabled"": true, ""implementation_mode"": ""paper_faithful"", ""method"": ""diversity_curves_shortest_path"", ""random_seed"": 0}",triangle,deletion,5,8,8,1,6,0.0,0.0,0.0,0.0214889740000217,0.013871192932128906,success,
erdos_renyi,"{""edge_probability"": 0.12, ""family"": ""erdos_renyi"", ""m"": 2, ""num_blocks"": 3, ""num_graphs"": 5, ""num_nodes"": 8, ""p_in"": 0.25, ""p_out"": 0.03, ""seed"": 0}",triangle_deletion,"{""alpha"": 0.5, ""edges_added"": 0, ""edges_removed"": 0, ""graphs"": 5, ""graphs_skipped"": 0, ""graphs_success"": 5, ""method"": ""triangle_deletion"", ""perturbation_direction"": ""deletion"", ""perturbation_family"": ""triangle"", ""rewires"": 0, ""triangles_affected"": 0}",0.5,0,structural_statistics_mmd,descriptor_baseline,"{""bandwidth"": 10.0, ""feature_count"": 9, ""implementation_mode"": ""descriptor_baseline"", ""kernel"": ""rbf_mmd"", ""method"": ""structural_statistics_mmd""}",triangle,deletion,5,8,8,1,6,0.0,0.0,0.0,0.0013147360004950315,0.004364013671875,success,
erdos_renyi,"{""edge_probability"": 0.12, ""family"": ""erdos_renyi"", ""m"": 2, ""num_blocks"": 3, ""num_graphs"": 5, ""num_nodes"": 8, ""p_in"": 0.25, ""p_out"": 0.03, ""seed"": 0}",triangle_deletion,"{""alpha"": 0.5, ""edges_added"": 0, ""edges_removed"": 0, ""graphs"": 5, ""graphs_skipped"": 0, ""graphs_success"": 5, ""method"": ""triangle_deletion"", ""perturbation_direction"": ""deletion"", ""perturbation_family"": ""triangle"", ""rewires"": 0, ""triangles_affected"": 0}",0.5,0,wl_subtree_kernel_mmd,paper_faithful,"{""implementation_mode"": ""paper_faithful"", ""method"": ""wl_subtree_kernel_mmd"", ""wl_compression"": ""shared_canonical_dictionary_per_comparison"", ""wl_feature_construction"": ""subtree_histograms_across_iterations"", ""wl_iterations"": 3, ""wl_kernel_distance_mode"": ""linear_mmd"", ""wl_label_initialization"": ""node_label_or_degree"", ""wl_node_label_key"": ""node_labels""}",triangle,deletion,5,8,8,1,6,0.0,0.0,0.0,0.0017084070004784735,0.020478248596191406,success,
erdos_renyi,"{""edge_probability"": 0.12, ""family"": ""erdos_renyi"", ""m"": 2, ""num_blocks"": 3, ""num_graphs"": 5, ""num_nodes"": 8, ""p_in"": 0.25, ""p_out"": 0.03, ""seed"": 0}",triangle_deletion,"{""alpha"": 0.5, ""edges_added"": 0, ""edges_removed"": 0, ""graphs"": 5, ""graphs_skipped"": 0, ""graphs_success"": 5, ""method"": ""triangle_deletion"", ""perturbation_direction"": ""deletion"", ""perturbation_family"": ""triangle"", ""rewires"": 0, ""triangles_affected"": 0}",0.5,0,native_netlsd,paper_faithful,"{""distribution_distance"": ""l2_between_mean_signatures"", ""eigenvalue_count"": ""all"", ""eigenvalue_mode"": ""full_spectrum"", ""heat_signature"": ""heat_trace"", ""implementation_mode"": ""paper_faithful"", ""laplacian_type"": ""normalized"", ""method"": ""native_netlsd"", ""netlsd_normalization"": ""empty"", ""netlsd_time_scale_count"": 250, ""netlsd_time_scale_max"": 100.0, ""netlsd_time_scale_min"": 0.01, ""netlsd_time_scale_schedule"": ""logspace""}",triangle,deletion,5,8,8,1,6,0.0,0.0,0.0,0.015971164000802673,0.0921478271484375,success,
erdos_renyi,"{""edge_probability"": 0.12, ""family"": ""erdos_renyi"", ""m"": 2, ""num_blocks"": 3, ""num_graphs"": 5, ""num_nodes"": 8, ""p_in"": 0.25, ""p_out"": 0.03, ""seed"": 0}",triangle_deletion,"{""alpha"": 0.5, ""edges_added"": 0, ""edges_removed"": 0, ""graphs"": 5, ""graphs_skipped"": 0, ""graphs_success"": 5, ""method"": ""triangle_deletion"", ""perturbation_direction"": ""deletion"", ""perturbation_family"": ""triangle"", ""rewires"": 0, ""triangles_affected"": 0}",0.5,0,diversity_curves_shortest_path,paper_faithful,"{""distance_metric"": ""shortest_path"", ""distribution_distance"": ""l2_between_mean_curves"", ""diversity_contraction_mode"": ""random_edge"", ""diversity_curve_definition"": ""shortest_path_spread"", ""diversity_repetitions"": 3, ""diversity_scale_count"": ""dataset_max_nodes"", ""diversity_scale_schedule"": ""all_integer_cardinalities"", ""diversity_upsampling_enabled"": true, ""implementation_mode"": ""paper_faithful"", ""method"": ""diversity_curves_shortest_path"", ""random_seed"": 0}",triangle,deletion,5,8,8,1,6,0.0,0.0,0.0,0.02010489799977222,0.013871192932128906,success,
erdos_renyi,"{""edge_probability"": 0.12, ""family"": ""erdos_renyi"", ""m"": 2, ""num_blocks"": 3, ""num_graphs"": 5, ""num_nodes"": 8, ""p_in"": 0.25, ""p_out"": 0.03, ""seed"": 0}",triangle_deletion,"{""alpha"": 1.0, ""edges_added"": 0, ""edges_removed"": 0, ""graphs"": 5, ""graphs_skipped"": 0, ""graphs_success"": 5, ""method"": ""triangle_deletion"", ""perturbation_direction"": ""deletion"", ""perturbation_family"": ""triangle"", ""rewires"": 0, ""triangles_affected"": 0}",1.0,0,structural_statistics_mmd,descriptor_baseline,"{""bandwidth"": 10.0, ""feature_count"": 9, ""implementation_mode"": ""descriptor_baseline"", ""kernel"": ""rbf_mmd"", ""method"": ""structural_statistics_mmd""}",triangle,deletion,5,8,8,1,6,0.0,0.0,0.0,0.0010376239997640369,0.004364013671875,success,
erdos_renyi,"{""edge_probability"": 0.12, ""family"": ""erdos_renyi"", ""m"": 2, ""num_blocks"": 3, ""num_graphs"": 5, ""num_nodes"": 8, ""p_in"": 0.25, ""p_out"": 0.03, ""seed"": 0}",triangle_deletion,"{""alpha"": 1.0, ""edges_added"": 0, ""edges_removed"": 0, ""graphs"": 5, ""graphs_skipped"": 0, ""graphs_success"": 5, ""method"": ""triangle_deletion"", ""perturbation_direction"": ""deletion"", ""perturbation_family"": ""triangle"", ""rewires"": 0, ""triangles_affected"": 0}",1.0,0,wl_subtree_kernel_mmd,paper_faithful,"{""implementation_mode"": ""paper_faithful"", ""method"": ""wl_subtree_kernel_mmd"", ""wl_compression"": ""shared_canonical_dictionary_per_comparison"", ""wl_feature_construction"": ""subtree_histograms_across_iterations"", ""wl_iterations"": 3, ""wl_kernel_distance_mode"": ""linear_mmd"", ""wl_label_initialization"": ""node_label_or_degree"", ""wl_node_label_key"": ""node_labels""}",triangle,deletion,5,8,8,1,6,0.0,0.0,0.0,0.0016969560001598438,0.020478248596191406,success,
erdos_renyi,"{""edge_probability"": 0.12, ""family"": ""erdos_renyi"", ""m"": 2, ""num_blocks"": 3, ""num_graphs"": 5, ""num_nodes"": 8, ""p_in"": 0.25, ""p_out"": 0.03, ""seed"": 0}",triangle_deletion,"{""alpha"": 1.0, ""edges_added"": 0, ""edges_removed"": 0, ""graphs"": 5, ""graphs_skipped"": 0, ""graphs_success"": 5, ""method"": ""triangle_deletion"", ""perturbation_direction"": ""deletion"", ""perturbation_family"": ""triangle"", ""rewires"": 0, ""triangles_affected"": 0}",1.0,0,native_netlsd,paper_faithful,"{""distribution_distance"": ""l2_between_mean_signatures"", ""eigenvalue_count"": ""all"", ""eigenvalue_mode"": ""full_spectrum"", ""heat_signature"": ""heat_trace"", ""implementation_mode"": ""paper_faithful"", ""laplacian_type"": ""normalized"", ""method"": ""native_netlsd"", ""netlsd_normalization"": ""empty"", ""netlsd_time_scale_count"": 250, ""netlsd_time_scale_max"": 100.0, ""netlsd_time_scale_min"": 0.01, ""netlsd_time_scale_schedule"": ""logspace""}",triangle,deletion,5,8,8,1,6,0.0,0.0,0.0,0.01728838500002894,0.0921478271484375,success,
erdos_renyi,"{""edge_probability"": 0.12, ""family"": ""erdos_renyi"", ""m"": 2, ""num_blocks"": 3, ""num_graphs"": 5, ""num_nodes"": 8, ""p_in"": 0.25, ""p_out"": 0.03, ""seed"": 0}",triangle_deletion,"{""alpha"": 1.0, ""edges_added"": 0, ""edges_removed"": 0, ""graphs"": 5, ""graphs_skipped"": 0, ""graphs_success"": 5, ""method"": ""triangle_deletion"", ""perturbation_direction"": ""deletion"", ""perturbation_family"": ""triangle"", ""rewires"": 0, ""triangles_affected"": 0}",1.0,0,diversity_curves_shortest_path,paper_faithful,"{""distance_metric"": ""shortest_path"", ""distribution_distance"": ""l2_between_mean_curves"", ""diversity_contraction_mode"": ""random_edge"", ""diversity_curve_definition"": ""shortest_path_spread"", ""diversity_repetitions"": 3, ""diversity_scale_count"": ""dataset_max_nodes"", ""diversity_scale_schedule"": ""all_integer_cardinalities"", ""diversity_upsampling_enabled"": true, ""implementation_mode"": ""paper_faithful"", ""method"": ""diversity_curves_shortest_path"", ""random_seed"": 0}",triangle,deletion,5,8,8,1,6,0.0,0.0,0.0,0.023245090000273194,0.013871192932128906,success,
erdos_renyi,"{""edge_probability"": 0.12, ""family"": ""erdos_renyi"", ""m"": 2, ""num_blocks"": 3, ""num_graphs"": 5, ""num_nodes"": 8, ""p_in"": 0.25, ""p_out"": 0.03, ""seed"": 0}",community_weakening,"{""alpha"": 0.0, ""edges_added"": 0, ""edges_removed"": 0, ""graphs"": 5, ""graphs_skipped"": 5, ""graphs_success"": 0, ""method"": ""community_weakening"", ""perturbation_direction"": ""weakening"", ""perturbation_family"": ""community"", ""rewires"": 0, ""triangles_affected"": 0}",0.0,0,structural_statistics_mmd,descriptor_baseline,"{""bandwidth"": 10.0, ""feature_count"": 9, ""implementation_mode"": ""descriptor_baseline"", ""kernel"": ""rbf_mmd"", ""method"": ""structural_statistics_mmd""}",community,weakening,5,8,8,1,6,,,,0.0,,skipped,community_weakening requires community_labels metadata
erdos_renyi,"{""edge_probability"": 0.12, ""family"": ""erdos_renyi"", ""m"": 2, ""num_blocks"": 3, ""num_graphs"": 5, ""num_nodes"": 8, ""p_in"": 0.25, ""p_out"": 0.03, ""seed"": 0}",community_weakening,"{""alpha"": 0.0, ""edges_added"": 0, ""edges_removed"": 0, ""graphs"": 5, ""graphs_skipped"": 5, ""graphs_success"": 0, ""method"": ""community_weakening"", ""perturbation_direction"": ""weakening"", ""perturbation_family"": ""community"", ""rewires"": 0, ""triangles_affected"": 0}",0.0,0,wl_subtree_kernel_mmd,paper_faithful,"{""implementation_mode"": ""paper_faithful"", ""method"": ""wl_subtree_kernel_mmd"", ""wl_compression"": ""shared_canonical_dictionary_per_comparison"", ""wl_feature_construction"": ""subtree_histograms_across_iterations"", ""wl_iterations"": 3, ""wl_kernel_distance_mode"": ""linear_mmd"", ""wl_label_initialization"": ""node_label_or_degree"", ""wl_node_label_key"": ""node_labels""}",community,weakening,5,8,8,1,6,,,,0.0,,skipped,community_weakening requires community_labels metadata
erdos_renyi,"{""edge_probability"": 0.12, ""family"": ""erdos_renyi"", ""m"": 2, ""num_blocks"": 3, ""num_graphs"": 5, ""num_nodes"": 8, ""p_in"": 0.25, ""p_out"": 0.03, ""seed"": 0}",community_weakening,"{""alpha"": 0.0, ""edges_added"": 0, ""edges_removed"": 0, ""graphs"": 5, ""graphs_skipped"": 5, ""graphs_success"": 0, ""method"": ""community_weakening"", ""perturbation_direction"": ""weakening"", ""perturbation_family"": ""community"", ""rewires"": 0, ""triangles_affected"": 0}",0.0,0,native_netlsd,paper_faithful,"{""distribution_distance"": ""l2_between_mean_signatures"", ""eigenvalue_count"": ""all"", ""eigenvalue_mode"": ""full_spectrum"", ""heat_signature"": ""heat_trace"", ""implementation_mode"": ""paper_faithful"", ""laplacian_type"": ""normalized"", ""method"": ""native_netlsd"", ""netlsd_normalization"": ""empty"", ""netlsd_time_scale_count"": 250, ""netlsd_time_scale_max"": 100.0, ""netlsd_time_scale_min"": 0.01, ""netlsd_time_scale_schedule"": ""logspace""}",community,weakening,5,8,8,1,6,,,,0.0,,skipped,community_weakening requires community_labels metadata
erdos_renyi,"{""edge_probability"": 0.12, ""family"": ""erdos_renyi"", ""m"": 2, ""num_blocks"": 3, ""num_graphs"": 5, ""num_nodes"": 8, ""p_in"": 0.25, ""p_out"": 0.03, ""seed"": 0}",community_weakening,"{""alpha"": 0.0, ""edges_added"": 0, ""edges_removed"": 0, ""graphs"": 5, ""graphs_skipped"": 5, ""graphs_success"": 0, ""method"": ""community_weakening"", ""perturbation_direction"": ""weakening"", ""perturbation_family"": ""community"", ""rewires"": 0, ""triangles_affected"": 0}",0.0,0,diversity_curves_shortest_path,paper_faithful,"{""distance_metric"": ""shortest_path"", ""distribution_distance"": ""l2_between_mean_curves"", ""diversity_contraction_mode"": ""random_edge"", ""diversity_curve_definition"": ""shortest_path_spread"", ""diversity_repetitions"": 3, ""diversity_scale_count"": ""dataset_max_nodes"", ""diversity_scale_schedule"": ""all_integer_cardinalities"", ""diversity_upsampling_enabled"": true, ""implementation_mode"": ""paper_faithful"", ""method"": ""diversity_curves_shortest_path"", ""random_seed"": 0}",community,weakening,5,8,8,1,6,,,,0.0,,skipped,community_weakening requires community_labels metadata
erdos_renyi,"{""edge_probability"": 0.12, ""family"": ""erdos_renyi"", ""m"": 2, ""num_blocks"": 3, ""num_graphs"": 5, ""num_nodes"": 8, ""p_in"": 0.25, ""p_out"": 0.03, ""seed"": 0}",community_weakening,"{""alpha"": 0.5, ""edges_added"": 0, ""edges_removed"": 0, ""graphs"": 5, ""graphs_skipped"": 5, ""graphs_success"": 0, ""method"": ""community_weakening"", ""perturbation_direction"": ""weakening"", ""perturbation_family"": ""community"", ""rewires"": 0, ""triangles_affected"": 0}",0.5,0,structural_statistics_mmd,descriptor_baseline,"{""bandwidth"": 10.0, ""feature_count"": 9, ""implementation_mode"": ""descriptor_baseline"", ""kernel"": ""rbf_mmd"", ""method"": ""structural_statistics_mmd""}",community,weakening,5,8,8,1,6,,,,0.0,,skipped,community_weakening requires community_labels metadata
erdos_renyi,"{""edge_probability"": 0.12, ""family"": ""erdos_renyi"", ""m"": 2, ""num_blocks"": 3, ""num_graphs"": 5, ""num_nodes"": 8, ""p_in"": 0.25, ""p_out"": 0.03, ""seed"": 0}",community_weakening,"{""alpha"": 0.5, ""edges_added"": 0, ""edges_removed"": 0, ""graphs"": 5, ""graphs_skipped"": 5, ""graphs_success"": 0, ""method"": ""community_weakening"", ""perturbation_direction"": ""weakening"", ""perturbation_family"": ""community"", ""rewires"": 0, ""triangles_affected"": 0}",0.5,0,wl_subtree_kernel_mmd,paper_faithful,"{""implementation_mode"": ""paper_faithful"", ""method"": ""wl_subtree_kernel_mmd"", ""wl_compression"": ""shared_canonical_dictionary_per_comparison"", ""wl_feature_construction"": ""subtree_histograms_across_iterations"", ""wl_iterations"": 3, ""wl_kernel_distance_mode"": ""linear_mmd"", ""wl_label_initialization"": ""node_label_or_degree"", ""wl_node_label_key"": ""node_labels""}",community,weakening,5,8,8,1,6,,,,0.0,,skipped,community_weakening requires community_labels metadata
erdos_renyi,"{""edge_probability"": 0.12, ""family"": ""erdos_renyi"", ""m"": 2, ""num_blocks"": 3, ""num_graphs"": 5, ""num_nodes"": 8, ""p_in"": 0.25, ""p_out"": 0.03, ""seed"": 0}",community_weakening,"{""alpha"": 0.5, ""edges_added"": 0, ""edges_removed"": 0, ""graphs"": 5, ""graphs_skipped"": 5, ""graphs_success"": 0, ""method"": ""community_weakening"", ""perturbation_direction"": ""weakening"", ""perturbation_family"": ""community"", ""rewires"": 0, ""triangles_affected"": 0}",0.5,0,native_netlsd,paper_faithful,"{""distribution_distance"": ""l2_between_mean_signatures"", ""eigenvalue_count"": ""all"", ""eigenvalue_mode"": ""full_spectrum"", ""heat_signature"": ""heat_trace"", ""implementation_mode"": ""paper_faithful"", ""laplacian_type"": ""normalized"", ""method"": ""native_netlsd"", ""netlsd_normalization"": ""empty"", ""netlsd_time_scale_count"": 250, ""netlsd_time_scale_max"": 100.0, ""netlsd_time_scale_min"": 0.01, ""netlsd_time_scale_schedule"": ""logspace""}",community,weakening,5,8,8,1,6,,,,0.0,,skipped,community_weakening requires community_labels metadata
erdos_renyi,"{""edge_probability"": 0.12, ""family"": ""erdos_renyi"", ""m"": 2, ""num_blocks"": 3, ""num_graphs"": 5, ""num_nodes"": 8, ""p_in"": 0.25, ""p_out"": 0.03, ""seed"": 0}",community_weakening,"{""alpha"": 0.5, ""edges_added"": 0, ""edges_removed"": 0, ""graphs"": 5, ""graphs_skipped"": 5, ""graphs_success"": 0, ""method"": ""community_weakening"", ""perturbation_direction"": ""weakening"", ""perturbation_family"": ""community"", ""rewires"": 0, ""triangles_affected"": 0}",0.5,0,diversity_curves_shortest_path,paper_faithful,"{""distance_metric"": ""shortest_path"", ""distribution_distance"": ""l2_between_mean_curves"", ""diversity_contraction_mode"": ""random_edge"", ""diversity_curve_definition"": ""shortest_path_spread"", ""diversity_repetitions"": 3, ""diversity_scale_count"": ""dataset_max_nodes"", ""diversity_scale_schedule"": ""all_integer_cardinalities"", ""diversity_upsampling_enabled"": true, ""implementation_mode"": ""paper_faithful"", ""method"": ""diversity_curves_shortest_path"", ""random_seed"": 0}",community,weakening,5,8,8,1,6,,,,0.0,,skipped,community_weakening requires community_labels metadata
erdos_renyi,"{""edge_probability"": 0.12, ""family"": ""erdos_renyi"", ""m"": 2, ""num_blocks"": 3, ""num_graphs"": 5, ""num_nodes"": 8, ""p_in"": 0.25, ""p_out"": 0.03, ""seed"": 0}",community_weakening,"{""alpha"": 1.0, ""edges_added"": 0, ""edges_removed"": 0, ""graphs"": 5, ""graphs_skipped"": 5, ""graphs_success"": 0, ""method"": ""community_weakening"", ""perturbation_direction"": ""weakening"", ""perturbation_family"": ""community"", ""rewires"": 0, ""triangles_affected"": 0}",1.0,0,structural_statistics_mmd,descriptor_baseline,"{""bandwidth"": 10.0, ""feature_count"": 9, ""implementation_mode"": ""descriptor_baseline"", ""kernel"": ""rbf_mmd"", ""method"": ""structural_statistics_mmd""}",community,weakening,5,8,8,1,6,,,,0.0,,skipped,community_weakening requires community_labels metadata
erdos_renyi,"{""edge_probability"": 0.12, ""family"": ""erdos_renyi"", ""m"": 2, ""num_blocks"": 3, ""num_graphs"": 5, ""num_nodes"": 8, ""p_in"": 0.25, ""p_out"": 0.03, ""seed"": 0}",community_weakening,"{""alpha"": 1.0, ""edges_added"": 0, ""edges_removed"": 0, ""graphs"": 5, ""graphs_skipped"": 5, ""graphs_success"": 0, ""method"": ""community_weakening"", ""perturbation_direction"": ""weakening"", ""perturbation_family"": ""community"", ""rewires"": 0, ""triangles_affected"": 0}",1.0,0,wl_subtree_kernel_mmd,paper_faithful,"{""implementation_mode"": ""paper_faithful"", ""method"": ""wl_subtree_kernel_mmd"", ""wl_compression"": ""shared_canonical_dictionary_per_comparison"", ""wl_feature_construction"": ""subtree_histograms_across_iterations"", ""wl_iterations"": 3, ""wl_kernel_distance_mode"": ""linear_mmd"", ""wl_label_initialization"": ""node_label_or_degree"", ""wl_node_label_key"": ""node_labels""}",community,weakening,5,8,8,1,6,,,,0.0,,skipped,community_weakening requires community_labels metadata
erdos_renyi,"{""edge_probability"": 0.12, ""family"": ""erdos_renyi"", ""m"": 2, ""num_blocks"": 3, ""num_graphs"": 5, ""num_nodes"": 8, ""p_in"": 0.25, ""p_out"": 0.03, ""seed"": 0}",community_weakening,"{""alpha"": 1.0, ""edges_added"": 0, ""edges_removed"": 0, ""graphs"": 5, ""graphs_skipped"": 5, ""graphs_success"": 0, ""method"": ""community_weakening"", ""perturbation_direction"": ""weakening"", ""perturbation_family"": ""community"", ""rewires"": 0, ""triangles_affected"": 0}",1.0,0,native_netlsd,paper_faithful,"{""distribution_distance"": ""l2_between_mean_signatures"", ""eigenvalue_count"": ""all"", ""eigenvalue_mode"": ""full_spectrum"", ""heat_signature"": ""heat_trace"", ""implementation_mode"": ""paper_faithful"", ""laplacian_type"": ""normalized"", ""method"": ""native_netlsd"", ""netlsd_normalization"": ""empty"", ""netlsd_time_scale_count"": 250, ""netlsd_time_scale_max"": 100.0, ""netlsd_time_scale_min"": 0.01, ""netlsd_time_scale_schedule"": ""logspace""}",community,weakening,5,8,8,1,6,,,,0.0,,skipped,community_weakening requires community_labels metadata
erdos_renyi,"{""edge_probability"": 0.12, ""family"": ""erdos_renyi"", ""m"": 2, ""num_blocks"": 3, ""num_graphs"": 5, ""num_nodes"": 8, ""p_in"": 0.25, ""p_out"": 0.03, ""seed"": 0}",community_weakening,"{""alpha"": 1.0, ""edges_added"": 0, ""edges_removed"": 0, ""graphs"": 5, ""graphs_skipped"": 5, ""graphs_success"": 0, ""method"": ""community_weakening"", ""perturbation_direction"": ""weakening"", ""perturbation_family"": ""community"", ""rewires"": 0, ""triangles_affected"": 0}",1.0,0,diversity_curves_shortest_path,paper_faithful,"{""distance_metric"": ""shortest_path"", ""distribution_distance"": ""l2_between_mean_curves"", ""diversity_contraction_mode"": ""random_edge"", ""diversity_curve_definition"": ""shortest_path_spread"", ""diversity_repetitions"": 3, ""diversity_scale_count"": ""dataset_max_nodes"", ""diversity_scale_schedule"": ""all_integer_cardinalities"", ""diversity_upsampling_enabled"": true, ""implementation_mode"": ""paper_faithful"", ""method"": ""diversity_curves_shortest_path"", ""random_seed"": 0}",community,weakening,5,8,8,1,6,,,,0.0,,skipped,community_weakening requires community_labels metadata
erdos_renyi,"{""edge_probability"": 0.12, ""family"": ""erdos_renyi"", ""m"": 2, ""num_blocks"": 3, ""num_graphs"": 5, ""num_nodes"": 8, ""p_in"": 0.25, ""p_out"": 0.03, ""seed"": 0}",hub_modification,"{""alpha"": 0.0, ""edges_added"": 0, ""edges_removed"": 0, ""graphs"": 5, ""graphs_skipped"": 0, ""graphs_success"": 5, ""method"": ""hub_modification"", ""perturbation_direction"": ""modification"", ""perturbation_family"": ""hub"", ""rewires"": 0, ""triangles_affected"": 0}",0.0,0,structural_statistics_mmd,descriptor_baseline,"{""bandwidth"": 10.0, ""feature_count"": 9, ""implementation_mode"": ""descriptor_baseline"", ""kernel"": ""rbf_mmd"", ""method"": ""structural_statistics_mmd""}",hub,modification,5,8,8,1,6,0.0,0.0,0.0,0.0010890009998547612,0.004364013671875,success,
erdos_renyi,"{""edge_probability"": 0.12, ""family"": ""erdos_renyi"", ""m"": 2, ""num_blocks"": 3, ""num_graphs"": 5, ""num_nodes"": 8, ""p_in"": 0.25, ""p_out"": 0.03, ""seed"": 0}",hub_modification,"{""alpha"": 0.0, ""edges_added"": 0, ""edges_removed"": 0, ""graphs"": 5, ""graphs_skipped"": 0, ""graphs_success"": 5, ""method"": ""hub_modification"", ""perturbation_direction"": ""modification"", ""perturbation_family"": ""hub"", ""rewires"": 0, ""triangles_affected"": 0}",0.0,0,wl_subtree_kernel_mmd,paper_faithful,"{""implementation_mode"": ""paper_faithful"", ""method"": ""wl_subtree_kernel_mmd"", ""wl_compression"": ""shared_canonical_dictionary_per_comparison"", ""wl_feature_construction"": ""subtree_histograms_across_iterations"", ""wl_iterations"": 3, ""wl_kernel_distance_mode"": ""linear_mmd"", ""wl_label_initialization"": ""node_label_or_degree"", ""wl_node_label_key"": ""node_labels""}",hub,modification,5,8,8,1,6,0.0,0.0,0.0,0.0016812459998618579,0.020478248596191406,success,
erdos_renyi,"{""edge_probability"": 0.12, ""family"": ""erdos_renyi"", ""m"": 2, ""num_blocks"": 3, ""num_graphs"": 5, ""num_nodes"": 8, ""p_in"": 0.25, ""p_out"": 0.03, ""seed"": 0}",hub_modification,"{""alpha"": 0.0, ""edges_added"": 0, ""edges_removed"": 0, ""graphs"": 5, ""graphs_skipped"": 0, ""graphs_success"": 5, ""method"": ""hub_modification"", ""perturbation_direction"": ""modification"", ""perturbation_family"": ""hub"", ""rewires"": 0, ""triangles_affected"": 0}",0.0,0,native_netlsd,paper_faithful,"{""distribution_distance"": ""l2_between_mean_signatures"", ""eigenvalue_count"": ""all"", ""eigenvalue_mode"": ""full_spectrum"", ""heat_signature"": ""heat_trace"", ""implementation_mode"": ""paper_faithful"", ""laplacian_type"": ""normalized"", ""method"": ""native_netlsd"", ""netlsd_normalization"": ""empty"", ""netlsd_time_scale_count"": 250, ""netlsd_time_scale_max"": 100.0, ""netlsd_time_scale_min"": 0.01, ""netlsd_time_scale_schedule"": ""logspace""}",hub,modification,5,8,8,1,6,0.0,0.0,0.0,0.01824966399999539,0.0921478271484375,success,
erdos_renyi,"{""edge_probability"": 0.12, ""family"": ""erdos_renyi"", ""m"": 2, ""num_blocks"": 3, ""num_graphs"": 5, ""num_nodes"": 8, ""p_in"": 0.25, ""p_out"": 0.03, ""seed"": 0}",hub_modification,"{""alpha"": 0.0, ""edges_added"": 0, ""edges_removed"": 0, ""graphs"": 5, ""graphs_skipped"": 0, ""graphs_success"": 5, ""method"": ""hub_modification"", ""perturbation_direction"": ""modification"", ""perturbation_family"": ""hub"", ""rewires"": 0, ""triangles_affected"": 0}",0.0,0,diversity_curves_shortest_path,paper_faithful,"{""distance_metric"": ""shortest_path"", ""distribution_distance"": ""l2_between_mean_curves"", ""diversity_contraction_mode"": ""random_edge"", ""diversity_curve_definition"": ""shortest_path_spread"", ""diversity_repetitions"": 3, ""diversity_scale_count"": ""dataset_max_nodes"", ""diversity_scale_schedule"": ""all_integer_cardinalities"", ""diversity_upsampling_enabled"": true, ""implementation_mode"": ""paper_faithful"", ""method"": ""diversity_curves_shortest_path"", ""random_seed"": 0}",hub,modification,5,8,8,1,6,0.0,0.0,0.0,0.020330873000602878,0.013871192932128906,success,
erdos_renyi,"{""edge_probability"": 0.12, ""family"": ""erdos_renyi"", ""m"": 2, ""num_blocks"": 3, ""num_graphs"": 5, ""num_nodes"": 8, ""p_in"": 0.25, ""p_out"": 0.03, ""seed"": 0}",hub_modification,"{""alpha"": 0.5, ""edges_added"": 5, ""edges_removed"": 5, ""graphs"": 5, ""graphs_skipped"": 0, ""graphs_success"": 5, ""method"": ""hub_modification"", ""perturbation_direction"": ""modification"", ""perturbation_family"": ""hub"", ""rewires"": 5, ""triangles_affected"": 0}",0.5,0,structural_statistics_mmd,descriptor_baseline,"{""bandwidth"": 10.0, ""feature_count"": 9, ""implementation_mode"": ""descriptor_baseline"", ""kernel"": ""rbf_mmd"", ""method"": ""structural_statistics_mmd""}",hub,modification,5,8,8,1,6,4.4577233515585846e-06,0.0,0.1,0.0010901830000875634,0.004364013671875,success,
erdos_renyi,"{""edge_probability"": 0.12, ""family"": ""erdos_renyi"", ""m"": 2, ""num_blocks"": 3, ""num_graphs"": 5, ""num_nodes"": 8, ""p_in"": 0.25, ""p_out"": 0.03, ""seed"": 0}",hub_modification,"{""alpha"": 0.5, ""edges_added"": 5, ""edges_removed"": 5, ""graphs"": 5, ""graphs_skipped"": 0, ""graphs_success"": 5, ""method"": ""hub_modification"", ""perturbation_direction"": ""modification"", ""perturbation_family"": ""hub"", ""rewires"": 5, ""triangles_affected"": 0}",0.5,0,wl_subtree_kernel_mmd,paper_faithful,"{""implementation_mode"": ""paper_faithful"", ""method"": ""wl_subtree_kernel_mmd"", ""wl_compression"": ""shared_canonical_dictionary_per_comparison"", ""wl_feature_construction"": ""subtree_histograms_across_iterations"", ""wl_iterations"": 3, ""wl_kernel_distance_mode"": ""linear_mmd"", ""wl_label_initialization"": ""node_label_or_degree"", ""wl_node_label_key"": ""node_labels""}",hub,modification,5,8,8,1,6,4.88,2.209072203437452,2.9119143558555023,0.0018689999997150153,0.021915435791015625,success,
erdos_renyi,"{""edge_probability"": 0.12, ""family"": ""erdos_renyi"", ""m"": 2, ""num_blocks"": 3, ""num_graphs"": 5, ""num_nodes"": 8, ""p_in"": 0.25, ""p_out"": 0.03, ""seed"": 0}",hub_modification,"{""alpha"": 0.5, ""edges_added"": 5, ""edges_removed"": 5, ""graphs"": 5, ""graphs_skipped"": 0, ""graphs_success"": 5, ""method"": ""hub_modification"", ""perturbation_direction"": ""modification"", ""perturbation_family"": ""hub"", ""rewires"": 5, ""triangles_affected"": 0}",0.5,0,native_netlsd,paper_faithful,"{""distribution_distance"": ""l2_between_mean_signatures"", ""eigenvalue_count"": ""all"", ""eigenvalue_mode"": ""full_spectrum"", ""heat_signature"": ""heat_trace"", ""implementation_mode"": ""paper_faithful"", ""laplacian_type"": ""normalized"", ""method"": ""native_netlsd"", ""netlsd_normalization"": ""empty"", ""netlsd_time_scale_count"": 250, ""netlsd_time_scale_max"": 100.0, ""netlsd_time_scale_min"": 0.01, ""netlsd_time_scale_schedule"": ""logspace""}",hub,modification,5,8,8,1,6,0.07635276352199444,0.07635276352199444,0.0809697156614481,0.015873630999521993,0.0921478271484375,success,
erdos_renyi,"{""edge_probability"": 0.12, ""family"": ""erdos_renyi"", ""m"": 2, ""num_blocks"": 3, ""num_graphs"": 5, ""num_nodes"": 8, ""p_in"": 0.25, ""p_out"": 0.03, ""seed"": 0}",hub_modification,"{""alpha"": 0.5, ""edges_added"": 5, ""edges_removed"": 5, ""graphs"": 5, ""graphs_skipped"": 0, ""graphs_success"": 5, ""method"": ""hub_modification"", ""perturbation_direction"": ""modification"", ""perturbation_family"": ""hub"", ""rewires"": 5, ""triangles_affected"": 0}",0.5,0,diversity_curves_shortest_path,paper_faithful,"{""distance_metric"": ""shortest_path"", ""distribution_distance"": ""l2_between_mean_curves"", ""diversity_contraction_mode"": ""random_edge"", ""diversity_curve_definition"": ""shortest_path_spread"", ""diversity_repetitions"": 3, ""diversity_scale_count"": ""dataset_max_nodes"", ""diversity_scale_schedule"": ""all_integer_cardinalities"", ""diversity_upsampling_enabled"": true, ""implementation_mode"": ""paper_faithful"", ""method"": ""diversity_curves_shortest_path"", ""random_seed"": 0}",hub,modification,5,8,8,1,6,0.011664261275341039,0.011664261275341039,0.01814272911470827,0.021549989000050118,0.013871192932128906,success,
erdos_renyi,"{""edge_probability"": 0.12, ""family"": ""erdos_renyi"", ""m"": 2, ""num_blocks"": 3, ""num_graphs"": 5, ""num_nodes"": 8, ""p_in"": 0.25, ""p_out"": 0.03, ""seed"": 0}",hub_modification,"{""alpha"": 1.0, ""edges_added"": 8, ""edges_removed"": 8, ""graphs"": 5, ""graphs_skipped"": 0, ""graphs_success"": 5, ""method"": ""hub_modification"", ""perturbation_direction"": ""modification"", ""perturbation_family"": ""hub"", ""rewires"": 8, ""triangles_affected"": 0}",1.0,0,structural_statistics_mmd,descriptor_baseline,"{""bandwidth"": 10.0, ""feature_count"": 9, ""implementation_mode"": ""descriptor_baseline"", ""kernel"": ""rbf_mmd"", ""method"": ""structural_statistics_mmd""}",hub,modification,5,8,8,1,6,4.4577233515585846e-06,0.0,0.1,0.0011377230002835859,0.004364013671875,success,
erdos_renyi,"{""edge_probability"": 0.12, ""family"": ""erdos_renyi"", ""m"": 2, ""num_blocks"": 3, ""num_graphs"": 5, ""num_nodes"": 8, ""p_in"": 0.25, ""p_out"": 0.03, ""seed"": 0}",hub_modification,"{""alpha"": 1.0, ""edges_added"": 8, ""edges_removed"": 8, ""graphs"": 5, ""graphs_skipped"": 0, ""graphs_success"": 5, ""method"": ""hub_modification"", ""perturbation_direction"": ""modification"", ""perturbation_family"": ""hub"", ""rewires"": 8, ""triangles_affected"": 0}",1.0,0,wl_subtree_kernel_mmd,paper_faithful,"{""implementation_mode"": ""paper_faithful"", ""method"": ""wl_subtree_kernel_mmd"", ""wl_compression"": ""shared_canonical_dictionary_per_comparison"", ""wl_feature_construction"": ""subtree_histograms_across_iterations"", ""wl_iterations"": 3, ""wl_kernel_distance_mode"": ""linear_mmd"", ""wl_label_initialization"": ""node_label_or_degree"", ""wl_node_label_key"": ""node_labels""}",hub,modification,5,8,8,1,6,4.88,2.209072203437452,2.9119143558555023,0.0018991560000358731,0.021778106689453125,success,
erdos_renyi,"{""edge_probability"": 0.12, ""family"": ""erdos_renyi"", ""m"": 2, ""num_blocks"": 3, ""num_graphs"": 5, ""num_nodes"": 8, ""p_in"": 0.25, ""p_out"": 0.03, ""seed"": 0}",hub_modification,"{""alpha"": 1.0, ""edges_added"": 8, ""edges_removed"": 8, ""graphs"": 5, ""graphs_skipped"": 0, ""graphs_success"": 5, ""method"": ""hub_modification"", ""perturbation_direction"": ""modification"", ""perturbation_family"": ""hub"", ""rewires"": 8, ""triangles_affected"": 0}",1.0,0,native_netlsd,paper_faithful,"{""distribution_distance"": ""l2_between_mean_signatures"", ""eigenvalue_count"": ""all"", ""eigenvalue_mode"": ""full_spectrum"", ""heat_signature"": ""heat_trace"", ""implementation_mode"": ""paper_faithful"", ""laplacian_type"": ""normalized"", ""method"": ""native_netlsd"", ""netlsd_normalization"": ""empty"", ""netlsd_time_scale_count"": 250, ""netlsd_time_scale_max"": 100.0, ""netlsd_time_scale_min"": 0.01, ""netlsd_time_scale_schedule"": ""logspace""}",hub,modification,5,8,8,1,6,0.07635276352199444,0.07635276352199444,0.0809697156614481,0.015961004999553552,0.0921478271484375,success,
erdos_renyi,"{""edge_probability"": 0.12, ""family"": ""erdos_renyi"", ""m"": 2, ""num_blocks"": 3, ""num_graphs"": 5, ""num_nodes"": 8, ""p_in"": 0.25, ""p_out"": 0.03, ""seed"": 0}",hub_modification,"{""alpha"": 1.0, ""edges_added"": 8, ""edges_removed"": 8, ""graphs"": 5, ""graphs_skipped"": 0, ""graphs_success"": 5, ""method"": ""hub_modification"", ""perturbation_direction"": ""modification"", ""perturbation_family"": ""hub"", ""rewires"": 8, ""triangles_affected"": 0}",1.0,0,diversity_curves_shortest_path,paper_faithful,"{""distance_metric"": ""shortest_path"", ""distribution_distance"": ""l2_between_mean_curves"", ""diversity_contraction_mode"": ""random_edge"", ""diversity_curve_definition"": ""shortest_path_spread"", ""diversity_repetitions"": 3, ""diversity_scale_count"": ""dataset_max_nodes"", ""diversity_scale_schedule"": ""all_integer_cardinalities"", ""diversity_upsampling_enabled"": true, ""implementation_mode"": ""paper_faithful"", ""method"": ""diversity_curves_shortest_path"", ""random_seed"": 0}",hub,modification,5,8,8,1,6,0.011664261275341039,0.011664261275341039,0.01814272911470827,0.019653376999485772,0.013871192932128906,success,
stochastic_block_model,"{""edge_probability"": 0.1, ""family"": ""stochastic_block_model"", ""m"": 2, ""num_blocks"": 4, ""num_graphs"": 5, ""num_nodes"": 8, ""p_in"": 0.28, ""p_out"": 0.04, ""seed"": 0}",edge_insertion,"{""alpha"": 0.0, ""edges_added"": 0, ""edges_removed"": 0, ""graphs"": 5, ""graphs_skipped"": 0, ""graphs_success"": 5, ""method"": ""edge_insertion"", ""perturbation_direction"": ""insertion"", ""perturbation_family"": ""edge"", ""rewires"": 0, ""triangles_affected"": 0}",0.0,0,structural_statistics_mmd,descriptor_baseline,"{""bandwidth"": 10.0, ""feature_count"": 9, ""implementation_mode"": ""descriptor_baseline"", ""kernel"": ""rbf_mmd"", ""method"": ""structural_statistics_mmd""}",edge,insertion,5,8,8,0,7,0.0,0.0,0.0,0.001085203000002366,0.00460052490234375,success,
stochastic_block_model,"{""edge_probability"": 0.1, ""family"": ""stochastic_block_model"", ""m"": 2, ""num_blocks"": 4, ""num_graphs"": 5, ""num_nodes"": 8, ""p_in"": 0.28, ""p_out"": 0.04, ""seed"": 0}",edge_insertion,"{""alpha"": 0.0, ""edges_added"": 0, ""edges_removed"": 0, ""graphs"": 5, ""graphs_skipped"": 0, ""graphs_success"": 5, ""method"": ""edge_insertion"", ""perturbation_direction"": ""insertion"", ""perturbation_family"": ""edge"", ""rewires"": 0, ""triangles_affected"": 0}",0.0,0,wl_subtree_kernel_mmd,paper_faithful,"{""implementation_mode"": ""paper_faithful"", ""method"": ""wl_subtree_kernel_mmd"", ""wl_compression"": ""shared_canonical_dictionary_per_comparison"", ""wl_feature_construction"": ""subtree_histograms_across_iterations"", ""wl_iterations"": 3, ""wl_kernel_distance_mode"": ""linear_mmd"", ""wl_label_initialization"": ""node_label_or_degree"", ""wl_node_label_key"": ""node_labels""}",edge,insertion,5,8,8,0,7,0.0,0.0,0.0,0.0017689410005914397,0.019296646118164062,success,
stochastic_block_model,"{""edge_probability"": 0.1, ""family"": ""stochastic_block_model"", ""m"": 2, ""num_blocks"": 4, ""num_graphs"": 5, ""num_nodes"": 8, ""p_in"": 0.28, ""p_out"": 0.04, ""seed"": 0}",edge_insertion,"{""alpha"": 0.0, ""edges_added"": 0, ""edges_removed"": 0, ""graphs"": 5, ""graphs_skipped"": 0, ""graphs_success"": 5, ""method"": ""edge_insertion"", ""perturbation_direction"": ""insertion"", ""perturbation_family"": ""edge"", ""rewires"": 0, ""triangles_affected"": 0}",0.0,0,native_netlsd,paper_faithful,"{""distribution_distance"": ""l2_between_mean_signatures"", ""eigenvalue_count"": ""all"", ""eigenvalue_mode"": ""full_spectrum"", ""heat_signature"": ""heat_trace"", ""implementation_mode"": ""paper_faithful"", ""laplacian_type"": ""normalized"", ""method"": ""native_netlsd"", ""netlsd_normalization"": ""empty"", ""netlsd_time_scale_count"": 250, ""netlsd_time_scale_max"": 100.0, ""netlsd_time_scale_min"": 0.01, ""netlsd_time_scale_schedule"": ""logspace""}",edge,insertion,5,8,8,0,7,0.0,0.0,0.0,0.014877995000460942,0.0921478271484375,success,
stochastic_block_model,"{""edge_probability"": 0.1, ""family"": ""stochastic_block_model"", ""m"": 2, ""num_blocks"": 4, ""num_graphs"": 5, ""num_nodes"": 8, ""p_in"": 0.28, ""p_out"": 0.04, ""seed"": 0}",edge_insertion,"{""alpha"": 0.0, ""edges_added"": 0, ""edges_removed"": 0, ""graphs"": 5, ""graphs_skipped"": 0, ""graphs_success"": 5, ""method"": ""edge_insertion"", ""perturbation_direction"": ""insertion"", ""perturbation_family"": ""edge"", ""rewires"": 0, ""triangles_affected"": 0}",0.0,0,diversity_curves_shortest_path,paper_faithful,"{""distance_metric"": ""shortest_path"", ""distribution_distance"": ""l2_between_mean_curves"", ""diversity_contraction_mode"": ""random_edge"", ""diversity_curve_definition"": ""shortest_path_spread"", ""diversity_repetitions"": 3, ""diversity_scale_count"": ""dataset_max_nodes"", ""diversity_scale_schedule"": ""all_integer_cardinalities"", ""diversity_upsampling_enabled"": true, ""implementation_mode"": ""paper_faithful"", ""method"": ""diversity_curves_shortest_path"", ""random_seed"": 0}",edge,insertion,5,8,8,0,7,0.0,0.0,0.0,0.017863066000245453,0.013986587524414062,success,
stochastic_block_model,"{""edge_probability"": 0.1, ""family"": ""stochastic_block_model"", ""m"": 2, ""num_blocks"": 4, ""num_graphs"": 5, ""num_nodes"": 8, ""p_in"": 0.28, ""p_out"": 0.04, ""seed"": 0}",edge_insertion,"{""alpha"": 0.5, ""edges_added"": 4, ""edges_removed"": 0, ""graphs"": 5, ""graphs_skipped"": 0, ""graphs_success"": 5, ""method"": ""edge_insertion"", ""perturbation_direction"": ""insertion"", ""perturbation_family"": ""edge"", ""rewires"": 0, ""triangles_affected"": 0}",0.5,0,structural_statistics_mmd,descriptor_baseline,"{""bandwidth"": 10.0, ""feature_count"": 9, ""implementation_mode"": ""descriptor_baseline"", ""kernel"": ""rbf_mmd"", ""method"": ""structural_statistics_mmd""}",edge,insertion,5,8,8,0,10,0.006031232251447749,0.9169603734789264,0.938061955701716,0.0010810460007633083,0.00460052490234375,success,
stochastic_block_model,"{""edge_probability"": 0.1, ""family"": ""stochastic_block_model"", ""m"": 2, ""num_blocks"": 4, ""num_graphs"": 5, ""num_nodes"": 8, ""p_in"": 0.28, ""p_out"": 0.04, ""seed"": 0}",edge_insertion,"{""alpha"": 0.5, ""edges_added"": 4, ""edges_removed"": 0, ""graphs"": 5, ""graphs_skipped"": 0, ""graphs_success"": 5, ""method"": ""edge_insertion"", ""perturbation_direction"": ""insertion"", ""perturbation_family"": ""edge"", ""rewires"": 0, ""triangles_affected"": 0}",0.5,0,wl_subtree_kernel_mmd,paper_faithful,"{""implementation_mode"": ""paper_faithful"", ""method"": ""wl_subtree_kernel_mmd"", ""wl_compression"": ""shared_canonical_dictionary_per_comparison"", ""wl_feature_construction"": ""subtree_histograms_across_iterations"", ""wl_iterations"": 3, ""wl_kernel_distance_mode"": ""linear_mmd"", ""wl_label_initialization"": ""node_label_or_degree"", ""wl_node_label_key"": ""node_labels""}",edge,insertion,5,8,8,0,10,3.1200000000000014,1.7663521732655698,2.9424478775259595,0.0020927899995513144,0.020010948181152344,success,
stochastic_block_model,"{""edge_probability"": 0.1, ""family"": ""stochastic_block_model"", ""m"": 2, ""num_blocks"": 4, ""num_graphs"": 5, ""num_nodes"": 8, ""p_in"": 0.28, ""p_out"": 0.04, ""seed"": 0}",edge_insertion,"{""alpha"": 0.5, ""edges_added"": 4, ""edges_removed"": 0, ""graphs"": 5, ""graphs_skipped"": 0, ""graphs_success"": 5, ""method"": ""edge_insertion"", ""perturbation_direction"": ""insertion"", ""perturbation_family"": ""edge"", ""rewires"": 0, ""triangles_affected"": 0}",0.5,0,native_netlsd,paper_faithful,"{""distribution_distance"": ""l2_between_mean_signatures"", ""eigenvalue_count"": ""all"", ""eigenvalue_mode"": ""full_spectrum"", ""heat_signature"": ""heat_trace"", ""implementation_mode"": ""paper_faithful"", ""laplacian_type"": ""normalized"", ""method"": ""native_netlsd"", ""netlsd_normalization"": ""empty"", ""netlsd_time_scale_count"": 250, ""netlsd_time_scale_max"": 100.0, ""netlsd_time_scale_min"": 0.01, ""netlsd_time_scale_schedule"": ""logspace""}",edge,insertion,5,8,8,0,10,0.551435329934832,0.551435329934832,0.5581698955021885,0.016614625000329397,0.0921478271484375,success,
stochastic_block_model,"{""edge_probability"": 0.1, ""family"": ""stochastic_block_model"", ""m"": 2, ""num_blocks"": 4, ""num_graphs"": 5, ""num_nodes"": 8, ""p_in"": 0.28, ""p_out"": 0.04, ""seed"": 0}",edge_insertion,"{""alpha"": 0.5, ""edges_added"": 4, ""edges_removed"": 0, ""graphs"": 5, ""graphs_skipped"": 0, ""graphs_success"": 5, ""method"": ""edge_insertion"", ""perturbation_direction"": ""insertion"", ""perturbation_family"": ""edge"", ""rewires"": 0, ""triangles_affected"": 0}",0.5,0,diversity_curves_shortest_path,paper_faithful,"{""distance_metric"": ""shortest_path"", ""distribution_distance"": ""l2_between_mean_curves"", ""diversity_contraction_mode"": ""random_edge"", ""diversity_curve_definition"": ""shortest_path_spread"", ""diversity_repetitions"": 3, ""diversity_scale_count"": ""dataset_max_nodes"", ""diversity_scale_schedule"": ""all_integer_cardinalities"", ""diversity_upsampling_enabled"": true, ""implementation_mode"": ""paper_faithful"", ""method"": ""diversity_curves_shortest_path"", ""random_seed"": 0}",edge,insertion,5,8,8,0,10,0.6204713775965056,0.6204713775965056,0.6563335063309667,0.020517724999990605,0.013958930969238281,success,
stochastic_block_model,"{""edge_probability"": 0.1, ""family"": ""stochastic_block_model"", ""m"": 2, ""num_blocks"": 4, ""num_graphs"": 5, ""num_nodes"": 8, ""p_in"": 0.28, ""p_out"": 0.04, ""seed"": 0}",edge_insertion,"{""alpha"": 1.0, ""edges_added"": 11, ""edges_removed"": 0, ""graphs"": 5, ""graphs_skipped"": 0, ""graphs_success"": 5, ""method"": ""edge_insertion"", ""perturbation_direction"": ""insertion"", ""perturbation_family"": ""edge"", ""rewires"": 0, ""triangles_affected"": 0}",1.0,0,structural_statistics_mmd,descriptor_baseline,"{""bandwidth"": 10.0, ""feature_count"": 9, ""implementation_mode"": ""descriptor_baseline"", ""kernel"": ""rbf_mmd"", ""method"": ""structural_statistics_mmd""}",edge,insertion,5,8,8,0,14,0.034974740567835116,2.613553726920453,2.824485058565794,0.0010794519994306029,0.00457000732421875,success,
stochastic_block_model,"{""edge_probability"": 0.1, ""family"": ""stochastic_block_model"", ""m"": 2, ""num_blocks"": 4, ""num_graphs"": 5, ""num_nodes"": 8, ""p_in"": 0.28, ""p_out"": 0.04, ""seed"": 0}",edge_insertion,"{""alpha"": 1.0, ""edges_added"": 11, ""edges_removed"": 0, ""graphs"": 5, ""graphs_skipped"": 0, ""graphs_success"": 5, ""method"": ""edge_insertion"", ""perturbation_direction"": ""insertion"", ""perturbation_family"": ""edge"", ""rewires"": 0, ""triangles_affected"": 0}",1.0,0,wl_subtree_kernel_mmd,paper_faithful,"{""implementation_mode"": ""paper_faithful"", ""method"": ""wl_subtree_kernel_mmd"", ""wl_compression"": ""shared_canonical_dictionary_per_comparison"", ""wl_feature_construction"": ""subtree_histograms_across_iterations"", ""wl_iterations"": 3, ""wl_kernel_distance_mode"": ""linear_mmd"", ""wl_label_initialization"": ""node_label_or_degree"", ""wl_node_label_key"": ""node_labels""}",edge,insertion,5,8,8,0,14,8.320000000000002,2.8844410203711917,5.772043350903973,0.001931908000187832,0.021818161010742188,success,
stochastic_block_model,"{""edge_probability"": 0.1, ""family"": ""stochastic_block_model"", ""m"": 2, ""num_blocks"": 4, ""num_graphs"": 5, ""num_nodes"": 8, ""p_in"": 0.28, ""p_out"": 0.04, ""seed"": 0}",edge_insertion,"{""alpha"": 1.0, ""edges_added"": 11, ""edges_removed"": 0, ""graphs"": 5, ""graphs_skipped"": 0, ""graphs_success"": 5, ""method"": ""edge_insertion"", ""perturbation_direction"": ""insertion"", ""perturbation_family"": ""edge"", ""rewires"": 0, ""triangles_affected"": 0}",1.0,0,native_netlsd,paper_faithful,"{""distribution_distance"": ""l2_between_mean_signatures"", ""eigenvalue_count"": ""all"", ""eigenvalue_mode"": ""full_spectrum"", ""heat_signature"": ""heat_trace"", ""implementation_mode"": ""paper_faithful"", ""laplacian_type"": ""normalized"", ""method"": ""native_netlsd"", ""netlsd_normalization"": ""empty"", ""netlsd_time_scale_count"": 250, ""netlsd_time_scale_max"": 100.0, ""netlsd_time_scale_min"": 0.01, ""netlsd_time_scale_schedule"": ""logspace""}",edge,insertion,5,8,8,0,14,1.3716297521416487,1.3716297521416487,1.3786204373154414,0.017543284000566928,0.0921478271484375,success,
stochastic_block_model,"{""edge_probability"": 0.1, ""family"": ""stochastic_block_model"", ""m"": 2, ""num_blocks"": 4, ""num_graphs"": 5, ""num_nodes"": 8, ""p_in"": 0.28, ""p_out"": 0.04, ""seed"": 0}",edge_insertion,"{""alpha"": 1.0, ""edges_added"": 11, ""edges_removed"": 0, ""graphs"": 5, ""graphs_skipped"": 0, ""graphs_success"": 5, ""method"": ""edge_insertion"", ""perturbation_direction"": ""insertion"", ""perturbation_family"": ""edge"", ""rewires"": 0, ""triangles_affected"": 0}",1.0,0,diversity_curves_shortest_path,paper_faithful,"{""distance_metric"": ""shortest_path"", ""distribution_distance"": ""l2_between_mean_curves"", ""diversity_contraction_mode"": ""random_edge"", ""diversity_curve_definition"": ""shortest_path_spread"", ""diversity_repetitions"": 3, ""diversity_scale_count"": ""dataset_max_nodes"", ""diversity_scale_schedule"": ""all_integer_cardinalities"", ""diversity_upsampling_enabled"": true, ""implementation_mode"": ""paper_faithful"", ""method"": ""diversity_curves_shortest_path"", ""random_seed"": 0}",edge,insertion,5,8,8,0,14,1.178390561788218,1.178390561788218,1.2561201511019742,0.022479319000012765,0.020300865173339844,success,
stochastic_block_model,"{""edge_probability"": 0.1, ""family"": ""stochastic_block_model"", ""m"": 2, ""num_blocks"": 4, ""num_graphs"": 5, ""num_nodes"": 8, ""p_in"": 0.28, ""p_out"": 0.04, ""seed"": 0}",edge_deletion,"{""alpha"": 0.0, ""edges_added"": 0, ""edges_removed"": 0, ""graphs"": 5, ""graphs_skipped"": 0, ""graphs_success"": 5, ""method"": ""edge_deletion"", ""perturbation_direction"": ""deletion"", ""perturbation_family"": ""edge"", ""rewires"": 0, ""triangles_affected"": 0}",0.0,0,structural_statistics_mmd,descriptor_baseline,"{""bandwidth"": 10.0, ""feature_count"": 9, ""implementation_mode"": ""descriptor_baseline"", ""kernel"": ""rbf_mmd"", ""method"": ""structural_statistics_mmd""}",edge,deletion,5,8,8,0,7,0.0,0.0,0.0,0.0011046199997508666,0.00460052490234375,success,
stochastic_block_model,"{""edge_probability"": 0.1, ""family"": ""stochastic_block_model"", ""m"": 2, ""num_blocks"": 4, ""num_graphs"": 5, ""num_nodes"": 8, ""p_in"": 0.28, ""p_out"": 0.04, ""seed"": 0}",edge_deletion,"{""alpha"": 0.0, ""edges_added"": 0, ""edges_removed"": 0, ""graphs"": 5, ""graphs_skipped"": 0, ""graphs_success"": 5, ""method"": ""edge_deletion"", ""perturbation_direction"": ""deletion"", ""perturbation_family"": ""edge"", ""rewires"": 0, ""triangles_affected"": 0}",0.0,0,wl_subtree_kernel_mmd,paper_faithful,"{""implementation_mode"": ""paper_faithful"", ""method"": ""wl_subtree_kernel_mmd"", ""wl_compression"": ""shared_canonical_dictionary_per_comparison"", ""wl_feature_construction"": ""subtree_histograms_across_iterations"", ""wl_iterations"": 3, ""wl_kernel_distance_mode"": ""linear_mmd"", ""wl_label_initialization"": ""node_label_or_degree"", ""wl_node_label_key"": ""node_labels""}",edge,deletion,5,8,8,0,7,0.0,0.0,0.0,0.0019302749997223145,0.019296646118164062,success,
stochastic_block_model,"{""edge_probability"": 0.1, ""family"": ""stochastic_block_model"", ""m"": 2, ""num_blocks"": 4, ""num_graphs"": 5, ""num_nodes"": 8, ""p_in"": 0.28, ""p_out"": 0.04, ""seed"": 0}",edge_deletion,"{""alpha"": 0.0, ""edges_added"": 0, ""edges_removed"": 0, ""graphs"": 5, ""graphs_skipped"": 0, ""graphs_success"": 5, ""method"": ""edge_deletion"", ""perturbation_direction"": ""deletion"", ""perturbation_family"": ""edge"", ""rewires"": 0, ""triangles_affected"": 0}",0.0,0,native_netlsd,paper_faithful,"{""distribution_distance"": ""l2_between_mean_signatures"", ""eigenvalue_count"": ""all"", ""eigenvalue_mode"": ""full_spectrum"", ""heat_signature"": ""heat_trace"", ""implementation_mode"": ""paper_faithful"", ""laplacian_type"": ""normalized"", ""method"": ""native_netlsd"", ""netlsd_normalization"": ""empty"", ""netlsd_time_scale_count"": 250, ""netlsd_time_scale_max"": 100.0, ""netlsd_time_scale_min"": 0.01, ""netlsd_time_scale_schedule"": ""logspace""}",edge,deletion,5,8,8,0,7,0.0,0.0,0.0,0.016348404999916966,0.0921478271484375,success,
stochastic_block_model,"{""edge_probability"": 0.1, ""family"": ""stochastic_block_model"", ""m"": 2, ""num_blocks"": 4, ""num_graphs"": 5, ""num_nodes"": 8, ""p_in"": 0.28, ""p_out"": 0.04, ""seed"": 0}",edge_deletion,"{""alpha"": 0.0, ""edges_added"": 0, ""edges_removed"": 0, ""graphs"": 5, ""graphs_skipped"": 0, ""graphs_success"": 5, ""method"": ""edge_deletion"", ""perturbation_direction"": ""deletion"", ""perturbation_family"": ""edge"", ""rewires"": 0, ""triangles_affected"": 0}",0.0,0,diversity_curves_shortest_path,paper_faithful,"{""distance_metric"": ""shortest_path"", ""distribution_distance"": ""l2_between_mean_curves"", ""diversity_contraction_mode"": ""random_edge"", ""diversity_curve_definition"": ""shortest_path_spread"", ""diversity_repetitions"": 3, ""diversity_scale_count"": ""dataset_max_nodes"", ""diversity_scale_schedule"": ""all_integer_cardinalities"", ""diversity_upsampling_enabled"": true, ""implementation_mode"": ""paper_faithful"", ""method"": ""diversity_curves_shortest_path"", ""random_seed"": 0}",edge,deletion,5,8,8,0,7,0.0,0.0,0.0,0.018691917000069225,0.013986587524414062,success,
stochastic_block_model,"{""edge_probability"": 0.1, ""family"": ""stochastic_block_model"", ""m"": 2, ""num_blocks"": 4, ""num_graphs"": 5, ""num_nodes"": 8, ""p_in"": 0.28, ""p_out"": 0.04, ""seed"": 0}",edge_deletion,"{""alpha"": 0.5, ""edges_added"": 0, ""edges_removed"": 4, ""graphs"": 5, ""graphs_skipped"": 0, ""graphs_success"": 5, ""method"": ""edge_deletion"", ""perturbation_direction"": ""deletion"", ""perturbation_family"": ""edge"", ""rewires"": 0, ""triangles_affected"": 0}",0.5,0,structural_statistics_mmd,descriptor_baseline,"{""bandwidth"": 10.0, ""feature_count"": 9, ""implementation_mode"": ""descriptor_baseline"", ""kernel"": ""rbf_mmd"", ""method"": ""structural_statistics_mmd""}",edge,deletion,5,8,8,0,7,0.008589479087407259,1.0214285714285714,1.0309998302509429,0.0022418709995690733,0.00460052490234375,success,
stochastic_block_model,"{""edge_probability"": 0.1, ""family"": ""stochastic_block_model"", ""m"": 2, ""num_blocks"": 4, ""num_graphs"": 5, ""num_nodes"": 8, ""p_in"": 0.28, ""p_out"": 0.04, ""seed"": 0}",edge_deletion,"{""alpha"": 0.5, ""edges_added"": 0, ""edges_removed"": 4, ""graphs"": 5, ""graphs_skipped"": 0, ""graphs_success"": 5, ""method"": ""edge_deletion"", ""perturbation_direction"": ""deletion"", ""perturbation_family"": ""edge"", ""rewires"": 0, ""triangles_affected"": 0}",0.5,0,wl_subtree_kernel_mmd,paper_faithful,"{""implementation_mode"": ""paper_faithful"", ""method"": ""wl_subtree_kernel_mmd"", ""wl_compression"": ""shared_canonical_dictionary_per_comparison"", ""wl_feature_construction"": ""subtree_histograms_across_iterations"", ""wl_iterations"": 3, ""wl_kernel_distance_mode"": ""linear_mmd"", ""wl_label_initialization"": ""node_label_or_degree"", ""wl_node_label_key"": ""node_labels""}",edge,deletion,5,8,8,0,7,4.559999999999998,2.135415650406262,2.756178530825668,0.002525024000533449,0.018911361694335938,success,
stochastic_block_model,"{""edge_probability"": 0.1, ""family"": ""stochastic_block_model"", ""m"": 2, ""num_blocks"": 4, ""num_graphs"": 5, ""num_nodes"": 8, ""p_in"": 0.28, ""p_out"": 0.04, ""seed"": 0}",edge_deletion,"{""alpha"": 0.5, ""edges_added"": 0, ""edges_removed"": 4, ""graphs"": 5, ""graphs_skipped"": 0, ""graphs_success"": 5, ""method"": ""edge_deletion"", ""perturbation_direction"": ""deletion"", ""perturbation_family"": ""edge"", ""rewires"": 0, ""triangles_affected"": 0}",0.5,0,native_netlsd,paper_faithful,"{""distribution_distance"": ""l2_between_mean_signatures"", ""eigenvalue_count"": ""all"", ""eigenvalue_mode"": ""full_spectrum"", ""heat_signature"": ""heat_trace"", ""implementation_mode"": ""paper_faithful"", ""laplacian_type"": ""normalized"", ""method"": ""native_netlsd"", ""netlsd_normalization"": ""empty"", ""netlsd_time_scale_count"": 250, ""netlsd_time_scale_max"": 100.0, ""netlsd_time_scale_min"": 0.01, ""netlsd_time_scale_schedule"": ""logspace""}",edge,deletion,5,8,8,0,7,0.8076363449121214,0.8076363449121214,0.80778930214254,0.013707150999834994,0.0921478271484375,success,
stochastic_block_model,"{""edge_probability"": 0.1, ""family"": ""stochastic_block_model"", ""m"": 2, ""num_blocks"": 4, ""num_graphs"": 5, ""num_nodes"": 8, ""p_in"": 0.28, ""p_out"": 0.04, ""seed"": 0}",edge_deletion,"{""alpha"": 0.5, ""edges_added"": 0, ""edges_removed"": 4, ""graphs"": 5, ""graphs_skipped"": 0, ""graphs_success"": 5, ""method"": ""edge_deletion"", ""perturbation_direction"": ""deletion"", ""perturbation_family"": ""edge"", ""rewires"": 0, ""triangles_affected"": 0}",0.5,0,diversity_curves_shortest_path,paper_faithful,"{""distance_metric"": ""shortest_path"", ""distribution_distance"": ""l2_between_mean_curves"", ""diversity_contraction_mode"": ""random_edge"", ""diversity_curve_definition"": ""shortest_path_spread"", ""diversity_repetitions"": 3, ""diversity_scale_count"": ""dataset_max_nodes"", ""diversity_scale_schedule"": ""all_integer_cardinalities"", ""diversity_upsampling_enabled"": true, ""implementation_mode"": ""paper_faithful"", ""method"": ""diversity_curves_shortest_path"", ""random_seed"": 0}",edge,deletion,5,8,8,0,7,0.6772707464990173,0.6772707464990173,0.7184673018050944,0.015688872000282572,0.013225555419921875,success,
stochastic_block_model,"{""edge_probability"": 0.1, ""family"": ""stochastic_block_model"", ""m"": 2, ""num_blocks"": 4, ""num_graphs"": 5, ""num_nodes"": 8, ""p_in"": 0.28, ""p_out"": 0.04, ""seed"": 0}",edge_deletion,"{""alpha"": 1.0, ""edges_added"": 0, ""edges_removed"": 11, ""graphs"": 5, ""graphs_skipped"": 0, ""graphs_success"": 5, ""method"": ""edge_deletion"", ""perturbation_direction"": ""deletion"", ""perturbation_family"": ""edge"", ""rewires"": 0, ""triangles_affected"": 0}",1.0,0,structural_statistics_mmd,descriptor_baseline,"{""bandwidth"": 10.0, ""feature_count"": 9, ""implementation_mode"": ""descriptor_baseline"", ""kernel"": ""rbf_mmd"", ""method"": ""structural_statistics_mmd""}",edge,deletion,5,8,8,0,7,0.07372882448257334,3.0360467254948094,3.042313961270563,0.000998008999886224,0.00487518310546875,success,
stochastic_block_model,"{""edge_probability"": 0.1, ""family"": ""stochastic_block_model"", ""m"": 2, ""num_blocks"": 4, ""num_graphs"": 5, ""num_nodes"": 8, ""p_in"": 0.28, ""p_out"": 0.04, ""seed"": 0}",edge_deletion,"{""alpha"": 1.0, ""edges_added"": 0, ""edges_removed"": 11, ""graphs"": 5, ""graphs_skipped"": 0, ""graphs_success"": 5, ""method"": ""edge_deletion"", ""perturbation_direction"": ""deletion"", ""perturbation_family"": ""edge"", ""rewires"": 0, ""triangles_affected"": 0}",1.0,0,wl_subtree_kernel_mmd,paper_faithful,"{""implementation_mode"": ""paper_faithful"", ""method"": ""wl_subtree_kernel_mmd"", ""wl_compression"": ""shared_canonical_dictionary_per_comparison"", ""wl_feature_construction"": ""subtree_histograms_across_iterations"", ""wl_iterations"": 3, ""wl_kernel_distance_mode"": ""linear_mmd"", ""wl_label_initialization"": ""node_label_or_degree"", ""wl_node_label_key"": ""node_labels""}",edge,deletion,5,8,8,0,7,46.32,6.805879810869422,7.32591555453193,0.0017782680006348528,0.0159912109375,success,
stochastic_block_model,"{""edge_probability"": 0.1, ""family"": ""stochastic_block_model"", ""m"": 2, ""num_blocks"": 4, ""num_graphs"": 5, ""num_nodes"": 8, ""p_in"": 0.28, ""p_out"": 0.04, ""seed"": 0}",edge_deletion,"{""alpha"": 1.0, ""edges_added"": 0, ""edges_removed"": 11, ""graphs"": 5, ""graphs_skipped"": 0, ""graphs_success"": 5, ""method"": ""edge_deletion"", ""perturbation_direction"": ""deletion"", ""perturbation_family"": ""edge"", ""rewires"": 0, ""triangles_affected"": 0}",1.0,0,native_netlsd,paper_faithful,"{""distribution_distance"": ""l2_between_mean_signatures"", ""eigenvalue_count"": ""all"", ""eigenvalue_mode"": ""full_spectrum"", ""heat_signature"": ""heat_trace"", ""implementation_mode"": ""paper_faithful"", ""laplacian_type"": ""normalized"", ""method"": ""native_netlsd"", ""netlsd_normalization"": ""empty"", ""netlsd_time_scale_count"": 250, ""netlsd_time_scale_max"": 100.0, ""netlsd_time_scale_min"": 0.01, ""netlsd_time_scale_schedule"": ""logspace""}",edge,deletion,5,8,8,0,7,2.8200964702151037,2.8200964702151037,2.8224134396148512,0.013279425000291667,0.0921478271484375,success,
stochastic_block_model,"{""edge_probability"": 0.1, ""family"": ""stochastic_block_model"", ""m"": 2, ""num_blocks"": 4, ""num_graphs"": 5, ""num_nodes"": 8, ""p_in"": 0.28, ""p_out"": 0.04, ""seed"": 0}",edge_deletion,"{""alpha"": 1.0, ""edges_added"": 0, ""edges_removed"": 11, ""graphs"": 5, ""graphs_skipped"": 0, ""graphs_success"": 5, ""method"": ""edge_deletion"", ""perturbation_direction"": ""deletion"", ""perturbation_family"": ""edge"", ""rewires"": 0, ""triangles_affected"": 0}",1.0,0,diversity_curves_shortest_path,paper_faithful,"{""distance_metric"": ""shortest_path"", ""distribution_distance"": ""l2_between_mean_curves"", ""diversity_contraction_mode"": ""random_edge"", ""diversity_curve_definition"": ""shortest_path_spread"", ""diversity_repetitions"": 3, ""diversity_scale_count"": ""dataset_max_nodes"", ""diversity_scale_schedule"": ""all_integer_cardinalities"", ""diversity_upsampling_enabled"": true, ""implementation_mode"": ""paper_faithful"", ""method"": ""diversity_curves_shortest_path"", ""random_seed"": 0}",edge,deletion,5,8,8,0,7,1.476792657394439,1.476792657394439,1.5732537690007535,0.015146099999583384,0.013025283813476562,success,
stochastic_block_model,"{""edge_probability"": 0.1, ""family"": ""stochastic_block_model"", ""m"": 2, ""num_blocks"": 4, ""num_graphs"": 5, ""num_nodes"": 8, ""p_in"": 0.28, ""p_out"": 0.04, ""seed"": 0}",triangle_insertion,"{""alpha"": 0.0, ""edges_added"": 0, ""edges_removed"": 0, ""graphs"": 5, ""graphs_skipped"": 0, ""graphs_success"": 5, ""method"": ""triangle_insertion"", ""perturbation_direction"": ""insertion"", ""perturbation_family"": ""triangle"", ""rewires"": 0, ""triangles_affected"": 0}",0.0,0,structural_statistics_mmd,descriptor_baseline,"{""bandwidth"": 10.0, ""feature_count"": 9, ""implementation_mode"": ""descriptor_baseline"", ""kernel"": ""rbf_mmd"", ""method"": ""structural_statistics_mmd""}",triangle,insertion,5,8,8,0,7,0.0,0.0,0.0,0.0012535299993032822,0.00460052490234375,success,
stochastic_block_model,"{""edge_probability"": 0.1, ""family"": ""stochastic_block_model"", ""m"": 2, ""num_blocks"": 4, ""num_graphs"": 5, ""num_nodes"": 8, ""p_in"": 0.28, ""p_out"": 0.04, ""seed"": 0}",triangle_insertion,"{""alpha"": 0.0, ""edges_added"": 0, ""edges_removed"": 0, ""graphs"": 5, ""graphs_skipped"": 0, ""graphs_success"": 5, ""method"": ""triangle_insertion"", ""perturbation_direction"": ""insertion"", ""perturbation_family"": ""triangle"", ""rewires"": 0, ""triangles_affected"": 0}",0.0,0,wl_subtree_kernel_mmd,paper_faithful,"{""implementation_mode"": ""paper_faithful"", ""method"": ""wl_subtree_kernel_mmd"", ""wl_compression"": ""shared_canonical_dictionary_per_comparison"", ""wl_feature_construction"": ""subtree_histograms_across_iterations"", ""wl_iterations"": 3, ""wl_kernel_distance_mode"": ""linear_mmd"", ""wl_label_initialization"": ""node_label_or_degree"", ""wl_node_label_key"": ""node_labels""}",triangle,insertion,5,8,8,0,7,0.0,0.0,0.0,0.001866434000476147,0.019296646118164062,success,
stochastic_block_model,"{""edge_probability"": 0.1, ""family"": ""stochastic_block_model"", ""m"": 2, ""num_blocks"": 4, ""num_graphs"": 5, ""num_nodes"": 8, ""p_in"": 0.28, ""p_out"": 0.04, ""seed"": 0}",triangle_insertion,"{""alpha"": 0.0, ""edges_added"": 0, ""edges_removed"": 0, ""graphs"": 5, ""graphs_skipped"": 0, ""graphs_success"": 5, ""method"": ""triangle_insertion"", ""perturbation_direction"": ""insertion"", ""perturbation_family"": ""triangle"", ""rewires"": 0, ""triangles_affected"": 0}",0.0,0,native_netlsd,paper_faithful,"{""distribution_distance"": ""l2_between_mean_signatures"", ""eigenvalue_count"": ""all"", ""eigenvalue_mode"": ""full_spectrum"", ""heat_signature"": ""heat_trace"", ""implementation_mode"": ""paper_faithful"", ""laplacian_type"": ""normalized"", ""method"": ""native_netlsd"", ""netlsd_normalization"": ""empty"", ""netlsd_time_scale_count"": 250, ""netlsd_time_scale_max"": 100.0, ""netlsd_time_scale_min"": 0.01, ""netlsd_time_scale_schedule"": ""logspace""}",triangle,insertion,5,8,8,0,7,0.0,0.0,0.0,0.014605271000618814,0.0921478271484375,success,
stochastic_block_model,"{""edge_probability"": 0.1, ""family"": ""stochastic_block_model"", ""m"": 2, ""num_blocks"": 4, ""num_graphs"": 5, ""num_nodes"": 8, ""p_in"": 0.28, ""p_out"": 0.04, ""seed"": 0}",triangle_insertion,"{""alpha"": 0.0, ""edges_added"": 0, ""edges_removed"": 0, ""graphs"": 5, ""graphs_skipped"": 0, ""graphs_success"": 5, ""method"": ""triangle_insertion"", ""perturbation_direction"": ""insertion"", ""perturbation_family"": ""triangle"", ""rewires"": 0, ""triangles_affected"": 0}",0.0,0,diversity_curves_shortest_path,paper_faithful,"{""distance_metric"": ""shortest_path"", ""distribution_distance"": ""l2_between_mean_curves"", ""diversity_contraction_mode"": ""random_edge"", ""diversity_curve_definition"": ""shortest_path_spread"", ""diversity_repetitions"": 3, ""diversity_scale_count"": ""dataset_max_nodes"", ""diversity_scale_schedule"": ""all_integer_cardinalities"", ""diversity_upsampling_enabled"": true, ""implementation_mode"": ""paper_faithful"", ""method"": ""diversity_curves_shortest_path"", ""random_seed"": 0}",triangle,insertion,5,8,8,0,7,0.0,0.0,0.0,0.018611686000440386,0.013986587524414062,success,
stochastic_block_model,"{""edge_probability"": 0.1, ""family"": ""stochastic_block_model"", ""m"": 2, ""num_blocks"": 4, ""num_graphs"": 5, ""num_nodes"": 8, ""p_in"": 0.28, ""p_out"": 0.04, ""seed"": 0}",triangle_insertion,"{""alpha"": 0.5, ""edges_added"": 4, ""edges_removed"": 0, ""graphs"": 5, ""graphs_skipped"": 0, ""graphs_success"": 5, ""method"": ""triangle_insertion"", ""perturbation_direction"": ""insertion"", ""perturbation_family"": ""triangle"", ""rewires"": 0, ""triangles_affected"": 4}",0.5,0,structural_statistics_mmd,descriptor_baseline,"{""bandwidth"": 10.0, ""feature_count"": 9, ""implementation_mode"": ""descriptor_baseline"", ""kernel"": ""rbf_mmd"", ""method"": ""structural_statistics_mmd""}",triangle,insertion,5,8,8,0,10,0.01208686108510948,1.219625258419592,1.252810978901747,0.0010352589997637551,0.00460052490234375,success,
stochastic_block_model,"{""edge_probability"": 0.1, ""family"": ""stochastic_block_model"", ""m"": 2, ""num_blocks"": 4, ""num_graphs"": 5, ""num_nodes"": 8, ""p_in"": 0.28, ""p_out"": 0.04, ""seed"": 0}",triangle_insertion,"{""alpha"": 0.5, ""edges_added"": 4, ""edges_removed"": 0, ""graphs"": 5, ""graphs_skipped"": 0, ""graphs_success"": 5, ""method"": ""triangle_insertion"", ""perturbation_direction"": ""insertion"", ""perturbation_family"": ""triangle"", ""rewires"": 0, ""triangles_affected"": 4}",0.5,0,wl_subtree_kernel_mmd,paper_faithful,"{""implementation_mode"": ""paper_faithful"", ""method"": ""wl_subtree_kernel_mmd"", ""wl_compression"": ""shared_canonical_dictionary_per_comparison"", ""wl_feature_construction"": ""subtree_histograms_across_iterations"", ""wl_iterations"": 3, ""wl_kernel_distance_mode"": ""linear_mmd"", ""wl_label_initialization"": ""node_label_or_degree"", ""wl_node_label_key"": ""node_labels""}",triangle,insertion,5,8,8,0,10,4.320000000000001,2.078460969082653,3.014213562373095,0.001779279999936989,0.019369125366210938,success,
stochastic_block_model,"{""edge_probability"": 0.1, ""family"": ""stochastic_block_model"", ""m"": 2, ""num_blocks"": 4, ""num_graphs"": 5, ""num_nodes"": 8, ""p_in"": 0.28, ""p_out"": 0.04, ""seed"": 0}",triangle_insertion,"{""alpha"": 0.5, ""edges_added"": 4, ""edges_removed"": 0, ""graphs"": 5, ""graphs_skipped"": 0, ""graphs_success"": 5, ""method"": ""triangle_insertion"", ""perturbation_direction"": ""insertion"", ""perturbation_family"": ""triangle"", ""rewires"": 0, ""triangles_affected"": 4}",0.5,0,native_netlsd,paper_faithful,"{""distribution_distance"": ""l2_between_mean_signatures"", ""eigenvalue_count"": ""all"", ""eigenvalue_mode"": ""full_spectrum"", ""heat_signature"": ""heat_trace"", ""implementation_mode"": ""paper_faithful"", ""laplacian_type"": ""normalized"", ""method"": ""native_netlsd"", ""netlsd_normalization"": ""empty"", ""netlsd_time_scale_count"": 250, ""netlsd_time_scale_max"": 100.0, ""netlsd_time_scale_min"": 0.01, ""netlsd_time_scale_schedule"": ""logspace""}",triangle,insertion,5,8,8,0,10,0.05431581276089291,0.05431581276089291,0.05548072816469576,0.014480285999525222,0.0921478271484375,success,
stochastic_block_model,"{""edge_probability"": 0.1, ""family"": ""stochastic_block_model"", ""m"": 2, ""num_blocks"": 4, ""num_graphs"": 5, ""num_nodes"": 8, ""p_in"": 0.28, ""p_out"": 0.04, ""seed"": 0}",triangle_insertion,"{""alpha"": 0.5, ""edges_added"": 4, ""edges_removed"": 0, ""graphs"": 5, ""graphs_skipped"": 0, ""graphs_success"": 5, ""method"": ""triangle_insertion"", ""perturbation_direction"": ""insertion"", ""perturbation_family"": ""triangle"", ""rewires"": 0, ""triangles_affected"": 4}",0.5,0,diversity_curves_shortest_path,paper_faithful,"{""distance_metric"": ""shortest_path"", ""distribution_distance"": ""l2_between_mean_curves"", ""diversity_contraction_mode"": ""random_edge"", ""diversity_curve_definition"": ""shortest_path_spread"", ""diversity_repetitions"": 3, ""diversity_scale_count"": ""dataset_max_nodes"", ""diversity_scale_schedule"": ""all_integer_cardinalities"", ""diversity_upsampling_enabled"": true, ""implementation_mode"": ""paper_faithful"", ""method"": ""diversity_curves_shortest_path"", ""random_seed"": 0}",triangle,insertion,5,8,8,0,10,0.14474075663999747,0.14474075663999747,0.15201245844203476,0.019131494999783172,0.014821052551269531,success,
stochastic_block_model,"{""edge_probability"": 0.1, ""family"": ""stochastic_block_model"", ""m"": 2, ""num_blocks"": 4, ""num_graphs"": 5, ""num_nodes"": 8, ""p_in"": 0.28, ""p_out"": 0.04, ""seed"": 0}",triangle_insertion,"{""alpha"": 1.0, ""edges_added"": 6, ""edges_removed"": 0, ""graphs"": 5, ""graphs_skipped"": 0, ""graphs_success"": 5, ""method"": ""triangle_insertion"", ""perturbation_direction"": ""insertion"", ""perturbation_family"": ""triangle"", ""rewires"": 0, ""triangles_affected"": 6}",1.0,0,structural_statistics_mmd,descriptor_baseline,"{""bandwidth"": 10.0, ""feature_count"": 9, ""implementation_mode"": ""descriptor_baseline"", ""kernel"": ""rbf_mmd"", ""method"": ""structural_statistics_mmd""}",triangle,insertion,5,8,8,0,12,0.035305497673217445,2.2569166678911716,2.307405212960029,0.0012384620004013414,0.00460052490234375,success,
stochastic_block_model,"{""edge_probability"": 0.1, ""family"": ""stochastic_block_model"", ""m"": 2, ""num_blocks"": 4, ""num_graphs"": 5, ""num_nodes"": 8, ""p_in"": 0.28, ""p_out"": 0.04, ""seed"": 0}",triangle_insertion,"{""alpha"": 1.0, ""edges_added"": 6, ""edges_removed"": 0, ""graphs"": 5, ""graphs_skipped"": 0, ""graphs_success"": 5, ""method"": ""triangle_insertion"", ""perturbation_direction"": ""insertion"", ""perturbation_family"": ""triangle"", ""rewires"": 0, ""triangles_affected"": 6}",1.0,0,wl_subtree_kernel_mmd,paper_faithful,"{""implementation_mode"": ""paper_faithful"", ""method"": ""wl_subtree_kernel_mmd"", ""wl_compression"": ""shared_canonical_dictionary_per_comparison"", ""wl_feature_construction"": ""subtree_histograms_across_iterations"", ""wl_iterations"": 3, ""wl_kernel_distance_mode"": ""linear_mmd"", ""wl_label_initialization"": ""node_label_or_degree"", ""wl_node_label_key"": ""node_labels""}",triangle,insertion,5,8,8,0,12,4.320000000000001,2.078460969082653,3.0634558126201594,0.0021112450003784033,0.020348548889160156,success,
stochastic_block_model,"{""edge_probability"": 0.1, ""family"": ""stochastic_block_model"", ""m"": 2, ""num_blocks"": 4, ""num_graphs"": 5, ""num_nodes"": 8, ""p_in"": 0.28, ""p_out"": 0.04, ""seed"": 0}",triangle_insertion,"{""alpha"": 1.0, ""edges_added"": 6, ""edges_removed"": 0, ""graphs"": 5, ""graphs_skipped"": 0, ""graphs_success"": 5, ""method"": ""triangle_insertion"", ""perturbation_direction"": ""insertion"", ""perturbation_family"": ""triangle"", ""rewires"": 0, ""triangles_affected"": 6}",1.0,0,native_netlsd,paper_faithful,"{""distribution_distance"": ""l2_between_mean_signatures"", ""eigenvalue_count"": ""all"", ""eigenvalue_mode"": ""full_spectrum"", ""heat_signature"": ""heat_trace"", ""implementation_mode"": ""paper_faithful"", ""laplacian_type"": ""normalized"", ""method"": ""native_netlsd"", ""netlsd_normalization"": ""empty"", ""netlsd_time_scale_count"": 250, ""netlsd_time_scale_max"": 100.0, ""netlsd_time_scale_min"": 0.01, ""netlsd_time_scale_schedule"": ""logspace""}",triangle,insertion,5,8,8,0,12,0.06346586585811721,0.06346586585811721,0.06442051363939949,0.015930847999698017,0.0921478271484375,success,
stochastic_block_model,"{""edge_probability"": 0.1, ""family"": ""stochastic_block_model"", ""m"": 2, ""num_blocks"": 4, ""num_graphs"": 5, ""num_nodes"": 8, ""p_in"": 0.28, ""p_out"": 0.04, ""seed"": 0}",triangle_insertion,"{""alpha"": 1.0, ""edges_added"": 6, ""edges_removed"": 0, ""graphs"": 5, ""graphs_skipped"": 0, ""graphs_success"": 5, ""method"": ""triangle_insertion"", ""perturbation_direction"": ""insertion"", ""perturbation_family"": ""triangle"", ""rewires"": 0, ""triangles_affected"": 6}",1.0,0,diversity_curves_shortest_path,paper_faithful,"{""distance_metric"": ""shortest_path"", ""distribution_distance"": ""l2_between_mean_curves"", ""diversity_contraction_mode"": ""random_edge"", ""diversity_curve_definition"": ""shortest_path_spread"", ""diversity_repetitions"": 3, ""diversity_scale_count"": ""dataset_max_nodes"", ""diversity_scale_schedule"": ""all_integer_cardinalities"", ""diversity_upsampling_enabled"": true, ""implementation_mode"": ""paper_faithful"", ""method"": ""diversity_curves_shortest_path"", ""random_seed"": 0}",triangle,insertion,5,8,8,0,12,0.20040301651761377,0.20040301651761377,0.20893025876166654,0.019961667999268684,0.017157554626464844,success,
stochastic_block_model,"{""edge_probability"": 0.1, ""family"": ""stochastic_block_model"", ""m"": 2, ""num_blocks"": 4, ""num_graphs"": 5, ""num_nodes"": 8, ""p_in"": 0.28, ""p_out"": 0.04, ""seed"": 0}",triangle_deletion,"{""alpha"": 0.0, ""edges_added"": 0, ""edges_removed"": 0, ""graphs"": 5, ""graphs_skipped"": 0, ""graphs_success"": 5, ""method"": ""triangle_deletion"", ""perturbation_direction"": ""deletion"", ""perturbation_family"": ""triangle"", ""rewires"": 0, ""triangles_affected"": 0}",0.0,0,structural_statistics_mmd,descriptor_baseline,"{""bandwidth"": 10.0, ""feature_count"": 9, ""implementation_mode"": ""descriptor_baseline"", ""kernel"": ""rbf_mmd"", ""method"": ""structural_statistics_mmd""}",triangle,deletion,5,8,8,0,7,0.0,0.0,0.0,0.0011352880001140875,0.00460052490234375,success,
stochastic_block_model,"{""edge_probability"": 0.1, ""family"": ""stochastic_block_model"", ""m"": 2, ""num_blocks"": 4, ""num_graphs"": 5, ""num_nodes"": 8, ""p_in"": 0.28, ""p_out"": 0.04, ""seed"": 0}",triangle_deletion,"{""alpha"": 0.0, ""edges_added"": 0, ""edges_removed"": 0, ""graphs"": 5, ""graphs_skipped"": 0, ""graphs_success"": 5, ""method"": ""triangle_deletion"", ""perturbation_direction"": ""deletion"", ""perturbation_family"": ""triangle"", ""rewires"": 0, ""triangles_affected"": 0}",0.0,0,wl_subtree_kernel_mmd,paper_faithful,"{""implementation_mode"": ""paper_faithful"", ""method"": ""wl_subtree_kernel_mmd"", ""wl_compression"": ""shared_canonical_dictionary_per_comparison"", ""wl_feature_construction"": ""subtree_histograms_across_iterations"", ""wl_iterations"": 3, ""wl_kernel_distance_mode"": ""linear_mmd"", ""wl_label_initialization"": ""node_label_or_degree"", ""wl_node_label_key"": ""node_labels""}",triangle,deletion,5,8,8,0,7,0.0,0.0,0.0,0.0018248670003231382,0.019296646118164062,success,
stochastic_block_model,"{""edge_probability"": 0.1, ""family"": ""stochastic_block_model"", ""m"": 2, ""num_blocks"": 4, ""num_graphs"": 5, ""num_nodes"": 8, ""p_in"": 0.28, ""p_out"": 0.04, ""seed"": 0}",triangle_deletion,"{""alpha"": 0.0, ""edges_added"": 0, ""edges_removed"": 0, ""graphs"": 5, ""graphs_skipped"": 0, ""graphs_success"": 5, ""method"": ""triangle_deletion"", ""perturbation_direction"": ""deletion"", ""perturbation_family"": ""triangle"", ""rewires"": 0, ""triangles_affected"": 0}",0.0,0,native_netlsd,paper_faithful,"{""distribution_distance"": ""l2_between_mean_signatures"", ""eigenvalue_count"": ""all"", ""eigenvalue_mode"": ""full_spectrum"", ""heat_signature"": ""heat_trace"", ""implementation_mode"": ""paper_faithful"", ""laplacian_type"": ""normalized"", ""method"": ""native_netlsd"", ""netlsd_normalization"": ""empty"", ""netlsd_time_scale_count"": 250, ""netlsd_time_scale_max"": 100.0, ""netlsd_time_scale_min"": 0.01, ""netlsd_time_scale_schedule"": ""logspace""}",triangle,deletion,5,8,8,0,7,0.0,0.0,0.0,0.014534378999996989,0.0921478271484375,success,
stochastic_block_model,"{""edge_probability"": 0.1, ""family"": ""stochastic_block_model"", ""m"": 2, ""num_blocks"": 4, ""num_graphs"": 5, ""num_nodes"": 8, ""p_in"": 0.28, ""p_out"": 0.04, ""seed"": 0}",triangle_deletion,"{""alpha"": 0.0, ""edges_added"": 0, ""edges_removed"": 0, ""graphs"": 5, ""graphs_skipped"": 0, ""graphs_success"": 5, ""method"": ""triangle_deletion"", ""perturbation_direction"": ""deletion"", ""perturbation_family"": ""triangle"", ""rewires"": 0, ""triangles_affected"": 0}",0.0,0,diversity_curves_shortest_path,paper_faithful,"{""distance_metric"": ""shortest_path"", ""distribution_distance"": ""l2_between_mean_curves"", ""diversity_contraction_mode"": ""random_edge"", ""diversity_curve_definition"": ""shortest_path_spread"", ""diversity_repetitions"": 3, ""diversity_scale_count"": ""dataset_max_nodes"", ""diversity_scale_schedule"": ""all_integer_cardinalities"", ""diversity_upsampling_enabled"": true, ""implementation_mode"": ""paper_faithful"", ""method"": ""diversity_curves_shortest_path"", ""random_seed"": 0}",triangle,deletion,5,8,8,0,7,0.0,0.0,0.0,0.018376732999968226,0.013986587524414062,success,
stochastic_block_model,"{""edge_probability"": 0.1, ""family"": ""stochastic_block_model"", ""m"": 2, ""num_blocks"": 4, ""num_graphs"": 5, ""num_nodes"": 8, ""p_in"": 0.28, ""p_out"": 0.04, ""seed"": 0}",triangle_deletion,"{""alpha"": 0.5, ""edges_added"": 0, ""edges_removed"": 0, ""graphs"": 5, ""graphs_skipped"": 0, ""graphs_success"": 5, ""method"": ""triangle_deletion"", ""perturbation_direction"": ""deletion"", ""perturbation_family"": ""triangle"", ""rewires"": 0, ""triangles_affected"": 0}",0.5,0,structural_statistics_mmd,descriptor_baseline,"{""bandwidth"": 10.0, ""feature_count"": 9, ""implementation_mode"": ""descriptor_baseline"", ""kernel"": ""rbf_mmd"", ""method"": ""structural_statistics_mmd""}",triangle,deletion,5,8,8,0,7,0.0,0.0,0.0,0.001029207999636128,0.00460052490234375,success,
stochastic_block_model,"{""edge_probability"": 0.1, ""family"": ""stochastic_block_model"", ""m"": 2, ""num_blocks"": 4, ""num_graphs"": 5, ""num_nodes"": 8, ""p_in"": 0.28, ""p_out"": 0.04, ""seed"": 0}",triangle_deletion,"{""alpha"": 0.5, ""edges_added"": 0, ""edges_removed"": 0, ""graphs"": 5, ""graphs_skipped"": 0, ""graphs_success"": 5, ""method"": ""triangle_deletion"", ""perturbation_direction"": ""deletion"", ""perturbation_family"": ""triangle"", ""rewires"": 0, ""triangles_affected"": 0}",0.5,0,wl_subtree_kernel_mmd,paper_faithful,"{""implementation_mode"": ""paper_faithful"", ""method"": ""wl_subtree_kernel_mmd"", ""wl_compression"": ""shared_canonical_dictionary_per_comparison"", ""wl_feature_construction"": ""subtree_histograms_across_iterations"", ""wl_iterations"": 3, ""wl_kernel_distance_mode"": ""linear_mmd"", ""wl_label_initialization"": ""node_label_or_degree"", ""wl_node_label_key"": ""node_labels""}",triangle,deletion,5,8,8,0,7,0.0,0.0,0.0,0.0017124440000770846,0.019296646118164062,success,
stochastic_block_model,"{""edge_probability"": 0.1, ""family"": ""stochastic_block_model"", ""m"": 2, ""num_blocks"": 4, ""num_graphs"": 5, ""num_nodes"": 8, ""p_in"": 0.28, ""p_out"": 0.04, ""seed"": 0}",triangle_deletion,"{""alpha"": 0.5, ""edges_added"": 0, ""edges_removed"": 0, ""graphs"": 5, ""graphs_skipped"": 0, ""graphs_success"": 5, ""method"": ""triangle_deletion"", ""perturbation_direction"": ""deletion"", ""perturbation_family"": ""triangle"", ""rewires"": 0, ""triangles_affected"": 0}",0.5,0,native_netlsd,paper_faithful,"{""distribution_distance"": ""l2_between_mean_signatures"", ""eigenvalue_count"": ""all"", ""eigenvalue_mode"": ""full_spectrum"", ""heat_signature"": ""heat_trace"", ""implementation_mode"": ""paper_faithful"", ""laplacian_type"": ""normalized"", ""method"": ""native_netlsd"", ""netlsd_normalization"": ""empty"", ""netlsd_time_scale_count"": 250, ""netlsd_time_scale_max"": 100.0, ""netlsd_time_scale_min"": 0.01, ""netlsd_time_scale_schedule"": ""logspace""}",triangle,deletion,5,8,8,0,7,0.0,0.0,0.0,0.014287322999734897,0.0921478271484375,success,
stochastic_block_model,"{""edge_probability"": 0.1, ""family"": ""stochastic_block_model"", ""m"": 2, ""num_blocks"": 4, ""num_graphs"": 5, ""num_nodes"": 8, ""p_in"": 0.28, ""p_out"": 0.04, ""seed"": 0}",triangle_deletion,"{""alpha"": 0.5, ""edges_added"": 0, ""edges_removed"": 0, ""graphs"": 5, ""graphs_skipped"": 0, ""graphs_success"": 5, ""method"": ""triangle_deletion"", ""perturbation_direction"": ""deletion"", ""perturbation_family"": ""triangle"", ""rewires"": 0, ""triangles_affected"": 0}",0.5,0,diversity_curves_shortest_path,paper_faithful,"{""distance_metric"": ""shortest_path"", ""distribution_distance"": ""l2_between_mean_curves"", ""diversity_contraction_mode"": ""random_edge"", ""diversity_curve_definition"": ""shortest_path_spread"", ""diversity_repetitions"": 3, ""diversity_scale_count"": ""dataset_max_nodes"", ""diversity_scale_schedule"": ""all_integer_cardinalities"", ""diversity_upsampling_enabled"": true, ""implementation_mode"": ""paper_faithful"", ""method"": ""diversity_curves_shortest_path"", ""random_seed"": 0}",triangle,deletion,5,8,8,0,7,0.0,0.0,0.0,0.018007198000304925,0.013986587524414062,success,
stochastic_block_model,"{""edge_probability"": 0.1, ""family"": ""stochastic_block_model"", ""m"": 2, ""num_blocks"": 4, ""num_graphs"": 5, ""num_nodes"": 8, ""p_in"": 0.28, ""p_out"": 0.04, ""seed"": 0}",triangle_deletion,"{""alpha"": 1.0, ""edges_added"": 0, ""edges_removed"": 0, ""graphs"": 5, ""graphs_skipped"": 0, ""graphs_success"": 5, ""method"": ""triangle_deletion"", ""perturbation_direction"": ""deletion"", ""perturbation_family"": ""triangle"", ""rewires"": 0, ""triangles_affected"": 0}",1.0,0,structural_statistics_mmd,descriptor_baseline,"{""bandwidth"": 10.0, ""feature_count"": 9, ""implementation_mode"": ""descriptor_baseline"", ""kernel"": ""rbf_mmd"", ""method"": ""structural_statistics_mmd""}",triangle,deletion,5,8,8,0,7,0.0,0.0,0.0,0.0010758059997897362,0.00460052490234375,success,
stochastic_block_model,"{""edge_probability"": 0.1, ""family"": ""stochastic_block_model"", ""m"": 2, ""num_blocks"": 4, ""num_graphs"": 5, ""num_nodes"": 8, ""p_in"": 0.28, ""p_out"": 0.04, ""seed"": 0}",triangle_deletion,"{""alpha"": 1.0, ""edges_added"": 0, ""edges_removed"": 0, ""graphs"": 5, ""graphs_skipped"": 0, ""graphs_success"": 5, ""method"": ""triangle_deletion"", ""perturbation_direction"": ""deletion"", ""perturbation_family"": ""triangle"", ""rewires"": 0, ""triangles_affected"": 0}",1.0,0,wl_subtree_kernel_mmd,paper_faithful,"{""implementation_mode"": ""paper_faithful"", ""method"": ""wl_subtree_kernel_mmd"", ""wl_compression"": ""shared_canonical_dictionary_per_comparison"", ""wl_feature_construction"": ""subtree_histograms_across_iterations"", ""wl_iterations"": 3, ""wl_kernel_distance_mode"": ""linear_mmd"", ""wl_label_initialization"": ""node_label_or_degree"", ""wl_node_label_key"": ""node_labels""}",triangle,deletion,5,8,8,0,7,0.0,0.0,0.0,0.0017672080002739676,0.019296646118164062,success,
stochastic_block_model,"{""edge_probability"": 0.1, ""family"": ""stochastic_block_model"", ""m"": 2, ""num_blocks"": 4, ""num_graphs"": 5, ""num_nodes"": 8, ""p_in"": 0.28, ""p_out"": 0.04, ""seed"": 0}",triangle_deletion,"{""alpha"": 1.0, ""edges_added"": 0, ""edges_removed"": 0, ""graphs"": 5, ""graphs_skipped"": 0, ""graphs_success"": 5, ""method"": ""triangle_deletion"", ""perturbation_direction"": ""deletion"", ""perturbation_family"": ""triangle"", ""rewires"": 0, ""triangles_affected"": 0}",1.0,0,native_netlsd,paper_faithful,"{""distribution_distance"": ""l2_between_mean_signatures"", ""eigenvalue_count"": ""all"", ""eigenvalue_mode"": ""full_spectrum"", ""heat_signature"": ""heat_trace"", ""implementation_mode"": ""paper_faithful"", ""laplacian_type"": ""normalized"", ""method"": ""native_netlsd"", ""netlsd_normalization"": ""empty"", ""netlsd_time_scale_count"": 250, ""netlsd_time_scale_max"": 100.0, ""netlsd_time_scale_min"": 0.01, ""netlsd_time_scale_schedule"": ""logspace""}",triangle,deletion,5,8,8,0,7,0.0,0.0,0.0,0.01533409399962693,0.0921478271484375,success,
stochastic_block_model,"{""edge_probability"": 0.1, ""family"": ""stochastic_block_model"", ""m"": 2, ""num_blocks"": 4, ""num_graphs"": 5, ""num_nodes"": 8, ""p_in"": 0.28, ""p_out"": 0.04, ""seed"": 0}",triangle_deletion,"{""alpha"": 1.0, ""edges_added"": 0, ""edges_removed"": 0, ""graphs"": 5, ""graphs_skipped"": 0, ""graphs_success"": 5, ""method"": ""triangle_deletion"", ""perturbation_direction"": ""deletion"", ""perturbation_family"": ""triangle"", ""rewires"": 0, ""triangles_affected"": 0}",1.0,0,diversity_curves_shortest_path,paper_faithful,"{""distance_metric"": ""shortest_path"", ""distribution_distance"": ""l2_between_mean_curves"", ""diversity_contraction_mode"": ""random_edge"", ""diversity_curve_definition"": ""shortest_path_spread"", ""diversity_repetitions"": 3, ""diversity_scale_count"": ""dataset_max_nodes"", ""diversity_scale_schedule"": ""all_integer_cardinalities"", ""diversity_upsampling_enabled"": true, ""implementation_mode"": ""paper_faithful"", ""method"": ""diversity_curves_shortest_path"", ""random_seed"": 0}",triangle,deletion,5,8,8,0,7,0.0,0.0,0.0,0.018056560999866633,0.013986587524414062,success,
stochastic_block_model,"{""edge_probability"": 0.1, ""family"": ""stochastic_block_model"", ""m"": 2, ""num_blocks"": 4, ""num_graphs"": 5, ""num_nodes"": 8, ""p_in"": 0.28, ""p_out"": 0.04, ""seed"": 0}",community_weakening,"{""alpha"": 0.0, ""edges_added"": 0, ""edges_removed"": 0, ""graphs"": 5, ""graphs_skipped"": 0, ""graphs_success"": 5, ""method"": ""community_weakening"", ""perturbation_direction"": ""weakening"", ""perturbation_family"": ""community"", ""rewires"": 0, ""triangles_affected"": 0}",0.0,0,structural_statistics_mmd,descriptor_baseline,"{""bandwidth"": 10.0, ""feature_count"": 9, ""implementation_mode"": ""descriptor_baseline"", ""kernel"": ""rbf_mmd"", ""method"": ""structural_statistics_mmd""}",community,weakening,5,8,8,0,7,0.0,0.0,0.0,0.001049737000357709,0.00460052490234375,success,
stochastic_block_model,"{""edge_probability"": 0.1, ""family"": ""stochastic_block_model"", ""m"": 2, ""num_blocks"": 4, ""num_graphs"": 5, ""num_nodes"": 8, ""p_in"": 0.28, ""p_out"": 0.04, ""seed"": 0}",community_weakening,"{""alpha"": 0.0, ""edges_added"": 0, ""edges_removed"": 0, ""graphs"": 5, ""graphs_skipped"": 0, ""graphs_success"": 5, ""method"": ""community_weakening"", ""perturbation_direction"": ""weakening"", ""perturbation_family"": ""community"", ""rewires"": 0, ""triangles_affected"": 0}",0.0,0,wl_subtree_kernel_mmd,paper_faithful,"{""implementation_mode"": ""paper_faithful"", ""method"": ""wl_subtree_kernel_mmd"", ""wl_compression"": ""shared_canonical_dictionary_per_comparison"", ""wl_feature_construction"": ""subtree_histograms_across_iterations"", ""wl_iterations"": 3, ""wl_kernel_distance_mode"": ""linear_mmd"", ""wl_label_initialization"": ""node_label_or_degree"", ""wl_node_label_key"": ""node_labels""}",community,weakening,5,8,8,0,7,0.0,0.0,0.0,0.0017657849994066055,0.019296646118164062,success,
stochastic_block_model,"{""edge_probability"": 0.1, ""family"": ""stochastic_block_model"", ""m"": 2, ""num_blocks"": 4, ""num_graphs"": 5, ""num_nodes"": 8, ""p_in"": 0.28, ""p_out"": 0.04, ""seed"": 0}",community_weakening,"{""alpha"": 0.0, ""edges_added"": 0, ""edges_removed"": 0, ""graphs"": 5, ""graphs_skipped"": 0, ""graphs_success"": 5, ""method"": ""community_weakening"", ""perturbation_direction"": ""weakening"", ""perturbation_family"": ""community"", ""rewires"": 0, ""triangles_affected"": 0}",0.0,0,native_netlsd,paper_faithful,"{""distribution_distance"": ""l2_between_mean_signatures"", ""eigenvalue_count"": ""all"", ""eigenvalue_mode"": ""full_spectrum"", ""heat_signature"": ""heat_trace"", ""implementation_mode"": ""paper_faithful"", ""laplacian_type"": ""normalized"", ""method"": ""native_netlsd"", ""netlsd_normalization"": ""empty"", ""netlsd_time_scale_count"": 250, ""netlsd_time_scale_max"": 100.0, ""netlsd_time_scale_min"": 0.01, ""netlsd_time_scale_schedule"": ""logspace""}",community,weakening,5,8,8,0,7,0.0,0.0,0.0,0.014989055000114604,0.0921478271484375,success,
stochastic_block_model,"{""edge_probability"": 0.1, ""family"": ""stochastic_block_model"", ""m"": 2, ""num_blocks"": 4, ""num_graphs"": 5, ""num_nodes"": 8, ""p_in"": 0.28, ""p_out"": 0.04, ""seed"": 0}",community_weakening,"{""alpha"": 0.0, ""edges_added"": 0, ""edges_removed"": 0, ""graphs"": 5, ""graphs_skipped"": 0, ""graphs_success"": 5, ""method"": ""community_weakening"", ""perturbation_direction"": ""weakening"", ""perturbation_family"": ""community"", ""rewires"": 0, ""triangles_affected"": 0}",0.0,0,diversity_curves_shortest_path,paper_faithful,"{""distance_metric"": ""shortest_path"", ""distribution_distance"": ""l2_between_mean_curves"", ""diversity_contraction_mode"": ""random_edge"", ""diversity_curve_definition"": ""shortest_path_spread"", ""diversity_repetitions"": 3, ""diversity_scale_count"": ""dataset_max_nodes"", ""diversity_scale_schedule"": ""all_integer_cardinalities"", ""diversity_upsampling_enabled"": true, ""implementation_mode"": ""paper_faithful"", ""method"": ""diversity_curves_shortest_path"", ""random_seed"": 0}",community,weakening,5,8,8,0,7,0.0,0.0,0.0,0.017675883000265458,0.013986587524414062,success,
stochastic_block_model,"{""edge_probability"": 0.1, ""family"": ""stochastic_block_model"", ""m"": 2, ""num_blocks"": 4, ""num_graphs"": 5, ""num_nodes"": 8, ""p_in"": 0.28, ""p_out"": 0.04, ""seed"": 0}",community_weakening,"{""alpha"": 0.5, ""edges_added"": 2, ""edges_removed"": 2, ""graphs"": 5, ""graphs_skipped"": 0, ""graphs_success"": 5, ""method"": ""community_weakening"", ""perturbation_direction"": ""weakening"", ""perturbation_family"": ""community"", ""rewires"": 2, ""triangles_affected"": 0}",0.5,0,structural_statistics_mmd,descriptor_baseline,"{""bandwidth"": 10.0, ""feature_count"": 9, ""implementation_mode"": ""descriptor_baseline"", ""kernel"": ""rbf_mmd"", ""method"": ""structural_statistics_mmd""}",community,weakening,5,8,8,0,7,2.499609415695936e-05,0.04999999999999999,0.05,0.0010599560000628117,0.00460052490234375,success,
stochastic_block_model,"{""edge_probability"": 0.1, ""family"": ""stochastic_block_model"", ""m"": 2, ""num_blocks"": 4, ""num_graphs"": 5, ""num_nodes"": 8, ""p_in"": 0.28, ""p_out"": 0.04, ""seed"": 0}",community_weakening,"{""alpha"": 0.5, ""edges_added"": 2, ""edges_removed"": 2, ""graphs"": 5, ""graphs_skipped"": 0, ""graphs_success"": 5, ""method"": ""community_weakening"", ""perturbation_direction"": ""weakening"", ""perturbation_family"": ""community"", ""rewires"": 2, ""triangles_affected"": 0}",0.5,0,wl_subtree_kernel_mmd,paper_faithful,"{""implementation_mode"": ""paper_faithful"", ""method"": ""wl_subtree_kernel_mmd"", ""wl_compression"": ""shared_canonical_dictionary_per_comparison"", ""wl_feature_construction"": ""subtree_histograms_across_iterations"", ""wl_iterations"": 3, ""wl_kernel_distance_mode"": ""linear_mmd"", ""wl_label_initialization"": ""node_label_or_degree"", ""wl_node_label_key"": ""node_labels""}",community,weakening,5,8,8,0,7,2.720000000000001,1.6492422502470645,1.6492422502470643,0.0019474969994917046,0.02001190185546875,success,
stochastic_block_model,"{""edge_probability"": 0.1, ""family"": ""stochastic_block_model"", ""m"": 2, ""num_blocks"": 4, ""num_graphs"": 5, ""num_nodes"": 8, ""p_in"": 0.28, ""p_out"": 0.04, ""seed"": 0}",community_weakening,"{""alpha"": 0.5, ""edges_added"": 2, ""edges_removed"": 2, ""graphs"": 5, ""graphs_skipped"": 0, ""graphs_success"": 5, ""method"": ""community_weakening"", ""perturbation_direction"": ""weakening"", ""perturbation_family"": ""community"", ""rewires"": 2, ""triangles_affected"": 0}",0.5,0,native_netlsd,paper_faithful,"{""distribution_distance"": ""l2_between_mean_signatures"", ""eigenvalue_count"": ""all"", ""eigenvalue_mode"": ""full_spectrum"", ""heat_signature"": ""heat_trace"", ""implementation_mode"": ""paper_faithful"", ""laplacian_type"": ""normalized"", ""method"": ""native_netlsd"", ""netlsd_normalization"": ""empty"", ""netlsd_time_scale_count"": 250, ""netlsd_time_scale_max"": 100.0, ""netlsd_time_scale_min"": 0.01, ""netlsd_time_scale_schedule"": ""logspace""}",community,weakening,5,8,8,0,7,0.05395525213989862,0.05395525213989862,0.05395525213989862,0.015294729999368428,0.0921478271484375,success,
stochastic_block_model,"{""edge_probability"": 0.1, ""family"": ""stochastic_block_model"", ""m"": 2, ""num_blocks"": 4, ""num_graphs"": 5, ""num_nodes"": 8, ""p_in"": 0.28, ""p_out"": 0.04, ""seed"": 0}",community_weakening,"{""alpha"": 0.5, ""edges_added"": 2, ""edges_removed"": 2, ""graphs"": 5, ""graphs_skipped"": 0, ""graphs_success"": 5, ""method"": ""community_weakening"", ""perturbation_direction"": ""weakening"", ""perturbation_family"": ""community"", ""rewires"": 2, ""triangles_affected"": 0}",0.5,0,diversity_curves_shortest_path,paper_faithful,"{""distance_metric"": ""shortest_path"", ""distribution_distance"": ""l2_between_mean_curves"", ""diversity_contraction_mode"": ""random_edge"", ""diversity_curve_definition"": ""shortest_path_spread"", ""diversity_repetitions"": 3, ""diversity_scale_count"": ""dataset_max_nodes"", ""diversity_scale_schedule"": ""all_integer_cardinalities"", ""diversity_upsampling_enabled"": true, ""implementation_mode"": ""paper_faithful"", ""method"": ""diversity_curves_shortest_path"", ""random_seed"": 0}",community,weakening,5,8,8,0,7,0.06656739115425453,0.06656739115425453,0.06656739115425403,0.018652563000614464,0.014215469360351562,success,
stochastic_block_model,"{""edge_probability"": 0.1, ""family"": ""stochastic_block_model"", ""m"": 2, ""num_blocks"": 4, ""num_graphs"": 5, ""num_nodes"": 8, ""p_in"": 0.28, ""p_out"": 0.04, ""seed"": 0}",community_weakening,"{""alpha"": 1.0, ""edges_added"": 6, ""edges_removed"": 6, ""graphs"": 5, ""graphs_skipped"": 0, ""graphs_success"": 5, ""method"": ""community_weakening"", ""perturbation_direction"": ""weakening"", ""perturbation_family"": ""community"", ""rewires"": 6, ""triangles_affected"": 0}",1.0,0,structural_statistics_mmd,descriptor_baseline,"{""bandwidth"": 10.0, ""feature_count"": 9, ""implementation_mode"": ""descriptor_baseline"", ""kernel"": ""rbf_mmd"", ""method"": ""structural_statistics_mmd""}",community,weakening,5,8,8,0,7,0.00039900166458539665,0.20000000000000018,0.2,0.0010856740000235732,0.00460052490234375,success,
stochastic_block_model,"{""edge_probability"": 0.1, ""family"": ""stochastic_block_model"", ""m"": 2, ""num_blocks"": 4, ""num_graphs"": 5, ""num_nodes"": 8, ""p_in"": 0.28, ""p_out"": 0.04, ""seed"": 0}",community_weakening,"{""alpha"": 1.0, ""edges_added"": 6, ""edges_removed"": 6, ""graphs"": 5, ""graphs_skipped"": 0, ""graphs_success"": 5, ""method"": ""community_weakening"", ""perturbation_direction"": ""weakening"", ""perturbation_family"": ""community"", ""rewires"": 6, ""triangles_affected"": 0}",1.0,0,wl_subtree_kernel_mmd,paper_faithful,"{""implementation_mode"": ""paper_faithful"", ""method"": ""wl_subtree_kernel_mmd"", ""wl_compression"": ""shared_canonical_dictionary_per_comparison"", ""wl_feature_construction"": ""subtree_histograms_across_iterations"", ""wl_iterations"": 3, ""wl_kernel_distance_mode"": ""linear_mmd"", ""wl_label_initialization"": ""node_label_or_degree"", ""wl_node_label_key"": ""node_labels""}",community,weakening,5,8,8,0,7,2.64,1.624807680927192,1.624807680927192,0.0017767450008250307,0.019872665405273438,success,
stochastic_block_model,"{""edge_probability"": 0.1, ""family"": ""stochastic_block_model"", ""m"": 2, ""num_blocks"": 4, ""num_graphs"": 5, ""num_nodes"": 8, ""p_in"": 0.28, ""p_out"": 0.04, ""seed"": 0}",community_weakening,"{""alpha"": 1.0, ""edges_added"": 6, ""edges_removed"": 6, ""graphs"": 5, ""graphs_skipped"": 0, ""graphs_success"": 5, ""method"": ""community_weakening"", ""perturbation_direction"": ""weakening"", ""perturbation_family"": ""community"", ""rewires"": 6, ""triangles_affected"": 0}",1.0,0,native_netlsd,paper_faithful,"{""distribution_distance"": ""l2_between_mean_signatures"", ""eigenvalue_count"": ""all"", ""eigenvalue_mode"": ""full_spectrum"", ""heat_signature"": ""heat_trace"", ""implementation_mode"": ""paper_faithful"", ""laplacian_type"": ""normalized"", ""method"": ""native_netlsd"", ""netlsd_normalization"": ""empty"", ""netlsd_time_scale_count"": 250, ""netlsd_time_scale_max"": 100.0, ""netlsd_time_scale_min"": 0.01, ""netlsd_time_scale_schedule"": ""logspace""}",community,weakening,5,8,8,0,7,0.20968456753528927,0.20968456753528927,0.20968456753528927,0.01683563200003846,0.0921478271484375,success,
stochastic_block_model,"{""edge_probability"": 0.1, ""family"": ""stochastic_block_model"", ""m"": 2, ""num_blocks"": 4, ""num_graphs"": 5, ""num_nodes"": 8, ""p_in"": 0.28, ""p_out"": 0.04, ""seed"": 0}",community_weakening,"{""alpha"": 1.0, ""edges_added"": 6, ""edges_removed"": 6, ""graphs"": 5, ""graphs_skipped"": 0, ""graphs_success"": 5, ""method"": ""community_weakening"", ""perturbation_direction"": ""weakening"", ""perturbation_family"": ""community"", ""rewires"": 6, ""triangles_affected"": 0}",1.0,0,diversity_curves_shortest_path,paper_faithful,"{""distance_metric"": ""shortest_path"", ""distribution_distance"": ""l2_between_mean_curves"", ""diversity_contraction_mode"": ""random_edge"", ""diversity_curve_definition"": ""shortest_path_spread"", ""diversity_repetitions"": 3, ""diversity_scale_count"": ""dataset_max_nodes"", ""diversity_scale_schedule"": ""all_integer_cardinalities"", ""diversity_upsampling_enabled"": true, ""implementation_mode"": ""paper_faithful"", ""method"": ""diversity_curves_shortest_path"", ""random_seed"": 0}",community,weakening,5,8,8,0,7,0.26251505352402743,0.26251505352402743,0.2625150535240276,0.018716012999902887,0.013582229614257812,success,
stochastic_block_model,"{""edge_probability"": 0.1, ""family"": ""stochastic_block_model"", ""m"": 2, ""num_blocks"": 4, ""num_graphs"": 5, ""num_nodes"": 8, ""p_in"": 0.28, ""p_out"": 0.04, ""seed"": 0}",hub_modification,"{""alpha"": 0.0, ""edges_added"": 0, ""edges_removed"": 0, ""graphs"": 5, ""graphs_skipped"": 0, ""graphs_success"": 5, ""method"": ""hub_modification"", ""perturbation_direction"": ""modification"", ""perturbation_family"": ""hub"", ""rewires"": 0, ""triangles_affected"": 0}",0.0,0,structural_statistics_mmd,descriptor_baseline,"{""bandwidth"": 10.0, ""feature_count"": 9, ""implementation_mode"": ""descriptor_baseline"", ""kernel"": ""rbf_mmd"", ""method"": ""structural_statistics_mmd""}",hub,modification,5,8,8,0,7,0.0,0.0,0.0,0.0012157790006313007,0.00460052490234375,success,
stochastic_block_model,"{""edge_probability"": 0.1, ""family"": ""stochastic_block_model"", ""m"": 2, ""num_blocks"": 4, ""num_graphs"": 5, ""num_nodes"": 8, ""p_in"": 0.28, ""p_out"": 0.04, ""seed"": 0}",hub_modification,"{""alpha"": 0.0, ""edges_added"": 0, ""edges_removed"": 0, ""graphs"": 5, ""graphs_skipped"": 0, ""graphs_success"": 5, ""method"": ""hub_modification"", ""perturbation_direction"": ""modification"", ""perturbation_family"": ""hub"", ""rewires"": 0, ""triangles_affected"": 0}",0.0,0,wl_subtree_kernel_mmd,paper_faithful,"{""implementation_mode"": ""paper_faithful"", ""method"": ""wl_subtree_kernel_mmd"", ""wl_compression"": ""shared_canonical_dictionary_per_comparison"", ""wl_feature_construction"": ""subtree_histograms_across_iterations"", ""wl_iterations"": 3, ""wl_kernel_distance_mode"": ""linear_mmd"", ""wl_label_initialization"": ""node_label_or_degree"", ""wl_node_label_key"": ""node_labels""}",hub,modification,5,8,8,0,7,0.0,0.0,0.0,0.0017648630000621779,0.019296646118164062,success,
stochastic_block_model,"{""edge_probability"": 0.1, ""family"": ""stochastic_block_model"", ""m"": 2, ""num_blocks"": 4, ""num_graphs"": 5, ""num_nodes"": 8, ""p_in"": 0.28, ""p_out"": 0.04, ""seed"": 0}",hub_modification,"{""alpha"": 0.0, ""edges_added"": 0, ""edges_removed"": 0, ""graphs"": 5, ""graphs_skipped"": 0, ""graphs_success"": 5, ""method"": ""hub_modification"", ""perturbation_direction"": ""modification"", ""perturbation_family"": ""hub"", ""rewires"": 0, ""triangles_affected"": 0}",0.0,0,native_netlsd,paper_faithful,"{""distribution_distance"": ""l2_between_mean_signatures"", ""eigenvalue_count"": ""all"", ""eigenvalue_mode"": ""full_spectrum"", ""heat_signature"": ""heat_trace"", ""implementation_mode"": ""paper_faithful"", ""laplacian_type"": ""normalized"", ""method"": ""native_netlsd"", ""netlsd_normalization"": ""empty"", ""netlsd_time_scale_count"": 250, ""netlsd_time_scale_max"": 100.0, ""netlsd_time_scale_min"": 0.01, ""netlsd_time_scale_schedule"": ""logspace""}",hub,modification,5,8,8,0,7,0.0,0.0,0.0,0.014782725999793911,0.0921478271484375,success,
stochastic_block_model,"{""edge_probability"": 0.1, ""family"": ""stochastic_block_model"", ""m"": 2, ""num_blocks"": 4, ""num_graphs"": 5, ""num_nodes"": 8, ""p_in"": 0.28, ""p_out"": 0.04, ""seed"": 0}",hub_modification,"{""alpha"": 0.0, ""edges_added"": 0, ""edges_removed"": 0, ""graphs"": 5, ""graphs_skipped"": 0, ""graphs_success"": 5, ""method"": ""hub_modification"", ""perturbation_direction"": ""modification"", ""perturbation_family"": ""hub"", ""rewires"": 0, ""triangles_affected"": 0}",0.0,0,diversity_curves_shortest_path,paper_faithful,"{""distance_metric"": ""shortest_path"", ""distribution_distance"": ""l2_between_mean_curves"", ""diversity_contraction_mode"": ""random_edge"", ""diversity_curve_definition"": ""shortest_path_spread"", ""diversity_repetitions"": 3, ""diversity_scale_count"": ""dataset_max_nodes"", ""diversity_scale_schedule"": ""all_integer_cardinalities"", ""diversity_upsampling_enabled"": true, ""implementation_mode"": ""paper_faithful"", ""method"": ""diversity_curves_shortest_path"", ""random_seed"": 0}",hub,modification,5,8,8,0,7,0.0,0.0,0.0,0.018073733000164793,0.013986587524414062,success,
stochastic_block_model,"{""edge_probability"": 0.1, ""family"": ""stochastic_block_model"", ""m"": 2, ""num_blocks"": 4, ""num_graphs"": 5, ""num_nodes"": 8, ""p_in"": 0.28, ""p_out"": 0.04, ""seed"": 0}",hub_modification,"{""alpha"": 0.5, ""edges_added"": 4, ""edges_removed"": 4, ""graphs"": 5, ""graphs_skipped"": 0, ""graphs_success"": 5, ""method"": ""hub_modification"", ""perturbation_direction"": ""modification"", ""perturbation_family"": ""hub"", ""rewires"": 4, ""triangles_affected"": 0}",0.5,0,structural_statistics_mmd,descriptor_baseline,"{""bandwidth"": 10.0, ""feature_count"": 9, ""implementation_mode"": ""descriptor_baseline"", ""kernel"": ""rbf_mmd"", ""method"": ""structural_statistics_mmd""}",hub,modification,5,8,8,0,7,0.0005058908554043118,0.22527697741511002,0.22527697741511,0.0010594450004646205,0.00460052490234375,success,
stochastic_block_model,"{""edge_probability"": 0.1, ""family"": ""stochastic_block_model"", ""m"": 2, ""num_blocks"": 4, ""num_graphs"": 5, ""num_nodes"": 8, ""p_in"": 0.28, ""p_out"": 0.04, ""seed"": 0}",hub_modification,"{""alpha"": 0.5, ""edges_added"": 4, ""edges_removed"": 4, ""graphs"": 5, ""graphs_skipped"": 0, ""graphs_success"": 5, ""method"": ""hub_modification"", ""perturbation_direction"": ""modification"", ""perturbation_family"": ""hub"", ""rewires"": 4, ""triangles_affected"": 0}",0.5,0,wl_subtree_kernel_mmd,paper_faithful,"{""implementation_mode"": ""paper_faithful"", ""method"": ""wl_subtree_kernel_mmd"", ""wl_compression"": ""shared_canonical_dictionary_per_comparison"", ""wl_feature_construction"": ""subtree_histograms_across_iterations"", ""wl_iterations"": 3, ""wl_kernel_distance_mode"": ""linear_mmd"", ""wl_label_initialization"": ""node_label_or_degree"", ""wl_node_label_key"": ""node_labels""}",hub,modification,5,8,8,0,7,1.92,1.3856406460551018,1.3856406460551018,0.002048246999947878,0.01964855194091797,success,
stochastic_block_model,"{""edge_probability"": 0.1, ""family"": ""stochastic_block_model"", ""m"": 2, ""num_blocks"": 4, ""num_graphs"": 5, ""num_nodes"": 8, ""p_in"": 0.28, ""p_out"": 0.04, ""seed"": 0}",hub_modification,"{""alpha"": 0.5, ""edges_added"": 4, ""edges_removed"": 4, ""graphs"": 5, ""graphs_skipped"": 0, ""graphs_success"": 5, ""method"": ""hub_modification"", ""perturbation_direction"": ""modification"", ""perturbation_family"": ""hub"", ""rewires"": 4, ""triangles_affected"": 0}",0.5,0,native_netlsd,paper_faithful,"{""distribution_distance"": ""l2_between_mean_signatures"", ""eigenvalue_count"": ""all"", ""eigenvalue_mode"": ""full_spectrum"", ""heat_signature"": ""heat_trace"", ""implementation_mode"": ""paper_faithful"", ""laplacian_type"": ""normalized"", ""method"": ""native_netlsd"", ""netlsd_normalization"": ""empty"", ""netlsd_time_scale_count"": 250, ""netlsd_time_scale_max"": 100.0, ""netlsd_time_scale_min"": 0.01, ""netlsd_time_scale_schedule"": ""logspace""}",hub,modification,5,8,8,0,7,0.015709908495046,0.015709908495046,0.015709908495045985,0.01435124299950985,0.0921478271484375,success,
stochastic_block_model,"{""edge_probability"": 0.1, ""family"": ""stochastic_block_model"", ""m"": 2, ""num_blocks"": 4, ""num_graphs"": 5, ""num_nodes"": 8, ""p_in"": 0.28, ""p_out"": 0.04, ""seed"": 0}",hub_modification,"{""alpha"": 0.5, ""edges_added"": 4, ""edges_removed"": 4, ""graphs"": 5, ""graphs_skipped"": 0, ""graphs_success"": 5, ""method"": ""hub_modification"", ""perturbation_direction"": ""modification"", ""perturbation_family"": ""hub"", ""rewires"": 4, ""triangles_affected"": 0}",0.5,0,diversity_curves_shortest_path,paper_faithful,"{""distance_metric"": ""shortest_path"", ""distribution_distance"": ""l2_between_mean_curves"", ""diversity_contraction_mode"": ""random_edge"", ""diversity_curve_definition"": ""shortest_path_spread"", ""diversity_repetitions"": 3, ""diversity_scale_count"": ""dataset_max_nodes"", ""diversity_scale_schedule"": ""all_integer_cardinalities"", ""diversity_upsampling_enabled"": true, ""implementation_mode"": ""paper_faithful"", ""method"": ""diversity_curves_shortest_path"", ""random_seed"": 0}",hub,modification,5,8,8,0,7,0.043206491984335946,0.043206491984335946,0.043206491984335925,0.017952184999558085,0.013360977172851562,success,
stochastic_block_model,"{""edge_probability"": 0.1, ""family"": ""stochastic_block_model"", ""m"": 2, ""num_blocks"": 4, ""num_graphs"": 5, ""num_nodes"": 8, ""p_in"": 0.28, ""p_out"": 0.04, ""seed"": 0}",hub_modification,"{""alpha"": 1.0, ""edges_added"": 7, ""edges_removed"": 7, ""graphs"": 5, ""graphs_skipped"": 0, ""graphs_success"": 5, ""method"": ""hub_modification"", ""perturbation_direction"": ""modification"", ""perturbation_family"": ""hub"", ""rewires"": 7, ""triangles_affected"": 0}",1.0,0,structural_statistics_mmd,descriptor_baseline,"{""bandwidth"": 10.0, ""feature_count"": 9, ""implementation_mode"": ""descriptor_baseline"", ""kernel"": ""rbf_mmd"", ""method"": ""structural_statistics_mmd""}",hub,modification,5,8,8,0,7,0.0005058908554043118,0.22527697741511002,0.22527697741511,0.001058903999364702,0.00460052490234375,success,
stochastic_block_model,"{""edge_probability"": 0.1, ""family"": ""stochastic_block_model"", ""m"": 2, ""num_blocks"": 4, ""num_graphs"": 5, ""num_nodes"": 8, ""p_in"": 0.28, ""p_out"": 0.04, ""seed"": 0}",hub_modification,"{""alpha"": 1.0, ""edges_added"": 7, ""edges_removed"": 7, ""graphs"": 5, ""graphs_skipped"": 0, ""graphs_success"": 5, ""method"": ""hub_modification"", ""perturbation_direction"": ""modification"", ""perturbation_family"": ""hub"", ""rewires"": 7, ""triangles_affected"": 0}",1.0,0,wl_subtree_kernel_mmd,paper_faithful,"{""implementation_mode"": ""paper_faithful"", ""method"": ""wl_subtree_kernel_mmd"", ""wl_compression"": ""shared_canonical_dictionary_per_comparison"", ""wl_feature_construction"": ""subtree_histograms_across_iterations"", ""wl_iterations"": 3, ""wl_kernel_distance_mode"": ""linear_mmd"", ""wl_label_initialization"": ""node_label_or_degree"", ""wl_node_label_key"": ""node_labels""}",hub,modification,5,8,8,0,7,1.92,1.3856406460551018,1.3856406460551018,0.0017872250000436907,0.01964855194091797,success,
stochastic_block_model,"{""edge_probability"": 0.1, ""family"": ""stochastic_block_model"", ""m"": 2, ""num_blocks"": 4, ""num_graphs"": 5, ""num_nodes"": 8, ""p_in"": 0.28, ""p_out"": 0.04, ""seed"": 0}",hub_modification,"{""alpha"": 1.0, ""edges_added"": 7, ""edges_removed"": 7, ""graphs"": 5, ""graphs_skipped"": 0, ""graphs_success"": 5, ""method"": ""hub_modification"", ""perturbation_direction"": ""modification"", ""perturbation_family"": ""hub"", ""rewires"": 7, ""triangles_affected"": 0}",1.0,0,native_netlsd,paper_faithful,"{""distribution_distance"": ""l2_between_mean_signatures"", ""eigenvalue_count"": ""all"", ""eigenvalue_mode"": ""full_spectrum"", ""heat_signature"": ""heat_trace"", ""implementation_mode"": ""paper_faithful"", ""laplacian_type"": ""normalized"", ""method"": ""native_netlsd"", ""netlsd_normalization"": ""empty"", ""netlsd_time_scale_count"": 250, ""netlsd_time_scale_max"": 100.0, ""netlsd_time_scale_min"": 0.01, ""netlsd_time_scale_schedule"": ""logspace""}",hub,modification,5,8,8,0,7,0.015709908495046,0.015709908495046,0.015709908495045985,0.014697255999635672,0.0921478271484375,success,
stochastic_block_model,"{""edge_probability"": 0.1, ""family"": ""stochastic_block_model"", ""m"": 2, ""num_blocks"": 4, ""num_graphs"": 5, ""num_nodes"": 8, ""p_in"": 0.28, ""p_out"": 0.04, ""seed"": 0}",hub_modification,"{""alpha"": 1.0, ""edges_added"": 7, ""edges_removed"": 7, ""graphs"": 5, ""graphs_skipped"": 0, ""graphs_success"": 5, ""method"": ""hub_modification"", ""perturbation_direction"": ""modification"", ""perturbation_family"": ""hub"", ""rewires"": 7, ""triangles_affected"": 0}",1.0,0,diversity_curves_shortest_path,paper_faithful,"{""distance_metric"": ""shortest_path"", ""distribution_distance"": ""l2_between_mean_curves"", ""diversity_contraction_mode"": ""random_edge"", ""diversity_curve_definition"": ""shortest_path_spread"", ""diversity_repetitions"": 3, ""diversity_scale_count"": ""dataset_max_nodes"", ""diversity_scale_schedule"": ""all_integer_cardinalities"", ""diversity_upsampling_enabled"": true, ""implementation_mode"": ""paper_faithful"", ""method"": ""diversity_curves_shortest_path"", ""random_seed"": 0}",hub,modification,5,8,8,0,7,0.043206491984335946,0.043206491984335946,0.043206491984335925,0.01783633600007306,0.013360977172851562,success,
barabasi_albert,"{""edge_probability"": 0.1, ""family"": ""barabasi_albert"", ""m"": 2, ""num_blocks"": 3, ""num_graphs"": 5, ""num_nodes"": 8, ""p_in"": 0.25, ""p_out"": 0.03, ""seed"": 0}",edge_insertion,"{""alpha"": 0.0, ""edges_added"": 0, ""edges_removed"": 0, ""graphs"": 5, ""graphs_skipped"": 0, ""graphs_success"": 5, ""method"": ""edge_insertion"", ""perturbation_direction"": ""insertion"", ""perturbation_family"": ""edge"", ""rewires"": 0, ""triangles_affected"": 0}",0.0,0,structural_statistics_mmd,descriptor_baseline,"{""bandwidth"": 10.0, ""feature_count"": 9, ""implementation_mode"": ""descriptor_baseline"", ""kernel"": ""rbf_mmd"", ""method"": ""structural_statistics_mmd""}",edge,insertion,5,8,8,13,13,0.0,0.0,0.0,0.0014833530003670603,0.003143310546875,success,
barabasi_albert,"{""edge_probability"": 0.1, ""family"": ""barabasi_albert"", ""m"": 2, ""num_blocks"": 3, ""num_graphs"": 5, ""num_nodes"": 8, ""p_in"": 0.25, ""p_out"": 0.03, ""seed"": 0}",edge_insertion,"{""alpha"": 0.0, ""edges_added"": 0, ""edges_removed"": 0, ""graphs"": 5, ""graphs_skipped"": 0, ""graphs_success"": 5, ""method"": ""edge_insertion"", ""perturbation_direction"": ""insertion"", ""perturbation_family"": ""edge"", ""rewires"": 0, ""triangles_affected"": 0}",0.0,0,wl_subtree_kernel_mmd,paper_faithful,"{""implementation_mode"": ""paper_faithful"", ""method"": ""wl_subtree_kernel_mmd"", ""wl_compression"": ""shared_canonical_dictionary_per_comparison"", ""wl_feature_construction"": ""subtree_histograms_across_iterations"", ""wl_iterations"": 3, ""wl_kernel_distance_mode"": ""linear_mmd"", ""wl_label_initialization"": ""node_label_or_degree"", ""wl_node_label_key"": ""node_labels""}",edge,insertion,5,8,8,13,13,0.0,0.0,0.0,0.002531666999857407,0.0524444580078125,success,
barabasi_albert,"{""edge_probability"": 0.1, ""family"": ""barabasi_albert"", ""m"": 2, ""num_blocks"": 3, ""num_graphs"": 5, ""num_nodes"": 8, ""p_in"": 0.25, ""p_out"": 0.03, ""seed"": 0}",edge_insertion,"{""alpha"": 0.0, ""edges_added"": 0, ""edges_removed"": 0, ""graphs"": 5, ""graphs_skipped"": 0, ""graphs_success"": 5, ""method"": ""edge_insertion"", ""perturbation_direction"": ""insertion"", ""perturbation_family"": ""edge"", ""rewires"": 0, ""triangles_affected"": 0}",0.0,0,native_netlsd,paper_faithful,"{""distribution_distance"": ""l2_between_mean_signatures"", ""eigenvalue_count"": ""all"", ""eigenvalue_mode"": ""full_spectrum"", ""heat_signature"": ""heat_trace"", ""implementation_mode"": ""paper_faithful"", ""laplacian_type"": ""normalized"", ""method"": ""native_netlsd"", ""netlsd_normalization"": ""empty"", ""netlsd_time_scale_count"": 250, ""netlsd_time_scale_max"": 100.0, ""netlsd_time_scale_min"": 0.01, ""netlsd_time_scale_schedule"": ""logspace""}",edge,insertion,5,8,8,13,13,0.0,0.0,0.0,0.04032409100000223,0.0920562744140625,success,
barabasi_albert,"{""edge_probability"": 0.1, ""family"": ""barabasi_albert"", ""m"": 2, ""num_blocks"": 3, ""num_graphs"": 5, ""num_nodes"": 8, ""p_in"": 0.25, ""p_out"": 0.03, ""seed"": 0}",edge_insertion,"{""alpha"": 0.0, ""edges_added"": 0, ""edges_removed"": 0, ""graphs"": 5, ""graphs_skipped"": 0, ""graphs_success"": 5, ""method"": ""edge_insertion"", ""perturbation_direction"": ""insertion"", ""perturbation_family"": ""edge"", ""rewires"": 0, ""triangles_affected"": 0}",0.0,0,diversity_curves_shortest_path,paper_faithful,"{""distance_metric"": ""shortest_path"", ""distribution_distance"": ""l2_between_mean_curves"", ""diversity_contraction_mode"": ""random_edge"", ""diversity_curve_definition"": ""shortest_path_spread"", ""diversity_repetitions"": 3, ""diversity_scale_count"": ""dataset_max_nodes"", ""diversity_scale_schedule"": ""all_integer_cardinalities"", ""diversity_upsampling_enabled"": true, ""implementation_mode"": ""paper_faithful"", ""method"": ""diversity_curves_shortest_path"", ""random_seed"": 0}",edge,insertion,5,8,8,13,13,0.0,0.0,0.0,0.06727286499972251,0.017867088317871094,success,
barabasi_albert,"{""edge_probability"": 0.1, ""family"": ""barabasi_albert"", ""m"": 2, ""num_blocks"": 3, ""num_graphs"": 5, ""num_nodes"": 8, ""p_in"": 0.25, ""p_out"": 0.03, ""seed"": 0}",edge_insertion,"{""alpha"": 0.5, ""edges_added"": 30, ""edges_removed"": 0, ""graphs"": 5, ""graphs_skipped"": 0, ""graphs_success"": 5, ""method"": ""edge_insertion"", ""perturbation_direction"": ""insertion"", ""perturbation_family"": ""edge"", ""rewires"": 0, ""triangles_affected"": 0}",0.5,0,structural_statistics_mmd,descriptor_baseline,"{""bandwidth"": 10.0, ""feature_count"": 9, ""implementation_mode"": ""descriptor_baseline"", ""kernel"": ""rbf_mmd"", ""method"": ""structural_statistics_mmd""}",edge,insertion,5,8,8,13,19,1.047543126978883,12.299616371590337,12.320818133298356,0.0018635390006238595,0.003143310546875,success,
barabasi_albert,"{""edge_probability"": 0.1, ""family"": ""barabasi_albert"", ""m"": 2, ""num_blocks"": 3, ""num_graphs"": 5, ""num_nodes"": 8, ""p_in"": 0.25, ""p_out"": 0.03, ""seed"": 0}",edge_insertion,"{""alpha"": 0.5, ""edges_added"": 30, ""edges_removed"": 0, ""graphs"": 5, ""graphs_skipped"": 0, ""graphs_success"": 5, ""method"": ""edge_insertion"", ""perturbation_direction"": ""insertion"", ""perturbation_family"": ""edge"", ""rewires"": 0, ""triangles_affected"": 0}",0.5,0,wl_subtree_kernel_mmd,paper_faithful,"{""implementation_mode"": ""paper_faithful"", ""method"": ""wl_subtree_kernel_mmd"", ""wl_compression"": ""shared_canonical_dictionary_per_comparison"", ""wl_feature_construction"": ""subtree_histograms_across_iterations"", ""wl_iterations"": 3, ""wl_kernel_distance_mode"": ""linear_mmd"", ""wl_label_initialization"": ""node_label_or_degree"", ""wl_node_label_key"": ""node_labels""}",edge,insertion,5,8,8,13,19,31.6,5.621387729022079,9.06395604045211,0.0031342820002464578,0.053203582763671875,success,
barabasi_albert,"{""edge_probability"": 0.1, ""family"": ""barabasi_albert"", ""m"": 2, ""num_blocks"": 3, ""num_graphs"": 5, ""num_nodes"": 8, ""p_in"": 0.25, ""p_out"": 0.03, ""seed"": 0}",edge_insertion,"{""alpha"": 0.5, ""edges_added"": 30, ""edges_removed"": 0, ""graphs"": 5, ""graphs_skipped"": 0, ""graphs_success"": 5, ""method"": ""edge_insertion"", ""perturbation_direction"": ""insertion"", ""perturbation_family"": ""edge"", ""rewires"": 0, ""triangles_affected"": 0}",0.5,0,native_netlsd,paper_faithful,"{""distribution_distance"": ""l2_between_mean_signatures"", ""eigenvalue_count"": ""all"", ""eigenvalue_mode"": ""full_spectrum"", ""heat_signature"": ""heat_trace"", ""implementation_mode"": ""paper_faithful"", ""laplacian_type"": ""normalized"", ""method"": ""native_netlsd"", ""netlsd_normalization"": ""empty"", ""netlsd_time_scale_count"": 250, ""netlsd_time_scale_max"": 100.0, ""netlsd_time_scale_min"": 0.01, ""netlsd_time_scale_schedule"": ""logspace""}",edge,insertion,5,8,8,13,19,0.11946552704790835,0.11946552704790835,0.11991097940734281,0.03811796600075468,0.0920562744140625,success,
barabasi_albert,"{""edge_probability"": 0.1, ""family"": ""barabasi_albert"", ""m"": 2, ""num_blocks"": 3, ""num_graphs"": 5, ""num_nodes"": 8, ""p_in"": 0.25, ""p_out"": 0.03, ""seed"": 0}",edge_insertion,"{""alpha"": 0.5, ""edges_added"": 30, ""edges_removed"": 0, ""graphs"": 5, ""graphs_skipped"": 0, ""graphs_success"": 5, ""method"": ""edge_insertion"", ""perturbation_direction"": ""insertion"", ""perturbation_family"": ""edge"", ""rewires"": 0, ""triangles_affected"": 0}",0.5,0,diversity_curves_shortest_path,paper_faithful,"{""distance_metric"": ""shortest_path"", ""distribution_distance"": ""l2_between_mean_curves"", ""diversity_contraction_mode"": ""random_edge"", ""diversity_curve_definition"": ""shortest_path_spread"", ""diversity_repetitions"": 3, ""diversity_scale_count"": ""dataset_max_nodes"", ""diversity_scale_schedule"": ""all_integer_cardinalities"", ""diversity_upsampling_enabled"": true, ""implementation_mode"": ""paper_faithful"", ""method"": ""diversity_curves_shortest_path"", ""random_seed"": 0}",edge,insertion,5,8,8,13,19,0.6645411565587485,0.6645411565587485,0.6732601951045262,0.08060616200054938,0.05855274200439453,success,
barabasi_albert,"{""edge_probability"": 0.1, ""family"": ""barabasi_albert"", ""m"": 2, ""num_blocks"": 3, ""num_graphs"": 5, ""num_nodes"": 8, ""p_in"": 0.25, ""p_out"": 0.03, ""seed"": 0}",edge_insertion,"{""alpha"": 1.0, ""edges_added"": 65, ""edges_removed"": 0, ""graphs"": 5, ""graphs_skipped"": 0, ""graphs_success"": 5, ""method"": ""edge_insertion"", ""perturbation_direction"": ""insertion"", ""perturbation_family"": ""edge"", ""rewires"": 0, ""triangles_affected"": 0}",1.0,0,structural_statistics_mmd,descriptor_baseline,"{""bandwidth"": 10.0, ""feature_count"": 9, ""implementation_mode"": ""descriptor_baseline"", ""kernel"": ""rbf_mmd"", ""method"": ""structural_statistics_mmd""}",edge,insertion,5,8,8,13,26,1.9892060595484713,41.83059860010502,41.8335810900417,0.0018795589994624606,0.003143310546875,success,
barabasi_albert,"{""edge_probability"": 0.1, ""family"": ""barabasi_albert"", ""m"": 2, ""num_blocks"": 3, ""num_graphs"": 5, ""num_nodes"": 8, ""p_in"": 0.25, ""p_out"": 0.03, ""seed"": 0}",edge_insertion,"{""alpha"": 1.0, ""edges_added"": 65, ""edges_removed"": 0, ""graphs"": 5, ""graphs_skipped"": 0, ""graphs_success"": 5, ""method"": ""edge_insertion"", ""perturbation_direction"": ""insertion"", ""perturbation_family"": ""edge"", ""rewires"": 0, ""triangles_affected"": 0}",1.0,0,wl_subtree_kernel_mmd,paper_faithful,"{""implementation_mode"": ""paper_faithful"", ""method"": ""wl_subtree_kernel_mmd"", ""wl_compression"": ""shared_canonical_dictionary_per_comparison"", ""wl_feature_construction"": ""subtree_histograms_across_iterations"", ""wl_iterations"": 3, ""wl_kernel_distance_mode"": ""linear_mmd"", ""wl_label_initialization"": ""node_label_or_degree"", ""wl_node_label_key"": ""node_labels""}",edge,insertion,5,8,8,13,26,97.84000000000002,9.891410415102591,12.897326261946713,0.002680227000382729,0.036014556884765625,success,
barabasi_albert,"{""edge_probability"": 0.1, ""family"": ""barabasi_albert"", ""m"": 2, ""num_blocks"": 3, ""num_graphs"": 5, ""num_nodes"": 8, ""p_in"": 0.25, ""p_out"": 0.03, ""seed"": 0}",edge_insertion,"{""alpha"": 1.0, ""edges_added"": 65, ""edges_removed"": 0, ""graphs"": 5, ""graphs_skipped"": 0, ""graphs_success"": 5, ""method"": ""edge_insertion"", ""perturbation_direction"": ""insertion"", ""perturbation_family"": ""edge"", ""rewires"": 0, ""triangles_affected"": 0}",1.0,0,native_netlsd,paper_faithful,"{""distribution_distance"": ""l2_between_mean_signatures"", ""eigenvalue_count"": ""all"", ""eigenvalue_mode"": ""full_spectrum"", ""heat_signature"": ""heat_trace"", ""implementation_mode"": ""paper_faithful"", ""laplacian_type"": ""normalized"", ""method"": ""native_netlsd"", ""netlsd_normalization"": ""empty"", ""netlsd_time_scale_count"": 250, ""netlsd_time_scale_max"": 100.0, ""netlsd_time_scale_min"": 0.01, ""netlsd_time_scale_schedule"": ""logspace""}",edge,insertion,5,8,8,13,26,0.190837608106777,0.190837608106777,0.19116103780834962,0.03631592300007469,0.0920562744140625,success,
barabasi_albert,"{""edge_probability"": 0.1, ""family"": ""barabasi_albert"", ""m"": 2, ""num_blocks"": 3, ""num_graphs"": 5, ""num_nodes"": 8, ""p_in"": 0.25, ""p_out"": 0.03, ""seed"": 0}",edge_insertion,"{""alpha"": 1.0, ""edges_added"": 65, ""edges_removed"": 0, ""graphs"": 5, ""graphs_skipped"": 0, ""graphs_success"": 5, ""method"": ""edge_insertion"", ""perturbation_direction"": ""insertion"", ""perturbation_family"": ""edge"", ""rewires"": 0, ""triangles_affected"": 0}",1.0,0,diversity_curves_shortest_path,paper_faithful,"{""distance_metric"": ""shortest_path"", ""distribution_distance"": ""l2_between_mean_curves"", ""diversity_contraction_mode"": ""random_edge"", ""diversity_curve_definition"": ""shortest_path_spread"", ""diversity_repetitions"": 3, ""diversity_scale_count"": ""dataset_max_nodes"", ""diversity_scale_schedule"": ""all_integer_cardinalities"", ""diversity_upsampling_enabled"": true, ""implementation_mode"": ""paper_faithful"", ""method"": ""diversity_curves_shortest_path"", ""random_seed"": 0}",edge,insertion,5,8,8,13,26,1.0990225684261807,1.0990225684261807,1.106677297891102,0.09655364100035513,0.07512378692626953,success,
barabasi_albert,"{""edge_probability"": 0.1, ""family"": ""barabasi_albert"", ""m"": 2, ""num_blocks"": 3, ""num_graphs"": 5, ""num_nodes"": 8, ""p_in"": 0.25, ""p_out"": 0.03, ""seed"": 0}",edge_deletion,"{""alpha"": 0.0, ""edges_added"": 0, ""edges_removed"": 0, ""graphs"": 5, ""graphs_skipped"": 0, ""graphs_success"": 5, ""method"": ""edge_deletion"", ""perturbation_direction"": ""deletion"", ""perturbation_family"": ""edge"", ""rewires"": 0, ""triangles_affected"": 0}",0.0,0,structural_statistics_mmd,descriptor_baseline,"{""bandwidth"": 10.0, ""feature_count"": 9, ""implementation_mode"": ""descriptor_baseline"", ""kernel"": ""rbf_mmd"", ""method"": ""structural_statistics_mmd""}",edge,deletion,5,8,8,13,13,0.0,0.0,0.0,0.0015689550000388408,0.003143310546875,success,
barabasi_albert,"{""edge_probability"": 0.1, ""family"": ""barabasi_albert"", ""m"": 2, ""num_blocks"": 3, ""num_graphs"": 5, ""num_nodes"": 8, ""p_in"": 0.25, ""p_out"": 0.03, ""seed"": 0}",edge_deletion,"{""alpha"": 0.0, ""edges_added"": 0, ""edges_removed"": 0, ""graphs"": 5, ""graphs_skipped"": 0, ""graphs_success"": 5, ""method"": ""edge_deletion"", ""perturbation_direction"": ""deletion"", ""perturbation_family"": ""edge"", ""rewires"": 0, ""triangles_affected"": 0}",0.0,0,wl_subtree_kernel_mmd,paper_faithful,"{""implementation_mode"": ""paper_faithful"", ""method"": ""wl_subtree_kernel_mmd"", ""wl_compression"": ""shared_canonical_dictionary_per_comparison"", ""wl_feature_construction"": ""subtree_histograms_across_iterations"", ""wl_iterations"": 3, ""wl_kernel_distance_mode"": ""linear_mmd"", ""wl_label_initialization"": ""node_label_or_degree"", ""wl_node_label_key"": ""node_labels""}",edge,deletion,5,8,8,13,13,0.0,0.0,0.0,0.0027628230000118492,0.05042266845703125,success,
barabasi_albert,"{""edge_probability"": 0.1, ""family"": ""barabasi_albert"", ""m"": 2, ""num_blocks"": 3, ""num_graphs"": 5, ""num_nodes"": 8, ""p_in"": 0.25, ""p_out"": 0.03, ""seed"": 0}",edge_deletion,"{""alpha"": 0.0, ""edges_added"": 0, ""edges_removed"": 0, ""graphs"": 5, ""graphs_skipped"": 0, ""graphs_success"": 5, ""method"": ""edge_deletion"", ""perturbation_direction"": ""deletion"", ""perturbation_family"": ""edge"", ""rewires"": 0, ""triangles_affected"": 0}",0.0,0,native_netlsd,paper_faithful,"{""distribution_distance"": ""l2_between_mean_signatures"", ""eigenvalue_count"": ""all"", ""eigenvalue_mode"": ""full_spectrum"", ""heat_signature"": ""heat_trace"", ""implementation_mode"": ""paper_faithful"", ""laplacian_type"": ""normalized"", ""method"": ""native_netlsd"", ""netlsd_normalization"": ""empty"", ""netlsd_time_scale_count"": 250, ""netlsd_time_scale_max"": 100.0, ""netlsd_time_scale_min"": 0.01, ""netlsd_time_scale_schedule"": ""logspace""}",edge,deletion,5,8,8,13,13,0.0,0.0,0.0,0.038651580999612634,0.0920562744140625,success,
barabasi_albert,"{""edge_probability"": 0.1, ""family"": ""barabasi_albert"", ""m"": 2, ""num_blocks"": 3, ""num_graphs"": 5, ""num_nodes"": 8, ""p_in"": 0.25, ""p_out"": 0.03, ""seed"": 0}",edge_deletion,"{""alpha"": 0.0, ""edges_added"": 0, ""edges_removed"": 0, ""graphs"": 5, ""graphs_skipped"": 0, ""graphs_success"": 5, ""method"": ""edge_deletion"", ""perturbation_direction"": ""deletion"", ""perturbation_family"": ""edge"", ""rewires"": 0, ""triangles_affected"": 0}",0.0,0,diversity_curves_shortest_path,paper_faithful,"{""distance_metric"": ""shortest_path"", ""distribution_distance"": ""l2_between_mean_curves"", ""diversity_contraction_mode"": ""random_edge"", ""diversity_curve_definition"": ""shortest_path_spread"", ""diversity_repetitions"": 3, ""diversity_scale_count"": ""dataset_max_nodes"", ""diversity_scale_schedule"": ""all_integer_cardinalities"", ""diversity_upsampling_enabled"": true, ""implementation_mode"": ""paper_faithful"", ""method"": ""diversity_curves_shortest_path"", ""random_seed"": 0}",edge,deletion,5,8,8,13,13,0.0,0.0,0.0,0.06657940999957646,0.015517234802246094,success,
barabasi_albert,"{""edge_probability"": 0.1, ""family"": ""barabasi_albert"", ""m"": 2, ""num_blocks"": 3, ""num_graphs"": 5, ""num_nodes"": 8, ""p_in"": 0.25, ""p_out"": 0.03, ""seed"": 0}",edge_deletion,"{""alpha"": 0.5, ""edges_added"": 0, ""edges_removed"": 30, ""graphs"": 5, ""graphs_skipped"": 0, ""graphs_success"": 5, ""method"": ""edge_deletion"", ""perturbation_direction"": ""deletion"", ""perturbation_family"": ""edge"", ""rewires"": 0, ""triangles_affected"": 0}",0.5,0,structural_statistics_mmd,descriptor_baseline,"{""bandwidth"": 10.0, ""feature_count"": 9, ""implementation_mode"": ""descriptor_baseline"", ""kernel"": ""rbf_mmd"", ""method"": ""structural_statistics_mmd""}",edge,deletion,5,8,8,7,13,0.480509604157217,7.445859207331109,7.469202141251533,0.0014282689999163267,0.00409698486328125,success,
barabasi_albert,"{""edge_probability"": 0.1, ""family"": ""barabasi_albert"", ""m"": 2, ""num_blocks"": 3, ""num_graphs"": 5, ""num_nodes"": 8, ""p_in"": 0.25, ""p_out"": 0.03, ""seed"": 0}",edge_deletion,"{""alpha"": 0.5, ""edges_added"": 0, ""edges_removed"": 30, ""graphs"": 5, ""graphs_skipped"": 0, ""graphs_success"": 5, ""method"": ""edge_deletion"", ""perturbation_direction"": ""deletion"", ""perturbation_family"": ""edge"", ""rewires"": 0, ""triangles_affected"": 0}",0.5,0,wl_subtree_kernel_mmd,paper_faithful,"{""implementation_mode"": ""paper_faithful"", ""method"": ""wl_subtree_kernel_mmd"", ""wl_compression"": ""shared_canonical_dictionary_per_comparison"", ""wl_feature_construction"": ""subtree_histograms_across_iterations"", ""wl_iterations"": 3, ""wl_kernel_distance_mode"": ""linear_mmd"", ""wl_label_initialization"": ""node_label_or_degree"", ""wl_node_label_key"": ""node_labels""}",edge,deletion,5,8,8,7,13,29.68,5.447935388750494,8.726623082540685,0.002966185999866866,0.048478126525878906,success,
barabasi_albert,"{""edge_probability"": 0.1, ""family"": ""barabasi_albert"", ""m"": 2, ""num_blocks"": 3, ""num_graphs"": 5, ""num_nodes"": 8, ""p_in"": 0.25, ""p_out"": 0.03, ""seed"": 0}",edge_deletion,"{""alpha"": 0.5, ""edges_added"": 0, ""edges_removed"": 30, ""graphs"": 5, ""graphs_skipped"": 0, ""graphs_success"": 5, ""method"": ""edge_deletion"", ""perturbation_direction"": ""deletion"", ""perturbation_family"": ""edge"", ""rewires"": 0, ""triangles_affected"": 0}",0.5,0,native_netlsd,paper_faithful,"{""distribution_distance"": ""l2_between_mean_signatures"", ""eigenvalue_count"": ""all"", ""eigenvalue_mode"": ""full_spectrum"", ""heat_signature"": ""heat_trace"", ""implementation_mode"": ""paper_faithful"", ""laplacian_type"": ""normalized"", ""method"": ""native_netlsd"", ""netlsd_normalization"": ""empty"", ""netlsd_time_scale_count"": 250, ""netlsd_time_scale_max"": 100.0, ""netlsd_time_scale_min"": 0.01, ""netlsd_time_scale_schedule"": ""logspace""}",edge,deletion,5,8,8,7,13,1.5024272279043014,1.5024272279043014,1.5035339114319655,0.03327180100041005,0.0920562744140625,success,
barabasi_albert,"{""edge_probability"": 0.1, ""family"": ""barabasi_albert"", ""m"": 2, ""num_blocks"": 3, ""num_graphs"": 5, ""num_nodes"": 8, ""p_in"": 0.25, ""p_out"": 0.03, ""seed"": 0}",edge_deletion,"{""alpha"": 0.5, ""edges_added"": 0, ""edges_removed"": 30, ""graphs"": 5, ""graphs_skipped"": 0, ""graphs_success"": 5, ""method"": ""edge_deletion"", ""perturbation_direction"": ""deletion"", ""perturbation_family"": ""edge"", ""rewires"": 0, ""triangles_affected"": 0}",0.5,0,diversity_curves_shortest_path,paper_faithful,"{""distance_metric"": ""shortest_path"", ""distribution_distance"": ""l2_between_mean_curves"", ""diversity_contraction_mode"": ""random_edge"", ""diversity_curve_definition"": ""shortest_path_spread"", ""diversity_repetitions"": 3, ""diversity_scale_count"": ""dataset_max_nodes"", ""diversity_scale_schedule"": ""all_integer_cardinalities"", ""diversity_upsampling_enabled"": true, ""implementation_mode"": ""paper_faithful"", ""method"": ""diversity_curves_shortest_path"", ""random_seed"": 0}",edge,deletion,5,8,8,7,13,2.516732488302542,2.516732488302542,2.5196211700020434,0.053424609000103374,0.015275955200195312,success,
barabasi_albert,"{""edge_probability"": 0.1, ""family"": ""barabasi_albert"", ""m"": 2, ""num_blocks"": 3, ""num_graphs"": 5, ""num_nodes"": 8, ""p_in"": 0.25, ""p_out"": 0.03, ""seed"": 0}",edge_deletion,"{""alpha"": 1.0, ""edges_added"": 0, ""edges_removed"": 65, ""graphs"": 5, ""graphs_skipped"": 0, ""graphs_success"": 5, ""method"": ""edge_deletion"", ""perturbation_direction"": ""deletion"", ""perturbation_family"": ""edge"", ""rewires"": 0, ""triangles_affected"": 0}",1.0,0,structural_statistics_mmd,descriptor_baseline,"{""bandwidth"": 10.0, ""feature_count"": 9, ""implementation_mode"": ""descriptor_baseline"", ""kernel"": ""rbf_mmd"", ""method"": ""structural_statistics_mmd""}",edge,deletion,5,8,8,0,13,1.4338479589728172,15.956042833972067,15.978928860340613,0.0014104049996603862,0.00487518310546875,success,
barabasi_albert,"{""edge_probability"": 0.1, ""family"": ""barabasi_albert"", ""m"": 2, ""num_blocks"": 3, ""num_graphs"": 5, ""num_nodes"": 8, ""p_in"": 0.25, ""p_out"": 0.03, ""seed"": 0}",edge_deletion,"{""alpha"": 1.0, ""edges_added"": 0, ""edges_removed"": 65, ""graphs"": 5, ""graphs_skipped"": 0, ""graphs_success"": 5, ""method"": ""edge_deletion"", ""perturbation_direction"": ""deletion"", ""perturbation_family"": ""edge"", ""rewires"": 0, ""triangles_affected"": 0}",1.0,0,wl_subtree_kernel_mmd,paper_faithful,"{""implementation_mode"": ""paper_faithful"", ""method"": ""wl_subtree_kernel_mmd"", ""wl_compression"": ""shared_canonical_dictionary_per_comparison"", ""wl_feature_construction"": ""subtree_histograms_across_iterations"", ""wl_iterations"": 3, ""wl_kernel_distance_mode"": ""linear_mmd"", ""wl_label_initialization"": ""node_label_or_degree"", ""wl_node_label_key"": ""node_labels""}",edge,deletion,5,8,8,0,13,278.63999999999993,16.692513291892265,17.354939106905658,0.002275103000101808,0.029669761657714844,success,
barabasi_albert,"{""edge_probability"": 0.1, ""family"": ""barabasi_albert"", ""m"": 2, ""num_blocks"": 3, ""num_graphs"": 5, ""num_nodes"": 8, ""p_in"": 0.25, ""p_out"": 0.03, ""seed"": 0}",edge_deletion,"{""alpha"": 1.0, ""edges_added"": 0, ""edges_removed"": 65, ""graphs"": 5, ""graphs_skipped"": 0, ""graphs_success"": 5, ""method"": ""edge_deletion"", ""perturbation_direction"": ""deletion"", ""perturbation_family"": ""edge"", ""rewires"": 0, ""triangles_affected"": 0}",1.0,0,native_netlsd,paper_faithful,"{""distribution_distance"": ""l2_between_mean_signatures"", ""eigenvalue_count"": ""all"", ""eigenvalue_mode"": ""full_spectrum"", ""heat_signature"": ""heat_trace"", ""implementation_mode"": ""paper_faithful"", ""laplacian_type"": ""normalized"", ""method"": ""native_netlsd"", ""netlsd_normalization"": ""empty"", ""netlsd_time_scale_count"": 250, ""netlsd_time_scale_max"": 100.0, ""netlsd_time_scale_min"": 0.01, ""netlsd_time_scale_schedule"": ""logspace""}",edge,deletion,5,8,8,0,13,9.679551516464924,9.679551516464924,9.679576166929163,0.026066533999255626,0.0920562744140625,success,
barabasi_albert,"{""edge_probability"": 0.1, ""family"": ""barabasi_albert"", ""m"": 2, ""num_blocks"": 3, ""num_graphs"": 5, ""num_nodes"": 8, ""p_in"": 0.25, ""p_out"": 0.03, ""seed"": 0}",edge_deletion,"{""alpha"": 1.0, ""edges_added"": 0, ""edges_removed"": 65, ""graphs"": 5, ""graphs_skipped"": 0, ""graphs_success"": 5, ""method"": ""edge_deletion"", ""perturbation_direction"": ""deletion"", ""perturbation_family"": ""edge"", ""rewires"": 0, ""triangles_affected"": 0}",1.0,0,diversity_curves_shortest_path,paper_faithful,"{""distance_metric"": ""shortest_path"", ""distribution_distance"": ""l2_between_mean_curves"", ""diversity_contraction_mode"": ""random_edge"", ""diversity_curve_definition"": ""shortest_path_spread"", ""diversity_repetitions"": 3, ""diversity_scale_count"": ""dataset_max_nodes"", ""diversity_scale_schedule"": ""all_integer_cardinalities"", ""diversity_upsampling_enabled"": true, ""implementation_mode"": ""paper_faithful"", ""method"": ""diversity_curves_shortest_path"", ""random_seed"": 0}",edge,deletion,5,8,8,0,13,8.11258670996159,8.11258670996159,8.113456049964766,0.040011521999986144,0.014578819274902344,success,
barabasi_albert,"{""edge_probability"": 0.1, ""family"": ""barabasi_albert"", ""m"": 2, ""num_blocks"": 3, ""num_graphs"": 5, ""num_nodes"": 8, ""p_in"": 0.25, ""p_out"": 0.03, ""seed"": 0}",triangle_insertion,"{""alpha"": 0.0, ""edges_added"": 0, ""edges_removed"": 0, ""graphs"": 5, ""graphs_skipped"": 0, ""graphs_success"": 5, ""method"": ""triangle_insertion"", ""perturbation_direction"": ""insertion"", ""perturbation_family"": ""triangle"", ""rewires"": 0, ""triangles_affected"": 0}",0.0,0,structural_statistics_mmd,descriptor_baseline,"{""bandwidth"": 10.0, ""feature_count"": 9, ""implementation_mode"": ""descriptor_baseline"", ""kernel"": ""rbf_mmd"", ""method"": ""structural_statistics_mmd""}",triangle,insertion,5,8,8,13,13,0.0,0.0,0.0,0.001640378000047349,0.003143310546875,success,
barabasi_albert,"{""edge_probability"": 0.1, ""family"": ""barabasi_albert"", ""m"": 2, ""num_blocks"": 3, ""num_graphs"": 5, ""num_nodes"": 8, ""p_in"": 0.25, ""p_out"": 0.03, ""seed"": 0}",triangle_insertion,"{""alpha"": 0.0, ""edges_added"": 0, ""edges_removed"": 0, ""graphs"": 5, ""graphs_skipped"": 0, ""graphs_success"": 5, ""method"": ""triangle_insertion"", ""perturbation_direction"": ""insertion"", ""perturbation_family"": ""triangle"", ""rewires"": 0, ""triangles_affected"": 0}",0.0,0,wl_subtree_kernel_mmd,paper_faithful,"{""implementation_mode"": ""paper_faithful"", ""method"": ""wl_subtree_kernel_mmd"", ""wl_compression"": ""shared_canonical_dictionary_per_comparison"", ""wl_feature_construction"": ""subtree_histograms_across_iterations"", ""wl_iterations"": 3, ""wl_kernel_distance_mode"": ""linear_mmd"", ""wl_label_initialization"": ""node_label_or_degree"", ""wl_node_label_key"": ""node_labels""}",triangle,insertion,5,8,8,13,13,0.0,0.0,0.0,0.002381334000347124,0.05042266845703125,success,
barabasi_albert,"{""edge_probability"": 0.1, ""family"": ""barabasi_albert"", ""m"": 2, ""num_blocks"": 3, ""num_graphs"": 5, ""num_nodes"": 8, ""p_in"": 0.25, ""p_out"": 0.03, ""seed"": 0}",triangle_insertion,"{""alpha"": 0.0, ""edges_added"": 0, ""edges_removed"": 0, ""graphs"": 5, ""graphs_skipped"": 0, ""graphs_success"": 5, ""method"": ""triangle_insertion"", ""perturbation_direction"": ""insertion"", ""perturbation_family"": ""triangle"", ""rewires"": 0, ""triangles_affected"": 0}",0.0,0,native_netlsd,paper_faithful,"{""distribution_distance"": ""l2_between_mean_signatures"", ""eigenvalue_count"": ""all"", ""eigenvalue_mode"": ""full_spectrum"", ""heat_signature"": ""heat_trace"", ""implementation_mode"": ""paper_faithful"", ""laplacian_type"": ""normalized"", ""method"": ""native_netlsd"", ""netlsd_normalization"": ""empty"", ""netlsd_time_scale_count"": 250, ""netlsd_time_scale_max"": 100.0, ""netlsd_time_scale_min"": 0.01, ""netlsd_time_scale_schedule"": ""logspace""}",triangle,insertion,5,8,8,13,13,0.0,0.0,0.0,0.03901300200050173,0.0920562744140625,success,
barabasi_albert,"{""edge_probability"": 0.1, ""family"": ""barabasi_albert"", ""m"": 2, ""num_blocks"": 3, ""num_graphs"": 5, ""num_nodes"": 8, ""p_in"": 0.25, ""p_out"": 0.03, ""seed"": 0}",triangle_insertion,"{""alpha"": 0.0, ""edges_added"": 0, ""edges_removed"": 0, ""graphs"": 5, ""graphs_skipped"": 0, ""graphs_success"": 5, ""method"": ""triangle_insertion"", ""perturbation_direction"": ""insertion"", ""perturbation_family"": ""triangle"", ""rewires"": 0, ""triangles_affected"": 0}",0.0,0,diversity_curves_shortest_path,paper_faithful,"{""distance_metric"": ""shortest_path"", ""distribution_distance"": ""l2_between_mean_curves"", ""diversity_contraction_mode"": ""random_edge"", ""diversity_curve_definition"": ""shortest_path_spread"", ""diversity_repetitions"": 3, ""diversity_scale_count"": ""dataset_max_nodes"", ""diversity_scale_schedule"": ""all_integer_cardinalities"", ""diversity_upsampling_enabled"": true, ""implementation_mode"": ""paper_faithful"", ""method"": ""diversity_curves_shortest_path"", ""random_seed"": 0}",triangle,insertion,5,8,8,13,13,0.0,0.0,0.0,0.06952869299948361,0.015860557556152344,success,
barabasi_albert,"{""edge_probability"": 0.1, ""family"": ""barabasi_albert"", ""m"": 2, ""num_blocks"": 3, ""num_graphs"": 5, ""num_nodes"": 8, ""p_in"": 0.25, ""p_out"": 0.03, ""seed"": 0}",triangle_insertion,"{""alpha"": 0.5, ""edges_added"": 30, ""edges_removed"": 0, ""graphs"": 5, ""graphs_skipped"": 0, ""graphs_success"": 5, ""method"": ""triangle_insertion"", ""perturbation_direction"": ""insertion"", ""perturbation_family"": ""triangle"", ""rewires"": 0, ""triangles_affected"": 30}",0.5,0,structural_statistics_mmd,descriptor_baseline,"{""bandwidth"": 10.0, ""feature_count"": 9, ""implementation_mode"": ""descriptor_baseline"", ""kernel"": ""rbf_mmd"", ""method"": ""structural_statistics_mmd""}",triangle,insertion,5,8,8,13,19,1.1642026757057642,13.514820779908264,13.537953484561601,0.0018906499999502557,0.003143310546875,success,
barabasi_albert,"{""edge_probability"": 0.1, ""family"": ""barabasi_albert"", ""m"": 2, ""num_blocks"": 3, ""num_graphs"": 5, ""num_nodes"": 8, ""p_in"": 0.25, ""p_out"": 0.03, ""seed"": 0}",triangle_insertion,"{""alpha"": 0.5, ""edges_added"": 30, ""edges_removed"": 0, ""graphs"": 5, ""graphs_skipped"": 0, ""graphs_success"": 5, ""method"": ""triangle_insertion"", ""perturbation_direction"": ""insertion"", ""perturbation_family"": ""triangle"", ""rewires"": 0, ""triangles_affected"": 30}",0.5,0,wl_subtree_kernel_mmd,paper_faithful,"{""implementation_mode"": ""paper_faithful"", ""method"": ""wl_subtree_kernel_mmd"", ""wl_compression"": ""shared_canonical_dictionary_per_comparison"", ""wl_feature_construction"": ""subtree_histograms_across_iterations"", ""wl_iterations"": 3, ""wl_kernel_distance_mode"": ""linear_mmd"", ""wl_label_initialization"": ""node_label_or_degree"", ""wl_node_label_key"": ""node_labels""}",triangle,insertion,5,8,8,13,19,30.8,5.549774770204643,8.880777758060848,0.003247325000302226,0.048857688903808594,success,
barabasi_albert,"{""edge_probability"": 0.1, ""family"": ""barabasi_albert"", ""m"": 2, ""num_blocks"": 3, ""num_graphs"": 5, ""num_nodes"": 8, ""p_in"": 0.25, ""p_out"": 0.03, ""seed"": 0}",triangle_insertion,"{""alpha"": 0.5, ""edges_added"": 30, ""edges_removed"": 0, ""graphs"": 5, ""graphs_skipped"": 0, ""graphs_success"": 5, ""method"": ""triangle_insertion"", ""perturbation_direction"": ""insertion"", ""perturbation_family"": ""triangle"", ""rewires"": 0, ""triangles_affected"": 30}",0.5,0,native_netlsd,paper_faithful,"{""distribution_distance"": ""l2_between_mean_signatures"", ""eigenvalue_count"": ""all"", ""eigenvalue_mode"": ""full_spectrum"", ""heat_signature"": ""heat_trace"", ""implementation_mode"": ""paper_faithful"", ""laplacian_type"": ""normalized"", ""method"": ""native_netlsd"", ""netlsd_normalization"": ""empty"", ""netlsd_time_scale_count"": 250, ""netlsd_time_scale_max"": 100.0, ""netlsd_time_scale_min"": 0.01, ""netlsd_time_scale_schedule"": ""logspace""}",triangle,insertion,5,8,8,13,19,0.11276891697704185,0.11276891697704185,0.11308933386629416,0.038867488000505546,0.0920562744140625,success,
barabasi_albert,"{""edge_probability"": 0.1, ""family"": ""barabasi_albert"", ""m"": 2, ""num_blocks"": 3, ""num_graphs"": 5, ""num_nodes"": 8, ""p_in"": 0.25, ""p_out"": 0.03, ""seed"": 0}",triangle_insertion,"{""alpha"": 0.5, ""edges_added"": 30, ""edges_removed"": 0, ""graphs"": 5, ""graphs_skipped"": 0, ""graphs_success"": 5, ""method"": ""triangle_insertion"", ""perturbation_direction"": ""insertion"", ""perturbation_family"": ""triangle"", ""rewires"": 0, ""triangles_affected"": 30}",0.5,0,diversity_curves_shortest_path,paper_faithful,"{""distance_metric"": ""shortest_path"", ""distribution_distance"": ""l2_between_mean_curves"", ""diversity_contraction_mode"": ""random_edge"", ""diversity_curve_definition"": ""shortest_path_spread"", ""diversity_repetitions"": 3, ""diversity_scale_count"": ""dataset_max_nodes"", ""diversity_scale_schedule"": ""all_integer_cardinalities"", ""diversity_upsampling_enabled"": true, ""implementation_mode"": ""paper_faithful"", ""method"": ""diversity_curves_shortest_path"", ""random_seed"": 0}",triangle,insertion,5,8,8,13,19,0.6427897814140076,0.6427897814140076,0.6540219472464937,0.08200466600010259,0.04405784606933594,success,
barabasi_albert,"{""edge_probability"": 0.1, ""family"": ""barabasi_albert"", ""m"": 2, ""num_blocks"": 3, ""num_graphs"": 5, ""num_nodes"": 8, ""p_in"": 0.25, ""p_out"": 0.03, ""seed"": 0}",triangle_insertion,"{""alpha"": 1.0, ""edges_added"": 64, ""edges_removed"": 0, ""graphs"": 5, ""graphs_skipped"": 0, ""graphs_success"": 5, ""method"": ""triangle_insertion"", ""perturbation_direction"": ""insertion"", ""perturbation_family"": ""triangle"", ""rewires"": 0, ""triangles_affected"": 64}",1.0,0,structural_statistics_mmd,descriptor_baseline,"{""bandwidth"": 10.0, ""feature_count"": 9, ""implementation_mode"": ""descriptor_baseline"", ""kernel"": ""rbf_mmd"", ""method"": ""structural_statistics_mmd""}",triangle,insertion,5,8,8,13,26,1.9569410759565076,41.004684717430536,41.01033818492964,0.0019000080001205788,0.003143310546875,success,
barabasi_albert,"{""edge_probability"": 0.1, ""family"": ""barabasi_albert"", ""m"": 2, ""num_blocks"": 3, ""num_graphs"": 5, ""num_nodes"": 8, ""p_in"": 0.25, ""p_out"": 0.03, ""seed"": 0}",triangle_insertion,"{""alpha"": 1.0, ""edges_added"": 64, ""edges_removed"": 0, ""graphs"": 5, ""graphs_skipped"": 0, ""graphs_success"": 5, ""method"": ""triangle_insertion"", ""perturbation_direction"": ""insertion"", ""perturbation_family"": ""triangle"", ""rewires"": 0, ""triangles_affected"": 64}",1.0,0,wl_subtree_kernel_mmd,paper_faithful,"{""implementation_mode"": ""paper_faithful"", ""method"": ""wl_subtree_kernel_mmd"", ""wl_compression"": ""shared_canonical_dictionary_per_comparison"", ""wl_feature_construction"": ""subtree_histograms_across_iterations"", ""wl_iterations"": 3, ""wl_kernel_distance_mode"": ""linear_mmd"", ""wl_label_initialization"": ""node_label_or_degree"", ""wl_node_label_key"": ""node_labels""}",triangle,insertion,5,8,8,13,26,78.96000000000001,8.885943956609225,12.588397695745778,0.002448010000080103,0.036650657653808594,success,
barabasi_albert,"{""edge_probability"": 0.1, ""family"": ""barabasi_albert"", ""m"": 2, ""num_blocks"": 3, ""num_graphs"": 5, ""num_nodes"": 8, ""p_in"": 0.25, ""p_out"": 0.03, ""seed"": 0}",triangle_insertion,"{""alpha"": 1.0, ""edges_added"": 64, ""edges_removed"": 0, ""graphs"": 5, ""graphs_skipped"": 0, ""graphs_success"": 5, ""method"": ""triangle_insertion"", ""perturbation_direction"": ""insertion"", ""perturbation_family"": ""triangle"", ""rewires"": 0, ""triangles_affected"": 64}",1.0,0,native_netlsd,paper_faithful,"{""distribution_distance"": ""l2_between_mean_signatures"", ""eigenvalue_count"": ""all"", ""eigenvalue_mode"": ""full_spectrum"", ""heat_signature"": ""heat_trace"", ""implementation_mode"": ""paper_faithful"", ""laplacian_type"": ""normalized"", ""method"": ""native_netlsd"", ""netlsd_normalization"": ""empty"", ""netlsd_time_scale_count"": 250, ""netlsd_time_scale_max"": 100.0, ""netlsd_time_scale_min"": 0.01, ""netlsd_time_scale_schedule"": ""logspace""}",triangle,insertion,5,8,8,13,26,0.18929991602492507,0.18929991602492507,0.18964592764844004,0.03601274200082116,0.0920562744140625,success,
barabasi_albert,"{""edge_probability"": 0.1, ""family"": ""barabasi_albert"", ""m"": 2, ""num_blocks"": 3, ""num_graphs"": 5, ""num_nodes"": 8, ""p_in"": 0.25, ""p_out"": 0.03, ""seed"": 0}",triangle_insertion,"{""alpha"": 1.0, ""edges_added"": 64, ""edges_removed"": 0, ""graphs"": 5, ""graphs_skipped"": 0, ""graphs_success"": 5, ""method"": ""triangle_insertion"", ""perturbation_direction"": ""insertion"", ""perturbation_family"": ""triangle"", ""rewires"": 0, ""triangles_affected"": 64}",1.0,0,diversity_curves_shortest_path,paper_faithful,"{""distance_metric"": ""shortest_path"", ""distribution_distance"": ""l2_between_mean_curves"", ""diversity_contraction_mode"": ""random_edge"", ""diversity_curve_definition"": ""shortest_path_spread"", ""diversity_repetitions"": 3, ""diversity_scale_count"": ""dataset_max_nodes"", ""diversity_scale_schedule"": ""all_integer_cardinalities"", ""diversity_upsampling_enabled"": true, ""implementation_mode"": ""paper_faithful"", ""method"": ""diversity_curves_shortest_path"", ""random_seed"": 0}",triangle,insertion,5,8,8,13,26,1.092752330712151,1.092752330712151,1.1018792808127869,0.09364506399924721,0.07773303985595703,success,
barabasi_albert,"{""edge_probability"": 0.1, ""family"": ""barabasi_albert"", ""m"": 2, ""num_blocks"": 3, ""num_graphs"": 5, ""num_nodes"": 8, ""p_in"": 0.25, ""p_out"": 0.03, ""seed"": 0}",triangle_deletion,"{""alpha"": 0.0, ""edges_added"": 0, ""edges_removed"": 0, ""graphs"": 5, ""graphs_skipped"": 0, ""graphs_success"": 5, ""method"": ""triangle_deletion"", ""perturbation_direction"": ""deletion"", ""perturbation_family"": ""triangle"", ""rewires"": 0, ""triangles_affected"": 0}",0.0,0,structural_statistics_mmd,descriptor_baseline,"{""bandwidth"": 10.0, ""feature_count"": 9, ""implementation_mode"": ""descriptor_baseline"", ""kernel"": ""rbf_mmd"", ""method"": ""structural_statistics_mmd""}",triangle,deletion,5,8,8,13,13,0.0,0.0,0.0,0.0015038920000733924,0.003143310546875,success,
barabasi_albert,"{""edge_probability"": 0.1, ""family"": ""barabasi_albert"", ""m"": 2, ""num_blocks"": 3, ""num_graphs"": 5, ""num_nodes"": 8, ""p_in"": 0.25, ""p_out"": 0.03, ""seed"": 0}",triangle_deletion,"{""alpha"": 0.0, ""edges_added"": 0, ""edges_removed"": 0, ""graphs"": 5, ""graphs_skipped"": 0, ""graphs_success"": 5, ""method"": ""triangle_deletion"", ""perturbation_direction"": ""deletion"", ""perturbation_family"": ""triangle"", ""rewires"": 0, ""triangles_affected"": 0}",0.0,0,wl_subtree_kernel_mmd,paper_faithful,"{""implementation_mode"": ""paper_faithful"", ""method"": ""wl_subtree_kernel_mmd"", ""wl_compression"": ""shared_canonical_dictionary_per_comparison"", ""wl_feature_construction"": ""subtree_histograms_across_iterations"", ""wl_iterations"": 3, ""wl_kernel_distance_mode"": ""linear_mmd"", ""wl_label_initialization"": ""node_label_or_degree"", ""wl_node_label_key"": ""node_labels""}",triangle,deletion,5,8,8,13,13,0.0,0.0,0.0,0.0024055100002442487,0.05042266845703125,success,
barabasi_albert,"{""edge_probability"": 0.1, ""family"": ""barabasi_albert"", ""m"": 2, ""num_blocks"": 3, ""num_graphs"": 5, ""num_nodes"": 8, ""p_in"": 0.25, ""p_out"": 0.03, ""seed"": 0}",triangle_deletion,"{""alpha"": 0.0, ""edges_added"": 0, ""edges_removed"": 0, ""graphs"": 5, ""graphs_skipped"": 0, ""graphs_success"": 5, ""method"": ""triangle_deletion"", ""perturbation_direction"": ""deletion"", ""perturbation_family"": ""triangle"", ""rewires"": 0, ""triangles_affected"": 0}",0.0,0,native_netlsd,paper_faithful,"{""distribution_distance"": ""l2_between_mean_signatures"", ""eigenvalue_count"": ""all"", ""eigenvalue_mode"": ""full_spectrum"", ""heat_signature"": ""heat_trace"", ""implementation_mode"": ""paper_faithful"", ""laplacian_type"": ""normalized"", ""method"": ""native_netlsd"", ""netlsd_normalization"": ""empty"", ""netlsd_time_scale_count"": 250, ""netlsd_time_scale_max"": 100.0, ""netlsd_time_scale_min"": 0.01, ""netlsd_time_scale_schedule"": ""logspace""}",triangle,deletion,5,8,8,13,13,0.0,0.0,0.0,0.03865786400001525,0.0920562744140625,success,
barabasi_albert,"{""edge_probability"": 0.1, ""family"": ""barabasi_albert"", ""m"": 2, ""num_blocks"": 3, ""num_graphs"": 5, ""num_nodes"": 8, ""p_in"": 0.25, ""p_out"": 0.03, ""seed"": 0}",triangle_deletion,"{""alpha"": 0.0, ""edges_added"": 0, ""edges_removed"": 0, ""graphs"": 5, ""graphs_skipped"": 0, ""graphs_success"": 5, ""method"": ""triangle_deletion"", ""perturbation_direction"": ""deletion"", ""perturbation_family"": ""triangle"", ""rewires"": 0, ""triangles_affected"": 0}",0.0,0,diversity_curves_shortest_path,paper_faithful,"{""distance_metric"": ""shortest_path"", ""distribution_distance"": ""l2_between_mean_curves"", ""diversity_contraction_mode"": ""random_edge"", ""diversity_curve_definition"": ""shortest_path_spread"", ""diversity_repetitions"": 3, ""diversity_scale_count"": ""dataset_max_nodes"", ""diversity_scale_schedule"": ""all_integer_cardinalities"", ""diversity_upsampling_enabled"": true, ""implementation_mode"": ""paper_faithful"", ""method"": ""diversity_curves_shortest_path"", ""random_seed"": 0}",triangle,deletion,5,8,8,13,13,0.0,0.0,0.0,0.0665250570000353,0.015517234802246094,success,
barabasi_albert,"{""edge_probability"": 0.1, ""family"": ""barabasi_albert"", ""m"": 2, ""num_blocks"": 3, ""num_graphs"": 5, ""num_nodes"": 8, ""p_in"": 0.25, ""p_out"": 0.03, ""seed"": 0}",triangle_deletion,"{""alpha"": 0.5, ""edges_added"": 0, ""edges_removed"": 30, ""graphs"": 5, ""graphs_skipped"": 0, ""graphs_success"": 5, ""method"": ""triangle_deletion"", ""perturbation_direction"": ""deletion"", ""perturbation_family"": ""triangle"", ""rewires"": 0, ""triangles_affected"": 30}",0.5,0,structural_statistics_mmd,descriptor_baseline,"{""bandwidth"": 10.0, ""feature_count"": 9, ""implementation_mode"": ""descriptor_baseline"", ""kernel"": ""rbf_mmd"", ""method"": ""structural_statistics_mmd""}",triangle,deletion,5,8,8,7,13,0.5102166509758508,7.712515411854284,7.727220926839019,0.0013745679998464766,0.00409698486328125,success,
barabasi_albert,"{""edge_probability"": 0.1, ""family"": ""barabasi_albert"", ""m"": 2, ""num_blocks"": 3, ""num_graphs"": 5, ""num_nodes"": 8, ""p_in"": 0.25, ""p_out"": 0.03, ""seed"": 0}",triangle_deletion,"{""alpha"": 0.5, ""edges_added"": 0, ""edges_removed"": 30, ""graphs"": 5, ""graphs_skipped"": 0, ""graphs_success"": 5, ""method"": ""triangle_deletion"", ""perturbation_direction"": ""deletion"", ""perturbation_family"": ""triangle"", ""rewires"": 0, ""triangles_affected"": 30}",0.5,0,wl_subtree_kernel_mmd,paper_faithful,"{""implementation_mode"": ""paper_faithful"", ""method"": ""wl_subtree_kernel_mmd"", ""wl_compression"": ""shared_canonical_dictionary_per_comparison"", ""wl_feature_construction"": ""subtree_histograms_across_iterations"", ""wl_iterations"": 3, ""wl_kernel_distance_mode"": ""linear_mmd"", ""wl_label_initialization"": ""node_label_or_degree"", ""wl_node_label_key"": ""node_labels""}",triangle,deletion,5,8,8,7,13,31.6,5.621387729022079,10.141974631292225,0.002662393000719021,0.04170417785644531,success,
barabasi_albert,"{""edge_probability"": 0.1, ""family"": ""barabasi_albert"", ""m"": 2, ""num_blocks"": 3, ""num_graphs"": 5, ""num_nodes"": 8, ""p_in"": 0.25, ""p_out"": 0.03, ""seed"": 0}",triangle_deletion,"{""alpha"": 0.5, ""edges_added"": 0, ""edges_removed"": 30, ""graphs"": 5, ""graphs_skipped"": 0, ""graphs_success"": 5, ""method"": ""triangle_deletion"", ""perturbation_direction"": ""deletion"", ""perturbation_family"": ""triangle"", ""rewires"": 0, ""triangles_affected"": 30}",0.5,0,native_netlsd,paper_faithful,"{""distribution_distance"": ""l2_between_mean_signatures"", ""eigenvalue_count"": ""all"", ""eigenvalue_mode"": ""full_spectrum"", ""heat_signature"": ""heat_trace"", ""implementation_mode"": ""paper_faithful"", ""laplacian_type"": ""normalized"", ""method"": ""native_netlsd"", ""netlsd_normalization"": ""empty"", ""netlsd_time_scale_count"": 250, ""netlsd_time_scale_max"": 100.0, ""netlsd_time_scale_min"": 0.01, ""netlsd_time_scale_schedule"": ""logspace""}",triangle,deletion,5,8,8,7,13,1.5246575245895062,1.5246575245895062,1.528279431589556,0.035043287000007695,0.0920562744140625,success,
barabasi_albert,"{""edge_probability"": 0.1, ""family"": ""barabasi_albert"", ""m"": 2, ""num_blocks"": 3, ""num_graphs"": 5, ""num_nodes"": 8, ""p_in"": 0.25, ""p_out"": 0.03, ""seed"": 0}",triangle_deletion,"{""alpha"": 0.5, ""edges_added"": 0, ""edges_removed"": 30, ""graphs"": 5, ""graphs_skipped"": 0, ""graphs_success"": 5, ""method"": ""triangle_deletion"", ""perturbation_direction"": ""deletion"", ""perturbation_family"": ""triangle"", ""rewires"": 0, ""triangles_affected"": 30}",0.5,0,diversity_curves_shortest_path,paper_faithful,"{""distance_metric"": ""shortest_path"", ""distribution_distance"": ""l2_between_mean_curves"", ""diversity_contraction_mode"": ""random_edge"", ""diversity_curve_definition"": ""shortest_path_spread"", ""diversity_repetitions"": 3, ""diversity_scale_count"": ""dataset_max_nodes"", ""diversity_scale_schedule"": ""all_integer_cardinalities"", ""diversity_upsampling_enabled"": true, ""implementation_mode"": ""paper_faithful"", ""method"": ""diversity_curves_shortest_path"", ""random_seed"": 0}",triangle,deletion,5,8,8,7,13,2.5406871576345273,2.5406871576345273,2.545170045899554,0.05302741200011951,0.014787673950195312,success,
barabasi_albert,"{""edge_probability"": 0.1, ""family"": ""barabasi_albert"", ""m"": 2, ""num_blocks"": 3, ""num_graphs"": 5, ""num_nodes"": 8, ""p_in"": 0.25, ""p_out"": 0.03, ""seed"": 0}",triangle_deletion,"{""alpha"": 1.0, ""edges_added"": 0, ""edges_removed"": 53, ""graphs"": 5, ""graphs_skipped"": 0, ""graphs_success"": 5, ""method"": ""triangle_deletion"", ""perturbation_direction"": ""deletion"", ""perturbation_family"": ""triangle"", ""rewires"": 0, ""triangles_affected"": 53}",1.0,0,structural_statistics_mmd,descriptor_baseline,"{""bandwidth"": 10.0, ""feature_count"": 9, ""implementation_mode"": ""descriptor_baseline"", ""kernel"": ""rbf_mmd"", ""method"": ""structural_statistics_mmd""}",triangle,deletion,5,8,8,0,13,1.0696297501320213,12.853620424673828,12.886853969071316,0.0013649410002471996,0.00473785400390625,success,
barabasi_albert,"{""edge_probability"": 0.1, ""family"": ""barabasi_albert"", ""m"": 2, ""num_blocks"": 3, ""num_graphs"": 5, ""num_nodes"": 8, ""p_in"": 0.25, ""p_out"": 0.03, ""seed"": 0}",triangle_deletion,"{""alpha"": 1.0, ""edges_added"": 0, ""edges_removed"": 53, ""graphs"": 5, ""graphs_skipped"": 0, ""graphs_success"": 5, ""method"": ""triangle_deletion"", ""perturbation_direction"": ""deletion"", ""perturbation_family"": ""triangle"", ""rewires"": 0, ""triangles_affected"": 53}",1.0,0,wl_subtree_kernel_mmd,paper_faithful,"{""implementation_mode"": ""paper_faithful"", ""method"": ""wl_subtree_kernel_mmd"", ""wl_compression"": ""shared_canonical_dictionary_per_comparison"", ""wl_feature_construction"": ""subtree_histograms_across_iterations"", ""wl_iterations"": 3, ""wl_kernel_distance_mode"": ""linear_mmd"", ""wl_label_initialization"": ""node_label_or_degree"", ""wl_node_label_key"": ""node_labels""}",triangle,deletion,5,8,8,0,13,118.31999999999998,10.877499712709717,12.622380879039147,0.0023574699998789583,0.03553962707519531,success,
barabasi_albert,"{""edge_probability"": 0.1, ""family"": ""barabasi_albert"", ""m"": 2, ""num_blocks"": 3, ""num_graphs"": 5, ""num_nodes"": 8, ""p_in"": 0.25, ""p_out"": 0.03, ""seed"": 0}",triangle_deletion,"{""alpha"": 1.0, ""edges_added"": 0, ""edges_removed"": 53, ""graphs"": 5, ""graphs_skipped"": 0, ""graphs_success"": 5, ""method"": ""triangle_deletion"", ""perturbation_direction"": ""deletion"", ""perturbation_family"": ""triangle"", ""rewires"": 0, ""triangles_affected"": 53}",1.0,0,native_netlsd,paper_faithful,"{""distribution_distance"": ""l2_between_mean_signatures"", ""eigenvalue_count"": ""all"", ""eigenvalue_mode"": ""full_spectrum"", ""heat_signature"": ""heat_trace"", ""implementation_mode"": ""paper_faithful"", ""laplacian_type"": ""normalized"", ""method"": ""native_netlsd"", ""netlsd_normalization"": ""empty"", ""netlsd_time_scale_count"": 250, ""netlsd_time_scale_max"": 100.0, ""netlsd_time_scale_min"": 0.01, ""netlsd_time_scale_schedule"": ""logspace""}",triangle,deletion,5,8,8,0,13,6.364229378344901,6.364229378344901,6.365240348759452,0.02777600299941696,0.0920562744140625,success,
barabasi_albert,"{""edge_probability"": 0.1, ""family"": ""barabasi_albert"", ""m"": 2, ""num_blocks"": 3, ""num_graphs"": 5, ""num_nodes"": 8, ""p_in"": 0.25, ""p_out"": 0.03, ""seed"": 0}",triangle_deletion,"{""alpha"": 1.0, ""edges_added"": 0, ""edges_removed"": 53, ""graphs"": 5, ""graphs_skipped"": 0, ""graphs_success"": 5, ""method"": ""triangle_deletion"", ""perturbation_direction"": ""deletion"", ""perturbation_family"": ""triangle"", ""rewires"": 0, ""triangles_affected"": 53}",1.0,0,diversity_curves_shortest_path,paper_faithful,"{""distance_metric"": ""shortest_path"", ""distribution_distance"": ""l2_between_mean_curves"", ""diversity_contraction_mode"": ""random_edge"", ""diversity_curve_definition"": ""shortest_path_spread"", ""diversity_repetitions"": 3, ""diversity_scale_count"": ""dataset_max_nodes"", ""diversity_scale_schedule"": ""all_integer_cardinalities"", ""diversity_upsampling_enabled"": true, ""implementation_mode"": ""paper_faithful"", ""method"": ""diversity_curves_shortest_path"", ""random_seed"": 0}",triangle,deletion,5,8,8,0,13,6.640121085804638,6.640121085804638,6.665635961446535,0.04165319299954717,0.014578819274902344,success,
barabasi_albert,"{""edge_probability"": 0.1, ""family"": ""barabasi_albert"", ""m"": 2, ""num_blocks"": 3, ""num_graphs"": 5, ""num_nodes"": 8, ""p_in"": 0.25, ""p_out"": 0.03, ""seed"": 0}",community_weakening,"{""alpha"": 0.0, ""edges_added"": 0, ""edges_removed"": 0, ""graphs"": 5, ""graphs_skipped"": 5, ""graphs_success"": 0, ""method"": ""community_weakening"", ""perturbation_direction"": ""weakening"", ""perturbation_family"": ""community"", ""rewires"": 0, ""triangles_affected"": 0}",0.0,0,structural_statistics_mmd,descriptor_baseline,"{""bandwidth"": 10.0, ""feature_count"": 9, ""implementation_mode"": ""descriptor_baseline"", ""kernel"": ""rbf_mmd"", ""method"": ""structural_statistics_mmd""}",community,weakening,5,8,8,13,13,,,,0.0,,skipped,community_weakening requires community_labels metadata
barabasi_albert,"{""edge_probability"": 0.1, ""family"": ""barabasi_albert"", ""m"": 2, ""num_blocks"": 3, ""num_graphs"": 5, ""num_nodes"": 8, ""p_in"": 0.25, ""p_out"": 0.03, ""seed"": 0}",community_weakening,"{""alpha"": 0.0, ""edges_added"": 0, ""edges_removed"": 0, ""graphs"": 5, ""graphs_skipped"": 5, ""graphs_success"": 0, ""method"": ""community_weakening"", ""perturbation_direction"": ""weakening"", ""perturbation_family"": ""community"", ""rewires"": 0, ""triangles_affected"": 0}",0.0,0,wl_subtree_kernel_mmd,paper_faithful,"{""implementation_mode"": ""paper_faithful"", ""method"": ""wl_subtree_kernel_mmd"", ""wl_compression"": ""shared_canonical_dictionary_per_comparison"", ""wl_feature_construction"": ""subtree_histograms_across_iterations"", ""wl_iterations"": 3, ""wl_kernel_distance_mode"": ""linear_mmd"", ""wl_label_initialization"": ""node_label_or_degree"", ""wl_node_label_key"": ""node_labels""}",community,weakening,5,8,8,13,13,,,,0.0,,skipped,community_weakening requires community_labels metadata
barabasi_albert,"{""edge_probability"": 0.1, ""family"": ""barabasi_albert"", ""m"": 2, ""num_blocks"": 3, ""num_graphs"": 5, ""num_nodes"": 8, ""p_in"": 0.25, ""p_out"": 0.03, ""seed"": 0}",community_weakening,"{""alpha"": 0.0, ""edges_added"": 0, ""edges_removed"": 0, ""graphs"": 5, ""graphs_skipped"": 5, ""graphs_success"": 0, ""method"": ""community_weakening"", ""perturbation_direction"": ""weakening"", ""perturbation_family"": ""community"", ""rewires"": 0, ""triangles_affected"": 0}",0.0,0,native_netlsd,paper_faithful,"{""distribution_distance"": ""l2_between_mean_signatures"", ""eigenvalue_count"": ""all"", ""eigenvalue_mode"": ""full_spectrum"", ""heat_signature"": ""heat_trace"", ""implementation_mode"": ""paper_faithful"", ""laplacian_type"": ""normalized"", ""method"": ""native_netlsd"", ""netlsd_normalization"": ""empty"", ""netlsd_time_scale_count"": 250, ""netlsd_time_scale_max"": 100.0, ""netlsd_time_scale_min"": 0.01, ""netlsd_time_scale_schedule"": ""logspace""}",community,weakening,5,8,8,13,13,,,,0.0,,skipped,community_weakening requires community_labels metadata
barabasi_albert,"{""edge_probability"": 0.1, ""family"": ""barabasi_albert"", ""m"": 2, ""num_blocks"": 3, ""num_graphs"": 5, ""num_nodes"": 8, ""p_in"": 0.25, ""p_out"": 0.03, ""seed"": 0}",community_weakening,"{""alpha"": 0.0, ""edges_added"": 0, ""edges_removed"": 0, ""graphs"": 5, ""graphs_skipped"": 5, ""graphs_success"": 0, ""method"": ""community_weakening"", ""perturbation_direction"": ""weakening"", ""perturbation_family"": ""community"", ""rewires"": 0, ""triangles_affected"": 0}",0.0,0,diversity_curves_shortest_path,paper_faithful,"{""distance_metric"": ""shortest_path"", ""distribution_distance"": ""l2_between_mean_curves"", ""diversity_contraction_mode"": ""random_edge"", ""diversity_curve_definition"": ""shortest_path_spread"", ""diversity_repetitions"": 3, ""diversity_scale_count"": ""dataset_max_nodes"", ""diversity_scale_schedule"": ""all_integer_cardinalities"", ""diversity_upsampling_enabled"": true, ""implementation_mode"": ""paper_faithful"", ""method"": ""diversity_curves_shortest_path"", ""random_seed"": 0}",community,weakening,5,8,8,13,13,,,,0.0,,skipped,community_weakening requires community_labels metadata
barabasi_albert,"{""edge_probability"": 0.1, ""family"": ""barabasi_albert"", ""m"": 2, ""num_blocks"": 3, ""num_graphs"": 5, ""num_nodes"": 8, ""p_in"": 0.25, ""p_out"": 0.03, ""seed"": 0}",community_weakening,"{""alpha"": 0.5, ""edges_added"": 0, ""edges_removed"": 0, ""graphs"": 5, ""graphs_skipped"": 5, ""graphs_success"": 0, ""method"": ""community_weakening"", ""perturbation_direction"": ""weakening"", ""perturbation_family"": ""community"", ""rewires"": 0, ""triangles_affected"": 0}",0.5,0,structural_statistics_mmd,descriptor_baseline,"{""bandwidth"": 10.0, ""feature_count"": 9, ""implementation_mode"": ""descriptor_baseline"", ""kernel"": ""rbf_mmd"", ""method"": ""structural_statistics_mmd""}",community,weakening,5,8,8,13,13,,,,0.0,,skipped,community_weakening requires community_labels metadata
barabasi_albert,"{""edge_probability"": 0.1, ""family"": ""barabasi_albert"", ""m"": 2, ""num_blocks"": 3, ""num_graphs"": 5, ""num_nodes"": 8, ""p_in"": 0.25, ""p_out"": 0.03, ""seed"": 0}",community_weakening,"{""alpha"": 0.5, ""edges_added"": 0, ""edges_removed"": 0, ""graphs"": 5, ""graphs_skipped"": 5, ""graphs_success"": 0, ""method"": ""community_weakening"", ""perturbation_direction"": ""weakening"", ""perturbation_family"": ""community"", ""rewires"": 0, ""triangles_affected"": 0}",0.5,0,wl_subtree_kernel_mmd,paper_faithful,"{""implementation_mode"": ""paper_faithful"", ""method"": ""wl_subtree_kernel_mmd"", ""wl_compression"": ""shared_canonical_dictionary_per_comparison"", ""wl_feature_construction"": ""subtree_histograms_across_iterations"", ""wl_iterations"": 3, ""wl_kernel_distance_mode"": ""linear_mmd"", ""wl_label_initialization"": ""node_label_or_degree"", ""wl_node_label_key"": ""node_labels""}",community,weakening,5,8,8,13,13,,,,0.0,,skipped,community_weakening requires community_labels metadata
barabasi_albert,"{""edge_probability"": 0.1, ""family"": ""barabasi_albert"", ""m"": 2, ""num_blocks"": 3, ""num_graphs"": 5, ""num_nodes"": 8, ""p_in"": 0.25, ""p_out"": 0.03, ""seed"": 0}",community_weakening,"{""alpha"": 0.5, ""edges_added"": 0, ""edges_removed"": 0, ""graphs"": 5, ""graphs_skipped"": 5, ""graphs_success"": 0, ""method"": ""community_weakening"", ""perturbation_direction"": ""weakening"", ""perturbation_family"": ""community"", ""rewires"": 0, ""triangles_affected"": 0}",0.5,0,native_netlsd,paper_faithful,"{""distribution_distance"": ""l2_between_mean_signatures"", ""eigenvalue_count"": ""all"", ""eigenvalue_mode"": ""full_spectrum"", ""heat_signature"": ""heat_trace"", ""implementation_mode"": ""paper_faithful"", ""laplacian_type"": ""normalized"", ""method"": ""native_netlsd"", ""netlsd_normalization"": ""empty"", ""netlsd_time_scale_count"": 250, ""netlsd_time_scale_max"": 100.0, ""netlsd_time_scale_min"": 0.01, ""netlsd_time_scale_schedule"": ""logspace""}",community,weakening,5,8,8,13,13,,,,0.0,,skipped,community_weakening requires community_labels metadata
barabasi_albert,"{""edge_probability"": 0.1, ""family"": ""barabasi_albert"", ""m"": 2, ""num_blocks"": 3, ""num_graphs"": 5, ""num_nodes"": 8, ""p_in"": 0.25, ""p_out"": 0.03, ""seed"": 0}",community_weakening,"{""alpha"": 0.5, ""edges_added"": 0, ""edges_removed"": 0, ""graphs"": 5, ""graphs_skipped"": 5, ""graphs_success"": 0, ""method"": ""community_weakening"", ""perturbation_direction"": ""weakening"", ""perturbation_family"": ""community"", ""rewires"": 0, ""triangles_affected"": 0}",0.5,0,diversity_curves_shortest_path,paper_faithful,"{""distance_metric"": ""shortest_path"", ""distribution_distance"": ""l2_between_mean_curves"", ""diversity_contraction_mode"": ""random_edge"", ""diversity_curve_definition"": ""shortest_path_spread"", ""diversity_repetitions"": 3, ""diversity_scale_count"": ""dataset_max_nodes"", ""diversity_scale_schedule"": ""all_integer_cardinalities"", ""diversity_upsampling_enabled"": true, ""implementation_mode"": ""paper_faithful"", ""method"": ""diversity_curves_shortest_path"", ""random_seed"": 0}",community,weakening,5,8,8,13,13,,,,0.0,,skipped,community_weakening requires community_labels metadata
barabasi_albert,"{""edge_probability"": 0.1, ""family"": ""barabasi_albert"", ""m"": 2, ""num_blocks"": 3, ""num_graphs"": 5, ""num_nodes"": 8, ""p_in"": 0.25, ""p_out"": 0.03, ""seed"": 0}",community_weakening,"{""alpha"": 1.0, ""edges_added"": 0, ""edges_removed"": 0, ""graphs"": 5, ""graphs_skipped"": 5, ""graphs_success"": 0, ""method"": ""community_weakening"", ""perturbation_direction"": ""weakening"", ""perturbation_family"": ""community"", ""rewires"": 0, ""triangles_affected"": 0}",1.0,0,structural_statistics_mmd,descriptor_baseline,"{""bandwidth"": 10.0, ""feature_count"": 9, ""implementation_mode"": ""descriptor_baseline"", ""kernel"": ""rbf_mmd"", ""method"": ""structural_statistics_mmd""}",community,weakening,5,8,8,13,13,,,,0.0,,skipped,community_weakening requires community_labels metadata
barabasi_albert,"{""edge_probability"": 0.1, ""family"": ""barabasi_albert"", ""m"": 2, ""num_blocks"": 3, ""num_graphs"": 5, ""num_nodes"": 8, ""p_in"": 0.25, ""p_out"": 0.03, ""seed"": 0}",community_weakening,"{""alpha"": 1.0, ""edges_added"": 0, ""edges_removed"": 0, ""graphs"": 5, ""graphs_skipped"": 5, ""graphs_success"": 0, ""method"": ""community_weakening"", ""perturbation_direction"": ""weakening"", ""perturbation_family"": ""community"", ""rewires"": 0, ""triangles_affected"": 0}",1.0,0,wl_subtree_kernel_mmd,paper_faithful,"{""implementation_mode"": ""paper_faithful"", ""method"": ""wl_subtree_kernel_mmd"", ""wl_compression"": ""shared_canonical_dictionary_per_comparison"", ""wl_feature_construction"": ""subtree_histograms_across_iterations"", ""wl_iterations"": 3, ""wl_kernel_distance_mode"": ""linear_mmd"", ""wl_label_initialization"": ""node_label_or_degree"", ""wl_node_label_key"": ""node_labels""}",community,weakening,5,8,8,13,13,,,,0.0,,skipped,community_weakening requires community_labels metadata
barabasi_albert,"{""edge_probability"": 0.1, ""family"": ""barabasi_albert"", ""m"": 2, ""num_blocks"": 3, ""num_graphs"": 5, ""num_nodes"": 8, ""p_in"": 0.25, ""p_out"": 0.03, ""seed"": 0}",community_weakening,"{""alpha"": 1.0, ""edges_added"": 0, ""edges_removed"": 0, ""graphs"": 5, ""graphs_skipped"": 5, ""graphs_success"": 0, ""method"": ""community_weakening"", ""perturbation_direction"": ""weakening"", ""perturbation_family"": ""community"", ""rewires"": 0, ""triangles_affected"": 0}",1.0,0,native_netlsd,paper_faithful,"{""distribution_distance"": ""l2_between_mean_signatures"", ""eigenvalue_count"": ""all"", ""eigenvalue_mode"": ""full_spectrum"", ""heat_signature"": ""heat_trace"", ""implementation_mode"": ""paper_faithful"", ""laplacian_type"": ""normalized"", ""method"": ""native_netlsd"", ""netlsd_normalization"": ""empty"", ""netlsd_time_scale_count"": 250, ""netlsd_time_scale_max"": 100.0, ""netlsd_time_scale_min"": 0.01, ""netlsd_time_scale_schedule"": ""logspace""}",community,weakening,5,8,8,13,13,,,,0.0,,skipped,community_weakening requires community_labels metadata
barabasi_albert,"{""edge_probability"": 0.1, ""family"": ""barabasi_albert"", ""m"": 2, ""num_blocks"": 3, ""num_graphs"": 5, ""num_nodes"": 8, ""p_in"": 0.25, ""p_out"": 0.03, ""seed"": 0}",community_weakening,"{""alpha"": 1.0, ""edges_added"": 0, ""edges_removed"": 0, ""graphs"": 5, ""graphs_skipped"": 5, ""graphs_success"": 0, ""method"": ""community_weakening"", ""perturbation_direction"": ""weakening"", ""perturbation_family"": ""community"", ""rewires"": 0, ""triangles_affected"": 0}",1.0,0,diversity_curves_shortest_path,paper_faithful,"{""distance_metric"": ""shortest_path"", ""distribution_distance"": ""l2_between_mean_curves"", ""diversity_contraction_mode"": ""random_edge"", ""diversity_curve_definition"": ""shortest_path_spread"", ""diversity_repetitions"": 3, ""diversity_scale_count"": ""dataset_max_nodes"", ""diversity_scale_schedule"": ""all_integer_cardinalities"", ""diversity_upsampling_enabled"": true, ""implementation_mode"": ""paper_faithful"", ""method"": ""diversity_curves_shortest_path"", ""random_seed"": 0}",community,weakening,5,8,8,13,13,,,,0.0,,skipped,community_weakening requires community_labels metadata
barabasi_albert,"{""edge_probability"": 0.1, ""family"": ""barabasi_albert"", ""m"": 2, ""num_blocks"": 3, ""num_graphs"": 5, ""num_nodes"": 8, ""p_in"": 0.25, ""p_out"": 0.03, ""seed"": 0}",hub_modification,"{""alpha"": 0.0, ""edges_added"": 0, ""edges_removed"": 0, ""graphs"": 5, ""graphs_skipped"": 0, ""graphs_success"": 5, ""method"": ""hub_modification"", ""perturbation_direction"": ""modification"", ""perturbation_family"": ""hub"", ""rewires"": 0, ""triangles_affected"": 0}",0.0,0,structural_statistics_mmd,descriptor_baseline,"{""bandwidth"": 10.0, ""feature_count"": 9, ""implementation_mode"": ""descriptor_baseline"", ""kernel"": ""rbf_mmd"", ""method"": ""structural_statistics_mmd""}",hub,modification,5,8,8,13,13,0.0,0.0,0.0,0.0015033600002425374,0.003143310546875,success,
barabasi_albert,"{""edge_probability"": 0.1, ""family"": ""barabasi_albert"", ""m"": 2, ""num_blocks"": 3, ""num_graphs"": 5, ""num_nodes"": 8, ""p_in"": 0.25, ""p_out"": 0.03, ""seed"": 0}",hub_modification,"{""alpha"": 0.0, ""edges_added"": 0, ""edges_removed"": 0, ""graphs"": 5, ""graphs_skipped"": 0, ""graphs_success"": 5, ""method"": ""hub_modification"", ""perturbation_direction"": ""modification"", ""perturbation_family"": ""hub"", ""rewires"": 0, ""triangles_affected"": 0}",0.0,0,wl_subtree_kernel_mmd,paper_faithful,"{""implementation_mode"": ""paper_faithful"", ""method"": ""wl_subtree_kernel_mmd"", ""wl_compression"": ""shared_canonical_dictionary_per_comparison"", ""wl_feature_construction"": ""subtree_histograms_across_iterations"", ""wl_iterations"": 3, ""wl_kernel_distance_mode"": ""linear_mmd"", ""wl_label_initialization"": ""node_label_or_degree"", ""wl_node_label_key"": ""node_labels""}",hub,modification,5,8,8,13,13,0.0,0.0,0.0,0.0023500449997300166,0.05042266845703125,success,
barabasi_albert,"{""edge_probability"": 0.1, ""family"": ""barabasi_albert"", ""m"": 2, ""num_blocks"": 3, ""num_graphs"": 5, ""num_nodes"": 8, ""p_in"": 0.25, ""p_out"": 0.03, ""seed"": 0}",hub_modification,"{""alpha"": 0.0, ""edges_added"": 0, ""edges_removed"": 0, ""graphs"": 5, ""graphs_skipped"": 0, ""graphs_success"": 5, ""method"": ""hub_modification"", ""perturbation_direction"": ""modification"", ""perturbation_family"": ""hub"", ""rewires"": 0, ""triangles_affected"": 0}",0.0,0,native_netlsd,paper_faithful,"{""distribution_distance"": ""l2_between_mean_signatures"", ""eigenvalue_count"": ""all"", ""eigenvalue_mode"": ""full_spectrum"", ""heat_signature"": ""heat_trace"", ""implementation_mode"": ""paper_faithful"", ""laplacian_type"": ""normalized"", ""method"": ""native_netlsd"", ""netlsd_normalization"": ""empty"", ""netlsd_time_scale_count"": 250, ""netlsd_time_scale_max"": 100.0, ""netlsd_time_scale_min"": 0.01, ""netlsd_time_scale_schedule"": ""logspace""}",hub,modification,5,8,8,13,13,0.0,0.0,0.0,0.03920348099927651,0.0920562744140625,success,
barabasi_albert,"{""edge_probability"": 0.1, ""family"": ""barabasi_albert"", ""m"": 2, ""num_blocks"": 3, ""num_graphs"": 5, ""num_nodes"": 8, ""p_in"": 0.25, ""p_out"": 0.03, ""seed"": 0}",hub_modification,"{""alpha"": 0.0, ""edges_added"": 0, ""edges_removed"": 0, ""graphs"": 5, ""graphs_skipped"": 0, ""graphs_success"": 5, ""method"": ""hub_modification"", ""perturbation_direction"": ""modification"", ""perturbation_family"": ""hub"", ""rewires"": 0, ""triangles_affected"": 0}",0.0,0,diversity_curves_shortest_path,paper_faithful,"{""distance_metric"": ""shortest_path"", ""distribution_distance"": ""l2_between_mean_curves"", ""diversity_contraction_mode"": ""random_edge"", ""diversity_curve_definition"": ""shortest_path_spread"", ""diversity_repetitions"": 3, ""diversity_scale_count"": ""dataset_max_nodes"", ""diversity_scale_schedule"": ""all_integer_cardinalities"", ""diversity_upsampling_enabled"": true, ""implementation_mode"": ""paper_faithful"", ""method"": ""diversity_curves_shortest_path"", ""random_seed"": 0}",hub,modification,5,8,8,13,13,0.0,0.0,0.0,0.06683896800041111,0.016501426696777344,success,
barabasi_albert,"{""edge_probability"": 0.1, ""family"": ""barabasi_albert"", ""m"": 2, ""num_blocks"": 3, ""num_graphs"": 5, ""num_nodes"": 8, ""p_in"": 0.25, ""p_out"": 0.03, ""seed"": 0}",hub_modification,"{""alpha"": 0.5, ""edges_added"": 8, ""edges_removed"": 27, ""graphs"": 5, ""graphs_skipped"": 0, ""graphs_success"": 5, ""method"": ""hub_modification"", ""perturbation_direction"": ""modification"", ""perturbation_family"": ""hub"", ""rewires"": 8, ""triangles_affected"": 0}",0.5,0,structural_statistics_mmd,descriptor_baseline,"{""bandwidth"": 10.0, ""feature_count"": 9, ""implementation_mode"": ""descriptor_baseline"", ""kernel"": ""rbf_mmd"", ""method"": ""structural_statistics_mmd""}",hub,modification,5,8,8,8,13,0.2856449820009226,5.649768452018471,5.700265428510632,0.0014853660004519043,0.003143310546875,success,
barabasi_albert,"{""edge_probability"": 0.1, ""family"": ""barabasi_albert"", ""m"": 2, ""num_blocks"": 3, ""num_graphs"": 5, ""num_nodes"": 8, ""p_in"": 0.25, ""p_out"": 0.03, ""seed"": 0}",hub_modification,"{""alpha"": 0.5, ""edges_added"": 8, ""edges_removed"": 27, ""graphs"": 5, ""graphs_skipped"": 0, ""graphs_success"": 5, ""method"": ""hub_modification"", ""perturbation_direction"": ""modification"", ""perturbation_family"": ""hub"", ""rewires"": 8, ""triangles_affected"": 0}",0.5,0,wl_subtree_kernel_mmd,paper_faithful,"{""implementation_mode"": ""paper_faithful"", ""method"": ""wl_subtree_kernel_mmd"", ""wl_compression"": ""shared_canonical_dictionary_per_comparison"", ""wl_feature_construction"": ""subtree_histograms_across_iterations"", ""wl_iterations"": 3, ""wl_kernel_distance_mode"": ""linear_mmd"", ""wl_label_initialization"": ""node_label_or_degree"", ""wl_node_label_key"": ""node_labels""}",hub,modification,5,8,8,8,13,20.56,4.534313619501853,8.906322004026165,0.0030083550000199466,0.0475616455078125,success,
barabasi_albert,"{""edge_probability"": 0.1, ""family"": ""barabasi_albert"", ""m"": 2, ""num_blocks"": 3, ""num_graphs"": 5, ""num_nodes"": 8, ""p_in"": 0.25, ""p_out"": 0.03, ""seed"": 0}",hub_modification,"{""alpha"": 0.5, ""edges_added"": 8, ""edges_removed"": 27, ""graphs"": 5, ""graphs_skipped"": 0, ""graphs_success"": 5, ""method"": ""hub_modification"", ""perturbation_direction"": ""modification"", ""perturbation_family"": ""hub"", ""rewires"": 8, ""triangles_affected"": 0}",0.5,0,native_netlsd,paper_faithful,"{""distribution_distance"": ""l2_between_mean_signatures"", ""eigenvalue_count"": ""all"", ""eigenvalue_mode"": ""full_spectrum"", ""heat_signature"": ""heat_trace"", ""implementation_mode"": ""paper_faithful"", ""laplacian_type"": ""normalized"", ""method"": ""native_netlsd"", ""netlsd_normalization"": ""empty"", ""netlsd_time_scale_count"": 250, ""netlsd_time_scale_max"": 100.0, ""netlsd_time_scale_min"": 0.01, ""netlsd_time_scale_schedule"": ""logspace""}",hub,modification,5,8,8,8,13,0.20643431140519966,0.20643431140519966,0.2073516978622027,0.03892408399951819,0.0920562744140625,success,
barabasi_albert,"{""edge_probability"": 0.1, ""family"": ""barabasi_albert"", ""m"": 2, ""num_blocks"": 3, ""num_graphs"": 5, ""num_nodes"": 8, ""p_in"": 0.25, ""p_out"": 0.03, ""seed"": 0}",hub_modification,"{""alpha"": 0.5, ""edges_added"": 8, ""edges_removed"": 27, ""graphs"": 5, ""graphs_skipped"": 0, ""graphs_success"": 5, ""method"": ""hub_modification"", ""perturbation_direction"": ""modification"", ""perturbation_family"": ""hub"", ""rewires"": 8, ""triangles_affected"": 0}",0.5,0,diversity_curves_shortest_path,paper_faithful,"{""distance_metric"": ""shortest_path"", ""distribution_distance"": ""l2_between_mean_curves"", ""diversity_contraction_mode"": ""random_edge"", ""diversity_curve_definition"": ""shortest_path_spread"", ""diversity_repetitions"": 3, ""diversity_scale_count"": ""dataset_max_nodes"", ""diversity_scale_schedule"": ""all_integer_cardinalities"", ""diversity_upsampling_enabled"": true, ""implementation_mode"": ""paper_faithful"", ""method"": ""diversity_curves_shortest_path"", ""random_seed"": 0}",hub,modification,5,8,8,8,13,0.722931871430304,0.722931871430304,0.7296289541812252,0.06011253300039243,0.015402793884277344,success,
barabasi_albert,"{""edge_probability"": 0.1, ""family"": ""barabasi_albert"", ""m"": 2, ""num_blocks"": 3, ""num_graphs"": 5, ""num_nodes"": 8, ""p_in"": 0.25, ""p_out"": 0.03, ""seed"": 0}",hub_modification,"{""alpha"": 1.0, ""edges_added"": 8, ""edges_removed"": 27, ""graphs"": 5, ""graphs_skipped"": 0, ""graphs_success"": 5, ""method"": ""hub_modification"", ""perturbation_direction"": ""modification"", ""perturbation_family"": ""hub"", ""rewires"": 8, ""triangles_affected"": 0}",1.0,0,structural_statistics_mmd,descriptor_baseline,"{""bandwidth"": 10.0, ""feature_count"": 9, ""implementation_mode"": ""descriptor_baseline"", ""kernel"": ""rbf_mmd"", ""method"": ""structural_statistics_mmd""}",hub,modification,5,8,8,8,13,0.2856449820009226,5.649768452018471,5.700265428510632,0.001389175999975123,0.003143310546875,success,
barabasi_albert,"{""edge_probability"": 0.1, ""family"": ""barabasi_albert"", ""m"": 2, ""num_blocks"": 3, ""num_graphs"": 5, ""num_nodes"": 8, ""p_in"": 0.25, ""p_out"": 0.03, ""seed"": 0}",hub_modification,"{""alpha"": 1.0, ""edges_added"": 8, ""edges_removed"": 27, ""graphs"": 5, ""graphs_skipped"": 0, ""graphs_success"": 5, ""method"": ""hub_modification"", ""perturbation_direction"": ""modification"", ""perturbation_family"": ""hub"", ""rewires"": 8, ""triangles_affected"": 0}",1.0,0,wl_subtree_kernel_mmd,paper_faithful,"{""implementation_mode"": ""paper_faithful"", ""method"": ""wl_subtree_kernel_mmd"", ""wl_compression"": ""shared_canonical_dictionary_per_comparison"", ""wl_feature_construction"": ""subtree_histograms_across_iterations"", ""wl_iterations"": 3, ""wl_kernel_distance_mode"": ""linear_mmd"", ""wl_label_initialization"": ""node_label_or_degree"", ""wl_node_label_key"": ""node_labels""}",hub,modification,5,8,8,8,13,20.56,4.534313619501853,8.906322004026165,0.00296840900045936,0.0475616455078125,success,
barabasi_albert,"{""edge_probability"": 0.1, ""family"": ""barabasi_albert"", ""m"": 2, ""num_blocks"": 3, ""num_graphs"": 5, ""num_nodes"": 8, ""p_in"": 0.25, ""p_out"": 0.03, ""seed"": 0}",hub_modification,"{""alpha"": 1.0, ""edges_added"": 8, ""edges_removed"": 27, ""graphs"": 5, ""graphs_skipped"": 0, ""graphs_success"": 5, ""method"": ""hub_modification"", ""perturbation_direction"": ""modification"", ""perturbation_family"": ""hub"", ""rewires"": 8, ""triangles_affected"": 0}",1.0,0,native_netlsd,paper_faithful,"{""distribution_distance"": ""l2_between_mean_signatures"", ""eigenvalue_count"": ""all"", ""eigenvalue_mode"": ""full_spectrum"", ""heat_signature"": ""heat_trace"", ""implementation_mode"": ""paper_faithful"", ""laplacian_type"": ""normalized"", ""method"": ""native_netlsd"", ""netlsd_normalization"": ""empty"", ""netlsd_time_scale_count"": 250, ""netlsd_time_scale_max"": 100.0, ""netlsd_time_scale_min"": 0.01, ""netlsd_time_scale_schedule"": ""logspace""}",hub,modification,5,8,8,8,13,0.20643431140519966,0.20643431140519966,0.2073516978622027,0.039808339000046544,0.0920562744140625,success,
barabasi_albert,"{""edge_probability"": 0.1, ""family"": ""barabasi_albert"", ""m"": 2, ""num_blocks"": 3, ""num_graphs"": 5, ""num_nodes"": 8, ""p_in"": 0.25, ""p_out"": 0.03, ""seed"": 0}",hub_modification,"{""alpha"": 1.0, ""edges_added"": 8, ""edges_removed"": 27, ""graphs"": 5, ""graphs_skipped"": 0, ""graphs_success"": 5, ""method"": ""hub_modification"", ""perturbation_direction"": ""modification"", ""perturbation_family"": ""hub"", ""rewires"": 8, ""triangles_affected"": 0}",1.0,0,diversity_curves_shortest_path,paper_faithful,"{""distance_metric"": ""shortest_path"", ""distribution_distance"": ""l2_between_mean_curves"", ""diversity_contraction_mode"": ""random_edge"", ""diversity_curve_definition"": ""shortest_path_spread"", ""diversity_repetitions"": 3, ""diversity_scale_count"": ""dataset_max_nodes"", ""diversity_scale_schedule"": ""all_integer_cardinalities"", ""diversity_upsampling_enabled"": true, ""implementation_mode"": ""paper_faithful"", ""method"": ""diversity_curves_shortest_path"", ""random_seed"": 0}",hub,modification,5,8,8,8,13,0.722931871430304,0.722931871430304,0.7296289541812252,0.05981643500035716,0.015402793884277344,success,
