2026-06-15 23:26:29,746 INFO run_start result_path=outputs/full_fidelity_experiment/results/results.csv resume=False rerun_failed=False completed=0 total=3960 device=cpu
2026-06-15 23:32:16,245 INFO row_complete 1/3960 dataset=erdos_renyi perturbation=edge_insertion alpha=0.0 seed=0 workflow=structural_statistics_mmd status=success
2026-06-15 23:32:16,246 INFO row_complete 2/3960 dataset=erdos_renyi perturbation=edge_insertion alpha=0.0 seed=0 workflow=wl_subtree_kernel_mmd status=success
2026-06-15 23:32:16,247 INFO row_complete 3/3960 dataset=erdos_renyi perturbation=edge_insertion alpha=0.0 seed=0 workflow=native_netlsd status=success
2026-06-15 23:32:16,248 INFO row_complete 4/3960 dataset=erdos_renyi perturbation=edge_insertion alpha=0.0 seed=0 workflow=diversity_curves_shortest_path status=success
2026-06-15 23:38:09,309 INFO row_complete 5/3960 dataset=erdos_renyi perturbation=edge_insertion alpha=0.1 seed=0 workflow=structural_statistics_mmd status=success
2026-06-15 23:38:09,310 INFO row_complete 6/3960 dataset=erdos_renyi perturbation=edge_insertion alpha=0.1 seed=0 workflow=wl_subtree_kernel_mmd status=success
2026-06-15 23:38:09,311 INFO row_complete 7/3960 dataset=erdos_renyi perturbation=edge_insertion alpha=0.1 seed=0 workflow=native_netlsd status=success
2026-06-15 23:38:09,311 INFO row_complete 8/3960 dataset=erdos_renyi perturbation=edge_insertion alpha=0.1 seed=0 workflow=diversity_curves_shortest_path status=success
2026-06-15 23:44:01,168 INFO row_complete 9/3960 dataset=erdos_renyi perturbation=edge_insertion alpha=0.2 seed=0 workflow=structural_statistics_mmd status=success
2026-06-15 23:44:01,169 INFO row_complete 10/3960 dataset=erdos_renyi perturbation=edge_insertion alpha=0.2 seed=0 workflow=wl_subtree_kernel_mmd status=success
2026-06-15 23:44:01,170 INFO row_complete 11/3960 dataset=erdos_renyi perturbation=edge_insertion alpha=0.2 seed=0 workflow=native_netlsd status=success
2026-06-15 23:44:01,171 INFO row_complete 12/3960 dataset=erdos_renyi perturbation=edge_insertion alpha=0.2 seed=0 workflow=diversity_curves_shortest_path status=success
2026-06-15 23:50:14,892 INFO row_complete 13/3960 dataset=erdos_renyi perturbation=edge_insertion alpha=0.3 seed=0 workflow=structural_statistics_mmd status=success
2026-06-15 23:50:14,893 INFO row_complete 14/3960 dataset=erdos_renyi perturbation=edge_insertion alpha=0.3 seed=0 workflow=wl_subtree_kernel_mmd status=success
2026-06-15 23:50:14,894 INFO row_complete 15/3960 dataset=erdos_renyi perturbation=edge_insertion alpha=0.3 seed=0 workflow=native_netlsd status=success
2026-06-15 23:50:14,895 INFO row_complete 16/3960 dataset=erdos_renyi perturbation=edge_insertion alpha=0.3 seed=0 workflow=diversity_curves_shortest_path status=success
2026-06-15 23:56:45,237 INFO row_complete 17/3960 dataset=erdos_renyi perturbation=edge_insertion alpha=0.4 seed=0 workflow=structural_statistics_mmd status=success
2026-06-15 23:56:45,238 INFO row_complete 18/3960 dataset=erdos_renyi perturbation=edge_insertion alpha=0.4 seed=0 workflow=wl_subtree_kernel_mmd status=success
2026-06-15 23:56:45,239 INFO row_complete 19/3960 dataset=erdos_renyi perturbation=edge_insertion alpha=0.4 seed=0 workflow=native_netlsd status=success
2026-06-15 23:56:45,240 INFO row_complete 20/3960 dataset=erdos_renyi perturbation=edge_insertion alpha=0.4 seed=0 workflow=diversity_curves_shortest_path status=success
2026-06-16 00:03:34,204 INFO row_complete 21/3960 dataset=erdos_renyi perturbation=edge_insertion alpha=0.5 seed=0 workflow=structural_statistics_mmd status=success
2026-06-16 00:03:34,205 INFO row_complete 22/3960 dataset=erdos_renyi perturbation=edge_insertion alpha=0.5 seed=0 workflow=wl_subtree_kernel_mmd status=success
2026-06-16 00:03:34,206 INFO row_complete 23/3960 dataset=erdos_renyi perturbation=edge_insertion alpha=0.5 seed=0 workflow=native_netlsd status=success
2026-06-16 00:03:34,207 INFO row_complete 24/3960 dataset=erdos_renyi perturbation=edge_insertion alpha=0.5 seed=0 workflow=diversity_curves_shortest_path status=success
2026-06-16 08:31:36,350 INFO row_complete 25/3960 dataset=erdos_renyi perturbation=edge_insertion alpha=0.6 seed=0 workflow=structural_statistics_mmd status=success
2026-06-16 08:31:36,351 INFO row_complete 26/3960 dataset=erdos_renyi perturbation=edge_insertion alpha=0.6 seed=0 workflow=wl_subtree_kernel_mmd status=success
2026-06-16 08:31:36,352 INFO row_complete 27/3960 dataset=erdos_renyi perturbation=edge_insertion alpha=0.6 seed=0 workflow=native_netlsd status=success
2026-06-16 08:31:36,352 INFO row_complete 28/3960 dataset=erdos_renyi perturbation=edge_insertion alpha=0.6 seed=0 workflow=diversity_curves_shortest_path status=success
2026-06-16 08:39:04,444 INFO row_complete 29/3960 dataset=erdos_renyi perturbation=edge_insertion alpha=0.7 seed=0 workflow=structural_statistics_mmd status=success
2026-06-16 08:39:04,445 INFO row_complete 30/3960 dataset=erdos_renyi perturbation=edge_insertion alpha=0.7 seed=0 workflow=wl_subtree_kernel_mmd status=success
2026-06-16 08:39:04,446 INFO row_complete 31/3960 dataset=erdos_renyi perturbation=edge_insertion alpha=0.7 seed=0 workflow=native_netlsd status=success
2026-06-16 08:39:04,447 INFO row_complete 32/3960 dataset=erdos_renyi perturbation=edge_insertion alpha=0.7 seed=0 workflow=diversity_curves_shortest_path status=success
2026-06-16 08:46:55,033 INFO row_complete 33/3960 dataset=erdos_renyi perturbation=edge_insertion alpha=0.8 seed=0 workflow=structural_statistics_mmd status=success
2026-06-16 08:46:55,034 INFO row_complete 34/3960 dataset=erdos_renyi perturbation=edge_insertion alpha=0.8 seed=0 workflow=wl_subtree_kernel_mmd status=success
2026-06-16 08:46:55,035 INFO row_complete 35/3960 dataset=erdos_renyi perturbation=edge_insertion alpha=0.8 seed=0 workflow=native_netlsd status=success
2026-06-16 08:46:55,035 INFO row_complete 36/3960 dataset=erdos_renyi perturbation=edge_insertion alpha=0.8 seed=0 workflow=diversity_curves_shortest_path status=success
2026-06-16 08:55:09,927 INFO row_complete 37/3960 dataset=erdos_renyi perturbation=edge_insertion alpha=0.9 seed=0 workflow=structural_statistics_mmd status=success
2026-06-16 08:55:09,928 INFO row_complete 38/3960 dataset=erdos_renyi perturbation=edge_insertion alpha=0.9 seed=0 workflow=wl_subtree_kernel_mmd status=success
2026-06-16 08:55:09,929 INFO row_complete 39/3960 dataset=erdos_renyi perturbation=edge_insertion alpha=0.9 seed=0 workflow=native_netlsd status=success
2026-06-16 08:55:09,930 INFO row_complete 40/3960 dataset=erdos_renyi perturbation=edge_insertion alpha=0.9 seed=0 workflow=diversity_curves_shortest_path status=success
2026-06-16 09:03:52,236 INFO row_complete 41/3960 dataset=erdos_renyi perturbation=edge_insertion alpha=1.0 seed=0 workflow=structural_statistics_mmd status=success
2026-06-16 09:03:52,237 INFO row_complete 42/3960 dataset=erdos_renyi perturbation=edge_insertion alpha=1.0 seed=0 workflow=wl_subtree_kernel_mmd status=success
2026-06-16 09:03:52,238 INFO row_complete 43/3960 dataset=erdos_renyi perturbation=edge_insertion alpha=1.0 seed=0 workflow=native_netlsd status=success
2026-06-16 09:03:52,239 INFO row_complete 44/3960 dataset=erdos_renyi perturbation=edge_insertion alpha=1.0 seed=0 workflow=diversity_curves_shortest_path status=success
2026-06-16 09:09:15,124 INFO row_complete 45/3960 dataset=erdos_renyi perturbation=edge_deletion alpha=0.0 seed=0 workflow=structural_statistics_mmd status=success
2026-06-16 09:09:15,125 INFO row_complete 46/3960 dataset=erdos_renyi perturbation=edge_deletion alpha=0.0 seed=0 workflow=wl_subtree_kernel_mmd status=success
2026-06-16 09:09:15,125 INFO row_complete 47/3960 dataset=erdos_renyi perturbation=edge_deletion alpha=0.0 seed=0 workflow=native_netlsd status=success
2026-06-16 09:09:15,126 INFO row_complete 48/3960 dataset=erdos_renyi perturbation=edge_deletion alpha=0.0 seed=0 workflow=diversity_curves_shortest_path status=success
2026-06-16 09:14:25,474 INFO row_complete 49/3960 dataset=erdos_renyi perturbation=edge_deletion alpha=0.1 seed=0 workflow=structural_statistics_mmd status=success
2026-06-16 09:14:25,475 INFO row_complete 50/3960 dataset=erdos_renyi perturbation=edge_deletion alpha=0.1 seed=0 workflow=wl_subtree_kernel_mmd status=success
2026-06-16 09:14:25,476 INFO row_complete 51/3960 dataset=erdos_renyi perturbation=edge_deletion alpha=0.1 seed=0 workflow=native_netlsd status=success
2026-06-16 09:14:25,477 INFO row_complete 52/3960 dataset=erdos_renyi perturbation=edge_deletion alpha=0.1 seed=0 workflow=diversity_curves_shortest_path status=success
2026-06-16 09:19:20,235 INFO row_complete 53/3960 dataset=erdos_renyi perturbation=edge_deletion alpha=0.2 seed=0 workflow=structural_statistics_mmd status=success
2026-06-16 09:19:20,236 INFO row_complete 54/3960 dataset=erdos_renyi perturbation=edge_deletion alpha=0.2 seed=0 workflow=wl_subtree_kernel_mmd status=success
2026-06-16 09:19:20,237 INFO row_complete 55/3960 dataset=erdos_renyi perturbation=edge_deletion alpha=0.2 seed=0 workflow=native_netlsd status=success
2026-06-16 09:19:20,238 INFO row_complete 56/3960 dataset=erdos_renyi perturbation=edge_deletion alpha=0.2 seed=0 workflow=diversity_curves_shortest_path status=success
2026-06-16 09:24:02,589 INFO row_complete 57/3960 dataset=erdos_renyi perturbation=edge_deletion alpha=0.3 seed=0 workflow=structural_statistics_mmd status=success
2026-06-16 09:24:02,590 INFO row_complete 58/3960 dataset=erdos_renyi perturbation=edge_deletion alpha=0.3 seed=0 workflow=wl_subtree_kernel_mmd status=success
2026-06-16 09:24:02,590 INFO row_complete 59/3960 dataset=erdos_renyi perturbation=edge_deletion alpha=0.3 seed=0 workflow=native_netlsd status=success
2026-06-16 09:24:02,591 INFO row_complete 60/3960 dataset=erdos_renyi perturbation=edge_deletion alpha=0.3 seed=0 workflow=diversity_curves_shortest_path status=success
2026-06-16 09:28:31,552 INFO row_complete 61/3960 dataset=erdos_renyi perturbation=edge_deletion alpha=0.4 seed=0 workflow=structural_statistics_mmd status=success
2026-06-16 09:28:31,554 INFO row_complete 62/3960 dataset=erdos_renyi perturbation=edge_deletion alpha=0.4 seed=0 workflow=wl_subtree_kernel_mmd status=success
2026-06-16 09:28:31,554 INFO row_complete 63/3960 dataset=erdos_renyi perturbation=edge_deletion alpha=0.4 seed=0 workflow=native_netlsd status=success
2026-06-16 09:28:31,555 INFO row_complete 64/3960 dataset=erdos_renyi perturbation=edge_deletion alpha=0.4 seed=0 workflow=diversity_curves_shortest_path status=success
2026-06-16 09:32:48,454 INFO row_complete 65/3960 dataset=erdos_renyi perturbation=edge_deletion alpha=0.5 seed=0 workflow=structural_statistics_mmd status=success
2026-06-16 09:32:48,455 INFO row_complete 66/3960 dataset=erdos_renyi perturbation=edge_deletion alpha=0.5 seed=0 workflow=wl_subtree_kernel_mmd status=success
2026-06-16 09:32:48,456 INFO row_complete 67/3960 dataset=erdos_renyi perturbation=edge_deletion alpha=0.5 seed=0 workflow=native_netlsd status=success
2026-06-16 09:32:48,457 INFO row_complete 68/3960 dataset=erdos_renyi perturbation=edge_deletion alpha=0.5 seed=0 workflow=diversity_curves_shortest_path status=success
2026-06-16 09:36:53,490 INFO row_complete 69/3960 dataset=erdos_renyi perturbation=edge_deletion alpha=0.6 seed=0 workflow=structural_statistics_mmd status=success
2026-06-16 09:36:53,491 INFO row_complete 70/3960 dataset=erdos_renyi perturbation=edge_deletion alpha=0.6 seed=0 workflow=wl_subtree_kernel_mmd status=success
2026-06-16 09:36:53,494 INFO row_complete 71/3960 dataset=erdos_renyi perturbation=edge_deletion alpha=0.6 seed=0 workflow=native_netlsd status=success
2026-06-16 09:36:53,495 INFO row_complete 72/3960 dataset=erdos_renyi perturbation=edge_deletion alpha=0.6 seed=0 workflow=diversity_curves_shortest_path status=success
2026-06-16 09:40:45,900 INFO row_complete 73/3960 dataset=erdos_renyi perturbation=edge_deletion alpha=0.7 seed=0 workflow=structural_statistics_mmd status=success
2026-06-16 09:40:45,901 INFO row_complete 74/3960 dataset=erdos_renyi perturbation=edge_deletion alpha=0.7 seed=0 workflow=wl_subtree_kernel_mmd status=success
2026-06-16 09:40:45,902 INFO row_complete 75/3960 dataset=erdos_renyi perturbation=edge_deletion alpha=0.7 seed=0 workflow=native_netlsd status=success
2026-06-16 09:40:45,903 INFO row_complete 76/3960 dataset=erdos_renyi perturbation=edge_deletion alpha=0.7 seed=0 workflow=diversity_curves_shortest_path status=success
2026-06-16 09:44:08,292 INFO row_complete 77/3960 dataset=erdos_renyi perturbation=edge_deletion alpha=0.8 seed=0 workflow=structural_statistics_mmd status=success
2026-06-16 09:44:08,293 INFO row_complete 78/3960 dataset=erdos_renyi perturbation=edge_deletion alpha=0.8 seed=0 workflow=wl_subtree_kernel_mmd status=success
2026-06-16 09:44:08,295 INFO row_complete 79/3960 dataset=erdos_renyi perturbation=edge_deletion alpha=0.8 seed=0 workflow=native_netlsd status=success
2026-06-16 09:44:08,296 INFO row_complete 80/3960 dataset=erdos_renyi perturbation=edge_deletion alpha=0.8 seed=0 workflow=diversity_curves_shortest_path status=success
2026-06-16 09:47:02,088 INFO row_complete 81/3960 dataset=erdos_renyi perturbation=edge_deletion alpha=0.9 seed=0 workflow=structural_statistics_mmd status=success
2026-06-16 09:47:02,089 INFO row_complete 82/3960 dataset=erdos_renyi perturbation=edge_deletion alpha=0.9 seed=0 workflow=wl_subtree_kernel_mmd status=success
2026-06-16 09:47:02,091 INFO row_complete 83/3960 dataset=erdos_renyi perturbation=edge_deletion alpha=0.9 seed=0 workflow=native_netlsd status=success
2026-06-16 09:47:02,091 INFO row_complete 84/3960 dataset=erdos_renyi perturbation=edge_deletion alpha=0.9 seed=0 workflow=diversity_curves_shortest_path status=success
2026-06-16 09:49:48,567 INFO row_complete 85/3960 dataset=erdos_renyi perturbation=edge_deletion alpha=1.0 seed=0 workflow=structural_statistics_mmd status=success
2026-06-16 09:49:48,568 INFO row_complete 86/3960 dataset=erdos_renyi perturbation=edge_deletion alpha=1.0 seed=0 workflow=wl_subtree_kernel_mmd status=success
2026-06-16 09:49:48,569 INFO row_complete 87/3960 dataset=erdos_renyi perturbation=edge_deletion alpha=1.0 seed=0 workflow=native_netlsd status=success
2026-06-16 09:49:48,570 INFO row_complete 88/3960 dataset=erdos_renyi perturbation=edge_deletion alpha=1.0 seed=0 workflow=diversity_curves_shortest_path status=success
2026-06-16 09:55:10,772 INFO row_complete 89/3960 dataset=erdos_renyi perturbation=triangle_insertion alpha=0.0 seed=0 workflow=structural_statistics_mmd status=success
2026-06-16 09:55:10,773 INFO row_complete 90/3960 dataset=erdos_renyi perturbation=triangle_insertion alpha=0.0 seed=0 workflow=wl_subtree_kernel_mmd status=success
2026-06-16 09:55:10,774 INFO row_complete 91/3960 dataset=erdos_renyi perturbation=triangle_insertion alpha=0.0 seed=0 workflow=native_netlsd status=success
2026-06-16 09:55:10,774 INFO row_complete 92/3960 dataset=erdos_renyi perturbation=triangle_insertion alpha=0.0 seed=0 workflow=diversity_curves_shortest_path status=success
2026-06-16 10:00:45,038 INFO row_complete 93/3960 dataset=erdos_renyi perturbation=triangle_insertion alpha=0.1 seed=0 workflow=structural_statistics_mmd status=success
2026-06-16 10:00:45,039 INFO row_complete 94/3960 dataset=erdos_renyi perturbation=triangle_insertion alpha=0.1 seed=0 workflow=wl_subtree_kernel_mmd status=success
2026-06-16 10:00:45,040 INFO row_complete 95/3960 dataset=erdos_renyi perturbation=triangle_insertion alpha=0.1 seed=0 workflow=native_netlsd status=success
2026-06-16 10:00:45,041 INFO row_complete 96/3960 dataset=erdos_renyi perturbation=triangle_insertion alpha=0.1 seed=0 workflow=diversity_curves_shortest_path status=success
2026-06-16 10:06:33,999 INFO row_complete 97/3960 dataset=erdos_renyi perturbation=triangle_insertion alpha=0.2 seed=0 workflow=structural_statistics_mmd status=success
2026-06-16 10:06:34,000 INFO row_complete 98/3960 dataset=erdos_renyi perturbation=triangle_insertion alpha=0.2 seed=0 workflow=wl_subtree_kernel_mmd status=success
2026-06-16 10:06:34,001 INFO row_complete 99/3960 dataset=erdos_renyi perturbation=triangle_insertion alpha=0.2 seed=0 workflow=native_netlsd status=success
2026-06-16 10:06:34,001 INFO row_complete 100/3960 dataset=erdos_renyi perturbation=triangle_insertion alpha=0.2 seed=0 workflow=diversity_curves_shortest_path status=success
2026-06-16 10:12:39,523 INFO row_complete 101/3960 dataset=erdos_renyi perturbation=triangle_insertion alpha=0.3 seed=0 workflow=structural_statistics_mmd status=success
2026-06-16 10:12:39,524 INFO row_complete 102/3960 dataset=erdos_renyi perturbation=triangle_insertion alpha=0.3 seed=0 workflow=wl_subtree_kernel_mmd status=success
2026-06-16 10:12:39,525 INFO row_complete 103/3960 dataset=erdos_renyi perturbation=triangle_insertion alpha=0.3 seed=0 workflow=native_netlsd status=success
2026-06-16 10:12:39,526 INFO row_complete 104/3960 dataset=erdos_renyi perturbation=triangle_insertion alpha=0.3 seed=0 workflow=diversity_curves_shortest_path status=success
2026-06-16 10:19:01,346 INFO row_complete 105/3960 dataset=erdos_renyi perturbation=triangle_insertion alpha=0.4 seed=0 workflow=structural_statistics_mmd status=success
2026-06-16 10:19:01,347 INFO row_complete 106/3960 dataset=erdos_renyi perturbation=triangle_insertion alpha=0.4 seed=0 workflow=wl_subtree_kernel_mmd status=success
2026-06-16 10:19:01,348 INFO row_complete 107/3960 dataset=erdos_renyi perturbation=triangle_insertion alpha=0.4 seed=0 workflow=native_netlsd status=success
2026-06-16 10:19:01,349 INFO row_complete 108/3960 dataset=erdos_renyi perturbation=triangle_insertion alpha=0.4 seed=0 workflow=diversity_curves_shortest_path status=success
2026-06-16 10:25:40,091 INFO row_complete 109/3960 dataset=erdos_renyi perturbation=triangle_insertion alpha=0.5 seed=0 workflow=structural_statistics_mmd status=success
2026-06-16 10:25:40,092 INFO row_complete 110/3960 dataset=erdos_renyi perturbation=triangle_insertion alpha=0.5 seed=0 workflow=wl_subtree_kernel_mmd status=success
2026-06-16 10:25:40,093 INFO row_complete 111/3960 dataset=erdos_renyi perturbation=triangle_insertion alpha=0.5 seed=0 workflow=native_netlsd status=success
2026-06-16 10:25:40,094 INFO row_complete 112/3960 dataset=erdos_renyi perturbation=triangle_insertion alpha=0.5 seed=0 workflow=diversity_curves_shortest_path status=success
2026-06-16 10:32:36,405 INFO row_complete 113/3960 dataset=erdos_renyi perturbation=triangle_insertion alpha=0.6 seed=0 workflow=structural_statistics_mmd status=success
2026-06-16 10:32:36,406 INFO row_complete 114/3960 dataset=erdos_renyi perturbation=triangle_insertion alpha=0.6 seed=0 workflow=wl_subtree_kernel_mmd status=success
2026-06-16 10:32:36,407 INFO row_complete 115/3960 dataset=erdos_renyi perturbation=triangle_insertion alpha=0.6 seed=0 workflow=native_netlsd status=success
2026-06-16 10:32:36,407 INFO row_complete 116/3960 dataset=erdos_renyi perturbation=triangle_insertion alpha=0.6 seed=0 workflow=diversity_curves_shortest_path status=success
2026-06-16 10:39:53,253 INFO row_complete 117/3960 dataset=erdos_renyi perturbation=triangle_insertion alpha=0.7 seed=0 workflow=structural_statistics_mmd status=success
2026-06-16 10:39:53,254 INFO row_complete 118/3960 dataset=erdos_renyi perturbation=triangle_insertion alpha=0.7 seed=0 workflow=wl_subtree_kernel_mmd status=success
2026-06-16 10:39:53,255 INFO row_complete 119/3960 dataset=erdos_renyi perturbation=triangle_insertion alpha=0.7 seed=0 workflow=native_netlsd status=success
2026-06-16 10:39:53,256 INFO row_complete 120/3960 dataset=erdos_renyi perturbation=triangle_insertion alpha=0.7 seed=0 workflow=diversity_curves_shortest_path status=success
2026-06-16 10:47:33,673 INFO row_complete 121/3960 dataset=erdos_renyi perturbation=triangle_insertion alpha=0.8 seed=0 workflow=structural_statistics_mmd status=success
2026-06-16 10:47:33,674 INFO row_complete 122/3960 dataset=erdos_renyi perturbation=triangle_insertion alpha=0.8 seed=0 workflow=wl_subtree_kernel_mmd status=success
2026-06-16 10:47:33,675 INFO row_complete 123/3960 dataset=erdos_renyi perturbation=triangle_insertion alpha=0.8 seed=0 workflow=native_netlsd status=success
2026-06-16 10:47:33,676 INFO row_complete 124/3960 dataset=erdos_renyi perturbation=triangle_insertion alpha=0.8 seed=0 workflow=diversity_curves_shortest_path status=success
2026-06-16 10:55:37,674 INFO row_complete 125/3960 dataset=erdos_renyi perturbation=triangle_insertion alpha=0.9 seed=0 workflow=structural_statistics_mmd status=success
2026-06-16 10:55:37,676 INFO row_complete 126/3960 dataset=erdos_renyi perturbation=triangle_insertion alpha=0.9 seed=0 workflow=wl_subtree_kernel_mmd status=success
2026-06-16 10:55:37,677 INFO row_complete 127/3960 dataset=erdos_renyi perturbation=triangle_insertion alpha=0.9 seed=0 workflow=native_netlsd status=success
2026-06-16 10:55:37,678 INFO row_complete 128/3960 dataset=erdos_renyi perturbation=triangle_insertion alpha=0.9 seed=0 workflow=diversity_curves_shortest_path status=success
2026-06-16 11:04:00,756 INFO row_complete 129/3960 dataset=erdos_renyi perturbation=triangle_insertion alpha=1.0 seed=0 workflow=structural_statistics_mmd status=success
2026-06-16 11:04:00,757 INFO row_complete 130/3960 dataset=erdos_renyi perturbation=triangle_insertion alpha=1.0 seed=0 workflow=wl_subtree_kernel_mmd status=success
2026-06-16 11:04:00,758 INFO row_complete 131/3960 dataset=erdos_renyi perturbation=triangle_insertion alpha=1.0 seed=0 workflow=native_netlsd status=success
2026-06-16 11:04:00,758 INFO row_complete 132/3960 dataset=erdos_renyi perturbation=triangle_insertion alpha=1.0 seed=0 workflow=diversity_curves_shortest_path status=success
2026-06-16 11:09:23,754 INFO row_complete 133/3960 dataset=erdos_renyi perturbation=triangle_deletion alpha=0.0 seed=0 workflow=structural_statistics_mmd status=success
2026-06-16 11:09:23,755 INFO row_complete 134/3960 dataset=erdos_renyi perturbation=triangle_deletion alpha=0.0 seed=0 workflow=wl_subtree_kernel_mmd status=success
2026-06-16 11:09:23,756 INFO row_complete 135/3960 dataset=erdos_renyi perturbation=triangle_deletion alpha=0.0 seed=0 workflow=native_netlsd status=success
2026-06-16 11:09:23,757 INFO row_complete 136/3960 dataset=erdos_renyi perturbation=triangle_deletion alpha=0.0 seed=0 workflow=diversity_curves_shortest_path status=success
2026-06-16 11:14:33,913 INFO row_complete 137/3960 dataset=erdos_renyi perturbation=triangle_deletion alpha=0.1 seed=0 workflow=structural_statistics_mmd status=success
2026-06-16 11:14:33,914 INFO row_complete 138/3960 dataset=erdos_renyi perturbation=triangle_deletion alpha=0.1 seed=0 workflow=wl_subtree_kernel_mmd status=success
2026-06-16 11:14:33,915 INFO row_complete 139/3960 dataset=erdos_renyi perturbation=triangle_deletion alpha=0.1 seed=0 workflow=native_netlsd status=success
2026-06-16 11:14:33,916 INFO row_complete 140/3960 dataset=erdos_renyi perturbation=triangle_deletion alpha=0.1 seed=0 workflow=diversity_curves_shortest_path status=success
2026-06-16 11:19:31,408 INFO row_complete 141/3960 dataset=erdos_renyi perturbation=triangle_deletion alpha=0.2 seed=0 workflow=structural_statistics_mmd status=success
2026-06-16 11:19:31,409 INFO row_complete 142/3960 dataset=erdos_renyi perturbation=triangle_deletion alpha=0.2 seed=0 workflow=wl_subtree_kernel_mmd status=success
2026-06-16 11:19:31,410 INFO row_complete 143/3960 dataset=erdos_renyi perturbation=triangle_deletion alpha=0.2 seed=0 workflow=native_netlsd status=success
2026-06-16 11:19:31,410 INFO row_complete 144/3960 dataset=erdos_renyi perturbation=triangle_deletion alpha=0.2 seed=0 workflow=diversity_curves_shortest_path status=success
2026-06-16 11:24:14,964 INFO row_complete 145/3960 dataset=erdos_renyi perturbation=triangle_deletion alpha=0.3 seed=0 workflow=structural_statistics_mmd status=success
2026-06-16 11:24:14,965 INFO row_complete 146/3960 dataset=erdos_renyi perturbation=triangle_deletion alpha=0.3 seed=0 workflow=wl_subtree_kernel_mmd status=success
2026-06-16 11:24:14,966 INFO row_complete 147/3960 dataset=erdos_renyi perturbation=triangle_deletion alpha=0.3 seed=0 workflow=native_netlsd status=success
2026-06-16 11:24:14,967 INFO row_complete 148/3960 dataset=erdos_renyi perturbation=triangle_deletion alpha=0.3 seed=0 workflow=diversity_curves_shortest_path status=success
2026-06-16 11:28:46,228 INFO row_complete 149/3960 dataset=erdos_renyi perturbation=triangle_deletion alpha=0.4 seed=0 workflow=structural_statistics_mmd status=success
2026-06-16 11:28:46,229 INFO row_complete 150/3960 dataset=erdos_renyi perturbation=triangle_deletion alpha=0.4 seed=0 workflow=wl_subtree_kernel_mmd status=success
2026-06-16 11:28:46,230 INFO row_complete 151/3960 dataset=erdos_renyi perturbation=triangle_deletion alpha=0.4 seed=0 workflow=native_netlsd status=success
2026-06-16 11:28:46,231 INFO row_complete 152/3960 dataset=erdos_renyi perturbation=triangle_deletion alpha=0.4 seed=0 workflow=diversity_curves_shortest_path status=success
2026-06-16 11:33:09,447 INFO row_complete 153/3960 dataset=erdos_renyi perturbation=triangle_deletion alpha=0.5 seed=0 workflow=structural_statistics_mmd status=success
2026-06-16 11:33:09,448 INFO row_complete 154/3960 dataset=erdos_renyi perturbation=triangle_deletion alpha=0.5 seed=0 workflow=wl_subtree_kernel_mmd status=success
2026-06-16 11:33:09,449 INFO row_complete 155/3960 dataset=erdos_renyi perturbation=triangle_deletion alpha=0.5 seed=0 workflow=native_netlsd status=success
2026-06-16 11:33:09,450 INFO row_complete 156/3960 dataset=erdos_renyi perturbation=triangle_deletion alpha=0.5 seed=0 workflow=diversity_curves_shortest_path status=success
2026-06-16 11:37:28,655 INFO row_complete 157/3960 dataset=erdos_renyi perturbation=triangle_deletion alpha=0.6 seed=0 workflow=structural_statistics_mmd status=success
2026-06-16 11:37:28,656 INFO row_complete 158/3960 dataset=erdos_renyi perturbation=triangle_deletion alpha=0.6 seed=0 workflow=wl_subtree_kernel_mmd status=success
2026-06-16 11:37:28,657 INFO row_complete 159/3960 dataset=erdos_renyi perturbation=triangle_deletion alpha=0.6 seed=0 workflow=native_netlsd status=success
2026-06-16 11:37:28,658 INFO row_complete 160/3960 dataset=erdos_renyi perturbation=triangle_deletion alpha=0.6 seed=0 workflow=diversity_curves_shortest_path status=success
2026-06-16 11:41:46,934 INFO row_complete 161/3960 dataset=erdos_renyi perturbation=triangle_deletion alpha=0.7 seed=0 workflow=structural_statistics_mmd status=success
2026-06-16 11:41:46,935 INFO row_complete 162/3960 dataset=erdos_renyi perturbation=triangle_deletion alpha=0.7 seed=0 workflow=wl_subtree_kernel_mmd status=success
2026-06-16 11:41:46,936 INFO row_complete 163/3960 dataset=erdos_renyi perturbation=triangle_deletion alpha=0.7 seed=0 workflow=native_netlsd status=success
2026-06-16 11:41:46,937 INFO row_complete 164/3960 dataset=erdos_renyi perturbation=triangle_deletion alpha=0.7 seed=0 workflow=diversity_curves_shortest_path status=success
2026-06-16 11:46:06,230 INFO row_complete 165/3960 dataset=erdos_renyi perturbation=triangle_deletion alpha=0.8 seed=0 workflow=structural_statistics_mmd status=success
2026-06-16 11:46:06,231 INFO row_complete 166/3960 dataset=erdos_renyi perturbation=triangle_deletion alpha=0.8 seed=0 workflow=wl_subtree_kernel_mmd status=success
2026-06-16 11:46:06,231 INFO row_complete 167/3960 dataset=erdos_renyi perturbation=triangle_deletion alpha=0.8 seed=0 workflow=native_netlsd status=success
2026-06-16 11:46:06,232 INFO row_complete 168/3960 dataset=erdos_renyi perturbation=triangle_deletion alpha=0.8 seed=0 workflow=diversity_curves_shortest_path status=success
2026-06-16 11:50:25,640 INFO row_complete 169/3960 dataset=erdos_renyi perturbation=triangle_deletion alpha=0.9 seed=0 workflow=structural_statistics_mmd status=success
2026-06-16 11:50:25,641 INFO row_complete 170/3960 dataset=erdos_renyi perturbation=triangle_deletion alpha=0.9 seed=0 workflow=wl_subtree_kernel_mmd status=success
2026-06-16 11:50:25,642 INFO row_complete 171/3960 dataset=erdos_renyi perturbation=triangle_deletion alpha=0.9 seed=0 workflow=native_netlsd status=success
2026-06-16 11:50:25,643 INFO row_complete 172/3960 dataset=erdos_renyi perturbation=triangle_deletion alpha=0.9 seed=0 workflow=diversity_curves_shortest_path status=success
2026-06-16 11:54:43,166 INFO row_complete 173/3960 dataset=erdos_renyi perturbation=triangle_deletion alpha=1.0 seed=0 workflow=structural_statistics_mmd status=success
2026-06-16 11:54:43,167 INFO row_complete 174/3960 dataset=erdos_renyi perturbation=triangle_deletion alpha=1.0 seed=0 workflow=wl_subtree_kernel_mmd status=success
2026-06-16 11:54:43,168 INFO row_complete 175/3960 dataset=erdos_renyi perturbation=triangle_deletion alpha=1.0 seed=0 workflow=native_netlsd status=success
2026-06-16 11:54:43,169 INFO row_complete 176/3960 dataset=erdos_renyi perturbation=triangle_deletion alpha=1.0 seed=0 workflow=diversity_curves_shortest_path status=success
2026-06-16 11:54:43,194 INFO row_complete 177/3960 dataset=erdos_renyi perturbation=community_weakening alpha=0.0 seed=0 workflow=structural_statistics_mmd status=skipped
2026-06-16 11:54:43,195 INFO row_complete 178/3960 dataset=erdos_renyi perturbation=community_weakening alpha=0.0 seed=0 workflow=wl_subtree_kernel_mmd status=skipped
2026-06-16 11:54:43,196 INFO row_complete 179/3960 dataset=erdos_renyi perturbation=community_weakening alpha=0.0 seed=0 workflow=native_netlsd status=skipped
2026-06-16 11:54:43,197 INFO row_complete 180/3960 dataset=erdos_renyi perturbation=community_weakening alpha=0.0 seed=0 workflow=diversity_curves_shortest_path status=skipped
2026-06-16 11:54:43,217 INFO row_complete 181/3960 dataset=erdos_renyi perturbation=community_weakening alpha=0.1 seed=0 workflow=structural_statistics_mmd status=skipped
2026-06-16 11:54:43,217 INFO row_complete 182/3960 dataset=erdos_renyi perturbation=community_weakening alpha=0.1 seed=0 workflow=wl_subtree_kernel_mmd status=skipped
2026-06-16 11:54:43,218 INFO row_complete 183/3960 dataset=erdos_renyi perturbation=community_weakening alpha=0.1 seed=0 workflow=native_netlsd status=skipped
2026-06-16 11:54:43,219 INFO row_complete 184/3960 dataset=erdos_renyi perturbation=community_weakening alpha=0.1 seed=0 workflow=diversity_curves_shortest_path status=skipped
2026-06-16 11:54:43,238 INFO row_complete 185/3960 dataset=erdos_renyi perturbation=community_weakening alpha=0.2 seed=0 workflow=structural_statistics_mmd status=skipped
2026-06-16 11:54:43,239 INFO row_complete 186/3960 dataset=erdos_renyi perturbation=community_weakening alpha=0.2 seed=0 workflow=wl_subtree_kernel_mmd status=skipped
2026-06-16 11:54:43,240 INFO row_complete 187/3960 dataset=erdos_renyi perturbation=community_weakening alpha=0.2 seed=0 workflow=native_netlsd status=skipped
2026-06-16 11:54:43,241 INFO row_complete 188/3960 dataset=erdos_renyi perturbation=community_weakening alpha=0.2 seed=0 workflow=diversity_curves_shortest_path status=skipped
2026-06-16 11:54:43,261 INFO row_complete 189/3960 dataset=erdos_renyi perturbation=community_weakening alpha=0.3 seed=0 workflow=structural_statistics_mmd status=skipped
2026-06-16 11:54:43,262 INFO row_complete 190/3960 dataset=erdos_renyi perturbation=community_weakening alpha=0.3 seed=0 workflow=wl_subtree_kernel_mmd status=skipped
2026-06-16 11:54:43,262 INFO row_complete 191/3960 dataset=erdos_renyi perturbation=community_weakening alpha=0.3 seed=0 workflow=native_netlsd status=skipped
2026-06-16 11:54:43,263 INFO row_complete 192/3960 dataset=erdos_renyi perturbation=community_weakening alpha=0.3 seed=0 workflow=diversity_curves_shortest_path status=skipped
2026-06-16 11:54:43,293 INFO row_complete 193/3960 dataset=erdos_renyi perturbation=community_weakening alpha=0.4 seed=0 workflow=structural_statistics_mmd status=skipped
2026-06-16 11:54:43,294 INFO row_complete 194/3960 dataset=erdos_renyi perturbation=community_weakening alpha=0.4 seed=0 workflow=wl_subtree_kernel_mmd status=skipped
2026-06-16 11:54:43,294 INFO row_complete 195/3960 dataset=erdos_renyi perturbation=community_weakening alpha=0.4 seed=0 workflow=native_netlsd status=skipped
2026-06-16 11:54:43,295 INFO row_complete 196/3960 dataset=erdos_renyi perturbation=community_weakening alpha=0.4 seed=0 workflow=diversity_curves_shortest_path status=skipped
2026-06-16 11:54:43,317 INFO row_complete 197/3960 dataset=erdos_renyi perturbation=community_weakening alpha=0.5 seed=0 workflow=structural_statistics_mmd status=skipped
2026-06-16 11:54:43,317 INFO row_complete 198/3960 dataset=erdos_renyi perturbation=community_weakening alpha=0.5 seed=0 workflow=wl_subtree_kernel_mmd status=skipped
2026-06-16 11:54:43,318 INFO row_complete 199/3960 dataset=erdos_renyi perturbation=community_weakening alpha=0.5 seed=0 workflow=native_netlsd status=skipped
2026-06-16 11:54:43,319 INFO row_complete 200/3960 dataset=erdos_renyi perturbation=community_weakening alpha=0.5 seed=0 workflow=diversity_curves_shortest_path status=skipped
2026-06-16 11:54:43,338 INFO row_complete 201/3960 dataset=erdos_renyi perturbation=community_weakening alpha=0.6 seed=0 workflow=structural_statistics_mmd status=skipped
2026-06-16 11:54:43,339 INFO row_complete 202/3960 dataset=erdos_renyi perturbation=community_weakening alpha=0.6 seed=0 workflow=wl_subtree_kernel_mmd status=skipped
2026-06-16 11:54:43,340 INFO row_complete 203/3960 dataset=erdos_renyi perturbation=community_weakening alpha=0.6 seed=0 workflow=native_netlsd status=skipped
2026-06-16 11:54:43,340 INFO row_complete 204/3960 dataset=erdos_renyi perturbation=community_weakening alpha=0.6 seed=0 workflow=diversity_curves_shortest_path status=skipped
2026-06-16 11:54:43,358 INFO row_complete 205/3960 dataset=erdos_renyi perturbation=community_weakening alpha=0.7 seed=0 workflow=structural_statistics_mmd status=skipped
2026-06-16 11:54:43,359 INFO row_complete 206/3960 dataset=erdos_renyi perturbation=community_weakening alpha=0.7 seed=0 workflow=wl_subtree_kernel_mmd status=skipped
2026-06-16 11:54:43,360 INFO row_complete 207/3960 dataset=erdos_renyi perturbation=community_weakening alpha=0.7 seed=0 workflow=native_netlsd status=skipped
2026-06-16 11:54:43,361 INFO row_complete 208/3960 dataset=erdos_renyi perturbation=community_weakening alpha=0.7 seed=0 workflow=diversity_curves_shortest_path status=skipped
2026-06-16 11:54:43,382 INFO row_complete 209/3960 dataset=erdos_renyi perturbation=community_weakening alpha=0.8 seed=0 workflow=structural_statistics_mmd status=skipped
2026-06-16 11:54:43,383 INFO row_complete 210/3960 dataset=erdos_renyi perturbation=community_weakening alpha=0.8 seed=0 workflow=wl_subtree_kernel_mmd status=skipped
2026-06-16 11:54:43,383 INFO row_complete 211/3960 dataset=erdos_renyi perturbation=community_weakening alpha=0.8 seed=0 workflow=native_netlsd status=skipped
2026-06-16 11:54:43,384 INFO row_complete 212/3960 dataset=erdos_renyi perturbation=community_weakening alpha=0.8 seed=0 workflow=diversity_curves_shortest_path status=skipped
2026-06-16 11:54:43,405 INFO row_complete 213/3960 dataset=erdos_renyi perturbation=community_weakening alpha=0.9 seed=0 workflow=structural_statistics_mmd status=skipped
2026-06-16 11:54:43,407 INFO row_complete 214/3960 dataset=erdos_renyi perturbation=community_weakening alpha=0.9 seed=0 workflow=wl_subtree_kernel_mmd status=skipped
2026-06-16 11:54:43,408 INFO row_complete 215/3960 dataset=erdos_renyi perturbation=community_weakening alpha=0.9 seed=0 workflow=native_netlsd status=skipped
2026-06-16 11:54:43,408 INFO row_complete 216/3960 dataset=erdos_renyi perturbation=community_weakening alpha=0.9 seed=0 workflow=diversity_curves_shortest_path status=skipped
2026-06-16 11:54:43,428 INFO row_complete 217/3960 dataset=erdos_renyi perturbation=community_weakening alpha=1.0 seed=0 workflow=structural_statistics_mmd status=skipped
2026-06-16 11:54:43,429 INFO row_complete 218/3960 dataset=erdos_renyi perturbation=community_weakening alpha=1.0 seed=0 workflow=wl_subtree_kernel_mmd status=skipped
2026-06-16 11:54:43,430 INFO row_complete 219/3960 dataset=erdos_renyi perturbation=community_weakening alpha=1.0 seed=0 workflow=native_netlsd status=skipped
2026-06-16 11:54:43,431 INFO row_complete 220/3960 dataset=erdos_renyi perturbation=community_weakening alpha=1.0 seed=0 workflow=diversity_curves_shortest_path status=skipped
2026-06-16 12:00:06,468 INFO row_complete 221/3960 dataset=erdos_renyi perturbation=hub_modification alpha=0.0 seed=0 workflow=structural_statistics_mmd status=success
2026-06-16 12:00:06,469 INFO row_complete 222/3960 dataset=erdos_renyi perturbation=hub_modification alpha=0.0 seed=0 workflow=wl_subtree_kernel_mmd status=success
2026-06-16 12:00:06,470 INFO row_complete 223/3960 dataset=erdos_renyi perturbation=hub_modification alpha=0.0 seed=0 workflow=native_netlsd status=success
2026-06-16 12:00:06,471 INFO row_complete 224/3960 dataset=erdos_renyi perturbation=hub_modification alpha=0.0 seed=0 workflow=diversity_curves_shortest_path status=success
2026-06-16 12:05:29,384 INFO row_complete 225/3960 dataset=erdos_renyi perturbation=hub_modification alpha=0.1 seed=0 workflow=structural_statistics_mmd status=success
2026-06-16 12:05:29,385 INFO row_complete 226/3960 dataset=erdos_renyi perturbation=hub_modification alpha=0.1 seed=0 workflow=wl_subtree_kernel_mmd status=success
2026-06-16 12:05:29,386 INFO row_complete 227/3960 dataset=erdos_renyi perturbation=hub_modification alpha=0.1 seed=0 workflow=native_netlsd status=success
2026-06-16 12:05:29,387 INFO row_complete 228/3960 dataset=erdos_renyi perturbation=hub_modification alpha=0.1 seed=0 workflow=diversity_curves_shortest_path status=success
2026-06-16 12:10:52,037 INFO row_complete 229/3960 dataset=erdos_renyi perturbation=hub_modification alpha=0.2 seed=0 workflow=structural_statistics_mmd status=success
2026-06-16 12:10:52,038 INFO row_complete 230/3960 dataset=erdos_renyi perturbation=hub_modification alpha=0.2 seed=0 workflow=wl_subtree_kernel_mmd status=success
2026-06-16 12:10:52,039 INFO row_complete 231/3960 dataset=erdos_renyi perturbation=hub_modification alpha=0.2 seed=0 workflow=native_netlsd status=success
2026-06-16 12:10:52,040 INFO row_complete 232/3960 dataset=erdos_renyi perturbation=hub_modification alpha=0.2 seed=0 workflow=diversity_curves_shortest_path status=success
2026-06-16 12:16:15,501 INFO row_complete 233/3960 dataset=erdos_renyi perturbation=hub_modification alpha=0.3 seed=0 workflow=structural_statistics_mmd status=success
2026-06-16 12:16:15,502 INFO row_complete 234/3960 dataset=erdos_renyi perturbation=hub_modification alpha=0.3 seed=0 workflow=wl_subtree_kernel_mmd status=success
2026-06-16 12:16:15,503 INFO row_complete 235/3960 dataset=erdos_renyi perturbation=hub_modification alpha=0.3 seed=0 workflow=native_netlsd status=success
2026-06-16 12:16:15,504 INFO row_complete 236/3960 dataset=erdos_renyi perturbation=hub_modification alpha=0.3 seed=0 workflow=diversity_curves_shortest_path status=success
2026-06-16 12:21:37,911 INFO row_complete 237/3960 dataset=erdos_renyi perturbation=hub_modification alpha=0.4 seed=0 workflow=structural_statistics_mmd status=success
2026-06-16 12:21:37,912 INFO row_complete 238/3960 dataset=erdos_renyi perturbation=hub_modification alpha=0.4 seed=0 workflow=wl_subtree_kernel_mmd status=success
2026-06-16 12:21:37,913 INFO row_complete 239/3960 dataset=erdos_renyi perturbation=hub_modification alpha=0.4 seed=0 workflow=native_netlsd status=success
2026-06-16 12:21:37,914 INFO row_complete 240/3960 dataset=erdos_renyi perturbation=hub_modification alpha=0.4 seed=0 workflow=diversity_curves_shortest_path status=success
2026-06-16 12:27:00,461 INFO row_complete 241/3960 dataset=erdos_renyi perturbation=hub_modification alpha=0.5 seed=0 workflow=structural_statistics_mmd status=success
2026-06-16 12:27:00,462 INFO row_complete 242/3960 dataset=erdos_renyi perturbation=hub_modification alpha=0.5 seed=0 workflow=wl_subtree_kernel_mmd status=success
2026-06-16 12:27:00,463 INFO row_complete 243/3960 dataset=erdos_renyi perturbation=hub_modification alpha=0.5 seed=0 workflow=native_netlsd status=success
2026-06-16 12:27:00,464 INFO row_complete 244/3960 dataset=erdos_renyi perturbation=hub_modification alpha=0.5 seed=0 workflow=diversity_curves_shortest_path status=success
2026-06-16 12:32:24,056 INFO row_complete 245/3960 dataset=erdos_renyi perturbation=hub_modification alpha=0.6 seed=0 workflow=structural_statistics_mmd status=success
2026-06-16 12:32:24,058 INFO row_complete 246/3960 dataset=erdos_renyi perturbation=hub_modification alpha=0.6 seed=0 workflow=wl_subtree_kernel_mmd status=success
2026-06-16 12:32:24,059 INFO row_complete 247/3960 dataset=erdos_renyi perturbation=hub_modification alpha=0.6 seed=0 workflow=native_netlsd status=success
2026-06-16 12:32:24,059 INFO row_complete 248/3960 dataset=erdos_renyi perturbation=hub_modification alpha=0.6 seed=0 workflow=diversity_curves_shortest_path status=success
2026-06-16 12:37:48,330 INFO row_complete 249/3960 dataset=erdos_renyi perturbation=hub_modification alpha=0.7 seed=0 workflow=structural_statistics_mmd status=success
2026-06-16 12:37:48,331 INFO row_complete 250/3960 dataset=erdos_renyi perturbation=hub_modification alpha=0.7 seed=0 workflow=wl_subtree_kernel_mmd status=success
2026-06-16 12:37:48,332 INFO row_complete 251/3960 dataset=erdos_renyi perturbation=hub_modification alpha=0.7 seed=0 workflow=native_netlsd status=success
2026-06-16 12:37:48,332 INFO row_complete 252/3960 dataset=erdos_renyi perturbation=hub_modification alpha=0.7 seed=0 workflow=diversity_curves_shortest_path status=success
2026-06-16 12:43:12,743 INFO row_complete 253/3960 dataset=erdos_renyi perturbation=hub_modification alpha=0.8 seed=0 workflow=structural_statistics_mmd status=success
2026-06-16 12:43:12,744 INFO row_complete 254/3960 dataset=erdos_renyi perturbation=hub_modification alpha=0.8 seed=0 workflow=wl_subtree_kernel_mmd status=success
2026-06-16 12:43:12,745 INFO row_complete 255/3960 dataset=erdos_renyi perturbation=hub_modification alpha=0.8 seed=0 workflow=native_netlsd status=success
2026-06-16 12:43:12,746 INFO row_complete 256/3960 dataset=erdos_renyi perturbation=hub_modification alpha=0.8 seed=0 workflow=diversity_curves_shortest_path status=success
2026-06-16 12:48:37,380 INFO row_complete 257/3960 dataset=erdos_renyi perturbation=hub_modification alpha=0.9 seed=0 workflow=structural_statistics_mmd status=success
2026-06-16 12:48:37,381 INFO row_complete 258/3960 dataset=erdos_renyi perturbation=hub_modification alpha=0.9 seed=0 workflow=wl_subtree_kernel_mmd status=success
2026-06-16 12:48:37,382 INFO row_complete 259/3960 dataset=erdos_renyi perturbation=hub_modification alpha=0.9 seed=0 workflow=native_netlsd status=success
2026-06-16 12:48:37,382 INFO row_complete 260/3960 dataset=erdos_renyi perturbation=hub_modification alpha=0.9 seed=0 workflow=diversity_curves_shortest_path status=success
2026-06-16 12:54:00,675 INFO row_complete 261/3960 dataset=erdos_renyi perturbation=hub_modification alpha=1.0 seed=0 workflow=structural_statistics_mmd status=success
2026-06-16 12:54:00,676 INFO row_complete 262/3960 dataset=erdos_renyi perturbation=hub_modification alpha=1.0 seed=0 workflow=wl_subtree_kernel_mmd status=success
2026-06-16 12:54:00,677 INFO row_complete 263/3960 dataset=erdos_renyi perturbation=hub_modification alpha=1.0 seed=0 workflow=native_netlsd status=success
2026-06-16 12:54:00,678 INFO row_complete 264/3960 dataset=erdos_renyi perturbation=hub_modification alpha=1.0 seed=0 workflow=diversity_curves_shortest_path status=success
2026-06-16 12:58:20,223 INFO row_complete 265/3960 dataset=stochastic_block_model perturbation=edge_insertion alpha=0.0 seed=0 workflow=structural_statistics_mmd status=success
2026-06-16 12:58:20,225 INFO row_complete 266/3960 dataset=stochastic_block_model perturbation=edge_insertion alpha=0.0 seed=0 workflow=wl_subtree_kernel_mmd status=success
2026-06-16 12:58:20,226 INFO row_complete 267/3960 dataset=stochastic_block_model perturbation=edge_insertion alpha=0.0 seed=0 workflow=native_netlsd status=success
2026-06-16 12:58:20,226 INFO row_complete 268/3960 dataset=stochastic_block_model perturbation=edge_insertion alpha=0.0 seed=0 workflow=diversity_curves_shortest_path status=success
2026-06-16 13:02:51,312 INFO row_complete 269/3960 dataset=stochastic_block_model perturbation=edge_insertion alpha=0.1 seed=0 workflow=structural_statistics_mmd status=success
2026-06-16 13:02:51,313 INFO row_complete 270/3960 dataset=stochastic_block_model perturbation=edge_insertion alpha=0.1 seed=0 workflow=wl_subtree_kernel_mmd status=success
2026-06-16 13:02:51,314 INFO row_complete 271/3960 dataset=stochastic_block_model perturbation=edge_insertion alpha=0.1 seed=0 workflow=native_netlsd status=success
2026-06-16 13:02:51,315 INFO row_complete 272/3960 dataset=stochastic_block_model perturbation=edge_insertion alpha=0.1 seed=0 workflow=diversity_curves_shortest_path status=success
2026-06-16 13:07:33,904 INFO row_complete 273/3960 dataset=stochastic_block_model perturbation=edge_insertion alpha=0.2 seed=0 workflow=structural_statistics_mmd status=success
2026-06-16 13:07:33,905 INFO row_complete 274/3960 dataset=stochastic_block_model perturbation=edge_insertion alpha=0.2 seed=0 workflow=wl_subtree_kernel_mmd status=success
2026-06-16 13:07:33,906 INFO row_complete 275/3960 dataset=stochastic_block_model perturbation=edge_insertion alpha=0.2 seed=0 workflow=native_netlsd status=success
2026-06-16 13:07:33,907 INFO row_complete 276/3960 dataset=stochastic_block_model perturbation=edge_insertion alpha=0.2 seed=0 workflow=diversity_curves_shortest_path status=success
2026-06-16 13:12:29,149 INFO row_complete 277/3960 dataset=stochastic_block_model perturbation=edge_insertion alpha=0.3 seed=0 workflow=structural_statistics_mmd status=success
2026-06-16 13:12:29,150 INFO row_complete 278/3960 dataset=stochastic_block_model perturbation=edge_insertion alpha=0.3 seed=0 workflow=wl_subtree_kernel_mmd status=success
2026-06-16 13:12:29,151 INFO row_complete 279/3960 dataset=stochastic_block_model perturbation=edge_insertion alpha=0.3 seed=0 workflow=native_netlsd status=success
2026-06-16 13:12:29,152 INFO row_complete 280/3960 dataset=stochastic_block_model perturbation=edge_insertion alpha=0.3 seed=0 workflow=diversity_curves_shortest_path status=success
2026-06-16 13:17:35,767 INFO row_complete 281/3960 dataset=stochastic_block_model perturbation=edge_insertion alpha=0.4 seed=0 workflow=structural_statistics_mmd status=success
2026-06-16 13:17:35,768 INFO row_complete 282/3960 dataset=stochastic_block_model perturbation=edge_insertion alpha=0.4 seed=0 workflow=wl_subtree_kernel_mmd status=success
2026-06-16 13:17:35,769 INFO row_complete 283/3960 dataset=stochastic_block_model perturbation=edge_insertion alpha=0.4 seed=0 workflow=native_netlsd status=success
2026-06-16 13:17:35,770 INFO row_complete 284/3960 dataset=stochastic_block_model perturbation=edge_insertion alpha=0.4 seed=0 workflow=diversity_curves_shortest_path status=success
2026-06-16 13:22:56,407 INFO row_complete 285/3960 dataset=stochastic_block_model perturbation=edge_insertion alpha=0.5 seed=0 workflow=structural_statistics_mmd status=success
2026-06-16 13:22:56,408 INFO row_complete 286/3960 dataset=stochastic_block_model perturbation=edge_insertion alpha=0.5 seed=0 workflow=wl_subtree_kernel_mmd status=success
2026-06-16 13:22:56,409 INFO row_complete 287/3960 dataset=stochastic_block_model perturbation=edge_insertion alpha=0.5 seed=0 workflow=native_netlsd status=success
2026-06-16 13:22:56,409 INFO row_complete 288/3960 dataset=stochastic_block_model perturbation=edge_insertion alpha=0.5 seed=0 workflow=diversity_curves_shortest_path status=success
2026-06-16 13:28:30,764 INFO row_complete 289/3960 dataset=stochastic_block_model perturbation=edge_insertion alpha=0.6 seed=0 workflow=structural_statistics_mmd status=success
2026-06-16 13:28:30,765 INFO row_complete 290/3960 dataset=stochastic_block_model perturbation=edge_insertion alpha=0.6 seed=0 workflow=wl_subtree_kernel_mmd status=success
2026-06-16 13:28:30,766 INFO row_complete 291/3960 dataset=stochastic_block_model perturbation=edge_insertion alpha=0.6 seed=0 workflow=native_netlsd status=success
2026-06-16 13:28:30,767 INFO row_complete 292/3960 dataset=stochastic_block_model perturbation=edge_insertion alpha=0.6 seed=0 workflow=diversity_curves_shortest_path status=success
2026-06-16 13:34:21,009 INFO row_complete 293/3960 dataset=stochastic_block_model perturbation=edge_insertion alpha=0.7 seed=0 workflow=structural_statistics_mmd status=success
2026-06-16 13:34:21,010 INFO row_complete 294/3960 dataset=stochastic_block_model perturbation=edge_insertion alpha=0.7 seed=0 workflow=wl_subtree_kernel_mmd status=success
2026-06-16 13:34:21,011 INFO row_complete 295/3960 dataset=stochastic_block_model perturbation=edge_insertion alpha=0.7 seed=0 workflow=native_netlsd status=success
2026-06-16 13:34:21,011 INFO row_complete 296/3960 dataset=stochastic_block_model perturbation=edge_insertion alpha=0.7 seed=0 workflow=diversity_curves_shortest_path status=success
2026-06-16 13:40:26,158 INFO row_complete 297/3960 dataset=stochastic_block_model perturbation=edge_insertion alpha=0.8 seed=0 workflow=structural_statistics_mmd status=success
2026-06-16 13:40:26,160 INFO row_complete 298/3960 dataset=stochastic_block_model perturbation=edge_insertion alpha=0.8 seed=0 workflow=wl_subtree_kernel_mmd status=success
2026-06-16 13:40:26,160 INFO row_complete 299/3960 dataset=stochastic_block_model perturbation=edge_insertion alpha=0.8 seed=0 workflow=native_netlsd status=success
2026-06-16 13:40:26,161 INFO row_complete 300/3960 dataset=stochastic_block_model perturbation=edge_insertion alpha=0.8 seed=0 workflow=diversity_curves_shortest_path status=success
2026-06-16 13:46:45,831 INFO row_complete 301/3960 dataset=stochastic_block_model perturbation=edge_insertion alpha=0.9 seed=0 workflow=structural_statistics_mmd status=success
2026-06-16 13:46:45,832 INFO row_complete 302/3960 dataset=stochastic_block_model perturbation=edge_insertion alpha=0.9 seed=0 workflow=wl_subtree_kernel_mmd status=success
2026-06-16 13:46:45,832 INFO row_complete 303/3960 dataset=stochastic_block_model perturbation=edge_insertion alpha=0.9 seed=0 workflow=native_netlsd status=success
2026-06-16 13:46:45,833 INFO row_complete 304/3960 dataset=stochastic_block_model perturbation=edge_insertion alpha=0.9 seed=0 workflow=diversity_curves_shortest_path status=success
2026-06-16 13:53:22,833 INFO row_complete 305/3960 dataset=stochastic_block_model perturbation=edge_insertion alpha=1.0 seed=0 workflow=structural_statistics_mmd status=success
2026-06-16 13:53:22,834 INFO row_complete 306/3960 dataset=stochastic_block_model perturbation=edge_insertion alpha=1.0 seed=0 workflow=wl_subtree_kernel_mmd status=success
2026-06-16 13:53:22,835 INFO row_complete 307/3960 dataset=stochastic_block_model perturbation=edge_insertion alpha=1.0 seed=0 workflow=native_netlsd status=success
2026-06-16 13:53:22,836 INFO row_complete 308/3960 dataset=stochastic_block_model perturbation=edge_insertion alpha=1.0 seed=0 workflow=diversity_curves_shortest_path status=success
2026-06-16 13:57:43,101 INFO row_complete 309/3960 dataset=stochastic_block_model perturbation=edge_deletion alpha=0.0 seed=0 workflow=structural_statistics_mmd status=success
2026-06-16 13:57:43,102 INFO row_complete 310/3960 dataset=stochastic_block_model perturbation=edge_deletion alpha=0.0 seed=0 workflow=wl_subtree_kernel_mmd status=success
2026-06-16 13:57:43,103 INFO row_complete 311/3960 dataset=stochastic_block_model perturbation=edge_deletion alpha=0.0 seed=0 workflow=native_netlsd status=success
2026-06-16 13:57:43,104 INFO row_complete 312/3960 dataset=stochastic_block_model perturbation=edge_deletion alpha=0.0 seed=0 workflow=diversity_curves_shortest_path status=success
2026-06-16 14:01:53,526 INFO row_complete 313/3960 dataset=stochastic_block_model perturbation=edge_deletion alpha=0.1 seed=0 workflow=structural_statistics_mmd status=success
2026-06-16 14:01:53,527 INFO row_complete 314/3960 dataset=stochastic_block_model perturbation=edge_deletion alpha=0.1 seed=0 workflow=wl_subtree_kernel_mmd status=success
2026-06-16 14:01:53,528 INFO row_complete 315/3960 dataset=stochastic_block_model perturbation=edge_deletion alpha=0.1 seed=0 workflow=native_netlsd status=success
2026-06-16 14:01:53,528 INFO row_complete 316/3960 dataset=stochastic_block_model perturbation=edge_deletion alpha=0.1 seed=0 workflow=diversity_curves_shortest_path status=success
2026-06-16 14:05:54,306 INFO row_complete 317/3960 dataset=stochastic_block_model perturbation=edge_deletion alpha=0.2 seed=0 workflow=structural_statistics_mmd status=success
2026-06-16 14:05:54,307 INFO row_complete 318/3960 dataset=stochastic_block_model perturbation=edge_deletion alpha=0.2 seed=0 workflow=wl_subtree_kernel_mmd status=success
2026-06-16 14:05:54,308 INFO row_complete 319/3960 dataset=stochastic_block_model perturbation=edge_deletion alpha=0.2 seed=0 workflow=native_netlsd status=success
2026-06-16 14:05:54,309 INFO row_complete 320/3960 dataset=stochastic_block_model perturbation=edge_deletion alpha=0.2 seed=0 workflow=diversity_curves_shortest_path status=success
2026-06-16 14:09:45,861 INFO row_complete 321/3960 dataset=stochastic_block_model perturbation=edge_deletion alpha=0.3 seed=0 workflow=structural_statistics_mmd status=success
2026-06-16 14:09:45,862 INFO row_complete 322/3960 dataset=stochastic_block_model perturbation=edge_deletion alpha=0.3 seed=0 workflow=wl_subtree_kernel_mmd status=success
2026-06-16 14:09:45,863 INFO row_complete 323/3960 dataset=stochastic_block_model perturbation=edge_deletion alpha=0.3 seed=0 workflow=native_netlsd status=success
2026-06-16 14:09:45,864 INFO row_complete 324/3960 dataset=stochastic_block_model perturbation=edge_deletion alpha=0.3 seed=0 workflow=diversity_curves_shortest_path status=success
2026-06-16 14:13:28,684 INFO row_complete 325/3960 dataset=stochastic_block_model perturbation=edge_deletion alpha=0.4 seed=0 workflow=structural_statistics_mmd status=success
2026-06-16 14:13:28,685 INFO row_complete 326/3960 dataset=stochastic_block_model perturbation=edge_deletion alpha=0.4 seed=0 workflow=wl_subtree_kernel_mmd status=success
2026-06-16 14:13:28,686 INFO row_complete 327/3960 dataset=stochastic_block_model perturbation=edge_deletion alpha=0.4 seed=0 workflow=native_netlsd status=success
2026-06-16 14:13:28,687 INFO row_complete 328/3960 dataset=stochastic_block_model perturbation=edge_deletion alpha=0.4 seed=0 workflow=diversity_curves_shortest_path status=success
2026-06-16 14:17:01,226 INFO row_complete 329/3960 dataset=stochastic_block_model perturbation=edge_deletion alpha=0.5 seed=0 workflow=structural_statistics_mmd status=success
2026-06-16 14:17:01,227 INFO row_complete 330/3960 dataset=stochastic_block_model perturbation=edge_deletion alpha=0.5 seed=0 workflow=wl_subtree_kernel_mmd status=success
2026-06-16 14:17:01,228 INFO row_complete 331/3960 dataset=stochastic_block_model perturbation=edge_deletion alpha=0.5 seed=0 workflow=native_netlsd status=success
2026-06-16 14:17:01,229 INFO row_complete 332/3960 dataset=stochastic_block_model perturbation=edge_deletion alpha=0.5 seed=0 workflow=diversity_curves_shortest_path status=success
2026-06-16 14:20:24,113 INFO row_complete 333/3960 dataset=stochastic_block_model perturbation=edge_deletion alpha=0.6 seed=0 workflow=structural_statistics_mmd status=success
2026-06-16 14:20:24,115 INFO row_complete 334/3960 dataset=stochastic_block_model perturbation=edge_deletion alpha=0.6 seed=0 workflow=wl_subtree_kernel_mmd status=success
2026-06-16 14:20:24,116 INFO row_complete 335/3960 dataset=stochastic_block_model perturbation=edge_deletion alpha=0.6 seed=0 workflow=native_netlsd status=success
2026-06-16 14:20:24,116 INFO row_complete 336/3960 dataset=stochastic_block_model perturbation=edge_deletion alpha=0.6 seed=0 workflow=diversity_curves_shortest_path status=success
2026-06-16 14:23:30,041 INFO row_complete 337/3960 dataset=stochastic_block_model perturbation=edge_deletion alpha=0.7 seed=0 workflow=structural_statistics_mmd status=success
2026-06-16 14:23:30,042 INFO row_complete 338/3960 dataset=stochastic_block_model perturbation=edge_deletion alpha=0.7 seed=0 workflow=wl_subtree_kernel_mmd status=success
2026-06-16 14:23:30,043 INFO row_complete 339/3960 dataset=stochastic_block_model perturbation=edge_deletion alpha=0.7 seed=0 workflow=native_netlsd status=success
2026-06-16 14:23:30,044 INFO row_complete 340/3960 dataset=stochastic_block_model perturbation=edge_deletion alpha=0.7 seed=0 workflow=diversity_curves_shortest_path status=success
2026-06-16 14:26:04,982 INFO row_complete 341/3960 dataset=stochastic_block_model perturbation=edge_deletion alpha=0.8 seed=0 workflow=structural_statistics_mmd status=success
2026-06-16 14:26:04,983 INFO row_complete 342/3960 dataset=stochastic_block_model perturbation=edge_deletion alpha=0.8 seed=0 workflow=wl_subtree_kernel_mmd status=success
2026-06-16 14:26:04,984 INFO row_complete 343/3960 dataset=stochastic_block_model perturbation=edge_deletion alpha=0.8 seed=0 workflow=native_netlsd status=success
2026-06-16 14:26:04,984 INFO row_complete 344/3960 dataset=stochastic_block_model perturbation=edge_deletion alpha=0.8 seed=0 workflow=diversity_curves_shortest_path status=success
2026-06-16 14:28:25,381 INFO row_complete 345/3960 dataset=stochastic_block_model perturbation=edge_deletion alpha=0.9 seed=0 workflow=structural_statistics_mmd status=success
2026-06-16 14:28:25,382 INFO row_complete 346/3960 dataset=stochastic_block_model perturbation=edge_deletion alpha=0.9 seed=0 workflow=wl_subtree_kernel_mmd status=success
2026-06-16 14:28:25,383 INFO row_complete 347/3960 dataset=stochastic_block_model perturbation=edge_deletion alpha=0.9 seed=0 workflow=native_netlsd status=success
2026-06-16 14:28:25,384 INFO row_complete 348/3960 dataset=stochastic_block_model perturbation=edge_deletion alpha=0.9 seed=0 workflow=diversity_curves_shortest_path status=success
2026-06-16 14:30:41,081 INFO row_complete 349/3960 dataset=stochastic_block_model perturbation=edge_deletion alpha=1.0 seed=0 workflow=structural_statistics_mmd status=success
2026-06-16 14:30:41,082 INFO row_complete 350/3960 dataset=stochastic_block_model perturbation=edge_deletion alpha=1.0 seed=0 workflow=wl_subtree_kernel_mmd status=success
2026-06-16 14:30:41,083 INFO row_complete 351/3960 dataset=stochastic_block_model perturbation=edge_deletion alpha=1.0 seed=0 workflow=native_netlsd status=success
2026-06-16 14:30:41,084 INFO row_complete 352/3960 dataset=stochastic_block_model perturbation=edge_deletion alpha=1.0 seed=0 workflow=diversity_curves_shortest_path status=success
2026-06-16 14:35:01,992 INFO row_complete 353/3960 dataset=stochastic_block_model perturbation=triangle_insertion alpha=0.0 seed=0 workflow=structural_statistics_mmd status=success
2026-06-16 14:35:01,993 INFO row_complete 354/3960 dataset=stochastic_block_model perturbation=triangle_insertion alpha=0.0 seed=0 workflow=wl_subtree_kernel_mmd status=success
2026-06-16 14:35:01,994 INFO row_complete 355/3960 dataset=stochastic_block_model perturbation=triangle_insertion alpha=0.0 seed=0 workflow=native_netlsd status=success
2026-06-16 14:35:01,995 INFO row_complete 356/3960 dataset=stochastic_block_model perturbation=triangle_insertion alpha=0.0 seed=0 workflow=diversity_curves_shortest_path status=success
2026-06-16 14:39:31,077 INFO row_complete 357/3960 dataset=stochastic_block_model perturbation=triangle_insertion alpha=0.1 seed=0 workflow=structural_statistics_mmd status=success
2026-06-16 14:39:31,078 INFO row_complete 358/3960 dataset=stochastic_block_model perturbation=triangle_insertion alpha=0.1 seed=0 workflow=wl_subtree_kernel_mmd status=success
2026-06-16 14:39:31,079 INFO row_complete 359/3960 dataset=stochastic_block_model perturbation=triangle_insertion alpha=0.1 seed=0 workflow=native_netlsd status=success
2026-06-16 14:39:31,080 INFO row_complete 360/3960 dataset=stochastic_block_model perturbation=triangle_insertion alpha=0.1 seed=0 workflow=diversity_curves_shortest_path status=success
2026-06-16 14:44:11,517 INFO row_complete 361/3960 dataset=stochastic_block_model perturbation=triangle_insertion alpha=0.2 seed=0 workflow=structural_statistics_mmd status=success
2026-06-16 14:44:11,518 INFO row_complete 362/3960 dataset=stochastic_block_model perturbation=triangle_insertion alpha=0.2 seed=0 workflow=wl_subtree_kernel_mmd status=success
2026-06-16 14:44:11,519 INFO row_complete 363/3960 dataset=stochastic_block_model perturbation=triangle_insertion alpha=0.2 seed=0 workflow=native_netlsd status=success
2026-06-16 14:44:11,520 INFO row_complete 364/3960 dataset=stochastic_block_model perturbation=triangle_insertion alpha=0.2 seed=0 workflow=diversity_curves_shortest_path status=success
2026-06-16 14:49:01,749 INFO row_complete 365/3960 dataset=stochastic_block_model perturbation=triangle_insertion alpha=0.3 seed=0 workflow=structural_statistics_mmd status=success
2026-06-16 14:49:01,750 INFO row_complete 366/3960 dataset=stochastic_block_model perturbation=triangle_insertion alpha=0.3 seed=0 workflow=wl_subtree_kernel_mmd status=success
2026-06-16 14:49:01,750 INFO row_complete 367/3960 dataset=stochastic_block_model perturbation=triangle_insertion alpha=0.3 seed=0 workflow=native_netlsd status=success
2026-06-16 14:49:01,751 INFO row_complete 368/3960 dataset=stochastic_block_model perturbation=triangle_insertion alpha=0.3 seed=0 workflow=diversity_curves_shortest_path status=success
2026-06-16 14:54:01,866 INFO row_complete 369/3960 dataset=stochastic_block_model perturbation=triangle_insertion alpha=0.4 seed=0 workflow=structural_statistics_mmd status=success
2026-06-16 14:54:01,867 INFO row_complete 370/3960 dataset=stochastic_block_model perturbation=triangle_insertion alpha=0.4 seed=0 workflow=wl_subtree_kernel_mmd status=success
2026-06-16 14:54:01,868 INFO row_complete 371/3960 dataset=stochastic_block_model perturbation=triangle_insertion alpha=0.4 seed=0 workflow=native_netlsd status=success
2026-06-16 14:54:01,869 INFO row_complete 372/3960 dataset=stochastic_block_model perturbation=triangle_insertion alpha=0.4 seed=0 workflow=diversity_curves_shortest_path status=success
2026-06-16 14:59:13,385 INFO row_complete 373/3960 dataset=stochastic_block_model perturbation=triangle_insertion alpha=0.5 seed=0 workflow=structural_statistics_mmd status=success
2026-06-16 14:59:13,386 INFO row_complete 374/3960 dataset=stochastic_block_model perturbation=triangle_insertion alpha=0.5 seed=0 workflow=wl_subtree_kernel_mmd status=success
2026-06-16 14:59:13,387 INFO row_complete 375/3960 dataset=stochastic_block_model perturbation=triangle_insertion alpha=0.5 seed=0 workflow=native_netlsd status=success
2026-06-16 14:59:13,388 INFO row_complete 376/3960 dataset=stochastic_block_model perturbation=triangle_insertion alpha=0.5 seed=0 workflow=diversity_curves_shortest_path status=success
2026-06-16 15:04:36,917 INFO row_complete 377/3960 dataset=stochastic_block_model perturbation=triangle_insertion alpha=0.6 seed=0 workflow=structural_statistics_mmd status=success
2026-06-16 15:04:36,919 INFO row_complete 378/3960 dataset=stochastic_block_model perturbation=triangle_insertion alpha=0.6 seed=0 workflow=wl_subtree_kernel_mmd status=success
2026-06-16 15:04:36,919 INFO row_complete 379/3960 dataset=stochastic_block_model perturbation=triangle_insertion alpha=0.6 seed=0 workflow=native_netlsd status=success
2026-06-16 15:04:36,920 INFO row_complete 380/3960 dataset=stochastic_block_model perturbation=triangle_insertion alpha=0.6 seed=0 workflow=diversity_curves_shortest_path status=success
2026-06-16 15:10:14,893 INFO row_complete 381/3960 dataset=stochastic_block_model perturbation=triangle_insertion alpha=0.7 seed=0 workflow=structural_statistics_mmd status=success
2026-06-16 15:10:14,894 INFO row_complete 382/3960 dataset=stochastic_block_model perturbation=triangle_insertion alpha=0.7 seed=0 workflow=wl_subtree_kernel_mmd status=success
2026-06-16 15:10:14,895 INFO row_complete 383/3960 dataset=stochastic_block_model perturbation=triangle_insertion alpha=0.7 seed=0 workflow=native_netlsd status=success
2026-06-16 15:10:14,895 INFO row_complete 384/3960 dataset=stochastic_block_model perturbation=triangle_insertion alpha=0.7 seed=0 workflow=diversity_curves_shortest_path status=success
2026-06-16 15:16:09,500 INFO row_complete 385/3960 dataset=stochastic_block_model perturbation=triangle_insertion alpha=0.8 seed=0 workflow=structural_statistics_mmd status=success
2026-06-16 15:16:09,501 INFO row_complete 386/3960 dataset=stochastic_block_model perturbation=triangle_insertion alpha=0.8 seed=0 workflow=wl_subtree_kernel_mmd status=success
2026-06-16 15:16:09,502 INFO row_complete 387/3960 dataset=stochastic_block_model perturbation=triangle_insertion alpha=0.8 seed=0 workflow=native_netlsd status=success
2026-06-16 15:16:09,503 INFO row_complete 388/3960 dataset=stochastic_block_model perturbation=triangle_insertion alpha=0.8 seed=0 workflow=diversity_curves_shortest_path status=success
2026-06-16 15:22:12,777 INFO row_complete 389/3960 dataset=stochastic_block_model perturbation=triangle_insertion alpha=0.9 seed=0 workflow=structural_statistics_mmd status=success
2026-06-16 15:22:12,778 INFO row_complete 390/3960 dataset=stochastic_block_model perturbation=triangle_insertion alpha=0.9 seed=0 workflow=wl_subtree_kernel_mmd status=success
2026-06-16 15:22:12,779 INFO row_complete 391/3960 dataset=stochastic_block_model perturbation=triangle_insertion alpha=0.9 seed=0 workflow=native_netlsd status=success
2026-06-16 15:22:12,780 INFO row_complete 392/3960 dataset=stochastic_block_model perturbation=triangle_insertion alpha=0.9 seed=0 workflow=diversity_curves_shortest_path status=success
2026-06-16 15:28:32,268 INFO row_complete 393/3960 dataset=stochastic_block_model perturbation=triangle_insertion alpha=1.0 seed=0 workflow=structural_statistics_mmd status=success
2026-06-16 15:28:32,269 INFO row_complete 394/3960 dataset=stochastic_block_model perturbation=triangle_insertion alpha=1.0 seed=0 workflow=wl_subtree_kernel_mmd status=success
2026-06-16 15:28:32,270 INFO row_complete 395/3960 dataset=stochastic_block_model perturbation=triangle_insertion alpha=1.0 seed=0 workflow=native_netlsd status=success
2026-06-16 15:28:32,270 INFO row_complete 396/3960 dataset=stochastic_block_model perturbation=triangle_insertion alpha=1.0 seed=0 workflow=diversity_curves_shortest_path status=success
2026-06-16 15:32:53,956 INFO row_complete 397/3960 dataset=stochastic_block_model perturbation=triangle_deletion alpha=0.0 seed=0 workflow=structural_statistics_mmd status=success
2026-06-16 15:32:53,957 INFO row_complete 398/3960 dataset=stochastic_block_model perturbation=triangle_deletion alpha=0.0 seed=0 workflow=wl_subtree_kernel_mmd status=success
2026-06-16 15:32:53,958 INFO row_complete 399/3960 dataset=stochastic_block_model perturbation=triangle_deletion alpha=0.0 seed=0 workflow=native_netlsd status=success
2026-06-16 15:32:53,959 INFO row_complete 400/3960 dataset=stochastic_block_model perturbation=triangle_deletion alpha=0.0 seed=0 workflow=diversity_curves_shortest_path status=success
2026-06-16 15:37:06,961 INFO row_complete 401/3960 dataset=stochastic_block_model perturbation=triangle_deletion alpha=0.1 seed=0 workflow=structural_statistics_mmd status=success
2026-06-16 15:37:06,962 INFO row_complete 402/3960 dataset=stochastic_block_model perturbation=triangle_deletion alpha=0.1 seed=0 workflow=wl_subtree_kernel_mmd status=success
2026-06-16 15:37:06,963 INFO row_complete 403/3960 dataset=stochastic_block_model perturbation=triangle_deletion alpha=0.1 seed=0 workflow=native_netlsd status=success
2026-06-16 15:37:06,963 INFO row_complete 404/3960 dataset=stochastic_block_model perturbation=triangle_deletion alpha=0.1 seed=0 workflow=diversity_curves_shortest_path status=success
2026-06-16 15:41:11,719 INFO row_complete 405/3960 dataset=stochastic_block_model perturbation=triangle_deletion alpha=0.2 seed=0 workflow=structural_statistics_mmd status=success
2026-06-16 15:41:11,720 INFO row_complete 406/3960 dataset=stochastic_block_model perturbation=triangle_deletion alpha=0.2 seed=0 workflow=wl_subtree_kernel_mmd status=success
2026-06-16 15:41:11,721 INFO row_complete 407/3960 dataset=stochastic_block_model perturbation=triangle_deletion alpha=0.2 seed=0 workflow=native_netlsd status=success
2026-06-16 15:41:11,722 INFO row_complete 408/3960 dataset=stochastic_block_model perturbation=triangle_deletion alpha=0.2 seed=0 workflow=diversity_curves_shortest_path status=success
2026-06-16 15:45:06,793 INFO row_complete 409/3960 dataset=stochastic_block_model perturbation=triangle_deletion alpha=0.3 seed=0 workflow=structural_statistics_mmd status=success
2026-06-16 15:45:06,794 INFO row_complete 410/3960 dataset=stochastic_block_model perturbation=triangle_deletion alpha=0.3 seed=0 workflow=wl_subtree_kernel_mmd status=success
2026-06-16 15:45:06,795 INFO row_complete 411/3960 dataset=stochastic_block_model perturbation=triangle_deletion alpha=0.3 seed=0 workflow=native_netlsd status=success
2026-06-16 15:45:06,796 INFO row_complete 412/3960 dataset=stochastic_block_model perturbation=triangle_deletion alpha=0.3 seed=0 workflow=diversity_curves_shortest_path status=success
2026-06-16 15:48:52,623 INFO row_complete 413/3960 dataset=stochastic_block_model perturbation=triangle_deletion alpha=0.4 seed=0 workflow=structural_statistics_mmd status=success
2026-06-16 15:48:52,624 INFO row_complete 414/3960 dataset=stochastic_block_model perturbation=triangle_deletion alpha=0.4 seed=0 workflow=wl_subtree_kernel_mmd status=success
2026-06-16 15:48:52,625 INFO row_complete 415/3960 dataset=stochastic_block_model perturbation=triangle_deletion alpha=0.4 seed=0 workflow=native_netlsd status=success
2026-06-16 15:48:52,626 INFO row_complete 416/3960 dataset=stochastic_block_model perturbation=triangle_deletion alpha=0.4 seed=0 workflow=diversity_curves_shortest_path status=success
2026-06-16 15:52:31,028 INFO row_complete 417/3960 dataset=stochastic_block_model perturbation=triangle_deletion alpha=0.5 seed=0 workflow=structural_statistics_mmd status=success
2026-06-16 15:52:31,029 INFO row_complete 418/3960 dataset=stochastic_block_model perturbation=triangle_deletion alpha=0.5 seed=0 workflow=wl_subtree_kernel_mmd status=success
2026-06-16 15:52:31,030 INFO row_complete 419/3960 dataset=stochastic_block_model perturbation=triangle_deletion alpha=0.5 seed=0 workflow=native_netlsd status=success
2026-06-16 15:52:31,031 INFO row_complete 420/3960 dataset=stochastic_block_model perturbation=triangle_deletion alpha=0.5 seed=0 workflow=diversity_curves_shortest_path status=success
2026-06-16 15:56:06,751 INFO row_complete 421/3960 dataset=stochastic_block_model perturbation=triangle_deletion alpha=0.6 seed=0 workflow=structural_statistics_mmd status=success
2026-06-16 15:56:06,752 INFO row_complete 422/3960 dataset=stochastic_block_model perturbation=triangle_deletion alpha=0.6 seed=0 workflow=wl_subtree_kernel_mmd status=success
2026-06-16 15:56:06,753 INFO row_complete 423/3960 dataset=stochastic_block_model perturbation=triangle_deletion alpha=0.6 seed=0 workflow=native_netlsd status=success
2026-06-16 15:56:06,753 INFO row_complete 424/3960 dataset=stochastic_block_model perturbation=triangle_deletion alpha=0.6 seed=0 workflow=diversity_curves_shortest_path status=success
2026-06-16 15:59:41,711 INFO row_complete 425/3960 dataset=stochastic_block_model perturbation=triangle_deletion alpha=0.7 seed=0 workflow=structural_statistics_mmd status=success
2026-06-16 15:59:41,712 INFO row_complete 426/3960 dataset=stochastic_block_model perturbation=triangle_deletion alpha=0.7 seed=0 workflow=wl_subtree_kernel_mmd status=success
2026-06-16 15:59:41,713 INFO row_complete 427/3960 dataset=stochastic_block_model perturbation=triangle_deletion alpha=0.7 seed=0 workflow=native_netlsd status=success
2026-06-16 15:59:41,714 INFO row_complete 428/3960 dataset=stochastic_block_model perturbation=triangle_deletion alpha=0.7 seed=0 workflow=diversity_curves_shortest_path status=success
2026-06-16 16:03:16,922 INFO row_complete 429/3960 dataset=stochastic_block_model perturbation=triangle_deletion alpha=0.8 seed=0 workflow=structural_statistics_mmd status=success
2026-06-16 16:03:16,923 INFO row_complete 430/3960 dataset=stochastic_block_model perturbation=triangle_deletion alpha=0.8 seed=0 workflow=wl_subtree_kernel_mmd status=success
2026-06-16 16:03:16,924 INFO row_complete 431/3960 dataset=stochastic_block_model perturbation=triangle_deletion alpha=0.8 seed=0 workflow=native_netlsd status=success
2026-06-16 16:03:16,925 INFO row_complete 432/3960 dataset=stochastic_block_model perturbation=triangle_deletion alpha=0.8 seed=0 workflow=diversity_curves_shortest_path status=success
2026-06-16 16:06:51,788 INFO row_complete 433/3960 dataset=stochastic_block_model perturbation=triangle_deletion alpha=0.9 seed=0 workflow=structural_statistics_mmd status=success
2026-06-16 16:06:51,789 INFO row_complete 434/3960 dataset=stochastic_block_model perturbation=triangle_deletion alpha=0.9 seed=0 workflow=wl_subtree_kernel_mmd status=success
2026-06-16 16:06:51,789 INFO row_complete 435/3960 dataset=stochastic_block_model perturbation=triangle_deletion alpha=0.9 seed=0 workflow=native_netlsd status=success
2026-06-16 16:06:51,790 INFO row_complete 436/3960 dataset=stochastic_block_model perturbation=triangle_deletion alpha=0.9 seed=0 workflow=diversity_curves_shortest_path status=success
2026-06-16 16:10:26,313 INFO row_complete 437/3960 dataset=stochastic_block_model perturbation=triangle_deletion alpha=1.0 seed=0 workflow=structural_statistics_mmd status=success
2026-06-16 16:10:26,314 INFO row_complete 438/3960 dataset=stochastic_block_model perturbation=triangle_deletion alpha=1.0 seed=0 workflow=wl_subtree_kernel_mmd status=success
2026-06-16 16:10:26,315 INFO row_complete 439/3960 dataset=stochastic_block_model perturbation=triangle_deletion alpha=1.0 seed=0 workflow=native_netlsd status=success
2026-06-16 16:10:26,315 INFO row_complete 440/3960 dataset=stochastic_block_model perturbation=triangle_deletion alpha=1.0 seed=0 workflow=diversity_curves_shortest_path status=success
2026-06-16 16:14:45,836 INFO row_complete 441/3960 dataset=stochastic_block_model perturbation=community_weakening alpha=0.0 seed=0 workflow=structural_statistics_mmd status=success
2026-06-16 16:14:45,837 INFO row_complete 442/3960 dataset=stochastic_block_model perturbation=community_weakening alpha=0.0 seed=0 workflow=wl_subtree_kernel_mmd status=success
2026-06-16 16:14:45,838 INFO row_complete 443/3960 dataset=stochastic_block_model perturbation=community_weakening alpha=0.0 seed=0 workflow=native_netlsd status=success
2026-06-16 16:14:45,839 INFO row_complete 444/3960 dataset=stochastic_block_model perturbation=community_weakening alpha=0.0 seed=0 workflow=diversity_curves_shortest_path status=success
2026-06-16 16:19:06,630 INFO row_complete 445/3960 dataset=stochastic_block_model perturbation=community_weakening alpha=0.1 seed=0 workflow=structural_statistics_mmd status=success
2026-06-16 16:19:06,631 INFO row_complete 446/3960 dataset=stochastic_block_model perturbation=community_weakening alpha=0.1 seed=0 workflow=wl_subtree_kernel_mmd status=success
2026-06-16 16:19:06,632 INFO row_complete 447/3960 dataset=stochastic_block_model perturbation=community_weakening alpha=0.1 seed=0 workflow=native_netlsd status=success
2026-06-16 16:19:06,633 INFO row_complete 448/3960 dataset=stochastic_block_model perturbation=community_weakening alpha=0.1 seed=0 workflow=diversity_curves_shortest_path status=success
2026-06-16 16:23:28,804 INFO row_complete 449/3960 dataset=stochastic_block_model perturbation=community_weakening alpha=0.2 seed=0 workflow=structural_statistics_mmd status=success
2026-06-16 16:23:28,806 INFO row_complete 450/3960 dataset=stochastic_block_model perturbation=community_weakening alpha=0.2 seed=0 workflow=wl_subtree_kernel_mmd status=success
2026-06-16 16:23:28,807 INFO row_complete 451/3960 dataset=stochastic_block_model perturbation=community_weakening alpha=0.2 seed=0 workflow=native_netlsd status=success
2026-06-16 16:23:28,807 INFO row_complete 452/3960 dataset=stochastic_block_model perturbation=community_weakening alpha=0.2 seed=0 workflow=diversity_curves_shortest_path status=success
2026-06-16 16:27:51,508 INFO row_complete 453/3960 dataset=stochastic_block_model perturbation=community_weakening alpha=0.3 seed=0 workflow=structural_statistics_mmd status=success
2026-06-16 16:27:51,509 INFO row_complete 454/3960 dataset=stochastic_block_model perturbation=community_weakening alpha=0.3 seed=0 workflow=wl_subtree_kernel_mmd status=success
2026-06-16 16:27:51,509 INFO row_complete 455/3960 dataset=stochastic_block_model perturbation=community_weakening alpha=0.3 seed=0 workflow=native_netlsd status=success
2026-06-16 16:27:51,510 INFO row_complete 456/3960 dataset=stochastic_block_model perturbation=community_weakening alpha=0.3 seed=0 workflow=diversity_curves_shortest_path status=success
2026-06-16 16:32:14,835 INFO row_complete 457/3960 dataset=stochastic_block_model perturbation=community_weakening alpha=0.4 seed=0 workflow=structural_statistics_mmd status=success
2026-06-16 16:32:14,836 INFO row_complete 458/3960 dataset=stochastic_block_model perturbation=community_weakening alpha=0.4 seed=0 workflow=wl_subtree_kernel_mmd status=success
2026-06-16 16:32:14,836 INFO row_complete 459/3960 dataset=stochastic_block_model perturbation=community_weakening alpha=0.4 seed=0 workflow=native_netlsd status=success
2026-06-16 16:32:14,837 INFO row_complete 460/3960 dataset=stochastic_block_model perturbation=community_weakening alpha=0.4 seed=0 workflow=diversity_curves_shortest_path status=success
2026-06-16 16:36:38,692 INFO row_complete 461/3960 dataset=stochastic_block_model perturbation=community_weakening alpha=0.5 seed=0 workflow=structural_statistics_mmd status=success
2026-06-16 16:36:38,693 INFO row_complete 462/3960 dataset=stochastic_block_model perturbation=community_weakening alpha=0.5 seed=0 workflow=wl_subtree_kernel_mmd status=success
2026-06-16 16:36:38,694 INFO row_complete 463/3960 dataset=stochastic_block_model perturbation=community_weakening alpha=0.5 seed=0 workflow=native_netlsd status=success
2026-06-16 16:36:38,695 INFO row_complete 464/3960 dataset=stochastic_block_model perturbation=community_weakening alpha=0.5 seed=0 workflow=diversity_curves_shortest_path status=success
2026-06-16 16:41:02,043 INFO row_complete 465/3960 dataset=stochastic_block_model perturbation=community_weakening alpha=0.6 seed=0 workflow=structural_statistics_mmd status=success
2026-06-16 16:41:02,044 INFO row_complete 466/3960 dataset=stochastic_block_model perturbation=community_weakening alpha=0.6 seed=0 workflow=wl_subtree_kernel_mmd status=success
2026-06-16 16:41:02,045 INFO row_complete 467/3960 dataset=stochastic_block_model perturbation=community_weakening alpha=0.6 seed=0 workflow=native_netlsd status=success
2026-06-16 16:41:02,046 INFO row_complete 468/3960 dataset=stochastic_block_model perturbation=community_weakening alpha=0.6 seed=0 workflow=diversity_curves_shortest_path status=success
2026-06-16 16:45:26,000 INFO row_complete 469/3960 dataset=stochastic_block_model perturbation=community_weakening alpha=0.7 seed=0 workflow=structural_statistics_mmd status=success
2026-06-16 16:45:26,001 INFO row_complete 470/3960 dataset=stochastic_block_model perturbation=community_weakening alpha=0.7 seed=0 workflow=wl_subtree_kernel_mmd status=success
2026-06-16 16:45:26,002 INFO row_complete 471/3960 dataset=stochastic_block_model perturbation=community_weakening alpha=0.7 seed=0 workflow=native_netlsd status=success
2026-06-16 16:45:26,002 INFO row_complete 472/3960 dataset=stochastic_block_model perturbation=community_weakening alpha=0.7 seed=0 workflow=diversity_curves_shortest_path status=success
2026-06-16 16:49:50,386 INFO row_complete 473/3960 dataset=stochastic_block_model perturbation=community_weakening alpha=0.8 seed=0 workflow=structural_statistics_mmd status=success
2026-06-16 16:49:50,387 INFO row_complete 474/3960 dataset=stochastic_block_model perturbation=community_weakening alpha=0.8 seed=0 workflow=wl_subtree_kernel_mmd status=success
2026-06-16 16:49:50,388 INFO row_complete 475/3960 dataset=stochastic_block_model perturbation=community_weakening alpha=0.8 seed=0 workflow=native_netlsd status=success
2026-06-16 16:49:50,389 INFO row_complete 476/3960 dataset=stochastic_block_model perturbation=community_weakening alpha=0.8 seed=0 workflow=diversity_curves_shortest_path status=success
2026-06-16 16:54:14,718 INFO row_complete 477/3960 dataset=stochastic_block_model perturbation=community_weakening alpha=0.9 seed=0 workflow=structural_statistics_mmd status=success
2026-06-16 16:54:14,719 INFO row_complete 478/3960 dataset=stochastic_block_model perturbation=community_weakening alpha=0.9 seed=0 workflow=wl_subtree_kernel_mmd status=success
2026-06-16 16:54:14,720 INFO row_complete 479/3960 dataset=stochastic_block_model perturbation=community_weakening alpha=0.9 seed=0 workflow=native_netlsd status=success
2026-06-16 16:54:14,721 INFO row_complete 480/3960 dataset=stochastic_block_model perturbation=community_weakening alpha=0.9 seed=0 workflow=diversity_curves_shortest_path status=success
2026-06-16 16:58:38,559 INFO row_complete 481/3960 dataset=stochastic_block_model perturbation=community_weakening alpha=1.0 seed=0 workflow=structural_statistics_mmd status=success
2026-06-16 16:58:38,560 INFO row_complete 482/3960 dataset=stochastic_block_model perturbation=community_weakening alpha=1.0 seed=0 workflow=wl_subtree_kernel_mmd status=success
2026-06-16 16:58:38,561 INFO row_complete 483/3960 dataset=stochastic_block_model perturbation=community_weakening alpha=1.0 seed=0 workflow=native_netlsd status=success
2026-06-16 16:58:38,562 INFO row_complete 484/3960 dataset=stochastic_block_model perturbation=community_weakening alpha=1.0 seed=0 workflow=diversity_curves_shortest_path status=success
2026-06-16 17:02:59,057 INFO row_complete 485/3960 dataset=stochastic_block_model perturbation=hub_modification alpha=0.0 seed=0 workflow=structural_statistics_mmd status=success
2026-06-16 17:02:59,058 INFO row_complete 486/3960 dataset=stochastic_block_model perturbation=hub_modification alpha=0.0 seed=0 workflow=wl_subtree_kernel_mmd status=success
2026-06-16 17:02:59,059 INFO row_complete 487/3960 dataset=stochastic_block_model perturbation=hub_modification alpha=0.0 seed=0 workflow=native_netlsd status=success
2026-06-16 17:02:59,059 INFO row_complete 488/3960 dataset=stochastic_block_model perturbation=hub_modification alpha=0.0 seed=0 workflow=diversity_curves_shortest_path status=success
2026-06-16 17:07:19,980 INFO row_complete 489/3960 dataset=stochastic_block_model perturbation=hub_modification alpha=0.1 seed=0 workflow=structural_statistics_mmd status=success
2026-06-16 17:07:19,981 INFO row_complete 490/3960 dataset=stochastic_block_model perturbation=hub_modification alpha=0.1 seed=0 workflow=wl_subtree_kernel_mmd status=success
2026-06-16 17:07:19,982 INFO row_complete 491/3960 dataset=stochastic_block_model perturbation=hub_modification alpha=0.1 seed=0 workflow=native_netlsd status=success
2026-06-16 17:07:19,983 INFO row_complete 492/3960 dataset=stochastic_block_model perturbation=hub_modification alpha=0.1 seed=0 workflow=diversity_curves_shortest_path status=success
2026-06-16 17:11:41,766 INFO row_complete 493/3960 dataset=stochastic_block_model perturbation=hub_modification alpha=0.2 seed=0 workflow=structural_statistics_mmd status=success
2026-06-16 17:11:41,767 INFO row_complete 494/3960 dataset=stochastic_block_model perturbation=hub_modification alpha=0.2 seed=0 workflow=wl_subtree_kernel_mmd status=success
2026-06-16 17:11:41,768 INFO row_complete 495/3960 dataset=stochastic_block_model perturbation=hub_modification alpha=0.2 seed=0 workflow=native_netlsd status=success
2026-06-16 17:11:41,769 INFO row_complete 496/3960 dataset=stochastic_block_model perturbation=hub_modification alpha=0.2 seed=0 workflow=diversity_curves_shortest_path status=success
2026-06-16 17:16:02,764 INFO row_complete 497/3960 dataset=stochastic_block_model perturbation=hub_modification alpha=0.3 seed=0 workflow=structural_statistics_mmd status=success
2026-06-16 17:16:02,765 INFO row_complete 498/3960 dataset=stochastic_block_model perturbation=hub_modification alpha=0.3 seed=0 workflow=wl_subtree_kernel_mmd status=success
2026-06-16 17:16:02,766 INFO row_complete 499/3960 dataset=stochastic_block_model perturbation=hub_modification alpha=0.3 seed=0 workflow=native_netlsd status=success
2026-06-16 17:16:02,767 INFO row_complete 500/3960 dataset=stochastic_block_model perturbation=hub_modification alpha=0.3 seed=0 workflow=diversity_curves_shortest_path status=success
2026-06-16 17:20:23,548 INFO row_complete 501/3960 dataset=stochastic_block_model perturbation=hub_modification alpha=0.4 seed=0 workflow=structural_statistics_mmd status=success
2026-06-16 17:20:23,549 INFO row_complete 502/3960 dataset=stochastic_block_model perturbation=hub_modification alpha=0.4 seed=0 workflow=wl_subtree_kernel_mmd status=success
2026-06-16 17:20:23,550 INFO row_complete 503/3960 dataset=stochastic_block_model perturbation=hub_modification alpha=0.4 seed=0 workflow=native_netlsd status=success
2026-06-16 17:20:23,551 INFO row_complete 504/3960 dataset=stochastic_block_model perturbation=hub_modification alpha=0.4 seed=0 workflow=diversity_curves_shortest_path status=success
2026-06-16 17:24:44,316 INFO row_complete 505/3960 dataset=stochastic_block_model perturbation=hub_modification alpha=0.5 seed=0 workflow=structural_statistics_mmd status=success
2026-06-16 17:24:44,317 INFO row_complete 506/3960 dataset=stochastic_block_model perturbation=hub_modification alpha=0.5 seed=0 workflow=wl_subtree_kernel_mmd status=success
2026-06-16 17:24:44,318 INFO row_complete 507/3960 dataset=stochastic_block_model perturbation=hub_modification alpha=0.5 seed=0 workflow=native_netlsd status=success
2026-06-16 17:24:44,319 INFO row_complete 508/3960 dataset=stochastic_block_model perturbation=hub_modification alpha=0.5 seed=0 workflow=diversity_curves_shortest_path status=success
2026-06-16 17:29:05,002 INFO row_complete 509/3960 dataset=stochastic_block_model perturbation=hub_modification alpha=0.6 seed=0 workflow=structural_statistics_mmd status=success
2026-06-16 17:29:05,003 INFO row_complete 510/3960 dataset=stochastic_block_model perturbation=hub_modification alpha=0.6 seed=0 workflow=wl_subtree_kernel_mmd status=success
2026-06-16 17:29:05,004 INFO row_complete 511/3960 dataset=stochastic_block_model perturbation=hub_modification alpha=0.6 seed=0 workflow=native_netlsd status=success
2026-06-16 17:29:05,005 INFO row_complete 512/3960 dataset=stochastic_block_model perturbation=hub_modification alpha=0.6 seed=0 workflow=diversity_curves_shortest_path status=success
2026-06-16 17:33:25,035 INFO row_complete 513/3960 dataset=stochastic_block_model perturbation=hub_modification alpha=0.7 seed=0 workflow=structural_statistics_mmd status=success
2026-06-16 17:33:25,036 INFO row_complete 514/3960 dataset=stochastic_block_model perturbation=hub_modification alpha=0.7 seed=0 workflow=wl_subtree_kernel_mmd status=success
2026-06-16 17:33:25,037 INFO row_complete 515/3960 dataset=stochastic_block_model perturbation=hub_modification alpha=0.7 seed=0 workflow=native_netlsd status=success
2026-06-16 17:33:25,038 INFO row_complete 516/3960 dataset=stochastic_block_model perturbation=hub_modification alpha=0.7 seed=0 workflow=diversity_curves_shortest_path status=success
2026-06-16 17:37:45,245 INFO row_complete 517/3960 dataset=stochastic_block_model perturbation=hub_modification alpha=0.8 seed=0 workflow=structural_statistics_mmd status=success
2026-06-16 17:37:45,246 INFO row_complete 518/3960 dataset=stochastic_block_model perturbation=hub_modification alpha=0.8 seed=0 workflow=wl_subtree_kernel_mmd status=success
2026-06-16 17:37:45,247 INFO row_complete 519/3960 dataset=stochastic_block_model perturbation=hub_modification alpha=0.8 seed=0 workflow=native_netlsd status=success
2026-06-16 17:37:45,248 INFO row_complete 520/3960 dataset=stochastic_block_model perturbation=hub_modification alpha=0.8 seed=0 workflow=diversity_curves_shortest_path status=success
2026-06-16 17:42:05,495 INFO row_complete 521/3960 dataset=stochastic_block_model perturbation=hub_modification alpha=0.9 seed=0 workflow=structural_statistics_mmd status=success
2026-06-16 17:42:05,496 INFO row_complete 522/3960 dataset=stochastic_block_model perturbation=hub_modification alpha=0.9 seed=0 workflow=wl_subtree_kernel_mmd status=success
2026-06-16 17:42:05,497 INFO row_complete 523/3960 dataset=stochastic_block_model perturbation=hub_modification alpha=0.9 seed=0 workflow=native_netlsd status=success
2026-06-16 17:42:05,498 INFO row_complete 524/3960 dataset=stochastic_block_model perturbation=hub_modification alpha=0.9 seed=0 workflow=diversity_curves_shortest_path status=success
2026-06-16 17:46:26,765 INFO row_complete 525/3960 dataset=stochastic_block_model perturbation=hub_modification alpha=1.0 seed=0 workflow=structural_statistics_mmd status=success
2026-06-16 17:46:26,767 INFO row_complete 526/3960 dataset=stochastic_block_model perturbation=hub_modification alpha=1.0 seed=0 workflow=wl_subtree_kernel_mmd status=success
2026-06-16 17:46:26,767 INFO row_complete 527/3960 dataset=stochastic_block_model perturbation=hub_modification alpha=1.0 seed=0 workflow=native_netlsd status=success
2026-06-16 17:46:26,768 INFO row_complete 528/3960 dataset=stochastic_block_model perturbation=hub_modification alpha=1.0 seed=0 workflow=diversity_curves_shortest_path status=success
2026-06-16 17:50:13,249 INFO row_complete 529/3960 dataset=barabasi_albert perturbation=edge_insertion alpha=0.0 seed=0 workflow=structural_statistics_mmd status=success
2026-06-16 17:50:13,250 INFO row_complete 530/3960 dataset=barabasi_albert perturbation=edge_insertion alpha=0.0 seed=0 workflow=wl_subtree_kernel_mmd status=success
2026-06-16 17:50:13,251 INFO row_complete 531/3960 dataset=barabasi_albert perturbation=edge_insertion alpha=0.0 seed=0 workflow=native_netlsd status=success
2026-06-16 17:50:13,251 INFO row_complete 532/3960 dataset=barabasi_albert perturbation=edge_insertion alpha=0.0 seed=0 workflow=diversity_curves_shortest_path status=success
2026-06-16 17:54:07,038 INFO row_complete 533/3960 dataset=barabasi_albert perturbation=edge_insertion alpha=0.1 seed=0 workflow=structural_statistics_mmd status=success
2026-06-16 17:54:07,039 INFO row_complete 534/3960 dataset=barabasi_albert perturbation=edge_insertion alpha=0.1 seed=0 workflow=wl_subtree_kernel_mmd status=success
2026-06-16 17:54:07,040 INFO row_complete 535/3960 dataset=barabasi_albert perturbation=edge_insertion alpha=0.1 seed=0 workflow=native_netlsd status=success
2026-06-16 17:54:07,041 INFO row_complete 536/3960 dataset=barabasi_albert perturbation=edge_insertion alpha=0.1 seed=0 workflow=diversity_curves_shortest_path status=success
2026-06-16 17:58:08,155 INFO row_complete 537/3960 dataset=barabasi_albert perturbation=edge_insertion alpha=0.2 seed=0 workflow=structural_statistics_mmd status=success
2026-06-16 17:58:08,156 INFO row_complete 538/3960 dataset=barabasi_albert perturbation=edge_insertion alpha=0.2 seed=0 workflow=wl_subtree_kernel_mmd status=success
2026-06-16 17:58:08,157 INFO row_complete 539/3960 dataset=barabasi_albert perturbation=edge_insertion alpha=0.2 seed=0 workflow=native_netlsd status=success
2026-06-16 17:58:08,158 INFO row_complete 540/3960 dataset=barabasi_albert perturbation=edge_insertion alpha=0.2 seed=0 workflow=diversity_curves_shortest_path status=success
2026-06-16 18:02:17,300 INFO row_complete 541/3960 dataset=barabasi_albert perturbation=edge_insertion alpha=0.3 seed=0 workflow=structural_statistics_mmd status=success
2026-06-16 18:02:17,301 INFO row_complete 542/3960 dataset=barabasi_albert perturbation=edge_insertion alpha=0.3 seed=0 workflow=wl_subtree_kernel_mmd status=success
2026-06-16 18:02:17,302 INFO row_complete 543/3960 dataset=barabasi_albert perturbation=edge_insertion alpha=0.3 seed=0 workflow=native_netlsd status=success
2026-06-16 18:02:17,303 INFO row_complete 544/3960 dataset=barabasi_albert perturbation=edge_insertion alpha=0.3 seed=0 workflow=diversity_curves_shortest_path status=success
2026-06-16 18:06:35,736 INFO row_complete 545/3960 dataset=barabasi_albert perturbation=edge_insertion alpha=0.4 seed=0 workflow=structural_statistics_mmd status=success
2026-06-16 18:06:35,737 INFO row_complete 546/3960 dataset=barabasi_albert perturbation=edge_insertion alpha=0.4 seed=0 workflow=wl_subtree_kernel_mmd status=success
2026-06-16 18:06:35,738 INFO row_complete 547/3960 dataset=barabasi_albert perturbation=edge_insertion alpha=0.4 seed=0 workflow=native_netlsd status=success
2026-06-16 18:06:35,739 INFO row_complete 548/3960 dataset=barabasi_albert perturbation=edge_insertion alpha=0.4 seed=0 workflow=diversity_curves_shortest_path status=success
2026-06-16 18:11:04,188 INFO row_complete 549/3960 dataset=barabasi_albert perturbation=edge_insertion alpha=0.5 seed=0 workflow=structural_statistics_mmd status=success
2026-06-16 18:11:04,189 INFO row_complete 550/3960 dataset=barabasi_albert perturbation=edge_insertion alpha=0.5 seed=0 workflow=wl_subtree_kernel_mmd status=success
2026-06-16 18:11:04,190 INFO row_complete 551/3960 dataset=barabasi_albert perturbation=edge_insertion alpha=0.5 seed=0 workflow=native_netlsd status=success
2026-06-16 18:11:04,191 INFO row_complete 552/3960 dataset=barabasi_albert perturbation=edge_insertion alpha=0.5 seed=0 workflow=diversity_curves_shortest_path status=success
2026-06-16 18:15:42,672 INFO row_complete 553/3960 dataset=barabasi_albert perturbation=edge_insertion alpha=0.6 seed=0 workflow=structural_statistics_mmd status=success
2026-06-16 18:15:42,673 INFO row_complete 554/3960 dataset=barabasi_albert perturbation=edge_insertion alpha=0.6 seed=0 workflow=wl_subtree_kernel_mmd status=success
2026-06-16 18:15:42,674 INFO row_complete 555/3960 dataset=barabasi_albert perturbation=edge_insertion alpha=0.6 seed=0 workflow=native_netlsd status=success
2026-06-16 18:15:42,674 INFO row_complete 556/3960 dataset=barabasi_albert perturbation=edge_insertion alpha=0.6 seed=0 workflow=diversity_curves_shortest_path status=success
2026-06-16 18:20:28,830 INFO row_complete 557/3960 dataset=barabasi_albert perturbation=edge_insertion alpha=0.7 seed=0 workflow=structural_statistics_mmd status=success
2026-06-16 18:20:28,831 INFO row_complete 558/3960 dataset=barabasi_albert perturbation=edge_insertion alpha=0.7 seed=0 workflow=wl_subtree_kernel_mmd status=success
2026-06-16 18:20:28,832 INFO row_complete 559/3960 dataset=barabasi_albert perturbation=edge_insertion alpha=0.7 seed=0 workflow=native_netlsd status=success
2026-06-16 18:20:28,833 INFO row_complete 560/3960 dataset=barabasi_albert perturbation=edge_insertion alpha=0.7 seed=0 workflow=diversity_curves_shortest_path status=success
2026-06-16 18:25:26,960 INFO row_complete 561/3960 dataset=barabasi_albert perturbation=edge_insertion alpha=0.8 seed=0 workflow=structural_statistics_mmd status=success
2026-06-16 18:25:26,961 INFO row_complete 562/3960 dataset=barabasi_albert perturbation=edge_insertion alpha=0.8 seed=0 workflow=wl_subtree_kernel_mmd status=success
2026-06-16 18:25:26,962 INFO row_complete 563/3960 dataset=barabasi_albert perturbation=edge_insertion alpha=0.8 seed=0 workflow=native_netlsd status=success
2026-06-16 18:25:26,963 INFO row_complete 564/3960 dataset=barabasi_albert perturbation=edge_insertion alpha=0.8 seed=0 workflow=diversity_curves_shortest_path status=success
2026-06-16 18:30:37,572 INFO row_complete 565/3960 dataset=barabasi_albert perturbation=edge_insertion alpha=0.9 seed=0 workflow=structural_statistics_mmd status=success
2026-06-16 18:30:37,573 INFO row_complete 566/3960 dataset=barabasi_albert perturbation=edge_insertion alpha=0.9 seed=0 workflow=wl_subtree_kernel_mmd status=success
2026-06-16 18:30:37,574 INFO row_complete 567/3960 dataset=barabasi_albert perturbation=edge_insertion alpha=0.9 seed=0 workflow=native_netlsd status=success
2026-06-16 18:30:37,575 INFO row_complete 568/3960 dataset=barabasi_albert perturbation=edge_insertion alpha=0.9 seed=0 workflow=diversity_curves_shortest_path status=success
2026-06-16 18:35:57,549 INFO row_complete 569/3960 dataset=barabasi_albert perturbation=edge_insertion alpha=1.0 seed=0 workflow=structural_statistics_mmd status=success
2026-06-16 18:35:57,550 INFO row_complete 570/3960 dataset=barabasi_albert perturbation=edge_insertion alpha=1.0 seed=0 workflow=wl_subtree_kernel_mmd status=success
2026-06-16 18:35:57,551 INFO row_complete 571/3960 dataset=barabasi_albert perturbation=edge_insertion alpha=1.0 seed=0 workflow=native_netlsd status=success
2026-06-16 18:35:57,552 INFO row_complete 572/3960 dataset=barabasi_albert perturbation=edge_insertion alpha=1.0 seed=0 workflow=diversity_curves_shortest_path status=success
2026-06-16 18:39:43,750 INFO row_complete 573/3960 dataset=barabasi_albert perturbation=edge_deletion alpha=0.0 seed=0 workflow=structural_statistics_mmd status=success
2026-06-16 18:39:43,751 INFO row_complete 574/3960 dataset=barabasi_albert perturbation=edge_deletion alpha=0.0 seed=0 workflow=wl_subtree_kernel_mmd status=success
2026-06-16 18:39:43,752 INFO row_complete 575/3960 dataset=barabasi_albert perturbation=edge_deletion alpha=0.0 seed=0 workflow=native_netlsd status=success
2026-06-16 18:39:43,752 INFO row_complete 576/3960 dataset=barabasi_albert perturbation=edge_deletion alpha=0.0 seed=0 workflow=diversity_curves_shortest_path status=success
2026-06-16 18:43:23,109 INFO row_complete 577/3960 dataset=barabasi_albert perturbation=edge_deletion alpha=0.1 seed=0 workflow=structural_statistics_mmd status=success
2026-06-16 18:43:23,111 INFO row_complete 578/3960 dataset=barabasi_albert perturbation=edge_deletion alpha=0.1 seed=0 workflow=wl_subtree_kernel_mmd status=success
2026-06-16 18:43:23,112 INFO row_complete 579/3960 dataset=barabasi_albert perturbation=edge_deletion alpha=0.1 seed=0 workflow=native_netlsd status=success
2026-06-16 18:43:23,112 INFO row_complete 580/3960 dataset=barabasi_albert perturbation=edge_deletion alpha=0.1 seed=0 workflow=diversity_curves_shortest_path status=success
2026-06-16 18:46:53,515 INFO row_complete 581/3960 dataset=barabasi_albert perturbation=edge_deletion alpha=0.2 seed=0 workflow=structural_statistics_mmd status=success
2026-06-16 18:46:53,516 INFO row_complete 582/3960 dataset=barabasi_albert perturbation=edge_deletion alpha=0.2 seed=0 workflow=wl_subtree_kernel_mmd status=success
2026-06-16 18:46:53,517 INFO row_complete 583/3960 dataset=barabasi_albert perturbation=edge_deletion alpha=0.2 seed=0 workflow=native_netlsd status=success
2026-06-16 18:46:53,517 INFO row_complete 584/3960 dataset=barabasi_albert perturbation=edge_deletion alpha=0.2 seed=0 workflow=diversity_curves_shortest_path status=success
2026-06-16 18:50:16,176 INFO row_complete 585/3960 dataset=barabasi_albert perturbation=edge_deletion alpha=0.3 seed=0 workflow=structural_statistics_mmd status=success
2026-06-16 18:50:16,177 INFO row_complete 586/3960 dataset=barabasi_albert perturbation=edge_deletion alpha=0.3 seed=0 workflow=wl_subtree_kernel_mmd status=success
2026-06-16 18:50:16,178 INFO row_complete 587/3960 dataset=barabasi_albert perturbation=edge_deletion alpha=0.3 seed=0 workflow=native_netlsd status=success
2026-06-16 18:50:16,179 INFO row_complete 588/3960 dataset=barabasi_albert perturbation=edge_deletion alpha=0.3 seed=0 workflow=diversity_curves_shortest_path status=success
2026-06-16 18:53:31,595 INFO row_complete 589/3960 dataset=barabasi_albert perturbation=edge_deletion alpha=0.4 seed=0 workflow=structural_statistics_mmd status=success
2026-06-16 18:53:31,596 INFO row_complete 590/3960 dataset=barabasi_albert perturbation=edge_deletion alpha=0.4 seed=0 workflow=wl_subtree_kernel_mmd status=success
2026-06-16 18:53:31,597 INFO row_complete 591/3960 dataset=barabasi_albert perturbation=edge_deletion alpha=0.4 seed=0 workflow=native_netlsd status=success
2026-06-16 18:53:31,598 INFO row_complete 592/3960 dataset=barabasi_albert perturbation=edge_deletion alpha=0.4 seed=0 workflow=diversity_curves_shortest_path status=success
2026-06-16 18:56:38,849 INFO row_complete 593/3960 dataset=barabasi_albert perturbation=edge_deletion alpha=0.5 seed=0 workflow=structural_statistics_mmd status=success
2026-06-16 18:56:38,850 INFO row_complete 594/3960 dataset=barabasi_albert perturbation=edge_deletion alpha=0.5 seed=0 workflow=wl_subtree_kernel_mmd status=success
2026-06-16 18:56:38,851 INFO row_complete 595/3960 dataset=barabasi_albert perturbation=edge_deletion alpha=0.5 seed=0 workflow=native_netlsd status=success
2026-06-16 18:56:38,852 INFO row_complete 596/3960 dataset=barabasi_albert perturbation=edge_deletion alpha=0.5 seed=0 workflow=diversity_curves_shortest_path status=success
2026-06-16 18:59:35,887 INFO row_complete 597/3960 dataset=barabasi_albert perturbation=edge_deletion alpha=0.6 seed=0 workflow=structural_statistics_mmd status=success
2026-06-16 18:59:35,889 INFO row_complete 598/3960 dataset=barabasi_albert perturbation=edge_deletion alpha=0.6 seed=0 workflow=wl_subtree_kernel_mmd status=success
2026-06-16 18:59:35,889 INFO row_complete 599/3960 dataset=barabasi_albert perturbation=edge_deletion alpha=0.6 seed=0 workflow=native_netlsd status=success
2026-06-16 18:59:35,890 INFO row_complete 600/3960 dataset=barabasi_albert perturbation=edge_deletion alpha=0.6 seed=0 workflow=diversity_curves_shortest_path status=success
2026-06-16 19:02:11,907 INFO row_complete 601/3960 dataset=barabasi_albert perturbation=edge_deletion alpha=0.7 seed=0 workflow=structural_statistics_mmd status=success
2026-06-16 19:02:11,908 INFO row_complete 602/3960 dataset=barabasi_albert perturbation=edge_deletion alpha=0.7 seed=0 workflow=wl_subtree_kernel_mmd status=success
2026-06-16 19:02:11,908 INFO row_complete 603/3960 dataset=barabasi_albert perturbation=edge_deletion alpha=0.7 seed=0 workflow=native_netlsd status=success
2026-06-16 19:02:11,909 INFO row_complete 604/3960 dataset=barabasi_albert perturbation=edge_deletion alpha=0.7 seed=0 workflow=diversity_curves_shortest_path status=success
2026-06-16 19:04:25,355 INFO row_complete 605/3960 dataset=barabasi_albert perturbation=edge_deletion alpha=0.8 seed=0 workflow=structural_statistics_mmd status=success
2026-06-16 19:04:25,357 INFO row_complete 606/3960 dataset=barabasi_albert perturbation=edge_deletion alpha=0.8 seed=0 workflow=wl_subtree_kernel_mmd status=success
2026-06-16 19:04:25,357 INFO row_complete 607/3960 dataset=barabasi_albert perturbation=edge_deletion alpha=0.8 seed=0 workflow=native_netlsd status=success
2026-06-16 19:04:25,358 INFO row_complete 608/3960 dataset=barabasi_albert perturbation=edge_deletion alpha=0.8 seed=0 workflow=diversity_curves_shortest_path status=success
2026-06-16 19:06:27,569 INFO row_complete 609/3960 dataset=barabasi_albert perturbation=edge_deletion alpha=0.9 seed=0 workflow=structural_statistics_mmd status=success
2026-06-16 19:06:27,570 INFO row_complete 610/3960 dataset=barabasi_albert perturbation=edge_deletion alpha=0.9 seed=0 workflow=wl_subtree_kernel_mmd status=success
2026-06-16 19:06:27,571 INFO row_complete 611/3960 dataset=barabasi_albert perturbation=edge_deletion alpha=0.9 seed=0 workflow=native_netlsd status=success
2026-06-16 19:06:27,572 INFO row_complete 612/3960 dataset=barabasi_albert perturbation=edge_deletion alpha=0.9 seed=0 workflow=diversity_curves_shortest_path status=success
2026-06-16 19:08:26,572 INFO row_complete 613/3960 dataset=barabasi_albert perturbation=edge_deletion alpha=1.0 seed=0 workflow=structural_statistics_mmd status=success
2026-06-16 19:08:26,573 INFO row_complete 614/3960 dataset=barabasi_albert perturbation=edge_deletion alpha=1.0 seed=0 workflow=wl_subtree_kernel_mmd status=success
2026-06-16 19:08:26,574 INFO row_complete 615/3960 dataset=barabasi_albert perturbation=edge_deletion alpha=1.0 seed=0 workflow=native_netlsd status=success
2026-06-16 19:08:26,575 INFO row_complete 616/3960 dataset=barabasi_albert perturbation=edge_deletion alpha=1.0 seed=0 workflow=diversity_curves_shortest_path status=success
2026-06-16 19:12:14,381 INFO row_complete 617/3960 dataset=barabasi_albert perturbation=triangle_insertion alpha=0.0 seed=0 workflow=structural_statistics_mmd status=success
2026-06-16 19:12:14,382 INFO row_complete 618/3960 dataset=barabasi_albert perturbation=triangle_insertion alpha=0.0 seed=0 workflow=wl_subtree_kernel_mmd status=success
2026-06-16 19:12:14,383 INFO row_complete 619/3960 dataset=barabasi_albert perturbation=triangle_insertion alpha=0.0 seed=0 workflow=native_netlsd status=success
2026-06-16 19:12:14,384 INFO row_complete 620/3960 dataset=barabasi_albert perturbation=triangle_insertion alpha=0.0 seed=0 workflow=diversity_curves_shortest_path status=success
2026-06-16 19:16:07,655 INFO row_complete 621/3960 dataset=barabasi_albert perturbation=triangle_insertion alpha=0.1 seed=0 workflow=structural_statistics_mmd status=success
2026-06-16 19:16:07,657 INFO row_complete 622/3960 dataset=barabasi_albert perturbation=triangle_insertion alpha=0.1 seed=0 workflow=wl_subtree_kernel_mmd status=success
2026-06-16 19:16:07,658 INFO row_complete 623/3960 dataset=barabasi_albert perturbation=triangle_insertion alpha=0.1 seed=0 workflow=native_netlsd status=success
2026-06-16 19:16:07,658 INFO row_complete 624/3960 dataset=barabasi_albert perturbation=triangle_insertion alpha=0.1 seed=0 workflow=diversity_curves_shortest_path status=success
2026-06-16 19:20:07,794 INFO row_complete 625/3960 dataset=barabasi_albert perturbation=triangle_insertion alpha=0.2 seed=0 workflow=structural_statistics_mmd status=success
2026-06-16 19:20:07,795 INFO row_complete 626/3960 dataset=barabasi_albert perturbation=triangle_insertion alpha=0.2 seed=0 workflow=wl_subtree_kernel_mmd status=success
2026-06-16 19:20:07,796 INFO row_complete 627/3960 dataset=barabasi_albert perturbation=triangle_insertion alpha=0.2 seed=0 workflow=native_netlsd status=success
2026-06-16 19:20:07,797 INFO row_complete 628/3960 dataset=barabasi_albert perturbation=triangle_insertion alpha=0.2 seed=0 workflow=diversity_curves_shortest_path status=success
2026-06-16 19:24:15,419 INFO row_complete 629/3960 dataset=barabasi_albert perturbation=triangle_insertion alpha=0.3 seed=0 workflow=structural_statistics_mmd status=success
2026-06-16 19:24:15,420 INFO row_complete 630/3960 dataset=barabasi_albert perturbation=triangle_insertion alpha=0.3 seed=0 workflow=wl_subtree_kernel_mmd status=success
2026-06-16 19:24:15,421 INFO row_complete 631/3960 dataset=barabasi_albert perturbation=triangle_insertion alpha=0.3 seed=0 workflow=native_netlsd status=success
2026-06-16 19:24:15,422 INFO row_complete 632/3960 dataset=barabasi_albert perturbation=triangle_insertion alpha=0.3 seed=0 workflow=diversity_curves_shortest_path status=success
2026-06-16 19:28:30,496 INFO row_complete 633/3960 dataset=barabasi_albert perturbation=triangle_insertion alpha=0.4 seed=0 workflow=structural_statistics_mmd status=success
2026-06-16 19:28:30,497 INFO row_complete 634/3960 dataset=barabasi_albert perturbation=triangle_insertion alpha=0.4 seed=0 workflow=wl_subtree_kernel_mmd status=success
2026-06-16 19:28:30,498 INFO row_complete 635/3960 dataset=barabasi_albert perturbation=triangle_insertion alpha=0.4 seed=0 workflow=native_netlsd status=success
2026-06-16 19:28:30,499 INFO row_complete 636/3960 dataset=barabasi_albert perturbation=triangle_insertion alpha=0.4 seed=0 workflow=diversity_curves_shortest_path status=success
2026-06-16 19:32:54,105 INFO row_complete 637/3960 dataset=barabasi_albert perturbation=triangle_insertion alpha=0.5 seed=0 workflow=structural_statistics_mmd status=success
2026-06-16 19:32:54,106 INFO row_complete 638/3960 dataset=barabasi_albert perturbation=triangle_insertion alpha=0.5 seed=0 workflow=wl_subtree_kernel_mmd status=success
2026-06-16 19:32:54,107 INFO row_complete 639/3960 dataset=barabasi_albert perturbation=triangle_insertion alpha=0.5 seed=0 workflow=native_netlsd status=success
2026-06-16 19:32:54,108 INFO row_complete 640/3960 dataset=barabasi_albert perturbation=triangle_insertion alpha=0.5 seed=0 workflow=diversity_curves_shortest_path status=success
2026-06-16 19:37:26,878 INFO row_complete 641/3960 dataset=barabasi_albert perturbation=triangle_insertion alpha=0.6 seed=0 workflow=structural_statistics_mmd status=success
2026-06-16 19:37:26,879 INFO row_complete 642/3960 dataset=barabasi_albert perturbation=triangle_insertion alpha=0.6 seed=0 workflow=wl_subtree_kernel_mmd status=success
2026-06-16 19:37:26,880 INFO row_complete 643/3960 dataset=barabasi_albert perturbation=triangle_insertion alpha=0.6 seed=0 workflow=native_netlsd status=success
2026-06-16 19:37:26,881 INFO row_complete 644/3960 dataset=barabasi_albert perturbation=triangle_insertion alpha=0.6 seed=0 workflow=diversity_curves_shortest_path status=success
2026-06-16 19:42:08,334 INFO row_complete 645/3960 dataset=barabasi_albert perturbation=triangle_insertion alpha=0.7 seed=0 workflow=structural_statistics_mmd status=success
2026-06-16 19:42:08,335 INFO row_complete 646/3960 dataset=barabasi_albert perturbation=triangle_insertion alpha=0.7 seed=0 workflow=wl_subtree_kernel_mmd status=success
2026-06-16 19:42:08,336 INFO row_complete 647/3960 dataset=barabasi_albert perturbation=triangle_insertion alpha=0.7 seed=0 workflow=native_netlsd status=success
2026-06-16 19:42:08,337 INFO row_complete 648/3960 dataset=barabasi_albert perturbation=triangle_insertion alpha=0.7 seed=0 workflow=diversity_curves_shortest_path status=success
2026-06-16 19:47:00,445 INFO row_complete 649/3960 dataset=barabasi_albert perturbation=triangle_insertion alpha=0.8 seed=0 workflow=structural_statistics_mmd status=success
2026-06-16 19:47:00,446 INFO row_complete 650/3960 dataset=barabasi_albert perturbation=triangle_insertion alpha=0.8 seed=0 workflow=wl_subtree_kernel_mmd status=success
2026-06-16 19:47:00,447 INFO row_complete 651/3960 dataset=barabasi_albert perturbation=triangle_insertion alpha=0.8 seed=0 workflow=native_netlsd status=success
2026-06-16 19:47:00,448 INFO row_complete 652/3960 dataset=barabasi_albert perturbation=triangle_insertion alpha=0.8 seed=0 workflow=diversity_curves_shortest_path status=success
2026-06-16 19:52:02,573 INFO row_complete 653/3960 dataset=barabasi_albert perturbation=triangle_insertion alpha=0.9 seed=0 workflow=structural_statistics_mmd status=success
2026-06-16 19:52:02,574 INFO row_complete 654/3960 dataset=barabasi_albert perturbation=triangle_insertion alpha=0.9 seed=0 workflow=wl_subtree_kernel_mmd status=success
2026-06-16 19:52:02,576 INFO row_complete 655/3960 dataset=barabasi_albert perturbation=triangle_insertion alpha=0.9 seed=0 workflow=native_netlsd status=success
2026-06-16 19:52:02,576 INFO row_complete 656/3960 dataset=barabasi_albert perturbation=triangle_insertion alpha=0.9 seed=0 workflow=diversity_curves_shortest_path status=success
2026-06-16 19:57:13,887 INFO row_complete 657/3960 dataset=barabasi_albert perturbation=triangle_insertion alpha=1.0 seed=0 workflow=structural_statistics_mmd status=success
2026-06-16 19:57:13,888 INFO row_complete 658/3960 dataset=barabasi_albert perturbation=triangle_insertion alpha=1.0 seed=0 workflow=wl_subtree_kernel_mmd status=success
2026-06-16 19:57:13,889 INFO row_complete 659/3960 dataset=barabasi_albert perturbation=triangle_insertion alpha=1.0 seed=0 workflow=native_netlsd status=success
2026-06-16 19:57:13,890 INFO row_complete 660/3960 dataset=barabasi_albert perturbation=triangle_insertion alpha=1.0 seed=0 workflow=diversity_curves_shortest_path status=success
2026-06-16 20:01:00,917 INFO row_complete 661/3960 dataset=barabasi_albert perturbation=triangle_deletion alpha=0.0 seed=0 workflow=structural_statistics_mmd status=success
2026-06-16 20:01:00,919 INFO row_complete 662/3960 dataset=barabasi_albert perturbation=triangle_deletion alpha=0.0 seed=0 workflow=wl_subtree_kernel_mmd status=success
2026-06-16 20:01:00,919 INFO row_complete 663/3960 dataset=barabasi_albert perturbation=triangle_deletion alpha=0.0 seed=0 workflow=native_netlsd status=success
2026-06-16 20:01:00,920 INFO row_complete 664/3960 dataset=barabasi_albert perturbation=triangle_deletion alpha=0.0 seed=0 workflow=diversity_curves_shortest_path status=success
2026-06-16 20:04:41,450 INFO row_complete 665/3960 dataset=barabasi_albert perturbation=triangle_deletion alpha=0.1 seed=0 workflow=structural_statistics_mmd status=success
2026-06-16 20:04:41,452 INFO row_complete 666/3960 dataset=barabasi_albert perturbation=triangle_deletion alpha=0.1 seed=0 workflow=wl_subtree_kernel_mmd status=success
2026-06-16 20:04:41,453 INFO row_complete 667/3960 dataset=barabasi_albert perturbation=triangle_deletion alpha=0.1 seed=0 workflow=native_netlsd status=success
2026-06-16 20:04:41,453 INFO row_complete 668/3960 dataset=barabasi_albert perturbation=triangle_deletion alpha=0.1 seed=0 workflow=diversity_curves_shortest_path status=success
2026-06-16 20:08:14,265 INFO row_complete 669/3960 dataset=barabasi_albert perturbation=triangle_deletion alpha=0.2 seed=0 workflow=structural_statistics_mmd status=success
2026-06-16 20:08:14,267 INFO row_complete 670/3960 dataset=barabasi_albert perturbation=triangle_deletion alpha=0.2 seed=0 workflow=wl_subtree_kernel_mmd status=success
2026-06-16 20:08:14,267 INFO row_complete 671/3960 dataset=barabasi_albert perturbation=triangle_deletion alpha=0.2 seed=0 workflow=native_netlsd status=success
2026-06-16 20:08:14,268 INFO row_complete 672/3960 dataset=barabasi_albert perturbation=triangle_deletion alpha=0.2 seed=0 workflow=diversity_curves_shortest_path status=success
2026-06-16 20:11:39,469 INFO row_complete 673/3960 dataset=barabasi_albert perturbation=triangle_deletion alpha=0.3 seed=0 workflow=structural_statistics_mmd status=success
2026-06-16 20:11:39,471 INFO row_complete 674/3960 dataset=barabasi_albert perturbation=triangle_deletion alpha=0.3 seed=0 workflow=wl_subtree_kernel_mmd status=success
2026-06-16 20:11:39,472 INFO row_complete 675/3960 dataset=barabasi_albert perturbation=triangle_deletion alpha=0.3 seed=0 workflow=native_netlsd status=success
2026-06-16 20:11:39,473 INFO row_complete 676/3960 dataset=barabasi_albert perturbation=triangle_deletion alpha=0.3 seed=0 workflow=diversity_curves_shortest_path status=success
2026-06-16 20:14:57,669 INFO row_complete 677/3960 dataset=barabasi_albert perturbation=triangle_deletion alpha=0.4 seed=0 workflow=structural_statistics_mmd status=success
2026-06-16 20:14:57,670 INFO row_complete 678/3960 dataset=barabasi_albert perturbation=triangle_deletion alpha=0.4 seed=0 workflow=wl_subtree_kernel_mmd status=success
2026-06-16 20:14:57,671 INFO row_complete 679/3960 dataset=barabasi_albert perturbation=triangle_deletion alpha=0.4 seed=0 workflow=native_netlsd status=success
2026-06-16 20:14:57,672 INFO row_complete 680/3960 dataset=barabasi_albert perturbation=triangle_deletion alpha=0.4 seed=0 workflow=diversity_curves_shortest_path status=success
2026-06-16 20:18:11,274 INFO row_complete 681/3960 dataset=barabasi_albert perturbation=triangle_deletion alpha=0.5 seed=0 workflow=structural_statistics_mmd status=success
2026-06-16 20:18:11,275 INFO row_complete 682/3960 dataset=barabasi_albert perturbation=triangle_deletion alpha=0.5 seed=0 workflow=wl_subtree_kernel_mmd status=success
2026-06-16 20:18:11,276 INFO row_complete 683/3960 dataset=barabasi_albert perturbation=triangle_deletion alpha=0.5 seed=0 workflow=native_netlsd status=success
2026-06-16 20:18:11,277 INFO row_complete 684/3960 dataset=barabasi_albert perturbation=triangle_deletion alpha=0.5 seed=0 workflow=diversity_curves_shortest_path status=success
2026-06-16 20:21:24,670 INFO row_complete 685/3960 dataset=barabasi_albert perturbation=triangle_deletion alpha=0.6 seed=0 workflow=structural_statistics_mmd status=success
2026-06-16 20:21:24,671 INFO row_complete 686/3960 dataset=barabasi_albert perturbation=triangle_deletion alpha=0.6 seed=0 workflow=wl_subtree_kernel_mmd status=success
2026-06-16 20:21:24,672 INFO row_complete 687/3960 dataset=barabasi_albert perturbation=triangle_deletion alpha=0.6 seed=0 workflow=native_netlsd status=success
2026-06-16 20:21:24,672 INFO row_complete 688/3960 dataset=barabasi_albert perturbation=triangle_deletion alpha=0.6 seed=0 workflow=diversity_curves_shortest_path status=success
2026-06-16 20:24:37,115 INFO row_complete 689/3960 dataset=barabasi_albert perturbation=triangle_deletion alpha=0.7 seed=0 workflow=structural_statistics_mmd status=success
2026-06-16 20:24:37,116 INFO row_complete 690/3960 dataset=barabasi_albert perturbation=triangle_deletion alpha=0.7 seed=0 workflow=wl_subtree_kernel_mmd status=success
2026-06-16 20:24:37,116 INFO row_complete 691/3960 dataset=barabasi_albert perturbation=triangle_deletion alpha=0.7 seed=0 workflow=native_netlsd status=success
2026-06-16 20:24:37,117 INFO row_complete 692/3960 dataset=barabasi_albert perturbation=triangle_deletion alpha=0.7 seed=0 workflow=diversity_curves_shortest_path status=success
2026-06-16 20:27:49,919 INFO row_complete 693/3960 dataset=barabasi_albert perturbation=triangle_deletion alpha=0.8 seed=0 workflow=structural_statistics_mmd status=success
2026-06-16 20:27:49,920 INFO row_complete 694/3960 dataset=barabasi_albert perturbation=triangle_deletion alpha=0.8 seed=0 workflow=wl_subtree_kernel_mmd status=success
2026-06-16 20:27:49,921 INFO row_complete 695/3960 dataset=barabasi_albert perturbation=triangle_deletion alpha=0.8 seed=0 workflow=native_netlsd status=success
2026-06-16 20:27:49,922 INFO row_complete 696/3960 dataset=barabasi_albert perturbation=triangle_deletion alpha=0.8 seed=0 workflow=diversity_curves_shortest_path status=success
2026-06-16 20:31:02,779 INFO row_complete 697/3960 dataset=barabasi_albert perturbation=triangle_deletion alpha=0.9 seed=0 workflow=structural_statistics_mmd status=success
2026-06-16 20:31:02,780 INFO row_complete 698/3960 dataset=barabasi_albert perturbation=triangle_deletion alpha=0.9 seed=0 workflow=wl_subtree_kernel_mmd status=success
2026-06-16 20:31:02,781 INFO row_complete 699/3960 dataset=barabasi_albert perturbation=triangle_deletion alpha=0.9 seed=0 workflow=native_netlsd status=success
2026-06-16 20:31:02,782 INFO row_complete 700/3960 dataset=barabasi_albert perturbation=triangle_deletion alpha=0.9 seed=0 workflow=diversity_curves_shortest_path status=success
2026-06-16 20:34:15,709 INFO row_complete 701/3960 dataset=barabasi_albert perturbation=triangle_deletion alpha=1.0 seed=0 workflow=structural_statistics_mmd status=success
2026-06-16 20:34:15,710 INFO row_complete 702/3960 dataset=barabasi_albert perturbation=triangle_deletion alpha=1.0 seed=0 workflow=wl_subtree_kernel_mmd status=success
2026-06-16 20:34:15,710 INFO row_complete 703/3960 dataset=barabasi_albert perturbation=triangle_deletion alpha=1.0 seed=0 workflow=native_netlsd status=success
2026-06-16 20:34:15,711 INFO row_complete 704/3960 dataset=barabasi_albert perturbation=triangle_deletion alpha=1.0 seed=0 workflow=diversity_curves_shortest_path status=success
2026-06-16 20:34:15,727 INFO row_complete 705/3960 dataset=barabasi_albert perturbation=community_weakening alpha=0.0 seed=0 workflow=structural_statistics_mmd status=skipped
2026-06-16 20:34:15,727 INFO row_complete 706/3960 dataset=barabasi_albert perturbation=community_weakening alpha=0.0 seed=0 workflow=wl_subtree_kernel_mmd status=skipped
2026-06-16 20:34:15,728 INFO row_complete 707/3960 dataset=barabasi_albert perturbation=community_weakening alpha=0.0 seed=0 workflow=native_netlsd status=skipped
2026-06-16 20:34:15,729 INFO row_complete 708/3960 dataset=barabasi_albert perturbation=community_weakening alpha=0.0 seed=0 workflow=diversity_curves_shortest_path status=skipped
2026-06-16 20:34:15,742 INFO row_complete 709/3960 dataset=barabasi_albert perturbation=community_weakening alpha=0.1 seed=0 workflow=structural_statistics_mmd status=skipped
2026-06-16 20:34:15,743 INFO row_complete 710/3960 dataset=barabasi_albert perturbation=community_weakening alpha=0.1 seed=0 workflow=wl_subtree_kernel_mmd status=skipped
2026-06-16 20:34:15,744 INFO row_complete 711/3960 dataset=barabasi_albert perturbation=community_weakening alpha=0.1 seed=0 workflow=native_netlsd status=skipped
2026-06-16 20:34:15,745 INFO row_complete 712/3960 dataset=barabasi_albert perturbation=community_weakening alpha=0.1 seed=0 workflow=diversity_curves_shortest_path status=skipped
2026-06-16 20:34:15,759 INFO row_complete 713/3960 dataset=barabasi_albert perturbation=community_weakening alpha=0.2 seed=0 workflow=structural_statistics_mmd status=skipped
2026-06-16 20:34:15,760 INFO row_complete 714/3960 dataset=barabasi_albert perturbation=community_weakening alpha=0.2 seed=0 workflow=wl_subtree_kernel_mmd status=skipped
2026-06-16 20:34:15,761 INFO row_complete 715/3960 dataset=barabasi_albert perturbation=community_weakening alpha=0.2 seed=0 workflow=native_netlsd status=skipped
2026-06-16 20:34:15,762 INFO row_complete 716/3960 dataset=barabasi_albert perturbation=community_weakening alpha=0.2 seed=0 workflow=diversity_curves_shortest_path status=skipped
2026-06-16 20:34:15,775 INFO row_complete 717/3960 dataset=barabasi_albert perturbation=community_weakening alpha=0.3 seed=0 workflow=structural_statistics_mmd status=skipped
2026-06-16 20:34:15,776 INFO row_complete 718/3960 dataset=barabasi_albert perturbation=community_weakening alpha=0.3 seed=0 workflow=wl_subtree_kernel_mmd status=skipped
2026-06-16 20:34:15,777 INFO row_complete 719/3960 dataset=barabasi_albert perturbation=community_weakening alpha=0.3 seed=0 workflow=native_netlsd status=skipped
2026-06-16 20:34:15,778 INFO row_complete 720/3960 dataset=barabasi_albert perturbation=community_weakening alpha=0.3 seed=0 workflow=diversity_curves_shortest_path status=skipped
2026-06-16 20:34:15,791 INFO row_complete 721/3960 dataset=barabasi_albert perturbation=community_weakening alpha=0.4 seed=0 workflow=structural_statistics_mmd status=skipped
2026-06-16 20:34:15,792 INFO row_complete 722/3960 dataset=barabasi_albert perturbation=community_weakening alpha=0.4 seed=0 workflow=wl_subtree_kernel_mmd status=skipped
2026-06-16 20:34:15,792 INFO row_complete 723/3960 dataset=barabasi_albert perturbation=community_weakening alpha=0.4 seed=0 workflow=native_netlsd status=skipped
2026-06-16 20:34:15,793 INFO row_complete 724/3960 dataset=barabasi_albert perturbation=community_weakening alpha=0.4 seed=0 workflow=diversity_curves_shortest_path status=skipped
2026-06-16 20:34:15,809 INFO row_complete 725/3960 dataset=barabasi_albert perturbation=community_weakening alpha=0.5 seed=0 workflow=structural_statistics_mmd status=skipped
2026-06-16 20:34:15,810 INFO row_complete 726/3960 dataset=barabasi_albert perturbation=community_weakening alpha=0.5 seed=0 workflow=wl_subtree_kernel_mmd status=skipped
2026-06-16 20:34:15,811 INFO row_complete 727/3960 dataset=barabasi_albert perturbation=community_weakening alpha=0.5 seed=0 workflow=native_netlsd status=skipped
2026-06-16 20:34:15,811 INFO row_complete 728/3960 dataset=barabasi_albert perturbation=community_weakening alpha=0.5 seed=0 workflow=diversity_curves_shortest_path status=skipped
2026-06-16 20:34:15,828 INFO row_complete 729/3960 dataset=barabasi_albert perturbation=community_weakening alpha=0.6 seed=0 workflow=structural_statistics_mmd status=skipped
2026-06-16 20:34:15,828 INFO row_complete 730/3960 dataset=barabasi_albert perturbation=community_weakening alpha=0.6 seed=0 workflow=wl_subtree_kernel_mmd status=skipped
2026-06-16 20:34:15,829 INFO row_complete 731/3960 dataset=barabasi_albert perturbation=community_weakening alpha=0.6 seed=0 workflow=native_netlsd status=skipped
2026-06-16 20:34:15,830 INFO row_complete 732/3960 dataset=barabasi_albert perturbation=community_weakening alpha=0.6 seed=0 workflow=diversity_curves_shortest_path status=skipped
2026-06-16 20:34:15,843 INFO row_complete 733/3960 dataset=barabasi_albert perturbation=community_weakening alpha=0.7 seed=0 workflow=structural_statistics_mmd status=skipped
2026-06-16 20:34:15,844 INFO row_complete 734/3960 dataset=barabasi_albert perturbation=community_weakening alpha=0.7 seed=0 workflow=wl_subtree_kernel_mmd status=skipped
2026-06-16 20:34:15,845 INFO row_complete 735/3960 dataset=barabasi_albert perturbation=community_weakening alpha=0.7 seed=0 workflow=native_netlsd status=skipped
2026-06-16 20:34:15,846 INFO row_complete 736/3960 dataset=barabasi_albert perturbation=community_weakening alpha=0.7 seed=0 workflow=diversity_curves_shortest_path status=skipped
2026-06-16 20:34:15,866 INFO row_complete 737/3960 dataset=barabasi_albert perturbation=community_weakening alpha=0.8 seed=0 workflow=structural_statistics_mmd status=skipped
2026-06-16 20:34:15,867 INFO row_complete 738/3960 dataset=barabasi_albert perturbation=community_weakening alpha=0.8 seed=0 workflow=wl_subtree_kernel_mmd status=skipped
2026-06-16 20:34:15,867 INFO row_complete 739/3960 dataset=barabasi_albert perturbation=community_weakening alpha=0.8 seed=0 workflow=native_netlsd status=skipped
2026-06-16 20:34:15,868 INFO row_complete 740/3960 dataset=barabasi_albert perturbation=community_weakening alpha=0.8 seed=0 workflow=diversity_curves_shortest_path status=skipped
2026-06-16 20:34:15,882 INFO row_complete 741/3960 dataset=barabasi_albert perturbation=community_weakening alpha=0.9 seed=0 workflow=structural_statistics_mmd status=skipped
2026-06-16 20:34:15,883 INFO row_complete 742/3960 dataset=barabasi_albert perturbation=community_weakening alpha=0.9 seed=0 workflow=wl_subtree_kernel_mmd status=skipped
2026-06-16 20:34:15,884 INFO row_complete 743/3960 dataset=barabasi_albert perturbation=community_weakening alpha=0.9 seed=0 workflow=native_netlsd status=skipped
2026-06-16 20:34:15,884 INFO row_complete 744/3960 dataset=barabasi_albert perturbation=community_weakening alpha=0.9 seed=0 workflow=diversity_curves_shortest_path status=skipped
2026-06-16 20:34:15,900 INFO row_complete 745/3960 dataset=barabasi_albert perturbation=community_weakening alpha=1.0 seed=0 workflow=structural_statistics_mmd status=skipped
2026-06-16 20:34:15,901 INFO row_complete 746/3960 dataset=barabasi_albert perturbation=community_weakening alpha=1.0 seed=0 workflow=wl_subtree_kernel_mmd status=skipped
2026-06-16 20:34:15,902 INFO row_complete 747/3960 dataset=barabasi_albert perturbation=community_weakening alpha=1.0 seed=0 workflow=native_netlsd status=skipped
2026-06-16 20:34:15,903 INFO row_complete 748/3960 dataset=barabasi_albert perturbation=community_weakening alpha=1.0 seed=0 workflow=diversity_curves_shortest_path status=skipped
2026-06-16 20:38:02,813 INFO row_complete 749/3960 dataset=barabasi_albert perturbation=hub_modification alpha=0.0 seed=0 workflow=structural_statistics_mmd status=success
2026-06-16 20:38:02,814 INFO row_complete 750/3960 dataset=barabasi_albert perturbation=hub_modification alpha=0.0 seed=0 workflow=wl_subtree_kernel_mmd status=success
2026-06-16 20:38:02,815 INFO row_complete 751/3960 dataset=barabasi_albert perturbation=hub_modification alpha=0.0 seed=0 workflow=native_netlsd status=success
2026-06-16 20:38:02,816 INFO row_complete 752/3960 dataset=barabasi_albert perturbation=hub_modification alpha=0.0 seed=0 workflow=diversity_curves_shortest_path status=success
2026-06-16 20:41:47,965 INFO row_complete 753/3960 dataset=barabasi_albert perturbation=hub_modification alpha=0.1 seed=0 workflow=structural_statistics_mmd status=success
2026-06-16 20:41:47,966 INFO row_complete 754/3960 dataset=barabasi_albert perturbation=hub_modification alpha=0.1 seed=0 workflow=wl_subtree_kernel_mmd status=success
2026-06-16 20:41:47,967 INFO row_complete 755/3960 dataset=barabasi_albert perturbation=hub_modification alpha=0.1 seed=0 workflow=native_netlsd status=success
2026-06-16 20:41:47,968 INFO row_complete 756/3960 dataset=barabasi_albert perturbation=hub_modification alpha=0.1 seed=0 workflow=diversity_curves_shortest_path status=success
2026-06-16 20:45:32,183 INFO row_complete 757/3960 dataset=barabasi_albert perturbation=hub_modification alpha=0.2 seed=0 workflow=structural_statistics_mmd status=success
2026-06-16 20:45:32,184 INFO row_complete 758/3960 dataset=barabasi_albert perturbation=hub_modification alpha=0.2 seed=0 workflow=wl_subtree_kernel_mmd status=success
2026-06-16 20:45:32,185 INFO row_complete 759/3960 dataset=barabasi_albert perturbation=hub_modification alpha=0.2 seed=0 workflow=native_netlsd status=success
2026-06-16 20:45:32,186 INFO row_complete 760/3960 dataset=barabasi_albert perturbation=hub_modification alpha=0.2 seed=0 workflow=diversity_curves_shortest_path status=success
2026-06-16 20:49:16,732 INFO row_complete 761/3960 dataset=barabasi_albert perturbation=hub_modification alpha=0.3 seed=0 workflow=structural_statistics_mmd status=success
2026-06-16 20:49:16,735 INFO row_complete 762/3960 dataset=barabasi_albert perturbation=hub_modification alpha=0.3 seed=0 workflow=wl_subtree_kernel_mmd status=success
2026-06-16 20:49:16,735 INFO row_complete 763/3960 dataset=barabasi_albert perturbation=hub_modification alpha=0.3 seed=0 workflow=native_netlsd status=success
2026-06-16 20:49:16,736 INFO row_complete 764/3960 dataset=barabasi_albert perturbation=hub_modification alpha=0.3 seed=0 workflow=diversity_curves_shortest_path status=success
2026-06-16 20:53:02,106 INFO row_complete 765/3960 dataset=barabasi_albert perturbation=hub_modification alpha=0.4 seed=0 workflow=structural_statistics_mmd status=success
2026-06-16 20:53:02,107 INFO row_complete 766/3960 dataset=barabasi_albert perturbation=hub_modification alpha=0.4 seed=0 workflow=wl_subtree_kernel_mmd status=success
2026-06-16 20:53:02,108 INFO row_complete 767/3960 dataset=barabasi_albert perturbation=hub_modification alpha=0.4 seed=0 workflow=native_netlsd status=success
2026-06-16 20:53:02,109 INFO row_complete 768/3960 dataset=barabasi_albert perturbation=hub_modification alpha=0.4 seed=0 workflow=diversity_curves_shortest_path status=success
2026-06-16 20:56:46,142 INFO row_complete 769/3960 dataset=barabasi_albert perturbation=hub_modification alpha=0.5 seed=0 workflow=structural_statistics_mmd status=success
2026-06-16 20:56:46,143 INFO row_complete 770/3960 dataset=barabasi_albert perturbation=hub_modification alpha=0.5 seed=0 workflow=wl_subtree_kernel_mmd status=success
2026-06-16 20:56:46,144 INFO row_complete 771/3960 dataset=barabasi_albert perturbation=hub_modification alpha=0.5 seed=0 workflow=native_netlsd status=success
2026-06-16 20:56:46,145 INFO row_complete 772/3960 dataset=barabasi_albert perturbation=hub_modification alpha=0.5 seed=0 workflow=diversity_curves_shortest_path status=success
2026-06-16 21:00:30,330 INFO row_complete 773/3960 dataset=barabasi_albert perturbation=hub_modification alpha=0.6 seed=0 workflow=structural_statistics_mmd status=success
2026-06-16 21:00:30,331 INFO row_complete 774/3960 dataset=barabasi_albert perturbation=hub_modification alpha=0.6 seed=0 workflow=wl_subtree_kernel_mmd status=success
2026-06-16 21:00:30,331 INFO row_complete 775/3960 dataset=barabasi_albert perturbation=hub_modification alpha=0.6 seed=0 workflow=native_netlsd status=success
2026-06-16 21:00:30,332 INFO row_complete 776/3960 dataset=barabasi_albert perturbation=hub_modification alpha=0.6 seed=0 workflow=diversity_curves_shortest_path status=success
2026-06-16 21:04:14,402 INFO row_complete 777/3960 dataset=barabasi_albert perturbation=hub_modification alpha=0.7 seed=0 workflow=structural_statistics_mmd status=success
2026-06-16 21:04:14,403 INFO row_complete 778/3960 dataset=barabasi_albert perturbation=hub_modification alpha=0.7 seed=0 workflow=wl_subtree_kernel_mmd status=success
2026-06-16 21:04:14,404 INFO row_complete 779/3960 dataset=barabasi_albert perturbation=hub_modification alpha=0.7 seed=0 workflow=native_netlsd status=success
2026-06-16 21:04:14,405 INFO row_complete 780/3960 dataset=barabasi_albert perturbation=hub_modification alpha=0.7 seed=0 workflow=diversity_curves_shortest_path status=success
2026-06-16 21:07:58,243 INFO row_complete 781/3960 dataset=barabasi_albert perturbation=hub_modification alpha=0.8 seed=0 workflow=structural_statistics_mmd status=success
2026-06-16 21:07:58,244 INFO row_complete 782/3960 dataset=barabasi_albert perturbation=hub_modification alpha=0.8 seed=0 workflow=wl_subtree_kernel_mmd status=success
2026-06-16 21:07:58,244 INFO row_complete 783/3960 dataset=barabasi_albert perturbation=hub_modification alpha=0.8 seed=0 workflow=native_netlsd status=success
2026-06-16 21:07:58,245 INFO row_complete 784/3960 dataset=barabasi_albert perturbation=hub_modification alpha=0.8 seed=0 workflow=diversity_curves_shortest_path status=success
2026-06-16 21:11:42,262 INFO row_complete 785/3960 dataset=barabasi_albert perturbation=hub_modification alpha=0.9 seed=0 workflow=structural_statistics_mmd status=success
2026-06-16 21:11:42,263 INFO row_complete 786/3960 dataset=barabasi_albert perturbation=hub_modification alpha=0.9 seed=0 workflow=wl_subtree_kernel_mmd status=success
2026-06-16 21:11:42,264 INFO row_complete 787/3960 dataset=barabasi_albert perturbation=hub_modification alpha=0.9 seed=0 workflow=native_netlsd status=success
2026-06-16 21:11:42,264 INFO row_complete 788/3960 dataset=barabasi_albert perturbation=hub_modification alpha=0.9 seed=0 workflow=diversity_curves_shortest_path status=success
2026-06-16 21:15:26,052 INFO row_complete 789/3960 dataset=barabasi_albert perturbation=hub_modification alpha=1.0 seed=0 workflow=structural_statistics_mmd status=success
2026-06-16 21:15:26,053 INFO row_complete 790/3960 dataset=barabasi_albert perturbation=hub_modification alpha=1.0 seed=0 workflow=wl_subtree_kernel_mmd status=success
2026-06-16 21:15:26,054 INFO row_complete 791/3960 dataset=barabasi_albert perturbation=hub_modification alpha=1.0 seed=0 workflow=native_netlsd status=success
2026-06-16 21:15:26,054 INFO row_complete 792/3960 dataset=barabasi_albert perturbation=hub_modification alpha=1.0 seed=0 workflow=diversity_curves_shortest_path status=success
2026-06-16 21:20:48,234 INFO row_complete 793/3960 dataset=erdos_renyi perturbation=edge_insertion alpha=0.0 seed=1 workflow=structural_statistics_mmd status=success
2026-06-16 21:20:48,235 INFO row_complete 794/3960 dataset=erdos_renyi perturbation=edge_insertion alpha=0.0 seed=1 workflow=wl_subtree_kernel_mmd status=success
2026-06-16 21:20:48,236 INFO row_complete 795/3960 dataset=erdos_renyi perturbation=edge_insertion alpha=0.0 seed=1 workflow=native_netlsd status=success
2026-06-16 21:20:48,237 INFO row_complete 796/3960 dataset=erdos_renyi perturbation=edge_insertion alpha=0.0 seed=1 workflow=diversity_curves_shortest_path status=success
2026-06-16 21:26:34,293 INFO row_complete 797/3960 dataset=erdos_renyi perturbation=edge_insertion alpha=0.1 seed=1 workflow=structural_statistics_mmd status=success
2026-06-16 21:26:34,294 INFO row_complete 798/3960 dataset=erdos_renyi perturbation=edge_insertion alpha=0.1 seed=1 workflow=wl_subtree_kernel_mmd status=success
2026-06-16 21:26:34,294 INFO row_complete 799/3960 dataset=erdos_renyi perturbation=edge_insertion alpha=0.1 seed=1 workflow=native_netlsd status=success
2026-06-16 21:26:34,295 INFO row_complete 800/3960 dataset=erdos_renyi perturbation=edge_insertion alpha=0.1 seed=1 workflow=diversity_curves_shortest_path status=success
2026-06-16 21:32:28,629 INFO row_complete 801/3960 dataset=erdos_renyi perturbation=edge_insertion alpha=0.2 seed=1 workflow=structural_statistics_mmd status=success
2026-06-16 21:32:28,630 INFO row_complete 802/3960 dataset=erdos_renyi perturbation=edge_insertion alpha=0.2 seed=1 workflow=wl_subtree_kernel_mmd status=success
2026-06-16 21:32:28,631 INFO row_complete 803/3960 dataset=erdos_renyi perturbation=edge_insertion alpha=0.2 seed=1 workflow=native_netlsd status=success
2026-06-16 21:32:28,632 INFO row_complete 804/3960 dataset=erdos_renyi perturbation=edge_insertion alpha=0.2 seed=1 workflow=diversity_curves_shortest_path status=success
2026-06-16 21:38:37,658 INFO row_complete 805/3960 dataset=erdos_renyi perturbation=edge_insertion alpha=0.3 seed=1 workflow=structural_statistics_mmd status=success
2026-06-16 21:38:37,659 INFO row_complete 806/3960 dataset=erdos_renyi perturbation=edge_insertion alpha=0.3 seed=1 workflow=wl_subtree_kernel_mmd status=success
2026-06-16 21:38:37,660 INFO row_complete 807/3960 dataset=erdos_renyi perturbation=edge_insertion alpha=0.3 seed=1 workflow=native_netlsd status=success
2026-06-16 21:38:37,661 INFO row_complete 808/3960 dataset=erdos_renyi perturbation=edge_insertion alpha=0.3 seed=1 workflow=diversity_curves_shortest_path status=success
2026-06-16 21:45:05,564 INFO row_complete 809/3960 dataset=erdos_renyi perturbation=edge_insertion alpha=0.4 seed=1 workflow=structural_statistics_mmd status=success
2026-06-16 21:45:05,565 INFO row_complete 810/3960 dataset=erdos_renyi perturbation=edge_insertion alpha=0.4 seed=1 workflow=wl_subtree_kernel_mmd status=success
2026-06-16 21:45:05,566 INFO row_complete 811/3960 dataset=erdos_renyi perturbation=edge_insertion alpha=0.4 seed=1 workflow=native_netlsd status=success
2026-06-16 21:45:05,566 INFO row_complete 812/3960 dataset=erdos_renyi perturbation=edge_insertion alpha=0.4 seed=1 workflow=diversity_curves_shortest_path status=success
2026-06-16 21:51:52,963 INFO row_complete 813/3960 dataset=erdos_renyi perturbation=edge_insertion alpha=0.5 seed=1 workflow=structural_statistics_mmd status=success
2026-06-16 21:51:52,964 INFO row_complete 814/3960 dataset=erdos_renyi perturbation=edge_insertion alpha=0.5 seed=1 workflow=wl_subtree_kernel_mmd status=success
2026-06-16 21:51:52,965 INFO row_complete 815/3960 dataset=erdos_renyi perturbation=edge_insertion alpha=0.5 seed=1 workflow=native_netlsd status=success
2026-06-16 21:51:52,965 INFO row_complete 816/3960 dataset=erdos_renyi perturbation=edge_insertion alpha=0.5 seed=1 workflow=diversity_curves_shortest_path status=success
2026-06-16 21:59:00,363 INFO row_complete 817/3960 dataset=erdos_renyi perturbation=edge_insertion alpha=0.6 seed=1 workflow=structural_statistics_mmd status=success
2026-06-16 21:59:00,364 INFO row_complete 818/3960 dataset=erdos_renyi perturbation=edge_insertion alpha=0.6 seed=1 workflow=wl_subtree_kernel_mmd status=success
2026-06-16 21:59:00,365 INFO row_complete 819/3960 dataset=erdos_renyi perturbation=edge_insertion alpha=0.6 seed=1 workflow=native_netlsd status=success
2026-06-16 21:59:00,366 INFO row_complete 820/3960 dataset=erdos_renyi perturbation=edge_insertion alpha=0.6 seed=1 workflow=diversity_curves_shortest_path status=success
2026-06-16 22:06:30,423 INFO row_complete 821/3960 dataset=erdos_renyi perturbation=edge_insertion alpha=0.7 seed=1 workflow=structural_statistics_mmd status=success
2026-06-16 22:06:30,424 INFO row_complete 822/3960 dataset=erdos_renyi perturbation=edge_insertion alpha=0.7 seed=1 workflow=wl_subtree_kernel_mmd status=success
2026-06-16 22:06:30,425 INFO row_complete 823/3960 dataset=erdos_renyi perturbation=edge_insertion alpha=0.7 seed=1 workflow=native_netlsd status=success
2026-06-16 22:06:30,426 INFO row_complete 824/3960 dataset=erdos_renyi perturbation=edge_insertion alpha=0.7 seed=1 workflow=diversity_curves_shortest_path status=success
2026-06-16 22:14:20,501 INFO row_complete 825/3960 dataset=erdos_renyi perturbation=edge_insertion alpha=0.8 seed=1 workflow=structural_statistics_mmd status=success
2026-06-16 22:14:20,502 INFO row_complete 826/3960 dataset=erdos_renyi perturbation=edge_insertion alpha=0.8 seed=1 workflow=wl_subtree_kernel_mmd status=success
2026-06-16 22:14:20,503 INFO row_complete 827/3960 dataset=erdos_renyi perturbation=edge_insertion alpha=0.8 seed=1 workflow=native_netlsd status=success
2026-06-16 22:14:20,503 INFO row_complete 828/3960 dataset=erdos_renyi perturbation=edge_insertion alpha=0.8 seed=1 workflow=diversity_curves_shortest_path status=success
2026-06-16 22:22:35,413 INFO row_complete 829/3960 dataset=erdos_renyi perturbation=edge_insertion alpha=0.9 seed=1 workflow=structural_statistics_mmd status=success
2026-06-16 22:22:35,414 INFO row_complete 830/3960 dataset=erdos_renyi perturbation=edge_insertion alpha=0.9 seed=1 workflow=wl_subtree_kernel_mmd status=success
2026-06-16 22:22:35,415 INFO row_complete 831/3960 dataset=erdos_renyi perturbation=edge_insertion alpha=0.9 seed=1 workflow=native_netlsd status=success
2026-06-16 22:22:35,415 INFO row_complete 832/3960 dataset=erdos_renyi perturbation=edge_insertion alpha=0.9 seed=1 workflow=diversity_curves_shortest_path status=success
2026-06-16 22:31:13,601 INFO row_complete 833/3960 dataset=erdos_renyi perturbation=edge_insertion alpha=1.0 seed=1 workflow=structural_statistics_mmd status=success
2026-06-16 22:31:13,602 INFO row_complete 834/3960 dataset=erdos_renyi perturbation=edge_insertion alpha=1.0 seed=1 workflow=wl_subtree_kernel_mmd status=success
2026-06-16 22:31:13,603 INFO row_complete 835/3960 dataset=erdos_renyi perturbation=edge_insertion alpha=1.0 seed=1 workflow=native_netlsd status=success
2026-06-16 22:31:13,603 INFO row_complete 836/3960 dataset=erdos_renyi perturbation=edge_insertion alpha=1.0 seed=1 workflow=diversity_curves_shortest_path status=success
2026-06-16 22:36:36,095 INFO row_complete 837/3960 dataset=erdos_renyi perturbation=edge_deletion alpha=0.0 seed=1 workflow=structural_statistics_mmd status=success
2026-06-16 22:36:36,097 INFO row_complete 838/3960 dataset=erdos_renyi perturbation=edge_deletion alpha=0.0 seed=1 workflow=wl_subtree_kernel_mmd status=success
2026-06-16 22:36:36,097 INFO row_complete 839/3960 dataset=erdos_renyi perturbation=edge_deletion alpha=0.0 seed=1 workflow=native_netlsd status=success
2026-06-16 22:36:36,098 INFO row_complete 840/3960 dataset=erdos_renyi perturbation=edge_deletion alpha=0.0 seed=1 workflow=diversity_curves_shortest_path status=success
2026-06-16 22:41:44,914 INFO row_complete 841/3960 dataset=erdos_renyi perturbation=edge_deletion alpha=0.1 seed=1 workflow=structural_statistics_mmd status=success
2026-06-16 22:41:44,915 INFO row_complete 842/3960 dataset=erdos_renyi perturbation=edge_deletion alpha=0.1 seed=1 workflow=wl_subtree_kernel_mmd status=success
2026-06-16 22:41:44,915 INFO row_complete 843/3960 dataset=erdos_renyi perturbation=edge_deletion alpha=0.1 seed=1 workflow=native_netlsd status=success
2026-06-16 22:41:44,916 INFO row_complete 844/3960 dataset=erdos_renyi perturbation=edge_deletion alpha=0.1 seed=1 workflow=diversity_curves_shortest_path status=success
2026-06-16 22:46:38,941 INFO row_complete 845/3960 dataset=erdos_renyi perturbation=edge_deletion alpha=0.2 seed=1 workflow=structural_statistics_mmd status=success
2026-06-16 22:46:38,942 INFO row_complete 846/3960 dataset=erdos_renyi perturbation=edge_deletion alpha=0.2 seed=1 workflow=wl_subtree_kernel_mmd status=success
2026-06-16 22:46:38,943 INFO row_complete 847/3960 dataset=erdos_renyi perturbation=edge_deletion alpha=0.2 seed=1 workflow=native_netlsd status=success
2026-06-16 22:46:38,944 INFO row_complete 848/3960 dataset=erdos_renyi perturbation=edge_deletion alpha=0.2 seed=1 workflow=diversity_curves_shortest_path status=success
2026-06-16 22:51:20,148 INFO row_complete 849/3960 dataset=erdos_renyi perturbation=edge_deletion alpha=0.3 seed=1 workflow=structural_statistics_mmd status=success
2026-06-16 22:51:20,149 INFO row_complete 850/3960 dataset=erdos_renyi perturbation=edge_deletion alpha=0.3 seed=1 workflow=wl_subtree_kernel_mmd status=success
2026-06-16 22:51:20,150 INFO row_complete 851/3960 dataset=erdos_renyi perturbation=edge_deletion alpha=0.3 seed=1 workflow=native_netlsd status=success
2026-06-16 22:51:20,151 INFO row_complete 852/3960 dataset=erdos_renyi perturbation=edge_deletion alpha=0.3 seed=1 workflow=diversity_curves_shortest_path status=success
2026-06-16 22:55:48,836 INFO row_complete 853/3960 dataset=erdos_renyi perturbation=edge_deletion alpha=0.4 seed=1 workflow=structural_statistics_mmd status=success
2026-06-16 22:55:48,837 INFO row_complete 854/3960 dataset=erdos_renyi perturbation=edge_deletion alpha=0.4 seed=1 workflow=wl_subtree_kernel_mmd status=success
2026-06-16 22:55:48,838 INFO row_complete 855/3960 dataset=erdos_renyi perturbation=edge_deletion alpha=0.4 seed=1 workflow=native_netlsd status=success
2026-06-16 22:55:48,839 INFO row_complete 856/3960 dataset=erdos_renyi perturbation=edge_deletion alpha=0.4 seed=1 workflow=diversity_curves_shortest_path status=success
2026-06-16 23:00:04,743 INFO row_complete 857/3960 dataset=erdos_renyi perturbation=edge_deletion alpha=0.5 seed=1 workflow=structural_statistics_mmd status=success
2026-06-16 23:00:04,744 INFO row_complete 858/3960 dataset=erdos_renyi perturbation=edge_deletion alpha=0.5 seed=1 workflow=wl_subtree_kernel_mmd status=success
2026-06-16 23:00:04,745 INFO row_complete 859/3960 dataset=erdos_renyi perturbation=edge_deletion alpha=0.5 seed=1 workflow=native_netlsd status=success
2026-06-16 23:00:04,746 INFO row_complete 860/3960 dataset=erdos_renyi perturbation=edge_deletion alpha=0.5 seed=1 workflow=diversity_curves_shortest_path status=success
2026-06-16 23:04:08,753 INFO row_complete 861/3960 dataset=erdos_renyi perturbation=edge_deletion alpha=0.6 seed=1 workflow=structural_statistics_mmd status=success
2026-06-16 23:04:08,755 INFO row_complete 862/3960 dataset=erdos_renyi perturbation=edge_deletion alpha=0.6 seed=1 workflow=wl_subtree_kernel_mmd status=success
2026-06-16 23:04:08,757 INFO row_complete 863/3960 dataset=erdos_renyi perturbation=edge_deletion alpha=0.6 seed=1 workflow=native_netlsd status=success
2026-06-16 23:04:08,757 INFO row_complete 864/3960 dataset=erdos_renyi perturbation=edge_deletion alpha=0.6 seed=1 workflow=diversity_curves_shortest_path status=success
2026-06-16 23:08:01,331 INFO row_complete 865/3960 dataset=erdos_renyi perturbation=edge_deletion alpha=0.7 seed=1 workflow=structural_statistics_mmd status=success
2026-06-16 23:08:01,332 INFO row_complete 866/3960 dataset=erdos_renyi perturbation=edge_deletion alpha=0.7 seed=1 workflow=wl_subtree_kernel_mmd status=success
2026-06-16 23:08:01,333 INFO row_complete 867/3960 dataset=erdos_renyi perturbation=edge_deletion alpha=0.7 seed=1 workflow=native_netlsd status=success
2026-06-16 23:08:01,333 INFO row_complete 868/3960 dataset=erdos_renyi perturbation=edge_deletion alpha=0.7 seed=1 workflow=diversity_curves_shortest_path status=success
2026-06-16 23:11:22,430 INFO row_complete 869/3960 dataset=erdos_renyi perturbation=edge_deletion alpha=0.8 seed=1 workflow=structural_statistics_mmd status=success
2026-06-16 23:11:22,431 INFO row_complete 870/3960 dataset=erdos_renyi perturbation=edge_deletion alpha=0.8 seed=1 workflow=wl_subtree_kernel_mmd status=success
2026-06-16 23:11:22,432 INFO row_complete 871/3960 dataset=erdos_renyi perturbation=edge_deletion alpha=0.8 seed=1 workflow=native_netlsd status=success
2026-06-16 23:11:22,432 INFO row_complete 872/3960 dataset=erdos_renyi perturbation=edge_deletion alpha=0.8 seed=1 workflow=diversity_curves_shortest_path status=success
2026-06-16 23:14:15,445 INFO row_complete 873/3960 dataset=erdos_renyi perturbation=edge_deletion alpha=0.9 seed=1 workflow=structural_statistics_mmd status=success
2026-06-16 23:14:15,446 INFO row_complete 874/3960 dataset=erdos_renyi perturbation=edge_deletion alpha=0.9 seed=1 workflow=wl_subtree_kernel_mmd status=success
2026-06-16 23:14:15,447 INFO row_complete 875/3960 dataset=erdos_renyi perturbation=edge_deletion alpha=0.9 seed=1 workflow=native_netlsd status=success
2026-06-16 23:14:15,448 INFO row_complete 876/3960 dataset=erdos_renyi perturbation=edge_deletion alpha=0.9 seed=1 workflow=diversity_curves_shortest_path status=success
2026-06-16 23:17:01,403 INFO row_complete 877/3960 dataset=erdos_renyi perturbation=edge_deletion alpha=1.0 seed=1 workflow=structural_statistics_mmd status=success
2026-06-16 23:17:01,405 INFO row_complete 878/3960 dataset=erdos_renyi perturbation=edge_deletion alpha=1.0 seed=1 workflow=wl_subtree_kernel_mmd status=success
2026-06-16 23:17:01,405 INFO row_complete 879/3960 dataset=erdos_renyi perturbation=edge_deletion alpha=1.0 seed=1 workflow=native_netlsd status=success
2026-06-16 23:17:01,406 INFO row_complete 880/3960 dataset=erdos_renyi perturbation=edge_deletion alpha=1.0 seed=1 workflow=diversity_curves_shortest_path status=success
2026-06-16 23:22:23,723 INFO row_complete 881/3960 dataset=erdos_renyi perturbation=triangle_insertion alpha=0.0 seed=1 workflow=structural_statistics_mmd status=success
2026-06-16 23:22:23,724 INFO row_complete 882/3960 dataset=erdos_renyi perturbation=triangle_insertion alpha=0.0 seed=1 workflow=wl_subtree_kernel_mmd status=success
2026-06-16 23:22:23,725 INFO row_complete 883/3960 dataset=erdos_renyi perturbation=triangle_insertion alpha=0.0 seed=1 workflow=native_netlsd status=success
2026-06-16 23:22:23,726 INFO row_complete 884/3960 dataset=erdos_renyi perturbation=triangle_insertion alpha=0.0 seed=1 workflow=diversity_curves_shortest_path status=success
2026-06-16 23:27:58,613 INFO row_complete 885/3960 dataset=erdos_renyi perturbation=triangle_insertion alpha=0.1 seed=1 workflow=structural_statistics_mmd status=success
2026-06-16 23:27:58,614 INFO row_complete 886/3960 dataset=erdos_renyi perturbation=triangle_insertion alpha=0.1 seed=1 workflow=wl_subtree_kernel_mmd status=success
2026-06-16 23:27:58,615 INFO row_complete 887/3960 dataset=erdos_renyi perturbation=triangle_insertion alpha=0.1 seed=1 workflow=native_netlsd status=success
2026-06-16 23:27:58,616 INFO row_complete 888/3960 dataset=erdos_renyi perturbation=triangle_insertion alpha=0.1 seed=1 workflow=diversity_curves_shortest_path status=success
2026-06-16 23:33:45,850 INFO row_complete 889/3960 dataset=erdos_renyi perturbation=triangle_insertion alpha=0.2 seed=1 workflow=structural_statistics_mmd status=success
2026-06-16 23:33:45,851 INFO row_complete 890/3960 dataset=erdos_renyi perturbation=triangle_insertion alpha=0.2 seed=1 workflow=wl_subtree_kernel_mmd status=success
2026-06-16 23:33:45,852 INFO row_complete 891/3960 dataset=erdos_renyi perturbation=triangle_insertion alpha=0.2 seed=1 workflow=native_netlsd status=success
2026-06-16 23:33:45,853 INFO row_complete 892/3960 dataset=erdos_renyi perturbation=triangle_insertion alpha=0.2 seed=1 workflow=diversity_curves_shortest_path status=success
2026-06-16 23:39:50,075 INFO row_complete 893/3960 dataset=erdos_renyi perturbation=triangle_insertion alpha=0.3 seed=1 workflow=structural_statistics_mmd status=success
2026-06-16 23:39:50,076 INFO row_complete 894/3960 dataset=erdos_renyi perturbation=triangle_insertion alpha=0.3 seed=1 workflow=wl_subtree_kernel_mmd status=success
2026-06-16 23:39:50,076 INFO row_complete 895/3960 dataset=erdos_renyi perturbation=triangle_insertion alpha=0.3 seed=1 workflow=native_netlsd status=success
2026-06-16 23:39:50,077 INFO row_complete 896/3960 dataset=erdos_renyi perturbation=triangle_insertion alpha=0.3 seed=1 workflow=diversity_curves_shortest_path status=success
2026-06-16 23:46:12,213 INFO row_complete 897/3960 dataset=erdos_renyi perturbation=triangle_insertion alpha=0.4 seed=1 workflow=structural_statistics_mmd status=success
2026-06-16 23:46:12,214 INFO row_complete 898/3960 dataset=erdos_renyi perturbation=triangle_insertion alpha=0.4 seed=1 workflow=wl_subtree_kernel_mmd status=success
2026-06-16 23:46:12,215 INFO row_complete 899/3960 dataset=erdos_renyi perturbation=triangle_insertion alpha=0.4 seed=1 workflow=native_netlsd status=success
2026-06-16 23:46:12,216 INFO row_complete 900/3960 dataset=erdos_renyi perturbation=triangle_insertion alpha=0.4 seed=1 workflow=diversity_curves_shortest_path status=success
2026-06-16 23:52:59,011 INFO row_complete 901/3960 dataset=erdos_renyi perturbation=triangle_insertion alpha=0.5 seed=1 workflow=structural_statistics_mmd status=success
2026-06-16 23:52:59,013 INFO row_complete 902/3960 dataset=erdos_renyi perturbation=triangle_insertion alpha=0.5 seed=1 workflow=wl_subtree_kernel_mmd status=success
2026-06-16 23:52:59,013 INFO row_complete 903/3960 dataset=erdos_renyi perturbation=triangle_insertion alpha=0.5 seed=1 workflow=native_netlsd status=success
2026-06-16 23:52:59,014 INFO row_complete 904/3960 dataset=erdos_renyi perturbation=triangle_insertion alpha=0.5 seed=1 workflow=diversity_curves_shortest_path status=success
2026-06-17 00:00:05,785 INFO row_complete 905/3960 dataset=erdos_renyi perturbation=triangle_insertion alpha=0.6 seed=1 workflow=structural_statistics_mmd status=success
2026-06-17 00:00:05,786 INFO row_complete 906/3960 dataset=erdos_renyi perturbation=triangle_insertion alpha=0.6 seed=1 workflow=wl_subtree_kernel_mmd status=success
2026-06-17 00:00:05,787 INFO row_complete 907/3960 dataset=erdos_renyi perturbation=triangle_insertion alpha=0.6 seed=1 workflow=native_netlsd status=success
2026-06-17 00:00:05,788 INFO row_complete 908/3960 dataset=erdos_renyi perturbation=triangle_insertion alpha=0.6 seed=1 workflow=diversity_curves_shortest_path status=success
2026-06-17 00:07:30,779 INFO row_complete 909/3960 dataset=erdos_renyi perturbation=triangle_insertion alpha=0.7 seed=1 workflow=structural_statistics_mmd status=success
2026-06-17 00:07:30,780 INFO row_complete 910/3960 dataset=erdos_renyi perturbation=triangle_insertion alpha=0.7 seed=1 workflow=wl_subtree_kernel_mmd status=success
2026-06-17 00:07:30,781 INFO row_complete 911/3960 dataset=erdos_renyi perturbation=triangle_insertion alpha=0.7 seed=1 workflow=native_netlsd status=success
2026-06-17 00:07:30,781 INFO row_complete 912/3960 dataset=erdos_renyi perturbation=triangle_insertion alpha=0.7 seed=1 workflow=diversity_curves_shortest_path status=success
2026-06-17 00:15:18,074 INFO row_complete 913/3960 dataset=erdos_renyi perturbation=triangle_insertion alpha=0.8 seed=1 workflow=structural_statistics_mmd status=success
2026-06-17 00:15:18,075 INFO row_complete 914/3960 dataset=erdos_renyi perturbation=triangle_insertion alpha=0.8 seed=1 workflow=wl_subtree_kernel_mmd status=success
2026-06-17 00:15:18,076 INFO row_complete 915/3960 dataset=erdos_renyi perturbation=triangle_insertion alpha=0.8 seed=1 workflow=native_netlsd status=success
2026-06-17 00:15:18,077 INFO row_complete 916/3960 dataset=erdos_renyi perturbation=triangle_insertion alpha=0.8 seed=1 workflow=diversity_curves_shortest_path status=success
2026-06-17 00:23:27,135 INFO row_complete 917/3960 dataset=erdos_renyi perturbation=triangle_insertion alpha=0.9 seed=1 workflow=structural_statistics_mmd status=success
2026-06-17 00:23:27,136 INFO row_complete 918/3960 dataset=erdos_renyi perturbation=triangle_insertion alpha=0.9 seed=1 workflow=wl_subtree_kernel_mmd status=success
2026-06-17 00:23:27,137 INFO row_complete 919/3960 dataset=erdos_renyi perturbation=triangle_insertion alpha=0.9 seed=1 workflow=native_netlsd status=success
2026-06-17 00:23:27,137 INFO row_complete 920/3960 dataset=erdos_renyi perturbation=triangle_insertion alpha=0.9 seed=1 workflow=diversity_curves_shortest_path status=success
2026-06-17 00:32:00,841 INFO row_complete 921/3960 dataset=erdos_renyi perturbation=triangle_insertion alpha=1.0 seed=1 workflow=structural_statistics_mmd status=success
2026-06-17 00:32:00,842 INFO row_complete 922/3960 dataset=erdos_renyi perturbation=triangle_insertion alpha=1.0 seed=1 workflow=wl_subtree_kernel_mmd status=success
2026-06-17 00:32:00,843 INFO row_complete 923/3960 dataset=erdos_renyi perturbation=triangle_insertion alpha=1.0 seed=1 workflow=native_netlsd status=success
2026-06-17 00:32:00,844 INFO row_complete 924/3960 dataset=erdos_renyi perturbation=triangle_insertion alpha=1.0 seed=1 workflow=diversity_curves_shortest_path status=success
2026-06-17 00:37:28,797 INFO row_complete 925/3960 dataset=erdos_renyi perturbation=triangle_deletion alpha=0.0 seed=1 workflow=structural_statistics_mmd status=success
2026-06-17 00:37:28,798 INFO row_complete 926/3960 dataset=erdos_renyi perturbation=triangle_deletion alpha=0.0 seed=1 workflow=wl_subtree_kernel_mmd status=success
2026-06-17 00:37:28,799 INFO row_complete 927/3960 dataset=erdos_renyi perturbation=triangle_deletion alpha=0.0 seed=1 workflow=native_netlsd status=success
2026-06-17 00:37:28,800 INFO row_complete 928/3960 dataset=erdos_renyi perturbation=triangle_deletion alpha=0.0 seed=1 workflow=diversity_curves_shortest_path status=success
2026-06-17 00:42:46,816 INFO row_complete 929/3960 dataset=erdos_renyi perturbation=triangle_deletion alpha=0.1 seed=1 workflow=structural_statistics_mmd status=success
2026-06-17 00:42:46,817 INFO row_complete 930/3960 dataset=erdos_renyi perturbation=triangle_deletion alpha=0.1 seed=1 workflow=wl_subtree_kernel_mmd status=success
2026-06-17 00:42:46,818 INFO row_complete 931/3960 dataset=erdos_renyi perturbation=triangle_deletion alpha=0.1 seed=1 workflow=native_netlsd status=success
2026-06-17 00:42:46,819 INFO row_complete 932/3960 dataset=erdos_renyi perturbation=triangle_deletion alpha=0.1 seed=1 workflow=diversity_curves_shortest_path status=success
2026-06-17 00:47:49,042 INFO row_complete 933/3960 dataset=erdos_renyi perturbation=triangle_deletion alpha=0.2 seed=1 workflow=structural_statistics_mmd status=success
2026-06-17 00:47:49,043 INFO row_complete 934/3960 dataset=erdos_renyi perturbation=triangle_deletion alpha=0.2 seed=1 workflow=wl_subtree_kernel_mmd status=success
2026-06-17 00:47:49,044 INFO row_complete 935/3960 dataset=erdos_renyi perturbation=triangle_deletion alpha=0.2 seed=1 workflow=native_netlsd status=success
2026-06-17 00:47:49,044 INFO row_complete 936/3960 dataset=erdos_renyi perturbation=triangle_deletion alpha=0.2 seed=1 workflow=diversity_curves_shortest_path status=success
2026-06-17 00:52:38,637 INFO row_complete 937/3960 dataset=erdos_renyi perturbation=triangle_deletion alpha=0.3 seed=1 workflow=structural_statistics_mmd status=success
2026-06-17 00:52:38,638 INFO row_complete 938/3960 dataset=erdos_renyi perturbation=triangle_deletion alpha=0.3 seed=1 workflow=wl_subtree_kernel_mmd status=success
2026-06-17 00:52:38,638 INFO row_complete 939/3960 dataset=erdos_renyi perturbation=triangle_deletion alpha=0.3 seed=1 workflow=native_netlsd status=success
2026-06-17 00:52:38,639 INFO row_complete 940/3960 dataset=erdos_renyi perturbation=triangle_deletion alpha=0.3 seed=1 workflow=diversity_curves_shortest_path status=success
2026-06-17 00:57:13,695 INFO row_complete 941/3960 dataset=erdos_renyi perturbation=triangle_deletion alpha=0.4 seed=1 workflow=structural_statistics_mmd status=success
2026-06-17 00:57:13,696 INFO row_complete 942/3960 dataset=erdos_renyi perturbation=triangle_deletion alpha=0.4 seed=1 workflow=wl_subtree_kernel_mmd status=success
2026-06-17 00:57:13,697 INFO row_complete 943/3960 dataset=erdos_renyi perturbation=triangle_deletion alpha=0.4 seed=1 workflow=native_netlsd status=success
2026-06-17 00:57:13,698 INFO row_complete 944/3960 dataset=erdos_renyi perturbation=triangle_deletion alpha=0.4 seed=1 workflow=diversity_curves_shortest_path status=success
2026-06-17 01:01:40,231 INFO row_complete 945/3960 dataset=erdos_renyi perturbation=triangle_deletion alpha=0.5 seed=1 workflow=structural_statistics_mmd status=success
2026-06-17 01:01:40,232 INFO row_complete 946/3960 dataset=erdos_renyi perturbation=triangle_deletion alpha=0.5 seed=1 workflow=wl_subtree_kernel_mmd status=success
2026-06-17 01:01:40,232 INFO row_complete 947/3960 dataset=erdos_renyi perturbation=triangle_deletion alpha=0.5 seed=1 workflow=native_netlsd status=success
2026-06-17 01:01:40,233 INFO row_complete 948/3960 dataset=erdos_renyi perturbation=triangle_deletion alpha=0.5 seed=1 workflow=diversity_curves_shortest_path status=success
2026-06-17 01:06:01,472 INFO row_complete 949/3960 dataset=erdos_renyi perturbation=triangle_deletion alpha=0.6 seed=1 workflow=structural_statistics_mmd status=success
2026-06-17 01:06:01,473 INFO row_complete 950/3960 dataset=erdos_renyi perturbation=triangle_deletion alpha=0.6 seed=1 workflow=wl_subtree_kernel_mmd status=success
2026-06-17 01:06:01,474 INFO row_complete 951/3960 dataset=erdos_renyi perturbation=triangle_deletion alpha=0.6 seed=1 workflow=native_netlsd status=success
2026-06-17 01:06:01,475 INFO row_complete 952/3960 dataset=erdos_renyi perturbation=triangle_deletion alpha=0.6 seed=1 workflow=diversity_curves_shortest_path status=success
2026-06-17 01:10:24,667 INFO row_complete 953/3960 dataset=erdos_renyi perturbation=triangle_deletion alpha=0.7 seed=1 workflow=structural_statistics_mmd status=success
2026-06-17 01:10:24,668 INFO row_complete 954/3960 dataset=erdos_renyi perturbation=triangle_deletion alpha=0.7 seed=1 workflow=wl_subtree_kernel_mmd status=success
2026-06-17 01:10:24,669 INFO row_complete 955/3960 dataset=erdos_renyi perturbation=triangle_deletion alpha=0.7 seed=1 workflow=native_netlsd status=success
2026-06-17 01:10:24,670 INFO row_complete 956/3960 dataset=erdos_renyi perturbation=triangle_deletion alpha=0.7 seed=1 workflow=diversity_curves_shortest_path status=success
2026-06-17 01:14:46,637 INFO row_complete 957/3960 dataset=erdos_renyi perturbation=triangle_deletion alpha=0.8 seed=1 workflow=structural_statistics_mmd status=success
2026-06-17 01:14:46,638 INFO row_complete 958/3960 dataset=erdos_renyi perturbation=triangle_deletion alpha=0.8 seed=1 workflow=wl_subtree_kernel_mmd status=success
2026-06-17 01:14:46,638 INFO row_complete 959/3960 dataset=erdos_renyi perturbation=triangle_deletion alpha=0.8 seed=1 workflow=native_netlsd status=success
2026-06-17 01:14:46,639 INFO row_complete 960/3960 dataset=erdos_renyi perturbation=triangle_deletion alpha=0.8 seed=1 workflow=diversity_curves_shortest_path status=success
2026-06-17 01:19:08,568 INFO row_complete 961/3960 dataset=erdos_renyi perturbation=triangle_deletion alpha=0.9 seed=1 workflow=structural_statistics_mmd status=success
2026-06-17 01:19:08,570 INFO row_complete 962/3960 dataset=erdos_renyi perturbation=triangle_deletion alpha=0.9 seed=1 workflow=wl_subtree_kernel_mmd status=success
2026-06-17 01:19:08,570 INFO row_complete 963/3960 dataset=erdos_renyi perturbation=triangle_deletion alpha=0.9 seed=1 workflow=native_netlsd status=success
2026-06-17 01:19:08,571 INFO row_complete 964/3960 dataset=erdos_renyi perturbation=triangle_deletion alpha=0.9 seed=1 workflow=diversity_curves_shortest_path status=success
2026-06-17 01:23:30,119 INFO row_complete 965/3960 dataset=erdos_renyi perturbation=triangle_deletion alpha=1.0 seed=1 workflow=structural_statistics_mmd status=success
2026-06-17 01:23:30,120 INFO row_complete 966/3960 dataset=erdos_renyi perturbation=triangle_deletion alpha=1.0 seed=1 workflow=wl_subtree_kernel_mmd status=success
2026-06-17 01:23:30,121 INFO row_complete 967/3960 dataset=erdos_renyi perturbation=triangle_deletion alpha=1.0 seed=1 workflow=native_netlsd status=success
2026-06-17 01:23:30,122 INFO row_complete 968/3960 dataset=erdos_renyi perturbation=triangle_deletion alpha=1.0 seed=1 workflow=diversity_curves_shortest_path status=success
2026-06-17 01:23:30,141 INFO row_complete 969/3960 dataset=erdos_renyi perturbation=community_weakening alpha=0.0 seed=1 workflow=structural_statistics_mmd status=skipped
2026-06-17 01:23:30,142 INFO row_complete 970/3960 dataset=erdos_renyi perturbation=community_weakening alpha=0.0 seed=1 workflow=wl_subtree_kernel_mmd status=skipped
2026-06-17 01:23:30,143 INFO row_complete 971/3960 dataset=erdos_renyi perturbation=community_weakening alpha=0.0 seed=1 workflow=native_netlsd status=skipped
2026-06-17 01:23:30,143 INFO row_complete 972/3960 dataset=erdos_renyi perturbation=community_weakening alpha=0.0 seed=1 workflow=diversity_curves_shortest_path status=skipped
2026-06-17 01:23:30,164 INFO row_complete 973/3960 dataset=erdos_renyi perturbation=community_weakening alpha=0.1 seed=1 workflow=structural_statistics_mmd status=skipped
2026-06-17 01:23:30,164 INFO row_complete 974/3960 dataset=erdos_renyi perturbation=community_weakening alpha=0.1 seed=1 workflow=wl_subtree_kernel_mmd status=skipped
2026-06-17 01:23:30,165 INFO row_complete 975/3960 dataset=erdos_renyi perturbation=community_weakening alpha=0.1 seed=1 workflow=native_netlsd status=skipped
2026-06-17 01:23:30,166 INFO row_complete 976/3960 dataset=erdos_renyi perturbation=community_weakening alpha=0.1 seed=1 workflow=diversity_curves_shortest_path status=skipped
2026-06-17 01:23:30,185 INFO row_complete 977/3960 dataset=erdos_renyi perturbation=community_weakening alpha=0.2 seed=1 workflow=structural_statistics_mmd status=skipped
2026-06-17 01:23:30,186 INFO row_complete 978/3960 dataset=erdos_renyi perturbation=community_weakening alpha=0.2 seed=1 workflow=wl_subtree_kernel_mmd status=skipped
2026-06-17 01:23:30,187 INFO row_complete 979/3960 dataset=erdos_renyi perturbation=community_weakening alpha=0.2 seed=1 workflow=native_netlsd status=skipped
2026-06-17 01:23:30,187 INFO row_complete 980/3960 dataset=erdos_renyi perturbation=community_weakening alpha=0.2 seed=1 workflow=diversity_curves_shortest_path status=skipped
2026-06-17 01:23:30,209 INFO row_complete 981/3960 dataset=erdos_renyi perturbation=community_weakening alpha=0.3 seed=1 workflow=structural_statistics_mmd status=skipped
2026-06-17 01:23:30,209 INFO row_complete 982/3960 dataset=erdos_renyi perturbation=community_weakening alpha=0.3 seed=1 workflow=wl_subtree_kernel_mmd status=skipped
2026-06-17 01:23:30,210 INFO row_complete 983/3960 dataset=erdos_renyi perturbation=community_weakening alpha=0.3 seed=1 workflow=native_netlsd status=skipped
2026-06-17 01:23:30,211 INFO row_complete 984/3960 dataset=erdos_renyi perturbation=community_weakening alpha=0.3 seed=1 workflow=diversity_curves_shortest_path status=skipped
2026-06-17 01:23:30,239 INFO row_complete 985/3960 dataset=erdos_renyi perturbation=community_weakening alpha=0.4 seed=1 workflow=structural_statistics_mmd status=skipped
2026-06-17 01:23:30,240 INFO row_complete 986/3960 dataset=erdos_renyi perturbation=community_weakening alpha=0.4 seed=1 workflow=wl_subtree_kernel_mmd status=skipped
2026-06-17 01:23:30,241 INFO row_complete 987/3960 dataset=erdos_renyi perturbation=community_weakening alpha=0.4 seed=1 workflow=native_netlsd status=skipped
2026-06-17 01:23:30,241 INFO row_complete 988/3960 dataset=erdos_renyi perturbation=community_weakening alpha=0.4 seed=1 workflow=diversity_curves_shortest_path status=skipped
2026-06-17 01:23:30,260 INFO row_complete 989/3960 dataset=erdos_renyi perturbation=community_weakening alpha=0.5 seed=1 workflow=structural_statistics_mmd status=skipped
2026-06-17 01:23:30,261 INFO row_complete 990/3960 dataset=erdos_renyi perturbation=community_weakening alpha=0.5 seed=1 workflow=wl_subtree_kernel_mmd status=skipped
2026-06-17 01:23:30,262 INFO row_complete 991/3960 dataset=erdos_renyi perturbation=community_weakening alpha=0.5 seed=1 workflow=native_netlsd status=skipped
2026-06-17 01:23:30,262 INFO row_complete 992/3960 dataset=erdos_renyi perturbation=community_weakening alpha=0.5 seed=1 workflow=diversity_curves_shortest_path status=skipped
2026-06-17 01:23:30,283 INFO row_complete 993/3960 dataset=erdos_renyi perturbation=community_weakening alpha=0.6 seed=1 workflow=structural_statistics_mmd status=skipped
2026-06-17 01:23:30,283 INFO row_complete 994/3960 dataset=erdos_renyi perturbation=community_weakening alpha=0.6 seed=1 workflow=wl_subtree_kernel_mmd status=skipped
2026-06-17 01:23:30,284 INFO row_complete 995/3960 dataset=erdos_renyi perturbation=community_weakening alpha=0.6 seed=1 workflow=native_netlsd status=skipped
2026-06-17 01:23:30,285 INFO row_complete 996/3960 dataset=erdos_renyi perturbation=community_weakening alpha=0.6 seed=1 workflow=diversity_curves_shortest_path status=skipped
2026-06-17 01:23:30,304 INFO row_complete 997/3960 dataset=erdos_renyi perturbation=community_weakening alpha=0.7 seed=1 workflow=structural_statistics_mmd status=skipped
2026-06-17 01:23:30,305 INFO row_complete 998/3960 dataset=erdos_renyi perturbation=community_weakening alpha=0.7 seed=1 workflow=wl_subtree_kernel_mmd status=skipped
2026-06-17 01:23:30,306 INFO row_complete 999/3960 dataset=erdos_renyi perturbation=community_weakening alpha=0.7 seed=1 workflow=native_netlsd status=skipped
2026-06-17 01:23:30,306 INFO row_complete 1000/3960 dataset=erdos_renyi perturbation=community_weakening alpha=0.7 seed=1 workflow=diversity_curves_shortest_path status=skipped
2026-06-17 01:23:30,328 INFO row_complete 1001/3960 dataset=erdos_renyi perturbation=community_weakening alpha=0.8 seed=1 workflow=structural_statistics_mmd status=skipped
2026-06-17 01:23:30,329 INFO row_complete 1002/3960 dataset=erdos_renyi perturbation=community_weakening alpha=0.8 seed=1 workflow=wl_subtree_kernel_mmd status=skipped
2026-06-17 01:23:30,330 INFO row_complete 1003/3960 dataset=erdos_renyi perturbation=community_weakening alpha=0.8 seed=1 workflow=native_netlsd status=skipped
2026-06-17 01:23:30,331 INFO row_complete 1004/3960 dataset=erdos_renyi perturbation=community_weakening alpha=0.8 seed=1 workflow=diversity_curves_shortest_path status=skipped
2026-06-17 01:23:30,352 INFO row_complete 1005/3960 dataset=erdos_renyi perturbation=community_weakening alpha=0.9 seed=1 workflow=structural_statistics_mmd status=skipped
2026-06-17 01:23:30,352 INFO row_complete 1006/3960 dataset=erdos_renyi perturbation=community_weakening alpha=0.9 seed=1 workflow=wl_subtree_kernel_mmd status=skipped
2026-06-17 01:23:30,353 INFO row_complete 1007/3960 dataset=erdos_renyi perturbation=community_weakening alpha=0.9 seed=1 workflow=native_netlsd status=skipped
2026-06-17 01:23:30,354 INFO row_complete 1008/3960 dataset=erdos_renyi perturbation=community_weakening alpha=0.9 seed=1 workflow=diversity_curves_shortest_path status=skipped
2026-06-17 01:23:30,373 INFO row_complete 1009/3960 dataset=erdos_renyi perturbation=community_weakening alpha=1.0 seed=1 workflow=structural_statistics_mmd status=skipped
2026-06-17 01:23:30,374 INFO row_complete 1010/3960 dataset=erdos_renyi perturbation=community_weakening alpha=1.0 seed=1 workflow=wl_subtree_kernel_mmd status=skipped
2026-06-17 01:23:30,375 INFO row_complete 1011/3960 dataset=erdos_renyi perturbation=community_weakening alpha=1.0 seed=1 workflow=native_netlsd status=skipped
2026-06-17 01:23:30,376 INFO row_complete 1012/3960 dataset=erdos_renyi perturbation=community_weakening alpha=1.0 seed=1 workflow=diversity_curves_shortest_path status=skipped
2026-06-17 01:28:57,241 INFO row_complete 1013/3960 dataset=erdos_renyi perturbation=hub_modification alpha=0.0 seed=1 workflow=structural_statistics_mmd status=success
2026-06-17 01:28:57,242 INFO row_complete 1014/3960 dataset=erdos_renyi perturbation=hub_modification alpha=0.0 seed=1 workflow=wl_subtree_kernel_mmd status=success
2026-06-17 01:28:57,243 INFO row_complete 1015/3960 dataset=erdos_renyi perturbation=hub_modification alpha=0.0 seed=1 workflow=native_netlsd status=success
2026-06-17 01:28:57,243 INFO row_complete 1016/3960 dataset=erdos_renyi perturbation=hub_modification alpha=0.0 seed=1 workflow=diversity_curves_shortest_path status=success
2026-06-17 01:34:25,148 INFO row_complete 1017/3960 dataset=erdos_renyi perturbation=hub_modification alpha=0.1 seed=1 workflow=structural_statistics_mmd status=success
2026-06-17 01:34:25,149 INFO row_complete 1018/3960 dataset=erdos_renyi perturbation=hub_modification alpha=0.1 seed=1 workflow=wl_subtree_kernel_mmd status=success
2026-06-17 01:34:25,150 INFO row_complete 1019/3960 dataset=erdos_renyi perturbation=hub_modification alpha=0.1 seed=1 workflow=native_netlsd status=success
2026-06-17 01:34:25,151 INFO row_complete 1020/3960 dataset=erdos_renyi perturbation=hub_modification alpha=0.1 seed=1 workflow=diversity_curves_shortest_path status=success
2026-06-17 01:39:52,680 INFO row_complete 1021/3960 dataset=erdos_renyi perturbation=hub_modification alpha=0.2 seed=1 workflow=structural_statistics_mmd status=success
2026-06-17 01:39:52,681 INFO row_complete 1022/3960 dataset=erdos_renyi perturbation=hub_modification alpha=0.2 seed=1 workflow=wl_subtree_kernel_mmd status=success
2026-06-17 01:39:52,682 INFO row_complete 1023/3960 dataset=erdos_renyi perturbation=hub_modification alpha=0.2 seed=1 workflow=native_netlsd status=success
2026-06-17 01:39:52,682 INFO row_complete 1024/3960 dataset=erdos_renyi perturbation=hub_modification alpha=0.2 seed=1 workflow=diversity_curves_shortest_path status=success
2026-06-17 01:45:20,206 INFO row_complete 1025/3960 dataset=erdos_renyi perturbation=hub_modification alpha=0.3 seed=1 workflow=structural_statistics_mmd status=success
2026-06-17 01:45:20,207 INFO row_complete 1026/3960 dataset=erdos_renyi perturbation=hub_modification alpha=0.3 seed=1 workflow=wl_subtree_kernel_mmd status=success
2026-06-17 01:45:20,208 INFO row_complete 1027/3960 dataset=erdos_renyi perturbation=hub_modification alpha=0.3 seed=1 workflow=native_netlsd status=success
2026-06-17 01:45:20,208 INFO row_complete 1028/3960 dataset=erdos_renyi perturbation=hub_modification alpha=0.3 seed=1 workflow=diversity_curves_shortest_path status=success
2026-06-17 01:50:47,571 INFO row_complete 1029/3960 dataset=erdos_renyi perturbation=hub_modification alpha=0.4 seed=1 workflow=structural_statistics_mmd status=success
2026-06-17 01:50:47,573 INFO row_complete 1030/3960 dataset=erdos_renyi perturbation=hub_modification alpha=0.4 seed=1 workflow=wl_subtree_kernel_mmd status=success
2026-06-17 01:50:47,573 INFO row_complete 1031/3960 dataset=erdos_renyi perturbation=hub_modification alpha=0.4 seed=1 workflow=native_netlsd status=success
2026-06-17 01:50:47,574 INFO row_complete 1032/3960 dataset=erdos_renyi perturbation=hub_modification alpha=0.4 seed=1 workflow=diversity_curves_shortest_path status=success
2026-06-17 01:56:14,275 INFO row_complete 1033/3960 dataset=erdos_renyi perturbation=hub_modification alpha=0.5 seed=1 workflow=structural_statistics_mmd status=success
2026-06-17 01:56:14,276 INFO row_complete 1034/3960 dataset=erdos_renyi perturbation=hub_modification alpha=0.5 seed=1 workflow=wl_subtree_kernel_mmd status=success
2026-06-17 01:56:14,278 INFO row_complete 1035/3960 dataset=erdos_renyi perturbation=hub_modification alpha=0.5 seed=1 workflow=native_netlsd status=success
2026-06-17 01:56:14,278 INFO row_complete 1036/3960 dataset=erdos_renyi perturbation=hub_modification alpha=0.5 seed=1 workflow=diversity_curves_shortest_path status=success
2026-06-17 02:01:41,560 INFO row_complete 1037/3960 dataset=erdos_renyi perturbation=hub_modification alpha=0.6 seed=1 workflow=structural_statistics_mmd status=success
2026-06-17 02:01:41,561 INFO row_complete 1038/3960 dataset=erdos_renyi perturbation=hub_modification alpha=0.6 seed=1 workflow=wl_subtree_kernel_mmd status=success
2026-06-17 02:01:41,562 INFO row_complete 1039/3960 dataset=erdos_renyi perturbation=hub_modification alpha=0.6 seed=1 workflow=native_netlsd status=success
2026-06-17 02:01:41,563 INFO row_complete 1040/3960 dataset=erdos_renyi perturbation=hub_modification alpha=0.6 seed=1 workflow=diversity_curves_shortest_path status=success
2026-06-17 02:07:07,893 INFO row_complete 1041/3960 dataset=erdos_renyi perturbation=hub_modification alpha=0.7 seed=1 workflow=structural_statistics_mmd status=success
2026-06-17 02:07:07,894 INFO row_complete 1042/3960 dataset=erdos_renyi perturbation=hub_modification alpha=0.7 seed=1 workflow=wl_subtree_kernel_mmd status=success
2026-06-17 02:07:07,895 INFO row_complete 1043/3960 dataset=erdos_renyi perturbation=hub_modification alpha=0.7 seed=1 workflow=native_netlsd status=success
2026-06-17 02:07:07,896 INFO row_complete 1044/3960 dataset=erdos_renyi perturbation=hub_modification alpha=0.7 seed=1 workflow=diversity_curves_shortest_path status=success
2026-06-17 02:12:34,961 INFO row_complete 1045/3960 dataset=erdos_renyi perturbation=hub_modification alpha=0.8 seed=1 workflow=structural_statistics_mmd status=success
2026-06-17 02:12:34,963 INFO row_complete 1046/3960 dataset=erdos_renyi perturbation=hub_modification alpha=0.8 seed=1 workflow=wl_subtree_kernel_mmd status=success
2026-06-17 02:12:34,964 INFO row_complete 1047/3960 dataset=erdos_renyi perturbation=hub_modification alpha=0.8 seed=1 workflow=native_netlsd status=success
2026-06-17 02:12:34,964 INFO row_complete 1048/3960 dataset=erdos_renyi perturbation=hub_modification alpha=0.8 seed=1 workflow=diversity_curves_shortest_path status=success
2026-06-17 02:18:02,449 INFO row_complete 1049/3960 dataset=erdos_renyi perturbation=hub_modification alpha=0.9 seed=1 workflow=structural_statistics_mmd status=success
2026-06-17 02:18:02,450 INFO row_complete 1050/3960 dataset=erdos_renyi perturbation=hub_modification alpha=0.9 seed=1 workflow=wl_subtree_kernel_mmd status=success
2026-06-17 02:18:02,451 INFO row_complete 1051/3960 dataset=erdos_renyi perturbation=hub_modification alpha=0.9 seed=1 workflow=native_netlsd status=success
2026-06-17 02:18:02,452 INFO row_complete 1052/3960 dataset=erdos_renyi perturbation=hub_modification alpha=0.9 seed=1 workflow=diversity_curves_shortest_path status=success
2026-06-17 02:23:29,349 INFO row_complete 1053/3960 dataset=erdos_renyi perturbation=hub_modification alpha=1.0 seed=1 workflow=structural_statistics_mmd status=success
2026-06-17 02:23:29,351 INFO row_complete 1054/3960 dataset=erdos_renyi perturbation=hub_modification alpha=1.0 seed=1 workflow=wl_subtree_kernel_mmd status=success
2026-06-17 02:23:29,351 INFO row_complete 1055/3960 dataset=erdos_renyi perturbation=hub_modification alpha=1.0 seed=1 workflow=native_netlsd status=success
2026-06-17 02:23:29,352 INFO row_complete 1056/3960 dataset=erdos_renyi perturbation=hub_modification alpha=1.0 seed=1 workflow=diversity_curves_shortest_path status=success
2026-06-17 02:27:54,583 INFO row_complete 1057/3960 dataset=stochastic_block_model perturbation=edge_insertion alpha=0.0 seed=1 workflow=structural_statistics_mmd status=success
2026-06-17 02:27:54,585 INFO row_complete 1058/3960 dataset=stochastic_block_model perturbation=edge_insertion alpha=0.0 seed=1 workflow=wl_subtree_kernel_mmd status=success
2026-06-17 02:27:54,585 INFO row_complete 1059/3960 dataset=stochastic_block_model perturbation=edge_insertion alpha=0.0 seed=1 workflow=native_netlsd status=success
2026-06-17 02:27:54,587 INFO row_complete 1060/3960 dataset=stochastic_block_model perturbation=edge_insertion alpha=0.0 seed=1 workflow=diversity_curves_shortest_path status=success
2026-06-17 02:32:31,077 INFO row_complete 1061/3960 dataset=stochastic_block_model perturbation=edge_insertion alpha=0.1 seed=1 workflow=structural_statistics_mmd status=success
2026-06-17 02:32:31,078 INFO row_complete 1062/3960 dataset=stochastic_block_model perturbation=edge_insertion alpha=0.1 seed=1 workflow=wl_subtree_kernel_mmd status=success
2026-06-17 02:32:31,079 INFO row_complete 1063/3960 dataset=stochastic_block_model perturbation=edge_insertion alpha=0.1 seed=1 workflow=native_netlsd status=success
2026-06-17 02:32:31,079 INFO row_complete 1064/3960 dataset=stochastic_block_model perturbation=edge_insertion alpha=0.1 seed=1 workflow=diversity_curves_shortest_path status=success
2026-06-17 02:37:20,558 INFO row_complete 1065/3960 dataset=stochastic_block_model perturbation=edge_insertion alpha=0.2 seed=1 workflow=structural_statistics_mmd status=success
2026-06-17 02:37:20,560 INFO row_complete 1066/3960 dataset=stochastic_block_model perturbation=edge_insertion alpha=0.2 seed=1 workflow=wl_subtree_kernel_mmd status=success
2026-06-17 02:37:20,561 INFO row_complete 1067/3960 dataset=stochastic_block_model perturbation=edge_insertion alpha=0.2 seed=1 workflow=native_netlsd status=success
2026-06-17 02:37:20,562 INFO row_complete 1068/3960 dataset=stochastic_block_model perturbation=edge_insertion alpha=0.2 seed=1 workflow=diversity_curves_shortest_path status=success
2026-06-17 02:42:23,253 INFO row_complete 1069/3960 dataset=stochastic_block_model perturbation=edge_insertion alpha=0.3 seed=1 workflow=structural_statistics_mmd status=success
2026-06-17 02:42:23,255 INFO row_complete 1070/3960 dataset=stochastic_block_model perturbation=edge_insertion alpha=0.3 seed=1 workflow=wl_subtree_kernel_mmd status=success
2026-06-17 02:42:23,255 INFO row_complete 1071/3960 dataset=stochastic_block_model perturbation=edge_insertion alpha=0.3 seed=1 workflow=native_netlsd status=success
2026-06-17 02:42:23,256 INFO row_complete 1072/3960 dataset=stochastic_block_model perturbation=edge_insertion alpha=0.3 seed=1 workflow=diversity_curves_shortest_path status=success
2026-06-17 02:47:40,611 INFO row_complete 1073/3960 dataset=stochastic_block_model perturbation=edge_insertion alpha=0.4 seed=1 workflow=structural_statistics_mmd status=success
2026-06-17 02:47:40,612 INFO row_complete 1074/3960 dataset=stochastic_block_model perturbation=edge_insertion alpha=0.4 seed=1 workflow=wl_subtree_kernel_mmd status=success
2026-06-17 02:47:40,613 INFO row_complete 1075/3960 dataset=stochastic_block_model perturbation=edge_insertion alpha=0.4 seed=1 workflow=native_netlsd status=success
2026-06-17 02:47:40,614 INFO row_complete 1076/3960 dataset=stochastic_block_model perturbation=edge_insertion alpha=0.4 seed=1 workflow=diversity_curves_shortest_path status=success
2026-06-17 02:53:10,139 INFO row_complete 1077/3960 dataset=stochastic_block_model perturbation=edge_insertion alpha=0.5 seed=1 workflow=structural_statistics_mmd status=success
2026-06-17 02:53:10,140 INFO row_complete 1078/3960 dataset=stochastic_block_model perturbation=edge_insertion alpha=0.5 seed=1 workflow=wl_subtree_kernel_mmd status=success
2026-06-17 02:53:10,141 INFO row_complete 1079/3960 dataset=stochastic_block_model perturbation=edge_insertion alpha=0.5 seed=1 workflow=native_netlsd status=success
2026-06-17 02:53:10,142 INFO row_complete 1080/3960 dataset=stochastic_block_model perturbation=edge_insertion alpha=0.5 seed=1 workflow=diversity_curves_shortest_path status=success
2026-06-17 02:58:53,167 INFO row_complete 1081/3960 dataset=stochastic_block_model perturbation=edge_insertion alpha=0.6 seed=1 workflow=structural_statistics_mmd status=success
2026-06-17 02:58:53,169 INFO row_complete 1082/3960 dataset=stochastic_block_model perturbation=edge_insertion alpha=0.6 seed=1 workflow=wl_subtree_kernel_mmd status=success
2026-06-17 02:58:53,170 INFO row_complete 1083/3960 dataset=stochastic_block_model perturbation=edge_insertion alpha=0.6 seed=1 workflow=native_netlsd status=success
2026-06-17 02:58:53,170 INFO row_complete 1084/3960 dataset=stochastic_block_model perturbation=edge_insertion alpha=0.6 seed=1 workflow=diversity_curves_shortest_path status=success
2026-06-17 03:04:50,346 INFO row_complete 1085/3960 dataset=stochastic_block_model perturbation=edge_insertion alpha=0.7 seed=1 workflow=structural_statistics_mmd status=success
2026-06-17 03:04:50,347 INFO row_complete 1086/3960 dataset=stochastic_block_model perturbation=edge_insertion alpha=0.7 seed=1 workflow=wl_subtree_kernel_mmd status=success
2026-06-17 03:04:50,348 INFO row_complete 1087/3960 dataset=stochastic_block_model perturbation=edge_insertion alpha=0.7 seed=1 workflow=native_netlsd status=success
2026-06-17 03:04:50,349 INFO row_complete 1088/3960 dataset=stochastic_block_model perturbation=edge_insertion alpha=0.7 seed=1 workflow=diversity_curves_shortest_path status=success
2026-06-17 03:11:04,392 INFO row_complete 1089/3960 dataset=stochastic_block_model perturbation=edge_insertion alpha=0.8 seed=1 workflow=structural_statistics_mmd status=success
2026-06-17 03:11:04,394 INFO row_complete 1090/3960 dataset=stochastic_block_model perturbation=edge_insertion alpha=0.8 seed=1 workflow=wl_subtree_kernel_mmd status=success
2026-06-17 03:11:04,395 INFO row_complete 1091/3960 dataset=stochastic_block_model perturbation=edge_insertion alpha=0.8 seed=1 workflow=native_netlsd status=success
2026-06-17 03:11:04,395 INFO row_complete 1092/3960 dataset=stochastic_block_model perturbation=edge_insertion alpha=0.8 seed=1 workflow=diversity_curves_shortest_path status=success
2026-06-17 03:17:32,308 INFO row_complete 1093/3960 dataset=stochastic_block_model perturbation=edge_insertion alpha=0.9 seed=1 workflow=structural_statistics_mmd status=success
2026-06-17 03:17:32,309 INFO row_complete 1094/3960 dataset=stochastic_block_model perturbation=edge_insertion alpha=0.9 seed=1 workflow=wl_subtree_kernel_mmd status=success
2026-06-17 03:17:32,310 INFO row_complete 1095/3960 dataset=stochastic_block_model perturbation=edge_insertion alpha=0.9 seed=1 workflow=native_netlsd status=success
2026-06-17 03:17:32,310 INFO row_complete 1096/3960 dataset=stochastic_block_model perturbation=edge_insertion alpha=0.9 seed=1 workflow=diversity_curves_shortest_path status=success
2026-06-17 03:24:20,335 INFO row_complete 1097/3960 dataset=stochastic_block_model perturbation=edge_insertion alpha=1.0 seed=1 workflow=structural_statistics_mmd status=success
2026-06-17 03:24:20,337 INFO row_complete 1098/3960 dataset=stochastic_block_model perturbation=edge_insertion alpha=1.0 seed=1 workflow=wl_subtree_kernel_mmd status=success
2026-06-17 03:24:20,337 INFO row_complete 1099/3960 dataset=stochastic_block_model perturbation=edge_insertion alpha=1.0 seed=1 workflow=native_netlsd status=success
2026-06-17 03:24:20,338 INFO row_complete 1100/3960 dataset=stochastic_block_model perturbation=edge_insertion alpha=1.0 seed=1 workflow=diversity_curves_shortest_path status=success
2026-06-17 03:28:44,905 INFO row_complete 1101/3960 dataset=stochastic_block_model perturbation=edge_deletion alpha=0.0 seed=1 workflow=structural_statistics_mmd status=success
2026-06-17 03:28:44,907 INFO row_complete 1102/3960 dataset=stochastic_block_model perturbation=edge_deletion alpha=0.0 seed=1 workflow=wl_subtree_kernel_mmd status=success
2026-06-17 03:28:44,908 INFO row_complete 1103/3960 dataset=stochastic_block_model perturbation=edge_deletion alpha=0.0 seed=1 workflow=native_netlsd status=success
2026-06-17 03:28:44,908 INFO row_complete 1104/3960 dataset=stochastic_block_model perturbation=edge_deletion alpha=0.0 seed=1 workflow=diversity_curves_shortest_path status=success
2026-06-17 03:33:01,752 INFO row_complete 1105/3960 dataset=stochastic_block_model perturbation=edge_deletion alpha=0.1 seed=1 workflow=structural_statistics_mmd status=success
2026-06-17 03:33:01,753 INFO row_complete 1106/3960 dataset=stochastic_block_model perturbation=edge_deletion alpha=0.1 seed=1 workflow=wl_subtree_kernel_mmd status=success
2026-06-17 03:33:01,754 INFO row_complete 1107/3960 dataset=stochastic_block_model perturbation=edge_deletion alpha=0.1 seed=1 workflow=native_netlsd status=success
2026-06-17 03:33:01,755 INFO row_complete 1108/3960 dataset=stochastic_block_model perturbation=edge_deletion alpha=0.1 seed=1 workflow=diversity_curves_shortest_path status=success
2026-06-17 03:37:07,167 INFO row_complete 1109/3960 dataset=stochastic_block_model perturbation=edge_deletion alpha=0.2 seed=1 workflow=structural_statistics_mmd status=success
2026-06-17 03:37:07,169 INFO row_complete 1110/3960 dataset=stochastic_block_model perturbation=edge_deletion alpha=0.2 seed=1 workflow=wl_subtree_kernel_mmd status=success
2026-06-17 03:37:07,169 INFO row_complete 1111/3960 dataset=stochastic_block_model perturbation=edge_deletion alpha=0.2 seed=1 workflow=native_netlsd status=success
2026-06-17 03:37:07,170 INFO row_complete 1112/3960 dataset=stochastic_block_model perturbation=edge_deletion alpha=0.2 seed=1 workflow=diversity_curves_shortest_path status=success
2026-06-17 03:41:02,605 INFO row_complete 1113/3960 dataset=stochastic_block_model perturbation=edge_deletion alpha=0.3 seed=1 workflow=structural_statistics_mmd status=success
2026-06-17 03:41:02,606 INFO row_complete 1114/3960 dataset=stochastic_block_model perturbation=edge_deletion alpha=0.3 seed=1 workflow=wl_subtree_kernel_mmd status=success
2026-06-17 03:41:02,607 INFO row_complete 1115/3960 dataset=stochastic_block_model perturbation=edge_deletion alpha=0.3 seed=1 workflow=native_netlsd status=success
2026-06-17 03:41:02,607 INFO row_complete 1116/3960 dataset=stochastic_block_model perturbation=edge_deletion alpha=0.3 seed=1 workflow=diversity_curves_shortest_path status=success
2026-06-17 03:44:48,224 INFO row_complete 1117/3960 dataset=stochastic_block_model perturbation=edge_deletion alpha=0.4 seed=1 workflow=structural_statistics_mmd status=success
2026-06-17 03:44:48,226 INFO row_complete 1118/3960 dataset=stochastic_block_model perturbation=edge_deletion alpha=0.4 seed=1 workflow=wl_subtree_kernel_mmd status=success
2026-06-17 03:44:48,226 INFO row_complete 1119/3960 dataset=stochastic_block_model perturbation=edge_deletion alpha=0.4 seed=1 workflow=native_netlsd status=success
2026-06-17 03:44:48,227 INFO row_complete 1120/3960 dataset=stochastic_block_model perturbation=edge_deletion alpha=0.4 seed=1 workflow=diversity_curves_shortest_path status=success
2026-06-17 03:48:25,273 INFO row_complete 1121/3960 dataset=stochastic_block_model perturbation=edge_deletion alpha=0.5 seed=1 workflow=structural_statistics_mmd status=success
2026-06-17 03:48:25,274 INFO row_complete 1122/3960 dataset=stochastic_block_model perturbation=edge_deletion alpha=0.5 seed=1 workflow=wl_subtree_kernel_mmd status=success
2026-06-17 03:48:25,275 INFO row_complete 1123/3960 dataset=stochastic_block_model perturbation=edge_deletion alpha=0.5 seed=1 workflow=native_netlsd status=success
2026-06-17 03:48:25,275 INFO row_complete 1124/3960 dataset=stochastic_block_model perturbation=edge_deletion alpha=0.5 seed=1 workflow=diversity_curves_shortest_path status=success
2026-06-17 03:51:51,272 INFO row_complete 1125/3960 dataset=stochastic_block_model perturbation=edge_deletion alpha=0.6 seed=1 workflow=structural_statistics_mmd status=success
2026-06-17 03:51:51,273 INFO row_complete 1126/3960 dataset=stochastic_block_model perturbation=edge_deletion alpha=0.6 seed=1 workflow=wl_subtree_kernel_mmd status=success
2026-06-17 03:51:51,274 INFO row_complete 1127/3960 dataset=stochastic_block_model perturbation=edge_deletion alpha=0.6 seed=1 workflow=native_netlsd status=success
2026-06-17 03:51:51,275 INFO row_complete 1128/3960 dataset=stochastic_block_model perturbation=edge_deletion alpha=0.6 seed=1 workflow=diversity_curves_shortest_path status=success
2026-06-17 03:54:59,529 INFO row_complete 1129/3960 dataset=stochastic_block_model perturbation=edge_deletion alpha=0.7 seed=1 workflow=structural_statistics_mmd status=success
2026-06-17 03:54:59,530 INFO row_complete 1130/3960 dataset=stochastic_block_model perturbation=edge_deletion alpha=0.7 seed=1 workflow=wl_subtree_kernel_mmd status=success
2026-06-17 03:54:59,532 INFO row_complete 1131/3960 dataset=stochastic_block_model perturbation=edge_deletion alpha=0.7 seed=1 workflow=native_netlsd status=success
2026-06-17 03:54:59,532 INFO row_complete 1132/3960 dataset=stochastic_block_model perturbation=edge_deletion alpha=0.7 seed=1 workflow=diversity_curves_shortest_path status=success
2026-06-17 03:57:37,737 INFO row_complete 1133/3960 dataset=stochastic_block_model perturbation=edge_deletion alpha=0.8 seed=1 workflow=structural_statistics_mmd status=success
2026-06-17 03:57:37,738 INFO row_complete 1134/3960 dataset=stochastic_block_model perturbation=edge_deletion alpha=0.8 seed=1 workflow=wl_subtree_kernel_mmd status=success
2026-06-17 03:57:37,739 INFO row_complete 1135/3960 dataset=stochastic_block_model perturbation=edge_deletion alpha=0.8 seed=1 workflow=native_netlsd status=success
2026-06-17 03:57:37,740 INFO row_complete 1136/3960 dataset=stochastic_block_model perturbation=edge_deletion alpha=0.8 seed=1 workflow=diversity_curves_shortest_path status=success
2026-06-17 03:59:59,904 INFO row_complete 1137/3960 dataset=stochastic_block_model perturbation=edge_deletion alpha=0.9 seed=1 workflow=structural_statistics_mmd status=success
2026-06-17 03:59:59,905 INFO row_complete 1138/3960 dataset=stochastic_block_model perturbation=edge_deletion alpha=0.9 seed=1 workflow=wl_subtree_kernel_mmd status=success
2026-06-17 03:59:59,906 INFO row_complete 1139/3960 dataset=stochastic_block_model perturbation=edge_deletion alpha=0.9 seed=1 workflow=native_netlsd status=success
2026-06-17 03:59:59,907 INFO row_complete 1140/3960 dataset=stochastic_block_model perturbation=edge_deletion alpha=0.9 seed=1 workflow=diversity_curves_shortest_path status=success
2026-06-17 04:02:17,261 INFO row_complete 1141/3960 dataset=stochastic_block_model perturbation=edge_deletion alpha=1.0 seed=1 workflow=structural_statistics_mmd status=success
2026-06-17 04:02:17,261 INFO row_complete 1142/3960 dataset=stochastic_block_model perturbation=edge_deletion alpha=1.0 seed=1 workflow=wl_subtree_kernel_mmd status=success
2026-06-17 04:02:17,262 INFO row_complete 1143/3960 dataset=stochastic_block_model perturbation=edge_deletion alpha=1.0 seed=1 workflow=native_netlsd status=success
2026-06-17 04:02:17,263 INFO row_complete 1144/3960 dataset=stochastic_block_model perturbation=edge_deletion alpha=1.0 seed=1 workflow=diversity_curves_shortest_path status=success
2026-06-17 04:06:42,000 INFO row_complete 1145/3960 dataset=stochastic_block_model perturbation=triangle_insertion alpha=0.0 seed=1 workflow=structural_statistics_mmd status=success
2026-06-17 04:06:42,001 INFO row_complete 1146/3960 dataset=stochastic_block_model perturbation=triangle_insertion alpha=0.0 seed=1 workflow=wl_subtree_kernel_mmd status=success
2026-06-17 04:06:42,002 INFO row_complete 1147/3960 dataset=stochastic_block_model perturbation=triangle_insertion alpha=0.0 seed=1 workflow=native_netlsd status=success
2026-06-17 04:06:42,003 INFO row_complete 1148/3960 dataset=stochastic_block_model perturbation=triangle_insertion alpha=0.0 seed=1 workflow=diversity_curves_shortest_path status=success
2026-06-17 04:11:15,817 INFO row_complete 1149/3960 dataset=stochastic_block_model perturbation=triangle_insertion alpha=0.1 seed=1 workflow=structural_statistics_mmd status=success
2026-06-17 04:11:15,818 INFO row_complete 1150/3960 dataset=stochastic_block_model perturbation=triangle_insertion alpha=0.1 seed=1 workflow=wl_subtree_kernel_mmd status=success
2026-06-17 04:11:15,819 INFO row_complete 1151/3960 dataset=stochastic_block_model perturbation=triangle_insertion alpha=0.1 seed=1 workflow=native_netlsd status=success
2026-06-17 04:11:15,820 INFO row_complete 1152/3960 dataset=stochastic_block_model perturbation=triangle_insertion alpha=0.1 seed=1 workflow=diversity_curves_shortest_path status=success
2026-06-17 04:15:59,596 INFO row_complete 1153/3960 dataset=stochastic_block_model perturbation=triangle_insertion alpha=0.2 seed=1 workflow=structural_statistics_mmd status=success
2026-06-17 04:15:59,597 INFO row_complete 1154/3960 dataset=stochastic_block_model perturbation=triangle_insertion alpha=0.2 seed=1 workflow=wl_subtree_kernel_mmd status=success
2026-06-17 04:15:59,598 INFO row_complete 1155/3960 dataset=stochastic_block_model perturbation=triangle_insertion alpha=0.2 seed=1 workflow=native_netlsd status=success
2026-06-17 04:15:59,599 INFO row_complete 1156/3960 dataset=stochastic_block_model perturbation=triangle_insertion alpha=0.2 seed=1 workflow=diversity_curves_shortest_path status=success
2026-06-17 04:20:53,740 INFO row_complete 1157/3960 dataset=stochastic_block_model perturbation=triangle_insertion alpha=0.3 seed=1 workflow=structural_statistics_mmd status=success
2026-06-17 04:20:53,741 INFO row_complete 1158/3960 dataset=stochastic_block_model perturbation=triangle_insertion alpha=0.3 seed=1 workflow=wl_subtree_kernel_mmd status=success
2026-06-17 04:20:53,742 INFO row_complete 1159/3960 dataset=stochastic_block_model perturbation=triangle_insertion alpha=0.3 seed=1 workflow=native_netlsd status=success
2026-06-17 04:20:53,743 INFO row_complete 1160/3960 dataset=stochastic_block_model perturbation=triangle_insertion alpha=0.3 seed=1 workflow=diversity_curves_shortest_path status=success
2026-06-17 04:25:59,150 INFO row_complete 1161/3960 dataset=stochastic_block_model perturbation=triangle_insertion alpha=0.4 seed=1 workflow=structural_statistics_mmd status=success
2026-06-17 04:25:59,151 INFO row_complete 1162/3960 dataset=stochastic_block_model perturbation=triangle_insertion alpha=0.4 seed=1 workflow=wl_subtree_kernel_mmd status=success
2026-06-17 04:25:59,152 INFO row_complete 1163/3960 dataset=stochastic_block_model perturbation=triangle_insertion alpha=0.4 seed=1 workflow=native_netlsd status=success
2026-06-17 04:25:59,153 INFO row_complete 1164/3960 dataset=stochastic_block_model perturbation=triangle_insertion alpha=0.4 seed=1 workflow=diversity_curves_shortest_path status=success
2026-06-17 04:31:16,104 INFO row_complete 1165/3960 dataset=stochastic_block_model perturbation=triangle_insertion alpha=0.5 seed=1 workflow=structural_statistics_mmd status=success
2026-06-17 04:31:16,105 INFO row_complete 1166/3960 dataset=stochastic_block_model perturbation=triangle_insertion alpha=0.5 seed=1 workflow=wl_subtree_kernel_mmd status=success
2026-06-17 04:31:16,106 INFO row_complete 1167/3960 dataset=stochastic_block_model perturbation=triangle_insertion alpha=0.5 seed=1 workflow=native_netlsd status=success
2026-06-17 04:31:16,107 INFO row_complete 1168/3960 dataset=stochastic_block_model perturbation=triangle_insertion alpha=0.5 seed=1 workflow=diversity_curves_shortest_path status=success
2026-06-17 04:36:45,344 INFO row_complete 1169/3960 dataset=stochastic_block_model perturbation=triangle_insertion alpha=0.6 seed=1 workflow=structural_statistics_mmd status=success
2026-06-17 04:36:45,345 INFO row_complete 1170/3960 dataset=stochastic_block_model perturbation=triangle_insertion alpha=0.6 seed=1 workflow=wl_subtree_kernel_mmd status=success
2026-06-17 04:36:45,346 INFO row_complete 1171/3960 dataset=stochastic_block_model perturbation=triangle_insertion alpha=0.6 seed=1 workflow=native_netlsd status=success
2026-06-17 04:36:45,347 INFO row_complete 1172/3960 dataset=stochastic_block_model perturbation=triangle_insertion alpha=0.6 seed=1 workflow=diversity_curves_shortest_path status=success
2026-06-17 04:42:26,983 INFO row_complete 1173/3960 dataset=stochastic_block_model perturbation=triangle_insertion alpha=0.7 seed=1 workflow=structural_statistics_mmd status=success
2026-06-17 04:42:26,984 INFO row_complete 1174/3960 dataset=stochastic_block_model perturbation=triangle_insertion alpha=0.7 seed=1 workflow=wl_subtree_kernel_mmd status=success
2026-06-17 04:42:26,985 INFO row_complete 1175/3960 dataset=stochastic_block_model perturbation=triangle_insertion alpha=0.7 seed=1 workflow=native_netlsd status=success
2026-06-17 04:42:26,986 INFO row_complete 1176/3960 dataset=stochastic_block_model perturbation=triangle_insertion alpha=0.7 seed=1 workflow=diversity_curves_shortest_path status=success
2026-06-17 04:48:24,173 INFO row_complete 1177/3960 dataset=stochastic_block_model perturbation=triangle_insertion alpha=0.8 seed=1 workflow=structural_statistics_mmd status=success
2026-06-17 04:48:24,174 INFO row_complete 1178/3960 dataset=stochastic_block_model perturbation=triangle_insertion alpha=0.8 seed=1 workflow=wl_subtree_kernel_mmd status=success
2026-06-17 04:48:24,175 INFO row_complete 1179/3960 dataset=stochastic_block_model perturbation=triangle_insertion alpha=0.8 seed=1 workflow=native_netlsd status=success
2026-06-17 04:48:24,176 INFO row_complete 1180/3960 dataset=stochastic_block_model perturbation=triangle_insertion alpha=0.8 seed=1 workflow=diversity_curves_shortest_path status=success
2026-06-17 04:54:36,128 INFO row_complete 1181/3960 dataset=stochastic_block_model perturbation=triangle_insertion alpha=0.9 seed=1 workflow=structural_statistics_mmd status=success
2026-06-17 04:54:36,128 INFO row_complete 1182/3960 dataset=stochastic_block_model perturbation=triangle_insertion alpha=0.9 seed=1 workflow=wl_subtree_kernel_mmd status=success
2026-06-17 04:54:36,129 INFO row_complete 1183/3960 dataset=stochastic_block_model perturbation=triangle_insertion alpha=0.9 seed=1 workflow=native_netlsd status=success
2026-06-17 04:54:36,130 INFO row_complete 1184/3960 dataset=stochastic_block_model perturbation=triangle_insertion alpha=0.9 seed=1 workflow=diversity_curves_shortest_path status=success
2026-06-17 05:01:04,146 INFO row_complete 1185/3960 dataset=stochastic_block_model perturbation=triangle_insertion alpha=1.0 seed=1 workflow=structural_statistics_mmd status=success
2026-06-17 05:01:04,147 INFO row_complete 1186/3960 dataset=stochastic_block_model perturbation=triangle_insertion alpha=1.0 seed=1 workflow=wl_subtree_kernel_mmd status=success
2026-06-17 05:01:04,147 INFO row_complete 1187/3960 dataset=stochastic_block_model perturbation=triangle_insertion alpha=1.0 seed=1 workflow=native_netlsd status=success
2026-06-17 05:01:04,148 INFO row_complete 1188/3960 dataset=stochastic_block_model perturbation=triangle_insertion alpha=1.0 seed=1 workflow=diversity_curves_shortest_path status=success
2026-06-17 05:05:29,607 INFO row_complete 1189/3960 dataset=stochastic_block_model perturbation=triangle_deletion alpha=0.0 seed=1 workflow=structural_statistics_mmd status=success
2026-06-17 05:05:29,608 INFO row_complete 1190/3960 dataset=stochastic_block_model perturbation=triangle_deletion alpha=0.0 seed=1 workflow=wl_subtree_kernel_mmd status=success
2026-06-17 05:05:29,609 INFO row_complete 1191/3960 dataset=stochastic_block_model perturbation=triangle_deletion alpha=0.0 seed=1 workflow=native_netlsd status=success
2026-06-17 05:05:29,610 INFO row_complete 1192/3960 dataset=stochastic_block_model perturbation=triangle_deletion alpha=0.0 seed=1 workflow=diversity_curves_shortest_path status=success
2026-06-17 05:09:47,914 INFO row_complete 1193/3960 dataset=stochastic_block_model perturbation=triangle_deletion alpha=0.1 seed=1 workflow=structural_statistics_mmd status=success
2026-06-17 05:09:47,915 INFO row_complete 1194/3960 dataset=stochastic_block_model perturbation=triangle_deletion alpha=0.1 seed=1 workflow=wl_subtree_kernel_mmd status=success
2026-06-17 05:09:47,916 INFO row_complete 1195/3960 dataset=stochastic_block_model perturbation=triangle_deletion alpha=0.1 seed=1 workflow=native_netlsd status=success
2026-06-17 05:09:47,917 INFO row_complete 1196/3960 dataset=stochastic_block_model perturbation=triangle_deletion alpha=0.1 seed=1 workflow=diversity_curves_shortest_path status=success
2026-06-17 05:13:55,727 INFO row_complete 1197/3960 dataset=stochastic_block_model perturbation=triangle_deletion alpha=0.2 seed=1 workflow=structural_statistics_mmd status=success
2026-06-17 05:13:55,728 INFO row_complete 1198/3960 dataset=stochastic_block_model perturbation=triangle_deletion alpha=0.2 seed=1 workflow=wl_subtree_kernel_mmd status=success
2026-06-17 05:13:55,729 INFO row_complete 1199/3960 dataset=stochastic_block_model perturbation=triangle_deletion alpha=0.2 seed=1 workflow=native_netlsd status=success
2026-06-17 05:13:55,730 INFO row_complete 1200/3960 dataset=stochastic_block_model perturbation=triangle_deletion alpha=0.2 seed=1 workflow=diversity_curves_shortest_path status=success
2026-06-17 05:17:54,508 INFO row_complete 1201/3960 dataset=stochastic_block_model perturbation=triangle_deletion alpha=0.3 seed=1 workflow=structural_statistics_mmd status=success
2026-06-17 05:17:54,509 INFO row_complete 1202/3960 dataset=stochastic_block_model perturbation=triangle_deletion alpha=0.3 seed=1 workflow=wl_subtree_kernel_mmd status=success
2026-06-17 05:17:54,510 INFO row_complete 1203/3960 dataset=stochastic_block_model perturbation=triangle_deletion alpha=0.3 seed=1 workflow=native_netlsd status=success
2026-06-17 05:17:54,511 INFO row_complete 1204/3960 dataset=stochastic_block_model perturbation=triangle_deletion alpha=0.3 seed=1 workflow=diversity_curves_shortest_path status=success
2026-06-17 05:21:44,482 INFO row_complete 1205/3960 dataset=stochastic_block_model perturbation=triangle_deletion alpha=0.4 seed=1 workflow=structural_statistics_mmd status=success
2026-06-17 05:21:44,483 INFO row_complete 1206/3960 dataset=stochastic_block_model perturbation=triangle_deletion alpha=0.4 seed=1 workflow=wl_subtree_kernel_mmd status=success
2026-06-17 05:21:44,483 INFO row_complete 1207/3960 dataset=stochastic_block_model perturbation=triangle_deletion alpha=0.4 seed=1 workflow=native_netlsd status=success
2026-06-17 05:21:44,484 INFO row_complete 1208/3960 dataset=stochastic_block_model perturbation=triangle_deletion alpha=0.4 seed=1 workflow=diversity_curves_shortest_path status=success
2026-06-17 05:25:25,416 INFO row_complete 1209/3960 dataset=stochastic_block_model perturbation=triangle_deletion alpha=0.5 seed=1 workflow=structural_statistics_mmd status=success
2026-06-17 05:25:25,417 INFO row_complete 1210/3960 dataset=stochastic_block_model perturbation=triangle_deletion alpha=0.5 seed=1 workflow=wl_subtree_kernel_mmd status=success
2026-06-17 05:25:25,418 INFO row_complete 1211/3960 dataset=stochastic_block_model perturbation=triangle_deletion alpha=0.5 seed=1 workflow=native_netlsd status=success
2026-06-17 05:25:25,419 INFO row_complete 1212/3960 dataset=stochastic_block_model perturbation=triangle_deletion alpha=0.5 seed=1 workflow=diversity_curves_shortest_path status=success
2026-06-17 05:29:03,705 INFO row_complete 1213/3960 dataset=stochastic_block_model perturbation=triangle_deletion alpha=0.6 seed=1 workflow=structural_statistics_mmd status=success
2026-06-17 05:29:03,706 INFO row_complete 1214/3960 dataset=stochastic_block_model perturbation=triangle_deletion alpha=0.6 seed=1 workflow=wl_subtree_kernel_mmd status=success
2026-06-17 05:29:03,707 INFO row_complete 1215/3960 dataset=stochastic_block_model perturbation=triangle_deletion alpha=0.6 seed=1 workflow=native_netlsd status=success
2026-06-17 05:29:03,707 INFO row_complete 1216/3960 dataset=stochastic_block_model perturbation=triangle_deletion alpha=0.6 seed=1 workflow=diversity_curves_shortest_path status=success
2026-06-17 05:32:41,121 INFO row_complete 1217/3960 dataset=stochastic_block_model perturbation=triangle_deletion alpha=0.7 seed=1 workflow=structural_statistics_mmd status=success
2026-06-17 05:32:41,122 INFO row_complete 1218/3960 dataset=stochastic_block_model perturbation=triangle_deletion alpha=0.7 seed=1 workflow=wl_subtree_kernel_mmd status=success
2026-06-17 05:32:41,123 INFO row_complete 1219/3960 dataset=stochastic_block_model perturbation=triangle_deletion alpha=0.7 seed=1 workflow=native_netlsd status=success
2026-06-17 05:32:41,124 INFO row_complete 1220/3960 dataset=stochastic_block_model perturbation=triangle_deletion alpha=0.7 seed=1 workflow=diversity_curves_shortest_path status=success
2026-06-17 05:36:20,237 INFO row_complete 1221/3960 dataset=stochastic_block_model perturbation=triangle_deletion alpha=0.8 seed=1 workflow=structural_statistics_mmd status=success
2026-06-17 05:36:20,238 INFO row_complete 1222/3960 dataset=stochastic_block_model perturbation=triangle_deletion alpha=0.8 seed=1 workflow=wl_subtree_kernel_mmd status=success
2026-06-17 05:36:20,239 INFO row_complete 1223/3960 dataset=stochastic_block_model perturbation=triangle_deletion alpha=0.8 seed=1 workflow=native_netlsd status=success
2026-06-17 05:36:20,240 INFO row_complete 1224/3960 dataset=stochastic_block_model perturbation=triangle_deletion alpha=0.8 seed=1 workflow=diversity_curves_shortest_path status=success
2026-06-17 05:39:57,605 INFO row_complete 1225/3960 dataset=stochastic_block_model perturbation=triangle_deletion alpha=0.9 seed=1 workflow=structural_statistics_mmd status=success
2026-06-17 05:39:57,606 INFO row_complete 1226/3960 dataset=stochastic_block_model perturbation=triangle_deletion alpha=0.9 seed=1 workflow=wl_subtree_kernel_mmd status=success
2026-06-17 05:39:57,607 INFO row_complete 1227/3960 dataset=stochastic_block_model perturbation=triangle_deletion alpha=0.9 seed=1 workflow=native_netlsd status=success
2026-06-17 05:39:57,607 INFO row_complete 1228/3960 dataset=stochastic_block_model perturbation=triangle_deletion alpha=0.9 seed=1 workflow=diversity_curves_shortest_path status=success
2026-06-17 05:43:35,677 INFO row_complete 1229/3960 dataset=stochastic_block_model perturbation=triangle_deletion alpha=1.0 seed=1 workflow=structural_statistics_mmd status=success
2026-06-17 05:43:35,678 INFO row_complete 1230/3960 dataset=stochastic_block_model perturbation=triangle_deletion alpha=1.0 seed=1 workflow=wl_subtree_kernel_mmd status=success
2026-06-17 05:43:35,679 INFO row_complete 1231/3960 dataset=stochastic_block_model perturbation=triangle_deletion alpha=1.0 seed=1 workflow=native_netlsd status=success
2026-06-17 05:43:35,679 INFO row_complete 1232/3960 dataset=stochastic_block_model perturbation=triangle_deletion alpha=1.0 seed=1 workflow=diversity_curves_shortest_path status=success
2026-06-17 05:48:00,917 INFO row_complete 1233/3960 dataset=stochastic_block_model perturbation=community_weakening alpha=0.0 seed=1 workflow=structural_statistics_mmd status=success
2026-06-17 05:48:00,918 INFO row_complete 1234/3960 dataset=stochastic_block_model perturbation=community_weakening alpha=0.0 seed=1 workflow=wl_subtree_kernel_mmd status=success
2026-06-17 05:48:00,919 INFO row_complete 1235/3960 dataset=stochastic_block_model perturbation=community_weakening alpha=0.0 seed=1 workflow=native_netlsd status=success
2026-06-17 05:48:00,919 INFO row_complete 1236/3960 dataset=stochastic_block_model perturbation=community_weakening alpha=0.0 seed=1 workflow=diversity_curves_shortest_path status=success
2026-06-17 05:52:27,466 INFO row_complete 1237/3960 dataset=stochastic_block_model perturbation=community_weakening alpha=0.1 seed=1 workflow=structural_statistics_mmd status=success
2026-06-17 05:52:27,467 INFO row_complete 1238/3960 dataset=stochastic_block_model perturbation=community_weakening alpha=0.1 seed=1 workflow=wl_subtree_kernel_mmd status=success
2026-06-17 05:52:27,468 INFO row_complete 1239/3960 dataset=stochastic_block_model perturbation=community_weakening alpha=0.1 seed=1 workflow=native_netlsd status=success
2026-06-17 05:52:27,469 INFO row_complete 1240/3960 dataset=stochastic_block_model perturbation=community_weakening alpha=0.1 seed=1 workflow=diversity_curves_shortest_path status=success
2026-06-17 05:56:54,558 INFO row_complete 1241/3960 dataset=stochastic_block_model perturbation=community_weakening alpha=0.2 seed=1 workflow=structural_statistics_mmd status=success
2026-06-17 05:56:54,559 INFO row_complete 1242/3960 dataset=stochastic_block_model perturbation=community_weakening alpha=0.2 seed=1 workflow=wl_subtree_kernel_mmd status=success
2026-06-17 05:56:54,560 INFO row_complete 1243/3960 dataset=stochastic_block_model perturbation=community_weakening alpha=0.2 seed=1 workflow=native_netlsd status=success
2026-06-17 05:56:54,561 INFO row_complete 1244/3960 dataset=stochastic_block_model perturbation=community_weakening alpha=0.2 seed=1 workflow=diversity_curves_shortest_path status=success
2026-06-17 06:01:24,157 INFO row_complete 1245/3960 dataset=stochastic_block_model perturbation=community_weakening alpha=0.3 seed=1 workflow=structural_statistics_mmd status=success
2026-06-17 06:01:24,158 INFO row_complete 1246/3960 dataset=stochastic_block_model perturbation=community_weakening alpha=0.3 seed=1 workflow=wl_subtree_kernel_mmd status=success
2026-06-17 06:01:24,159 INFO row_complete 1247/3960 dataset=stochastic_block_model perturbation=community_weakening alpha=0.3 seed=1 workflow=native_netlsd status=success
2026-06-17 06:01:24,160 INFO row_complete 1248/3960 dataset=stochastic_block_model perturbation=community_weakening alpha=0.3 seed=1 workflow=diversity_curves_shortest_path status=success
2026-06-17 06:05:53,206 INFO row_complete 1249/3960 dataset=stochastic_block_model perturbation=community_weakening alpha=0.4 seed=1 workflow=structural_statistics_mmd status=success
2026-06-17 06:05:53,207 INFO row_complete 1250/3960 dataset=stochastic_block_model perturbation=community_weakening alpha=0.4 seed=1 workflow=wl_subtree_kernel_mmd status=success
2026-06-17 06:05:53,208 INFO row_complete 1251/3960 dataset=stochastic_block_model perturbation=community_weakening alpha=0.4 seed=1 workflow=native_netlsd status=success
2026-06-17 06:05:53,209 INFO row_complete 1252/3960 dataset=stochastic_block_model perturbation=community_weakening alpha=0.4 seed=1 workflow=diversity_curves_shortest_path status=success
2026-06-17 06:10:23,713 INFO row_complete 1253/3960 dataset=stochastic_block_model perturbation=community_weakening alpha=0.5 seed=1 workflow=structural_statistics_mmd status=success
2026-06-17 06:10:23,714 INFO row_complete 1254/3960 dataset=stochastic_block_model perturbation=community_weakening alpha=0.5 seed=1 workflow=wl_subtree_kernel_mmd status=success
2026-06-17 06:10:23,715 INFO row_complete 1255/3960 dataset=stochastic_block_model perturbation=community_weakening alpha=0.5 seed=1 workflow=native_netlsd status=success
2026-06-17 06:10:23,716 INFO row_complete 1256/3960 dataset=stochastic_block_model perturbation=community_weakening alpha=0.5 seed=1 workflow=diversity_curves_shortest_path status=success
2026-06-17 06:14:52,834 INFO row_complete 1257/3960 dataset=stochastic_block_model perturbation=community_weakening alpha=0.6 seed=1 workflow=structural_statistics_mmd status=success
2026-06-17 06:14:52,834 INFO row_complete 1258/3960 dataset=stochastic_block_model perturbation=community_weakening alpha=0.6 seed=1 workflow=wl_subtree_kernel_mmd status=success
2026-06-17 06:14:52,835 INFO row_complete 1259/3960 dataset=stochastic_block_model perturbation=community_weakening alpha=0.6 seed=1 workflow=native_netlsd status=success
2026-06-17 06:14:52,836 INFO row_complete 1260/3960 dataset=stochastic_block_model perturbation=community_weakening alpha=0.6 seed=1 workflow=diversity_curves_shortest_path status=success
2026-06-17 06:19:20,744 INFO row_complete 1261/3960 dataset=stochastic_block_model perturbation=community_weakening alpha=0.7 seed=1 workflow=structural_statistics_mmd status=success
2026-06-17 06:19:20,745 INFO row_complete 1262/3960 dataset=stochastic_block_model perturbation=community_weakening alpha=0.7 seed=1 workflow=wl_subtree_kernel_mmd status=success
2026-06-17 06:19:20,745 INFO row_complete 1263/3960 dataset=stochastic_block_model perturbation=community_weakening alpha=0.7 seed=1 workflow=native_netlsd status=success
2026-06-17 06:19:20,746 INFO row_complete 1264/3960 dataset=stochastic_block_model perturbation=community_weakening alpha=0.7 seed=1 workflow=diversity_curves_shortest_path status=success
2026-06-17 06:23:49,422 INFO row_complete 1265/3960 dataset=stochastic_block_model perturbation=community_weakening alpha=0.8 seed=1 workflow=structural_statistics_mmd status=success
2026-06-17 06:23:49,423 INFO row_complete 1266/3960 dataset=stochastic_block_model perturbation=community_weakening alpha=0.8 seed=1 workflow=wl_subtree_kernel_mmd status=success
2026-06-17 06:23:49,424 INFO row_complete 1267/3960 dataset=stochastic_block_model perturbation=community_weakening alpha=0.8 seed=1 workflow=native_netlsd status=success
2026-06-17 06:23:49,425 INFO row_complete 1268/3960 dataset=stochastic_block_model perturbation=community_weakening alpha=0.8 seed=1 workflow=diversity_curves_shortest_path status=success
2026-06-17 06:28:17,865 INFO row_complete 1269/3960 dataset=stochastic_block_model perturbation=community_weakening alpha=0.9 seed=1 workflow=structural_statistics_mmd status=success
2026-06-17 06:28:17,866 INFO row_complete 1270/3960 dataset=stochastic_block_model perturbation=community_weakening alpha=0.9 seed=1 workflow=wl_subtree_kernel_mmd status=success
2026-06-17 06:28:17,867 INFO row_complete 1271/3960 dataset=stochastic_block_model perturbation=community_weakening alpha=0.9 seed=1 workflow=native_netlsd status=success
2026-06-17 06:28:17,868 INFO row_complete 1272/3960 dataset=stochastic_block_model perturbation=community_weakening alpha=0.9 seed=1 workflow=diversity_curves_shortest_path status=success
2026-06-17 06:32:46,683 INFO row_complete 1273/3960 dataset=stochastic_block_model perturbation=community_weakening alpha=1.0 seed=1 workflow=structural_statistics_mmd status=success
2026-06-17 06:32:46,684 INFO row_complete 1274/3960 dataset=stochastic_block_model perturbation=community_weakening alpha=1.0 seed=1 workflow=wl_subtree_kernel_mmd status=success
2026-06-17 06:32:46,685 INFO row_complete 1275/3960 dataset=stochastic_block_model perturbation=community_weakening alpha=1.0 seed=1 workflow=native_netlsd status=success
2026-06-17 06:32:46,686 INFO row_complete 1276/3960 dataset=stochastic_block_model perturbation=community_weakening alpha=1.0 seed=1 workflow=diversity_curves_shortest_path status=success
2026-06-17 06:37:12,484 INFO row_complete 1277/3960 dataset=stochastic_block_model perturbation=hub_modification alpha=0.0 seed=1 workflow=structural_statistics_mmd status=success
2026-06-17 06:37:12,485 INFO row_complete 1278/3960 dataset=stochastic_block_model perturbation=hub_modification alpha=0.0 seed=1 workflow=wl_subtree_kernel_mmd status=success
2026-06-17 06:37:12,485 INFO row_complete 1279/3960 dataset=stochastic_block_model perturbation=hub_modification alpha=0.0 seed=1 workflow=native_netlsd status=success
2026-06-17 06:37:12,486 INFO row_complete 1280/3960 dataset=stochastic_block_model perturbation=hub_modification alpha=0.0 seed=1 workflow=diversity_curves_shortest_path status=success
2026-06-17 06:41:39,721 INFO row_complete 1281/3960 dataset=stochastic_block_model perturbation=hub_modification alpha=0.1 seed=1 workflow=structural_statistics_mmd status=success
2026-06-17 06:41:39,722 INFO row_complete 1282/3960 dataset=stochastic_block_model perturbation=hub_modification alpha=0.1 seed=1 workflow=wl_subtree_kernel_mmd status=success
2026-06-17 06:41:39,723 INFO row_complete 1283/3960 dataset=stochastic_block_model perturbation=hub_modification alpha=0.1 seed=1 workflow=native_netlsd status=success
2026-06-17 06:41:39,724 INFO row_complete 1284/3960 dataset=stochastic_block_model perturbation=hub_modification alpha=0.1 seed=1 workflow=diversity_curves_shortest_path status=success
2026-06-17 06:46:06,530 INFO row_complete 1285/3960 dataset=stochastic_block_model perturbation=hub_modification alpha=0.2 seed=1 workflow=structural_statistics_mmd status=success
2026-06-17 06:46:06,531 INFO row_complete 1286/3960 dataset=stochastic_block_model perturbation=hub_modification alpha=0.2 seed=1 workflow=wl_subtree_kernel_mmd status=success
2026-06-17 06:46:06,532 INFO row_complete 1287/3960 dataset=stochastic_block_model perturbation=hub_modification alpha=0.2 seed=1 workflow=native_netlsd status=success
2026-06-17 06:46:06,532 INFO row_complete 1288/3960 dataset=stochastic_block_model perturbation=hub_modification alpha=0.2 seed=1 workflow=diversity_curves_shortest_path status=success
2026-06-17 06:50:33,780 INFO row_complete 1289/3960 dataset=stochastic_block_model perturbation=hub_modification alpha=0.3 seed=1 workflow=structural_statistics_mmd status=success
2026-06-17 06:50:33,781 INFO row_complete 1290/3960 dataset=stochastic_block_model perturbation=hub_modification alpha=0.3 seed=1 workflow=wl_subtree_kernel_mmd status=success
2026-06-17 06:50:33,782 INFO row_complete 1291/3960 dataset=stochastic_block_model perturbation=hub_modification alpha=0.3 seed=1 workflow=native_netlsd status=success
2026-06-17 06:50:33,783 INFO row_complete 1292/3960 dataset=stochastic_block_model perturbation=hub_modification alpha=0.3 seed=1 workflow=diversity_curves_shortest_path status=success
2026-06-17 06:55:00,771 INFO row_complete 1293/3960 dataset=stochastic_block_model perturbation=hub_modification alpha=0.4 seed=1 workflow=structural_statistics_mmd status=success
2026-06-17 06:55:00,771 INFO row_complete 1294/3960 dataset=stochastic_block_model perturbation=hub_modification alpha=0.4 seed=1 workflow=wl_subtree_kernel_mmd status=success
2026-06-17 06:55:00,772 INFO row_complete 1295/3960 dataset=stochastic_block_model perturbation=hub_modification alpha=0.4 seed=1 workflow=native_netlsd status=success
2026-06-17 06:55:00,773 INFO row_complete 1296/3960 dataset=stochastic_block_model perturbation=hub_modification alpha=0.4 seed=1 workflow=diversity_curves_shortest_path status=success
2026-06-17 06:59:27,560 INFO row_complete 1297/3960 dataset=stochastic_block_model perturbation=hub_modification alpha=0.5 seed=1 workflow=structural_statistics_mmd status=success
2026-06-17 06:59:27,561 INFO row_complete 1298/3960 dataset=stochastic_block_model perturbation=hub_modification alpha=0.5 seed=1 workflow=wl_subtree_kernel_mmd status=success
2026-06-17 06:59:27,562 INFO row_complete 1299/3960 dataset=stochastic_block_model perturbation=hub_modification alpha=0.5 seed=1 workflow=native_netlsd status=success
2026-06-17 06:59:27,563 INFO row_complete 1300/3960 dataset=stochastic_block_model perturbation=hub_modification alpha=0.5 seed=1 workflow=diversity_curves_shortest_path status=success
2026-06-17 07:03:55,184 INFO row_complete 1301/3960 dataset=stochastic_block_model perturbation=hub_modification alpha=0.6 seed=1 workflow=structural_statistics_mmd status=success
2026-06-17 07:03:55,185 INFO row_complete 1302/3960 dataset=stochastic_block_model perturbation=hub_modification alpha=0.6 seed=1 workflow=wl_subtree_kernel_mmd status=success
2026-06-17 07:03:55,186 INFO row_complete 1303/3960 dataset=stochastic_block_model perturbation=hub_modification alpha=0.6 seed=1 workflow=native_netlsd status=success
2026-06-17 07:03:55,186 INFO row_complete 1304/3960 dataset=stochastic_block_model perturbation=hub_modification alpha=0.6 seed=1 workflow=diversity_curves_shortest_path status=success
2026-06-17 07:08:24,229 INFO row_complete 1305/3960 dataset=stochastic_block_model perturbation=hub_modification alpha=0.7 seed=1 workflow=structural_statistics_mmd status=success
2026-06-17 07:08:24,230 INFO row_complete 1306/3960 dataset=stochastic_block_model perturbation=hub_modification alpha=0.7 seed=1 workflow=wl_subtree_kernel_mmd status=success
2026-06-17 07:08:24,231 INFO row_complete 1307/3960 dataset=stochastic_block_model perturbation=hub_modification alpha=0.7 seed=1 workflow=native_netlsd status=success
2026-06-17 07:08:24,231 INFO row_complete 1308/3960 dataset=stochastic_block_model perturbation=hub_modification alpha=0.7 seed=1 workflow=diversity_curves_shortest_path status=success
2026-06-17 07:12:55,006 INFO row_complete 1309/3960 dataset=stochastic_block_model perturbation=hub_modification alpha=0.8 seed=1 workflow=structural_statistics_mmd status=success
2026-06-17 07:12:55,007 INFO row_complete 1310/3960 dataset=stochastic_block_model perturbation=hub_modification alpha=0.8 seed=1 workflow=wl_subtree_kernel_mmd status=success
2026-06-17 07:12:55,008 INFO row_complete 1311/3960 dataset=stochastic_block_model perturbation=hub_modification alpha=0.8 seed=1 workflow=native_netlsd status=success
2026-06-17 07:12:55,009 INFO row_complete 1312/3960 dataset=stochastic_block_model perturbation=hub_modification alpha=0.8 seed=1 workflow=diversity_curves_shortest_path status=success
2026-06-17 07:17:21,338 INFO row_complete 1313/3960 dataset=stochastic_block_model perturbation=hub_modification alpha=0.9 seed=1 workflow=structural_statistics_mmd status=success
2026-06-17 07:17:21,339 INFO row_complete 1314/3960 dataset=stochastic_block_model perturbation=hub_modification alpha=0.9 seed=1 workflow=wl_subtree_kernel_mmd status=success
2026-06-17 07:17:21,339 INFO row_complete 1315/3960 dataset=stochastic_block_model perturbation=hub_modification alpha=0.9 seed=1 workflow=native_netlsd status=success
2026-06-17 07:17:21,340 INFO row_complete 1316/3960 dataset=stochastic_block_model perturbation=hub_modification alpha=0.9 seed=1 workflow=diversity_curves_shortest_path status=success
2026-06-17 07:21:48,135 INFO row_complete 1317/3960 dataset=stochastic_block_model perturbation=hub_modification alpha=1.0 seed=1 workflow=structural_statistics_mmd status=success
2026-06-17 07:21:48,136 INFO row_complete 1318/3960 dataset=stochastic_block_model perturbation=hub_modification alpha=1.0 seed=1 workflow=wl_subtree_kernel_mmd status=success
2026-06-17 07:21:48,137 INFO row_complete 1319/3960 dataset=stochastic_block_model perturbation=hub_modification alpha=1.0 seed=1 workflow=native_netlsd status=success
2026-06-17 07:21:48,138 INFO row_complete 1320/3960 dataset=stochastic_block_model perturbation=hub_modification alpha=1.0 seed=1 workflow=diversity_curves_shortest_path status=success
2026-06-17 07:25:38,329 INFO row_complete 1321/3960 dataset=barabasi_albert perturbation=edge_insertion alpha=0.0 seed=1 workflow=structural_statistics_mmd status=success
2026-06-17 07:25:38,330 INFO row_complete 1322/3960 dataset=barabasi_albert perturbation=edge_insertion alpha=0.0 seed=1 workflow=wl_subtree_kernel_mmd status=success
2026-06-17 07:25:38,331 INFO row_complete 1323/3960 dataset=barabasi_albert perturbation=edge_insertion alpha=0.0 seed=1 workflow=native_netlsd status=success
2026-06-17 07:25:38,332 INFO row_complete 1324/3960 dataset=barabasi_albert perturbation=edge_insertion alpha=0.0 seed=1 workflow=diversity_curves_shortest_path status=success
2026-06-17 07:29:37,796 INFO row_complete 1325/3960 dataset=barabasi_albert perturbation=edge_insertion alpha=0.1 seed=1 workflow=structural_statistics_mmd status=success
2026-06-17 07:29:37,797 INFO row_complete 1326/3960 dataset=barabasi_albert perturbation=edge_insertion alpha=0.1 seed=1 workflow=wl_subtree_kernel_mmd status=success
2026-06-17 07:29:37,798 INFO row_complete 1327/3960 dataset=barabasi_albert perturbation=edge_insertion alpha=0.1 seed=1 workflow=native_netlsd status=success
2026-06-17 07:29:37,799 INFO row_complete 1328/3960 dataset=barabasi_albert perturbation=edge_insertion alpha=0.1 seed=1 workflow=diversity_curves_shortest_path status=success
2026-06-17 07:33:44,894 INFO row_complete 1329/3960 dataset=barabasi_albert perturbation=edge_insertion alpha=0.2 seed=1 workflow=structural_statistics_mmd status=success
2026-06-17 07:33:44,895 INFO row_complete 1330/3960 dataset=barabasi_albert perturbation=edge_insertion alpha=0.2 seed=1 workflow=wl_subtree_kernel_mmd status=success
2026-06-17 07:33:44,896 INFO row_complete 1331/3960 dataset=barabasi_albert perturbation=edge_insertion alpha=0.2 seed=1 workflow=native_netlsd status=success
2026-06-17 07:33:44,896 INFO row_complete 1332/3960 dataset=barabasi_albert perturbation=edge_insertion alpha=0.2 seed=1 workflow=diversity_curves_shortest_path status=success
2026-06-17 07:38:02,148 INFO row_complete 1333/3960 dataset=barabasi_albert perturbation=edge_insertion alpha=0.3 seed=1 workflow=structural_statistics_mmd status=success
2026-06-17 07:38:02,149 INFO row_complete 1334/3960 dataset=barabasi_albert perturbation=edge_insertion alpha=0.3 seed=1 workflow=wl_subtree_kernel_mmd status=success
2026-06-17 07:38:02,150 INFO row_complete 1335/3960 dataset=barabasi_albert perturbation=edge_insertion alpha=0.3 seed=1 workflow=native_netlsd status=success
2026-06-17 07:38:02,151 INFO row_complete 1336/3960 dataset=barabasi_albert perturbation=edge_insertion alpha=0.3 seed=1 workflow=diversity_curves_shortest_path status=success
2026-06-17 07:42:27,630 INFO row_complete 1337/3960 dataset=barabasi_albert perturbation=edge_insertion alpha=0.4 seed=1 workflow=structural_statistics_mmd status=success
2026-06-17 07:42:27,631 INFO row_complete 1338/3960 dataset=barabasi_albert perturbation=edge_insertion alpha=0.4 seed=1 workflow=wl_subtree_kernel_mmd status=success
2026-06-17 07:42:27,632 INFO row_complete 1339/3960 dataset=barabasi_albert perturbation=edge_insertion alpha=0.4 seed=1 workflow=native_netlsd status=success
2026-06-17 07:42:27,633 INFO row_complete 1340/3960 dataset=barabasi_albert perturbation=edge_insertion alpha=0.4 seed=1 workflow=diversity_curves_shortest_path status=success
2026-06-17 07:47:01,414 INFO row_complete 1341/3960 dataset=barabasi_albert perturbation=edge_insertion alpha=0.5 seed=1 workflow=structural_statistics_mmd status=success
2026-06-17 07:47:01,415 INFO row_complete 1342/3960 dataset=barabasi_albert perturbation=edge_insertion alpha=0.5 seed=1 workflow=wl_subtree_kernel_mmd status=success
2026-06-17 07:47:01,416 INFO row_complete 1343/3960 dataset=barabasi_albert perturbation=edge_insertion alpha=0.5 seed=1 workflow=native_netlsd status=success
2026-06-17 07:47:01,417 INFO row_complete 1344/3960 dataset=barabasi_albert perturbation=edge_insertion alpha=0.5 seed=1 workflow=diversity_curves_shortest_path status=success
2026-06-17 07:51:46,499 INFO row_complete 1345/3960 dataset=barabasi_albert perturbation=edge_insertion alpha=0.6 seed=1 workflow=structural_statistics_mmd status=success
2026-06-17 07:51:46,500 INFO row_complete 1346/3960 dataset=barabasi_albert perturbation=edge_insertion alpha=0.6 seed=1 workflow=wl_subtree_kernel_mmd status=success
2026-06-17 07:51:46,501 INFO row_complete 1347/3960 dataset=barabasi_albert perturbation=edge_insertion alpha=0.6 seed=1 workflow=native_netlsd status=success
2026-06-17 07:51:46,502 INFO row_complete 1348/3960 dataset=barabasi_albert perturbation=edge_insertion alpha=0.6 seed=1 workflow=diversity_curves_shortest_path status=success
2026-06-17 07:56:40,035 INFO row_complete 1349/3960 dataset=barabasi_albert perturbation=edge_insertion alpha=0.7 seed=1 workflow=structural_statistics_mmd status=success
2026-06-17 07:56:40,037 INFO row_complete 1350/3960 dataset=barabasi_albert perturbation=edge_insertion alpha=0.7 seed=1 workflow=wl_subtree_kernel_mmd status=success
2026-06-17 07:56:40,038 INFO row_complete 1351/3960 dataset=barabasi_albert perturbation=edge_insertion alpha=0.7 seed=1 workflow=native_netlsd status=success
2026-06-17 07:56:40,038 INFO row_complete 1352/3960 dataset=barabasi_albert perturbation=edge_insertion alpha=0.7 seed=1 workflow=diversity_curves_shortest_path status=success
2026-06-17 08:01:44,818 INFO row_complete 1353/3960 dataset=barabasi_albert perturbation=edge_insertion alpha=0.8 seed=1 workflow=structural_statistics_mmd status=success
2026-06-17 08:01:44,819 INFO row_complete 1354/3960 dataset=barabasi_albert perturbation=edge_insertion alpha=0.8 seed=1 workflow=wl_subtree_kernel_mmd status=success
2026-06-17 08:01:44,820 INFO row_complete 1355/3960 dataset=barabasi_albert perturbation=edge_insertion alpha=0.8 seed=1 workflow=native_netlsd status=success
2026-06-17 08:01:44,821 INFO row_complete 1356/3960 dataset=barabasi_albert perturbation=edge_insertion alpha=0.8 seed=1 workflow=diversity_curves_shortest_path status=success
2026-06-17 08:07:02,217 INFO row_complete 1357/3960 dataset=barabasi_albert perturbation=edge_insertion alpha=0.9 seed=1 workflow=structural_statistics_mmd status=success
2026-06-17 08:07:02,218 INFO row_complete 1358/3960 dataset=barabasi_albert perturbation=edge_insertion alpha=0.9 seed=1 workflow=wl_subtree_kernel_mmd status=success
2026-06-17 08:07:02,219 INFO row_complete 1359/3960 dataset=barabasi_albert perturbation=edge_insertion alpha=0.9 seed=1 workflow=native_netlsd status=success
2026-06-17 08:07:02,220 INFO row_complete 1360/3960 dataset=barabasi_albert perturbation=edge_insertion alpha=0.9 seed=1 workflow=diversity_curves_shortest_path status=success
2026-06-17 08:12:30,865 INFO row_complete 1361/3960 dataset=barabasi_albert perturbation=edge_insertion alpha=1.0 seed=1 workflow=structural_statistics_mmd status=success
2026-06-17 08:12:30,866 INFO row_complete 1362/3960 dataset=barabasi_albert perturbation=edge_insertion alpha=1.0 seed=1 workflow=wl_subtree_kernel_mmd status=success
2026-06-17 08:12:30,867 INFO row_complete 1363/3960 dataset=barabasi_albert perturbation=edge_insertion alpha=1.0 seed=1 workflow=native_netlsd status=success
2026-06-17 08:12:30,868 INFO row_complete 1364/3960 dataset=barabasi_albert perturbation=edge_insertion alpha=1.0 seed=1 workflow=diversity_curves_shortest_path status=success
2026-06-17 08:16:19,083 INFO row_complete 1365/3960 dataset=barabasi_albert perturbation=edge_deletion alpha=0.0 seed=1 workflow=structural_statistics_mmd status=success
2026-06-17 08:16:19,084 INFO row_complete 1366/3960 dataset=barabasi_albert perturbation=edge_deletion alpha=0.0 seed=1 workflow=wl_subtree_kernel_mmd status=success
2026-06-17 08:16:19,085 INFO row_complete 1367/3960 dataset=barabasi_albert perturbation=edge_deletion alpha=0.0 seed=1 workflow=native_netlsd status=success
2026-06-17 08:16:19,085 INFO row_complete 1368/3960 dataset=barabasi_albert perturbation=edge_deletion alpha=0.0 seed=1 workflow=diversity_curves_shortest_path status=success
2026-06-17 08:19:59,108 INFO row_complete 1369/3960 dataset=barabasi_albert perturbation=edge_deletion alpha=0.1 seed=1 workflow=structural_statistics_mmd status=success
2026-06-17 08:19:59,110 INFO row_complete 1370/3960 dataset=barabasi_albert perturbation=edge_deletion alpha=0.1 seed=1 workflow=wl_subtree_kernel_mmd status=success
2026-06-17 08:19:59,110 INFO row_complete 1371/3960 dataset=barabasi_albert perturbation=edge_deletion alpha=0.1 seed=1 workflow=native_netlsd status=success
2026-06-17 08:19:59,111 INFO row_complete 1372/3960 dataset=barabasi_albert perturbation=edge_deletion alpha=0.1 seed=1 workflow=diversity_curves_shortest_path status=success
2026-06-17 08:23:30,544 INFO row_complete 1373/3960 dataset=barabasi_albert perturbation=edge_deletion alpha=0.2 seed=1 workflow=structural_statistics_mmd status=success
2026-06-17 08:23:30,545 INFO row_complete 1374/3960 dataset=barabasi_albert perturbation=edge_deletion alpha=0.2 seed=1 workflow=wl_subtree_kernel_mmd status=success
2026-06-17 08:23:30,546 INFO row_complete 1375/3960 dataset=barabasi_albert perturbation=edge_deletion alpha=0.2 seed=1 workflow=native_netlsd status=success
2026-06-17 08:23:30,547 INFO row_complete 1376/3960 dataset=barabasi_albert perturbation=edge_deletion alpha=0.2 seed=1 workflow=diversity_curves_shortest_path status=success
2026-06-17 08:26:53,137 INFO row_complete 1377/3960 dataset=barabasi_albert perturbation=edge_deletion alpha=0.3 seed=1 workflow=structural_statistics_mmd status=success
2026-06-17 08:26:53,138 INFO row_complete 1378/3960 dataset=barabasi_albert perturbation=edge_deletion alpha=0.3 seed=1 workflow=wl_subtree_kernel_mmd status=success
2026-06-17 08:26:53,139 INFO row_complete 1379/3960 dataset=barabasi_albert perturbation=edge_deletion alpha=0.3 seed=1 workflow=native_netlsd status=success
2026-06-17 08:26:53,139 INFO row_complete 1380/3960 dataset=barabasi_albert perturbation=edge_deletion alpha=0.3 seed=1 workflow=diversity_curves_shortest_path status=success
2026-06-17 08:30:09,165 INFO row_complete 1381/3960 dataset=barabasi_albert perturbation=edge_deletion alpha=0.4 seed=1 workflow=structural_statistics_mmd status=success
2026-06-17 08:30:09,166 INFO row_complete 1382/3960 dataset=barabasi_albert perturbation=edge_deletion alpha=0.4 seed=1 workflow=wl_subtree_kernel_mmd status=success
2026-06-17 08:30:09,167 INFO row_complete 1383/3960 dataset=barabasi_albert perturbation=edge_deletion alpha=0.4 seed=1 workflow=native_netlsd status=success
2026-06-17 08:30:09,167 INFO row_complete 1384/3960 dataset=barabasi_albert perturbation=edge_deletion alpha=0.4 seed=1 workflow=diversity_curves_shortest_path status=success
2026-06-17 08:33:16,274 INFO row_complete 1385/3960 dataset=barabasi_albert perturbation=edge_deletion alpha=0.5 seed=1 workflow=structural_statistics_mmd status=success
2026-06-17 08:33:16,276 INFO row_complete 1386/3960 dataset=barabasi_albert perturbation=edge_deletion alpha=0.5 seed=1 workflow=wl_subtree_kernel_mmd status=success
2026-06-17 08:33:16,276 INFO row_complete 1387/3960 dataset=barabasi_albert perturbation=edge_deletion alpha=0.5 seed=1 workflow=native_netlsd status=success
2026-06-17 08:33:16,277 INFO row_complete 1388/3960 dataset=barabasi_albert perturbation=edge_deletion alpha=0.5 seed=1 workflow=diversity_curves_shortest_path status=success
2026-06-17 08:36:14,900 INFO row_complete 1389/3960 dataset=barabasi_albert perturbation=edge_deletion alpha=0.6 seed=1 workflow=structural_statistics_mmd status=success
2026-06-17 08:36:14,901 INFO row_complete 1390/3960 dataset=barabasi_albert perturbation=edge_deletion alpha=0.6 seed=1 workflow=wl_subtree_kernel_mmd status=success
2026-06-17 08:36:14,902 INFO row_complete 1391/3960 dataset=barabasi_albert perturbation=edge_deletion alpha=0.6 seed=1 workflow=native_netlsd status=success
2026-06-17 08:36:14,903 INFO row_complete 1392/3960 dataset=barabasi_albert perturbation=edge_deletion alpha=0.6 seed=1 workflow=diversity_curves_shortest_path status=success
2026-06-17 08:38:50,877 INFO row_complete 1393/3960 dataset=barabasi_albert perturbation=edge_deletion alpha=0.7 seed=1 workflow=structural_statistics_mmd status=success
2026-06-17 08:38:50,878 INFO row_complete 1394/3960 dataset=barabasi_albert perturbation=edge_deletion alpha=0.7 seed=1 workflow=wl_subtree_kernel_mmd status=success
2026-06-17 08:38:50,879 INFO row_complete 1395/3960 dataset=barabasi_albert perturbation=edge_deletion alpha=0.7 seed=1 workflow=native_netlsd status=success
2026-06-17 08:38:50,880 INFO row_complete 1396/3960 dataset=barabasi_albert perturbation=edge_deletion alpha=0.7 seed=1 workflow=diversity_curves_shortest_path status=success
2026-06-17 08:41:03,250 INFO row_complete 1397/3960 dataset=barabasi_albert perturbation=edge_deletion alpha=0.8 seed=1 workflow=structural_statistics_mmd status=success
2026-06-17 08:41:03,251 INFO row_complete 1398/3960 dataset=barabasi_albert perturbation=edge_deletion alpha=0.8 seed=1 workflow=wl_subtree_kernel_mmd status=success
2026-06-17 08:41:03,253 INFO row_complete 1399/3960 dataset=barabasi_albert perturbation=edge_deletion alpha=0.8 seed=1 workflow=native_netlsd status=success
2026-06-17 08:41:03,253 INFO row_complete 1400/3960 dataset=barabasi_albert perturbation=edge_deletion alpha=0.8 seed=1 workflow=diversity_curves_shortest_path status=success
2026-06-17 08:43:04,912 INFO row_complete 1401/3960 dataset=barabasi_albert perturbation=edge_deletion alpha=0.9 seed=1 workflow=structural_statistics_mmd status=success
2026-06-17 08:43:04,913 INFO row_complete 1402/3960 dataset=barabasi_albert perturbation=edge_deletion alpha=0.9 seed=1 workflow=wl_subtree_kernel_mmd status=success
2026-06-17 08:43:04,914 INFO row_complete 1403/3960 dataset=barabasi_albert perturbation=edge_deletion alpha=0.9 seed=1 workflow=native_netlsd status=success
2026-06-17 08:43:04,915 INFO row_complete 1404/3960 dataset=barabasi_albert perturbation=edge_deletion alpha=0.9 seed=1 workflow=diversity_curves_shortest_path status=success
2026-06-17 08:45:03,364 INFO row_complete 1405/3960 dataset=barabasi_albert perturbation=edge_deletion alpha=1.0 seed=1 workflow=structural_statistics_mmd status=success
2026-06-17 08:45:03,365 INFO row_complete 1406/3960 dataset=barabasi_albert perturbation=edge_deletion alpha=1.0 seed=1 workflow=wl_subtree_kernel_mmd status=success
2026-06-17 08:45:03,366 INFO row_complete 1407/3960 dataset=barabasi_albert perturbation=edge_deletion alpha=1.0 seed=1 workflow=native_netlsd status=success
2026-06-17 08:45:03,367 INFO row_complete 1408/3960 dataset=barabasi_albert perturbation=edge_deletion alpha=1.0 seed=1 workflow=diversity_curves_shortest_path status=success
2026-06-17 08:48:50,664 INFO row_complete 1409/3960 dataset=barabasi_albert perturbation=triangle_insertion alpha=0.0 seed=1 workflow=structural_statistics_mmd status=success
2026-06-17 08:48:50,665 INFO row_complete 1410/3960 dataset=barabasi_albert perturbation=triangle_insertion alpha=0.0 seed=1 workflow=wl_subtree_kernel_mmd status=success
2026-06-17 08:48:50,666 INFO row_complete 1411/3960 dataset=barabasi_albert perturbation=triangle_insertion alpha=0.0 seed=1 workflow=native_netlsd status=success
2026-06-17 08:48:50,666 INFO row_complete 1412/3960 dataset=barabasi_albert perturbation=triangle_insertion alpha=0.0 seed=1 workflow=diversity_curves_shortest_path status=success
2026-06-17 08:52:44,321 INFO row_complete 1413/3960 dataset=barabasi_albert perturbation=triangle_insertion alpha=0.1 seed=1 workflow=structural_statistics_mmd status=success
2026-06-17 08:52:44,322 INFO row_complete 1414/3960 dataset=barabasi_albert perturbation=triangle_insertion alpha=0.1 seed=1 workflow=wl_subtree_kernel_mmd status=success
2026-06-17 08:52:44,323 INFO row_complete 1415/3960 dataset=barabasi_albert perturbation=triangle_insertion alpha=0.1 seed=1 workflow=native_netlsd status=success
2026-06-17 08:52:44,324 INFO row_complete 1416/3960 dataset=barabasi_albert perturbation=triangle_insertion alpha=0.1 seed=1 workflow=diversity_curves_shortest_path status=success
2026-06-17 08:56:45,918 INFO row_complete 1417/3960 dataset=barabasi_albert perturbation=triangle_insertion alpha=0.2 seed=1 workflow=structural_statistics_mmd status=success
2026-06-17 08:56:45,919 INFO row_complete 1418/3960 dataset=barabasi_albert perturbation=triangle_insertion alpha=0.2 seed=1 workflow=wl_subtree_kernel_mmd status=success
2026-06-17 08:56:45,919 INFO row_complete 1419/3960 dataset=barabasi_albert perturbation=triangle_insertion alpha=0.2 seed=1 workflow=native_netlsd status=success
2026-06-17 08:56:45,920 INFO row_complete 1420/3960 dataset=barabasi_albert perturbation=triangle_insertion alpha=0.2 seed=1 workflow=diversity_curves_shortest_path status=success
2026-06-17 09:00:56,257 INFO row_complete 1421/3960 dataset=barabasi_albert perturbation=triangle_insertion alpha=0.3 seed=1 workflow=structural_statistics_mmd status=success
2026-06-17 09:00:56,258 INFO row_complete 1422/3960 dataset=barabasi_albert perturbation=triangle_insertion alpha=0.3 seed=1 workflow=wl_subtree_kernel_mmd status=success
2026-06-17 09:00:56,259 INFO row_complete 1423/3960 dataset=barabasi_albert perturbation=triangle_insertion alpha=0.3 seed=1 workflow=native_netlsd status=success
2026-06-17 09:00:56,260 INFO row_complete 1424/3960 dataset=barabasi_albert perturbation=triangle_insertion alpha=0.3 seed=1 workflow=diversity_curves_shortest_path status=success
2026-06-17 09:05:15,040 INFO row_complete 1425/3960 dataset=barabasi_albert perturbation=triangle_insertion alpha=0.4 seed=1 workflow=structural_statistics_mmd status=success
2026-06-17 09:05:15,041 INFO row_complete 1426/3960 dataset=barabasi_albert perturbation=triangle_insertion alpha=0.4 seed=1 workflow=wl_subtree_kernel_mmd status=success
2026-06-17 09:05:15,042 INFO row_complete 1427/3960 dataset=barabasi_albert perturbation=triangle_insertion alpha=0.4 seed=1 workflow=native_netlsd status=success
2026-06-17 09:05:15,043 INFO row_complete 1428/3960 dataset=barabasi_albert perturbation=triangle_insertion alpha=0.4 seed=1 workflow=diversity_curves_shortest_path status=success
2026-06-17 09:09:40,814 INFO row_complete 1429/3960 dataset=barabasi_albert perturbation=triangle_insertion alpha=0.5 seed=1 workflow=structural_statistics_mmd status=success
2026-06-17 09:09:40,815 INFO row_complete 1430/3960 dataset=barabasi_albert perturbation=triangle_insertion alpha=0.5 seed=1 workflow=wl_subtree_kernel_mmd status=success
2026-06-17 09:09:40,816 INFO row_complete 1431/3960 dataset=barabasi_albert perturbation=triangle_insertion alpha=0.5 seed=1 workflow=native_netlsd status=success
2026-06-17 09:09:40,817 INFO row_complete 1432/3960 dataset=barabasi_albert perturbation=triangle_insertion alpha=0.5 seed=1 workflow=diversity_curves_shortest_path status=success
2026-06-17 09:14:15,988 INFO row_complete 1433/3960 dataset=barabasi_albert perturbation=triangle_insertion alpha=0.6 seed=1 workflow=structural_statistics_mmd status=success
2026-06-17 09:14:15,989 INFO row_complete 1434/3960 dataset=barabasi_albert perturbation=triangle_insertion alpha=0.6 seed=1 workflow=wl_subtree_kernel_mmd status=success
2026-06-17 09:14:15,990 INFO row_complete 1435/3960 dataset=barabasi_albert perturbation=triangle_insertion alpha=0.6 seed=1 workflow=native_netlsd status=success
2026-06-17 09:14:15,990 INFO row_complete 1436/3960 dataset=barabasi_albert perturbation=triangle_insertion alpha=0.6 seed=1 workflow=diversity_curves_shortest_path status=success
2026-06-17 09:18:58,698 INFO row_complete 1437/3960 dataset=barabasi_albert perturbation=triangle_insertion alpha=0.7 seed=1 workflow=structural_statistics_mmd status=success
2026-06-17 09:18:58,699 INFO row_complete 1438/3960 dataset=barabasi_albert perturbation=triangle_insertion alpha=0.7 seed=1 workflow=wl_subtree_kernel_mmd status=success
2026-06-17 09:18:58,700 INFO row_complete 1439/3960 dataset=barabasi_albert perturbation=triangle_insertion alpha=0.7 seed=1 workflow=native_netlsd status=success
2026-06-17 09:18:58,701 INFO row_complete 1440/3960 dataset=barabasi_albert perturbation=triangle_insertion alpha=0.7 seed=1 workflow=diversity_curves_shortest_path status=success
2026-06-17 09:23:51,732 INFO row_complete 1441/3960 dataset=barabasi_albert perturbation=triangle_insertion alpha=0.8 seed=1 workflow=structural_statistics_mmd status=success
2026-06-17 09:23:51,733 INFO row_complete 1442/3960 dataset=barabasi_albert perturbation=triangle_insertion alpha=0.8 seed=1 workflow=wl_subtree_kernel_mmd status=success
2026-06-17 09:23:51,734 INFO row_complete 1443/3960 dataset=barabasi_albert perturbation=triangle_insertion alpha=0.8 seed=1 workflow=native_netlsd status=success
2026-06-17 09:23:51,735 INFO row_complete 1444/3960 dataset=barabasi_albert perturbation=triangle_insertion alpha=0.8 seed=1 workflow=diversity_curves_shortest_path status=success
2026-06-17 09:28:57,202 INFO row_complete 1445/3960 dataset=barabasi_albert perturbation=triangle_insertion alpha=0.9 seed=1 workflow=structural_statistics_mmd status=success
2026-06-17 09:28:57,203 INFO row_complete 1446/3960 dataset=barabasi_albert perturbation=triangle_insertion alpha=0.9 seed=1 workflow=wl_subtree_kernel_mmd status=success
2026-06-17 09:28:57,203 INFO row_complete 1447/3960 dataset=barabasi_albert perturbation=triangle_insertion alpha=0.9 seed=1 workflow=native_netlsd status=success
2026-06-17 09:28:57,204 INFO row_complete 1448/3960 dataset=barabasi_albert perturbation=triangle_insertion alpha=0.9 seed=1 workflow=diversity_curves_shortest_path status=success
2026-06-17 09:34:13,667 INFO row_complete 1449/3960 dataset=barabasi_albert perturbation=triangle_insertion alpha=1.0 seed=1 workflow=structural_statistics_mmd status=success
2026-06-17 09:34:13,668 INFO row_complete 1450/3960 dataset=barabasi_albert perturbation=triangle_insertion alpha=1.0 seed=1 workflow=wl_subtree_kernel_mmd status=success
2026-06-17 09:34:13,669 INFO row_complete 1451/3960 dataset=barabasi_albert perturbation=triangle_insertion alpha=1.0 seed=1 workflow=native_netlsd status=success
2026-06-17 09:34:13,670 INFO row_complete 1452/3960 dataset=barabasi_albert perturbation=triangle_insertion alpha=1.0 seed=1 workflow=diversity_curves_shortest_path status=success
2026-06-17 09:38:04,273 INFO row_complete 1453/3960 dataset=barabasi_albert perturbation=triangle_deletion alpha=0.0 seed=1 workflow=structural_statistics_mmd status=success
2026-06-17 09:38:04,275 INFO row_complete 1454/3960 dataset=barabasi_albert perturbation=triangle_deletion alpha=0.0 seed=1 workflow=wl_subtree_kernel_mmd status=success
2026-06-17 09:38:04,276 INFO row_complete 1455/3960 dataset=barabasi_albert perturbation=triangle_deletion alpha=0.0 seed=1 workflow=native_netlsd status=success
2026-06-17 09:38:04,277 INFO row_complete 1456/3960 dataset=barabasi_albert perturbation=triangle_deletion alpha=0.0 seed=1 workflow=diversity_curves_shortest_path status=success
2026-06-17 09:41:49,755 INFO row_complete 1457/3960 dataset=barabasi_albert perturbation=triangle_deletion alpha=0.1 seed=1 workflow=structural_statistics_mmd status=success
2026-06-17 09:41:49,756 INFO row_complete 1458/3960 dataset=barabasi_albert perturbation=triangle_deletion alpha=0.1 seed=1 workflow=wl_subtree_kernel_mmd status=success
2026-06-17 09:41:49,756 INFO row_complete 1459/3960 dataset=barabasi_albert perturbation=triangle_deletion alpha=0.1 seed=1 workflow=native_netlsd status=success
2026-06-17 09:41:49,757 INFO row_complete 1460/3960 dataset=barabasi_albert perturbation=triangle_deletion alpha=0.1 seed=1 workflow=diversity_curves_shortest_path status=success
2026-06-17 09:45:26,475 INFO row_complete 1461/3960 dataset=barabasi_albert perturbation=triangle_deletion alpha=0.2 seed=1 workflow=structural_statistics_mmd status=success
2026-06-17 09:45:26,476 INFO row_complete 1462/3960 dataset=barabasi_albert perturbation=triangle_deletion alpha=0.2 seed=1 workflow=wl_subtree_kernel_mmd status=success
2026-06-17 09:45:26,477 INFO row_complete 1463/3960 dataset=barabasi_albert perturbation=triangle_deletion alpha=0.2 seed=1 workflow=native_netlsd status=success
2026-06-17 09:45:26,478 INFO row_complete 1464/3960 dataset=barabasi_albert perturbation=triangle_deletion alpha=0.2 seed=1 workflow=diversity_curves_shortest_path status=success
2026-06-17 09:48:55,008 INFO row_complete 1465/3960 dataset=barabasi_albert perturbation=triangle_deletion alpha=0.3 seed=1 workflow=structural_statistics_mmd status=success
2026-06-17 09:48:55,009 INFO row_complete 1466/3960 dataset=barabasi_albert perturbation=triangle_deletion alpha=0.3 seed=1 workflow=wl_subtree_kernel_mmd status=success
2026-06-17 09:48:55,010 INFO row_complete 1467/3960 dataset=barabasi_albert perturbation=triangle_deletion alpha=0.3 seed=1 workflow=native_netlsd status=success
2026-06-17 09:48:55,011 INFO row_complete 1468/3960 dataset=barabasi_albert perturbation=triangle_deletion alpha=0.3 seed=1 workflow=diversity_curves_shortest_path status=success
2026-06-17 09:52:17,231 INFO row_complete 1469/3960 dataset=barabasi_albert perturbation=triangle_deletion alpha=0.4 seed=1 workflow=structural_statistics_mmd status=success
2026-06-17 09:52:17,232 INFO row_complete 1470/3960 dataset=barabasi_albert perturbation=triangle_deletion alpha=0.4 seed=1 workflow=wl_subtree_kernel_mmd status=success
2026-06-17 09:52:17,233 INFO row_complete 1471/3960 dataset=barabasi_albert perturbation=triangle_deletion alpha=0.4 seed=1 workflow=native_netlsd status=success
2026-06-17 09:52:17,234 INFO row_complete 1472/3960 dataset=barabasi_albert perturbation=triangle_deletion alpha=0.4 seed=1 workflow=diversity_curves_shortest_path status=success
2026-06-17 09:55:34,913 INFO row_complete 1473/3960 dataset=barabasi_albert perturbation=triangle_deletion alpha=0.5 seed=1 workflow=structural_statistics_mmd status=success
2026-06-17 09:55:34,914 INFO row_complete 1474/3960 dataset=barabasi_albert perturbation=triangle_deletion alpha=0.5 seed=1 workflow=wl_subtree_kernel_mmd status=success
2026-06-17 09:55:34,915 INFO row_complete 1475/3960 dataset=barabasi_albert perturbation=triangle_deletion alpha=0.5 seed=1 workflow=native_netlsd status=success
2026-06-17 09:55:34,916 INFO row_complete 1476/3960 dataset=barabasi_albert perturbation=triangle_deletion alpha=0.5 seed=1 workflow=diversity_curves_shortest_path status=success
2026-06-17 09:58:50,985 INFO row_complete 1477/3960 dataset=barabasi_albert perturbation=triangle_deletion alpha=0.6 seed=1 workflow=structural_statistics_mmd status=success
2026-06-17 09:58:50,986 INFO row_complete 1478/3960 dataset=barabasi_albert perturbation=triangle_deletion alpha=0.6 seed=1 workflow=wl_subtree_kernel_mmd status=success
2026-06-17 09:58:50,986 INFO row_complete 1479/3960 dataset=barabasi_albert perturbation=triangle_deletion alpha=0.6 seed=1 workflow=native_netlsd status=success
2026-06-17 09:58:50,987 INFO row_complete 1480/3960 dataset=barabasi_albert perturbation=triangle_deletion alpha=0.6 seed=1 workflow=diversity_curves_shortest_path status=success
2026-06-17 10:02:07,320 INFO row_complete 1481/3960 dataset=barabasi_albert perturbation=triangle_deletion alpha=0.7 seed=1 workflow=structural_statistics_mmd status=success
2026-06-17 10:02:07,322 INFO row_complete 1482/3960 dataset=barabasi_albert perturbation=triangle_deletion alpha=0.7 seed=1 workflow=wl_subtree_kernel_mmd status=success
2026-06-17 10:02:07,322 INFO row_complete 1483/3960 dataset=barabasi_albert perturbation=triangle_deletion alpha=0.7 seed=1 workflow=native_netlsd status=success
2026-06-17 10:02:07,323 INFO row_complete 1484/3960 dataset=barabasi_albert perturbation=triangle_deletion alpha=0.7 seed=1 workflow=diversity_curves_shortest_path status=success
2026-06-17 10:05:22,662 INFO row_complete 1485/3960 dataset=barabasi_albert perturbation=triangle_deletion alpha=0.8 seed=1 workflow=structural_statistics_mmd status=success
2026-06-17 10:05:22,663 INFO row_complete 1486/3960 dataset=barabasi_albert perturbation=triangle_deletion alpha=0.8 seed=1 workflow=wl_subtree_kernel_mmd status=success
2026-06-17 10:05:22,664 INFO row_complete 1487/3960 dataset=barabasi_albert perturbation=triangle_deletion alpha=0.8 seed=1 workflow=native_netlsd status=success
2026-06-17 10:05:22,665 INFO row_complete 1488/3960 dataset=barabasi_albert perturbation=triangle_deletion alpha=0.8 seed=1 workflow=diversity_curves_shortest_path status=success
2026-06-17 10:08:39,592 INFO row_complete 1489/3960 dataset=barabasi_albert perturbation=triangle_deletion alpha=0.9 seed=1 workflow=structural_statistics_mmd status=success
2026-06-17 10:08:39,593 INFO row_complete 1490/3960 dataset=barabasi_albert perturbation=triangle_deletion alpha=0.9 seed=1 workflow=wl_subtree_kernel_mmd status=success
2026-06-17 10:08:39,594 INFO row_complete 1491/3960 dataset=barabasi_albert perturbation=triangle_deletion alpha=0.9 seed=1 workflow=native_netlsd status=success
2026-06-17 10:08:39,594 INFO row_complete 1492/3960 dataset=barabasi_albert perturbation=triangle_deletion alpha=0.9 seed=1 workflow=diversity_curves_shortest_path status=success
2026-06-17 10:11:55,663 INFO row_complete 1493/3960 dataset=barabasi_albert perturbation=triangle_deletion alpha=1.0 seed=1 workflow=structural_statistics_mmd status=success
2026-06-17 10:11:55,664 INFO row_complete 1494/3960 dataset=barabasi_albert perturbation=triangle_deletion alpha=1.0 seed=1 workflow=wl_subtree_kernel_mmd status=success
2026-06-17 10:11:55,665 INFO row_complete 1495/3960 dataset=barabasi_albert perturbation=triangle_deletion alpha=1.0 seed=1 workflow=native_netlsd status=success
2026-06-17 10:11:55,666 INFO row_complete 1496/3960 dataset=barabasi_albert perturbation=triangle_deletion alpha=1.0 seed=1 workflow=diversity_curves_shortest_path status=success
2026-06-17 10:11:55,686 INFO row_complete 1497/3960 dataset=barabasi_albert perturbation=community_weakening alpha=0.0 seed=1 workflow=structural_statistics_mmd status=skipped
2026-06-17 10:11:55,687 INFO row_complete 1498/3960 dataset=barabasi_albert perturbation=community_weakening alpha=0.0 seed=1 workflow=wl_subtree_kernel_mmd status=skipped
2026-06-17 10:11:55,687 INFO row_complete 1499/3960 dataset=barabasi_albert perturbation=community_weakening alpha=0.0 seed=1 workflow=native_netlsd status=skipped
2026-06-17 10:11:55,688 INFO row_complete 1500/3960 dataset=barabasi_albert perturbation=community_weakening alpha=0.0 seed=1 workflow=diversity_curves_shortest_path status=skipped
2026-06-17 10:11:55,705 INFO row_complete 1501/3960 dataset=barabasi_albert perturbation=community_weakening alpha=0.1 seed=1 workflow=structural_statistics_mmd status=skipped
2026-06-17 10:11:55,706 INFO row_complete 1502/3960 dataset=barabasi_albert perturbation=community_weakening alpha=0.1 seed=1 workflow=wl_subtree_kernel_mmd status=skipped
2026-06-17 10:11:55,706 INFO row_complete 1503/3960 dataset=barabasi_albert perturbation=community_weakening alpha=0.1 seed=1 workflow=native_netlsd status=skipped
2026-06-17 10:11:55,707 INFO row_complete 1504/3960 dataset=barabasi_albert perturbation=community_weakening alpha=0.1 seed=1 workflow=diversity_curves_shortest_path status=skipped
2026-06-17 10:11:55,721 INFO row_complete 1505/3960 dataset=barabasi_albert perturbation=community_weakening alpha=0.2 seed=1 workflow=structural_statistics_mmd status=skipped
2026-06-17 10:11:55,722 INFO row_complete 1506/3960 dataset=barabasi_albert perturbation=community_weakening alpha=0.2 seed=1 workflow=wl_subtree_kernel_mmd status=skipped
2026-06-17 10:11:55,723 INFO row_complete 1507/3960 dataset=barabasi_albert perturbation=community_weakening alpha=0.2 seed=1 workflow=native_netlsd status=skipped
2026-06-17 10:11:55,724 INFO row_complete 1508/3960 dataset=barabasi_albert perturbation=community_weakening alpha=0.2 seed=1 workflow=diversity_curves_shortest_path status=skipped
2026-06-17 10:11:55,741 INFO row_complete 1509/3960 dataset=barabasi_albert perturbation=community_weakening alpha=0.3 seed=1 workflow=structural_statistics_mmd status=skipped
2026-06-17 10:11:55,742 INFO row_complete 1510/3960 dataset=barabasi_albert perturbation=community_weakening alpha=0.3 seed=1 workflow=wl_subtree_kernel_mmd status=skipped
2026-06-17 10:11:55,743 INFO row_complete 1511/3960 dataset=barabasi_albert perturbation=community_weakening alpha=0.3 seed=1 workflow=native_netlsd status=skipped
2026-06-17 10:11:55,744 INFO row_complete 1512/3960 dataset=barabasi_albert perturbation=community_weakening alpha=0.3 seed=1 workflow=diversity_curves_shortest_path status=skipped
2026-06-17 10:11:55,759 INFO row_complete 1513/3960 dataset=barabasi_albert perturbation=community_weakening alpha=0.4 seed=1 workflow=structural_statistics_mmd status=skipped
2026-06-17 10:11:55,760 INFO row_complete 1514/3960 dataset=barabasi_albert perturbation=community_weakening alpha=0.4 seed=1 workflow=wl_subtree_kernel_mmd status=skipped
2026-06-17 10:11:55,761 INFO row_complete 1515/3960 dataset=barabasi_albert perturbation=community_weakening alpha=0.4 seed=1 workflow=native_netlsd status=skipped
2026-06-17 10:11:55,762 INFO row_complete 1516/3960 dataset=barabasi_albert perturbation=community_weakening alpha=0.4 seed=1 workflow=diversity_curves_shortest_path status=skipped
2026-06-17 10:11:55,776 INFO row_complete 1517/3960 dataset=barabasi_albert perturbation=community_weakening alpha=0.5 seed=1 workflow=structural_statistics_mmd status=skipped
2026-06-17 10:11:55,777 INFO row_complete 1518/3960 dataset=barabasi_albert perturbation=community_weakening alpha=0.5 seed=1 workflow=wl_subtree_kernel_mmd status=skipped
2026-06-17 10:11:55,778 INFO row_complete 1519/3960 dataset=barabasi_albert perturbation=community_weakening alpha=0.5 seed=1 workflow=native_netlsd status=skipped
2026-06-17 10:11:55,779 INFO row_complete 1520/3960 dataset=barabasi_albert perturbation=community_weakening alpha=0.5 seed=1 workflow=diversity_curves_shortest_path status=skipped
2026-06-17 10:11:55,794 INFO row_complete 1521/3960 dataset=barabasi_albert perturbation=community_weakening alpha=0.6 seed=1 workflow=structural_statistics_mmd status=skipped
2026-06-17 10:11:55,795 INFO row_complete 1522/3960 dataset=barabasi_albert perturbation=community_weakening alpha=0.6 seed=1 workflow=wl_subtree_kernel_mmd status=skipped
2026-06-17 10:11:55,796 INFO row_complete 1523/3960 dataset=barabasi_albert perturbation=community_weakening alpha=0.6 seed=1 workflow=native_netlsd status=skipped
2026-06-17 10:11:55,796 INFO row_complete 1524/3960 dataset=barabasi_albert perturbation=community_weakening alpha=0.6 seed=1 workflow=diversity_curves_shortest_path status=skipped
2026-06-17 10:11:55,823 INFO row_complete 1525/3960 dataset=barabasi_albert perturbation=community_weakening alpha=0.7 seed=1 workflow=structural_statistics_mmd status=skipped
2026-06-17 10:11:55,824 INFO row_complete 1526/3960 dataset=barabasi_albert perturbation=community_weakening alpha=0.7 seed=1 workflow=wl_subtree_kernel_mmd status=skipped
2026-06-17 10:11:55,824 INFO row_complete 1527/3960 dataset=barabasi_albert perturbation=community_weakening alpha=0.7 seed=1 workflow=native_netlsd status=skipped
2026-06-17 10:11:55,825 INFO row_complete 1528/3960 dataset=barabasi_albert perturbation=community_weakening alpha=0.7 seed=1 workflow=diversity_curves_shortest_path status=skipped
2026-06-17 10:11:55,841 INFO row_complete 1529/3960 dataset=barabasi_albert perturbation=community_weakening alpha=0.8 seed=1 workflow=structural_statistics_mmd status=skipped
2026-06-17 10:11:55,842 INFO row_complete 1530/3960 dataset=barabasi_albert perturbation=community_weakening alpha=0.8 seed=1 workflow=wl_subtree_kernel_mmd status=skipped
2026-06-17 10:11:55,842 INFO row_complete 1531/3960 dataset=barabasi_albert perturbation=community_weakening alpha=0.8 seed=1 workflow=native_netlsd status=skipped
2026-06-17 10:11:55,843 INFO row_complete 1532/3960 dataset=barabasi_albert perturbation=community_weakening alpha=0.8 seed=1 workflow=diversity_curves_shortest_path status=skipped
2026-06-17 10:11:55,858 INFO row_complete 1533/3960 dataset=barabasi_albert perturbation=community_weakening alpha=0.9 seed=1 workflow=structural_statistics_mmd status=skipped
2026-06-17 10:11:55,859 INFO row_complete 1534/3960 dataset=barabasi_albert perturbation=community_weakening alpha=0.9 seed=1 workflow=wl_subtree_kernel_mmd status=skipped
2026-06-17 10:11:55,859 INFO row_complete 1535/3960 dataset=barabasi_albert perturbation=community_weakening alpha=0.9 seed=1 workflow=native_netlsd status=skipped
2026-06-17 10:11:55,860 INFO row_complete 1536/3960 dataset=barabasi_albert perturbation=community_weakening alpha=0.9 seed=1 workflow=diversity_curves_shortest_path status=skipped
2026-06-17 10:11:55,875 INFO row_complete 1537/3960 dataset=barabasi_albert perturbation=community_weakening alpha=1.0 seed=1 workflow=structural_statistics_mmd status=skipped
2026-06-17 10:11:55,876 INFO row_complete 1538/3960 dataset=barabasi_albert perturbation=community_weakening alpha=1.0 seed=1 workflow=wl_subtree_kernel_mmd status=skipped
2026-06-17 10:11:55,877 INFO row_complete 1539/3960 dataset=barabasi_albert perturbation=community_weakening alpha=1.0 seed=1 workflow=native_netlsd status=skipped
2026-06-17 10:11:55,878 INFO row_complete 1540/3960 dataset=barabasi_albert perturbation=community_weakening alpha=1.0 seed=1 workflow=diversity_curves_shortest_path status=skipped
2026-06-17 10:15:49,713 INFO row_complete 1541/3960 dataset=barabasi_albert perturbation=hub_modification alpha=0.0 seed=1 workflow=structural_statistics_mmd status=success
2026-06-17 10:15:49,714 INFO row_complete 1542/3960 dataset=barabasi_albert perturbation=hub_modification alpha=0.0 seed=1 workflow=wl_subtree_kernel_mmd status=success
2026-06-17 10:15:49,715 INFO row_complete 1543/3960 dataset=barabasi_albert perturbation=hub_modification alpha=0.0 seed=1 workflow=native_netlsd status=success
2026-06-17 10:15:49,716 INFO row_complete 1544/3960 dataset=barabasi_albert perturbation=hub_modification alpha=0.0 seed=1 workflow=diversity_curves_shortest_path status=success
2026-06-17 10:19:39,413 INFO row_complete 1545/3960 dataset=barabasi_albert perturbation=hub_modification alpha=0.1 seed=1 workflow=structural_statistics_mmd status=success
2026-06-17 10:19:39,414 INFO row_complete 1546/3960 dataset=barabasi_albert perturbation=hub_modification alpha=0.1 seed=1 workflow=wl_subtree_kernel_mmd status=success
2026-06-17 10:19:39,415 INFO row_complete 1547/3960 dataset=barabasi_albert perturbation=hub_modification alpha=0.1 seed=1 workflow=native_netlsd status=success
2026-06-17 10:19:39,416 INFO row_complete 1548/3960 dataset=barabasi_albert perturbation=hub_modification alpha=0.1 seed=1 workflow=diversity_curves_shortest_path status=success
2026-06-17 10:23:28,696 INFO row_complete 1549/3960 dataset=barabasi_albert perturbation=hub_modification alpha=0.2 seed=1 workflow=structural_statistics_mmd status=success
2026-06-17 10:23:28,697 INFO row_complete 1550/3960 dataset=barabasi_albert perturbation=hub_modification alpha=0.2 seed=1 workflow=wl_subtree_kernel_mmd status=success
2026-06-17 10:23:28,698 INFO row_complete 1551/3960 dataset=barabasi_albert perturbation=hub_modification alpha=0.2 seed=1 workflow=native_netlsd status=success
2026-06-17 10:23:28,698 INFO row_complete 1552/3960 dataset=barabasi_albert perturbation=hub_modification alpha=0.2 seed=1 workflow=diversity_curves_shortest_path status=success
2026-06-17 10:27:16,991 INFO row_complete 1553/3960 dataset=barabasi_albert perturbation=hub_modification alpha=0.3 seed=1 workflow=structural_statistics_mmd status=success
2026-06-17 10:27:16,992 INFO row_complete 1554/3960 dataset=barabasi_albert perturbation=hub_modification alpha=0.3 seed=1 workflow=wl_subtree_kernel_mmd status=success
2026-06-17 10:27:16,993 INFO row_complete 1555/3960 dataset=barabasi_albert perturbation=hub_modification alpha=0.3 seed=1 workflow=native_netlsd status=success
2026-06-17 10:27:16,993 INFO row_complete 1556/3960 dataset=barabasi_albert perturbation=hub_modification alpha=0.3 seed=1 workflow=diversity_curves_shortest_path status=success
2026-06-17 10:31:05,760 INFO row_complete 1557/3960 dataset=barabasi_albert perturbation=hub_modification alpha=0.4 seed=1 workflow=structural_statistics_mmd status=success
2026-06-17 10:31:05,761 INFO row_complete 1558/3960 dataset=barabasi_albert perturbation=hub_modification alpha=0.4 seed=1 workflow=wl_subtree_kernel_mmd status=success
2026-06-17 10:31:05,762 INFO row_complete 1559/3960 dataset=barabasi_albert perturbation=hub_modification alpha=0.4 seed=1 workflow=native_netlsd status=success
2026-06-17 10:31:05,762 INFO row_complete 1560/3960 dataset=barabasi_albert perturbation=hub_modification alpha=0.4 seed=1 workflow=diversity_curves_shortest_path status=success
2026-06-17 10:34:55,398 INFO row_complete 1561/3960 dataset=barabasi_albert perturbation=hub_modification alpha=0.5 seed=1 workflow=structural_statistics_mmd status=success
2026-06-17 10:34:55,400 INFO row_complete 1562/3960 dataset=barabasi_albert perturbation=hub_modification alpha=0.5 seed=1 workflow=wl_subtree_kernel_mmd status=success
2026-06-17 10:34:55,400 INFO row_complete 1563/3960 dataset=barabasi_albert perturbation=hub_modification alpha=0.5 seed=1 workflow=native_netlsd status=success
2026-06-17 10:34:55,401 INFO row_complete 1564/3960 dataset=barabasi_albert perturbation=hub_modification alpha=0.5 seed=1 workflow=diversity_curves_shortest_path status=success
2026-06-17 10:38:45,293 INFO row_complete 1565/3960 dataset=barabasi_albert perturbation=hub_modification alpha=0.6 seed=1 workflow=structural_statistics_mmd status=success
2026-06-17 10:38:45,294 INFO row_complete 1566/3960 dataset=barabasi_albert perturbation=hub_modification alpha=0.6 seed=1 workflow=wl_subtree_kernel_mmd status=success
2026-06-17 10:38:45,295 INFO row_complete 1567/3960 dataset=barabasi_albert perturbation=hub_modification alpha=0.6 seed=1 workflow=native_netlsd status=success
2026-06-17 10:38:45,296 INFO row_complete 1568/3960 dataset=barabasi_albert perturbation=hub_modification alpha=0.6 seed=1 workflow=diversity_curves_shortest_path status=success
2026-06-17 10:42:34,344 INFO row_complete 1569/3960 dataset=barabasi_albert perturbation=hub_modification alpha=0.7 seed=1 workflow=structural_statistics_mmd status=success
2026-06-17 10:42:34,345 INFO row_complete 1570/3960 dataset=barabasi_albert perturbation=hub_modification alpha=0.7 seed=1 workflow=wl_subtree_kernel_mmd status=success
2026-06-17 10:42:34,347 INFO row_complete 1571/3960 dataset=barabasi_albert perturbation=hub_modification alpha=0.7 seed=1 workflow=native_netlsd status=success
2026-06-17 10:42:34,348 INFO row_complete 1572/3960 dataset=barabasi_albert perturbation=hub_modification alpha=0.7 seed=1 workflow=diversity_curves_shortest_path status=success
2026-06-17 10:46:23,792 INFO row_complete 1573/3960 dataset=barabasi_albert perturbation=hub_modification alpha=0.8 seed=1 workflow=structural_statistics_mmd status=success
2026-06-17 10:46:23,793 INFO row_complete 1574/3960 dataset=barabasi_albert perturbation=hub_modification alpha=0.8 seed=1 workflow=wl_subtree_kernel_mmd status=success
2026-06-17 10:46:23,794 INFO row_complete 1575/3960 dataset=barabasi_albert perturbation=hub_modification alpha=0.8 seed=1 workflow=native_netlsd status=success
2026-06-17 10:46:23,794 INFO row_complete 1576/3960 dataset=barabasi_albert perturbation=hub_modification alpha=0.8 seed=1 workflow=diversity_curves_shortest_path status=success
2026-06-17 10:50:12,848 INFO row_complete 1577/3960 dataset=barabasi_albert perturbation=hub_modification alpha=0.9 seed=1 workflow=structural_statistics_mmd status=success
2026-06-17 10:50:12,849 INFO row_complete 1578/3960 dataset=barabasi_albert perturbation=hub_modification alpha=0.9 seed=1 workflow=wl_subtree_kernel_mmd status=success
2026-06-17 10:50:12,850 INFO row_complete 1579/3960 dataset=barabasi_albert perturbation=hub_modification alpha=0.9 seed=1 workflow=native_netlsd status=success
2026-06-17 10:50:12,851 INFO row_complete 1580/3960 dataset=barabasi_albert perturbation=hub_modification alpha=0.9 seed=1 workflow=diversity_curves_shortest_path status=success
2026-06-17 10:54:02,988 INFO row_complete 1581/3960 dataset=barabasi_albert perturbation=hub_modification alpha=1.0 seed=1 workflow=structural_statistics_mmd status=success
2026-06-17 10:54:02,989 INFO row_complete 1582/3960 dataset=barabasi_albert perturbation=hub_modification alpha=1.0 seed=1 workflow=wl_subtree_kernel_mmd status=success
2026-06-17 10:54:02,990 INFO row_complete 1583/3960 dataset=barabasi_albert perturbation=hub_modification alpha=1.0 seed=1 workflow=native_netlsd status=success
2026-06-17 10:54:02,990 INFO row_complete 1584/3960 dataset=barabasi_albert perturbation=hub_modification alpha=1.0 seed=1 workflow=diversity_curves_shortest_path status=success
2026-06-17 10:59:27,359 INFO row_complete 1585/3960 dataset=erdos_renyi perturbation=edge_insertion alpha=0.0 seed=2 workflow=structural_statistics_mmd status=success
2026-06-17 10:59:27,360 INFO row_complete 1586/3960 dataset=erdos_renyi perturbation=edge_insertion alpha=0.0 seed=2 workflow=wl_subtree_kernel_mmd status=success
2026-06-17 10:59:27,361 INFO row_complete 1587/3960 dataset=erdos_renyi perturbation=edge_insertion alpha=0.0 seed=2 workflow=native_netlsd status=success
2026-06-17 10:59:27,362 INFO row_complete 1588/3960 dataset=erdos_renyi perturbation=edge_insertion alpha=0.0 seed=2 workflow=diversity_curves_shortest_path status=success
2026-06-17 11:05:07,439 INFO row_complete 1589/3960 dataset=erdos_renyi perturbation=edge_insertion alpha=0.1 seed=2 workflow=structural_statistics_mmd status=success
2026-06-17 11:05:07,441 INFO row_complete 1590/3960 dataset=erdos_renyi perturbation=edge_insertion alpha=0.1 seed=2 workflow=wl_subtree_kernel_mmd status=success
2026-06-17 11:05:07,441 INFO row_complete 1591/3960 dataset=erdos_renyi perturbation=edge_insertion alpha=0.1 seed=2 workflow=native_netlsd status=success
2026-06-17 11:05:07,442 INFO row_complete 1592/3960 dataset=erdos_renyi perturbation=edge_insertion alpha=0.1 seed=2 workflow=diversity_curves_shortest_path status=success
2026-06-17 11:11:03,534 INFO row_complete 1593/3960 dataset=erdos_renyi perturbation=edge_insertion alpha=0.2 seed=2 workflow=structural_statistics_mmd status=success
2026-06-17 11:11:03,535 INFO row_complete 1594/3960 dataset=erdos_renyi perturbation=edge_insertion alpha=0.2 seed=2 workflow=wl_subtree_kernel_mmd status=success
2026-06-17 11:11:03,536 INFO row_complete 1595/3960 dataset=erdos_renyi perturbation=edge_insertion alpha=0.2 seed=2 workflow=native_netlsd status=success
2026-06-17 11:11:03,536 INFO row_complete 1596/3960 dataset=erdos_renyi perturbation=edge_insertion alpha=0.2 seed=2 workflow=diversity_curves_shortest_path status=success
2026-06-17 11:17:19,524 INFO row_complete 1597/3960 dataset=erdos_renyi perturbation=edge_insertion alpha=0.3 seed=2 workflow=structural_statistics_mmd status=success
2026-06-17 11:17:19,526 INFO row_complete 1598/3960 dataset=erdos_renyi perturbation=edge_insertion alpha=0.3 seed=2 workflow=wl_subtree_kernel_mmd status=success
2026-06-17 11:17:19,527 INFO row_complete 1599/3960 dataset=erdos_renyi perturbation=edge_insertion alpha=0.3 seed=2 workflow=native_netlsd status=success
2026-06-17 11:17:19,527 INFO row_complete 1600/3960 dataset=erdos_renyi perturbation=edge_insertion alpha=0.3 seed=2 workflow=diversity_curves_shortest_path status=success
2026-06-17 11:23:52,226 INFO row_complete 1601/3960 dataset=erdos_renyi perturbation=edge_insertion alpha=0.4 seed=2 workflow=structural_statistics_mmd status=success
2026-06-17 11:23:52,227 INFO row_complete 1602/3960 dataset=erdos_renyi perturbation=edge_insertion alpha=0.4 seed=2 workflow=wl_subtree_kernel_mmd status=success
2026-06-17 11:23:52,228 INFO row_complete 1603/3960 dataset=erdos_renyi perturbation=edge_insertion alpha=0.4 seed=2 workflow=native_netlsd status=success
2026-06-17 11:23:52,229 INFO row_complete 1604/3960 dataset=erdos_renyi perturbation=edge_insertion alpha=0.4 seed=2 workflow=diversity_curves_shortest_path status=success
2026-06-17 11:30:43,917 INFO row_complete 1605/3960 dataset=erdos_renyi perturbation=edge_insertion alpha=0.5 seed=2 workflow=structural_statistics_mmd status=success
2026-06-17 11:30:43,918 INFO row_complete 1606/3960 dataset=erdos_renyi perturbation=edge_insertion alpha=0.5 seed=2 workflow=wl_subtree_kernel_mmd status=success
2026-06-17 11:30:43,919 INFO row_complete 1607/3960 dataset=erdos_renyi perturbation=edge_insertion alpha=0.5 seed=2 workflow=native_netlsd status=success
2026-06-17 11:30:43,920 INFO row_complete 1608/3960 dataset=erdos_renyi perturbation=edge_insertion alpha=0.5 seed=2 workflow=diversity_curves_shortest_path status=success
2026-06-17 11:37:53,777 INFO row_complete 1609/3960 dataset=erdos_renyi perturbation=edge_insertion alpha=0.6 seed=2 workflow=structural_statistics_mmd status=success
2026-06-17 11:37:53,778 INFO row_complete 1610/3960 dataset=erdos_renyi perturbation=edge_insertion alpha=0.6 seed=2 workflow=wl_subtree_kernel_mmd status=success
2026-06-17 11:37:53,779 INFO row_complete 1611/3960 dataset=erdos_renyi perturbation=edge_insertion alpha=0.6 seed=2 workflow=native_netlsd status=success
2026-06-17 11:37:53,779 INFO row_complete 1612/3960 dataset=erdos_renyi perturbation=edge_insertion alpha=0.6 seed=2 workflow=diversity_curves_shortest_path status=success
2026-06-17 11:45:22,788 INFO row_complete 1613/3960 dataset=erdos_renyi perturbation=edge_insertion alpha=0.7 seed=2 workflow=structural_statistics_mmd status=success
2026-06-17 11:45:22,789 INFO row_complete 1614/3960 dataset=erdos_renyi perturbation=edge_insertion alpha=0.7 seed=2 workflow=wl_subtree_kernel_mmd status=success
2026-06-17 11:45:22,789 INFO row_complete 1615/3960 dataset=erdos_renyi perturbation=edge_insertion alpha=0.7 seed=2 workflow=native_netlsd status=success
2026-06-17 11:45:22,790 INFO row_complete 1616/3960 dataset=erdos_renyi perturbation=edge_insertion alpha=0.7 seed=2 workflow=diversity_curves_shortest_path status=success
2026-06-17 11:53:14,414 INFO row_complete 1617/3960 dataset=erdos_renyi perturbation=edge_insertion alpha=0.8 seed=2 workflow=structural_statistics_mmd status=success
2026-06-17 11:53:14,415 INFO row_complete 1618/3960 dataset=erdos_renyi perturbation=edge_insertion alpha=0.8 seed=2 workflow=wl_subtree_kernel_mmd status=success
2026-06-17 11:53:14,416 INFO row_complete 1619/3960 dataset=erdos_renyi perturbation=edge_insertion alpha=0.8 seed=2 workflow=native_netlsd status=success
2026-06-17 11:53:14,417 INFO row_complete 1620/3960 dataset=erdos_renyi perturbation=edge_insertion alpha=0.8 seed=2 workflow=diversity_curves_shortest_path status=success
2026-06-17 12:01:28,465 INFO row_complete 1621/3960 dataset=erdos_renyi perturbation=edge_insertion alpha=0.9 seed=2 workflow=structural_statistics_mmd status=success
2026-06-17 12:01:28,466 INFO row_complete 1622/3960 dataset=erdos_renyi perturbation=edge_insertion alpha=0.9 seed=2 workflow=wl_subtree_kernel_mmd status=success
2026-06-17 12:01:28,467 INFO row_complete 1623/3960 dataset=erdos_renyi perturbation=edge_insertion alpha=0.9 seed=2 workflow=native_netlsd status=success
2026-06-17 12:01:28,468 INFO row_complete 1624/3960 dataset=erdos_renyi perturbation=edge_insertion alpha=0.9 seed=2 workflow=diversity_curves_shortest_path status=success
2026-06-17 12:10:04,948 INFO row_complete 1625/3960 dataset=erdos_renyi perturbation=edge_insertion alpha=1.0 seed=2 workflow=structural_statistics_mmd status=success
2026-06-17 12:10:04,949 INFO row_complete 1626/3960 dataset=erdos_renyi perturbation=edge_insertion alpha=1.0 seed=2 workflow=wl_subtree_kernel_mmd status=success
2026-06-17 12:10:04,950 INFO row_complete 1627/3960 dataset=erdos_renyi perturbation=edge_insertion alpha=1.0 seed=2 workflow=native_netlsd status=success
2026-06-17 12:10:04,951 INFO row_complete 1628/3960 dataset=erdos_renyi perturbation=edge_insertion alpha=1.0 seed=2 workflow=diversity_curves_shortest_path status=success
2026-06-17 12:15:24,530 INFO row_complete 1629/3960 dataset=erdos_renyi perturbation=edge_deletion alpha=0.0 seed=2 workflow=structural_statistics_mmd status=success
2026-06-17 12:15:24,531 INFO row_complete 1630/3960 dataset=erdos_renyi perturbation=edge_deletion alpha=0.0 seed=2 workflow=wl_subtree_kernel_mmd status=success
2026-06-17 12:15:24,532 INFO row_complete 1631/3960 dataset=erdos_renyi perturbation=edge_deletion alpha=0.0 seed=2 workflow=native_netlsd status=success
2026-06-17 12:15:24,533 INFO row_complete 1632/3960 dataset=erdos_renyi perturbation=edge_deletion alpha=0.0 seed=2 workflow=diversity_curves_shortest_path status=success
2026-06-17 12:20:31,958 INFO row_complete 1633/3960 dataset=erdos_renyi perturbation=edge_deletion alpha=0.1 seed=2 workflow=structural_statistics_mmd status=success
2026-06-17 12:20:31,959 INFO row_complete 1634/3960 dataset=erdos_renyi perturbation=edge_deletion alpha=0.1 seed=2 workflow=wl_subtree_kernel_mmd status=success
2026-06-17 12:20:31,960 INFO row_complete 1635/3960 dataset=erdos_renyi perturbation=edge_deletion alpha=0.1 seed=2 workflow=native_netlsd status=success
2026-06-17 12:20:31,961 INFO row_complete 1636/3960 dataset=erdos_renyi perturbation=edge_deletion alpha=0.1 seed=2 workflow=diversity_curves_shortest_path status=success
2026-06-17 12:25:24,611 INFO row_complete 1637/3960 dataset=erdos_renyi perturbation=edge_deletion alpha=0.2 seed=2 workflow=structural_statistics_mmd status=success
2026-06-17 12:25:24,612 INFO row_complete 1638/3960 dataset=erdos_renyi perturbation=edge_deletion alpha=0.2 seed=2 workflow=wl_subtree_kernel_mmd status=success
2026-06-17 12:25:24,613 INFO row_complete 1639/3960 dataset=erdos_renyi perturbation=edge_deletion alpha=0.2 seed=2 workflow=native_netlsd status=success
2026-06-17 12:25:24,614 INFO row_complete 1640/3960 dataset=erdos_renyi perturbation=edge_deletion alpha=0.2 seed=2 workflow=diversity_curves_shortest_path status=success
2026-06-17 12:30:06,674 INFO row_complete 1641/3960 dataset=erdos_renyi perturbation=edge_deletion alpha=0.3 seed=2 workflow=structural_statistics_mmd status=success
2026-06-17 12:30:06,675 INFO row_complete 1642/3960 dataset=erdos_renyi perturbation=edge_deletion alpha=0.3 seed=2 workflow=wl_subtree_kernel_mmd status=success
2026-06-17 12:30:06,676 INFO row_complete 1643/3960 dataset=erdos_renyi perturbation=edge_deletion alpha=0.3 seed=2 workflow=native_netlsd status=success
2026-06-17 12:30:06,677 INFO row_complete 1644/3960 dataset=erdos_renyi perturbation=edge_deletion alpha=0.3 seed=2 workflow=diversity_curves_shortest_path status=success
2026-06-17 12:34:38,034 INFO row_complete 1645/3960 dataset=erdos_renyi perturbation=edge_deletion alpha=0.4 seed=2 workflow=structural_statistics_mmd status=success
2026-06-17 12:34:38,035 INFO row_complete 1646/3960 dataset=erdos_renyi perturbation=edge_deletion alpha=0.4 seed=2 workflow=wl_subtree_kernel_mmd status=success
2026-06-17 12:34:38,037 INFO row_complete 1647/3960 dataset=erdos_renyi perturbation=edge_deletion alpha=0.4 seed=2 workflow=native_netlsd status=success
2026-06-17 12:34:38,037 INFO row_complete 1648/3960 dataset=erdos_renyi perturbation=edge_deletion alpha=0.4 seed=2 workflow=diversity_curves_shortest_path status=success
2026-06-17 12:38:57,014 INFO row_complete 1649/3960 dataset=erdos_renyi perturbation=edge_deletion alpha=0.5 seed=2 workflow=structural_statistics_mmd status=success
2026-06-17 12:38:57,015 INFO row_complete 1650/3960 dataset=erdos_renyi perturbation=edge_deletion alpha=0.5 seed=2 workflow=wl_subtree_kernel_mmd status=success
2026-06-17 12:38:57,016 INFO row_complete 1651/3960 dataset=erdos_renyi perturbation=edge_deletion alpha=0.5 seed=2 workflow=native_netlsd status=success
2026-06-17 12:38:57,017 INFO row_complete 1652/3960 dataset=erdos_renyi perturbation=edge_deletion alpha=0.5 seed=2 workflow=diversity_curves_shortest_path status=success
2026-06-17 12:43:03,952 INFO row_complete 1653/3960 dataset=erdos_renyi perturbation=edge_deletion alpha=0.6 seed=2 workflow=structural_statistics_mmd status=success
2026-06-17 12:43:03,953 INFO row_complete 1654/3960 dataset=erdos_renyi perturbation=edge_deletion alpha=0.6 seed=2 workflow=wl_subtree_kernel_mmd status=success
2026-06-17 12:43:03,954 INFO row_complete 1655/3960 dataset=erdos_renyi perturbation=edge_deletion alpha=0.6 seed=2 workflow=native_netlsd status=success
2026-06-17 12:43:03,954 INFO row_complete 1656/3960 dataset=erdos_renyi perturbation=edge_deletion alpha=0.6 seed=2 workflow=diversity_curves_shortest_path status=success
2026-06-17 12:46:57,651 INFO row_complete 1657/3960 dataset=erdos_renyi perturbation=edge_deletion alpha=0.7 seed=2 workflow=structural_statistics_mmd status=success
2026-06-17 12:46:57,652 INFO row_complete 1658/3960 dataset=erdos_renyi perturbation=edge_deletion alpha=0.7 seed=2 workflow=wl_subtree_kernel_mmd status=success
2026-06-17 12:46:57,653 INFO row_complete 1659/3960 dataset=erdos_renyi perturbation=edge_deletion alpha=0.7 seed=2 workflow=native_netlsd status=success
2026-06-17 12:46:57,654 INFO row_complete 1660/3960 dataset=erdos_renyi perturbation=edge_deletion alpha=0.7 seed=2 workflow=diversity_curves_shortest_path status=success
2026-06-17 12:50:19,867 INFO row_complete 1661/3960 dataset=erdos_renyi perturbation=edge_deletion alpha=0.8 seed=2 workflow=structural_statistics_mmd status=success
2026-06-17 12:50:19,868 INFO row_complete 1662/3960 dataset=erdos_renyi perturbation=edge_deletion alpha=0.8 seed=2 workflow=wl_subtree_kernel_mmd status=success
2026-06-17 12:50:19,869 INFO row_complete 1663/3960 dataset=erdos_renyi perturbation=edge_deletion alpha=0.8 seed=2 workflow=native_netlsd status=success
2026-06-17 12:50:19,870 INFO row_complete 1664/3960 dataset=erdos_renyi perturbation=edge_deletion alpha=0.8 seed=2 workflow=diversity_curves_shortest_path status=success
2026-06-17 12:53:14,830 INFO row_complete 1665/3960 dataset=erdos_renyi perturbation=edge_deletion alpha=0.9 seed=2 workflow=structural_statistics_mmd status=success
2026-06-17 12:53:14,831 INFO row_complete 1666/3960 dataset=erdos_renyi perturbation=edge_deletion alpha=0.9 seed=2 workflow=wl_subtree_kernel_mmd status=success
2026-06-17 12:53:14,832 INFO row_complete 1667/3960 dataset=erdos_renyi perturbation=edge_deletion alpha=0.9 seed=2 workflow=native_netlsd status=success
2026-06-17 12:53:14,833 INFO row_complete 1668/3960 dataset=erdos_renyi perturbation=edge_deletion alpha=0.9 seed=2 workflow=diversity_curves_shortest_path status=success
2026-06-17 12:56:02,452 INFO row_complete 1669/3960 dataset=erdos_renyi perturbation=edge_deletion alpha=1.0 seed=2 workflow=structural_statistics_mmd status=success
2026-06-17 12:56:02,453 INFO row_complete 1670/3960 dataset=erdos_renyi perturbation=edge_deletion alpha=1.0 seed=2 workflow=wl_subtree_kernel_mmd status=success
2026-06-17 12:56:02,454 INFO row_complete 1671/3960 dataset=erdos_renyi perturbation=edge_deletion alpha=1.0 seed=2 workflow=native_netlsd status=success
2026-06-17 12:56:02,455 INFO row_complete 1672/3960 dataset=erdos_renyi perturbation=edge_deletion alpha=1.0 seed=2 workflow=diversity_curves_shortest_path status=success
2026-06-17 13:01:27,547 INFO row_complete 1673/3960 dataset=erdos_renyi perturbation=triangle_insertion alpha=0.0 seed=2 workflow=structural_statistics_mmd status=success
2026-06-17 13:01:27,548 INFO row_complete 1674/3960 dataset=erdos_renyi perturbation=triangle_insertion alpha=0.0 seed=2 workflow=wl_subtree_kernel_mmd status=success
2026-06-17 13:01:27,549 INFO row_complete 1675/3960 dataset=erdos_renyi perturbation=triangle_insertion alpha=0.0 seed=2 workflow=native_netlsd status=success
2026-06-17 13:01:27,550 INFO row_complete 1676/3960 dataset=erdos_renyi perturbation=triangle_insertion alpha=0.0 seed=2 workflow=diversity_curves_shortest_path status=success
2026-06-17 13:07:06,631 INFO row_complete 1677/3960 dataset=erdos_renyi perturbation=triangle_insertion alpha=0.1 seed=2 workflow=structural_statistics_mmd status=success
2026-06-17 13:07:06,632 INFO row_complete 1678/3960 dataset=erdos_renyi perturbation=triangle_insertion alpha=0.1 seed=2 workflow=wl_subtree_kernel_mmd status=success
2026-06-17 13:07:06,633 INFO row_complete 1679/3960 dataset=erdos_renyi perturbation=triangle_insertion alpha=0.1 seed=2 workflow=native_netlsd status=success
2026-06-17 13:07:06,634 INFO row_complete 1680/3960 dataset=erdos_renyi perturbation=triangle_insertion alpha=0.1 seed=2 workflow=diversity_curves_shortest_path status=success
2026-06-17 13:13:00,553 INFO row_complete 1681/3960 dataset=erdos_renyi perturbation=triangle_insertion alpha=0.2 seed=2 workflow=structural_statistics_mmd status=success
2026-06-17 13:13:00,555 INFO row_complete 1682/3960 dataset=erdos_renyi perturbation=triangle_insertion alpha=0.2 seed=2 workflow=wl_subtree_kernel_mmd status=success
2026-06-17 13:13:00,556 INFO row_complete 1683/3960 dataset=erdos_renyi perturbation=triangle_insertion alpha=0.2 seed=2 workflow=native_netlsd status=success
2026-06-17 13:13:00,557 INFO row_complete 1684/3960 dataset=erdos_renyi perturbation=triangle_insertion alpha=0.2 seed=2 workflow=diversity_curves_shortest_path status=success
2026-06-17 13:19:09,096 INFO row_complete 1685/3960 dataset=erdos_renyi perturbation=triangle_insertion alpha=0.3 seed=2 workflow=structural_statistics_mmd status=success
2026-06-17 13:19:09,097 INFO row_complete 1686/3960 dataset=erdos_renyi perturbation=triangle_insertion alpha=0.3 seed=2 workflow=wl_subtree_kernel_mmd status=success
2026-06-17 13:19:09,098 INFO row_complete 1687/3960 dataset=erdos_renyi perturbation=triangle_insertion alpha=0.3 seed=2 workflow=native_netlsd status=success
2026-06-17 13:19:09,098 INFO row_complete 1688/3960 dataset=erdos_renyi perturbation=triangle_insertion alpha=0.3 seed=2 workflow=diversity_curves_shortest_path status=success
2026-06-17 13:25:35,092 INFO row_complete 1689/3960 dataset=erdos_renyi perturbation=triangle_insertion alpha=0.4 seed=2 workflow=structural_statistics_mmd status=success
2026-06-17 13:25:35,093 INFO row_complete 1690/3960 dataset=erdos_renyi perturbation=triangle_insertion alpha=0.4 seed=2 workflow=wl_subtree_kernel_mmd status=success
2026-06-17 13:25:35,094 INFO row_complete 1691/3960 dataset=erdos_renyi perturbation=triangle_insertion alpha=0.4 seed=2 workflow=native_netlsd status=success
2026-06-17 13:25:35,094 INFO row_complete 1692/3960 dataset=erdos_renyi perturbation=triangle_insertion alpha=0.4 seed=2 workflow=diversity_curves_shortest_path status=success
2026-06-17 13:32:18,740 INFO row_complete 1693/3960 dataset=erdos_renyi perturbation=triangle_insertion alpha=0.5 seed=2 workflow=structural_statistics_mmd status=success
2026-06-17 13:32:18,741 INFO row_complete 1694/3960 dataset=erdos_renyi perturbation=triangle_insertion alpha=0.5 seed=2 workflow=wl_subtree_kernel_mmd status=success
2026-06-17 13:32:18,742 INFO row_complete 1695/3960 dataset=erdos_renyi perturbation=triangle_insertion alpha=0.5 seed=2 workflow=native_netlsd status=success
2026-06-17 13:32:18,743 INFO row_complete 1696/3960 dataset=erdos_renyi perturbation=triangle_insertion alpha=0.5 seed=2 workflow=diversity_curves_shortest_path status=success
2026-06-17 13:39:20,098 INFO row_complete 1697/3960 dataset=erdos_renyi perturbation=triangle_insertion alpha=0.6 seed=2 workflow=structural_statistics_mmd status=success
2026-06-17 13:39:20,099 INFO row_complete 1698/3960 dataset=erdos_renyi perturbation=triangle_insertion alpha=0.6 seed=2 workflow=wl_subtree_kernel_mmd status=success
2026-06-17 13:39:20,099 INFO row_complete 1699/3960 dataset=erdos_renyi perturbation=triangle_insertion alpha=0.6 seed=2 workflow=native_netlsd status=success
2026-06-17 13:39:20,100 INFO row_complete 1700/3960 dataset=erdos_renyi perturbation=triangle_insertion alpha=0.6 seed=2 workflow=diversity_curves_shortest_path status=success
2026-06-17 13:46:42,580 INFO row_complete 1701/3960 dataset=erdos_renyi perturbation=triangle_insertion alpha=0.7 seed=2 workflow=structural_statistics_mmd status=success
2026-06-17 13:46:42,580 INFO row_complete 1702/3960 dataset=erdos_renyi perturbation=triangle_insertion alpha=0.7 seed=2 workflow=wl_subtree_kernel_mmd status=success
2026-06-17 13:46:42,581 INFO row_complete 1703/3960 dataset=erdos_renyi perturbation=triangle_insertion alpha=0.7 seed=2 workflow=native_netlsd status=success
2026-06-17 13:46:42,582 INFO row_complete 1704/3960 dataset=erdos_renyi perturbation=triangle_insertion alpha=0.7 seed=2 workflow=diversity_curves_shortest_path status=success
2026-06-17 13:54:26,541 INFO row_complete 1705/3960 dataset=erdos_renyi perturbation=triangle_insertion alpha=0.8 seed=2 workflow=structural_statistics_mmd status=success
2026-06-17 13:54:26,542 INFO row_complete 1706/3960 dataset=erdos_renyi perturbation=triangle_insertion alpha=0.8 seed=2 workflow=wl_subtree_kernel_mmd status=success
2026-06-17 13:54:26,543 INFO row_complete 1707/3960 dataset=erdos_renyi perturbation=triangle_insertion alpha=0.8 seed=2 workflow=native_netlsd status=success
2026-06-17 13:54:26,544 INFO row_complete 1708/3960 dataset=erdos_renyi perturbation=triangle_insertion alpha=0.8 seed=2 workflow=diversity_curves_shortest_path status=success
2026-06-17 14:02:32,130 INFO row_complete 1709/3960 dataset=erdos_renyi perturbation=triangle_insertion alpha=0.9 seed=2 workflow=structural_statistics_mmd status=success
2026-06-17 14:02:32,131 INFO row_complete 1710/3960 dataset=erdos_renyi perturbation=triangle_insertion alpha=0.9 seed=2 workflow=wl_subtree_kernel_mmd status=success
2026-06-17 14:02:32,132 INFO row_complete 1711/3960 dataset=erdos_renyi perturbation=triangle_insertion alpha=0.9 seed=2 workflow=native_netlsd status=success
2026-06-17 14:02:32,132 INFO row_complete 1712/3960 dataset=erdos_renyi perturbation=triangle_insertion alpha=0.9 seed=2 workflow=diversity_curves_shortest_path status=success
2026-06-17 14:10:57,017 INFO row_complete 1713/3960 dataset=erdos_renyi perturbation=triangle_insertion alpha=1.0 seed=2 workflow=structural_statistics_mmd status=success
2026-06-17 14:10:57,018 INFO row_complete 1714/3960 dataset=erdos_renyi perturbation=triangle_insertion alpha=1.0 seed=2 workflow=wl_subtree_kernel_mmd status=success
2026-06-17 14:10:57,019 INFO row_complete 1715/3960 dataset=erdos_renyi perturbation=triangle_insertion alpha=1.0 seed=2 workflow=native_netlsd status=success
2026-06-17 14:10:57,020 INFO row_complete 1716/3960 dataset=erdos_renyi perturbation=triangle_insertion alpha=1.0 seed=2 workflow=diversity_curves_shortest_path status=success
2026-06-17 14:16:21,008 INFO row_complete 1717/3960 dataset=erdos_renyi perturbation=triangle_deletion alpha=0.0 seed=2 workflow=structural_statistics_mmd status=success
2026-06-17 14:16:21,009 INFO row_complete 1718/3960 dataset=erdos_renyi perturbation=triangle_deletion alpha=0.0 seed=2 workflow=wl_subtree_kernel_mmd status=success
2026-06-17 14:16:21,010 INFO row_complete 1719/3960 dataset=erdos_renyi perturbation=triangle_deletion alpha=0.0 seed=2 workflow=native_netlsd status=success
2026-06-17 14:16:21,011 INFO row_complete 1720/3960 dataset=erdos_renyi perturbation=triangle_deletion alpha=0.0 seed=2 workflow=diversity_curves_shortest_path status=success
2026-06-17 14:21:29,180 INFO row_complete 1721/3960 dataset=erdos_renyi perturbation=triangle_deletion alpha=0.1 seed=2 workflow=structural_statistics_mmd status=success
2026-06-17 14:21:29,181 INFO row_complete 1722/3960 dataset=erdos_renyi perturbation=triangle_deletion alpha=0.1 seed=2 workflow=wl_subtree_kernel_mmd status=success
2026-06-17 14:21:29,182 INFO row_complete 1723/3960 dataset=erdos_renyi perturbation=triangle_deletion alpha=0.1 seed=2 workflow=native_netlsd status=success
2026-06-17 14:21:29,183 INFO row_complete 1724/3960 dataset=erdos_renyi perturbation=triangle_deletion alpha=0.1 seed=2 workflow=diversity_curves_shortest_path status=success
2026-06-17 14:26:24,012 INFO row_complete 1725/3960 dataset=erdos_renyi perturbation=triangle_deletion alpha=0.2 seed=2 workflow=structural_statistics_mmd status=success
2026-06-17 14:26:24,013 INFO row_complete 1726/3960 dataset=erdos_renyi perturbation=triangle_deletion alpha=0.2 seed=2 workflow=wl_subtree_kernel_mmd status=success
2026-06-17 14:26:24,014 INFO row_complete 1727/3960 dataset=erdos_renyi perturbation=triangle_deletion alpha=0.2 seed=2 workflow=native_netlsd status=success
2026-06-17 14:26:24,015 INFO row_complete 1728/3960 dataset=erdos_renyi perturbation=triangle_deletion alpha=0.2 seed=2 workflow=diversity_curves_shortest_path status=success
2026-06-17 14:31:09,377 INFO row_complete 1729/3960 dataset=erdos_renyi perturbation=triangle_deletion alpha=0.3 seed=2 workflow=structural_statistics_mmd status=success
2026-06-17 14:31:09,378 INFO row_complete 1730/3960 dataset=erdos_renyi perturbation=triangle_deletion alpha=0.3 seed=2 workflow=wl_subtree_kernel_mmd status=success
2026-06-17 14:31:09,378 INFO row_complete 1731/3960 dataset=erdos_renyi perturbation=triangle_deletion alpha=0.3 seed=2 workflow=native_netlsd status=success
2026-06-17 14:31:09,379 INFO row_complete 1732/3960 dataset=erdos_renyi perturbation=triangle_deletion alpha=0.3 seed=2 workflow=diversity_curves_shortest_path status=success
2026-06-17 14:35:43,257 INFO row_complete 1733/3960 dataset=erdos_renyi perturbation=triangle_deletion alpha=0.4 seed=2 workflow=structural_statistics_mmd status=success
2026-06-17 14:35:43,258 INFO row_complete 1734/3960 dataset=erdos_renyi perturbation=triangle_deletion alpha=0.4 seed=2 workflow=wl_subtree_kernel_mmd status=success
2026-06-17 14:35:43,259 INFO row_complete 1735/3960 dataset=erdos_renyi perturbation=triangle_deletion alpha=0.4 seed=2 workflow=native_netlsd status=success
2026-06-17 14:35:43,259 INFO row_complete 1736/3960 dataset=erdos_renyi perturbation=triangle_deletion alpha=0.4 seed=2 workflow=diversity_curves_shortest_path status=success
2026-06-17 14:40:08,728 INFO row_complete 1737/3960 dataset=erdos_renyi perturbation=triangle_deletion alpha=0.5 seed=2 workflow=structural_statistics_mmd status=success
2026-06-17 14:40:08,729 INFO row_complete 1738/3960 dataset=erdos_renyi perturbation=triangle_deletion alpha=0.5 seed=2 workflow=wl_subtree_kernel_mmd status=success
2026-06-17 14:40:08,730 INFO row_complete 1739/3960 dataset=erdos_renyi perturbation=triangle_deletion alpha=0.5 seed=2 workflow=native_netlsd status=success
2026-06-17 14:40:08,731 INFO row_complete 1740/3960 dataset=erdos_renyi perturbation=triangle_deletion alpha=0.5 seed=2 workflow=diversity_curves_shortest_path status=success
2026-06-17 14:44:37,200 INFO row_complete 1741/3960 dataset=erdos_renyi perturbation=triangle_deletion alpha=0.6 seed=2 workflow=structural_statistics_mmd status=success
2026-06-17 14:44:37,201 INFO row_complete 1742/3960 dataset=erdos_renyi perturbation=triangle_deletion alpha=0.6 seed=2 workflow=wl_subtree_kernel_mmd status=success
2026-06-17 14:44:37,202 INFO row_complete 1743/3960 dataset=erdos_renyi perturbation=triangle_deletion alpha=0.6 seed=2 workflow=native_netlsd status=success
2026-06-17 14:44:37,202 INFO row_complete 1744/3960 dataset=erdos_renyi perturbation=triangle_deletion alpha=0.6 seed=2 workflow=diversity_curves_shortest_path status=success
2026-06-17 14:48:53,314 INFO row_complete 1745/3960 dataset=erdos_renyi perturbation=triangle_deletion alpha=0.7 seed=2 workflow=structural_statistics_mmd status=success
2026-06-17 14:48:53,316 INFO row_complete 1746/3960 dataset=erdos_renyi perturbation=triangle_deletion alpha=0.7 seed=2 workflow=wl_subtree_kernel_mmd status=success
2026-06-17 14:48:53,317 INFO row_complete 1747/3960 dataset=erdos_renyi perturbation=triangle_deletion alpha=0.7 seed=2 workflow=native_netlsd status=success
2026-06-17 14:48:53,318 INFO row_complete 1748/3960 dataset=erdos_renyi perturbation=triangle_deletion alpha=0.7 seed=2 workflow=diversity_curves_shortest_path status=success
2026-06-17 14:53:08,312 INFO row_complete 1749/3960 dataset=erdos_renyi perturbation=triangle_deletion alpha=0.8 seed=2 workflow=structural_statistics_mmd status=success
2026-06-17 14:53:08,313 INFO row_complete 1750/3960 dataset=erdos_renyi perturbation=triangle_deletion alpha=0.8 seed=2 workflow=wl_subtree_kernel_mmd status=success
2026-06-17 14:53:08,314 INFO row_complete 1751/3960 dataset=erdos_renyi perturbation=triangle_deletion alpha=0.8 seed=2 workflow=native_netlsd status=success
2026-06-17 14:53:08,315 INFO row_complete 1752/3960 dataset=erdos_renyi perturbation=triangle_deletion alpha=0.8 seed=2 workflow=diversity_curves_shortest_path status=success
2026-06-17 14:57:24,286 INFO row_complete 1753/3960 dataset=erdos_renyi perturbation=triangle_deletion alpha=0.9 seed=2 workflow=structural_statistics_mmd status=success
2026-06-17 14:57:24,287 INFO row_complete 1754/3960 dataset=erdos_renyi perturbation=triangle_deletion alpha=0.9 seed=2 workflow=wl_subtree_kernel_mmd status=success
2026-06-17 14:57:24,288 INFO row_complete 1755/3960 dataset=erdos_renyi perturbation=triangle_deletion alpha=0.9 seed=2 workflow=native_netlsd status=success
2026-06-17 14:57:24,289 INFO row_complete 1756/3960 dataset=erdos_renyi perturbation=triangle_deletion alpha=0.9 seed=2 workflow=diversity_curves_shortest_path status=success
2026-06-17 15:01:42,378 INFO row_complete 1757/3960 dataset=erdos_renyi perturbation=triangle_deletion alpha=1.0 seed=2 workflow=structural_statistics_mmd status=success
2026-06-17 15:01:42,379 INFO row_complete 1758/3960 dataset=erdos_renyi perturbation=triangle_deletion alpha=1.0 seed=2 workflow=wl_subtree_kernel_mmd status=success
2026-06-17 15:01:42,380 INFO row_complete 1759/3960 dataset=erdos_renyi perturbation=triangle_deletion alpha=1.0 seed=2 workflow=native_netlsd status=success
2026-06-17 15:01:42,380 INFO row_complete 1760/3960 dataset=erdos_renyi perturbation=triangle_deletion alpha=1.0 seed=2 workflow=diversity_curves_shortest_path status=success
2026-06-17 15:01:42,404 INFO row_complete 1761/3960 dataset=erdos_renyi perturbation=community_weakening alpha=0.0 seed=2 workflow=structural_statistics_mmd status=skipped
2026-06-17 15:01:42,404 INFO row_complete 1762/3960 dataset=erdos_renyi perturbation=community_weakening alpha=0.0 seed=2 workflow=wl_subtree_kernel_mmd status=skipped
2026-06-17 15:01:42,405 INFO row_complete 1763/3960 dataset=erdos_renyi perturbation=community_weakening alpha=0.0 seed=2 workflow=native_netlsd status=skipped
2026-06-17 15:01:42,406 INFO row_complete 1764/3960 dataset=erdos_renyi perturbation=community_weakening alpha=0.0 seed=2 workflow=diversity_curves_shortest_path status=skipped
2026-06-17 15:01:42,428 INFO row_complete 1765/3960 dataset=erdos_renyi perturbation=community_weakening alpha=0.1 seed=2 workflow=structural_statistics_mmd status=skipped
2026-06-17 15:01:42,429 INFO row_complete 1766/3960 dataset=erdos_renyi perturbation=community_weakening alpha=0.1 seed=2 workflow=wl_subtree_kernel_mmd status=skipped
2026-06-17 15:01:42,430 INFO row_complete 1767/3960 dataset=erdos_renyi perturbation=community_weakening alpha=0.1 seed=2 workflow=native_netlsd status=skipped
2026-06-17 15:01:42,431 INFO row_complete 1768/3960 dataset=erdos_renyi perturbation=community_weakening alpha=0.1 seed=2 workflow=diversity_curves_shortest_path status=skipped
2026-06-17 15:01:42,452 INFO row_complete 1769/3960 dataset=erdos_renyi perturbation=community_weakening alpha=0.2 seed=2 workflow=structural_statistics_mmd status=skipped
2026-06-17 15:01:42,452 INFO row_complete 1770/3960 dataset=erdos_renyi perturbation=community_weakening alpha=0.2 seed=2 workflow=wl_subtree_kernel_mmd status=skipped
2026-06-17 15:01:42,453 INFO row_complete 1771/3960 dataset=erdos_renyi perturbation=community_weakening alpha=0.2 seed=2 workflow=native_netlsd status=skipped
2026-06-17 15:01:42,454 INFO row_complete 1772/3960 dataset=erdos_renyi perturbation=community_weakening alpha=0.2 seed=2 workflow=diversity_curves_shortest_path status=skipped
2026-06-17 15:01:42,475 INFO row_complete 1773/3960 dataset=erdos_renyi perturbation=community_weakening alpha=0.3 seed=2 workflow=structural_statistics_mmd status=skipped
2026-06-17 15:01:42,476 INFO row_complete 1774/3960 dataset=erdos_renyi perturbation=community_weakening alpha=0.3 seed=2 workflow=wl_subtree_kernel_mmd status=skipped
2026-06-17 15:01:42,477 INFO row_complete 1775/3960 dataset=erdos_renyi perturbation=community_weakening alpha=0.3 seed=2 workflow=native_netlsd status=skipped
2026-06-17 15:01:42,478 INFO row_complete 1776/3960 dataset=erdos_renyi perturbation=community_weakening alpha=0.3 seed=2 workflow=diversity_curves_shortest_path status=skipped
2026-06-17 15:01:42,507 INFO row_complete 1777/3960 dataset=erdos_renyi perturbation=community_weakening alpha=0.4 seed=2 workflow=structural_statistics_mmd status=skipped
2026-06-17 15:01:42,508 INFO row_complete 1778/3960 dataset=erdos_renyi perturbation=community_weakening alpha=0.4 seed=2 workflow=wl_subtree_kernel_mmd status=skipped
2026-06-17 15:01:42,509 INFO row_complete 1779/3960 dataset=erdos_renyi perturbation=community_weakening alpha=0.4 seed=2 workflow=native_netlsd status=skipped
2026-06-17 15:01:42,509 INFO row_complete 1780/3960 dataset=erdos_renyi perturbation=community_weakening alpha=0.4 seed=2 workflow=diversity_curves_shortest_path status=skipped
2026-06-17 15:01:42,529 INFO row_complete 1781/3960 dataset=erdos_renyi perturbation=community_weakening alpha=0.5 seed=2 workflow=structural_statistics_mmd status=skipped
2026-06-17 15:01:42,530 INFO row_complete 1782/3960 dataset=erdos_renyi perturbation=community_weakening alpha=0.5 seed=2 workflow=wl_subtree_kernel_mmd status=skipped
2026-06-17 15:01:42,531 INFO row_complete 1783/3960 dataset=erdos_renyi perturbation=community_weakening alpha=0.5 seed=2 workflow=native_netlsd status=skipped
2026-06-17 15:01:42,531 INFO row_complete 1784/3960 dataset=erdos_renyi perturbation=community_weakening alpha=0.5 seed=2 workflow=diversity_curves_shortest_path status=skipped
2026-06-17 15:01:42,553 INFO row_complete 1785/3960 dataset=erdos_renyi perturbation=community_weakening alpha=0.6 seed=2 workflow=structural_statistics_mmd status=skipped
2026-06-17 15:01:42,554 INFO row_complete 1786/3960 dataset=erdos_renyi perturbation=community_weakening alpha=0.6 seed=2 workflow=wl_subtree_kernel_mmd status=skipped
2026-06-17 15:01:42,555 INFO row_complete 1787/3960 dataset=erdos_renyi perturbation=community_weakening alpha=0.6 seed=2 workflow=native_netlsd status=skipped
2026-06-17 15:01:42,556 INFO row_complete 1788/3960 dataset=erdos_renyi perturbation=community_weakening alpha=0.6 seed=2 workflow=diversity_curves_shortest_path status=skipped
2026-06-17 15:01:42,576 INFO row_complete 1789/3960 dataset=erdos_renyi perturbation=community_weakening alpha=0.7 seed=2 workflow=structural_statistics_mmd status=skipped
2026-06-17 15:01:42,577 INFO row_complete 1790/3960 dataset=erdos_renyi perturbation=community_weakening alpha=0.7 seed=2 workflow=wl_subtree_kernel_mmd status=skipped
2026-06-17 15:01:42,578 INFO row_complete 1791/3960 dataset=erdos_renyi perturbation=community_weakening alpha=0.7 seed=2 workflow=native_netlsd status=skipped
2026-06-17 15:01:42,579 INFO row_complete 1792/3960 dataset=erdos_renyi perturbation=community_weakening alpha=0.7 seed=2 workflow=diversity_curves_shortest_path status=skipped
2026-06-17 15:01:42,602 INFO row_complete 1793/3960 dataset=erdos_renyi perturbation=community_weakening alpha=0.8 seed=2 workflow=structural_statistics_mmd status=skipped
2026-06-17 15:01:42,603 INFO row_complete 1794/3960 dataset=erdos_renyi perturbation=community_weakening alpha=0.8 seed=2 workflow=wl_subtree_kernel_mmd status=skipped
2026-06-17 15:01:42,604 INFO row_complete 1795/3960 dataset=erdos_renyi perturbation=community_weakening alpha=0.8 seed=2 workflow=native_netlsd status=skipped
2026-06-17 15:01:42,605 INFO row_complete 1796/3960 dataset=erdos_renyi perturbation=community_weakening alpha=0.8 seed=2 workflow=diversity_curves_shortest_path status=skipped
2026-06-17 15:01:42,625 INFO row_complete 1797/3960 dataset=erdos_renyi perturbation=community_weakening alpha=0.9 seed=2 workflow=structural_statistics_mmd status=skipped
2026-06-17 15:01:42,626 INFO row_complete 1798/3960 dataset=erdos_renyi perturbation=community_weakening alpha=0.9 seed=2 workflow=wl_subtree_kernel_mmd status=skipped
2026-06-17 15:01:42,627 INFO row_complete 1799/3960 dataset=erdos_renyi perturbation=community_weakening alpha=0.9 seed=2 workflow=native_netlsd status=skipped
2026-06-17 15:01:42,628 INFO row_complete 1800/3960 dataset=erdos_renyi perturbation=community_weakening alpha=0.9 seed=2 workflow=diversity_curves_shortest_path status=skipped
2026-06-17 15:01:42,653 INFO row_complete 1801/3960 dataset=erdos_renyi perturbation=community_weakening alpha=1.0 seed=2 workflow=structural_statistics_mmd status=skipped
2026-06-17 15:01:42,654 INFO row_complete 1802/3960 dataset=erdos_renyi perturbation=community_weakening alpha=1.0 seed=2 workflow=wl_subtree_kernel_mmd status=skipped
2026-06-17 15:01:42,656 INFO row_complete 1803/3960 dataset=erdos_renyi perturbation=community_weakening alpha=1.0 seed=2 workflow=native_netlsd status=skipped
2026-06-17 15:01:42,656 INFO row_complete 1804/3960 dataset=erdos_renyi perturbation=community_weakening alpha=1.0 seed=2 workflow=diversity_curves_shortest_path status=skipped
2026-06-17 15:07:06,854 INFO row_complete 1805/3960 dataset=erdos_renyi perturbation=hub_modification alpha=0.0 seed=2 workflow=structural_statistics_mmd status=success
2026-06-17 15:07:06,855 INFO row_complete 1806/3960 dataset=erdos_renyi perturbation=hub_modification alpha=0.0 seed=2 workflow=wl_subtree_kernel_mmd status=success
2026-06-17 15:07:06,856 INFO row_complete 1807/3960 dataset=erdos_renyi perturbation=hub_modification alpha=0.0 seed=2 workflow=native_netlsd status=success
2026-06-17 15:07:06,856 INFO row_complete 1808/3960 dataset=erdos_renyi perturbation=hub_modification alpha=0.0 seed=2 workflow=diversity_curves_shortest_path status=success
2026-06-17 15:12:32,360 INFO row_complete 1809/3960 dataset=erdos_renyi perturbation=hub_modification alpha=0.1 seed=2 workflow=structural_statistics_mmd status=success
2026-06-17 15:12:32,361 INFO row_complete 1810/3960 dataset=erdos_renyi perturbation=hub_modification alpha=0.1 seed=2 workflow=wl_subtree_kernel_mmd status=success
2026-06-17 15:12:32,362 INFO row_complete 1811/3960 dataset=erdos_renyi perturbation=hub_modification alpha=0.1 seed=2 workflow=native_netlsd status=success
2026-06-17 15:12:32,362 INFO row_complete 1812/3960 dataset=erdos_renyi perturbation=hub_modification alpha=0.1 seed=2 workflow=diversity_curves_shortest_path status=success
2026-06-17 15:17:57,752 INFO row_complete 1813/3960 dataset=erdos_renyi perturbation=hub_modification alpha=0.2 seed=2 workflow=structural_statistics_mmd status=success
2026-06-17 15:17:57,753 INFO row_complete 1814/3960 dataset=erdos_renyi perturbation=hub_modification alpha=0.2 seed=2 workflow=wl_subtree_kernel_mmd status=success
2026-06-17 15:17:57,754 INFO row_complete 1815/3960 dataset=erdos_renyi perturbation=hub_modification alpha=0.2 seed=2 workflow=native_netlsd status=success
2026-06-17 15:17:57,754 INFO row_complete 1816/3960 dataset=erdos_renyi perturbation=hub_modification alpha=0.2 seed=2 workflow=diversity_curves_shortest_path status=success
2026-06-17 15:23:22,831 INFO row_complete 1817/3960 dataset=erdos_renyi perturbation=hub_modification alpha=0.3 seed=2 workflow=structural_statistics_mmd status=success
2026-06-17 15:23:22,832 INFO row_complete 1818/3960 dataset=erdos_renyi perturbation=hub_modification alpha=0.3 seed=2 workflow=wl_subtree_kernel_mmd status=success
2026-06-17 15:23:22,833 INFO row_complete 1819/3960 dataset=erdos_renyi perturbation=hub_modification alpha=0.3 seed=2 workflow=native_netlsd status=success
2026-06-17 15:23:22,834 INFO row_complete 1820/3960 dataset=erdos_renyi perturbation=hub_modification alpha=0.3 seed=2 workflow=diversity_curves_shortest_path status=success
2026-06-17 15:28:47,531 INFO row_complete 1821/3960 dataset=erdos_renyi perturbation=hub_modification alpha=0.4 seed=2 workflow=structural_statistics_mmd status=success
2026-06-17 15:28:47,532 INFO row_complete 1822/3960 dataset=erdos_renyi perturbation=hub_modification alpha=0.4 seed=2 workflow=wl_subtree_kernel_mmd status=success
2026-06-17 15:28:47,533 INFO row_complete 1823/3960 dataset=erdos_renyi perturbation=hub_modification alpha=0.4 seed=2 workflow=native_netlsd status=success
2026-06-17 15:28:47,534 INFO row_complete 1824/3960 dataset=erdos_renyi perturbation=hub_modification alpha=0.4 seed=2 workflow=diversity_curves_shortest_path status=success
2026-06-17 15:34:10,694 INFO row_complete 1825/3960 dataset=erdos_renyi perturbation=hub_modification alpha=0.5 seed=2 workflow=structural_statistics_mmd status=success
2026-06-17 15:34:10,695 INFO row_complete 1826/3960 dataset=erdos_renyi perturbation=hub_modification alpha=0.5 seed=2 workflow=wl_subtree_kernel_mmd status=success
2026-06-17 15:34:10,696 INFO row_complete 1827/3960 dataset=erdos_renyi perturbation=hub_modification alpha=0.5 seed=2 workflow=native_netlsd status=success
2026-06-17 15:34:10,696 INFO row_complete 1828/3960 dataset=erdos_renyi perturbation=hub_modification alpha=0.5 seed=2 workflow=diversity_curves_shortest_path status=success
2026-06-17 15:39:34,237 INFO row_complete 1829/3960 dataset=erdos_renyi perturbation=hub_modification alpha=0.6 seed=2 workflow=structural_statistics_mmd status=success
2026-06-17 15:39:34,238 INFO row_complete 1830/3960 dataset=erdos_renyi perturbation=hub_modification alpha=0.6 seed=2 workflow=wl_subtree_kernel_mmd status=success
2026-06-17 15:39:34,238 INFO row_complete 1831/3960 dataset=erdos_renyi perturbation=hub_modification alpha=0.6 seed=2 workflow=native_netlsd status=success
2026-06-17 15:39:34,239 INFO row_complete 1832/3960 dataset=erdos_renyi perturbation=hub_modification alpha=0.6 seed=2 workflow=diversity_curves_shortest_path status=success
2026-06-17 15:44:58,212 INFO row_complete 1833/3960 dataset=erdos_renyi perturbation=hub_modification alpha=0.7 seed=2 workflow=structural_statistics_mmd status=success
2026-06-17 15:44:58,213 INFO row_complete 1834/3960 dataset=erdos_renyi perturbation=hub_modification alpha=0.7 seed=2 workflow=wl_subtree_kernel_mmd status=success
2026-06-17 15:44:58,214 INFO row_complete 1835/3960 dataset=erdos_renyi perturbation=hub_modification alpha=0.7 seed=2 workflow=native_netlsd status=success
2026-06-17 15:44:58,214 INFO row_complete 1836/3960 dataset=erdos_renyi perturbation=hub_modification alpha=0.7 seed=2 workflow=diversity_curves_shortest_path status=success
2026-06-17 15:50:21,455 INFO row_complete 1837/3960 dataset=erdos_renyi perturbation=hub_modification alpha=0.8 seed=2 workflow=structural_statistics_mmd status=success
2026-06-17 15:50:21,456 INFO row_complete 1838/3960 dataset=erdos_renyi perturbation=hub_modification alpha=0.8 seed=2 workflow=wl_subtree_kernel_mmd status=success
2026-06-17 15:50:21,457 INFO row_complete 1839/3960 dataset=erdos_renyi perturbation=hub_modification alpha=0.8 seed=2 workflow=native_netlsd status=success
2026-06-17 15:50:21,457 INFO row_complete 1840/3960 dataset=erdos_renyi perturbation=hub_modification alpha=0.8 seed=2 workflow=diversity_curves_shortest_path status=success
2026-06-17 15:55:43,855 INFO row_complete 1841/3960 dataset=erdos_renyi perturbation=hub_modification alpha=0.9 seed=2 workflow=structural_statistics_mmd status=success
2026-06-17 15:55:43,856 INFO row_complete 1842/3960 dataset=erdos_renyi perturbation=hub_modification alpha=0.9 seed=2 workflow=wl_subtree_kernel_mmd status=success
2026-06-17 15:55:43,857 INFO row_complete 1843/3960 dataset=erdos_renyi perturbation=hub_modification alpha=0.9 seed=2 workflow=native_netlsd status=success
2026-06-17 15:55:43,858 INFO row_complete 1844/3960 dataset=erdos_renyi perturbation=hub_modification alpha=0.9 seed=2 workflow=diversity_curves_shortest_path status=success
2026-06-17 16:01:07,353 INFO row_complete 1845/3960 dataset=erdos_renyi perturbation=hub_modification alpha=1.0 seed=2 workflow=structural_statistics_mmd status=success
2026-06-17 16:01:07,354 INFO row_complete 1846/3960 dataset=erdos_renyi perturbation=hub_modification alpha=1.0 seed=2 workflow=wl_subtree_kernel_mmd status=success
2026-06-17 16:01:07,355 INFO row_complete 1847/3960 dataset=erdos_renyi perturbation=hub_modification alpha=1.0 seed=2 workflow=native_netlsd status=success
2026-06-17 16:01:07,356 INFO row_complete 1848/3960 dataset=erdos_renyi perturbation=hub_modification alpha=1.0 seed=2 workflow=diversity_curves_shortest_path status=success
2026-06-17 16:05:29,427 INFO row_complete 1849/3960 dataset=stochastic_block_model perturbation=edge_insertion alpha=0.0 seed=2 workflow=structural_statistics_mmd status=success
2026-06-17 16:05:29,429 INFO row_complete 1850/3960 dataset=stochastic_block_model perturbation=edge_insertion alpha=0.0 seed=2 workflow=wl_subtree_kernel_mmd status=success
2026-06-17 16:05:29,430 INFO row_complete 1851/3960 dataset=stochastic_block_model perturbation=edge_insertion alpha=0.0 seed=2 workflow=native_netlsd status=success
2026-06-17 16:05:29,430 INFO row_complete 1852/3960 dataset=stochastic_block_model perturbation=edge_insertion alpha=0.0 seed=2 workflow=diversity_curves_shortest_path status=success
2026-06-17 16:10:02,532 INFO row_complete 1853/3960 dataset=stochastic_block_model perturbation=edge_insertion alpha=0.1 seed=2 workflow=structural_statistics_mmd status=success
2026-06-17 16:10:02,533 INFO row_complete 1854/3960 dataset=stochastic_block_model perturbation=edge_insertion alpha=0.1 seed=2 workflow=wl_subtree_kernel_mmd status=success
2026-06-17 16:10:02,534 INFO row_complete 1855/3960 dataset=stochastic_block_model perturbation=edge_insertion alpha=0.1 seed=2 workflow=native_netlsd status=success
2026-06-17 16:10:02,535 INFO row_complete 1856/3960 dataset=stochastic_block_model perturbation=edge_insertion alpha=0.1 seed=2 workflow=diversity_curves_shortest_path status=success
2026-06-17 16:14:47,269 INFO row_complete 1857/3960 dataset=stochastic_block_model perturbation=edge_insertion alpha=0.2 seed=2 workflow=structural_statistics_mmd status=success
2026-06-17 16:14:47,270 INFO row_complete 1858/3960 dataset=stochastic_block_model perturbation=edge_insertion alpha=0.2 seed=2 workflow=wl_subtree_kernel_mmd status=success
2026-06-17 16:14:47,271 INFO row_complete 1859/3960 dataset=stochastic_block_model perturbation=edge_insertion alpha=0.2 seed=2 workflow=native_netlsd status=success
2026-06-17 16:14:47,272 INFO row_complete 1860/3960 dataset=stochastic_block_model perturbation=edge_insertion alpha=0.2 seed=2 workflow=diversity_curves_shortest_path status=success
2026-06-17 16:19:44,112 INFO row_complete 1861/3960 dataset=stochastic_block_model perturbation=edge_insertion alpha=0.3 seed=2 workflow=structural_statistics_mmd status=success
2026-06-17 16:19:44,114 INFO row_complete 1862/3960 dataset=stochastic_block_model perturbation=edge_insertion alpha=0.3 seed=2 workflow=wl_subtree_kernel_mmd status=success
2026-06-17 16:19:44,115 INFO row_complete 1863/3960 dataset=stochastic_block_model perturbation=edge_insertion alpha=0.3 seed=2 workflow=native_netlsd status=success
2026-06-17 16:19:44,116 INFO row_complete 1864/3960 dataset=stochastic_block_model perturbation=edge_insertion alpha=0.3 seed=2 workflow=diversity_curves_shortest_path status=success
2026-06-17 16:24:53,433 INFO row_complete 1865/3960 dataset=stochastic_block_model perturbation=edge_insertion alpha=0.4 seed=2 workflow=structural_statistics_mmd status=success
2026-06-17 16:24:53,435 INFO row_complete 1866/3960 dataset=stochastic_block_model perturbation=edge_insertion alpha=0.4 seed=2 workflow=wl_subtree_kernel_mmd status=success
2026-06-17 16:24:53,436 INFO row_complete 1867/3960 dataset=stochastic_block_model perturbation=edge_insertion alpha=0.4 seed=2 workflow=native_netlsd status=success
2026-06-17 16:24:53,437 INFO row_complete 1868/3960 dataset=stochastic_block_model perturbation=edge_insertion alpha=0.4 seed=2 workflow=diversity_curves_shortest_path status=success
2026-06-17 16:30:16,648 INFO row_complete 1869/3960 dataset=stochastic_block_model perturbation=edge_insertion alpha=0.5 seed=2 workflow=structural_statistics_mmd status=success
2026-06-17 16:30:16,649 INFO row_complete 1870/3960 dataset=stochastic_block_model perturbation=edge_insertion alpha=0.5 seed=2 workflow=wl_subtree_kernel_mmd status=success
2026-06-17 16:30:16,650 INFO row_complete 1871/3960 dataset=stochastic_block_model perturbation=edge_insertion alpha=0.5 seed=2 workflow=native_netlsd status=success
2026-06-17 16:30:16,651 INFO row_complete 1872/3960 dataset=stochastic_block_model perturbation=edge_insertion alpha=0.5 seed=2 workflow=diversity_curves_shortest_path status=success
2026-06-17 16:35:54,239 INFO row_complete 1873/3960 dataset=stochastic_block_model perturbation=edge_insertion alpha=0.6 seed=2 workflow=structural_statistics_mmd status=success
2026-06-17 16:35:54,240 INFO row_complete 1874/3960 dataset=stochastic_block_model perturbation=edge_insertion alpha=0.6 seed=2 workflow=wl_subtree_kernel_mmd status=success
2026-06-17 16:35:54,241 INFO row_complete 1875/3960 dataset=stochastic_block_model perturbation=edge_insertion alpha=0.6 seed=2 workflow=native_netlsd status=success
2026-06-17 16:35:54,242 INFO row_complete 1876/3960 dataset=stochastic_block_model perturbation=edge_insertion alpha=0.6 seed=2 workflow=diversity_curves_shortest_path status=success
2026-06-17 16:41:46,438 INFO row_complete 1877/3960 dataset=stochastic_block_model perturbation=edge_insertion alpha=0.7 seed=2 workflow=structural_statistics_mmd status=success
2026-06-17 16:41:46,439 INFO row_complete 1878/3960 dataset=stochastic_block_model perturbation=edge_insertion alpha=0.7 seed=2 workflow=wl_subtree_kernel_mmd status=success
2026-06-17 16:41:46,440 INFO row_complete 1879/3960 dataset=stochastic_block_model perturbation=edge_insertion alpha=0.7 seed=2 workflow=native_netlsd status=success
2026-06-17 16:41:46,441 INFO row_complete 1880/3960 dataset=stochastic_block_model perturbation=edge_insertion alpha=0.7 seed=2 workflow=diversity_curves_shortest_path status=success
2026-06-17 16:47:53,508 INFO row_complete 1881/3960 dataset=stochastic_block_model perturbation=edge_insertion alpha=0.8 seed=2 workflow=structural_statistics_mmd status=success
2026-06-17 16:47:53,509 INFO row_complete 1882/3960 dataset=stochastic_block_model perturbation=edge_insertion alpha=0.8 seed=2 workflow=wl_subtree_kernel_mmd status=success
2026-06-17 16:47:53,510 INFO row_complete 1883/3960 dataset=stochastic_block_model perturbation=edge_insertion alpha=0.8 seed=2 workflow=native_netlsd status=success
2026-06-17 16:47:53,511 INFO row_complete 1884/3960 dataset=stochastic_block_model perturbation=edge_insertion alpha=0.8 seed=2 workflow=diversity_curves_shortest_path status=success
2026-06-17 16:54:16,740 INFO row_complete 1885/3960 dataset=stochastic_block_model perturbation=edge_insertion alpha=0.9 seed=2 workflow=structural_statistics_mmd status=success
2026-06-17 16:54:16,741 INFO row_complete 1886/3960 dataset=stochastic_block_model perturbation=edge_insertion alpha=0.9 seed=2 workflow=wl_subtree_kernel_mmd status=success
2026-06-17 16:54:16,742 INFO row_complete 1887/3960 dataset=stochastic_block_model perturbation=edge_insertion alpha=0.9 seed=2 workflow=native_netlsd status=success
2026-06-17 16:54:16,742 INFO row_complete 1888/3960 dataset=stochastic_block_model perturbation=edge_insertion alpha=0.9 seed=2 workflow=diversity_curves_shortest_path status=success
2026-06-17 17:00:58,209 INFO row_complete 1889/3960 dataset=stochastic_block_model perturbation=edge_insertion alpha=1.0 seed=2 workflow=structural_statistics_mmd status=success
2026-06-17 17:00:58,210 INFO row_complete 1890/3960 dataset=stochastic_block_model perturbation=edge_insertion alpha=1.0 seed=2 workflow=wl_subtree_kernel_mmd status=success
2026-06-17 17:00:58,211 INFO row_complete 1891/3960 dataset=stochastic_block_model perturbation=edge_insertion alpha=1.0 seed=2 workflow=native_netlsd status=success
2026-06-17 17:00:58,212 INFO row_complete 1892/3960 dataset=stochastic_block_model perturbation=edge_insertion alpha=1.0 seed=2 workflow=diversity_curves_shortest_path status=success
2026-06-17 17:05:19,553 INFO row_complete 1893/3960 dataset=stochastic_block_model perturbation=edge_deletion alpha=0.0 seed=2 workflow=structural_statistics_mmd status=success
2026-06-17 17:05:19,554 INFO row_complete 1894/3960 dataset=stochastic_block_model perturbation=edge_deletion alpha=0.0 seed=2 workflow=wl_subtree_kernel_mmd status=success
2026-06-17 17:05:19,555 INFO row_complete 1895/3960 dataset=stochastic_block_model perturbation=edge_deletion alpha=0.0 seed=2 workflow=native_netlsd status=success
2026-06-17 17:05:19,556 INFO row_complete 1896/3960 dataset=stochastic_block_model perturbation=edge_deletion alpha=0.0 seed=2 workflow=diversity_curves_shortest_path status=success
2026-06-17 17:09:28,753 INFO row_complete 1897/3960 dataset=stochastic_block_model perturbation=edge_deletion alpha=0.1 seed=2 workflow=structural_statistics_mmd status=success
2026-06-17 17:09:28,754 INFO row_complete 1898/3960 dataset=stochastic_block_model perturbation=edge_deletion alpha=0.1 seed=2 workflow=wl_subtree_kernel_mmd status=success
2026-06-17 17:09:28,755 INFO row_complete 1899/3960 dataset=stochastic_block_model perturbation=edge_deletion alpha=0.1 seed=2 workflow=native_netlsd status=success
2026-06-17 17:09:28,755 INFO row_complete 1900/3960 dataset=stochastic_block_model perturbation=edge_deletion alpha=0.1 seed=2 workflow=diversity_curves_shortest_path status=success
2026-06-17 17:13:28,907 INFO row_complete 1901/3960 dataset=stochastic_block_model perturbation=edge_deletion alpha=0.2 seed=2 workflow=structural_statistics_mmd status=success
2026-06-17 17:13:28,908 INFO row_complete 1902/3960 dataset=stochastic_block_model perturbation=edge_deletion alpha=0.2 seed=2 workflow=wl_subtree_kernel_mmd status=success
2026-06-17 17:13:28,909 INFO row_complete 1903/3960 dataset=stochastic_block_model perturbation=edge_deletion alpha=0.2 seed=2 workflow=native_netlsd status=success
2026-06-17 17:13:28,910 INFO row_complete 1904/3960 dataset=stochastic_block_model perturbation=edge_deletion alpha=0.2 seed=2 workflow=diversity_curves_shortest_path status=success
2026-06-17 17:17:18,572 INFO row_complete 1905/3960 dataset=stochastic_block_model perturbation=edge_deletion alpha=0.3 seed=2 workflow=structural_statistics_mmd status=success
2026-06-17 17:17:18,573 INFO row_complete 1906/3960 dataset=stochastic_block_model perturbation=edge_deletion alpha=0.3 seed=2 workflow=wl_subtree_kernel_mmd status=success
2026-06-17 17:17:18,574 INFO row_complete 1907/3960 dataset=stochastic_block_model perturbation=edge_deletion alpha=0.3 seed=2 workflow=native_netlsd status=success
2026-06-17 17:17:18,575 INFO row_complete 1908/3960 dataset=stochastic_block_model perturbation=edge_deletion alpha=0.3 seed=2 workflow=diversity_curves_shortest_path status=success
2026-06-17 17:20:58,318 INFO row_complete 1909/3960 dataset=stochastic_block_model perturbation=edge_deletion alpha=0.4 seed=2 workflow=structural_statistics_mmd status=success
2026-06-17 17:20:58,320 INFO row_complete 1910/3960 dataset=stochastic_block_model perturbation=edge_deletion alpha=0.4 seed=2 workflow=wl_subtree_kernel_mmd status=success
2026-06-17 17:20:58,320 INFO row_complete 1911/3960 dataset=stochastic_block_model perturbation=edge_deletion alpha=0.4 seed=2 workflow=native_netlsd status=success
2026-06-17 17:20:58,321 INFO row_complete 1912/3960 dataset=stochastic_block_model perturbation=edge_deletion alpha=0.4 seed=2 workflow=diversity_curves_shortest_path status=success
2026-06-17 17:24:28,889 INFO row_complete 1913/3960 dataset=stochastic_block_model perturbation=edge_deletion alpha=0.5 seed=2 workflow=structural_statistics_mmd status=success
2026-06-17 17:24:28,890 INFO row_complete 1914/3960 dataset=stochastic_block_model perturbation=edge_deletion alpha=0.5 seed=2 workflow=wl_subtree_kernel_mmd status=success
2026-06-17 17:24:28,891 INFO row_complete 1915/3960 dataset=stochastic_block_model perturbation=edge_deletion alpha=0.5 seed=2 workflow=native_netlsd status=success
2026-06-17 17:24:28,892 INFO row_complete 1916/3960 dataset=stochastic_block_model perturbation=edge_deletion alpha=0.5 seed=2 workflow=diversity_curves_shortest_path status=success
2026-06-17 17:27:50,988 INFO row_complete 1917/3960 dataset=stochastic_block_model perturbation=edge_deletion alpha=0.6 seed=2 workflow=structural_statistics_mmd status=success
2026-06-17 17:27:50,989 INFO row_complete 1918/3960 dataset=stochastic_block_model perturbation=edge_deletion alpha=0.6 seed=2 workflow=wl_subtree_kernel_mmd status=success
2026-06-17 17:27:50,990 INFO row_complete 1919/3960 dataset=stochastic_block_model perturbation=edge_deletion alpha=0.6 seed=2 workflow=native_netlsd status=success
2026-06-17 17:27:50,990 INFO row_complete 1920/3960 dataset=stochastic_block_model perturbation=edge_deletion alpha=0.6 seed=2 workflow=diversity_curves_shortest_path status=success
2026-06-17 17:30:56,100 INFO row_complete 1921/3960 dataset=stochastic_block_model perturbation=edge_deletion alpha=0.7 seed=2 workflow=structural_statistics_mmd status=success
2026-06-17 17:30:56,101 INFO row_complete 1922/3960 dataset=stochastic_block_model perturbation=edge_deletion alpha=0.7 seed=2 workflow=wl_subtree_kernel_mmd status=success
2026-06-17 17:30:56,102 INFO row_complete 1923/3960 dataset=stochastic_block_model perturbation=edge_deletion alpha=0.7 seed=2 workflow=native_netlsd status=success
2026-06-17 17:30:56,103 INFO row_complete 1924/3960 dataset=stochastic_block_model perturbation=edge_deletion alpha=0.7 seed=2 workflow=diversity_curves_shortest_path status=success
2026-06-17 17:33:32,285 INFO row_complete 1925/3960 dataset=stochastic_block_model perturbation=edge_deletion alpha=0.8 seed=2 workflow=structural_statistics_mmd status=success
2026-06-17 17:33:32,286 INFO row_complete 1926/3960 dataset=stochastic_block_model perturbation=edge_deletion alpha=0.8 seed=2 workflow=wl_subtree_kernel_mmd status=success
2026-06-17 17:33:32,287 INFO row_complete 1927/3960 dataset=stochastic_block_model perturbation=edge_deletion alpha=0.8 seed=2 workflow=native_netlsd status=success
2026-06-17 17:33:32,288 INFO row_complete 1928/3960 dataset=stochastic_block_model perturbation=edge_deletion alpha=0.8 seed=2 workflow=diversity_curves_shortest_path status=success
2026-06-17 17:35:54,469 INFO row_complete 1929/3960 dataset=stochastic_block_model perturbation=edge_deletion alpha=0.9 seed=2 workflow=structural_statistics_mmd status=success
2026-06-17 17:35:54,470 INFO row_complete 1930/3960 dataset=stochastic_block_model perturbation=edge_deletion alpha=0.9 seed=2 workflow=wl_subtree_kernel_mmd status=success
2026-06-17 17:35:54,471 INFO row_complete 1931/3960 dataset=stochastic_block_model perturbation=edge_deletion alpha=0.9 seed=2 workflow=native_netlsd status=success
2026-06-17 17:35:54,472 INFO row_complete 1932/3960 dataset=stochastic_block_model perturbation=edge_deletion alpha=0.9 seed=2 workflow=diversity_curves_shortest_path status=success
2026-06-17 17:38:11,203 INFO row_complete 1933/3960 dataset=stochastic_block_model perturbation=edge_deletion alpha=1.0 seed=2 workflow=structural_statistics_mmd status=success
2026-06-17 17:38:11,204 INFO row_complete 1934/3960 dataset=stochastic_block_model perturbation=edge_deletion alpha=1.0 seed=2 workflow=wl_subtree_kernel_mmd status=success
2026-06-17 17:38:11,205 INFO row_complete 1935/3960 dataset=stochastic_block_model perturbation=edge_deletion alpha=1.0 seed=2 workflow=native_netlsd status=success
2026-06-17 17:38:11,206 INFO row_complete 1936/3960 dataset=stochastic_block_model perturbation=edge_deletion alpha=1.0 seed=2 workflow=diversity_curves_shortest_path status=success
2026-06-17 17:42:34,536 INFO row_complete 1937/3960 dataset=stochastic_block_model perturbation=triangle_insertion alpha=0.0 seed=2 workflow=structural_statistics_mmd status=success
2026-06-17 17:42:34,537 INFO row_complete 1938/3960 dataset=stochastic_block_model perturbation=triangle_insertion alpha=0.0 seed=2 workflow=wl_subtree_kernel_mmd status=success
2026-06-17 17:42:34,538 INFO row_complete 1939/3960 dataset=stochastic_block_model perturbation=triangle_insertion alpha=0.0 seed=2 workflow=native_netlsd status=success
2026-06-17 17:42:34,538 INFO row_complete 1940/3960 dataset=stochastic_block_model perturbation=triangle_insertion alpha=0.0 seed=2 workflow=diversity_curves_shortest_path status=success
2026-06-17 17:47:05,994 INFO row_complete 1941/3960 dataset=stochastic_block_model perturbation=triangle_insertion alpha=0.1 seed=2 workflow=structural_statistics_mmd status=success
2026-06-17 17:47:05,996 INFO row_complete 1942/3960 dataset=stochastic_block_model perturbation=triangle_insertion alpha=0.1 seed=2 workflow=wl_subtree_kernel_mmd status=success
2026-06-17 17:47:05,997 INFO row_complete 1943/3960 dataset=stochastic_block_model perturbation=triangle_insertion alpha=0.1 seed=2 workflow=native_netlsd status=success
2026-06-17 17:47:05,998 INFO row_complete 1944/3960 dataset=stochastic_block_model perturbation=triangle_insertion alpha=0.1 seed=2 workflow=diversity_curves_shortest_path status=success
2026-06-17 17:51:47,104 INFO row_complete 1945/3960 dataset=stochastic_block_model perturbation=triangle_insertion alpha=0.2 seed=2 workflow=structural_statistics_mmd status=success
2026-06-17 17:51:47,105 INFO row_complete 1946/3960 dataset=stochastic_block_model perturbation=triangle_insertion alpha=0.2 seed=2 workflow=wl_subtree_kernel_mmd status=success
2026-06-17 17:51:47,106 INFO row_complete 1947/3960 dataset=stochastic_block_model perturbation=triangle_insertion alpha=0.2 seed=2 workflow=native_netlsd status=success
2026-06-17 17:51:47,107 INFO row_complete 1948/3960 dataset=stochastic_block_model perturbation=triangle_insertion alpha=0.2 seed=2 workflow=diversity_curves_shortest_path status=success
2026-06-17 17:56:38,451 INFO row_complete 1949/3960 dataset=stochastic_block_model perturbation=triangle_insertion alpha=0.3 seed=2 workflow=structural_statistics_mmd status=success
2026-06-17 17:56:38,453 INFO row_complete 1950/3960 dataset=stochastic_block_model perturbation=triangle_insertion alpha=0.3 seed=2 workflow=wl_subtree_kernel_mmd status=success
2026-06-17 17:56:38,453 INFO row_complete 1951/3960 dataset=stochastic_block_model perturbation=triangle_insertion alpha=0.3 seed=2 workflow=native_netlsd status=success
2026-06-17 17:56:38,454 INFO row_complete 1952/3960 dataset=stochastic_block_model perturbation=triangle_insertion alpha=0.3 seed=2 workflow=diversity_curves_shortest_path status=success
2026-06-17 18:01:39,397 INFO row_complete 1953/3960 dataset=stochastic_block_model perturbation=triangle_insertion alpha=0.4 seed=2 workflow=structural_statistics_mmd status=success
2026-06-17 18:01:39,399 INFO row_complete 1954/3960 dataset=stochastic_block_model perturbation=triangle_insertion alpha=0.4 seed=2 workflow=wl_subtree_kernel_mmd status=success
2026-06-17 18:01:39,400 INFO row_complete 1955/3960 dataset=stochastic_block_model perturbation=triangle_insertion alpha=0.4 seed=2 workflow=native_netlsd status=success
2026-06-17 18:01:39,401 INFO row_complete 1956/3960 dataset=stochastic_block_model perturbation=triangle_insertion alpha=0.4 seed=2 workflow=diversity_curves_shortest_path status=success
2026-06-17 18:06:49,255 INFO row_complete 1957/3960 dataset=stochastic_block_model perturbation=triangle_insertion alpha=0.5 seed=2 workflow=structural_statistics_mmd status=success
2026-06-17 18:06:49,256 INFO row_complete 1958/3960 dataset=stochastic_block_model perturbation=triangle_insertion alpha=0.5 seed=2 workflow=wl_subtree_kernel_mmd status=success
2026-06-17 18:06:49,256 INFO row_complete 1959/3960 dataset=stochastic_block_model perturbation=triangle_insertion alpha=0.5 seed=2 workflow=native_netlsd status=success
2026-06-17 18:06:49,257 INFO row_complete 1960/3960 dataset=stochastic_block_model perturbation=triangle_insertion alpha=0.5 seed=2 workflow=diversity_curves_shortest_path status=success
2026-06-17 18:12:10,652 INFO row_complete 1961/3960 dataset=stochastic_block_model perturbation=triangle_insertion alpha=0.6 seed=2 workflow=structural_statistics_mmd status=success
2026-06-17 18:12:10,653 INFO row_complete 1962/3960 dataset=stochastic_block_model perturbation=triangle_insertion alpha=0.6 seed=2 workflow=wl_subtree_kernel_mmd status=success
2026-06-17 18:12:10,653 INFO row_complete 1963/3960 dataset=stochastic_block_model perturbation=triangle_insertion alpha=0.6 seed=2 workflow=native_netlsd status=success
2026-06-17 18:12:10,654 INFO row_complete 1964/3960 dataset=stochastic_block_model perturbation=triangle_insertion alpha=0.6 seed=2 workflow=diversity_curves_shortest_path status=success
2026-06-17 18:17:44,666 INFO row_complete 1965/3960 dataset=stochastic_block_model perturbation=triangle_insertion alpha=0.7 seed=2 workflow=structural_statistics_mmd status=success
2026-06-17 18:17:44,667 INFO row_complete 1966/3960 dataset=stochastic_block_model perturbation=triangle_insertion alpha=0.7 seed=2 workflow=wl_subtree_kernel_mmd status=success
2026-06-17 18:17:44,668 INFO row_complete 1967/3960 dataset=stochastic_block_model perturbation=triangle_insertion alpha=0.7 seed=2 workflow=native_netlsd status=success
2026-06-17 18:17:44,669 INFO row_complete 1968/3960 dataset=stochastic_block_model perturbation=triangle_insertion alpha=0.7 seed=2 workflow=diversity_curves_shortest_path status=success
2026-06-17 18:23:32,112 INFO row_complete 1969/3960 dataset=stochastic_block_model perturbation=triangle_insertion alpha=0.8 seed=2 workflow=structural_statistics_mmd status=success
2026-06-17 18:23:32,113 INFO row_complete 1970/3960 dataset=stochastic_block_model perturbation=triangle_insertion alpha=0.8 seed=2 workflow=wl_subtree_kernel_mmd status=success
2026-06-17 18:23:32,114 INFO row_complete 1971/3960 dataset=stochastic_block_model perturbation=triangle_insertion alpha=0.8 seed=2 workflow=native_netlsd status=success
2026-06-17 18:23:32,115 INFO row_complete 1972/3960 dataset=stochastic_block_model perturbation=triangle_insertion alpha=0.8 seed=2 workflow=diversity_curves_shortest_path status=success
2026-06-17 18:29:32,801 INFO row_complete 1973/3960 dataset=stochastic_block_model perturbation=triangle_insertion alpha=0.9 seed=2 workflow=structural_statistics_mmd status=success
2026-06-17 18:29:32,802 INFO row_complete 1974/3960 dataset=stochastic_block_model perturbation=triangle_insertion alpha=0.9 seed=2 workflow=wl_subtree_kernel_mmd status=success
2026-06-17 18:29:32,802 INFO row_complete 1975/3960 dataset=stochastic_block_model perturbation=triangle_insertion alpha=0.9 seed=2 workflow=native_netlsd status=success
2026-06-17 18:29:32,803 INFO row_complete 1976/3960 dataset=stochastic_block_model perturbation=triangle_insertion alpha=0.9 seed=2 workflow=diversity_curves_shortest_path status=success
2026-06-17 18:35:50,848 INFO row_complete 1977/3960 dataset=stochastic_block_model perturbation=triangle_insertion alpha=1.0 seed=2 workflow=structural_statistics_mmd status=success
2026-06-17 18:35:50,849 INFO row_complete 1978/3960 dataset=stochastic_block_model perturbation=triangle_insertion alpha=1.0 seed=2 workflow=wl_subtree_kernel_mmd status=success
2026-06-17 18:35:50,850 INFO row_complete 1979/3960 dataset=stochastic_block_model perturbation=triangle_insertion alpha=1.0 seed=2 workflow=native_netlsd status=success
2026-06-17 18:35:50,851 INFO row_complete 1980/3960 dataset=stochastic_block_model perturbation=triangle_insertion alpha=1.0 seed=2 workflow=diversity_curves_shortest_path status=success
2026-06-17 18:40:10,052 INFO row_complete 1981/3960 dataset=stochastic_block_model perturbation=triangle_deletion alpha=0.0 seed=2 workflow=structural_statistics_mmd status=success
2026-06-17 18:40:10,053 INFO row_complete 1982/3960 dataset=stochastic_block_model perturbation=triangle_deletion alpha=0.0 seed=2 workflow=wl_subtree_kernel_mmd status=success
2026-06-17 18:40:10,054 INFO row_complete 1983/3960 dataset=stochastic_block_model perturbation=triangle_deletion alpha=0.0 seed=2 workflow=native_netlsd status=success
2026-06-17 18:40:10,055 INFO row_complete 1984/3960 dataset=stochastic_block_model perturbation=triangle_deletion alpha=0.0 seed=2 workflow=diversity_curves_shortest_path status=success
2026-06-17 18:44:24,816 INFO row_complete 1985/3960 dataset=stochastic_block_model perturbation=triangle_deletion alpha=0.1 seed=2 workflow=structural_statistics_mmd status=success
2026-06-17 18:44:24,817 INFO row_complete 1986/3960 dataset=stochastic_block_model perturbation=triangle_deletion alpha=0.1 seed=2 workflow=wl_subtree_kernel_mmd status=success
2026-06-17 18:44:24,818 INFO row_complete 1987/3960 dataset=stochastic_block_model perturbation=triangle_deletion alpha=0.1 seed=2 workflow=native_netlsd status=success
2026-06-17 18:44:24,819 INFO row_complete 1988/3960 dataset=stochastic_block_model perturbation=triangle_deletion alpha=0.1 seed=2 workflow=diversity_curves_shortest_path status=success
2026-06-17 18:48:27,636 INFO row_complete 1989/3960 dataset=stochastic_block_model perturbation=triangle_deletion alpha=0.2 seed=2 workflow=structural_statistics_mmd status=success
2026-06-17 18:48:27,637 INFO row_complete 1990/3960 dataset=stochastic_block_model perturbation=triangle_deletion alpha=0.2 seed=2 workflow=wl_subtree_kernel_mmd status=success
2026-06-17 18:48:27,638 INFO row_complete 1991/3960 dataset=stochastic_block_model perturbation=triangle_deletion alpha=0.2 seed=2 workflow=native_netlsd status=success
2026-06-17 18:48:27,639 INFO row_complete 1992/3960 dataset=stochastic_block_model perturbation=triangle_deletion alpha=0.2 seed=2 workflow=diversity_curves_shortest_path status=success
2026-06-17 18:52:18,736 INFO row_complete 1993/3960 dataset=stochastic_block_model perturbation=triangle_deletion alpha=0.3 seed=2 workflow=structural_statistics_mmd status=success
2026-06-17 18:52:18,737 INFO row_complete 1994/3960 dataset=stochastic_block_model perturbation=triangle_deletion alpha=0.3 seed=2 workflow=wl_subtree_kernel_mmd status=success
2026-06-17 18:52:18,738 INFO row_complete 1995/3960 dataset=stochastic_block_model perturbation=triangle_deletion alpha=0.3 seed=2 workflow=native_netlsd status=success
2026-06-17 18:52:18,739 INFO row_complete 1996/3960 dataset=stochastic_block_model perturbation=triangle_deletion alpha=0.3 seed=2 workflow=diversity_curves_shortest_path status=success
2026-06-17 18:56:00,951 INFO row_complete 1997/3960 dataset=stochastic_block_model perturbation=triangle_deletion alpha=0.4 seed=2 workflow=structural_statistics_mmd status=success
2026-06-17 18:56:00,952 INFO row_complete 1998/3960 dataset=stochastic_block_model perturbation=triangle_deletion alpha=0.4 seed=2 workflow=wl_subtree_kernel_mmd status=success
2026-06-17 18:56:00,953 INFO row_complete 1999/3960 dataset=stochastic_block_model perturbation=triangle_deletion alpha=0.4 seed=2 workflow=native_netlsd status=success
2026-06-17 18:56:00,954 INFO row_complete 2000/3960 dataset=stochastic_block_model perturbation=triangle_deletion alpha=0.4 seed=2 workflow=diversity_curves_shortest_path status=success
2026-06-17 18:59:36,882 INFO row_complete 2001/3960 dataset=stochastic_block_model perturbation=triangle_deletion alpha=0.5 seed=2 workflow=structural_statistics_mmd status=success
2026-06-17 18:59:36,883 INFO row_complete 2002/3960 dataset=stochastic_block_model perturbation=triangle_deletion alpha=0.5 seed=2 workflow=wl_subtree_kernel_mmd status=success
2026-06-17 18:59:36,884 INFO row_complete 2003/3960 dataset=stochastic_block_model perturbation=triangle_deletion alpha=0.5 seed=2 workflow=native_netlsd status=success
2026-06-17 18:59:36,885 INFO row_complete 2004/3960 dataset=stochastic_block_model perturbation=triangle_deletion alpha=0.5 seed=2 workflow=diversity_curves_shortest_path status=success
2026-06-17 19:03:20,311 INFO row_complete 2005/3960 dataset=stochastic_block_model perturbation=triangle_deletion alpha=0.6 seed=2 workflow=structural_statistics_mmd status=success
2026-06-17 19:03:20,312 INFO row_complete 2006/3960 dataset=stochastic_block_model perturbation=triangle_deletion alpha=0.6 seed=2 workflow=wl_subtree_kernel_mmd status=success
2026-06-17 19:03:20,313 INFO row_complete 2007/3960 dataset=stochastic_block_model perturbation=triangle_deletion alpha=0.6 seed=2 workflow=native_netlsd status=success
2026-06-17 19:03:20,314 INFO row_complete 2008/3960 dataset=stochastic_block_model perturbation=triangle_deletion alpha=0.6 seed=2 workflow=diversity_curves_shortest_path status=success
2026-06-17 19:07:06,772 INFO row_complete 2009/3960 dataset=stochastic_block_model perturbation=triangle_deletion alpha=0.7 seed=2 workflow=structural_statistics_mmd status=success
2026-06-17 19:07:06,774 INFO row_complete 2010/3960 dataset=stochastic_block_model perturbation=triangle_deletion alpha=0.7 seed=2 workflow=wl_subtree_kernel_mmd status=success
2026-06-17 19:07:06,775 INFO row_complete 2011/3960 dataset=stochastic_block_model perturbation=triangle_deletion alpha=0.7 seed=2 workflow=native_netlsd status=success
2026-06-17 19:07:06,776 INFO row_complete 2012/3960 dataset=stochastic_block_model perturbation=triangle_deletion alpha=0.7 seed=2 workflow=diversity_curves_shortest_path status=success
2026-06-17 19:10:53,826 INFO row_complete 2013/3960 dataset=stochastic_block_model perturbation=triangle_deletion alpha=0.8 seed=2 workflow=structural_statistics_mmd status=success
2026-06-17 19:10:53,827 INFO row_complete 2014/3960 dataset=stochastic_block_model perturbation=triangle_deletion alpha=0.8 seed=2 workflow=wl_subtree_kernel_mmd status=success
2026-06-17 19:10:53,828 INFO row_complete 2015/3960 dataset=stochastic_block_model perturbation=triangle_deletion alpha=0.8 seed=2 workflow=native_netlsd status=success
2026-06-17 19:10:53,829 INFO row_complete 2016/3960 dataset=stochastic_block_model perturbation=triangle_deletion alpha=0.8 seed=2 workflow=diversity_curves_shortest_path status=success
2026-06-17 19:14:40,954 INFO row_complete 2017/3960 dataset=stochastic_block_model perturbation=triangle_deletion alpha=0.9 seed=2 workflow=structural_statistics_mmd status=success
2026-06-17 19:14:40,956 INFO row_complete 2018/3960 dataset=stochastic_block_model perturbation=triangle_deletion alpha=0.9 seed=2 workflow=wl_subtree_kernel_mmd status=success
2026-06-17 19:14:40,957 INFO row_complete 2019/3960 dataset=stochastic_block_model perturbation=triangle_deletion alpha=0.9 seed=2 workflow=native_netlsd status=success
2026-06-17 19:14:40,959 INFO row_complete 2020/3960 dataset=stochastic_block_model perturbation=triangle_deletion alpha=0.9 seed=2 workflow=diversity_curves_shortest_path status=success
2026-06-17 19:18:30,218 INFO row_complete 2021/3960 dataset=stochastic_block_model perturbation=triangle_deletion alpha=1.0 seed=2 workflow=structural_statistics_mmd status=success
2026-06-17 19:18:30,219 INFO row_complete 2022/3960 dataset=stochastic_block_model perturbation=triangle_deletion alpha=1.0 seed=2 workflow=wl_subtree_kernel_mmd status=success
2026-06-17 19:18:30,220 INFO row_complete 2023/3960 dataset=stochastic_block_model perturbation=triangle_deletion alpha=1.0 seed=2 workflow=native_netlsd status=success
2026-06-17 19:18:30,221 INFO row_complete 2024/3960 dataset=stochastic_block_model perturbation=triangle_deletion alpha=1.0 seed=2 workflow=diversity_curves_shortest_path status=success
2026-06-17 19:23:12,789 INFO row_complete 2025/3960 dataset=stochastic_block_model perturbation=community_weakening alpha=0.0 seed=2 workflow=structural_statistics_mmd status=success
2026-06-17 19:23:12,790 INFO row_complete 2026/3960 dataset=stochastic_block_model perturbation=community_weakening alpha=0.0 seed=2 workflow=wl_subtree_kernel_mmd status=success
2026-06-17 19:23:12,791 INFO row_complete 2027/3960 dataset=stochastic_block_model perturbation=community_weakening alpha=0.0 seed=2 workflow=native_netlsd status=success
2026-06-17 19:23:12,792 INFO row_complete 2028/3960 dataset=stochastic_block_model perturbation=community_weakening alpha=0.0 seed=2 workflow=diversity_curves_shortest_path status=success
2026-06-17 19:27:56,212 INFO row_complete 2029/3960 dataset=stochastic_block_model perturbation=community_weakening alpha=0.1 seed=2 workflow=structural_statistics_mmd status=success
2026-06-17 19:27:56,214 INFO row_complete 2030/3960 dataset=stochastic_block_model perturbation=community_weakening alpha=0.1 seed=2 workflow=wl_subtree_kernel_mmd status=success
2026-06-17 19:27:56,214 INFO row_complete 2031/3960 dataset=stochastic_block_model perturbation=community_weakening alpha=0.1 seed=2 workflow=native_netlsd status=success
2026-06-17 19:27:56,215 INFO row_complete 2032/3960 dataset=stochastic_block_model perturbation=community_weakening alpha=0.1 seed=2 workflow=diversity_curves_shortest_path status=success
2026-06-17 19:32:33,703 INFO row_complete 2033/3960 dataset=stochastic_block_model perturbation=community_weakening alpha=0.2 seed=2 workflow=structural_statistics_mmd status=success
2026-06-17 19:32:33,704 INFO row_complete 2034/3960 dataset=stochastic_block_model perturbation=community_weakening alpha=0.2 seed=2 workflow=wl_subtree_kernel_mmd status=success
2026-06-17 19:32:33,705 INFO row_complete 2035/3960 dataset=stochastic_block_model perturbation=community_weakening alpha=0.2 seed=2 workflow=native_netlsd status=success
2026-06-17 19:32:33,706 INFO row_complete 2036/3960 dataset=stochastic_block_model perturbation=community_weakening alpha=0.2 seed=2 workflow=diversity_curves_shortest_path status=success
2026-06-17 19:37:22,476 INFO row_complete 2037/3960 dataset=stochastic_block_model perturbation=community_weakening alpha=0.3 seed=2 workflow=structural_statistics_mmd status=success
2026-06-17 19:37:22,477 INFO row_complete 2038/3960 dataset=stochastic_block_model perturbation=community_weakening alpha=0.3 seed=2 workflow=wl_subtree_kernel_mmd status=success
2026-06-17 19:37:22,478 INFO row_complete 2039/3960 dataset=stochastic_block_model perturbation=community_weakening alpha=0.3 seed=2 workflow=native_netlsd status=success
2026-06-17 19:37:22,478 INFO row_complete 2040/3960 dataset=stochastic_block_model perturbation=community_weakening alpha=0.3 seed=2 workflow=diversity_curves_shortest_path status=success
2026-06-17 19:42:05,124 INFO row_complete 2041/3960 dataset=stochastic_block_model perturbation=community_weakening alpha=0.4 seed=2 workflow=structural_statistics_mmd status=success
2026-06-17 19:42:05,125 INFO row_complete 2042/3960 dataset=stochastic_block_model perturbation=community_weakening alpha=0.4 seed=2 workflow=wl_subtree_kernel_mmd status=success
2026-06-17 19:42:05,126 INFO row_complete 2043/3960 dataset=stochastic_block_model perturbation=community_weakening alpha=0.4 seed=2 workflow=native_netlsd status=success
2026-06-17 19:42:05,127 INFO row_complete 2044/3960 dataset=stochastic_block_model perturbation=community_weakening alpha=0.4 seed=2 workflow=diversity_curves_shortest_path status=success
2026-06-17 19:47:00,928 INFO row_complete 2045/3960 dataset=stochastic_block_model perturbation=community_weakening alpha=0.5 seed=2 workflow=structural_statistics_mmd status=success
2026-06-17 19:47:00,929 INFO row_complete 2046/3960 dataset=stochastic_block_model perturbation=community_weakening alpha=0.5 seed=2 workflow=wl_subtree_kernel_mmd status=success
2026-06-17 19:47:00,930 INFO row_complete 2047/3960 dataset=stochastic_block_model perturbation=community_weakening alpha=0.5 seed=2 workflow=native_netlsd status=success
2026-06-17 19:47:00,931 INFO row_complete 2048/3960 dataset=stochastic_block_model perturbation=community_weakening alpha=0.5 seed=2 workflow=diversity_curves_shortest_path status=success
2026-06-17 19:52:02,081 INFO row_complete 2049/3960 dataset=stochastic_block_model perturbation=community_weakening alpha=0.6 seed=2 workflow=structural_statistics_mmd status=success
2026-06-17 19:52:02,082 INFO row_complete 2050/3960 dataset=stochastic_block_model perturbation=community_weakening alpha=0.6 seed=2 workflow=wl_subtree_kernel_mmd status=success
2026-06-17 19:52:02,083 INFO row_complete 2051/3960 dataset=stochastic_block_model perturbation=community_weakening alpha=0.6 seed=2 workflow=native_netlsd status=success
2026-06-17 19:52:02,084 INFO row_complete 2052/3960 dataset=stochastic_block_model perturbation=community_weakening alpha=0.6 seed=2 workflow=diversity_curves_shortest_path status=success
2026-06-17 19:57:00,967 INFO row_complete 2053/3960 dataset=stochastic_block_model perturbation=community_weakening alpha=0.7 seed=2 workflow=structural_statistics_mmd status=success
2026-06-17 19:57:00,968 INFO row_complete 2054/3960 dataset=stochastic_block_model perturbation=community_weakening alpha=0.7 seed=2 workflow=wl_subtree_kernel_mmd status=success
2026-06-17 19:57:00,969 INFO row_complete 2055/3960 dataset=stochastic_block_model perturbation=community_weakening alpha=0.7 seed=2 workflow=native_netlsd status=success
2026-06-17 19:57:00,970 INFO row_complete 2056/3960 dataset=stochastic_block_model perturbation=community_weakening alpha=0.7 seed=2 workflow=diversity_curves_shortest_path status=success
2026-06-17 20:02:03,483 INFO row_complete 2057/3960 dataset=stochastic_block_model perturbation=community_weakening alpha=0.8 seed=2 workflow=structural_statistics_mmd status=success
2026-06-17 20:02:03,485 INFO row_complete 2058/3960 dataset=stochastic_block_model perturbation=community_weakening alpha=0.8 seed=2 workflow=wl_subtree_kernel_mmd status=success
2026-06-17 20:02:03,485 INFO row_complete 2059/3960 dataset=stochastic_block_model perturbation=community_weakening alpha=0.8 seed=2 workflow=native_netlsd status=success
2026-06-17 20:02:03,486 INFO row_complete 2060/3960 dataset=stochastic_block_model perturbation=community_weakening alpha=0.8 seed=2 workflow=diversity_curves_shortest_path status=success
2026-06-17 20:07:00,637 INFO row_complete 2061/3960 dataset=stochastic_block_model perturbation=community_weakening alpha=0.9 seed=2 workflow=structural_statistics_mmd status=success
2026-06-17 20:07:00,638 INFO row_complete 2062/3960 dataset=stochastic_block_model perturbation=community_weakening alpha=0.9 seed=2 workflow=wl_subtree_kernel_mmd status=success
2026-06-17 20:07:00,639 INFO row_complete 2063/3960 dataset=stochastic_block_model perturbation=community_weakening alpha=0.9 seed=2 workflow=native_netlsd status=success
2026-06-17 20:07:00,639 INFO row_complete 2064/3960 dataset=stochastic_block_model perturbation=community_weakening alpha=0.9 seed=2 workflow=diversity_curves_shortest_path status=success
2026-06-17 20:11:49,966 INFO row_complete 2065/3960 dataset=stochastic_block_model perturbation=community_weakening alpha=1.0 seed=2 workflow=structural_statistics_mmd status=success
2026-06-17 20:11:49,967 INFO row_complete 2066/3960 dataset=stochastic_block_model perturbation=community_weakening alpha=1.0 seed=2 workflow=wl_subtree_kernel_mmd status=success
2026-06-17 20:11:49,968 INFO row_complete 2067/3960 dataset=stochastic_block_model perturbation=community_weakening alpha=1.0 seed=2 workflow=native_netlsd status=success
2026-06-17 20:11:49,969 INFO row_complete 2068/3960 dataset=stochastic_block_model perturbation=community_weakening alpha=1.0 seed=2 workflow=diversity_curves_shortest_path status=success
2026-06-17 20:16:31,043 INFO row_complete 2069/3960 dataset=stochastic_block_model perturbation=hub_modification alpha=0.0 seed=2 workflow=structural_statistics_mmd status=success
2026-06-17 20:16:31,044 INFO row_complete 2070/3960 dataset=stochastic_block_model perturbation=hub_modification alpha=0.0 seed=2 workflow=wl_subtree_kernel_mmd status=success
2026-06-17 20:16:31,045 INFO row_complete 2071/3960 dataset=stochastic_block_model perturbation=hub_modification alpha=0.0 seed=2 workflow=native_netlsd status=success
2026-06-17 20:16:31,045 INFO row_complete 2072/3960 dataset=stochastic_block_model perturbation=hub_modification alpha=0.0 seed=2 workflow=diversity_curves_shortest_path status=success
2026-06-17 20:21:19,881 INFO row_complete 2073/3960 dataset=stochastic_block_model perturbation=hub_modification alpha=0.1 seed=2 workflow=structural_statistics_mmd status=success
2026-06-17 20:21:19,883 INFO row_complete 2074/3960 dataset=stochastic_block_model perturbation=hub_modification alpha=0.1 seed=2 workflow=wl_subtree_kernel_mmd status=success
2026-06-17 20:21:19,883 INFO row_complete 2075/3960 dataset=stochastic_block_model perturbation=hub_modification alpha=0.1 seed=2 workflow=native_netlsd status=success
2026-06-17 20:21:19,884 INFO row_complete 2076/3960 dataset=stochastic_block_model perturbation=hub_modification alpha=0.1 seed=2 workflow=diversity_curves_shortest_path status=success
2026-06-17 20:26:01,788 INFO row_complete 2077/3960 dataset=stochastic_block_model perturbation=hub_modification alpha=0.2 seed=2 workflow=structural_statistics_mmd status=success
2026-06-17 20:26:01,789 INFO row_complete 2078/3960 dataset=stochastic_block_model perturbation=hub_modification alpha=0.2 seed=2 workflow=wl_subtree_kernel_mmd status=success
2026-06-17 20:26:01,790 INFO row_complete 2079/3960 dataset=stochastic_block_model perturbation=hub_modification alpha=0.2 seed=2 workflow=native_netlsd status=success
2026-06-17 20:26:01,791 INFO row_complete 2080/3960 dataset=stochastic_block_model perturbation=hub_modification alpha=0.2 seed=2 workflow=diversity_curves_shortest_path status=success
2026-06-17 20:30:39,955 INFO row_complete 2081/3960 dataset=stochastic_block_model perturbation=hub_modification alpha=0.3 seed=2 workflow=structural_statistics_mmd status=success
2026-06-17 20:30:39,956 INFO row_complete 2082/3960 dataset=stochastic_block_model perturbation=hub_modification alpha=0.3 seed=2 workflow=wl_subtree_kernel_mmd status=success
2026-06-17 20:30:39,958 INFO row_complete 2083/3960 dataset=stochastic_block_model perturbation=hub_modification alpha=0.3 seed=2 workflow=native_netlsd status=success
2026-06-17 20:30:39,958 INFO row_complete 2084/3960 dataset=stochastic_block_model perturbation=hub_modification alpha=0.3 seed=2 workflow=diversity_curves_shortest_path status=success
2026-06-17 20:35:16,468 INFO row_complete 2085/3960 dataset=stochastic_block_model perturbation=hub_modification alpha=0.4 seed=2 workflow=structural_statistics_mmd status=success
2026-06-17 20:35:16,469 INFO row_complete 2086/3960 dataset=stochastic_block_model perturbation=hub_modification alpha=0.4 seed=2 workflow=wl_subtree_kernel_mmd status=success
2026-06-17 20:35:16,470 INFO row_complete 2087/3960 dataset=stochastic_block_model perturbation=hub_modification alpha=0.4 seed=2 workflow=native_netlsd status=success
2026-06-17 20:35:16,471 INFO row_complete 2088/3960 dataset=stochastic_block_model perturbation=hub_modification alpha=0.4 seed=2 workflow=diversity_curves_shortest_path status=success
2026-06-17 20:39:48,745 INFO row_complete 2089/3960 dataset=stochastic_block_model perturbation=hub_modification alpha=0.5 seed=2 workflow=structural_statistics_mmd status=success
2026-06-17 20:39:48,746 INFO row_complete 2090/3960 dataset=stochastic_block_model perturbation=hub_modification alpha=0.5 seed=2 workflow=wl_subtree_kernel_mmd status=success
2026-06-17 20:39:48,747 INFO row_complete 2091/3960 dataset=stochastic_block_model perturbation=hub_modification alpha=0.5 seed=2 workflow=native_netlsd status=success
2026-06-17 20:39:48,748 INFO row_complete 2092/3960 dataset=stochastic_block_model perturbation=hub_modification alpha=0.5 seed=2 workflow=diversity_curves_shortest_path status=success
2026-06-17 20:44:18,376 INFO row_complete 2093/3960 dataset=stochastic_block_model perturbation=hub_modification alpha=0.6 seed=2 workflow=structural_statistics_mmd status=success
2026-06-17 20:44:18,377 INFO row_complete 2094/3960 dataset=stochastic_block_model perturbation=hub_modification alpha=0.6 seed=2 workflow=wl_subtree_kernel_mmd status=success
2026-06-17 20:44:18,378 INFO row_complete 2095/3960 dataset=stochastic_block_model perturbation=hub_modification alpha=0.6 seed=2 workflow=native_netlsd status=success
2026-06-17 20:44:18,379 INFO row_complete 2096/3960 dataset=stochastic_block_model perturbation=hub_modification alpha=0.6 seed=2 workflow=diversity_curves_shortest_path status=success
2026-06-17 20:48:52,909 INFO row_complete 2097/3960 dataset=stochastic_block_model perturbation=hub_modification alpha=0.7 seed=2 workflow=structural_statistics_mmd status=success
2026-06-17 20:48:52,911 INFO row_complete 2098/3960 dataset=stochastic_block_model perturbation=hub_modification alpha=0.7 seed=2 workflow=wl_subtree_kernel_mmd status=success
2026-06-17 20:48:52,912 INFO row_complete 2099/3960 dataset=stochastic_block_model perturbation=hub_modification alpha=0.7 seed=2 workflow=native_netlsd status=success
2026-06-17 20:48:52,912 INFO row_complete 2100/3960 dataset=stochastic_block_model perturbation=hub_modification alpha=0.7 seed=2 workflow=diversity_curves_shortest_path status=success
2026-06-17 20:53:30,244 INFO row_complete 2101/3960 dataset=stochastic_block_model perturbation=hub_modification alpha=0.8 seed=2 workflow=structural_statistics_mmd status=success
2026-06-17 20:53:30,245 INFO row_complete 2102/3960 dataset=stochastic_block_model perturbation=hub_modification alpha=0.8 seed=2 workflow=wl_subtree_kernel_mmd status=success
2026-06-17 20:53:30,246 INFO row_complete 2103/3960 dataset=stochastic_block_model perturbation=hub_modification alpha=0.8 seed=2 workflow=native_netlsd status=success
2026-06-17 20:53:30,247 INFO row_complete 2104/3960 dataset=stochastic_block_model perturbation=hub_modification alpha=0.8 seed=2 workflow=diversity_curves_shortest_path status=success
2026-06-17 20:58:09,393 INFO row_complete 2105/3960 dataset=stochastic_block_model perturbation=hub_modification alpha=0.9 seed=2 workflow=structural_statistics_mmd status=success
2026-06-17 20:58:09,394 INFO row_complete 2106/3960 dataset=stochastic_block_model perturbation=hub_modification alpha=0.9 seed=2 workflow=wl_subtree_kernel_mmd status=success
2026-06-17 20:58:09,395 INFO row_complete 2107/3960 dataset=stochastic_block_model perturbation=hub_modification alpha=0.9 seed=2 workflow=native_netlsd status=success
2026-06-17 20:58:09,396 INFO row_complete 2108/3960 dataset=stochastic_block_model perturbation=hub_modification alpha=0.9 seed=2 workflow=diversity_curves_shortest_path status=success
2026-06-17 21:02:54,199 INFO row_complete 2109/3960 dataset=stochastic_block_model perturbation=hub_modification alpha=1.0 seed=2 workflow=structural_statistics_mmd status=success
2026-06-17 21:02:54,201 INFO row_complete 2110/3960 dataset=stochastic_block_model perturbation=hub_modification alpha=1.0 seed=2 workflow=wl_subtree_kernel_mmd status=success
2026-06-17 21:02:54,201 INFO row_complete 2111/3960 dataset=stochastic_block_model perturbation=hub_modification alpha=1.0 seed=2 workflow=native_netlsd status=success
2026-06-17 21:02:54,202 INFO row_complete 2112/3960 dataset=stochastic_block_model perturbation=hub_modification alpha=1.0 seed=2 workflow=diversity_curves_shortest_path status=success
2026-06-17 21:06:53,775 INFO row_complete 2113/3960 dataset=barabasi_albert perturbation=edge_insertion alpha=0.0 seed=2 workflow=structural_statistics_mmd status=success
2026-06-17 21:06:53,776 INFO row_complete 2114/3960 dataset=barabasi_albert perturbation=edge_insertion alpha=0.0 seed=2 workflow=wl_subtree_kernel_mmd status=success
2026-06-17 21:06:53,777 INFO row_complete 2115/3960 dataset=barabasi_albert perturbation=edge_insertion alpha=0.0 seed=2 workflow=native_netlsd status=success
2026-06-17 21:06:53,778 INFO row_complete 2116/3960 dataset=barabasi_albert perturbation=edge_insertion alpha=0.0 seed=2 workflow=diversity_curves_shortest_path status=success
2026-06-17 21:11:04,752 INFO row_complete 2117/3960 dataset=barabasi_albert perturbation=edge_insertion alpha=0.1 seed=2 workflow=structural_statistics_mmd status=success
2026-06-17 21:11:04,753 INFO row_complete 2118/3960 dataset=barabasi_albert perturbation=edge_insertion alpha=0.1 seed=2 workflow=wl_subtree_kernel_mmd status=success
2026-06-17 21:11:04,754 INFO row_complete 2119/3960 dataset=barabasi_albert perturbation=edge_insertion alpha=0.1 seed=2 workflow=native_netlsd status=success
2026-06-17 21:11:04,755 INFO row_complete 2120/3960 dataset=barabasi_albert perturbation=edge_insertion alpha=0.1 seed=2 workflow=diversity_curves_shortest_path status=success
2026-06-17 21:15:20,242 INFO row_complete 2121/3960 dataset=barabasi_albert perturbation=edge_insertion alpha=0.2 seed=2 workflow=structural_statistics_mmd status=success
2026-06-17 21:15:20,244 INFO row_complete 2122/3960 dataset=barabasi_albert perturbation=edge_insertion alpha=0.2 seed=2 workflow=wl_subtree_kernel_mmd status=success
2026-06-17 21:15:20,245 INFO row_complete 2123/3960 dataset=barabasi_albert perturbation=edge_insertion alpha=0.2 seed=2 workflow=native_netlsd status=success
2026-06-17 21:15:20,245 INFO row_complete 2124/3960 dataset=barabasi_albert perturbation=edge_insertion alpha=0.2 seed=2 workflow=diversity_curves_shortest_path status=success
2026-06-17 21:19:52,901 INFO row_complete 2125/3960 dataset=barabasi_albert perturbation=edge_insertion alpha=0.3 seed=2 workflow=structural_statistics_mmd status=success
2026-06-17 21:19:52,902 INFO row_complete 2126/3960 dataset=barabasi_albert perturbation=edge_insertion alpha=0.3 seed=2 workflow=wl_subtree_kernel_mmd status=success
2026-06-17 21:19:52,903 INFO row_complete 2127/3960 dataset=barabasi_albert perturbation=edge_insertion alpha=0.3 seed=2 workflow=native_netlsd status=success
2026-06-17 21:19:52,903 INFO row_complete 2128/3960 dataset=barabasi_albert perturbation=edge_insertion alpha=0.3 seed=2 workflow=diversity_curves_shortest_path status=success
2026-06-17 21:24:30,340 INFO row_complete 2129/3960 dataset=barabasi_albert perturbation=edge_insertion alpha=0.4 seed=2 workflow=structural_statistics_mmd status=success
2026-06-17 21:24:30,341 INFO row_complete 2130/3960 dataset=barabasi_albert perturbation=edge_insertion alpha=0.4 seed=2 workflow=wl_subtree_kernel_mmd status=success
2026-06-17 21:24:30,342 INFO row_complete 2131/3960 dataset=barabasi_albert perturbation=edge_insertion alpha=0.4 seed=2 workflow=native_netlsd status=success
2026-06-17 21:24:30,343 INFO row_complete 2132/3960 dataset=barabasi_albert perturbation=edge_insertion alpha=0.4 seed=2 workflow=diversity_curves_shortest_path status=success
2026-06-17 21:29:17,287 INFO row_complete 2133/3960 dataset=barabasi_albert perturbation=edge_insertion alpha=0.5 seed=2 workflow=structural_statistics_mmd status=success
2026-06-17 21:29:17,288 INFO row_complete 2134/3960 dataset=barabasi_albert perturbation=edge_insertion alpha=0.5 seed=2 workflow=wl_subtree_kernel_mmd status=success
2026-06-17 21:29:17,289 INFO row_complete 2135/3960 dataset=barabasi_albert perturbation=edge_insertion alpha=0.5 seed=2 workflow=native_netlsd status=success
2026-06-17 21:29:17,290 INFO row_complete 2136/3960 dataset=barabasi_albert perturbation=edge_insertion alpha=0.5 seed=2 workflow=diversity_curves_shortest_path status=success
2026-06-17 21:34:11,544 INFO row_complete 2137/3960 dataset=barabasi_albert perturbation=edge_insertion alpha=0.6 seed=2 workflow=structural_statistics_mmd status=success
2026-06-17 21:34:11,545 INFO row_complete 2138/3960 dataset=barabasi_albert perturbation=edge_insertion alpha=0.6 seed=2 workflow=wl_subtree_kernel_mmd status=success
2026-06-17 21:34:11,546 INFO row_complete 2139/3960 dataset=barabasi_albert perturbation=edge_insertion alpha=0.6 seed=2 workflow=native_netlsd status=success
2026-06-17 21:34:11,546 INFO row_complete 2140/3960 dataset=barabasi_albert perturbation=edge_insertion alpha=0.6 seed=2 workflow=diversity_curves_shortest_path status=success
2026-06-17 21:39:17,134 INFO row_complete 2141/3960 dataset=barabasi_albert perturbation=edge_insertion alpha=0.7 seed=2 workflow=structural_statistics_mmd status=success
2026-06-17 21:39:17,135 INFO row_complete 2142/3960 dataset=barabasi_albert perturbation=edge_insertion alpha=0.7 seed=2 workflow=wl_subtree_kernel_mmd status=success
2026-06-17 21:39:17,136 INFO row_complete 2143/3960 dataset=barabasi_albert perturbation=edge_insertion alpha=0.7 seed=2 workflow=native_netlsd status=success
2026-06-17 21:39:17,137 INFO row_complete 2144/3960 dataset=barabasi_albert perturbation=edge_insertion alpha=0.7 seed=2 workflow=diversity_curves_shortest_path status=success
2026-06-17 21:44:34,429 INFO row_complete 2145/3960 dataset=barabasi_albert perturbation=edge_insertion alpha=0.8 seed=2 workflow=structural_statistics_mmd status=success
2026-06-17 21:44:34,430 INFO row_complete 2146/3960 dataset=barabasi_albert perturbation=edge_insertion alpha=0.8 seed=2 workflow=wl_subtree_kernel_mmd status=success
2026-06-17 21:44:34,431 INFO row_complete 2147/3960 dataset=barabasi_albert perturbation=edge_insertion alpha=0.8 seed=2 workflow=native_netlsd status=success
2026-06-17 21:44:34,432 INFO row_complete 2148/3960 dataset=barabasi_albert perturbation=edge_insertion alpha=0.8 seed=2 workflow=diversity_curves_shortest_path status=success
2026-06-17 21:50:09,873 INFO row_complete 2149/3960 dataset=barabasi_albert perturbation=edge_insertion alpha=0.9 seed=2 workflow=structural_statistics_mmd status=success
2026-06-17 21:50:09,874 INFO row_complete 2150/3960 dataset=barabasi_albert perturbation=edge_insertion alpha=0.9 seed=2 workflow=wl_subtree_kernel_mmd status=success
2026-06-17 21:50:09,875 INFO row_complete 2151/3960 dataset=barabasi_albert perturbation=edge_insertion alpha=0.9 seed=2 workflow=native_netlsd status=success
2026-06-17 21:50:09,876 INFO row_complete 2152/3960 dataset=barabasi_albert perturbation=edge_insertion alpha=0.9 seed=2 workflow=diversity_curves_shortest_path status=success
2026-06-17 21:55:49,704 INFO row_complete 2153/3960 dataset=barabasi_albert perturbation=edge_insertion alpha=1.0 seed=2 workflow=structural_statistics_mmd status=success
2026-06-17 21:55:49,705 INFO row_complete 2154/3960 dataset=barabasi_albert perturbation=edge_insertion alpha=1.0 seed=2 workflow=wl_subtree_kernel_mmd status=success
2026-06-17 21:55:49,707 INFO row_complete 2155/3960 dataset=barabasi_albert perturbation=edge_insertion alpha=1.0 seed=2 workflow=native_netlsd status=success
2026-06-17 21:55:49,707 INFO row_complete 2156/3960 dataset=barabasi_albert perturbation=edge_insertion alpha=1.0 seed=2 workflow=diversity_curves_shortest_path status=success
2026-06-17 21:59:46,354 INFO row_complete 2157/3960 dataset=barabasi_albert perturbation=edge_deletion alpha=0.0 seed=2 workflow=structural_statistics_mmd status=success
2026-06-17 21:59:46,355 INFO row_complete 2158/3960 dataset=barabasi_albert perturbation=edge_deletion alpha=0.0 seed=2 workflow=wl_subtree_kernel_mmd status=success
2026-06-17 21:59:46,356 INFO row_complete 2159/3960 dataset=barabasi_albert perturbation=edge_deletion alpha=0.0 seed=2 workflow=native_netlsd status=success
2026-06-17 21:59:46,357 INFO row_complete 2160/3960 dataset=barabasi_albert perturbation=edge_deletion alpha=0.0 seed=2 workflow=diversity_curves_shortest_path status=success
2026-06-17 22:03:37,747 INFO row_complete 2161/3960 dataset=barabasi_albert perturbation=edge_deletion alpha=0.1 seed=2 workflow=structural_statistics_mmd status=success
2026-06-17 22:03:37,748 INFO row_complete 2162/3960 dataset=barabasi_albert perturbation=edge_deletion alpha=0.1 seed=2 workflow=wl_subtree_kernel_mmd status=success
2026-06-17 22:03:37,749 INFO row_complete 2163/3960 dataset=barabasi_albert perturbation=edge_deletion alpha=0.1 seed=2 workflow=native_netlsd status=success
2026-06-17 22:03:37,750 INFO row_complete 2164/3960 dataset=barabasi_albert perturbation=edge_deletion alpha=0.1 seed=2 workflow=diversity_curves_shortest_path status=success
2026-06-17 22:07:25,511 INFO row_complete 2165/3960 dataset=barabasi_albert perturbation=edge_deletion alpha=0.2 seed=2 workflow=structural_statistics_mmd status=success
2026-06-17 22:07:25,512 INFO row_complete 2166/3960 dataset=barabasi_albert perturbation=edge_deletion alpha=0.2 seed=2 workflow=wl_subtree_kernel_mmd status=success
2026-06-17 22:07:25,513 INFO row_complete 2167/3960 dataset=barabasi_albert perturbation=edge_deletion alpha=0.2 seed=2 workflow=native_netlsd status=success
2026-06-17 22:07:25,514 INFO row_complete 2168/3960 dataset=barabasi_albert perturbation=edge_deletion alpha=0.2 seed=2 workflow=diversity_curves_shortest_path status=success
2026-06-17 22:10:58,363 INFO row_complete 2169/3960 dataset=barabasi_albert perturbation=edge_deletion alpha=0.3 seed=2 workflow=structural_statistics_mmd status=success
2026-06-17 22:10:58,364 INFO row_complete 2170/3960 dataset=barabasi_albert perturbation=edge_deletion alpha=0.3 seed=2 workflow=wl_subtree_kernel_mmd status=success
2026-06-17 22:10:58,365 INFO row_complete 2171/3960 dataset=barabasi_albert perturbation=edge_deletion alpha=0.3 seed=2 workflow=native_netlsd status=success
2026-06-17 22:10:58,366 INFO row_complete 2172/3960 dataset=barabasi_albert perturbation=edge_deletion alpha=0.3 seed=2 workflow=diversity_curves_shortest_path status=success
2026-06-17 22:14:23,266 INFO row_complete 2173/3960 dataset=barabasi_albert perturbation=edge_deletion alpha=0.4 seed=2 workflow=structural_statistics_mmd status=success
2026-06-17 22:14:23,267 INFO row_complete 2174/3960 dataset=barabasi_albert perturbation=edge_deletion alpha=0.4 seed=2 workflow=wl_subtree_kernel_mmd status=success
2026-06-17 22:14:23,268 INFO row_complete 2175/3960 dataset=barabasi_albert perturbation=edge_deletion alpha=0.4 seed=2 workflow=native_netlsd status=success
2026-06-17 22:14:23,269 INFO row_complete 2176/3960 dataset=barabasi_albert perturbation=edge_deletion alpha=0.4 seed=2 workflow=diversity_curves_shortest_path status=success
2026-06-17 22:17:33,365 INFO row_complete 2177/3960 dataset=barabasi_albert perturbation=edge_deletion alpha=0.5 seed=2 workflow=structural_statistics_mmd status=success
2026-06-17 22:17:33,366 INFO row_complete 2178/3960 dataset=barabasi_albert perturbation=edge_deletion alpha=0.5 seed=2 workflow=wl_subtree_kernel_mmd status=success
2026-06-17 22:17:33,367 INFO row_complete 2179/3960 dataset=barabasi_albert perturbation=edge_deletion alpha=0.5 seed=2 workflow=native_netlsd status=success
2026-06-17 22:17:33,368 INFO row_complete 2180/3960 dataset=barabasi_albert perturbation=edge_deletion alpha=0.5 seed=2 workflow=diversity_curves_shortest_path status=success
2026-06-17 22:20:37,220 INFO row_complete 2181/3960 dataset=barabasi_albert perturbation=edge_deletion alpha=0.6 seed=2 workflow=structural_statistics_mmd status=success
2026-06-17 22:20:37,221 INFO row_complete 2182/3960 dataset=barabasi_albert perturbation=edge_deletion alpha=0.6 seed=2 workflow=wl_subtree_kernel_mmd status=success
2026-06-17 22:20:37,221 INFO row_complete 2183/3960 dataset=barabasi_albert perturbation=edge_deletion alpha=0.6 seed=2 workflow=native_netlsd status=success
2026-06-17 22:20:37,222 INFO row_complete 2184/3960 dataset=barabasi_albert perturbation=edge_deletion alpha=0.6 seed=2 workflow=diversity_curves_shortest_path status=success
2026-06-17 22:23:19,965 INFO row_complete 2185/3960 dataset=barabasi_albert perturbation=edge_deletion alpha=0.7 seed=2 workflow=structural_statistics_mmd status=success
2026-06-17 22:23:19,966 INFO row_complete 2186/3960 dataset=barabasi_albert perturbation=edge_deletion alpha=0.7 seed=2 workflow=wl_subtree_kernel_mmd status=success
2026-06-17 22:23:19,967 INFO row_complete 2187/3960 dataset=barabasi_albert perturbation=edge_deletion alpha=0.7 seed=2 workflow=native_netlsd status=success
2026-06-17 22:23:19,970 INFO row_complete 2188/3960 dataset=barabasi_albert perturbation=edge_deletion alpha=0.7 seed=2 workflow=diversity_curves_shortest_path status=success
2026-06-17 22:25:35,081 INFO row_complete 2189/3960 dataset=barabasi_albert perturbation=edge_deletion alpha=0.8 seed=2 workflow=structural_statistics_mmd status=success
2026-06-17 22:25:35,082 INFO row_complete 2190/3960 dataset=barabasi_albert perturbation=edge_deletion alpha=0.8 seed=2 workflow=wl_subtree_kernel_mmd status=success
2026-06-17 22:25:35,083 INFO row_complete 2191/3960 dataset=barabasi_albert perturbation=edge_deletion alpha=0.8 seed=2 workflow=native_netlsd status=success
2026-06-17 22:25:35,084 INFO row_complete 2192/3960 dataset=barabasi_albert perturbation=edge_deletion alpha=0.8 seed=2 workflow=diversity_curves_shortest_path status=success
2026-06-17 22:27:40,787 INFO row_complete 2193/3960 dataset=barabasi_albert perturbation=edge_deletion alpha=0.9 seed=2 workflow=structural_statistics_mmd status=success
2026-06-17 22:27:40,788 INFO row_complete 2194/3960 dataset=barabasi_albert perturbation=edge_deletion alpha=0.9 seed=2 workflow=wl_subtree_kernel_mmd status=success
2026-06-17 22:27:40,789 INFO row_complete 2195/3960 dataset=barabasi_albert perturbation=edge_deletion alpha=0.9 seed=2 workflow=native_netlsd status=success
2026-06-17 22:27:40,790 INFO row_complete 2196/3960 dataset=barabasi_albert perturbation=edge_deletion alpha=0.9 seed=2 workflow=diversity_curves_shortest_path status=success
2026-06-17 22:29:47,852 INFO row_complete 2197/3960 dataset=barabasi_albert perturbation=edge_deletion alpha=1.0 seed=2 workflow=structural_statistics_mmd status=success
2026-06-17 22:29:47,853 INFO row_complete 2198/3960 dataset=barabasi_albert perturbation=edge_deletion alpha=1.0 seed=2 workflow=wl_subtree_kernel_mmd status=success
2026-06-17 22:29:47,853 INFO row_complete 2199/3960 dataset=barabasi_albert perturbation=edge_deletion alpha=1.0 seed=2 workflow=native_netlsd status=success
2026-06-17 22:29:47,854 INFO row_complete 2200/3960 dataset=barabasi_albert perturbation=edge_deletion alpha=1.0 seed=2 workflow=diversity_curves_shortest_path status=success
2026-06-17 22:33:41,614 INFO row_complete 2201/3960 dataset=barabasi_albert perturbation=triangle_insertion alpha=0.0 seed=2 workflow=structural_statistics_mmd status=success
2026-06-17 22:33:41,615 INFO row_complete 2202/3960 dataset=barabasi_albert perturbation=triangle_insertion alpha=0.0 seed=2 workflow=wl_subtree_kernel_mmd status=success
2026-06-17 22:33:41,616 INFO row_complete 2203/3960 dataset=barabasi_albert perturbation=triangle_insertion alpha=0.0 seed=2 workflow=native_netlsd status=success
2026-06-17 22:33:41,617 INFO row_complete 2204/3960 dataset=barabasi_albert perturbation=triangle_insertion alpha=0.0 seed=2 workflow=diversity_curves_shortest_path status=success
2026-06-17 22:37:47,083 INFO row_complete 2205/3960 dataset=barabasi_albert perturbation=triangle_insertion alpha=0.1 seed=2 workflow=structural_statistics_mmd status=success
2026-06-17 22:37:47,084 INFO row_complete 2206/3960 dataset=barabasi_albert perturbation=triangle_insertion alpha=0.1 seed=2 workflow=wl_subtree_kernel_mmd status=success
2026-06-17 22:37:47,085 INFO row_complete 2207/3960 dataset=barabasi_albert perturbation=triangle_insertion alpha=0.1 seed=2 workflow=native_netlsd status=success
2026-06-17 22:37:47,086 INFO row_complete 2208/3960 dataset=barabasi_albert perturbation=triangle_insertion alpha=0.1 seed=2 workflow=diversity_curves_shortest_path status=success
2026-06-17 22:42:03,986 INFO row_complete 2209/3960 dataset=barabasi_albert perturbation=triangle_insertion alpha=0.2 seed=2 workflow=structural_statistics_mmd status=success
2026-06-17 22:42:03,987 INFO row_complete 2210/3960 dataset=barabasi_albert perturbation=triangle_insertion alpha=0.2 seed=2 workflow=wl_subtree_kernel_mmd status=success
2026-06-17 22:42:03,988 INFO row_complete 2211/3960 dataset=barabasi_albert perturbation=triangle_insertion alpha=0.2 seed=2 workflow=native_netlsd status=success
2026-06-17 22:42:03,989 INFO row_complete 2212/3960 dataset=barabasi_albert perturbation=triangle_insertion alpha=0.2 seed=2 workflow=diversity_curves_shortest_path status=success
2026-06-17 22:46:18,258 INFO row_complete 2213/3960 dataset=barabasi_albert perturbation=triangle_insertion alpha=0.3 seed=2 workflow=structural_statistics_mmd status=success
2026-06-17 22:46:18,259 INFO row_complete 2214/3960 dataset=barabasi_albert perturbation=triangle_insertion alpha=0.3 seed=2 workflow=wl_subtree_kernel_mmd status=success
2026-06-17 22:46:18,260 INFO row_complete 2215/3960 dataset=barabasi_albert perturbation=triangle_insertion alpha=0.3 seed=2 workflow=native_netlsd status=success
2026-06-17 22:46:18,261 INFO row_complete 2216/3960 dataset=barabasi_albert perturbation=triangle_insertion alpha=0.3 seed=2 workflow=diversity_curves_shortest_path status=success
2026-06-17 22:50:45,454 INFO row_complete 2217/3960 dataset=barabasi_albert perturbation=triangle_insertion alpha=0.4 seed=2 workflow=structural_statistics_mmd status=success
2026-06-17 22:50:45,455 INFO row_complete 2218/3960 dataset=barabasi_albert perturbation=triangle_insertion alpha=0.4 seed=2 workflow=wl_subtree_kernel_mmd status=success
2026-06-17 22:50:45,456 INFO row_complete 2219/3960 dataset=barabasi_albert perturbation=triangle_insertion alpha=0.4 seed=2 workflow=native_netlsd status=success
2026-06-17 22:50:45,457 INFO row_complete 2220/3960 dataset=barabasi_albert perturbation=triangle_insertion alpha=0.4 seed=2 workflow=diversity_curves_shortest_path status=success
2026-06-17 22:55:19,172 INFO row_complete 2221/3960 dataset=barabasi_albert perturbation=triangle_insertion alpha=0.5 seed=2 workflow=structural_statistics_mmd status=success
2026-06-17 22:55:19,174 INFO row_complete 2222/3960 dataset=barabasi_albert perturbation=triangle_insertion alpha=0.5 seed=2 workflow=wl_subtree_kernel_mmd status=success
2026-06-17 22:55:19,175 INFO row_complete 2223/3960 dataset=barabasi_albert perturbation=triangle_insertion alpha=0.5 seed=2 workflow=native_netlsd status=success
2026-06-17 22:55:19,176 INFO row_complete 2224/3960 dataset=barabasi_albert perturbation=triangle_insertion alpha=0.5 seed=2 workflow=diversity_curves_shortest_path status=success
2026-06-17 23:00:07,636 INFO row_complete 2225/3960 dataset=barabasi_albert perturbation=triangle_insertion alpha=0.6 seed=2 workflow=structural_statistics_mmd status=success
2026-06-17 23:00:07,637 INFO row_complete 2226/3960 dataset=barabasi_albert perturbation=triangle_insertion alpha=0.6 seed=2 workflow=wl_subtree_kernel_mmd status=success
2026-06-17 23:00:07,638 INFO row_complete 2227/3960 dataset=barabasi_albert perturbation=triangle_insertion alpha=0.6 seed=2 workflow=native_netlsd status=success
2026-06-17 23:00:07,639 INFO row_complete 2228/3960 dataset=barabasi_albert perturbation=triangle_insertion alpha=0.6 seed=2 workflow=diversity_curves_shortest_path status=success
2026-06-17 23:05:05,074 INFO row_complete 2229/3960 dataset=barabasi_albert perturbation=triangle_insertion alpha=0.7 seed=2 workflow=structural_statistics_mmd status=success
2026-06-17 23:05:05,075 INFO row_complete 2230/3960 dataset=barabasi_albert perturbation=triangle_insertion alpha=0.7 seed=2 workflow=wl_subtree_kernel_mmd status=success
2026-06-17 23:05:05,076 INFO row_complete 2231/3960 dataset=barabasi_albert perturbation=triangle_insertion alpha=0.7 seed=2 workflow=native_netlsd status=success
2026-06-17 23:05:05,076 INFO row_complete 2232/3960 dataset=barabasi_albert perturbation=triangle_insertion alpha=0.7 seed=2 workflow=diversity_curves_shortest_path status=success
2026-06-17 23:10:04,945 INFO row_complete 2233/3960 dataset=barabasi_albert perturbation=triangle_insertion alpha=0.8 seed=2 workflow=structural_statistics_mmd status=success
2026-06-17 23:10:04,946 INFO row_complete 2234/3960 dataset=barabasi_albert perturbation=triangle_insertion alpha=0.8 seed=2 workflow=wl_subtree_kernel_mmd status=success
2026-06-17 23:10:04,947 INFO row_complete 2235/3960 dataset=barabasi_albert perturbation=triangle_insertion alpha=0.8 seed=2 workflow=native_netlsd status=success
2026-06-17 23:10:04,947 INFO row_complete 2236/3960 dataset=barabasi_albert perturbation=triangle_insertion alpha=0.8 seed=2 workflow=diversity_curves_shortest_path status=success
2026-06-17 23:15:24,753 INFO row_complete 2237/3960 dataset=barabasi_albert perturbation=triangle_insertion alpha=0.9 seed=2 workflow=structural_statistics_mmd status=success
2026-06-17 23:15:24,754 INFO row_complete 2238/3960 dataset=barabasi_albert perturbation=triangle_insertion alpha=0.9 seed=2 workflow=wl_subtree_kernel_mmd status=success
2026-06-17 23:15:24,755 INFO row_complete 2239/3960 dataset=barabasi_albert perturbation=triangle_insertion alpha=0.9 seed=2 workflow=native_netlsd status=success
2026-06-17 23:15:24,756 INFO row_complete 2240/3960 dataset=barabasi_albert perturbation=triangle_insertion alpha=0.9 seed=2 workflow=diversity_curves_shortest_path status=success
2026-06-17 23:20:56,176 INFO row_complete 2241/3960 dataset=barabasi_albert perturbation=triangle_insertion alpha=1.0 seed=2 workflow=structural_statistics_mmd status=success
2026-06-17 23:20:56,177 INFO row_complete 2242/3960 dataset=barabasi_albert perturbation=triangle_insertion alpha=1.0 seed=2 workflow=wl_subtree_kernel_mmd status=success
2026-06-17 23:20:56,178 INFO row_complete 2243/3960 dataset=barabasi_albert perturbation=triangle_insertion alpha=1.0 seed=2 workflow=native_netlsd status=success
2026-06-17 23:20:56,179 INFO row_complete 2244/3960 dataset=barabasi_albert perturbation=triangle_insertion alpha=1.0 seed=2 workflow=diversity_curves_shortest_path status=success
2026-06-17 23:24:48,148 INFO row_complete 2245/3960 dataset=barabasi_albert perturbation=triangle_deletion alpha=0.0 seed=2 workflow=structural_statistics_mmd status=success
2026-06-17 23:24:48,149 INFO row_complete 2246/3960 dataset=barabasi_albert perturbation=triangle_deletion alpha=0.0 seed=2 workflow=wl_subtree_kernel_mmd status=success
2026-06-17 23:24:48,149 INFO row_complete 2247/3960 dataset=barabasi_albert perturbation=triangle_deletion alpha=0.0 seed=2 workflow=native_netlsd status=success
2026-06-17 23:24:48,150 INFO row_complete 2248/3960 dataset=barabasi_albert perturbation=triangle_deletion alpha=0.0 seed=2 workflow=diversity_curves_shortest_path status=success
2026-06-17 23:28:35,151 INFO row_complete 2249/3960 dataset=barabasi_albert perturbation=triangle_deletion alpha=0.1 seed=2 workflow=structural_statistics_mmd status=success
2026-06-17 23:28:35,152 INFO row_complete 2250/3960 dataset=barabasi_albert perturbation=triangle_deletion alpha=0.1 seed=2 workflow=wl_subtree_kernel_mmd status=success
2026-06-17 23:28:35,153 INFO row_complete 2251/3960 dataset=barabasi_albert perturbation=triangle_deletion alpha=0.1 seed=2 workflow=native_netlsd status=success
2026-06-17 23:28:35,153 INFO row_complete 2252/3960 dataset=barabasi_albert perturbation=triangle_deletion alpha=0.1 seed=2 workflow=diversity_curves_shortest_path status=success
2026-06-17 23:32:20,142 INFO row_complete 2253/3960 dataset=barabasi_albert perturbation=triangle_deletion alpha=0.2 seed=2 workflow=structural_statistics_mmd status=success
2026-06-17 23:32:20,144 INFO row_complete 2254/3960 dataset=barabasi_albert perturbation=triangle_deletion alpha=0.2 seed=2 workflow=wl_subtree_kernel_mmd status=success
2026-06-17 23:32:20,144 INFO row_complete 2255/3960 dataset=barabasi_albert perturbation=triangle_deletion alpha=0.2 seed=2 workflow=native_netlsd status=success
2026-06-17 23:32:20,145 INFO row_complete 2256/3960 dataset=barabasi_albert perturbation=triangle_deletion alpha=0.2 seed=2 workflow=diversity_curves_shortest_path status=success
2026-06-17 23:36:00,283 INFO row_complete 2257/3960 dataset=barabasi_albert perturbation=triangle_deletion alpha=0.3 seed=2 workflow=structural_statistics_mmd status=success
2026-06-17 23:36:00,284 INFO row_complete 2258/3960 dataset=barabasi_albert perturbation=triangle_deletion alpha=0.3 seed=2 workflow=wl_subtree_kernel_mmd status=success
2026-06-17 23:36:00,285 INFO row_complete 2259/3960 dataset=barabasi_albert perturbation=triangle_deletion alpha=0.3 seed=2 workflow=native_netlsd status=success
2026-06-17 23:36:00,286 INFO row_complete 2260/3960 dataset=barabasi_albert perturbation=triangle_deletion alpha=0.3 seed=2 workflow=diversity_curves_shortest_path status=success
2026-06-17 23:39:25,655 INFO row_complete 2261/3960 dataset=barabasi_albert perturbation=triangle_deletion alpha=0.4 seed=2 workflow=structural_statistics_mmd status=success
2026-06-17 23:39:25,655 INFO row_complete 2262/3960 dataset=barabasi_albert perturbation=triangle_deletion alpha=0.4 seed=2 workflow=wl_subtree_kernel_mmd status=success
2026-06-17 23:39:25,656 INFO row_complete 2263/3960 dataset=barabasi_albert perturbation=triangle_deletion alpha=0.4 seed=2 workflow=native_netlsd status=success
2026-06-17 23:39:25,657 INFO row_complete 2264/3960 dataset=barabasi_albert perturbation=triangle_deletion alpha=0.4 seed=2 workflow=diversity_curves_shortest_path status=success
2026-06-17 23:42:41,915 INFO row_complete 2265/3960 dataset=barabasi_albert perturbation=triangle_deletion alpha=0.5 seed=2 workflow=structural_statistics_mmd status=success
2026-06-17 23:42:41,916 INFO row_complete 2266/3960 dataset=barabasi_albert perturbation=triangle_deletion alpha=0.5 seed=2 workflow=wl_subtree_kernel_mmd status=success
2026-06-17 23:42:41,917 INFO row_complete 2267/3960 dataset=barabasi_albert perturbation=triangle_deletion alpha=0.5 seed=2 workflow=native_netlsd status=success
2026-06-17 23:42:41,918 INFO row_complete 2268/3960 dataset=barabasi_albert perturbation=triangle_deletion alpha=0.5 seed=2 workflow=diversity_curves_shortest_path status=success
2026-06-17 23:46:02,762 INFO row_complete 2269/3960 dataset=barabasi_albert perturbation=triangle_deletion alpha=0.6 seed=2 workflow=structural_statistics_mmd status=success
2026-06-17 23:46:02,763 INFO row_complete 2270/3960 dataset=barabasi_albert perturbation=triangle_deletion alpha=0.6 seed=2 workflow=wl_subtree_kernel_mmd status=success
2026-06-17 23:46:02,764 INFO row_complete 2271/3960 dataset=barabasi_albert perturbation=triangle_deletion alpha=0.6 seed=2 workflow=native_netlsd status=success
2026-06-17 23:46:02,765 INFO row_complete 2272/3960 dataset=barabasi_albert perturbation=triangle_deletion alpha=0.6 seed=2 workflow=diversity_curves_shortest_path status=success
2026-06-17 23:49:23,260 INFO row_complete 2273/3960 dataset=barabasi_albert perturbation=triangle_deletion alpha=0.7 seed=2 workflow=structural_statistics_mmd status=success
2026-06-17 23:49:23,261 INFO row_complete 2274/3960 dataset=barabasi_albert perturbation=triangle_deletion alpha=0.7 seed=2 workflow=wl_subtree_kernel_mmd status=success
2026-06-17 23:49:23,262 INFO row_complete 2275/3960 dataset=barabasi_albert perturbation=triangle_deletion alpha=0.7 seed=2 workflow=native_netlsd status=success
2026-06-17 23:49:23,262 INFO row_complete 2276/3960 dataset=barabasi_albert perturbation=triangle_deletion alpha=0.7 seed=2 workflow=diversity_curves_shortest_path status=success
2026-06-17 23:52:43,315 INFO row_complete 2277/3960 dataset=barabasi_albert perturbation=triangle_deletion alpha=0.8 seed=2 workflow=structural_statistics_mmd status=success
2026-06-17 23:52:43,316 INFO row_complete 2278/3960 dataset=barabasi_albert perturbation=triangle_deletion alpha=0.8 seed=2 workflow=wl_subtree_kernel_mmd status=success
2026-06-17 23:52:43,317 INFO row_complete 2279/3960 dataset=barabasi_albert perturbation=triangle_deletion alpha=0.8 seed=2 workflow=native_netlsd status=success
2026-06-17 23:52:43,318 INFO row_complete 2280/3960 dataset=barabasi_albert perturbation=triangle_deletion alpha=0.8 seed=2 workflow=diversity_curves_shortest_path status=success
2026-06-17 23:56:03,331 INFO row_complete 2281/3960 dataset=barabasi_albert perturbation=triangle_deletion alpha=0.9 seed=2 workflow=structural_statistics_mmd status=success
2026-06-17 23:56:03,332 INFO row_complete 2282/3960 dataset=barabasi_albert perturbation=triangle_deletion alpha=0.9 seed=2 workflow=wl_subtree_kernel_mmd status=success
2026-06-17 23:56:03,332 INFO row_complete 2283/3960 dataset=barabasi_albert perturbation=triangle_deletion alpha=0.9 seed=2 workflow=native_netlsd status=success
2026-06-17 23:56:03,333 INFO row_complete 2284/3960 dataset=barabasi_albert perturbation=triangle_deletion alpha=0.9 seed=2 workflow=diversity_curves_shortest_path status=success
2026-06-17 23:59:23,172 INFO row_complete 2285/3960 dataset=barabasi_albert perturbation=triangle_deletion alpha=1.0 seed=2 workflow=structural_statistics_mmd status=success
2026-06-17 23:59:23,173 INFO row_complete 2286/3960 dataset=barabasi_albert perturbation=triangle_deletion alpha=1.0 seed=2 workflow=wl_subtree_kernel_mmd status=success
2026-06-17 23:59:23,174 INFO row_complete 2287/3960 dataset=barabasi_albert perturbation=triangle_deletion alpha=1.0 seed=2 workflow=native_netlsd status=success
2026-06-17 23:59:23,174 INFO row_complete 2288/3960 dataset=barabasi_albert perturbation=triangle_deletion alpha=1.0 seed=2 workflow=diversity_curves_shortest_path status=success
2026-06-17 23:59:23,192 INFO row_complete 2289/3960 dataset=barabasi_albert perturbation=community_weakening alpha=0.0 seed=2 workflow=structural_statistics_mmd status=skipped
2026-06-17 23:59:23,193 INFO row_complete 2290/3960 dataset=barabasi_albert perturbation=community_weakening alpha=0.0 seed=2 workflow=wl_subtree_kernel_mmd status=skipped
2026-06-17 23:59:23,194 INFO row_complete 2291/3960 dataset=barabasi_albert perturbation=community_weakening alpha=0.0 seed=2 workflow=native_netlsd status=skipped
2026-06-17 23:59:23,195 INFO row_complete 2292/3960 dataset=barabasi_albert perturbation=community_weakening alpha=0.0 seed=2 workflow=diversity_curves_shortest_path status=skipped
2026-06-17 23:59:23,219 INFO row_complete 2293/3960 dataset=barabasi_albert perturbation=community_weakening alpha=0.1 seed=2 workflow=structural_statistics_mmd status=skipped
2026-06-17 23:59:23,220 INFO row_complete 2294/3960 dataset=barabasi_albert perturbation=community_weakening alpha=0.1 seed=2 workflow=wl_subtree_kernel_mmd status=skipped
2026-06-17 23:59:23,221 INFO row_complete 2295/3960 dataset=barabasi_albert perturbation=community_weakening alpha=0.1 seed=2 workflow=native_netlsd status=skipped
2026-06-17 23:59:23,221 INFO row_complete 2296/3960 dataset=barabasi_albert perturbation=community_weakening alpha=0.1 seed=2 workflow=diversity_curves_shortest_path status=skipped
2026-06-17 23:59:23,239 INFO row_complete 2297/3960 dataset=barabasi_albert perturbation=community_weakening alpha=0.2 seed=2 workflow=structural_statistics_mmd status=skipped
2026-06-17 23:59:23,240 INFO row_complete 2298/3960 dataset=barabasi_albert perturbation=community_weakening alpha=0.2 seed=2 workflow=wl_subtree_kernel_mmd status=skipped
2026-06-17 23:59:23,240 INFO row_complete 2299/3960 dataset=barabasi_albert perturbation=community_weakening alpha=0.2 seed=2 workflow=native_netlsd status=skipped
2026-06-17 23:59:23,241 INFO row_complete 2300/3960 dataset=barabasi_albert perturbation=community_weakening alpha=0.2 seed=2 workflow=diversity_curves_shortest_path status=skipped
2026-06-17 23:59:23,255 INFO row_complete 2301/3960 dataset=barabasi_albert perturbation=community_weakening alpha=0.3 seed=2 workflow=structural_statistics_mmd status=skipped
2026-06-17 23:59:23,256 INFO row_complete 2302/3960 dataset=barabasi_albert perturbation=community_weakening alpha=0.3 seed=2 workflow=wl_subtree_kernel_mmd status=skipped
2026-06-17 23:59:23,256 INFO row_complete 2303/3960 dataset=barabasi_albert perturbation=community_weakening alpha=0.3 seed=2 workflow=native_netlsd status=skipped
2026-06-17 23:59:23,257 INFO row_complete 2304/3960 dataset=barabasi_albert perturbation=community_weakening alpha=0.3 seed=2 workflow=diversity_curves_shortest_path status=skipped
2026-06-17 23:59:23,270 INFO row_complete 2305/3960 dataset=barabasi_albert perturbation=community_weakening alpha=0.4 seed=2 workflow=structural_statistics_mmd status=skipped
2026-06-17 23:59:23,271 INFO row_complete 2306/3960 dataset=barabasi_albert perturbation=community_weakening alpha=0.4 seed=2 workflow=wl_subtree_kernel_mmd status=skipped
2026-06-17 23:59:23,271 INFO row_complete 2307/3960 dataset=barabasi_albert perturbation=community_weakening alpha=0.4 seed=2 workflow=native_netlsd status=skipped
2026-06-17 23:59:23,272 INFO row_complete 2308/3960 dataset=barabasi_albert perturbation=community_weakening alpha=0.4 seed=2 workflow=diversity_curves_shortest_path status=skipped
2026-06-17 23:59:23,290 INFO row_complete 2309/3960 dataset=barabasi_albert perturbation=community_weakening alpha=0.5 seed=2 workflow=structural_statistics_mmd status=skipped
2026-06-17 23:59:23,290 INFO row_complete 2310/3960 dataset=barabasi_albert perturbation=community_weakening alpha=0.5 seed=2 workflow=wl_subtree_kernel_mmd status=skipped
2026-06-17 23:59:23,291 INFO row_complete 2311/3960 dataset=barabasi_albert perturbation=community_weakening alpha=0.5 seed=2 workflow=native_netlsd status=skipped
2026-06-17 23:59:23,292 INFO row_complete 2312/3960 dataset=barabasi_albert perturbation=community_weakening alpha=0.5 seed=2 workflow=diversity_curves_shortest_path status=skipped
2026-06-17 23:59:23,305 INFO row_complete 2313/3960 dataset=barabasi_albert perturbation=community_weakening alpha=0.6 seed=2 workflow=structural_statistics_mmd status=skipped
2026-06-17 23:59:23,306 INFO row_complete 2314/3960 dataset=barabasi_albert perturbation=community_weakening alpha=0.6 seed=2 workflow=wl_subtree_kernel_mmd status=skipped
2026-06-17 23:59:23,307 INFO row_complete 2315/3960 dataset=barabasi_albert perturbation=community_weakening alpha=0.6 seed=2 workflow=native_netlsd status=skipped
2026-06-17 23:59:23,308 INFO row_complete 2316/3960 dataset=barabasi_albert perturbation=community_weakening alpha=0.6 seed=2 workflow=diversity_curves_shortest_path status=skipped
2026-06-17 23:59:23,321 INFO row_complete 2317/3960 dataset=barabasi_albert perturbation=community_weakening alpha=0.7 seed=2 workflow=structural_statistics_mmd status=skipped
2026-06-17 23:59:23,322 INFO row_complete 2318/3960 dataset=barabasi_albert perturbation=community_weakening alpha=0.7 seed=2 workflow=wl_subtree_kernel_mmd status=skipped
2026-06-17 23:59:23,322 INFO row_complete 2319/3960 dataset=barabasi_albert perturbation=community_weakening alpha=0.7 seed=2 workflow=native_netlsd status=skipped
2026-06-17 23:59:23,323 INFO row_complete 2320/3960 dataset=barabasi_albert perturbation=community_weakening alpha=0.7 seed=2 workflow=diversity_curves_shortest_path status=skipped
2026-06-17 23:59:23,344 INFO row_complete 2321/3960 dataset=barabasi_albert perturbation=community_weakening alpha=0.8 seed=2 workflow=structural_statistics_mmd status=skipped
2026-06-17 23:59:23,345 INFO row_complete 2322/3960 dataset=barabasi_albert perturbation=community_weakening alpha=0.8 seed=2 workflow=wl_subtree_kernel_mmd status=skipped
2026-06-17 23:59:23,345 INFO row_complete 2323/3960 dataset=barabasi_albert perturbation=community_weakening alpha=0.8 seed=2 workflow=native_netlsd status=skipped
2026-06-17 23:59:23,346 INFO row_complete 2324/3960 dataset=barabasi_albert perturbation=community_weakening alpha=0.8 seed=2 workflow=diversity_curves_shortest_path status=skipped
2026-06-17 23:59:23,359 INFO row_complete 2325/3960 dataset=barabasi_albert perturbation=community_weakening alpha=0.9 seed=2 workflow=structural_statistics_mmd status=skipped
2026-06-17 23:59:23,360 INFO row_complete 2326/3960 dataset=barabasi_albert perturbation=community_weakening alpha=0.9 seed=2 workflow=wl_subtree_kernel_mmd status=skipped
2026-06-17 23:59:23,361 INFO row_complete 2327/3960 dataset=barabasi_albert perturbation=community_weakening alpha=0.9 seed=2 workflow=native_netlsd status=skipped
2026-06-17 23:59:23,361 INFO row_complete 2328/3960 dataset=barabasi_albert perturbation=community_weakening alpha=0.9 seed=2 workflow=diversity_curves_shortest_path status=skipped
2026-06-17 23:59:23,375 INFO row_complete 2329/3960 dataset=barabasi_albert perturbation=community_weakening alpha=1.0 seed=2 workflow=structural_statistics_mmd status=skipped
2026-06-17 23:59:23,376 INFO row_complete 2330/3960 dataset=barabasi_albert perturbation=community_weakening alpha=1.0 seed=2 workflow=wl_subtree_kernel_mmd status=skipped
2026-06-17 23:59:23,376 INFO row_complete 2331/3960 dataset=barabasi_albert perturbation=community_weakening alpha=1.0 seed=2 workflow=native_netlsd status=skipped
2026-06-17 23:59:23,377 INFO row_complete 2332/3960 dataset=barabasi_albert perturbation=community_weakening alpha=1.0 seed=2 workflow=diversity_curves_shortest_path status=skipped
2026-06-18 00:03:14,259 INFO row_complete 2333/3960 dataset=barabasi_albert perturbation=hub_modification alpha=0.0 seed=2 workflow=structural_statistics_mmd status=success
2026-06-18 00:03:14,260 INFO row_complete 2334/3960 dataset=barabasi_albert perturbation=hub_modification alpha=0.0 seed=2 workflow=wl_subtree_kernel_mmd status=success
2026-06-18 00:03:14,261 INFO row_complete 2335/3960 dataset=barabasi_albert perturbation=hub_modification alpha=0.0 seed=2 workflow=native_netlsd status=success
2026-06-18 00:03:14,262 INFO row_complete 2336/3960 dataset=barabasi_albert perturbation=hub_modification alpha=0.0 seed=2 workflow=diversity_curves_shortest_path status=success
2026-06-18 00:07:03,445 INFO row_complete 2337/3960 dataset=barabasi_albert perturbation=hub_modification alpha=0.1 seed=2 workflow=structural_statistics_mmd status=success
2026-06-18 00:07:03,446 INFO row_complete 2338/3960 dataset=barabasi_albert perturbation=hub_modification alpha=0.1 seed=2 workflow=wl_subtree_kernel_mmd status=success
2026-06-18 00:07:03,447 INFO row_complete 2339/3960 dataset=barabasi_albert perturbation=hub_modification alpha=0.1 seed=2 workflow=native_netlsd status=success
2026-06-18 00:07:03,448 INFO row_complete 2340/3960 dataset=barabasi_albert perturbation=hub_modification alpha=0.1 seed=2 workflow=diversity_curves_shortest_path status=success
2026-06-18 00:10:51,083 INFO row_complete 2341/3960 dataset=barabasi_albert perturbation=hub_modification alpha=0.2 seed=2 workflow=structural_statistics_mmd status=success
2026-06-18 00:10:51,084 INFO row_complete 2342/3960 dataset=barabasi_albert perturbation=hub_modification alpha=0.2 seed=2 workflow=wl_subtree_kernel_mmd status=success
2026-06-18 00:10:51,085 INFO row_complete 2343/3960 dataset=barabasi_albert perturbation=hub_modification alpha=0.2 seed=2 workflow=native_netlsd status=success
2026-06-18 00:10:51,085 INFO row_complete 2344/3960 dataset=barabasi_albert perturbation=hub_modification alpha=0.2 seed=2 workflow=diversity_curves_shortest_path status=success
2026-06-18 00:14:37,299 INFO row_complete 2345/3960 dataset=barabasi_albert perturbation=hub_modification alpha=0.3 seed=2 workflow=structural_statistics_mmd status=success
2026-06-18 00:14:37,300 INFO row_complete 2346/3960 dataset=barabasi_albert perturbation=hub_modification alpha=0.3 seed=2 workflow=wl_subtree_kernel_mmd status=success
2026-06-18 00:14:37,301 INFO row_complete 2347/3960 dataset=barabasi_albert perturbation=hub_modification alpha=0.3 seed=2 workflow=native_netlsd status=success
2026-06-18 00:14:37,302 INFO row_complete 2348/3960 dataset=barabasi_albert perturbation=hub_modification alpha=0.3 seed=2 workflow=diversity_curves_shortest_path status=success
2026-06-18 00:18:23,800 INFO row_complete 2349/3960 dataset=barabasi_albert perturbation=hub_modification alpha=0.4 seed=2 workflow=structural_statistics_mmd status=success
2026-06-18 00:18:23,801 INFO row_complete 2350/3960 dataset=barabasi_albert perturbation=hub_modification alpha=0.4 seed=2 workflow=wl_subtree_kernel_mmd status=success
2026-06-18 00:18:23,802 INFO row_complete 2351/3960 dataset=barabasi_albert perturbation=hub_modification alpha=0.4 seed=2 workflow=native_netlsd status=success
2026-06-18 00:18:23,803 INFO row_complete 2352/3960 dataset=barabasi_albert perturbation=hub_modification alpha=0.4 seed=2 workflow=diversity_curves_shortest_path status=success
2026-06-18 00:22:10,810 INFO row_complete 2353/3960 dataset=barabasi_albert perturbation=hub_modification alpha=0.5 seed=2 workflow=structural_statistics_mmd status=success
2026-06-18 00:22:10,811 INFO row_complete 2354/3960 dataset=barabasi_albert perturbation=hub_modification alpha=0.5 seed=2 workflow=wl_subtree_kernel_mmd status=success
2026-06-18 00:22:10,812 INFO row_complete 2355/3960 dataset=barabasi_albert perturbation=hub_modification alpha=0.5 seed=2 workflow=native_netlsd status=success
2026-06-18 00:22:10,813 INFO row_complete 2356/3960 dataset=barabasi_albert perturbation=hub_modification alpha=0.5 seed=2 workflow=diversity_curves_shortest_path status=success
2026-06-18 00:25:58,405 INFO row_complete 2357/3960 dataset=barabasi_albert perturbation=hub_modification alpha=0.6 seed=2 workflow=structural_statistics_mmd status=success
2026-06-18 00:25:58,406 INFO row_complete 2358/3960 dataset=barabasi_albert perturbation=hub_modification alpha=0.6 seed=2 workflow=wl_subtree_kernel_mmd status=success
2026-06-18 00:25:58,407 INFO row_complete 2359/3960 dataset=barabasi_albert perturbation=hub_modification alpha=0.6 seed=2 workflow=native_netlsd status=success
2026-06-18 00:25:58,408 INFO row_complete 2360/3960 dataset=barabasi_albert perturbation=hub_modification alpha=0.6 seed=2 workflow=diversity_curves_shortest_path status=success
2026-06-18 00:29:45,860 INFO row_complete 2361/3960 dataset=barabasi_albert perturbation=hub_modification alpha=0.7 seed=2 workflow=structural_statistics_mmd status=success
2026-06-18 00:29:45,862 INFO row_complete 2362/3960 dataset=barabasi_albert perturbation=hub_modification alpha=0.7 seed=2 workflow=wl_subtree_kernel_mmd status=success
2026-06-18 00:29:45,863 INFO row_complete 2363/3960 dataset=barabasi_albert perturbation=hub_modification alpha=0.7 seed=2 workflow=native_netlsd status=success
2026-06-18 00:29:45,863 INFO row_complete 2364/3960 dataset=barabasi_albert perturbation=hub_modification alpha=0.7 seed=2 workflow=diversity_curves_shortest_path status=success
2026-06-18 00:33:33,749 INFO row_complete 2365/3960 dataset=barabasi_albert perturbation=hub_modification alpha=0.8 seed=2 workflow=structural_statistics_mmd status=success
2026-06-18 00:33:33,750 INFO row_complete 2366/3960 dataset=barabasi_albert perturbation=hub_modification alpha=0.8 seed=2 workflow=wl_subtree_kernel_mmd status=success
2026-06-18 00:33:33,751 INFO row_complete 2367/3960 dataset=barabasi_albert perturbation=hub_modification alpha=0.8 seed=2 workflow=native_netlsd status=success
2026-06-18 00:33:33,752 INFO row_complete 2368/3960 dataset=barabasi_albert perturbation=hub_modification alpha=0.8 seed=2 workflow=diversity_curves_shortest_path status=success
2026-06-18 00:37:21,588 INFO row_complete 2369/3960 dataset=barabasi_albert perturbation=hub_modification alpha=0.9 seed=2 workflow=structural_statistics_mmd status=success
2026-06-18 00:37:21,589 INFO row_complete 2370/3960 dataset=barabasi_albert perturbation=hub_modification alpha=0.9 seed=2 workflow=wl_subtree_kernel_mmd status=success
2026-06-18 00:37:21,590 INFO row_complete 2371/3960 dataset=barabasi_albert perturbation=hub_modification alpha=0.9 seed=2 workflow=native_netlsd status=success
2026-06-18 00:37:21,591 INFO row_complete 2372/3960 dataset=barabasi_albert perturbation=hub_modification alpha=0.9 seed=2 workflow=diversity_curves_shortest_path status=success
2026-06-18 00:41:09,600 INFO row_complete 2373/3960 dataset=barabasi_albert perturbation=hub_modification alpha=1.0 seed=2 workflow=structural_statistics_mmd status=success
2026-06-18 00:41:09,602 INFO row_complete 2374/3960 dataset=barabasi_albert perturbation=hub_modification alpha=1.0 seed=2 workflow=wl_subtree_kernel_mmd status=success
2026-06-18 00:41:09,602 INFO row_complete 2375/3960 dataset=barabasi_albert perturbation=hub_modification alpha=1.0 seed=2 workflow=native_netlsd status=success
2026-06-18 00:41:09,603 INFO row_complete 2376/3960 dataset=barabasi_albert perturbation=hub_modification alpha=1.0 seed=2 workflow=diversity_curves_shortest_path status=success
2026-06-18 00:46:36,082 INFO row_complete 2377/3960 dataset=erdos_renyi perturbation=edge_insertion alpha=0.0 seed=3 workflow=structural_statistics_mmd status=success
2026-06-18 00:46:36,083 INFO row_complete 2378/3960 dataset=erdos_renyi perturbation=edge_insertion alpha=0.0 seed=3 workflow=wl_subtree_kernel_mmd status=success
2026-06-18 00:46:36,084 INFO row_complete 2379/3960 dataset=erdos_renyi perturbation=edge_insertion alpha=0.0 seed=3 workflow=native_netlsd status=success
2026-06-18 00:46:36,085 INFO row_complete 2380/3960 dataset=erdos_renyi perturbation=edge_insertion alpha=0.0 seed=3 workflow=diversity_curves_shortest_path status=success
2026-06-18 00:52:19,093 INFO row_complete 2381/3960 dataset=erdos_renyi perturbation=edge_insertion alpha=0.1 seed=3 workflow=structural_statistics_mmd status=success
2026-06-18 00:52:19,094 INFO row_complete 2382/3960 dataset=erdos_renyi perturbation=edge_insertion alpha=0.1 seed=3 workflow=wl_subtree_kernel_mmd status=success
2026-06-18 00:52:19,095 INFO row_complete 2383/3960 dataset=erdos_renyi perturbation=edge_insertion alpha=0.1 seed=3 workflow=native_netlsd status=success
2026-06-18 00:52:19,096 INFO row_complete 2384/3960 dataset=erdos_renyi perturbation=edge_insertion alpha=0.1 seed=3 workflow=diversity_curves_shortest_path status=success
2026-06-18 00:58:18,982 INFO row_complete 2385/3960 dataset=erdos_renyi perturbation=edge_insertion alpha=0.2 seed=3 workflow=structural_statistics_mmd status=success
2026-06-18 00:58:18,983 INFO row_complete 2386/3960 dataset=erdos_renyi perturbation=edge_insertion alpha=0.2 seed=3 workflow=wl_subtree_kernel_mmd status=success
2026-06-18 00:58:18,984 INFO row_complete 2387/3960 dataset=erdos_renyi perturbation=edge_insertion alpha=0.2 seed=3 workflow=native_netlsd status=success
2026-06-18 00:58:18,985 INFO row_complete 2388/3960 dataset=erdos_renyi perturbation=edge_insertion alpha=0.2 seed=3 workflow=diversity_curves_shortest_path status=success
2026-06-18 01:04:35,064 INFO row_complete 2389/3960 dataset=erdos_renyi perturbation=edge_insertion alpha=0.3 seed=3 workflow=structural_statistics_mmd status=success
2026-06-18 01:04:35,065 INFO row_complete 2390/3960 dataset=erdos_renyi perturbation=edge_insertion alpha=0.3 seed=3 workflow=wl_subtree_kernel_mmd status=success
2026-06-18 01:04:35,065 INFO row_complete 2391/3960 dataset=erdos_renyi perturbation=edge_insertion alpha=0.3 seed=3 workflow=native_netlsd status=success
2026-06-18 01:04:35,066 INFO row_complete 2392/3960 dataset=erdos_renyi perturbation=edge_insertion alpha=0.3 seed=3 workflow=diversity_curves_shortest_path status=success
2026-06-18 01:11:09,529 INFO row_complete 2393/3960 dataset=erdos_renyi perturbation=edge_insertion alpha=0.4 seed=3 workflow=structural_statistics_mmd status=success
2026-06-18 01:11:09,530 INFO row_complete 2394/3960 dataset=erdos_renyi perturbation=edge_insertion alpha=0.4 seed=3 workflow=wl_subtree_kernel_mmd status=success
2026-06-18 01:11:09,531 INFO row_complete 2395/3960 dataset=erdos_renyi perturbation=edge_insertion alpha=0.4 seed=3 workflow=native_netlsd status=success
2026-06-18 01:11:09,532 INFO row_complete 2396/3960 dataset=erdos_renyi perturbation=edge_insertion alpha=0.4 seed=3 workflow=diversity_curves_shortest_path status=success
2026-06-18 01:18:03,052 INFO row_complete 2397/3960 dataset=erdos_renyi perturbation=edge_insertion alpha=0.5 seed=3 workflow=structural_statistics_mmd status=success
2026-06-18 01:18:03,053 INFO row_complete 2398/3960 dataset=erdos_renyi perturbation=edge_insertion alpha=0.5 seed=3 workflow=wl_subtree_kernel_mmd status=success
2026-06-18 01:18:03,054 INFO row_complete 2399/3960 dataset=erdos_renyi perturbation=edge_insertion alpha=0.5 seed=3 workflow=native_netlsd status=success
2026-06-18 01:18:03,055 INFO row_complete 2400/3960 dataset=erdos_renyi perturbation=edge_insertion alpha=0.5 seed=3 workflow=diversity_curves_shortest_path status=success
2026-06-18 01:25:17,282 INFO row_complete 2401/3960 dataset=erdos_renyi perturbation=edge_insertion alpha=0.6 seed=3 workflow=structural_statistics_mmd status=success
2026-06-18 01:25:17,283 INFO row_complete 2402/3960 dataset=erdos_renyi perturbation=edge_insertion alpha=0.6 seed=3 workflow=wl_subtree_kernel_mmd status=success
2026-06-18 01:25:17,284 INFO row_complete 2403/3960 dataset=erdos_renyi perturbation=edge_insertion alpha=0.6 seed=3 workflow=native_netlsd status=success
2026-06-18 01:25:17,285 INFO row_complete 2404/3960 dataset=erdos_renyi perturbation=edge_insertion alpha=0.6 seed=3 workflow=diversity_curves_shortest_path status=success
2026-06-18 01:32:52,335 INFO row_complete 2405/3960 dataset=erdos_renyi perturbation=edge_insertion alpha=0.7 seed=3 workflow=structural_statistics_mmd status=success
2026-06-18 01:32:52,336 INFO row_complete 2406/3960 dataset=erdos_renyi perturbation=edge_insertion alpha=0.7 seed=3 workflow=wl_subtree_kernel_mmd status=success
2026-06-18 01:32:52,337 INFO row_complete 2407/3960 dataset=erdos_renyi perturbation=edge_insertion alpha=0.7 seed=3 workflow=native_netlsd status=success
2026-06-18 01:32:52,338 INFO row_complete 2408/3960 dataset=erdos_renyi perturbation=edge_insertion alpha=0.7 seed=3 workflow=diversity_curves_shortest_path status=success
2026-06-18 01:40:53,666 INFO row_complete 2409/3960 dataset=erdos_renyi perturbation=edge_insertion alpha=0.8 seed=3 workflow=structural_statistics_mmd status=success
2026-06-18 01:40:53,667 INFO row_complete 2410/3960 dataset=erdos_renyi perturbation=edge_insertion alpha=0.8 seed=3 workflow=wl_subtree_kernel_mmd status=success
2026-06-18 01:40:53,668 INFO row_complete 2411/3960 dataset=erdos_renyi perturbation=edge_insertion alpha=0.8 seed=3 workflow=native_netlsd status=success
2026-06-18 01:40:53,668 INFO row_complete 2412/3960 dataset=erdos_renyi perturbation=edge_insertion alpha=0.8 seed=3 workflow=diversity_curves_shortest_path status=success
2026-06-18 01:49:16,800 INFO row_complete 2413/3960 dataset=erdos_renyi perturbation=edge_insertion alpha=0.9 seed=3 workflow=structural_statistics_mmd status=success
2026-06-18 01:49:16,802 INFO row_complete 2414/3960 dataset=erdos_renyi perturbation=edge_insertion alpha=0.9 seed=3 workflow=wl_subtree_kernel_mmd status=success
2026-06-18 01:49:16,803 INFO row_complete 2415/3960 dataset=erdos_renyi perturbation=edge_insertion alpha=0.9 seed=3 workflow=native_netlsd status=success
2026-06-18 01:49:16,804 INFO row_complete 2416/3960 dataset=erdos_renyi perturbation=edge_insertion alpha=0.9 seed=3 workflow=diversity_curves_shortest_path status=success
2026-06-18 01:58:07,887 INFO row_complete 2417/3960 dataset=erdos_renyi perturbation=edge_insertion alpha=1.0 seed=3 workflow=structural_statistics_mmd status=success
2026-06-18 01:58:07,888 INFO row_complete 2418/3960 dataset=erdos_renyi perturbation=edge_insertion alpha=1.0 seed=3 workflow=wl_subtree_kernel_mmd status=success
2026-06-18 01:58:07,889 INFO row_complete 2419/3960 dataset=erdos_renyi perturbation=edge_insertion alpha=1.0 seed=3 workflow=native_netlsd status=success
2026-06-18 01:58:07,890 INFO row_complete 2420/3960 dataset=erdos_renyi perturbation=edge_insertion alpha=1.0 seed=3 workflow=diversity_curves_shortest_path status=success
2026-06-18 02:03:35,186 INFO row_complete 2421/3960 dataset=erdos_renyi perturbation=edge_deletion alpha=0.0 seed=3 workflow=structural_statistics_mmd status=success
2026-06-18 02:03:35,187 INFO row_complete 2422/3960 dataset=erdos_renyi perturbation=edge_deletion alpha=0.0 seed=3 workflow=wl_subtree_kernel_mmd status=success
2026-06-18 02:03:35,188 INFO row_complete 2423/3960 dataset=erdos_renyi perturbation=edge_deletion alpha=0.0 seed=3 workflow=native_netlsd status=success
2026-06-18 02:03:35,189 INFO row_complete 2424/3960 dataset=erdos_renyi perturbation=edge_deletion alpha=0.0 seed=3 workflow=diversity_curves_shortest_path status=success
2026-06-18 02:08:47,959 INFO row_complete 2425/3960 dataset=erdos_renyi perturbation=edge_deletion alpha=0.1 seed=3 workflow=structural_statistics_mmd status=success
2026-06-18 02:08:47,961 INFO row_complete 2426/3960 dataset=erdos_renyi perturbation=edge_deletion alpha=0.1 seed=3 workflow=wl_subtree_kernel_mmd status=success
2026-06-18 02:08:47,961 INFO row_complete 2427/3960 dataset=erdos_renyi perturbation=edge_deletion alpha=0.1 seed=3 workflow=native_netlsd status=success
2026-06-18 02:08:47,962 INFO row_complete 2428/3960 dataset=erdos_renyi perturbation=edge_deletion alpha=0.1 seed=3 workflow=diversity_curves_shortest_path status=success
2026-06-18 02:13:46,687 INFO row_complete 2429/3960 dataset=erdos_renyi perturbation=edge_deletion alpha=0.2 seed=3 workflow=structural_statistics_mmd status=success
2026-06-18 02:13:46,688 INFO row_complete 2430/3960 dataset=erdos_renyi perturbation=edge_deletion alpha=0.2 seed=3 workflow=wl_subtree_kernel_mmd status=success
2026-06-18 02:13:46,689 INFO row_complete 2431/3960 dataset=erdos_renyi perturbation=edge_deletion alpha=0.2 seed=3 workflow=native_netlsd status=success
2026-06-18 02:13:46,689 INFO row_complete 2432/3960 dataset=erdos_renyi perturbation=edge_deletion alpha=0.2 seed=3 workflow=diversity_curves_shortest_path status=success
2026-06-18 02:18:31,924 INFO row_complete 2433/3960 dataset=erdos_renyi perturbation=edge_deletion alpha=0.3 seed=3 workflow=structural_statistics_mmd status=success
2026-06-18 02:18:31,926 INFO row_complete 2434/3960 dataset=erdos_renyi perturbation=edge_deletion alpha=0.3 seed=3 workflow=wl_subtree_kernel_mmd status=success
2026-06-18 02:18:31,926 INFO row_complete 2435/3960 dataset=erdos_renyi perturbation=edge_deletion alpha=0.3 seed=3 workflow=native_netlsd status=success
2026-06-18 02:18:31,927 INFO row_complete 2436/3960 dataset=erdos_renyi perturbation=edge_deletion alpha=0.3 seed=3 workflow=diversity_curves_shortest_path status=success
2026-06-18 02:23:03,654 INFO row_complete 2437/3960 dataset=erdos_renyi perturbation=edge_deletion alpha=0.4 seed=3 workflow=structural_statistics_mmd status=success
2026-06-18 02:23:03,655 INFO row_complete 2438/3960 dataset=erdos_renyi perturbation=edge_deletion alpha=0.4 seed=3 workflow=wl_subtree_kernel_mmd status=success
2026-06-18 02:23:03,656 INFO row_complete 2439/3960 dataset=erdos_renyi perturbation=edge_deletion alpha=0.4 seed=3 workflow=native_netlsd status=success
2026-06-18 02:23:03,656 INFO row_complete 2440/3960 dataset=erdos_renyi perturbation=edge_deletion alpha=0.4 seed=3 workflow=diversity_curves_shortest_path status=success
2026-06-18 02:27:23,639 INFO row_complete 2441/3960 dataset=erdos_renyi perturbation=edge_deletion alpha=0.5 seed=3 workflow=structural_statistics_mmd status=success
2026-06-18 02:27:23,640 INFO row_complete 2442/3960 dataset=erdos_renyi perturbation=edge_deletion alpha=0.5 seed=3 workflow=wl_subtree_kernel_mmd status=success
2026-06-18 02:27:23,640 INFO row_complete 2443/3960 dataset=erdos_renyi perturbation=edge_deletion alpha=0.5 seed=3 workflow=native_netlsd status=success
2026-06-18 02:27:23,641 INFO row_complete 2444/3960 dataset=erdos_renyi perturbation=edge_deletion alpha=0.5 seed=3 workflow=diversity_curves_shortest_path status=success
2026-06-18 02:31:31,227 INFO row_complete 2445/3960 dataset=erdos_renyi perturbation=edge_deletion alpha=0.6 seed=3 workflow=structural_statistics_mmd status=success
2026-06-18 02:31:31,228 INFO row_complete 2446/3960 dataset=erdos_renyi perturbation=edge_deletion alpha=0.6 seed=3 workflow=wl_subtree_kernel_mmd status=success
2026-06-18 02:31:31,229 INFO row_complete 2447/3960 dataset=erdos_renyi perturbation=edge_deletion alpha=0.6 seed=3 workflow=native_netlsd status=success
2026-06-18 02:31:31,230 INFO row_complete 2448/3960 dataset=erdos_renyi perturbation=edge_deletion alpha=0.6 seed=3 workflow=diversity_curves_shortest_path status=success
2026-06-18 02:35:25,655 INFO row_complete 2449/3960 dataset=erdos_renyi perturbation=edge_deletion alpha=0.7 seed=3 workflow=structural_statistics_mmd status=success
2026-06-18 02:35:25,655 INFO row_complete 2450/3960 dataset=erdos_renyi perturbation=edge_deletion alpha=0.7 seed=3 workflow=wl_subtree_kernel_mmd status=success
2026-06-18 02:35:25,656 INFO row_complete 2451/3960 dataset=erdos_renyi perturbation=edge_deletion alpha=0.7 seed=3 workflow=native_netlsd status=success
2026-06-18 02:35:25,657 INFO row_complete 2452/3960 dataset=erdos_renyi perturbation=edge_deletion alpha=0.7 seed=3 workflow=diversity_curves_shortest_path status=success
2026-06-18 02:38:50,161 INFO row_complete 2453/3960 dataset=erdos_renyi perturbation=edge_deletion alpha=0.8 seed=3 workflow=structural_statistics_mmd status=success
2026-06-18 02:38:50,162 INFO row_complete 2454/3960 dataset=erdos_renyi perturbation=edge_deletion alpha=0.8 seed=3 workflow=wl_subtree_kernel_mmd status=success
2026-06-18 02:38:50,163 INFO row_complete 2455/3960 dataset=erdos_renyi perturbation=edge_deletion alpha=0.8 seed=3 workflow=native_netlsd status=success
2026-06-18 02:38:50,164 INFO row_complete 2456/3960 dataset=erdos_renyi perturbation=edge_deletion alpha=0.8 seed=3 workflow=diversity_curves_shortest_path status=success
2026-06-18 02:41:45,378 INFO row_complete 2457/3960 dataset=erdos_renyi perturbation=edge_deletion alpha=0.9 seed=3 workflow=structural_statistics_mmd status=success
2026-06-18 02:41:45,379 INFO row_complete 2458/3960 dataset=erdos_renyi perturbation=edge_deletion alpha=0.9 seed=3 workflow=wl_subtree_kernel_mmd status=success
2026-06-18 02:41:45,380 INFO row_complete 2459/3960 dataset=erdos_renyi perturbation=edge_deletion alpha=0.9 seed=3 workflow=native_netlsd status=success
2026-06-18 02:41:45,381 INFO row_complete 2460/3960 dataset=erdos_renyi perturbation=edge_deletion alpha=0.9 seed=3 workflow=diversity_curves_shortest_path status=success
2026-06-18 02:44:33,965 INFO row_complete 2461/3960 dataset=erdos_renyi perturbation=edge_deletion alpha=1.0 seed=3 workflow=structural_statistics_mmd status=success
2026-06-18 02:44:33,966 INFO row_complete 2462/3960 dataset=erdos_renyi perturbation=edge_deletion alpha=1.0 seed=3 workflow=wl_subtree_kernel_mmd status=success
2026-06-18 02:44:33,967 INFO row_complete 2463/3960 dataset=erdos_renyi perturbation=edge_deletion alpha=1.0 seed=3 workflow=native_netlsd status=success
2026-06-18 02:44:33,968 INFO row_complete 2464/3960 dataset=erdos_renyi perturbation=edge_deletion alpha=1.0 seed=3 workflow=diversity_curves_shortest_path status=success
2026-06-18 02:50:01,741 INFO row_complete 2465/3960 dataset=erdos_renyi perturbation=triangle_insertion alpha=0.0 seed=3 workflow=structural_statistics_mmd status=success
2026-06-18 02:50:01,743 INFO row_complete 2466/3960 dataset=erdos_renyi perturbation=triangle_insertion alpha=0.0 seed=3 workflow=wl_subtree_kernel_mmd status=success
2026-06-18 02:50:01,744 INFO row_complete 2467/3960 dataset=erdos_renyi perturbation=triangle_insertion alpha=0.0 seed=3 workflow=native_netlsd status=success
2026-06-18 02:50:01,745 INFO row_complete 2468/3960 dataset=erdos_renyi perturbation=triangle_insertion alpha=0.0 seed=3 workflow=diversity_curves_shortest_path status=success
2026-06-18 02:55:43,175 INFO row_complete 2469/3960 dataset=erdos_renyi perturbation=triangle_insertion alpha=0.1 seed=3 workflow=structural_statistics_mmd status=success
2026-06-18 02:55:43,176 INFO row_complete 2470/3960 dataset=erdos_renyi perturbation=triangle_insertion alpha=0.1 seed=3 workflow=wl_subtree_kernel_mmd status=success
2026-06-18 02:55:43,176 INFO row_complete 2471/3960 dataset=erdos_renyi perturbation=triangle_insertion alpha=0.1 seed=3 workflow=native_netlsd status=success
2026-06-18 02:55:43,177 INFO row_complete 2472/3960 dataset=erdos_renyi perturbation=triangle_insertion alpha=0.1 seed=3 workflow=diversity_curves_shortest_path status=success
2026-06-18 03:01:37,538 INFO row_complete 2473/3960 dataset=erdos_renyi perturbation=triangle_insertion alpha=0.2 seed=3 workflow=structural_statistics_mmd status=success
2026-06-18 03:01:37,540 INFO row_complete 2474/3960 dataset=erdos_renyi perturbation=triangle_insertion alpha=0.2 seed=3 workflow=wl_subtree_kernel_mmd status=success
2026-06-18 03:01:37,541 INFO row_complete 2475/3960 dataset=erdos_renyi perturbation=triangle_insertion alpha=0.2 seed=3 workflow=native_netlsd status=success
2026-06-18 03:01:37,541 INFO row_complete 2476/3960 dataset=erdos_renyi perturbation=triangle_insertion alpha=0.2 seed=3 workflow=diversity_curves_shortest_path status=success
2026-06-18 03:07:48,048 INFO row_complete 2477/3960 dataset=erdos_renyi perturbation=triangle_insertion alpha=0.3 seed=3 workflow=structural_statistics_mmd status=success
2026-06-18 03:07:48,049 INFO row_complete 2478/3960 dataset=erdos_renyi perturbation=triangle_insertion alpha=0.3 seed=3 workflow=wl_subtree_kernel_mmd status=success
2026-06-18 03:07:48,050 INFO row_complete 2479/3960 dataset=erdos_renyi perturbation=triangle_insertion alpha=0.3 seed=3 workflow=native_netlsd status=success
2026-06-18 03:07:48,051 INFO row_complete 2480/3960 dataset=erdos_renyi perturbation=triangle_insertion alpha=0.3 seed=3 workflow=diversity_curves_shortest_path status=success
2026-06-18 03:14:14,080 INFO row_complete 2481/3960 dataset=erdos_renyi perturbation=triangle_insertion alpha=0.4 seed=3 workflow=structural_statistics_mmd status=success
2026-06-18 03:14:14,081 INFO row_complete 2482/3960 dataset=erdos_renyi perturbation=triangle_insertion alpha=0.4 seed=3 workflow=wl_subtree_kernel_mmd status=success
2026-06-18 03:14:14,082 INFO row_complete 2483/3960 dataset=erdos_renyi perturbation=triangle_insertion alpha=0.4 seed=3 workflow=native_netlsd status=success
2026-06-18 03:14:14,082 INFO row_complete 2484/3960 dataset=erdos_renyi perturbation=triangle_insertion alpha=0.4 seed=3 workflow=diversity_curves_shortest_path status=success
2026-06-18 03:20:57,539 INFO row_complete 2485/3960 dataset=erdos_renyi perturbation=triangle_insertion alpha=0.5 seed=3 workflow=structural_statistics_mmd status=success
2026-06-18 03:20:57,540 INFO row_complete 2486/3960 dataset=erdos_renyi perturbation=triangle_insertion alpha=0.5 seed=3 workflow=wl_subtree_kernel_mmd status=success
2026-06-18 03:20:57,541 INFO row_complete 2487/3960 dataset=erdos_renyi perturbation=triangle_insertion alpha=0.5 seed=3 workflow=native_netlsd status=success
2026-06-18 03:20:57,542 INFO row_complete 2488/3960 dataset=erdos_renyi perturbation=triangle_insertion alpha=0.5 seed=3 workflow=diversity_curves_shortest_path status=success
2026-06-18 03:28:01,854 INFO row_complete 2489/3960 dataset=erdos_renyi perturbation=triangle_insertion alpha=0.6 seed=3 workflow=structural_statistics_mmd status=success
2026-06-18 03:28:01,855 INFO row_complete 2490/3960 dataset=erdos_renyi perturbation=triangle_insertion alpha=0.6 seed=3 workflow=wl_subtree_kernel_mmd status=success
2026-06-18 03:28:01,856 INFO row_complete 2491/3960 dataset=erdos_renyi perturbation=triangle_insertion alpha=0.6 seed=3 workflow=native_netlsd status=success
2026-06-18 03:28:01,857 INFO row_complete 2492/3960 dataset=erdos_renyi perturbation=triangle_insertion alpha=0.6 seed=3 workflow=diversity_curves_shortest_path status=success
2026-06-18 03:35:28,506 INFO row_complete 2493/3960 dataset=erdos_renyi perturbation=triangle_insertion alpha=0.7 seed=3 workflow=structural_statistics_mmd status=success
2026-06-18 03:35:28,507 INFO row_complete 2494/3960 dataset=erdos_renyi perturbation=triangle_insertion alpha=0.7 seed=3 workflow=wl_subtree_kernel_mmd status=success
2026-06-18 03:35:28,507 INFO row_complete 2495/3960 dataset=erdos_renyi perturbation=triangle_insertion alpha=0.7 seed=3 workflow=native_netlsd status=success
2026-06-18 03:35:28,508 INFO row_complete 2496/3960 dataset=erdos_renyi perturbation=triangle_insertion alpha=0.7 seed=3 workflow=diversity_curves_shortest_path status=success
2026-06-18 03:43:14,929 INFO row_complete 2497/3960 dataset=erdos_renyi perturbation=triangle_insertion alpha=0.8 seed=3 workflow=structural_statistics_mmd status=success
2026-06-18 03:43:14,930 INFO row_complete 2498/3960 dataset=erdos_renyi perturbation=triangle_insertion alpha=0.8 seed=3 workflow=wl_subtree_kernel_mmd status=success
2026-06-18 03:43:14,931 INFO row_complete 2499/3960 dataset=erdos_renyi perturbation=triangle_insertion alpha=0.8 seed=3 workflow=native_netlsd status=success
2026-06-18 03:43:14,931 INFO row_complete 2500/3960 dataset=erdos_renyi perturbation=triangle_insertion alpha=0.8 seed=3 workflow=diversity_curves_shortest_path status=success
2026-06-18 03:51:25,050 INFO row_complete 2501/3960 dataset=erdos_renyi perturbation=triangle_insertion alpha=0.9 seed=3 workflow=structural_statistics_mmd status=success
2026-06-18 03:51:25,051 INFO row_complete 2502/3960 dataset=erdos_renyi perturbation=triangle_insertion alpha=0.9 seed=3 workflow=wl_subtree_kernel_mmd status=success
2026-06-18 03:51:25,052 INFO row_complete 2503/3960 dataset=erdos_renyi perturbation=triangle_insertion alpha=0.9 seed=3 workflow=native_netlsd status=success
2026-06-18 03:51:25,053 INFO row_complete 2504/3960 dataset=erdos_renyi perturbation=triangle_insertion alpha=0.9 seed=3 workflow=diversity_curves_shortest_path status=success
2026-06-18 03:59:58,307 INFO row_complete 2505/3960 dataset=erdos_renyi perturbation=triangle_insertion alpha=1.0 seed=3 workflow=structural_statistics_mmd status=success
2026-06-18 03:59:58,308 INFO row_complete 2506/3960 dataset=erdos_renyi perturbation=triangle_insertion alpha=1.0 seed=3 workflow=wl_subtree_kernel_mmd status=success
2026-06-18 03:59:58,309 INFO row_complete 2507/3960 dataset=erdos_renyi perturbation=triangle_insertion alpha=1.0 seed=3 workflow=native_netlsd status=success
2026-06-18 03:59:58,309 INFO row_complete 2508/3960 dataset=erdos_renyi perturbation=triangle_insertion alpha=1.0 seed=3 workflow=diversity_curves_shortest_path status=success
2026-06-18 04:05:26,621 INFO row_complete 2509/3960 dataset=erdos_renyi perturbation=triangle_deletion alpha=0.0 seed=3 workflow=structural_statistics_mmd status=success
2026-06-18 04:05:26,622 INFO row_complete 2510/3960 dataset=erdos_renyi perturbation=triangle_deletion alpha=0.0 seed=3 workflow=wl_subtree_kernel_mmd status=success
2026-06-18 04:05:26,623 INFO row_complete 2511/3960 dataset=erdos_renyi perturbation=triangle_deletion alpha=0.0 seed=3 workflow=native_netlsd status=success
2026-06-18 04:05:26,624 INFO row_complete 2512/3960 dataset=erdos_renyi perturbation=triangle_deletion alpha=0.0 seed=3 workflow=diversity_curves_shortest_path status=success
2026-06-18 04:10:41,118 INFO row_complete 2513/3960 dataset=erdos_renyi perturbation=triangle_deletion alpha=0.1 seed=3 workflow=structural_statistics_mmd status=success
2026-06-18 04:10:41,119 INFO row_complete 2514/3960 dataset=erdos_renyi perturbation=triangle_deletion alpha=0.1 seed=3 workflow=wl_subtree_kernel_mmd status=success
2026-06-18 04:10:41,120 INFO row_complete 2515/3960 dataset=erdos_renyi perturbation=triangle_deletion alpha=0.1 seed=3 workflow=native_netlsd status=success
2026-06-18 04:10:41,121 INFO row_complete 2516/3960 dataset=erdos_renyi perturbation=triangle_deletion alpha=0.1 seed=3 workflow=diversity_curves_shortest_path status=success
2026-06-18 04:15:43,170 INFO row_complete 2517/3960 dataset=erdos_renyi perturbation=triangle_deletion alpha=0.2 seed=3 workflow=structural_statistics_mmd status=success
2026-06-18 04:15:43,171 INFO row_complete 2518/3960 dataset=erdos_renyi perturbation=triangle_deletion alpha=0.2 seed=3 workflow=wl_subtree_kernel_mmd status=success
2026-06-18 04:15:43,171 INFO row_complete 2519/3960 dataset=erdos_renyi perturbation=triangle_deletion alpha=0.2 seed=3 workflow=native_netlsd status=success
2026-06-18 04:15:43,172 INFO row_complete 2520/3960 dataset=erdos_renyi perturbation=triangle_deletion alpha=0.2 seed=3 workflow=diversity_curves_shortest_path status=success
2026-06-18 04:20:32,019 INFO row_complete 2521/3960 dataset=erdos_renyi perturbation=triangle_deletion alpha=0.3 seed=3 workflow=structural_statistics_mmd status=success
2026-06-18 04:20:32,020 INFO row_complete 2522/3960 dataset=erdos_renyi perturbation=triangle_deletion alpha=0.3 seed=3 workflow=wl_subtree_kernel_mmd status=success
2026-06-18 04:20:32,021 INFO row_complete 2523/3960 dataset=erdos_renyi perturbation=triangle_deletion alpha=0.3 seed=3 workflow=native_netlsd status=success
2026-06-18 04:20:32,022 INFO row_complete 2524/3960 dataset=erdos_renyi perturbation=triangle_deletion alpha=0.3 seed=3 workflow=diversity_curves_shortest_path status=success
2026-06-18 04:25:07,437 INFO row_complete 2525/3960 dataset=erdos_renyi perturbation=triangle_deletion alpha=0.4 seed=3 workflow=structural_statistics_mmd status=success
2026-06-18 04:25:07,438 INFO row_complete 2526/3960 dataset=erdos_renyi perturbation=triangle_deletion alpha=0.4 seed=3 workflow=wl_subtree_kernel_mmd status=success
2026-06-18 04:25:07,439 INFO row_complete 2527/3960 dataset=erdos_renyi perturbation=triangle_deletion alpha=0.4 seed=3 workflow=native_netlsd status=success
2026-06-18 04:25:07,439 INFO row_complete 2528/3960 dataset=erdos_renyi perturbation=triangle_deletion alpha=0.4 seed=3 workflow=diversity_curves_shortest_path status=success
2026-06-18 04:29:33,185 INFO row_complete 2529/3960 dataset=erdos_renyi perturbation=triangle_deletion alpha=0.5 seed=3 workflow=structural_statistics_mmd status=success
2026-06-18 04:29:33,186 INFO row_complete 2530/3960 dataset=erdos_renyi perturbation=triangle_deletion alpha=0.5 seed=3 workflow=wl_subtree_kernel_mmd status=success
2026-06-18 04:29:33,187 INFO row_complete 2531/3960 dataset=erdos_renyi perturbation=triangle_deletion alpha=0.5 seed=3 workflow=native_netlsd status=success
2026-06-18 04:29:33,188 INFO row_complete 2532/3960 dataset=erdos_renyi perturbation=triangle_deletion alpha=0.5 seed=3 workflow=diversity_curves_shortest_path status=success
2026-06-18 04:33:54,420 INFO row_complete 2533/3960 dataset=erdos_renyi perturbation=triangle_deletion alpha=0.6 seed=3 workflow=structural_statistics_mmd status=success
2026-06-18 04:33:54,421 INFO row_complete 2534/3960 dataset=erdos_renyi perturbation=triangle_deletion alpha=0.6 seed=3 workflow=wl_subtree_kernel_mmd status=success
2026-06-18 04:33:54,422 INFO row_complete 2535/3960 dataset=erdos_renyi perturbation=triangle_deletion alpha=0.6 seed=3 workflow=native_netlsd status=success
2026-06-18 04:33:54,423 INFO row_complete 2536/3960 dataset=erdos_renyi perturbation=triangle_deletion alpha=0.6 seed=3 workflow=diversity_curves_shortest_path status=success
2026-06-18 04:38:15,683 INFO row_complete 2537/3960 dataset=erdos_renyi perturbation=triangle_deletion alpha=0.7 seed=3 workflow=structural_statistics_mmd status=success
2026-06-18 04:38:15,684 INFO row_complete 2538/3960 dataset=erdos_renyi perturbation=triangle_deletion alpha=0.7 seed=3 workflow=wl_subtree_kernel_mmd status=success
2026-06-18 04:38:15,684 INFO row_complete 2539/3960 dataset=erdos_renyi perturbation=triangle_deletion alpha=0.7 seed=3 workflow=native_netlsd status=success
2026-06-18 04:38:15,685 INFO row_complete 2540/3960 dataset=erdos_renyi perturbation=triangle_deletion alpha=0.7 seed=3 workflow=diversity_curves_shortest_path status=success
2026-06-18 04:42:36,628 INFO row_complete 2541/3960 dataset=erdos_renyi perturbation=triangle_deletion alpha=0.8 seed=3 workflow=structural_statistics_mmd status=success
2026-06-18 04:42:36,629 INFO row_complete 2542/3960 dataset=erdos_renyi perturbation=triangle_deletion alpha=0.8 seed=3 workflow=wl_subtree_kernel_mmd status=success
2026-06-18 04:42:36,630 INFO row_complete 2543/3960 dataset=erdos_renyi perturbation=triangle_deletion alpha=0.8 seed=3 workflow=native_netlsd status=success
2026-06-18 04:42:36,631 INFO row_complete 2544/3960 dataset=erdos_renyi perturbation=triangle_deletion alpha=0.8 seed=3 workflow=diversity_curves_shortest_path status=success
2026-06-18 04:46:57,497 INFO row_complete 2545/3960 dataset=erdos_renyi perturbation=triangle_deletion alpha=0.9 seed=3 workflow=structural_statistics_mmd status=success
2026-06-18 04:46:57,498 INFO row_complete 2546/3960 dataset=erdos_renyi perturbation=triangle_deletion alpha=0.9 seed=3 workflow=wl_subtree_kernel_mmd status=success
2026-06-18 04:46:57,498 INFO row_complete 2547/3960 dataset=erdos_renyi perturbation=triangle_deletion alpha=0.9 seed=3 workflow=native_netlsd status=success
2026-06-18 04:46:57,499 INFO row_complete 2548/3960 dataset=erdos_renyi perturbation=triangle_deletion alpha=0.9 seed=3 workflow=diversity_curves_shortest_path status=success
2026-06-18 04:51:17,892 INFO row_complete 2549/3960 dataset=erdos_renyi perturbation=triangle_deletion alpha=1.0 seed=3 workflow=structural_statistics_mmd status=success
2026-06-18 04:51:17,893 INFO row_complete 2550/3960 dataset=erdos_renyi perturbation=triangle_deletion alpha=1.0 seed=3 workflow=wl_subtree_kernel_mmd status=success
2026-06-18 04:51:17,894 INFO row_complete 2551/3960 dataset=erdos_renyi perturbation=triangle_deletion alpha=1.0 seed=3 workflow=native_netlsd status=success
2026-06-18 04:51:17,894 INFO row_complete 2552/3960 dataset=erdos_renyi perturbation=triangle_deletion alpha=1.0 seed=3 workflow=diversity_curves_shortest_path status=success
2026-06-18 04:51:17,917 INFO row_complete 2553/3960 dataset=erdos_renyi perturbation=community_weakening alpha=0.0 seed=3 workflow=structural_statistics_mmd status=skipped
2026-06-18 04:51:17,918 INFO row_complete 2554/3960 dataset=erdos_renyi perturbation=community_weakening alpha=0.0 seed=3 workflow=wl_subtree_kernel_mmd status=skipped
2026-06-18 04:51:17,919 INFO row_complete 2555/3960 dataset=erdos_renyi perturbation=community_weakening alpha=0.0 seed=3 workflow=native_netlsd status=skipped
2026-06-18 04:51:17,919 INFO row_complete 2556/3960 dataset=erdos_renyi perturbation=community_weakening alpha=0.0 seed=3 workflow=diversity_curves_shortest_path status=skipped
2026-06-18 04:51:17,941 INFO row_complete 2557/3960 dataset=erdos_renyi perturbation=community_weakening alpha=0.1 seed=3 workflow=structural_statistics_mmd status=skipped
2026-06-18 04:51:17,942 INFO row_complete 2558/3960 dataset=erdos_renyi perturbation=community_weakening alpha=0.1 seed=3 workflow=wl_subtree_kernel_mmd status=skipped
2026-06-18 04:51:17,943 INFO row_complete 2559/3960 dataset=erdos_renyi perturbation=community_weakening alpha=0.1 seed=3 workflow=native_netlsd status=skipped
2026-06-18 04:51:17,943 INFO row_complete 2560/3960 dataset=erdos_renyi perturbation=community_weakening alpha=0.1 seed=3 workflow=diversity_curves_shortest_path status=skipped
2026-06-18 04:51:17,963 INFO row_complete 2561/3960 dataset=erdos_renyi perturbation=community_weakening alpha=0.2 seed=3 workflow=structural_statistics_mmd status=skipped
2026-06-18 04:51:17,964 INFO row_complete 2562/3960 dataset=erdos_renyi perturbation=community_weakening alpha=0.2 seed=3 workflow=wl_subtree_kernel_mmd status=skipped
2026-06-18 04:51:17,965 INFO row_complete 2563/3960 dataset=erdos_renyi perturbation=community_weakening alpha=0.2 seed=3 workflow=native_netlsd status=skipped
2026-06-18 04:51:17,966 INFO row_complete 2564/3960 dataset=erdos_renyi perturbation=community_weakening alpha=0.2 seed=3 workflow=diversity_curves_shortest_path status=skipped
2026-06-18 04:51:17,987 INFO row_complete 2565/3960 dataset=erdos_renyi perturbation=community_weakening alpha=0.3 seed=3 workflow=structural_statistics_mmd status=skipped
2026-06-18 04:51:17,988 INFO row_complete 2566/3960 dataset=erdos_renyi perturbation=community_weakening alpha=0.3 seed=3 workflow=wl_subtree_kernel_mmd status=skipped
2026-06-18 04:51:17,989 INFO row_complete 2567/3960 dataset=erdos_renyi perturbation=community_weakening alpha=0.3 seed=3 workflow=native_netlsd status=skipped
2026-06-18 04:51:17,990 INFO row_complete 2568/3960 dataset=erdos_renyi perturbation=community_weakening alpha=0.3 seed=3 workflow=diversity_curves_shortest_path status=skipped
2026-06-18 04:51:18,012 INFO row_complete 2569/3960 dataset=erdos_renyi perturbation=community_weakening alpha=0.4 seed=3 workflow=structural_statistics_mmd status=skipped
2026-06-18 04:51:18,012 INFO row_complete 2570/3960 dataset=erdos_renyi perturbation=community_weakening alpha=0.4 seed=3 workflow=wl_subtree_kernel_mmd status=skipped
2026-06-18 04:51:18,013 INFO row_complete 2571/3960 dataset=erdos_renyi perturbation=community_weakening alpha=0.4 seed=3 workflow=native_netlsd status=skipped
2026-06-18 04:51:18,014 INFO row_complete 2572/3960 dataset=erdos_renyi perturbation=community_weakening alpha=0.4 seed=3 workflow=diversity_curves_shortest_path status=skipped
2026-06-18 04:51:18,036 INFO row_complete 2573/3960 dataset=erdos_renyi perturbation=community_weakening alpha=0.5 seed=3 workflow=structural_statistics_mmd status=skipped
2026-06-18 04:51:18,037 INFO row_complete 2574/3960 dataset=erdos_renyi perturbation=community_weakening alpha=0.5 seed=3 workflow=wl_subtree_kernel_mmd status=skipped
2026-06-18 04:51:18,037 INFO row_complete 2575/3960 dataset=erdos_renyi perturbation=community_weakening alpha=0.5 seed=3 workflow=native_netlsd status=skipped
2026-06-18 04:51:18,038 INFO row_complete 2576/3960 dataset=erdos_renyi perturbation=community_weakening alpha=0.5 seed=3 workflow=diversity_curves_shortest_path status=skipped
2026-06-18 04:51:18,060 INFO row_complete 2577/3960 dataset=erdos_renyi perturbation=community_weakening alpha=0.6 seed=3 workflow=structural_statistics_mmd status=skipped
2026-06-18 04:51:18,060 INFO row_complete 2578/3960 dataset=erdos_renyi perturbation=community_weakening alpha=0.6 seed=3 workflow=wl_subtree_kernel_mmd status=skipped
2026-06-18 04:51:18,061 INFO row_complete 2579/3960 dataset=erdos_renyi perturbation=community_weakening alpha=0.6 seed=3 workflow=native_netlsd status=skipped
2026-06-18 04:51:18,062 INFO row_complete 2580/3960 dataset=erdos_renyi perturbation=community_weakening alpha=0.6 seed=3 workflow=diversity_curves_shortest_path status=skipped
2026-06-18 04:51:18,092 INFO row_complete 2581/3960 dataset=erdos_renyi perturbation=community_weakening alpha=0.7 seed=3 workflow=structural_statistics_mmd status=skipped
2026-06-18 04:51:18,093 INFO row_complete 2582/3960 dataset=erdos_renyi perturbation=community_weakening alpha=0.7 seed=3 workflow=wl_subtree_kernel_mmd status=skipped
2026-06-18 04:51:18,094 INFO row_complete 2583/3960 dataset=erdos_renyi perturbation=community_weakening alpha=0.7 seed=3 workflow=native_netlsd status=skipped
2026-06-18 04:51:18,095 INFO row_complete 2584/3960 dataset=erdos_renyi perturbation=community_weakening alpha=0.7 seed=3 workflow=diversity_curves_shortest_path status=skipped
2026-06-18 04:51:18,115 INFO row_complete 2585/3960 dataset=erdos_renyi perturbation=community_weakening alpha=0.8 seed=3 workflow=structural_statistics_mmd status=skipped
2026-06-18 04:51:18,116 INFO row_complete 2586/3960 dataset=erdos_renyi perturbation=community_weakening alpha=0.8 seed=3 workflow=wl_subtree_kernel_mmd status=skipped
2026-06-18 04:51:18,116 INFO row_complete 2587/3960 dataset=erdos_renyi perturbation=community_weakening alpha=0.8 seed=3 workflow=native_netlsd status=skipped
2026-06-18 04:51:18,117 INFO row_complete 2588/3960 dataset=erdos_renyi perturbation=community_weakening alpha=0.8 seed=3 workflow=diversity_curves_shortest_path status=skipped
2026-06-18 04:51:18,139 INFO row_complete 2589/3960 dataset=erdos_renyi perturbation=community_weakening alpha=0.9 seed=3 workflow=structural_statistics_mmd status=skipped
2026-06-18 04:51:18,140 INFO row_complete 2590/3960 dataset=erdos_renyi perturbation=community_weakening alpha=0.9 seed=3 workflow=wl_subtree_kernel_mmd status=skipped
2026-06-18 04:51:18,141 INFO row_complete 2591/3960 dataset=erdos_renyi perturbation=community_weakening alpha=0.9 seed=3 workflow=native_netlsd status=skipped
2026-06-18 04:51:18,142 INFO row_complete 2592/3960 dataset=erdos_renyi perturbation=community_weakening alpha=0.9 seed=3 workflow=diversity_curves_shortest_path status=skipped
2026-06-18 04:51:18,163 INFO row_complete 2593/3960 dataset=erdos_renyi perturbation=community_weakening alpha=1.0 seed=3 workflow=structural_statistics_mmd status=skipped
2026-06-18 04:51:18,164 INFO row_complete 2594/3960 dataset=erdos_renyi perturbation=community_weakening alpha=1.0 seed=3 workflow=wl_subtree_kernel_mmd status=skipped
2026-06-18 04:51:18,165 INFO row_complete 2595/3960 dataset=erdos_renyi perturbation=community_weakening alpha=1.0 seed=3 workflow=native_netlsd status=skipped
2026-06-18 04:51:18,165 INFO row_complete 2596/3960 dataset=erdos_renyi perturbation=community_weakening alpha=1.0 seed=3 workflow=diversity_curves_shortest_path status=skipped
2026-06-18 04:56:45,749 INFO row_complete 2597/3960 dataset=erdos_renyi perturbation=hub_modification alpha=0.0 seed=3 workflow=structural_statistics_mmd status=success
2026-06-18 04:56:45,751 INFO row_complete 2598/3960 dataset=erdos_renyi perturbation=hub_modification alpha=0.0 seed=3 workflow=wl_subtree_kernel_mmd status=success
2026-06-18 04:56:45,751 INFO row_complete 2599/3960 dataset=erdos_renyi perturbation=hub_modification alpha=0.0 seed=3 workflow=native_netlsd status=success
2026-06-18 04:56:45,752 INFO row_complete 2600/3960 dataset=erdos_renyi perturbation=hub_modification alpha=0.0 seed=3 workflow=diversity_curves_shortest_path status=success
2026-06-18 05:02:13,690 INFO row_complete 2601/3960 dataset=erdos_renyi perturbation=hub_modification alpha=0.1 seed=3 workflow=structural_statistics_mmd status=success
2026-06-18 05:02:13,691 INFO row_complete 2602/3960 dataset=erdos_renyi perturbation=hub_modification alpha=0.1 seed=3 workflow=wl_subtree_kernel_mmd status=success
2026-06-18 05:02:13,692 INFO row_complete 2603/3960 dataset=erdos_renyi perturbation=hub_modification alpha=0.1 seed=3 workflow=native_netlsd status=success
2026-06-18 05:02:13,693 INFO row_complete 2604/3960 dataset=erdos_renyi perturbation=hub_modification alpha=0.1 seed=3 workflow=diversity_curves_shortest_path status=success
2026-06-18 05:07:41,633 INFO row_complete 2605/3960 dataset=erdos_renyi perturbation=hub_modification alpha=0.2 seed=3 workflow=structural_statistics_mmd status=success
2026-06-18 05:07:41,634 INFO row_complete 2606/3960 dataset=erdos_renyi perturbation=hub_modification alpha=0.2 seed=3 workflow=wl_subtree_kernel_mmd status=success
2026-06-18 05:07:41,635 INFO row_complete 2607/3960 dataset=erdos_renyi perturbation=hub_modification alpha=0.2 seed=3 workflow=native_netlsd status=success
2026-06-18 05:07:41,636 INFO row_complete 2608/3960 dataset=erdos_renyi perturbation=hub_modification alpha=0.2 seed=3 workflow=diversity_curves_shortest_path status=success
2026-06-18 05:13:09,581 INFO row_complete 2609/3960 dataset=erdos_renyi perturbation=hub_modification alpha=0.3 seed=3 workflow=structural_statistics_mmd status=success
2026-06-18 05:13:09,582 INFO row_complete 2610/3960 dataset=erdos_renyi perturbation=hub_modification alpha=0.3 seed=3 workflow=wl_subtree_kernel_mmd status=success
2026-06-18 05:13:09,582 INFO row_complete 2611/3960 dataset=erdos_renyi perturbation=hub_modification alpha=0.3 seed=3 workflow=native_netlsd status=success
2026-06-18 05:13:09,583 INFO row_complete 2612/3960 dataset=erdos_renyi perturbation=hub_modification alpha=0.3 seed=3 workflow=diversity_curves_shortest_path status=success
2026-06-18 05:18:37,553 INFO row_complete 2613/3960 dataset=erdos_renyi perturbation=hub_modification alpha=0.4 seed=3 workflow=structural_statistics_mmd status=success
2026-06-18 05:18:37,554 INFO row_complete 2614/3960 dataset=erdos_renyi perturbation=hub_modification alpha=0.4 seed=3 workflow=wl_subtree_kernel_mmd status=success
2026-06-18 05:18:37,556 INFO row_complete 2615/3960 dataset=erdos_renyi perturbation=hub_modification alpha=0.4 seed=3 workflow=native_netlsd status=success
2026-06-18 05:18:37,557 INFO row_complete 2616/3960 dataset=erdos_renyi perturbation=hub_modification alpha=0.4 seed=3 workflow=diversity_curves_shortest_path status=success
2026-06-18 05:24:04,289 INFO row_complete 2617/3960 dataset=erdos_renyi perturbation=hub_modification alpha=0.5 seed=3 workflow=structural_statistics_mmd status=success
2026-06-18 05:24:04,290 INFO row_complete 2618/3960 dataset=erdos_renyi perturbation=hub_modification alpha=0.5 seed=3 workflow=wl_subtree_kernel_mmd status=success
2026-06-18 05:24:04,291 INFO row_complete 2619/3960 dataset=erdos_renyi perturbation=hub_modification alpha=0.5 seed=3 workflow=native_netlsd status=success
2026-06-18 05:24:04,291 INFO row_complete 2620/3960 dataset=erdos_renyi perturbation=hub_modification alpha=0.5 seed=3 workflow=diversity_curves_shortest_path status=success
2026-06-18 05:29:31,843 INFO row_complete 2621/3960 dataset=erdos_renyi perturbation=hub_modification alpha=0.6 seed=3 workflow=structural_statistics_mmd status=success
2026-06-18 05:29:31,844 INFO row_complete 2622/3960 dataset=erdos_renyi perturbation=hub_modification alpha=0.6 seed=3 workflow=wl_subtree_kernel_mmd status=success
2026-06-18 05:29:31,845 INFO row_complete 2623/3960 dataset=erdos_renyi perturbation=hub_modification alpha=0.6 seed=3 workflow=native_netlsd status=success
2026-06-18 05:29:31,846 INFO row_complete 2624/3960 dataset=erdos_renyi perturbation=hub_modification alpha=0.6 seed=3 workflow=diversity_curves_shortest_path status=success
2026-06-18 05:34:59,866 INFO row_complete 2625/3960 dataset=erdos_renyi perturbation=hub_modification alpha=0.7 seed=3 workflow=structural_statistics_mmd status=success
2026-06-18 05:34:59,867 INFO row_complete 2626/3960 dataset=erdos_renyi perturbation=hub_modification alpha=0.7 seed=3 workflow=wl_subtree_kernel_mmd status=success
2026-06-18 05:34:59,867 INFO row_complete 2627/3960 dataset=erdos_renyi perturbation=hub_modification alpha=0.7 seed=3 workflow=native_netlsd status=success
2026-06-18 05:34:59,868 INFO row_complete 2628/3960 dataset=erdos_renyi perturbation=hub_modification alpha=0.7 seed=3 workflow=diversity_curves_shortest_path status=success
2026-06-18 05:40:28,408 INFO row_complete 2629/3960 dataset=erdos_renyi perturbation=hub_modification alpha=0.8 seed=3 workflow=structural_statistics_mmd status=success
2026-06-18 05:40:28,409 INFO row_complete 2630/3960 dataset=erdos_renyi perturbation=hub_modification alpha=0.8 seed=3 workflow=wl_subtree_kernel_mmd status=success
2026-06-18 05:40:28,410 INFO row_complete 2631/3960 dataset=erdos_renyi perturbation=hub_modification alpha=0.8 seed=3 workflow=native_netlsd status=success
2026-06-18 05:40:28,411 INFO row_complete 2632/3960 dataset=erdos_renyi perturbation=hub_modification alpha=0.8 seed=3 workflow=diversity_curves_shortest_path status=success
2026-06-18 05:45:56,393 INFO row_complete 2633/3960 dataset=erdos_renyi perturbation=hub_modification alpha=0.9 seed=3 workflow=structural_statistics_mmd status=success
2026-06-18 05:45:56,395 INFO row_complete 2634/3960 dataset=erdos_renyi perturbation=hub_modification alpha=0.9 seed=3 workflow=wl_subtree_kernel_mmd status=success
2026-06-18 05:45:56,396 INFO row_complete 2635/3960 dataset=erdos_renyi perturbation=hub_modification alpha=0.9 seed=3 workflow=native_netlsd status=success
2026-06-18 05:45:56,396 INFO row_complete 2636/3960 dataset=erdos_renyi perturbation=hub_modification alpha=0.9 seed=3 workflow=diversity_curves_shortest_path status=success
2026-06-18 05:51:24,506 INFO row_complete 2637/3960 dataset=erdos_renyi perturbation=hub_modification alpha=1.0 seed=3 workflow=structural_statistics_mmd status=success
2026-06-18 05:51:24,507 INFO row_complete 2638/3960 dataset=erdos_renyi perturbation=hub_modification alpha=1.0 seed=3 workflow=wl_subtree_kernel_mmd status=success
2026-06-18 05:51:24,508 INFO row_complete 2639/3960 dataset=erdos_renyi perturbation=hub_modification alpha=1.0 seed=3 workflow=native_netlsd status=success
2026-06-18 05:51:24,509 INFO row_complete 2640/3960 dataset=erdos_renyi perturbation=hub_modification alpha=1.0 seed=3 workflow=diversity_curves_shortest_path status=success
2026-06-18 05:55:50,358 INFO row_complete 2641/3960 dataset=stochastic_block_model perturbation=edge_insertion alpha=0.0 seed=3 workflow=structural_statistics_mmd status=success
2026-06-18 05:55:50,359 INFO row_complete 2642/3960 dataset=stochastic_block_model perturbation=edge_insertion alpha=0.0 seed=3 workflow=wl_subtree_kernel_mmd status=success
2026-06-18 05:55:50,359 INFO row_complete 2643/3960 dataset=stochastic_block_model perturbation=edge_insertion alpha=0.0 seed=3 workflow=native_netlsd status=success
2026-06-18 05:55:50,360 INFO row_complete 2644/3960 dataset=stochastic_block_model perturbation=edge_insertion alpha=0.0 seed=3 workflow=diversity_curves_shortest_path status=success
2026-06-18 06:00:27,550 INFO row_complete 2645/3960 dataset=stochastic_block_model perturbation=edge_insertion alpha=0.1 seed=3 workflow=structural_statistics_mmd status=success
2026-06-18 06:00:27,551 INFO row_complete 2646/3960 dataset=stochastic_block_model perturbation=edge_insertion alpha=0.1 seed=3 workflow=wl_subtree_kernel_mmd status=success
2026-06-18 06:00:27,552 INFO row_complete 2647/3960 dataset=stochastic_block_model perturbation=edge_insertion alpha=0.1 seed=3 workflow=native_netlsd status=success
2026-06-18 06:00:27,553 INFO row_complete 2648/3960 dataset=stochastic_block_model perturbation=edge_insertion alpha=0.1 seed=3 workflow=diversity_curves_shortest_path status=success
2026-06-18 06:05:16,368 INFO row_complete 2649/3960 dataset=stochastic_block_model perturbation=edge_insertion alpha=0.2 seed=3 workflow=structural_statistics_mmd status=success
2026-06-18 06:05:16,369 INFO row_complete 2650/3960 dataset=stochastic_block_model perturbation=edge_insertion alpha=0.2 seed=3 workflow=wl_subtree_kernel_mmd status=success
2026-06-18 06:05:16,370 INFO row_complete 2651/3960 dataset=stochastic_block_model perturbation=edge_insertion alpha=0.2 seed=3 workflow=native_netlsd status=success
2026-06-18 06:05:16,370 INFO row_complete 2652/3960 dataset=stochastic_block_model perturbation=edge_insertion alpha=0.2 seed=3 workflow=diversity_curves_shortest_path status=success
2026-06-18 06:10:19,519 INFO row_complete 2653/3960 dataset=stochastic_block_model perturbation=edge_insertion alpha=0.3 seed=3 workflow=structural_statistics_mmd status=success
2026-06-18 06:10:19,520 INFO row_complete 2654/3960 dataset=stochastic_block_model perturbation=edge_insertion alpha=0.3 seed=3 workflow=wl_subtree_kernel_mmd status=success
2026-06-18 06:10:19,520 INFO row_complete 2655/3960 dataset=stochastic_block_model perturbation=edge_insertion alpha=0.3 seed=3 workflow=native_netlsd status=success
2026-06-18 06:10:19,521 INFO row_complete 2656/3960 dataset=stochastic_block_model perturbation=edge_insertion alpha=0.3 seed=3 workflow=diversity_curves_shortest_path status=success
2026-06-18 06:15:34,382 INFO row_complete 2657/3960 dataset=stochastic_block_model perturbation=edge_insertion alpha=0.4 seed=3 workflow=structural_statistics_mmd status=success
2026-06-18 06:15:34,384 INFO row_complete 2658/3960 dataset=stochastic_block_model perturbation=edge_insertion alpha=0.4 seed=3 workflow=wl_subtree_kernel_mmd status=success
2026-06-18 06:15:34,384 INFO row_complete 2659/3960 dataset=stochastic_block_model perturbation=edge_insertion alpha=0.4 seed=3 workflow=native_netlsd status=success
2026-06-18 06:15:34,385 INFO row_complete 2660/3960 dataset=stochastic_block_model perturbation=edge_insertion alpha=0.4 seed=3 workflow=diversity_curves_shortest_path status=success
2026-06-18 06:21:02,814 INFO row_complete 2661/3960 dataset=stochastic_block_model perturbation=edge_insertion alpha=0.5 seed=3 workflow=structural_statistics_mmd status=success
2026-06-18 06:21:02,815 INFO row_complete 2662/3960 dataset=stochastic_block_model perturbation=edge_insertion alpha=0.5 seed=3 workflow=wl_subtree_kernel_mmd status=success
2026-06-18 06:21:02,816 INFO row_complete 2663/3960 dataset=stochastic_block_model perturbation=edge_insertion alpha=0.5 seed=3 workflow=native_netlsd status=success
2026-06-18 06:21:02,816 INFO row_complete 2664/3960 dataset=stochastic_block_model perturbation=edge_insertion alpha=0.5 seed=3 workflow=diversity_curves_shortest_path status=success
2026-06-18 06:26:46,705 INFO row_complete 2665/3960 dataset=stochastic_block_model perturbation=edge_insertion alpha=0.6 seed=3 workflow=structural_statistics_mmd status=success
2026-06-18 06:26:46,706 INFO row_complete 2666/3960 dataset=stochastic_block_model perturbation=edge_insertion alpha=0.6 seed=3 workflow=wl_subtree_kernel_mmd status=success
2026-06-18 06:26:46,707 INFO row_complete 2667/3960 dataset=stochastic_block_model perturbation=edge_insertion alpha=0.6 seed=3 workflow=native_netlsd status=success
2026-06-18 06:26:46,707 INFO row_complete 2668/3960 dataset=stochastic_block_model perturbation=edge_insertion alpha=0.6 seed=3 workflow=diversity_curves_shortest_path status=success
2026-06-18 06:32:45,191 INFO row_complete 2669/3960 dataset=stochastic_block_model perturbation=edge_insertion alpha=0.7 seed=3 workflow=structural_statistics_mmd status=success
2026-06-18 06:32:45,192 INFO row_complete 2670/3960 dataset=stochastic_block_model perturbation=edge_insertion alpha=0.7 seed=3 workflow=wl_subtree_kernel_mmd status=success
2026-06-18 06:32:45,192 INFO row_complete 2671/3960 dataset=stochastic_block_model perturbation=edge_insertion alpha=0.7 seed=3 workflow=native_netlsd status=success
2026-06-18 06:32:45,193 INFO row_complete 2672/3960 dataset=stochastic_block_model perturbation=edge_insertion alpha=0.7 seed=3 workflow=diversity_curves_shortest_path status=success
2026-06-18 06:39:00,286 INFO row_complete 2673/3960 dataset=stochastic_block_model perturbation=edge_insertion alpha=0.8 seed=3 workflow=structural_statistics_mmd status=success
2026-06-18 06:39:00,287 INFO row_complete 2674/3960 dataset=stochastic_block_model perturbation=edge_insertion alpha=0.8 seed=3 workflow=wl_subtree_kernel_mmd status=success
2026-06-18 06:39:00,288 INFO row_complete 2675/3960 dataset=stochastic_block_model perturbation=edge_insertion alpha=0.8 seed=3 workflow=native_netlsd status=success
2026-06-18 06:39:00,289 INFO row_complete 2676/3960 dataset=stochastic_block_model perturbation=edge_insertion alpha=0.8 seed=3 workflow=diversity_curves_shortest_path status=success
2026-06-18 06:45:29,829 INFO row_complete 2677/3960 dataset=stochastic_block_model perturbation=edge_insertion alpha=0.9 seed=3 workflow=structural_statistics_mmd status=success
2026-06-18 06:45:29,830 INFO row_complete 2678/3960 dataset=stochastic_block_model perturbation=edge_insertion alpha=0.9 seed=3 workflow=wl_subtree_kernel_mmd status=success
2026-06-18 06:45:29,831 INFO row_complete 2679/3960 dataset=stochastic_block_model perturbation=edge_insertion alpha=0.9 seed=3 workflow=native_netlsd status=success
2026-06-18 06:45:29,832 INFO row_complete 2680/3960 dataset=stochastic_block_model perturbation=edge_insertion alpha=0.9 seed=3 workflow=diversity_curves_shortest_path status=success
2026-06-18 06:52:17,533 INFO row_complete 2681/3960 dataset=stochastic_block_model perturbation=edge_insertion alpha=1.0 seed=3 workflow=structural_statistics_mmd status=success
2026-06-18 06:52:17,534 INFO row_complete 2682/3960 dataset=stochastic_block_model perturbation=edge_insertion alpha=1.0 seed=3 workflow=wl_subtree_kernel_mmd status=success
2026-06-18 06:52:17,535 INFO row_complete 2683/3960 dataset=stochastic_block_model perturbation=edge_insertion alpha=1.0 seed=3 workflow=native_netlsd status=success
2026-06-18 06:52:17,536 INFO row_complete 2684/3960 dataset=stochastic_block_model perturbation=edge_insertion alpha=1.0 seed=3 workflow=diversity_curves_shortest_path status=success
2026-06-18 06:56:42,867 INFO row_complete 2685/3960 dataset=stochastic_block_model perturbation=edge_deletion alpha=0.0 seed=3 workflow=structural_statistics_mmd status=success
2026-06-18 06:56:42,868 INFO row_complete 2686/3960 dataset=stochastic_block_model perturbation=edge_deletion alpha=0.0 seed=3 workflow=wl_subtree_kernel_mmd status=success
2026-06-18 06:56:42,869 INFO row_complete 2687/3960 dataset=stochastic_block_model perturbation=edge_deletion alpha=0.0 seed=3 workflow=native_netlsd status=success
2026-06-18 06:56:42,870 INFO row_complete 2688/3960 dataset=stochastic_block_model perturbation=edge_deletion alpha=0.0 seed=3 workflow=diversity_curves_shortest_path status=success
2026-06-18 07:00:58,247 INFO row_complete 2689/3960 dataset=stochastic_block_model perturbation=edge_deletion alpha=0.1 seed=3 workflow=structural_statistics_mmd status=success
2026-06-18 07:00:58,248 INFO row_complete 2690/3960 dataset=stochastic_block_model perturbation=edge_deletion alpha=0.1 seed=3 workflow=wl_subtree_kernel_mmd status=success
2026-06-18 07:00:58,249 INFO row_complete 2691/3960 dataset=stochastic_block_model perturbation=edge_deletion alpha=0.1 seed=3 workflow=native_netlsd status=success
2026-06-18 07:00:58,250 INFO row_complete 2692/3960 dataset=stochastic_block_model perturbation=edge_deletion alpha=0.1 seed=3 workflow=diversity_curves_shortest_path status=success
2026-06-18 07:05:05,311 INFO row_complete 2693/3960 dataset=stochastic_block_model perturbation=edge_deletion alpha=0.2 seed=3 workflow=structural_statistics_mmd status=success
2026-06-18 07:05:05,312 INFO row_complete 2694/3960 dataset=stochastic_block_model perturbation=edge_deletion alpha=0.2 seed=3 workflow=wl_subtree_kernel_mmd status=success
2026-06-18 07:05:05,313 INFO row_complete 2695/3960 dataset=stochastic_block_model perturbation=edge_deletion alpha=0.2 seed=3 workflow=native_netlsd status=success
2026-06-18 07:05:05,313 INFO row_complete 2696/3960 dataset=stochastic_block_model perturbation=edge_deletion alpha=0.2 seed=3 workflow=diversity_curves_shortest_path status=success
2026-06-18 07:09:01,799 INFO row_complete 2697/3960 dataset=stochastic_block_model perturbation=edge_deletion alpha=0.3 seed=3 workflow=structural_statistics_mmd status=success
2026-06-18 07:09:01,800 INFO row_complete 2698/3960 dataset=stochastic_block_model perturbation=edge_deletion alpha=0.3 seed=3 workflow=wl_subtree_kernel_mmd status=success
2026-06-18 07:09:01,801 INFO row_complete 2699/3960 dataset=stochastic_block_model perturbation=edge_deletion alpha=0.3 seed=3 workflow=native_netlsd status=success
2026-06-18 07:09:01,801 INFO row_complete 2700/3960 dataset=stochastic_block_model perturbation=edge_deletion alpha=0.3 seed=3 workflow=diversity_curves_shortest_path status=success
2026-06-18 07:12:49,017 INFO row_complete 2701/3960 dataset=stochastic_block_model perturbation=edge_deletion alpha=0.4 seed=3 workflow=structural_statistics_mmd status=success
2026-06-18 07:12:49,018 INFO row_complete 2702/3960 dataset=stochastic_block_model perturbation=edge_deletion alpha=0.4 seed=3 workflow=wl_subtree_kernel_mmd status=success
2026-06-18 07:12:49,019 INFO row_complete 2703/3960 dataset=stochastic_block_model perturbation=edge_deletion alpha=0.4 seed=3 workflow=native_netlsd status=success
2026-06-18 07:12:49,019 INFO row_complete 2704/3960 dataset=stochastic_block_model perturbation=edge_deletion alpha=0.4 seed=3 workflow=diversity_curves_shortest_path status=success
2026-06-18 07:16:26,712 INFO row_complete 2705/3960 dataset=stochastic_block_model perturbation=edge_deletion alpha=0.5 seed=3 workflow=structural_statistics_mmd status=success
2026-06-18 07:16:26,713 INFO row_complete 2706/3960 dataset=stochastic_block_model perturbation=edge_deletion alpha=0.5 seed=3 workflow=wl_subtree_kernel_mmd status=success
2026-06-18 07:16:26,714 INFO row_complete 2707/3960 dataset=stochastic_block_model perturbation=edge_deletion alpha=0.5 seed=3 workflow=native_netlsd status=success
2026-06-18 07:16:26,715 INFO row_complete 2708/3960 dataset=stochastic_block_model perturbation=edge_deletion alpha=0.5 seed=3 workflow=diversity_curves_shortest_path status=success
2026-06-18 07:19:52,962 INFO row_complete 2709/3960 dataset=stochastic_block_model perturbation=edge_deletion alpha=0.6 seed=3 workflow=structural_statistics_mmd status=success
2026-06-18 07:19:52,963 INFO row_complete 2710/3960 dataset=stochastic_block_model perturbation=edge_deletion alpha=0.6 seed=3 workflow=wl_subtree_kernel_mmd status=success
2026-06-18 07:19:52,964 INFO row_complete 2711/3960 dataset=stochastic_block_model perturbation=edge_deletion alpha=0.6 seed=3 workflow=native_netlsd status=success
2026-06-18 07:19:52,965 INFO row_complete 2712/3960 dataset=stochastic_block_model perturbation=edge_deletion alpha=0.6 seed=3 workflow=diversity_curves_shortest_path status=success
2026-06-18 07:23:02,618 INFO row_complete 2713/3960 dataset=stochastic_block_model perturbation=edge_deletion alpha=0.7 seed=3 workflow=structural_statistics_mmd status=success
2026-06-18 07:23:02,620 INFO row_complete 2714/3960 dataset=stochastic_block_model perturbation=edge_deletion alpha=0.7 seed=3 workflow=wl_subtree_kernel_mmd status=success
2026-06-18 07:23:02,621 INFO row_complete 2715/3960 dataset=stochastic_block_model perturbation=edge_deletion alpha=0.7 seed=3 workflow=native_netlsd status=success
2026-06-18 07:23:02,622 INFO row_complete 2716/3960 dataset=stochastic_block_model perturbation=edge_deletion alpha=0.7 seed=3 workflow=diversity_curves_shortest_path status=success
2026-06-18 07:25:40,006 INFO row_complete 2717/3960 dataset=stochastic_block_model perturbation=edge_deletion alpha=0.8 seed=3 workflow=structural_statistics_mmd status=success
2026-06-18 07:25:40,007 INFO row_complete 2718/3960 dataset=stochastic_block_model perturbation=edge_deletion alpha=0.8 seed=3 workflow=wl_subtree_kernel_mmd status=success
2026-06-18 07:25:40,008 INFO row_complete 2719/3960 dataset=stochastic_block_model perturbation=edge_deletion alpha=0.8 seed=3 workflow=native_netlsd status=success
2026-06-18 07:25:40,009 INFO row_complete 2720/3960 dataset=stochastic_block_model perturbation=edge_deletion alpha=0.8 seed=3 workflow=diversity_curves_shortest_path status=success
2026-06-18 07:28:02,594 INFO row_complete 2721/3960 dataset=stochastic_block_model perturbation=edge_deletion alpha=0.9 seed=3 workflow=structural_statistics_mmd status=success
2026-06-18 07:28:02,595 INFO row_complete 2722/3960 dataset=stochastic_block_model perturbation=edge_deletion alpha=0.9 seed=3 workflow=wl_subtree_kernel_mmd status=success
2026-06-18 07:28:02,596 INFO row_complete 2723/3960 dataset=stochastic_block_model perturbation=edge_deletion alpha=0.9 seed=3 workflow=native_netlsd status=success
2026-06-18 07:28:02,597 INFO row_complete 2724/3960 dataset=stochastic_block_model perturbation=edge_deletion alpha=0.9 seed=3 workflow=diversity_curves_shortest_path status=success
2026-06-18 07:30:20,824 INFO row_complete 2725/3960 dataset=stochastic_block_model perturbation=edge_deletion alpha=1.0 seed=3 workflow=structural_statistics_mmd status=success
2026-06-18 07:30:20,826 INFO row_complete 2726/3960 dataset=stochastic_block_model perturbation=edge_deletion alpha=1.0 seed=3 workflow=wl_subtree_kernel_mmd status=success
2026-06-18 07:30:20,826 INFO row_complete 2727/3960 dataset=stochastic_block_model perturbation=edge_deletion alpha=1.0 seed=3 workflow=native_netlsd status=success
2026-06-18 07:30:20,827 INFO row_complete 2728/3960 dataset=stochastic_block_model perturbation=edge_deletion alpha=1.0 seed=3 workflow=diversity_curves_shortest_path status=success
2026-06-18 07:34:48,139 INFO row_complete 2729/3960 dataset=stochastic_block_model perturbation=triangle_insertion alpha=0.0 seed=3 workflow=structural_statistics_mmd status=success
2026-06-18 07:34:48,140 INFO row_complete 2730/3960 dataset=stochastic_block_model perturbation=triangle_insertion alpha=0.0 seed=3 workflow=wl_subtree_kernel_mmd status=success
2026-06-18 07:34:48,141 INFO row_complete 2731/3960 dataset=stochastic_block_model perturbation=triangle_insertion alpha=0.0 seed=3 workflow=native_netlsd status=success
2026-06-18 07:34:48,142 INFO row_complete 2732/3960 dataset=stochastic_block_model perturbation=triangle_insertion alpha=0.0 seed=3 workflow=diversity_curves_shortest_path status=success
2026-06-18 07:39:22,497 INFO row_complete 2733/3960 dataset=stochastic_block_model perturbation=triangle_insertion alpha=0.1 seed=3 workflow=structural_statistics_mmd status=success
2026-06-18 07:39:22,498 INFO row_complete 2734/3960 dataset=stochastic_block_model perturbation=triangle_insertion alpha=0.1 seed=3 workflow=wl_subtree_kernel_mmd status=success
2026-06-18 07:39:22,499 INFO row_complete 2735/3960 dataset=stochastic_block_model perturbation=triangle_insertion alpha=0.1 seed=3 workflow=native_netlsd status=success
2026-06-18 07:39:22,500 INFO row_complete 2736/3960 dataset=stochastic_block_model perturbation=triangle_insertion alpha=0.1 seed=3 workflow=diversity_curves_shortest_path status=success
2026-06-18 07:44:06,745 INFO row_complete 2737/3960 dataset=stochastic_block_model perturbation=triangle_insertion alpha=0.2 seed=3 workflow=structural_statistics_mmd status=success
2026-06-18 07:44:06,747 INFO row_complete 2738/3960 dataset=stochastic_block_model perturbation=triangle_insertion alpha=0.2 seed=3 workflow=wl_subtree_kernel_mmd status=success
2026-06-18 07:44:06,748 INFO row_complete 2739/3960 dataset=stochastic_block_model perturbation=triangle_insertion alpha=0.2 seed=3 workflow=native_netlsd status=success
2026-06-18 07:44:06,749 INFO row_complete 2740/3960 dataset=stochastic_block_model perturbation=triangle_insertion alpha=0.2 seed=3 workflow=diversity_curves_shortest_path status=success
2026-06-18 07:49:02,107 INFO row_complete 2741/3960 dataset=stochastic_block_model perturbation=triangle_insertion alpha=0.3 seed=3 workflow=structural_statistics_mmd status=success
2026-06-18 07:49:02,108 INFO row_complete 2742/3960 dataset=stochastic_block_model perturbation=triangle_insertion alpha=0.3 seed=3 workflow=wl_subtree_kernel_mmd status=success
2026-06-18 07:49:02,109 INFO row_complete 2743/3960 dataset=stochastic_block_model perturbation=triangle_insertion alpha=0.3 seed=3 workflow=native_netlsd status=success
2026-06-18 07:49:02,110 INFO row_complete 2744/3960 dataset=stochastic_block_model perturbation=triangle_insertion alpha=0.3 seed=3 workflow=diversity_curves_shortest_path status=success
2026-06-18 07:54:07,980 INFO row_complete 2745/3960 dataset=stochastic_block_model perturbation=triangle_insertion alpha=0.4 seed=3 workflow=structural_statistics_mmd status=success
2026-06-18 07:54:07,981 INFO row_complete 2746/3960 dataset=stochastic_block_model perturbation=triangle_insertion alpha=0.4 seed=3 workflow=wl_subtree_kernel_mmd status=success
2026-06-18 07:54:07,982 INFO row_complete 2747/3960 dataset=stochastic_block_model perturbation=triangle_insertion alpha=0.4 seed=3 workflow=native_netlsd status=success
2026-06-18 07:54:07,983 INFO row_complete 2748/3960 dataset=stochastic_block_model perturbation=triangle_insertion alpha=0.4 seed=3 workflow=diversity_curves_shortest_path status=success
2026-06-18 07:59:24,962 INFO row_complete 2749/3960 dataset=stochastic_block_model perturbation=triangle_insertion alpha=0.5 seed=3 workflow=structural_statistics_mmd status=success
2026-06-18 07:59:24,963 INFO row_complete 2750/3960 dataset=stochastic_block_model perturbation=triangle_insertion alpha=0.5 seed=3 workflow=wl_subtree_kernel_mmd status=success
2026-06-18 07:59:24,964 INFO row_complete 2751/3960 dataset=stochastic_block_model perturbation=triangle_insertion alpha=0.5 seed=3 workflow=native_netlsd status=success
2026-06-18 07:59:24,965 INFO row_complete 2752/3960 dataset=stochastic_block_model perturbation=triangle_insertion alpha=0.5 seed=3 workflow=diversity_curves_shortest_path status=success
2026-06-18 08:04:53,983 INFO row_complete 2753/3960 dataset=stochastic_block_model perturbation=triangle_insertion alpha=0.6 seed=3 workflow=structural_statistics_mmd status=success
2026-06-18 08:04:53,984 INFO row_complete 2754/3960 dataset=stochastic_block_model perturbation=triangle_insertion alpha=0.6 seed=3 workflow=wl_subtree_kernel_mmd status=success
2026-06-18 08:04:53,985 INFO row_complete 2755/3960 dataset=stochastic_block_model perturbation=triangle_insertion alpha=0.6 seed=3 workflow=native_netlsd status=success
2026-06-18 08:04:53,986 INFO row_complete 2756/3960 dataset=stochastic_block_model perturbation=triangle_insertion alpha=0.6 seed=3 workflow=diversity_curves_shortest_path status=success
2026-06-18 08:10:35,464 INFO row_complete 2757/3960 dataset=stochastic_block_model perturbation=triangle_insertion alpha=0.7 seed=3 workflow=structural_statistics_mmd status=success
2026-06-18 08:10:35,465 INFO row_complete 2758/3960 dataset=stochastic_block_model perturbation=triangle_insertion alpha=0.7 seed=3 workflow=wl_subtree_kernel_mmd status=success
2026-06-18 08:10:35,466 INFO row_complete 2759/3960 dataset=stochastic_block_model perturbation=triangle_insertion alpha=0.7 seed=3 workflow=native_netlsd status=success
2026-06-18 08:10:35,467 INFO row_complete 2760/3960 dataset=stochastic_block_model perturbation=triangle_insertion alpha=0.7 seed=3 workflow=diversity_curves_shortest_path status=success
2026-06-18 08:16:32,133 INFO row_complete 2761/3960 dataset=stochastic_block_model perturbation=triangle_insertion alpha=0.8 seed=3 workflow=structural_statistics_mmd status=success
2026-06-18 08:16:32,134 INFO row_complete 2762/3960 dataset=stochastic_block_model perturbation=triangle_insertion alpha=0.8 seed=3 workflow=wl_subtree_kernel_mmd status=success
2026-06-18 08:16:32,136 INFO row_complete 2763/3960 dataset=stochastic_block_model perturbation=triangle_insertion alpha=0.8 seed=3 workflow=native_netlsd status=success
2026-06-18 08:16:32,136 INFO row_complete 2764/3960 dataset=stochastic_block_model perturbation=triangle_insertion alpha=0.8 seed=3 workflow=diversity_curves_shortest_path status=success
2026-06-18 08:22:43,140 INFO row_complete 2765/3960 dataset=stochastic_block_model perturbation=triangle_insertion alpha=0.9 seed=3 workflow=structural_statistics_mmd status=success
2026-06-18 08:22:43,141 INFO row_complete 2766/3960 dataset=stochastic_block_model perturbation=triangle_insertion alpha=0.9 seed=3 workflow=wl_subtree_kernel_mmd status=success
2026-06-18 08:22:43,142 INFO row_complete 2767/3960 dataset=stochastic_block_model perturbation=triangle_insertion alpha=0.9 seed=3 workflow=native_netlsd status=success
2026-06-18 08:22:43,143 INFO row_complete 2768/3960 dataset=stochastic_block_model perturbation=triangle_insertion alpha=0.9 seed=3 workflow=diversity_curves_shortest_path status=success
2026-06-18 08:29:08,949 INFO row_complete 2769/3960 dataset=stochastic_block_model perturbation=triangle_insertion alpha=1.0 seed=3 workflow=structural_statistics_mmd status=success
2026-06-18 08:29:08,950 INFO row_complete 2770/3960 dataset=stochastic_block_model perturbation=triangle_insertion alpha=1.0 seed=3 workflow=wl_subtree_kernel_mmd status=success
2026-06-18 08:29:08,951 INFO row_complete 2771/3960 dataset=stochastic_block_model perturbation=triangle_insertion alpha=1.0 seed=3 workflow=native_netlsd status=success
2026-06-18 08:29:08,951 INFO row_complete 2772/3960 dataset=stochastic_block_model perturbation=triangle_insertion alpha=1.0 seed=3 workflow=diversity_curves_shortest_path status=success
2026-06-18 08:33:34,547 INFO row_complete 2773/3960 dataset=stochastic_block_model perturbation=triangle_deletion alpha=0.0 seed=3 workflow=structural_statistics_mmd status=success
2026-06-18 08:33:34,548 INFO row_complete 2774/3960 dataset=stochastic_block_model perturbation=triangle_deletion alpha=0.0 seed=3 workflow=wl_subtree_kernel_mmd status=success
2026-06-18 08:33:34,549 INFO row_complete 2775/3960 dataset=stochastic_block_model perturbation=triangle_deletion alpha=0.0 seed=3 workflow=native_netlsd status=success
2026-06-18 08:33:34,550 INFO row_complete 2776/3960 dataset=stochastic_block_model perturbation=triangle_deletion alpha=0.0 seed=3 workflow=diversity_curves_shortest_path status=success
2026-06-18 08:37:52,581 INFO row_complete 2777/3960 dataset=stochastic_block_model perturbation=triangle_deletion alpha=0.1 seed=3 workflow=structural_statistics_mmd status=success
2026-06-18 08:37:52,582 INFO row_complete 2778/3960 dataset=stochastic_block_model perturbation=triangle_deletion alpha=0.1 seed=3 workflow=wl_subtree_kernel_mmd status=success
2026-06-18 08:37:52,583 INFO row_complete 2779/3960 dataset=stochastic_block_model perturbation=triangle_deletion alpha=0.1 seed=3 workflow=native_netlsd status=success
2026-06-18 08:37:52,584 INFO row_complete 2780/3960 dataset=stochastic_block_model perturbation=triangle_deletion alpha=0.1 seed=3 workflow=diversity_curves_shortest_path status=success
2026-06-18 08:42:01,213 INFO row_complete 2781/3960 dataset=stochastic_block_model perturbation=triangle_deletion alpha=0.2 seed=3 workflow=structural_statistics_mmd status=success
2026-06-18 08:42:01,214 INFO row_complete 2782/3960 dataset=stochastic_block_model perturbation=triangle_deletion alpha=0.2 seed=3 workflow=wl_subtree_kernel_mmd status=success
2026-06-18 08:42:01,215 INFO row_complete 2783/3960 dataset=stochastic_block_model perturbation=triangle_deletion alpha=0.2 seed=3 workflow=native_netlsd status=success
2026-06-18 08:42:01,216 INFO row_complete 2784/3960 dataset=stochastic_block_model perturbation=triangle_deletion alpha=0.2 seed=3 workflow=diversity_curves_shortest_path status=success
2026-06-18 08:46:00,159 INFO row_complete 2785/3960 dataset=stochastic_block_model perturbation=triangle_deletion alpha=0.3 seed=3 workflow=structural_statistics_mmd status=success
2026-06-18 08:46:00,160 INFO row_complete 2786/3960 dataset=stochastic_block_model perturbation=triangle_deletion alpha=0.3 seed=3 workflow=wl_subtree_kernel_mmd status=success
2026-06-18 08:46:00,161 INFO row_complete 2787/3960 dataset=stochastic_block_model perturbation=triangle_deletion alpha=0.3 seed=3 workflow=native_netlsd status=success
2026-06-18 08:46:00,161 INFO row_complete 2788/3960 dataset=stochastic_block_model perturbation=triangle_deletion alpha=0.3 seed=3 workflow=diversity_curves_shortest_path status=success
2026-06-18 08:49:50,030 INFO row_complete 2789/3960 dataset=stochastic_block_model perturbation=triangle_deletion alpha=0.4 seed=3 workflow=structural_statistics_mmd status=success
2026-06-18 08:49:50,032 INFO row_complete 2790/3960 dataset=stochastic_block_model perturbation=triangle_deletion alpha=0.4 seed=3 workflow=wl_subtree_kernel_mmd status=success
2026-06-18 08:49:50,032 INFO row_complete 2791/3960 dataset=stochastic_block_model perturbation=triangle_deletion alpha=0.4 seed=3 workflow=native_netlsd status=success
2026-06-18 08:49:50,033 INFO row_complete 2792/3960 dataset=stochastic_block_model perturbation=triangle_deletion alpha=0.4 seed=3 workflow=diversity_curves_shortest_path status=success
2026-06-18 08:53:33,187 INFO row_complete 2793/3960 dataset=stochastic_block_model perturbation=triangle_deletion alpha=0.5 seed=3 workflow=structural_statistics_mmd status=success
2026-06-18 08:53:33,188 INFO row_complete 2794/3960 dataset=stochastic_block_model perturbation=triangle_deletion alpha=0.5 seed=3 workflow=wl_subtree_kernel_mmd status=success
2026-06-18 08:53:33,189 INFO row_complete 2795/3960 dataset=stochastic_block_model perturbation=triangle_deletion alpha=0.5 seed=3 workflow=native_netlsd status=success
2026-06-18 08:53:33,190 INFO row_complete 2796/3960 dataset=stochastic_block_model perturbation=triangle_deletion alpha=0.5 seed=3 workflow=diversity_curves_shortest_path status=success
2026-06-18 08:57:13,526 INFO row_complete 2797/3960 dataset=stochastic_block_model perturbation=triangle_deletion alpha=0.6 seed=3 workflow=structural_statistics_mmd status=success
2026-06-18 08:57:13,528 INFO row_complete 2798/3960 dataset=stochastic_block_model perturbation=triangle_deletion alpha=0.6 seed=3 workflow=wl_subtree_kernel_mmd status=success
2026-06-18 08:57:13,528 INFO row_complete 2799/3960 dataset=stochastic_block_model perturbation=triangle_deletion alpha=0.6 seed=3 workflow=native_netlsd status=success
2026-06-18 08:57:13,529 INFO row_complete 2800/3960 dataset=stochastic_block_model perturbation=triangle_deletion alpha=0.6 seed=3 workflow=diversity_curves_shortest_path status=success
2026-06-18 09:00:52,113 INFO row_complete 2801/3960 dataset=stochastic_block_model perturbation=triangle_deletion alpha=0.7 seed=3 workflow=structural_statistics_mmd status=success
2026-06-18 09:00:52,113 INFO row_complete 2802/3960 dataset=stochastic_block_model perturbation=triangle_deletion alpha=0.7 seed=3 workflow=wl_subtree_kernel_mmd status=success
2026-06-18 09:00:52,114 INFO row_complete 2803/3960 dataset=stochastic_block_model perturbation=triangle_deletion alpha=0.7 seed=3 workflow=native_netlsd status=success
2026-06-18 09:00:52,115 INFO row_complete 2804/3960 dataset=stochastic_block_model perturbation=triangle_deletion alpha=0.7 seed=3 workflow=diversity_curves_shortest_path status=success
2026-06-18 09:04:31,621 INFO row_complete 2805/3960 dataset=stochastic_block_model perturbation=triangle_deletion alpha=0.8 seed=3 workflow=structural_statistics_mmd status=success
2026-06-18 09:04:31,622 INFO row_complete 2806/3960 dataset=stochastic_block_model perturbation=triangle_deletion alpha=0.8 seed=3 workflow=wl_subtree_kernel_mmd status=success
2026-06-18 09:04:31,623 INFO row_complete 2807/3960 dataset=stochastic_block_model perturbation=triangle_deletion alpha=0.8 seed=3 workflow=native_netlsd status=success
2026-06-18 09:04:31,624 INFO row_complete 2808/3960 dataset=stochastic_block_model perturbation=triangle_deletion alpha=0.8 seed=3 workflow=diversity_curves_shortest_path status=success
2026-06-18 09:08:11,135 INFO row_complete 2809/3960 dataset=stochastic_block_model perturbation=triangle_deletion alpha=0.9 seed=3 workflow=structural_statistics_mmd status=success
2026-06-18 09:08:11,137 INFO row_complete 2810/3960 dataset=stochastic_block_model perturbation=triangle_deletion alpha=0.9 seed=3 workflow=wl_subtree_kernel_mmd status=success
2026-06-18 09:08:11,138 INFO row_complete 2811/3960 dataset=stochastic_block_model perturbation=triangle_deletion alpha=0.9 seed=3 workflow=native_netlsd status=success
2026-06-18 09:08:11,138 INFO row_complete 2812/3960 dataset=stochastic_block_model perturbation=triangle_deletion alpha=0.9 seed=3 workflow=diversity_curves_shortest_path status=success
2026-06-18 09:11:50,800 INFO row_complete 2813/3960 dataset=stochastic_block_model perturbation=triangle_deletion alpha=1.0 seed=3 workflow=structural_statistics_mmd status=success
2026-06-18 09:11:50,801 INFO row_complete 2814/3960 dataset=stochastic_block_model perturbation=triangle_deletion alpha=1.0 seed=3 workflow=wl_subtree_kernel_mmd status=success
2026-06-18 09:11:50,802 INFO row_complete 2815/3960 dataset=stochastic_block_model perturbation=triangle_deletion alpha=1.0 seed=3 workflow=native_netlsd status=success
2026-06-18 09:11:50,803 INFO row_complete 2816/3960 dataset=stochastic_block_model perturbation=triangle_deletion alpha=1.0 seed=3 workflow=diversity_curves_shortest_path status=success
2026-06-18 09:16:17,120 INFO row_complete 2817/3960 dataset=stochastic_block_model perturbation=community_weakening alpha=0.0 seed=3 workflow=structural_statistics_mmd status=success
2026-06-18 09:16:17,121 INFO row_complete 2818/3960 dataset=stochastic_block_model perturbation=community_weakening alpha=0.0 seed=3 workflow=wl_subtree_kernel_mmd status=success
2026-06-18 09:16:17,122 INFO row_complete 2819/3960 dataset=stochastic_block_model perturbation=community_weakening alpha=0.0 seed=3 workflow=native_netlsd status=success
2026-06-18 09:16:17,122 INFO row_complete 2820/3960 dataset=stochastic_block_model perturbation=community_weakening alpha=0.0 seed=3 workflow=diversity_curves_shortest_path status=success
2026-06-18 09:20:43,970 INFO row_complete 2821/3960 dataset=stochastic_block_model perturbation=community_weakening alpha=0.1 seed=3 workflow=structural_statistics_mmd status=success
2026-06-18 09:20:43,971 INFO row_complete 2822/3960 dataset=stochastic_block_model perturbation=community_weakening alpha=0.1 seed=3 workflow=wl_subtree_kernel_mmd status=success
2026-06-18 09:20:43,971 INFO row_complete 2823/3960 dataset=stochastic_block_model perturbation=community_weakening alpha=0.1 seed=3 workflow=native_netlsd status=success
2026-06-18 09:20:43,972 INFO row_complete 2824/3960 dataset=stochastic_block_model perturbation=community_weakening alpha=0.1 seed=3 workflow=diversity_curves_shortest_path status=success
2026-06-18 09:25:12,012 INFO row_complete 2825/3960 dataset=stochastic_block_model perturbation=community_weakening alpha=0.2 seed=3 workflow=structural_statistics_mmd status=success
2026-06-18 09:25:12,013 INFO row_complete 2826/3960 dataset=stochastic_block_model perturbation=community_weakening alpha=0.2 seed=3 workflow=wl_subtree_kernel_mmd status=success
2026-06-18 09:25:12,013 INFO row_complete 2827/3960 dataset=stochastic_block_model perturbation=community_weakening alpha=0.2 seed=3 workflow=native_netlsd status=success
2026-06-18 09:25:12,014 INFO row_complete 2828/3960 dataset=stochastic_block_model perturbation=community_weakening alpha=0.2 seed=3 workflow=diversity_curves_shortest_path status=success
2026-06-18 09:29:42,210 INFO row_complete 2829/3960 dataset=stochastic_block_model perturbation=community_weakening alpha=0.3 seed=3 workflow=structural_statistics_mmd status=success
2026-06-18 09:29:42,211 INFO row_complete 2830/3960 dataset=stochastic_block_model perturbation=community_weakening alpha=0.3 seed=3 workflow=wl_subtree_kernel_mmd status=success
2026-06-18 09:29:42,212 INFO row_complete 2831/3960 dataset=stochastic_block_model perturbation=community_weakening alpha=0.3 seed=3 workflow=native_netlsd status=success
2026-06-18 09:29:42,213 INFO row_complete 2832/3960 dataset=stochastic_block_model perturbation=community_weakening alpha=0.3 seed=3 workflow=diversity_curves_shortest_path status=success
2026-06-18 09:34:10,613 INFO row_complete 2833/3960 dataset=stochastic_block_model perturbation=community_weakening alpha=0.4 seed=3 workflow=structural_statistics_mmd status=success
2026-06-18 09:34:10,614 INFO row_complete 2834/3960 dataset=stochastic_block_model perturbation=community_weakening alpha=0.4 seed=3 workflow=wl_subtree_kernel_mmd status=success
2026-06-18 09:34:10,615 INFO row_complete 2835/3960 dataset=stochastic_block_model perturbation=community_weakening alpha=0.4 seed=3 workflow=native_netlsd status=success
2026-06-18 09:34:10,616 INFO row_complete 2836/3960 dataset=stochastic_block_model perturbation=community_weakening alpha=0.4 seed=3 workflow=diversity_curves_shortest_path status=success
2026-06-18 09:38:41,046 INFO row_complete 2837/3960 dataset=stochastic_block_model perturbation=community_weakening alpha=0.5 seed=3 workflow=structural_statistics_mmd status=success
2026-06-18 09:38:41,047 INFO row_complete 2838/3960 dataset=stochastic_block_model perturbation=community_weakening alpha=0.5 seed=3 workflow=wl_subtree_kernel_mmd status=success
2026-06-18 09:38:41,048 INFO row_complete 2839/3960 dataset=stochastic_block_model perturbation=community_weakening alpha=0.5 seed=3 workflow=native_netlsd status=success
2026-06-18 09:38:41,049 INFO row_complete 2840/3960 dataset=stochastic_block_model perturbation=community_weakening alpha=0.5 seed=3 workflow=diversity_curves_shortest_path status=success
2026-06-18 09:43:10,178 INFO row_complete 2841/3960 dataset=stochastic_block_model perturbation=community_weakening alpha=0.6 seed=3 workflow=structural_statistics_mmd status=success
2026-06-18 09:43:10,179 INFO row_complete 2842/3960 dataset=stochastic_block_model perturbation=community_weakening alpha=0.6 seed=3 workflow=wl_subtree_kernel_mmd status=success
2026-06-18 09:43:10,180 INFO row_complete 2843/3960 dataset=stochastic_block_model perturbation=community_weakening alpha=0.6 seed=3 workflow=native_netlsd status=success
2026-06-18 09:43:10,180 INFO row_complete 2844/3960 dataset=stochastic_block_model perturbation=community_weakening alpha=0.6 seed=3 workflow=diversity_curves_shortest_path status=success
2026-06-18 09:47:39,873 INFO row_complete 2845/3960 dataset=stochastic_block_model perturbation=community_weakening alpha=0.7 seed=3 workflow=structural_statistics_mmd status=success
2026-06-18 09:47:39,874 INFO row_complete 2846/3960 dataset=stochastic_block_model perturbation=community_weakening alpha=0.7 seed=3 workflow=wl_subtree_kernel_mmd status=success
2026-06-18 09:47:39,875 INFO row_complete 2847/3960 dataset=stochastic_block_model perturbation=community_weakening alpha=0.7 seed=3 workflow=native_netlsd status=success
2026-06-18 09:47:39,876 INFO row_complete 2848/3960 dataset=stochastic_block_model perturbation=community_weakening alpha=0.7 seed=3 workflow=diversity_curves_shortest_path status=success
2026-06-18 09:52:08,173 INFO row_complete 2849/3960 dataset=stochastic_block_model perturbation=community_weakening alpha=0.8 seed=3 workflow=structural_statistics_mmd status=success
2026-06-18 09:52:08,174 INFO row_complete 2850/3960 dataset=stochastic_block_model perturbation=community_weakening alpha=0.8 seed=3 workflow=wl_subtree_kernel_mmd status=success
2026-06-18 09:52:08,175 INFO row_complete 2851/3960 dataset=stochastic_block_model perturbation=community_weakening alpha=0.8 seed=3 workflow=native_netlsd status=success
2026-06-18 09:52:08,176 INFO row_complete 2852/3960 dataset=stochastic_block_model perturbation=community_weakening alpha=0.8 seed=3 workflow=diversity_curves_shortest_path status=success
2026-06-18 09:56:35,788 INFO row_complete 2853/3960 dataset=stochastic_block_model perturbation=community_weakening alpha=0.9 seed=3 workflow=structural_statistics_mmd status=success
2026-06-18 09:56:35,789 INFO row_complete 2854/3960 dataset=stochastic_block_model perturbation=community_weakening alpha=0.9 seed=3 workflow=wl_subtree_kernel_mmd status=success
2026-06-18 09:56:35,790 INFO row_complete 2855/3960 dataset=stochastic_block_model perturbation=community_weakening alpha=0.9 seed=3 workflow=native_netlsd status=success
2026-06-18 09:56:35,791 INFO row_complete 2856/3960 dataset=stochastic_block_model perturbation=community_weakening alpha=0.9 seed=3 workflow=diversity_curves_shortest_path status=success
2026-06-18 10:01:04,781 INFO row_complete 2857/3960 dataset=stochastic_block_model perturbation=community_weakening alpha=1.0 seed=3 workflow=structural_statistics_mmd status=success
2026-06-18 10:01:04,782 INFO row_complete 2858/3960 dataset=stochastic_block_model perturbation=community_weakening alpha=1.0 seed=3 workflow=wl_subtree_kernel_mmd status=success
2026-06-18 10:01:04,783 INFO row_complete 2859/3960 dataset=stochastic_block_model perturbation=community_weakening alpha=1.0 seed=3 workflow=native_netlsd status=success
2026-06-18 10:01:04,783 INFO row_complete 2860/3960 dataset=stochastic_block_model perturbation=community_weakening alpha=1.0 seed=3 workflow=diversity_curves_shortest_path status=success
2026-06-18 10:05:30,060 INFO row_complete 2861/3960 dataset=stochastic_block_model perturbation=hub_modification alpha=0.0 seed=3 workflow=structural_statistics_mmd status=success
2026-06-18 10:05:30,061 INFO row_complete 2862/3960 dataset=stochastic_block_model perturbation=hub_modification alpha=0.0 seed=3 workflow=wl_subtree_kernel_mmd status=success
2026-06-18 10:05:30,062 INFO row_complete 2863/3960 dataset=stochastic_block_model perturbation=hub_modification alpha=0.0 seed=3 workflow=native_netlsd status=success
2026-06-18 10:05:30,063 INFO row_complete 2864/3960 dataset=stochastic_block_model perturbation=hub_modification alpha=0.0 seed=3 workflow=diversity_curves_shortest_path status=success
2026-06-18 10:09:56,712 INFO row_complete 2865/3960 dataset=stochastic_block_model perturbation=hub_modification alpha=0.1 seed=3 workflow=structural_statistics_mmd status=success
2026-06-18 10:09:56,713 INFO row_complete 2866/3960 dataset=stochastic_block_model perturbation=hub_modification alpha=0.1 seed=3 workflow=wl_subtree_kernel_mmd status=success
2026-06-18 10:09:56,713 INFO row_complete 2867/3960 dataset=stochastic_block_model perturbation=hub_modification alpha=0.1 seed=3 workflow=native_netlsd status=success
2026-06-18 10:09:56,714 INFO row_complete 2868/3960 dataset=stochastic_block_model perturbation=hub_modification alpha=0.1 seed=3 workflow=diversity_curves_shortest_path status=success
2026-06-18 10:14:24,192 INFO row_complete 2869/3960 dataset=stochastic_block_model perturbation=hub_modification alpha=0.2 seed=3 workflow=structural_statistics_mmd status=success
2026-06-18 10:14:24,193 INFO row_complete 2870/3960 dataset=stochastic_block_model perturbation=hub_modification alpha=0.2 seed=3 workflow=wl_subtree_kernel_mmd status=success
2026-06-18 10:14:24,194 INFO row_complete 2871/3960 dataset=stochastic_block_model perturbation=hub_modification alpha=0.2 seed=3 workflow=native_netlsd status=success
2026-06-18 10:14:24,194 INFO row_complete 2872/3960 dataset=stochastic_block_model perturbation=hub_modification alpha=0.2 seed=3 workflow=diversity_curves_shortest_path status=success
2026-06-18 10:18:50,882 INFO row_complete 2873/3960 dataset=stochastic_block_model perturbation=hub_modification alpha=0.3 seed=3 workflow=structural_statistics_mmd status=success
2026-06-18 10:18:50,883 INFO row_complete 2874/3960 dataset=stochastic_block_model perturbation=hub_modification alpha=0.3 seed=3 workflow=wl_subtree_kernel_mmd status=success
2026-06-18 10:18:50,884 INFO row_complete 2875/3960 dataset=stochastic_block_model perturbation=hub_modification alpha=0.3 seed=3 workflow=native_netlsd status=success
2026-06-18 10:18:50,885 INFO row_complete 2876/3960 dataset=stochastic_block_model perturbation=hub_modification alpha=0.3 seed=3 workflow=diversity_curves_shortest_path status=success
2026-06-18 10:23:23,237 INFO row_complete 2877/3960 dataset=stochastic_block_model perturbation=hub_modification alpha=0.4 seed=3 workflow=structural_statistics_mmd status=success
2026-06-18 10:23:23,238 INFO row_complete 2878/3960 dataset=stochastic_block_model perturbation=hub_modification alpha=0.4 seed=3 workflow=wl_subtree_kernel_mmd status=success
2026-06-18 10:23:23,239 INFO row_complete 2879/3960 dataset=stochastic_block_model perturbation=hub_modification alpha=0.4 seed=3 workflow=native_netlsd status=success
2026-06-18 10:23:23,240 INFO row_complete 2880/3960 dataset=stochastic_block_model perturbation=hub_modification alpha=0.4 seed=3 workflow=diversity_curves_shortest_path status=success
2026-06-18 10:27:50,430 INFO row_complete 2881/3960 dataset=stochastic_block_model perturbation=hub_modification alpha=0.5 seed=3 workflow=structural_statistics_mmd status=success
2026-06-18 10:27:50,431 INFO row_complete 2882/3960 dataset=stochastic_block_model perturbation=hub_modification alpha=0.5 seed=3 workflow=wl_subtree_kernel_mmd status=success
2026-06-18 10:27:50,432 INFO row_complete 2883/3960 dataset=stochastic_block_model perturbation=hub_modification alpha=0.5 seed=3 workflow=native_netlsd status=success
2026-06-18 10:27:50,433 INFO row_complete 2884/3960 dataset=stochastic_block_model perturbation=hub_modification alpha=0.5 seed=3 workflow=diversity_curves_shortest_path status=success
2026-06-18 10:32:16,288 INFO row_complete 2885/3960 dataset=stochastic_block_model perturbation=hub_modification alpha=0.6 seed=3 workflow=structural_statistics_mmd status=success
2026-06-18 10:32:16,289 INFO row_complete 2886/3960 dataset=stochastic_block_model perturbation=hub_modification alpha=0.6 seed=3 workflow=wl_subtree_kernel_mmd status=success
2026-06-18 10:32:16,290 INFO row_complete 2887/3960 dataset=stochastic_block_model perturbation=hub_modification alpha=0.6 seed=3 workflow=native_netlsd status=success
2026-06-18 10:32:16,291 INFO row_complete 2888/3960 dataset=stochastic_block_model perturbation=hub_modification alpha=0.6 seed=3 workflow=diversity_curves_shortest_path status=success
2026-06-18 10:36:41,732 INFO row_complete 2889/3960 dataset=stochastic_block_model perturbation=hub_modification alpha=0.7 seed=3 workflow=structural_statistics_mmd status=success
2026-06-18 10:36:41,733 INFO row_complete 2890/3960 dataset=stochastic_block_model perturbation=hub_modification alpha=0.7 seed=3 workflow=wl_subtree_kernel_mmd status=success
2026-06-18 10:36:41,734 INFO row_complete 2891/3960 dataset=stochastic_block_model perturbation=hub_modification alpha=0.7 seed=3 workflow=native_netlsd status=success
2026-06-18 10:36:41,735 INFO row_complete 2892/3960 dataset=stochastic_block_model perturbation=hub_modification alpha=0.7 seed=3 workflow=diversity_curves_shortest_path status=success
2026-06-18 10:41:06,179 INFO row_complete 2893/3960 dataset=stochastic_block_model perturbation=hub_modification alpha=0.8 seed=3 workflow=structural_statistics_mmd status=success
2026-06-18 10:41:06,180 INFO row_complete 2894/3960 dataset=stochastic_block_model perturbation=hub_modification alpha=0.8 seed=3 workflow=wl_subtree_kernel_mmd status=success
2026-06-18 10:41:06,181 INFO row_complete 2895/3960 dataset=stochastic_block_model perturbation=hub_modification alpha=0.8 seed=3 workflow=native_netlsd status=success
2026-06-18 10:41:06,182 INFO row_complete 2896/3960 dataset=stochastic_block_model perturbation=hub_modification alpha=0.8 seed=3 workflow=diversity_curves_shortest_path status=success
2026-06-18 10:45:31,805 INFO row_complete 2897/3960 dataset=stochastic_block_model perturbation=hub_modification alpha=0.9 seed=3 workflow=structural_statistics_mmd status=success
2026-06-18 10:45:31,806 INFO row_complete 2898/3960 dataset=stochastic_block_model perturbation=hub_modification alpha=0.9 seed=3 workflow=wl_subtree_kernel_mmd status=success
2026-06-18 10:45:31,807 INFO row_complete 2899/3960 dataset=stochastic_block_model perturbation=hub_modification alpha=0.9 seed=3 workflow=native_netlsd status=success
2026-06-18 10:45:31,807 INFO row_complete 2900/3960 dataset=stochastic_block_model perturbation=hub_modification alpha=0.9 seed=3 workflow=diversity_curves_shortest_path status=success
2026-06-18 10:49:57,636 INFO row_complete 2901/3960 dataset=stochastic_block_model perturbation=hub_modification alpha=1.0 seed=3 workflow=structural_statistics_mmd status=success
2026-06-18 10:49:57,637 INFO row_complete 2902/3960 dataset=stochastic_block_model perturbation=hub_modification alpha=1.0 seed=3 workflow=wl_subtree_kernel_mmd status=success
2026-06-18 10:49:57,638 INFO row_complete 2903/3960 dataset=stochastic_block_model perturbation=hub_modification alpha=1.0 seed=3 workflow=native_netlsd status=success
2026-06-18 10:49:57,638 INFO row_complete 2904/3960 dataset=stochastic_block_model perturbation=hub_modification alpha=1.0 seed=3 workflow=diversity_curves_shortest_path status=success
2026-06-18 10:53:47,125 INFO row_complete 2905/3960 dataset=barabasi_albert perturbation=edge_insertion alpha=0.0 seed=3 workflow=structural_statistics_mmd status=success
2026-06-18 10:53:47,126 INFO row_complete 2906/3960 dataset=barabasi_albert perturbation=edge_insertion alpha=0.0 seed=3 workflow=wl_subtree_kernel_mmd status=success
2026-06-18 10:53:47,127 INFO row_complete 2907/3960 dataset=barabasi_albert perturbation=edge_insertion alpha=0.0 seed=3 workflow=native_netlsd status=success
2026-06-18 10:53:47,127 INFO row_complete 2908/3960 dataset=barabasi_albert perturbation=edge_insertion alpha=0.0 seed=3 workflow=diversity_curves_shortest_path status=success
2026-06-18 10:57:45,204 INFO row_complete 2909/3960 dataset=barabasi_albert perturbation=edge_insertion alpha=0.1 seed=3 workflow=structural_statistics_mmd status=success
2026-06-18 10:57:45,205 INFO row_complete 2910/3960 dataset=barabasi_albert perturbation=edge_insertion alpha=0.1 seed=3 workflow=wl_subtree_kernel_mmd status=success
2026-06-18 10:57:45,206 INFO row_complete 2911/3960 dataset=barabasi_albert perturbation=edge_insertion alpha=0.1 seed=3 workflow=native_netlsd status=success
2026-06-18 10:57:45,207 INFO row_complete 2912/3960 dataset=barabasi_albert perturbation=edge_insertion alpha=0.1 seed=3 workflow=diversity_curves_shortest_path status=success
2026-06-18 11:01:52,009 INFO row_complete 2913/3960 dataset=barabasi_albert perturbation=edge_insertion alpha=0.2 seed=3 workflow=structural_statistics_mmd status=success
2026-06-18 11:01:52,010 INFO row_complete 2914/3960 dataset=barabasi_albert perturbation=edge_insertion alpha=0.2 seed=3 workflow=wl_subtree_kernel_mmd status=success
2026-06-18 11:01:52,011 INFO row_complete 2915/3960 dataset=barabasi_albert perturbation=edge_insertion alpha=0.2 seed=3 workflow=native_netlsd status=success
2026-06-18 11:01:52,012 INFO row_complete 2916/3960 dataset=barabasi_albert perturbation=edge_insertion alpha=0.2 seed=3 workflow=diversity_curves_shortest_path status=success
2026-06-18 11:06:08,911 INFO row_complete 2917/3960 dataset=barabasi_albert perturbation=edge_insertion alpha=0.3 seed=3 workflow=structural_statistics_mmd status=success
2026-06-18 11:06:08,912 INFO row_complete 2918/3960 dataset=barabasi_albert perturbation=edge_insertion alpha=0.3 seed=3 workflow=wl_subtree_kernel_mmd status=success
2026-06-18 11:06:08,913 INFO row_complete 2919/3960 dataset=barabasi_albert perturbation=edge_insertion alpha=0.3 seed=3 workflow=native_netlsd status=success
2026-06-18 11:06:08,914 INFO row_complete 2920/3960 dataset=barabasi_albert perturbation=edge_insertion alpha=0.3 seed=3 workflow=diversity_curves_shortest_path status=success
2026-06-18 11:10:34,073 INFO row_complete 2921/3960 dataset=barabasi_albert perturbation=edge_insertion alpha=0.4 seed=3 workflow=structural_statistics_mmd status=success
2026-06-18 11:10:34,075 INFO row_complete 2922/3960 dataset=barabasi_albert perturbation=edge_insertion alpha=0.4 seed=3 workflow=wl_subtree_kernel_mmd status=success
2026-06-18 11:10:34,075 INFO row_complete 2923/3960 dataset=barabasi_albert perturbation=edge_insertion alpha=0.4 seed=3 workflow=native_netlsd status=success
2026-06-18 11:10:34,076 INFO row_complete 2924/3960 dataset=barabasi_albert perturbation=edge_insertion alpha=0.4 seed=3 workflow=diversity_curves_shortest_path status=success
2026-06-18 11:15:07,777 INFO row_complete 2925/3960 dataset=barabasi_albert perturbation=edge_insertion alpha=0.5 seed=3 workflow=structural_statistics_mmd status=success
2026-06-18 11:15:07,778 INFO row_complete 2926/3960 dataset=barabasi_albert perturbation=edge_insertion alpha=0.5 seed=3 workflow=wl_subtree_kernel_mmd status=success
2026-06-18 11:15:07,779 INFO row_complete 2927/3960 dataset=barabasi_albert perturbation=edge_insertion alpha=0.5 seed=3 workflow=native_netlsd status=success
2026-06-18 11:15:07,779 INFO row_complete 2928/3960 dataset=barabasi_albert perturbation=edge_insertion alpha=0.5 seed=3 workflow=diversity_curves_shortest_path status=success
2026-06-18 11:19:52,177 INFO row_complete 2929/3960 dataset=barabasi_albert perturbation=edge_insertion alpha=0.6 seed=3 workflow=structural_statistics_mmd status=success
2026-06-18 11:19:52,178 INFO row_complete 2930/3960 dataset=barabasi_albert perturbation=edge_insertion alpha=0.6 seed=3 workflow=wl_subtree_kernel_mmd status=success
2026-06-18 11:19:52,179 INFO row_complete 2931/3960 dataset=barabasi_albert perturbation=edge_insertion alpha=0.6 seed=3 workflow=native_netlsd status=success
2026-06-18 11:19:52,180 INFO row_complete 2932/3960 dataset=barabasi_albert perturbation=edge_insertion alpha=0.6 seed=3 workflow=diversity_curves_shortest_path status=success
2026-06-18 11:24:48,044 INFO row_complete 2933/3960 dataset=barabasi_albert perturbation=edge_insertion alpha=0.7 seed=3 workflow=structural_statistics_mmd status=success
2026-06-18 11:24:48,046 INFO row_complete 2934/3960 dataset=barabasi_albert perturbation=edge_insertion alpha=0.7 seed=3 workflow=wl_subtree_kernel_mmd status=success
2026-06-18 11:24:48,047 INFO row_complete 2935/3960 dataset=barabasi_albert perturbation=edge_insertion alpha=0.7 seed=3 workflow=native_netlsd status=success
2026-06-18 11:24:48,048 INFO row_complete 2936/3960 dataset=barabasi_albert perturbation=edge_insertion alpha=0.7 seed=3 workflow=diversity_curves_shortest_path status=success
2026-06-18 11:29:54,103 INFO row_complete 2937/3960 dataset=barabasi_albert perturbation=edge_insertion alpha=0.8 seed=3 workflow=structural_statistics_mmd status=success
2026-06-18 11:29:54,104 INFO row_complete 2938/3960 dataset=barabasi_albert perturbation=edge_insertion alpha=0.8 seed=3 workflow=wl_subtree_kernel_mmd status=success
2026-06-18 11:29:54,105 INFO row_complete 2939/3960 dataset=barabasi_albert perturbation=edge_insertion alpha=0.8 seed=3 workflow=native_netlsd status=success
2026-06-18 11:29:54,105 INFO row_complete 2940/3960 dataset=barabasi_albert perturbation=edge_insertion alpha=0.8 seed=3 workflow=diversity_curves_shortest_path status=success
2026-06-18 11:35:11,237 INFO row_complete 2941/3960 dataset=barabasi_albert perturbation=edge_insertion alpha=0.9 seed=3 workflow=structural_statistics_mmd status=success
2026-06-18 11:35:11,238 INFO row_complete 2942/3960 dataset=barabasi_albert perturbation=edge_insertion alpha=0.9 seed=3 workflow=wl_subtree_kernel_mmd status=success
2026-06-18 11:35:11,239 INFO row_complete 2943/3960 dataset=barabasi_albert perturbation=edge_insertion alpha=0.9 seed=3 workflow=native_netlsd status=success
2026-06-18 11:35:11,239 INFO row_complete 2944/3960 dataset=barabasi_albert perturbation=edge_insertion alpha=0.9 seed=3 workflow=diversity_curves_shortest_path status=success
2026-06-18 11:40:41,448 INFO row_complete 2945/3960 dataset=barabasi_albert perturbation=edge_insertion alpha=1.0 seed=3 workflow=structural_statistics_mmd status=success
2026-06-18 11:40:41,449 INFO row_complete 2946/3960 dataset=barabasi_albert perturbation=edge_insertion alpha=1.0 seed=3 workflow=wl_subtree_kernel_mmd status=success
2026-06-18 11:40:41,450 INFO row_complete 2947/3960 dataset=barabasi_albert perturbation=edge_insertion alpha=1.0 seed=3 workflow=native_netlsd status=success
2026-06-18 11:40:41,451 INFO row_complete 2948/3960 dataset=barabasi_albert perturbation=edge_insertion alpha=1.0 seed=3 workflow=diversity_curves_shortest_path status=success
2026-06-18 11:44:31,385 INFO row_complete 2949/3960 dataset=barabasi_albert perturbation=edge_deletion alpha=0.0 seed=3 workflow=structural_statistics_mmd status=success
2026-06-18 11:44:31,386 INFO row_complete 2950/3960 dataset=barabasi_albert perturbation=edge_deletion alpha=0.0 seed=3 workflow=wl_subtree_kernel_mmd status=success
2026-06-18 11:44:31,387 INFO row_complete 2951/3960 dataset=barabasi_albert perturbation=edge_deletion alpha=0.0 seed=3 workflow=native_netlsd status=success
2026-06-18 11:44:31,388 INFO row_complete 2952/3960 dataset=barabasi_albert perturbation=edge_deletion alpha=0.0 seed=3 workflow=diversity_curves_shortest_path status=success
2026-06-18 11:48:13,331 INFO row_complete 2953/3960 dataset=barabasi_albert perturbation=edge_deletion alpha=0.1 seed=3 workflow=structural_statistics_mmd status=success
2026-06-18 11:48:13,332 INFO row_complete 2954/3960 dataset=barabasi_albert perturbation=edge_deletion alpha=0.1 seed=3 workflow=wl_subtree_kernel_mmd status=success
2026-06-18 11:48:13,333 INFO row_complete 2955/3960 dataset=barabasi_albert perturbation=edge_deletion alpha=0.1 seed=3 workflow=native_netlsd status=success
2026-06-18 11:48:13,334 INFO row_complete 2956/3960 dataset=barabasi_albert perturbation=edge_deletion alpha=0.1 seed=3 workflow=diversity_curves_shortest_path status=success
2026-06-18 11:51:47,839 INFO row_complete 2957/3960 dataset=barabasi_albert perturbation=edge_deletion alpha=0.2 seed=3 workflow=structural_statistics_mmd status=success
2026-06-18 11:51:47,840 INFO row_complete 2958/3960 dataset=barabasi_albert perturbation=edge_deletion alpha=0.2 seed=3 workflow=wl_subtree_kernel_mmd status=success
2026-06-18 11:51:47,841 INFO row_complete 2959/3960 dataset=barabasi_albert perturbation=edge_deletion alpha=0.2 seed=3 workflow=native_netlsd status=success
2026-06-18 11:51:47,842 INFO row_complete 2960/3960 dataset=barabasi_albert perturbation=edge_deletion alpha=0.2 seed=3 workflow=diversity_curves_shortest_path status=success
2026-06-18 11:55:13,605 INFO row_complete 2961/3960 dataset=barabasi_albert perturbation=edge_deletion alpha=0.3 seed=3 workflow=structural_statistics_mmd status=success
2026-06-18 11:55:13,606 INFO row_complete 2962/3960 dataset=barabasi_albert perturbation=edge_deletion alpha=0.3 seed=3 workflow=wl_subtree_kernel_mmd status=success
2026-06-18 11:55:13,607 INFO row_complete 2963/3960 dataset=barabasi_albert perturbation=edge_deletion alpha=0.3 seed=3 workflow=native_netlsd status=success
2026-06-18 11:55:13,608 INFO row_complete 2964/3960 dataset=barabasi_albert perturbation=edge_deletion alpha=0.3 seed=3 workflow=diversity_curves_shortest_path status=success
2026-06-18 11:58:32,237 INFO row_complete 2965/3960 dataset=barabasi_albert perturbation=edge_deletion alpha=0.4 seed=3 workflow=structural_statistics_mmd status=success
2026-06-18 11:58:32,238 INFO row_complete 2966/3960 dataset=barabasi_albert perturbation=edge_deletion alpha=0.4 seed=3 workflow=wl_subtree_kernel_mmd status=success
2026-06-18 11:58:32,239 INFO row_complete 2967/3960 dataset=barabasi_albert perturbation=edge_deletion alpha=0.4 seed=3 workflow=native_netlsd status=success
2026-06-18 11:58:32,240 INFO row_complete 2968/3960 dataset=barabasi_albert perturbation=edge_deletion alpha=0.4 seed=3 workflow=diversity_curves_shortest_path status=success
2026-06-18 12:01:42,294 INFO row_complete 2969/3960 dataset=barabasi_albert perturbation=edge_deletion alpha=0.5 seed=3 workflow=structural_statistics_mmd status=success
2026-06-18 12:01:42,296 INFO row_complete 2970/3960 dataset=barabasi_albert perturbation=edge_deletion alpha=0.5 seed=3 workflow=wl_subtree_kernel_mmd status=success
2026-06-18 12:01:42,296 INFO row_complete 2971/3960 dataset=barabasi_albert perturbation=edge_deletion alpha=0.5 seed=3 workflow=native_netlsd status=success
2026-06-18 12:01:42,297 INFO row_complete 2972/3960 dataset=barabasi_albert perturbation=edge_deletion alpha=0.5 seed=3 workflow=diversity_curves_shortest_path status=success
2026-06-18 12:04:41,807 INFO row_complete 2973/3960 dataset=barabasi_albert perturbation=edge_deletion alpha=0.6 seed=3 workflow=structural_statistics_mmd status=success
2026-06-18 12:04:41,808 INFO row_complete 2974/3960 dataset=barabasi_albert perturbation=edge_deletion alpha=0.6 seed=3 workflow=wl_subtree_kernel_mmd status=success
2026-06-18 12:04:41,809 INFO row_complete 2975/3960 dataset=barabasi_albert perturbation=edge_deletion alpha=0.6 seed=3 workflow=native_netlsd status=success
2026-06-18 12:04:41,810 INFO row_complete 2976/3960 dataset=barabasi_albert perturbation=edge_deletion alpha=0.6 seed=3 workflow=diversity_curves_shortest_path status=success
2026-06-18 12:07:19,527 INFO row_complete 2977/3960 dataset=barabasi_albert perturbation=edge_deletion alpha=0.7 seed=3 workflow=structural_statistics_mmd status=success
2026-06-18 12:07:19,528 INFO row_complete 2978/3960 dataset=barabasi_albert perturbation=edge_deletion alpha=0.7 seed=3 workflow=wl_subtree_kernel_mmd status=success
2026-06-18 12:07:19,529 INFO row_complete 2979/3960 dataset=barabasi_albert perturbation=edge_deletion alpha=0.7 seed=3 workflow=native_netlsd status=success
2026-06-18 12:07:19,529 INFO row_complete 2980/3960 dataset=barabasi_albert perturbation=edge_deletion alpha=0.7 seed=3 workflow=diversity_curves_shortest_path status=success
2026-06-18 12:09:34,281 INFO row_complete 2981/3960 dataset=barabasi_albert perturbation=edge_deletion alpha=0.8 seed=3 workflow=structural_statistics_mmd status=success
2026-06-18 12:09:34,282 INFO row_complete 2982/3960 dataset=barabasi_albert perturbation=edge_deletion alpha=0.8 seed=3 workflow=wl_subtree_kernel_mmd status=success
2026-06-18 12:09:34,283 INFO row_complete 2983/3960 dataset=barabasi_albert perturbation=edge_deletion alpha=0.8 seed=3 workflow=native_netlsd status=success
2026-06-18 12:09:34,284 INFO row_complete 2984/3960 dataset=barabasi_albert perturbation=edge_deletion alpha=0.8 seed=3 workflow=diversity_curves_shortest_path status=success
2026-06-18 12:11:38,319 INFO row_complete 2985/3960 dataset=barabasi_albert perturbation=edge_deletion alpha=0.9 seed=3 workflow=structural_statistics_mmd status=success
2026-06-18 12:11:38,320 INFO row_complete 2986/3960 dataset=barabasi_albert perturbation=edge_deletion alpha=0.9 seed=3 workflow=wl_subtree_kernel_mmd status=success
2026-06-18 12:11:38,321 INFO row_complete 2987/3960 dataset=barabasi_albert perturbation=edge_deletion alpha=0.9 seed=3 workflow=native_netlsd status=success
2026-06-18 12:11:38,322 INFO row_complete 2988/3960 dataset=barabasi_albert perturbation=edge_deletion alpha=0.9 seed=3 workflow=diversity_curves_shortest_path status=success
2026-06-18 12:13:38,828 INFO row_complete 2989/3960 dataset=barabasi_albert perturbation=edge_deletion alpha=1.0 seed=3 workflow=structural_statistics_mmd status=success
2026-06-18 12:13:38,829 INFO row_complete 2990/3960 dataset=barabasi_albert perturbation=edge_deletion alpha=1.0 seed=3 workflow=wl_subtree_kernel_mmd status=success
2026-06-18 12:13:38,830 INFO row_complete 2991/3960 dataset=barabasi_albert perturbation=edge_deletion alpha=1.0 seed=3 workflow=native_netlsd status=success
2026-06-18 12:13:38,831 INFO row_complete 2992/3960 dataset=barabasi_albert perturbation=edge_deletion alpha=1.0 seed=3 workflow=diversity_curves_shortest_path status=success
2026-06-18 12:17:31,122 INFO row_complete 2993/3960 dataset=barabasi_albert perturbation=triangle_insertion alpha=0.0 seed=3 workflow=structural_statistics_mmd status=success
2026-06-18 12:17:31,123 INFO row_complete 2994/3960 dataset=barabasi_albert perturbation=triangle_insertion alpha=0.0 seed=3 workflow=wl_subtree_kernel_mmd status=success
2026-06-18 12:17:31,124 INFO row_complete 2995/3960 dataset=barabasi_albert perturbation=triangle_insertion alpha=0.0 seed=3 workflow=native_netlsd status=success
2026-06-18 12:17:31,125 INFO row_complete 2996/3960 dataset=barabasi_albert perturbation=triangle_insertion alpha=0.0 seed=3 workflow=diversity_curves_shortest_path status=success
2026-06-18 12:21:26,928 INFO row_complete 2997/3960 dataset=barabasi_albert perturbation=triangle_insertion alpha=0.1 seed=3 workflow=structural_statistics_mmd status=success
2026-06-18 12:21:26,928 INFO row_complete 2998/3960 dataset=barabasi_albert perturbation=triangle_insertion alpha=0.1 seed=3 workflow=wl_subtree_kernel_mmd status=success
2026-06-18 12:21:26,929 INFO row_complete 2999/3960 dataset=barabasi_albert perturbation=triangle_insertion alpha=0.1 seed=3 workflow=native_netlsd status=success
2026-06-18 12:21:26,930 INFO row_complete 3000/3960 dataset=barabasi_albert perturbation=triangle_insertion alpha=0.1 seed=3 workflow=diversity_curves_shortest_path status=success
2026-06-18 12:25:31,068 INFO row_complete 3001/3960 dataset=barabasi_albert perturbation=triangle_insertion alpha=0.2 seed=3 workflow=structural_statistics_mmd status=success
2026-06-18 12:25:31,070 INFO row_complete 3002/3960 dataset=barabasi_albert perturbation=triangle_insertion alpha=0.2 seed=3 workflow=wl_subtree_kernel_mmd status=success
2026-06-18 12:25:31,071 INFO row_complete 3003/3960 dataset=barabasi_albert perturbation=triangle_insertion alpha=0.2 seed=3 workflow=native_netlsd status=success
2026-06-18 12:25:31,072 INFO row_complete 3004/3960 dataset=barabasi_albert perturbation=triangle_insertion alpha=0.2 seed=3 workflow=diversity_curves_shortest_path status=success
2026-06-18 12:29:43,608 INFO row_complete 3005/3960 dataset=barabasi_albert perturbation=triangle_insertion alpha=0.3 seed=3 workflow=structural_statistics_mmd status=success
2026-06-18 12:29:43,609 INFO row_complete 3006/3960 dataset=barabasi_albert perturbation=triangle_insertion alpha=0.3 seed=3 workflow=wl_subtree_kernel_mmd status=success
2026-06-18 12:29:43,609 INFO row_complete 3007/3960 dataset=barabasi_albert perturbation=triangle_insertion alpha=0.3 seed=3 workflow=native_netlsd status=success
2026-06-18 12:29:43,610 INFO row_complete 3008/3960 dataset=barabasi_albert perturbation=triangle_insertion alpha=0.3 seed=3 workflow=diversity_curves_shortest_path status=success
2026-06-18 12:34:02,770 INFO row_complete 3009/3960 dataset=barabasi_albert perturbation=triangle_insertion alpha=0.4 seed=3 workflow=structural_statistics_mmd status=success
2026-06-18 12:34:02,771 INFO row_complete 3010/3960 dataset=barabasi_albert perturbation=triangle_insertion alpha=0.4 seed=3 workflow=wl_subtree_kernel_mmd status=success
2026-06-18 12:34:02,772 INFO row_complete 3011/3960 dataset=barabasi_albert perturbation=triangle_insertion alpha=0.4 seed=3 workflow=native_netlsd status=success
2026-06-18 12:34:02,773 INFO row_complete 3012/3960 dataset=barabasi_albert perturbation=triangle_insertion alpha=0.4 seed=3 workflow=diversity_curves_shortest_path status=success
2026-06-18 12:38:30,968 INFO row_complete 3013/3960 dataset=barabasi_albert perturbation=triangle_insertion alpha=0.5 seed=3 workflow=structural_statistics_mmd status=success
2026-06-18 12:38:30,970 INFO row_complete 3014/3960 dataset=barabasi_albert perturbation=triangle_insertion alpha=0.5 seed=3 workflow=wl_subtree_kernel_mmd status=success
2026-06-18 12:38:30,971 INFO row_complete 3015/3960 dataset=barabasi_albert perturbation=triangle_insertion alpha=0.5 seed=3 workflow=native_netlsd status=success
2026-06-18 12:38:30,971 INFO row_complete 3016/3960 dataset=barabasi_albert perturbation=triangle_insertion alpha=0.5 seed=3 workflow=diversity_curves_shortest_path status=success
2026-06-18 12:43:07,776 INFO row_complete 3017/3960 dataset=barabasi_albert perturbation=triangle_insertion alpha=0.6 seed=3 workflow=structural_statistics_mmd status=success
2026-06-18 12:43:07,777 INFO row_complete 3018/3960 dataset=barabasi_albert perturbation=triangle_insertion alpha=0.6 seed=3 workflow=wl_subtree_kernel_mmd status=success
2026-06-18 12:43:07,779 INFO row_complete 3019/3960 dataset=barabasi_albert perturbation=triangle_insertion alpha=0.6 seed=3 workflow=native_netlsd status=success
2026-06-18 12:43:07,779 INFO row_complete 3020/3960 dataset=barabasi_albert perturbation=triangle_insertion alpha=0.6 seed=3 workflow=diversity_curves_shortest_path status=success
2026-06-18 12:47:53,530 INFO row_complete 3021/3960 dataset=barabasi_albert perturbation=triangle_insertion alpha=0.7 seed=3 workflow=structural_statistics_mmd status=success
2026-06-18 12:47:53,531 INFO row_complete 3022/3960 dataset=barabasi_albert perturbation=triangle_insertion alpha=0.7 seed=3 workflow=wl_subtree_kernel_mmd status=success
2026-06-18 12:47:53,532 INFO row_complete 3023/3960 dataset=barabasi_albert perturbation=triangle_insertion alpha=0.7 seed=3 workflow=native_netlsd status=success
2026-06-18 12:47:53,532 INFO row_complete 3024/3960 dataset=barabasi_albert perturbation=triangle_insertion alpha=0.7 seed=3 workflow=diversity_curves_shortest_path status=success
2026-06-18 12:52:49,909 INFO row_complete 3025/3960 dataset=barabasi_albert perturbation=triangle_insertion alpha=0.8 seed=3 workflow=structural_statistics_mmd status=success
2026-06-18 12:52:49,910 INFO row_complete 3026/3960 dataset=barabasi_albert perturbation=triangle_insertion alpha=0.8 seed=3 workflow=wl_subtree_kernel_mmd status=success
2026-06-18 12:52:49,911 INFO row_complete 3027/3960 dataset=barabasi_albert perturbation=triangle_insertion alpha=0.8 seed=3 workflow=native_netlsd status=success
2026-06-18 12:52:49,911 INFO row_complete 3028/3960 dataset=barabasi_albert perturbation=triangle_insertion alpha=0.8 seed=3 workflow=diversity_curves_shortest_path status=success
2026-06-18 12:57:55,318 INFO row_complete 3029/3960 dataset=barabasi_albert perturbation=triangle_insertion alpha=0.9 seed=3 workflow=structural_statistics_mmd status=success
2026-06-18 12:57:55,319 INFO row_complete 3030/3960 dataset=barabasi_albert perturbation=triangle_insertion alpha=0.9 seed=3 workflow=wl_subtree_kernel_mmd status=success
2026-06-18 12:57:55,320 INFO row_complete 3031/3960 dataset=barabasi_albert perturbation=triangle_insertion alpha=0.9 seed=3 workflow=native_netlsd status=success
2026-06-18 12:57:55,321 INFO row_complete 3032/3960 dataset=barabasi_albert perturbation=triangle_insertion alpha=0.9 seed=3 workflow=diversity_curves_shortest_path status=success
2026-06-18 13:03:12,402 INFO row_complete 3033/3960 dataset=barabasi_albert perturbation=triangle_insertion alpha=1.0 seed=3 workflow=structural_statistics_mmd status=success
2026-06-18 13:03:12,404 INFO row_complete 3034/3960 dataset=barabasi_albert perturbation=triangle_insertion alpha=1.0 seed=3 workflow=wl_subtree_kernel_mmd status=success
2026-06-18 13:03:12,405 INFO row_complete 3035/3960 dataset=barabasi_albert perturbation=triangle_insertion alpha=1.0 seed=3 workflow=native_netlsd status=success
2026-06-18 13:03:12,406 INFO row_complete 3036/3960 dataset=barabasi_albert perturbation=triangle_insertion alpha=1.0 seed=3 workflow=diversity_curves_shortest_path status=success
2026-06-18 13:07:02,903 INFO row_complete 3037/3960 dataset=barabasi_albert perturbation=triangle_deletion alpha=0.0 seed=3 workflow=structural_statistics_mmd status=success
2026-06-18 13:07:02,904 INFO row_complete 3038/3960 dataset=barabasi_albert perturbation=triangle_deletion alpha=0.0 seed=3 workflow=wl_subtree_kernel_mmd status=success
2026-06-18 13:07:02,905 INFO row_complete 3039/3960 dataset=barabasi_albert perturbation=triangle_deletion alpha=0.0 seed=3 workflow=native_netlsd status=success
2026-06-18 13:07:02,906 INFO row_complete 3040/3960 dataset=barabasi_albert perturbation=triangle_deletion alpha=0.0 seed=3 workflow=diversity_curves_shortest_path status=success
2026-06-18 13:10:47,098 INFO row_complete 3041/3960 dataset=barabasi_albert perturbation=triangle_deletion alpha=0.1 seed=3 workflow=structural_statistics_mmd status=success
2026-06-18 13:10:47,099 INFO row_complete 3042/3960 dataset=barabasi_albert perturbation=triangle_deletion alpha=0.1 seed=3 workflow=wl_subtree_kernel_mmd status=success
2026-06-18 13:10:47,100 INFO row_complete 3043/3960 dataset=barabasi_albert perturbation=triangle_deletion alpha=0.1 seed=3 workflow=native_netlsd status=success
2026-06-18 13:10:47,100 INFO row_complete 3044/3960 dataset=barabasi_albert perturbation=triangle_deletion alpha=0.1 seed=3 workflow=diversity_curves_shortest_path status=success
2026-06-18 13:14:23,241 INFO row_complete 3045/3960 dataset=barabasi_albert perturbation=triangle_deletion alpha=0.2 seed=3 workflow=structural_statistics_mmd status=success
2026-06-18 13:14:23,242 INFO row_complete 3046/3960 dataset=barabasi_albert perturbation=triangle_deletion alpha=0.2 seed=3 workflow=wl_subtree_kernel_mmd status=success
2026-06-18 13:14:23,243 INFO row_complete 3047/3960 dataset=barabasi_albert perturbation=triangle_deletion alpha=0.2 seed=3 workflow=native_netlsd status=success
2026-06-18 13:14:23,244 INFO row_complete 3048/3960 dataset=barabasi_albert perturbation=triangle_deletion alpha=0.2 seed=3 workflow=diversity_curves_shortest_path status=success
2026-06-18 13:17:52,186 INFO row_complete 3049/3960 dataset=barabasi_albert perturbation=triangle_deletion alpha=0.3 seed=3 workflow=structural_statistics_mmd status=success
2026-06-18 13:17:52,187 INFO row_complete 3050/3960 dataset=barabasi_albert perturbation=triangle_deletion alpha=0.3 seed=3 workflow=wl_subtree_kernel_mmd status=success
2026-06-18 13:17:52,188 INFO row_complete 3051/3960 dataset=barabasi_albert perturbation=triangle_deletion alpha=0.3 seed=3 workflow=native_netlsd status=success
2026-06-18 13:17:52,189 INFO row_complete 3052/3960 dataset=barabasi_albert perturbation=triangle_deletion alpha=0.3 seed=3 workflow=diversity_curves_shortest_path status=success
2026-06-18 13:21:13,729 INFO row_complete 3053/3960 dataset=barabasi_albert perturbation=triangle_deletion alpha=0.4 seed=3 workflow=structural_statistics_mmd status=success
2026-06-18 13:21:13,730 INFO row_complete 3054/3960 dataset=barabasi_albert perturbation=triangle_deletion alpha=0.4 seed=3 workflow=wl_subtree_kernel_mmd status=success
2026-06-18 13:21:13,731 INFO row_complete 3055/3960 dataset=barabasi_albert perturbation=triangle_deletion alpha=0.4 seed=3 workflow=native_netlsd status=success
2026-06-18 13:21:13,731 INFO row_complete 3056/3960 dataset=barabasi_albert perturbation=triangle_deletion alpha=0.4 seed=3 workflow=diversity_curves_shortest_path status=success
2026-06-18 13:24:31,035 INFO row_complete 3057/3960 dataset=barabasi_albert perturbation=triangle_deletion alpha=0.5 seed=3 workflow=structural_statistics_mmd status=success
2026-06-18 13:24:31,036 INFO row_complete 3058/3960 dataset=barabasi_albert perturbation=triangle_deletion alpha=0.5 seed=3 workflow=wl_subtree_kernel_mmd status=success
2026-06-18 13:24:31,037 INFO row_complete 3059/3960 dataset=barabasi_albert perturbation=triangle_deletion alpha=0.5 seed=3 workflow=native_netlsd status=success
2026-06-18 13:24:31,038 INFO row_complete 3060/3960 dataset=barabasi_albert perturbation=triangle_deletion alpha=0.5 seed=3 workflow=diversity_curves_shortest_path status=success
2026-06-18 13:27:47,658 INFO row_complete 3061/3960 dataset=barabasi_albert perturbation=triangle_deletion alpha=0.6 seed=3 workflow=structural_statistics_mmd status=success
2026-06-18 13:27:47,659 INFO row_complete 3062/3960 dataset=barabasi_albert perturbation=triangle_deletion alpha=0.6 seed=3 workflow=wl_subtree_kernel_mmd status=success
2026-06-18 13:27:47,660 INFO row_complete 3063/3960 dataset=barabasi_albert perturbation=triangle_deletion alpha=0.6 seed=3 workflow=native_netlsd status=success
2026-06-18 13:27:47,661 INFO row_complete 3064/3960 dataset=barabasi_albert perturbation=triangle_deletion alpha=0.6 seed=3 workflow=diversity_curves_shortest_path status=success
2026-06-18 13:31:07,165 INFO row_complete 3065/3960 dataset=barabasi_albert perturbation=triangle_deletion alpha=0.7 seed=3 workflow=structural_statistics_mmd status=success
2026-06-18 13:31:07,166 INFO row_complete 3066/3960 dataset=barabasi_albert perturbation=triangle_deletion alpha=0.7 seed=3 workflow=wl_subtree_kernel_mmd status=success
2026-06-18 13:31:07,166 INFO row_complete 3067/3960 dataset=barabasi_albert perturbation=triangle_deletion alpha=0.7 seed=3 workflow=native_netlsd status=success
2026-06-18 13:31:07,167 INFO row_complete 3068/3960 dataset=barabasi_albert perturbation=triangle_deletion alpha=0.7 seed=3 workflow=diversity_curves_shortest_path status=success
2026-06-18 13:34:23,561 INFO row_complete 3069/3960 dataset=barabasi_albert perturbation=triangle_deletion alpha=0.8 seed=3 workflow=structural_statistics_mmd status=success
2026-06-18 13:34:23,562 INFO row_complete 3070/3960 dataset=barabasi_albert perturbation=triangle_deletion alpha=0.8 seed=3 workflow=wl_subtree_kernel_mmd status=success
2026-06-18 13:34:23,563 INFO row_complete 3071/3960 dataset=barabasi_albert perturbation=triangle_deletion alpha=0.8 seed=3 workflow=native_netlsd status=success
2026-06-18 13:34:23,564 INFO row_complete 3072/3960 dataset=barabasi_albert perturbation=triangle_deletion alpha=0.8 seed=3 workflow=diversity_curves_shortest_path status=success
2026-06-18 13:37:39,733 INFO row_complete 3073/3960 dataset=barabasi_albert perturbation=triangle_deletion alpha=0.9 seed=3 workflow=structural_statistics_mmd status=success
2026-06-18 13:37:39,735 INFO row_complete 3074/3960 dataset=barabasi_albert perturbation=triangle_deletion alpha=0.9 seed=3 workflow=wl_subtree_kernel_mmd status=success
2026-06-18 13:37:39,735 INFO row_complete 3075/3960 dataset=barabasi_albert perturbation=triangle_deletion alpha=0.9 seed=3 workflow=native_netlsd status=success
2026-06-18 13:37:39,736 INFO row_complete 3076/3960 dataset=barabasi_albert perturbation=triangle_deletion alpha=0.9 seed=3 workflow=diversity_curves_shortest_path status=success
2026-06-18 13:40:55,597 INFO row_complete 3077/3960 dataset=barabasi_albert perturbation=triangle_deletion alpha=1.0 seed=3 workflow=structural_statistics_mmd status=success
2026-06-18 13:40:55,598 INFO row_complete 3078/3960 dataset=barabasi_albert perturbation=triangle_deletion alpha=1.0 seed=3 workflow=wl_subtree_kernel_mmd status=success
2026-06-18 13:40:55,599 INFO row_complete 3079/3960 dataset=barabasi_albert perturbation=triangle_deletion alpha=1.0 seed=3 workflow=native_netlsd status=success
2026-06-18 13:40:55,600 INFO row_complete 3080/3960 dataset=barabasi_albert perturbation=triangle_deletion alpha=1.0 seed=3 workflow=diversity_curves_shortest_path status=success
2026-06-18 13:40:55,616 INFO row_complete 3081/3960 dataset=barabasi_albert perturbation=community_weakening alpha=0.0 seed=3 workflow=structural_statistics_mmd status=skipped
2026-06-18 13:40:55,617 INFO row_complete 3082/3960 dataset=barabasi_albert perturbation=community_weakening alpha=0.0 seed=3 workflow=wl_subtree_kernel_mmd status=skipped
2026-06-18 13:40:55,618 INFO row_complete 3083/3960 dataset=barabasi_albert perturbation=community_weakening alpha=0.0 seed=3 workflow=native_netlsd status=skipped
2026-06-18 13:40:55,619 INFO row_complete 3084/3960 dataset=barabasi_albert perturbation=community_weakening alpha=0.0 seed=3 workflow=diversity_curves_shortest_path status=skipped
2026-06-18 13:40:55,636 INFO row_complete 3085/3960 dataset=barabasi_albert perturbation=community_weakening alpha=0.1 seed=3 workflow=structural_statistics_mmd status=skipped
2026-06-18 13:40:55,637 INFO row_complete 3086/3960 dataset=barabasi_albert perturbation=community_weakening alpha=0.1 seed=3 workflow=wl_subtree_kernel_mmd status=skipped
2026-06-18 13:40:55,638 INFO row_complete 3087/3960 dataset=barabasi_albert perturbation=community_weakening alpha=0.1 seed=3 workflow=native_netlsd status=skipped
2026-06-18 13:40:55,638 INFO row_complete 3088/3960 dataset=barabasi_albert perturbation=community_weakening alpha=0.1 seed=3 workflow=diversity_curves_shortest_path status=skipped
2026-06-18 13:40:55,655 INFO row_complete 3089/3960 dataset=barabasi_albert perturbation=community_weakening alpha=0.2 seed=3 workflow=structural_statistics_mmd status=skipped
2026-06-18 13:40:55,655 INFO row_complete 3090/3960 dataset=barabasi_albert perturbation=community_weakening alpha=0.2 seed=3 workflow=wl_subtree_kernel_mmd status=skipped
2026-06-18 13:40:55,656 INFO row_complete 3091/3960 dataset=barabasi_albert perturbation=community_weakening alpha=0.2 seed=3 workflow=native_netlsd status=skipped
2026-06-18 13:40:55,657 INFO row_complete 3092/3960 dataset=barabasi_albert perturbation=community_weakening alpha=0.2 seed=3 workflow=diversity_curves_shortest_path status=skipped
2026-06-18 13:40:55,685 INFO row_complete 3093/3960 dataset=barabasi_albert perturbation=community_weakening alpha=0.3 seed=3 workflow=structural_statistics_mmd status=skipped
2026-06-18 13:40:55,686 INFO row_complete 3094/3960 dataset=barabasi_albert perturbation=community_weakening alpha=0.3 seed=3 workflow=wl_subtree_kernel_mmd status=skipped
2026-06-18 13:40:55,687 INFO row_complete 3095/3960 dataset=barabasi_albert perturbation=community_weakening alpha=0.3 seed=3 workflow=native_netlsd status=skipped
2026-06-18 13:40:55,687 INFO row_complete 3096/3960 dataset=barabasi_albert perturbation=community_weakening alpha=0.3 seed=3 workflow=diversity_curves_shortest_path status=skipped
2026-06-18 13:40:55,707 INFO row_complete 3097/3960 dataset=barabasi_albert perturbation=community_weakening alpha=0.4 seed=3 workflow=structural_statistics_mmd status=skipped
2026-06-18 13:40:55,708 INFO row_complete 3098/3960 dataset=barabasi_albert perturbation=community_weakening alpha=0.4 seed=3 workflow=wl_subtree_kernel_mmd status=skipped
2026-06-18 13:40:55,708 INFO row_complete 3099/3960 dataset=barabasi_albert perturbation=community_weakening alpha=0.4 seed=3 workflow=native_netlsd status=skipped
2026-06-18 13:40:55,709 INFO row_complete 3100/3960 dataset=barabasi_albert perturbation=community_weakening alpha=0.4 seed=3 workflow=diversity_curves_shortest_path status=skipped
2026-06-18 13:40:55,725 INFO row_complete 3101/3960 dataset=barabasi_albert perturbation=community_weakening alpha=0.5 seed=3 workflow=structural_statistics_mmd status=skipped
2026-06-18 13:40:55,726 INFO row_complete 3102/3960 dataset=barabasi_albert perturbation=community_weakening alpha=0.5 seed=3 workflow=wl_subtree_kernel_mmd status=skipped
2026-06-18 13:40:55,727 INFO row_complete 3103/3960 dataset=barabasi_albert perturbation=community_weakening alpha=0.5 seed=3 workflow=native_netlsd status=skipped
2026-06-18 13:40:55,727 INFO row_complete 3104/3960 dataset=barabasi_albert perturbation=community_weakening alpha=0.5 seed=3 workflow=diversity_curves_shortest_path status=skipped
2026-06-18 13:40:55,744 INFO row_complete 3105/3960 dataset=barabasi_albert perturbation=community_weakening alpha=0.6 seed=3 workflow=structural_statistics_mmd status=skipped
2026-06-18 13:40:55,745 INFO row_complete 3106/3960 dataset=barabasi_albert perturbation=community_weakening alpha=0.6 seed=3 workflow=wl_subtree_kernel_mmd status=skipped
2026-06-18 13:40:55,746 INFO row_complete 3107/3960 dataset=barabasi_albert perturbation=community_weakening alpha=0.6 seed=3 workflow=native_netlsd status=skipped
2026-06-18 13:40:55,746 INFO row_complete 3108/3960 dataset=barabasi_albert perturbation=community_weakening alpha=0.6 seed=3 workflow=diversity_curves_shortest_path status=skipped
2026-06-18 13:40:55,764 INFO row_complete 3109/3960 dataset=barabasi_albert perturbation=community_weakening alpha=0.7 seed=3 workflow=structural_statistics_mmd status=skipped
2026-06-18 13:40:55,765 INFO row_complete 3110/3960 dataset=barabasi_albert perturbation=community_weakening alpha=0.7 seed=3 workflow=wl_subtree_kernel_mmd status=skipped
2026-06-18 13:40:55,765 INFO row_complete 3111/3960 dataset=barabasi_albert perturbation=community_weakening alpha=0.7 seed=3 workflow=native_netlsd status=skipped
2026-06-18 13:40:55,766 INFO row_complete 3112/3960 dataset=barabasi_albert perturbation=community_weakening alpha=0.7 seed=3 workflow=diversity_curves_shortest_path status=skipped
2026-06-18 13:40:55,784 INFO row_complete 3113/3960 dataset=barabasi_albert perturbation=community_weakening alpha=0.8 seed=3 workflow=structural_statistics_mmd status=skipped
2026-06-18 13:40:55,785 INFO row_complete 3114/3960 dataset=barabasi_albert perturbation=community_weakening alpha=0.8 seed=3 workflow=wl_subtree_kernel_mmd status=skipped
2026-06-18 13:40:55,785 INFO row_complete 3115/3960 dataset=barabasi_albert perturbation=community_weakening alpha=0.8 seed=3 workflow=native_netlsd status=skipped
2026-06-18 13:40:55,786 INFO row_complete 3116/3960 dataset=barabasi_albert perturbation=community_weakening alpha=0.8 seed=3 workflow=diversity_curves_shortest_path status=skipped
2026-06-18 13:40:55,805 INFO row_complete 3117/3960 dataset=barabasi_albert perturbation=community_weakening alpha=0.9 seed=3 workflow=structural_statistics_mmd status=skipped
2026-06-18 13:40:55,805 INFO row_complete 3118/3960 dataset=barabasi_albert perturbation=community_weakening alpha=0.9 seed=3 workflow=wl_subtree_kernel_mmd status=skipped
2026-06-18 13:40:55,806 INFO row_complete 3119/3960 dataset=barabasi_albert perturbation=community_weakening alpha=0.9 seed=3 workflow=native_netlsd status=skipped
2026-06-18 13:40:55,807 INFO row_complete 3120/3960 dataset=barabasi_albert perturbation=community_weakening alpha=0.9 seed=3 workflow=diversity_curves_shortest_path status=skipped
2026-06-18 13:40:55,823 INFO row_complete 3121/3960 dataset=barabasi_albert perturbation=community_weakening alpha=1.0 seed=3 workflow=structural_statistics_mmd status=skipped
2026-06-18 13:40:55,824 INFO row_complete 3122/3960 dataset=barabasi_albert perturbation=community_weakening alpha=1.0 seed=3 workflow=wl_subtree_kernel_mmd status=skipped
2026-06-18 13:40:55,824 INFO row_complete 3123/3960 dataset=barabasi_albert perturbation=community_weakening alpha=1.0 seed=3 workflow=native_netlsd status=skipped
2026-06-18 13:40:55,825 INFO row_complete 3124/3960 dataset=barabasi_albert perturbation=community_weakening alpha=1.0 seed=3 workflow=diversity_curves_shortest_path status=skipped
2026-06-18 13:44:45,528 INFO row_complete 3125/3960 dataset=barabasi_albert perturbation=hub_modification alpha=0.0 seed=3 workflow=structural_statistics_mmd status=success
2026-06-18 13:44:45,529 INFO row_complete 3126/3960 dataset=barabasi_albert perturbation=hub_modification alpha=0.0 seed=3 workflow=wl_subtree_kernel_mmd status=success
2026-06-18 13:44:45,530 INFO row_complete 3127/3960 dataset=barabasi_albert perturbation=hub_modification alpha=0.0 seed=3 workflow=native_netlsd status=success
2026-06-18 13:44:45,531 INFO row_complete 3128/3960 dataset=barabasi_albert perturbation=hub_modification alpha=0.0 seed=3 workflow=diversity_curves_shortest_path status=success
2026-06-18 13:48:35,258 INFO row_complete 3129/3960 dataset=barabasi_albert perturbation=hub_modification alpha=0.1 seed=3 workflow=structural_statistics_mmd status=success
2026-06-18 13:48:35,259 INFO row_complete 3130/3960 dataset=barabasi_albert perturbation=hub_modification alpha=0.1 seed=3 workflow=wl_subtree_kernel_mmd status=success
2026-06-18 13:48:35,260 INFO row_complete 3131/3960 dataset=barabasi_albert perturbation=hub_modification alpha=0.1 seed=3 workflow=native_netlsd status=success
2026-06-18 13:48:35,261 INFO row_complete 3132/3960 dataset=barabasi_albert perturbation=hub_modification alpha=0.1 seed=3 workflow=diversity_curves_shortest_path status=success
2026-06-18 13:52:24,300 INFO row_complete 3133/3960 dataset=barabasi_albert perturbation=hub_modification alpha=0.2 seed=3 workflow=structural_statistics_mmd status=success
2026-06-18 13:52:24,301 INFO row_complete 3134/3960 dataset=barabasi_albert perturbation=hub_modification alpha=0.2 seed=3 workflow=wl_subtree_kernel_mmd status=success
2026-06-18 13:52:24,302 INFO row_complete 3135/3960 dataset=barabasi_albert perturbation=hub_modification alpha=0.2 seed=3 workflow=native_netlsd status=success
2026-06-18 13:52:24,303 INFO row_complete 3136/3960 dataset=barabasi_albert perturbation=hub_modification alpha=0.2 seed=3 workflow=diversity_curves_shortest_path status=success
2026-06-18 13:56:15,363 INFO row_complete 3137/3960 dataset=barabasi_albert perturbation=hub_modification alpha=0.3 seed=3 workflow=structural_statistics_mmd status=success
2026-06-18 13:56:15,364 INFO row_complete 3138/3960 dataset=barabasi_albert perturbation=hub_modification alpha=0.3 seed=3 workflow=wl_subtree_kernel_mmd status=success
2026-06-18 13:56:15,364 INFO row_complete 3139/3960 dataset=barabasi_albert perturbation=hub_modification alpha=0.3 seed=3 workflow=native_netlsd status=success
2026-06-18 13:56:15,365 INFO row_complete 3140/3960 dataset=barabasi_albert perturbation=hub_modification alpha=0.3 seed=3 workflow=diversity_curves_shortest_path status=success
2026-06-18 14:00:04,348 INFO row_complete 3141/3960 dataset=barabasi_albert perturbation=hub_modification alpha=0.4 seed=3 workflow=structural_statistics_mmd status=success
2026-06-18 14:00:04,349 INFO row_complete 3142/3960 dataset=barabasi_albert perturbation=hub_modification alpha=0.4 seed=3 workflow=wl_subtree_kernel_mmd status=success
2026-06-18 14:00:04,350 INFO row_complete 3143/3960 dataset=barabasi_albert perturbation=hub_modification alpha=0.4 seed=3 workflow=native_netlsd status=success
2026-06-18 14:00:04,351 INFO row_complete 3144/3960 dataset=barabasi_albert perturbation=hub_modification alpha=0.4 seed=3 workflow=diversity_curves_shortest_path status=success
2026-06-18 14:03:52,127 INFO row_complete 3145/3960 dataset=barabasi_albert perturbation=hub_modification alpha=0.5 seed=3 workflow=structural_statistics_mmd status=success
2026-06-18 14:03:52,129 INFO row_complete 3146/3960 dataset=barabasi_albert perturbation=hub_modification alpha=0.5 seed=3 workflow=wl_subtree_kernel_mmd status=success
2026-06-18 14:03:52,129 INFO row_complete 3147/3960 dataset=barabasi_albert perturbation=hub_modification alpha=0.5 seed=3 workflow=native_netlsd status=success
2026-06-18 14:03:52,130 INFO row_complete 3148/3960 dataset=barabasi_albert perturbation=hub_modification alpha=0.5 seed=3 workflow=diversity_curves_shortest_path status=success
2026-06-18 14:07:40,162 INFO row_complete 3149/3960 dataset=barabasi_albert perturbation=hub_modification alpha=0.6 seed=3 workflow=structural_statistics_mmd status=success
2026-06-18 14:07:40,163 INFO row_complete 3150/3960 dataset=barabasi_albert perturbation=hub_modification alpha=0.6 seed=3 workflow=wl_subtree_kernel_mmd status=success
2026-06-18 14:07:40,163 INFO row_complete 3151/3960 dataset=barabasi_albert perturbation=hub_modification alpha=0.6 seed=3 workflow=native_netlsd status=success
2026-06-18 14:07:40,164 INFO row_complete 3152/3960 dataset=barabasi_albert perturbation=hub_modification alpha=0.6 seed=3 workflow=diversity_curves_shortest_path status=success
2026-06-18 14:11:28,518 INFO row_complete 3153/3960 dataset=barabasi_albert perturbation=hub_modification alpha=0.7 seed=3 workflow=structural_statistics_mmd status=success
2026-06-18 14:11:28,519 INFO row_complete 3154/3960 dataset=barabasi_albert perturbation=hub_modification alpha=0.7 seed=3 workflow=wl_subtree_kernel_mmd status=success
2026-06-18 14:11:28,520 INFO row_complete 3155/3960 dataset=barabasi_albert perturbation=hub_modification alpha=0.7 seed=3 workflow=native_netlsd status=success
2026-06-18 14:11:28,521 INFO row_complete 3156/3960 dataset=barabasi_albert perturbation=hub_modification alpha=0.7 seed=3 workflow=diversity_curves_shortest_path status=success
2026-06-18 14:15:16,890 INFO row_complete 3157/3960 dataset=barabasi_albert perturbation=hub_modification alpha=0.8 seed=3 workflow=structural_statistics_mmd status=success
2026-06-18 14:15:16,891 INFO row_complete 3158/3960 dataset=barabasi_albert perturbation=hub_modification alpha=0.8 seed=3 workflow=wl_subtree_kernel_mmd status=success
2026-06-18 14:15:16,892 INFO row_complete 3159/3960 dataset=barabasi_albert perturbation=hub_modification alpha=0.8 seed=3 workflow=native_netlsd status=success
2026-06-18 14:15:16,892 INFO row_complete 3160/3960 dataset=barabasi_albert perturbation=hub_modification alpha=0.8 seed=3 workflow=diversity_curves_shortest_path status=success
2026-06-18 14:19:05,335 INFO row_complete 3161/3960 dataset=barabasi_albert perturbation=hub_modification alpha=0.9 seed=3 workflow=structural_statistics_mmd status=success
2026-06-18 14:19:05,337 INFO row_complete 3162/3960 dataset=barabasi_albert perturbation=hub_modification alpha=0.9 seed=3 workflow=wl_subtree_kernel_mmd status=success
2026-06-18 14:19:05,337 INFO row_complete 3163/3960 dataset=barabasi_albert perturbation=hub_modification alpha=0.9 seed=3 workflow=native_netlsd status=success
2026-06-18 14:19:05,338 INFO row_complete 3164/3960 dataset=barabasi_albert perturbation=hub_modification alpha=0.9 seed=3 workflow=diversity_curves_shortest_path status=success
2026-06-18 14:22:53,902 INFO row_complete 3165/3960 dataset=barabasi_albert perturbation=hub_modification alpha=1.0 seed=3 workflow=structural_statistics_mmd status=success
2026-06-18 14:22:53,903 INFO row_complete 3166/3960 dataset=barabasi_albert perturbation=hub_modification alpha=1.0 seed=3 workflow=wl_subtree_kernel_mmd status=success
2026-06-18 14:22:53,904 INFO row_complete 3167/3960 dataset=barabasi_albert perturbation=hub_modification alpha=1.0 seed=3 workflow=native_netlsd status=success
2026-06-18 14:22:53,905 INFO row_complete 3168/3960 dataset=barabasi_albert perturbation=hub_modification alpha=1.0 seed=3 workflow=diversity_curves_shortest_path status=success
2026-06-18 14:28:21,387 INFO row_complete 3169/3960 dataset=erdos_renyi perturbation=edge_insertion alpha=0.0 seed=4 workflow=structural_statistics_mmd status=success
2026-06-18 14:28:21,388 INFO row_complete 3170/3960 dataset=erdos_renyi perturbation=edge_insertion alpha=0.0 seed=4 workflow=wl_subtree_kernel_mmd status=success
2026-06-18 14:28:21,389 INFO row_complete 3171/3960 dataset=erdos_renyi perturbation=edge_insertion alpha=0.0 seed=4 workflow=native_netlsd status=success
2026-06-18 14:28:21,390 INFO row_complete 3172/3960 dataset=erdos_renyi perturbation=edge_insertion alpha=0.0 seed=4 workflow=diversity_curves_shortest_path status=success
2026-06-18 14:34:04,090 INFO row_complete 3173/3960 dataset=erdos_renyi perturbation=edge_insertion alpha=0.1 seed=4 workflow=structural_statistics_mmd status=success
2026-06-18 14:34:04,091 INFO row_complete 3174/3960 dataset=erdos_renyi perturbation=edge_insertion alpha=0.1 seed=4 workflow=wl_subtree_kernel_mmd status=success
2026-06-18 14:34:04,091 INFO row_complete 3175/3960 dataset=erdos_renyi perturbation=edge_insertion alpha=0.1 seed=4 workflow=native_netlsd status=success
2026-06-18 14:34:04,092 INFO row_complete 3176/3960 dataset=erdos_renyi perturbation=edge_insertion alpha=0.1 seed=4 workflow=diversity_curves_shortest_path status=success
2026-06-18 14:40:04,193 INFO row_complete 3177/3960 dataset=erdos_renyi perturbation=edge_insertion alpha=0.2 seed=4 workflow=structural_statistics_mmd status=success
2026-06-18 14:40:04,194 INFO row_complete 3178/3960 dataset=erdos_renyi perturbation=edge_insertion alpha=0.2 seed=4 workflow=wl_subtree_kernel_mmd status=success
2026-06-18 14:40:04,195 INFO row_complete 3179/3960 dataset=erdos_renyi perturbation=edge_insertion alpha=0.2 seed=4 workflow=native_netlsd status=success
2026-06-18 14:40:04,195 INFO row_complete 3180/3960 dataset=erdos_renyi perturbation=edge_insertion alpha=0.2 seed=4 workflow=diversity_curves_shortest_path status=success
2026-06-18 14:46:20,191 INFO row_complete 3181/3960 dataset=erdos_renyi perturbation=edge_insertion alpha=0.3 seed=4 workflow=structural_statistics_mmd status=success
2026-06-18 14:46:20,192 INFO row_complete 3182/3960 dataset=erdos_renyi perturbation=edge_insertion alpha=0.3 seed=4 workflow=wl_subtree_kernel_mmd status=success
2026-06-18 14:46:20,193 INFO row_complete 3183/3960 dataset=erdos_renyi perturbation=edge_insertion alpha=0.3 seed=4 workflow=native_netlsd status=success
2026-06-18 14:46:20,193 INFO row_complete 3184/3960 dataset=erdos_renyi perturbation=edge_insertion alpha=0.3 seed=4 workflow=diversity_curves_shortest_path status=success
2026-06-18 14:52:55,261 INFO row_complete 3185/3960 dataset=erdos_renyi perturbation=edge_insertion alpha=0.4 seed=4 workflow=structural_statistics_mmd status=success
2026-06-18 14:52:55,262 INFO row_complete 3186/3960 dataset=erdos_renyi perturbation=edge_insertion alpha=0.4 seed=4 workflow=wl_subtree_kernel_mmd status=success
2026-06-18 14:52:55,263 INFO row_complete 3187/3960 dataset=erdos_renyi perturbation=edge_insertion alpha=0.4 seed=4 workflow=native_netlsd status=success
2026-06-18 14:52:55,263 INFO row_complete 3188/3960 dataset=erdos_renyi perturbation=edge_insertion alpha=0.4 seed=4 workflow=diversity_curves_shortest_path status=success
2026-06-18 14:59:51,640 INFO row_complete 3189/3960 dataset=erdos_renyi perturbation=edge_insertion alpha=0.5 seed=4 workflow=structural_statistics_mmd status=success
2026-06-18 14:59:51,641 INFO row_complete 3190/3960 dataset=erdos_renyi perturbation=edge_insertion alpha=0.5 seed=4 workflow=wl_subtree_kernel_mmd status=success
2026-06-18 14:59:51,641 INFO row_complete 3191/3960 dataset=erdos_renyi perturbation=edge_insertion alpha=0.5 seed=4 workflow=native_netlsd status=success
2026-06-18 14:59:51,642 INFO row_complete 3192/3960 dataset=erdos_renyi perturbation=edge_insertion alpha=0.5 seed=4 workflow=diversity_curves_shortest_path status=success
2026-06-18 15:07:10,358 INFO row_complete 3193/3960 dataset=erdos_renyi perturbation=edge_insertion alpha=0.6 seed=4 workflow=structural_statistics_mmd status=success
2026-06-18 15:07:10,359 INFO row_complete 3194/3960 dataset=erdos_renyi perturbation=edge_insertion alpha=0.6 seed=4 workflow=wl_subtree_kernel_mmd status=success
2026-06-18 15:07:10,360 INFO row_complete 3195/3960 dataset=erdos_renyi perturbation=edge_insertion alpha=0.6 seed=4 workflow=native_netlsd status=success
2026-06-18 15:07:10,360 INFO row_complete 3196/3960 dataset=erdos_renyi perturbation=edge_insertion alpha=0.6 seed=4 workflow=diversity_curves_shortest_path status=success
2026-06-18 15:14:47,991 INFO row_complete 3197/3960 dataset=erdos_renyi perturbation=edge_insertion alpha=0.7 seed=4 workflow=structural_statistics_mmd status=success
2026-06-18 15:14:47,992 INFO row_complete 3198/3960 dataset=erdos_renyi perturbation=edge_insertion alpha=0.7 seed=4 workflow=wl_subtree_kernel_mmd status=success
2026-06-18 15:14:47,993 INFO row_complete 3199/3960 dataset=erdos_renyi perturbation=edge_insertion alpha=0.7 seed=4 workflow=native_netlsd status=success
2026-06-18 15:14:47,994 INFO row_complete 3200/3960 dataset=erdos_renyi perturbation=edge_insertion alpha=0.7 seed=4 workflow=diversity_curves_shortest_path status=success
2026-06-18 15:22:46,956 INFO row_complete 3201/3960 dataset=erdos_renyi perturbation=edge_insertion alpha=0.8 seed=4 workflow=structural_statistics_mmd status=success
2026-06-18 15:22:46,957 INFO row_complete 3202/3960 dataset=erdos_renyi perturbation=edge_insertion alpha=0.8 seed=4 workflow=wl_subtree_kernel_mmd status=success
2026-06-18 15:22:46,958 INFO row_complete 3203/3960 dataset=erdos_renyi perturbation=edge_insertion alpha=0.8 seed=4 workflow=native_netlsd status=success
2026-06-18 15:22:46,959 INFO row_complete 3204/3960 dataset=erdos_renyi perturbation=edge_insertion alpha=0.8 seed=4 workflow=diversity_curves_shortest_path status=success
2026-06-18 15:31:08,733 INFO row_complete 3205/3960 dataset=erdos_renyi perturbation=edge_insertion alpha=0.9 seed=4 workflow=structural_statistics_mmd status=success
2026-06-18 15:31:08,734 INFO row_complete 3206/3960 dataset=erdos_renyi perturbation=edge_insertion alpha=0.9 seed=4 workflow=wl_subtree_kernel_mmd status=success
2026-06-18 15:31:08,734 INFO row_complete 3207/3960 dataset=erdos_renyi perturbation=edge_insertion alpha=0.9 seed=4 workflow=native_netlsd status=success
2026-06-18 15:31:08,735 INFO row_complete 3208/3960 dataset=erdos_renyi perturbation=edge_insertion alpha=0.9 seed=4 workflow=diversity_curves_shortest_path status=success
2026-06-18 15:39:59,004 INFO row_complete 3209/3960 dataset=erdos_renyi perturbation=edge_insertion alpha=1.0 seed=4 workflow=structural_statistics_mmd status=success
2026-06-18 15:39:59,005 INFO row_complete 3210/3960 dataset=erdos_renyi perturbation=edge_insertion alpha=1.0 seed=4 workflow=wl_subtree_kernel_mmd status=success
2026-06-18 15:39:59,006 INFO row_complete 3211/3960 dataset=erdos_renyi perturbation=edge_insertion alpha=1.0 seed=4 workflow=native_netlsd status=success
2026-06-18 15:39:59,007 INFO row_complete 3212/3960 dataset=erdos_renyi perturbation=edge_insertion alpha=1.0 seed=4 workflow=diversity_curves_shortest_path status=success
2026-06-18 15:45:26,028 INFO row_complete 3213/3960 dataset=erdos_renyi perturbation=edge_deletion alpha=0.0 seed=4 workflow=structural_statistics_mmd status=success
2026-06-18 15:45:26,029 INFO row_complete 3214/3960 dataset=erdos_renyi perturbation=edge_deletion alpha=0.0 seed=4 workflow=wl_subtree_kernel_mmd status=success
2026-06-18 15:45:26,030 INFO row_complete 3215/3960 dataset=erdos_renyi perturbation=edge_deletion alpha=0.0 seed=4 workflow=native_netlsd status=success
2026-06-18 15:45:26,031 INFO row_complete 3216/3960 dataset=erdos_renyi perturbation=edge_deletion alpha=0.0 seed=4 workflow=diversity_curves_shortest_path status=success
2026-06-18 15:50:38,190 INFO row_complete 3217/3960 dataset=erdos_renyi perturbation=edge_deletion alpha=0.1 seed=4 workflow=structural_statistics_mmd status=success
2026-06-18 15:50:38,191 INFO row_complete 3218/3960 dataset=erdos_renyi perturbation=edge_deletion alpha=0.1 seed=4 workflow=wl_subtree_kernel_mmd status=success
2026-06-18 15:50:38,192 INFO row_complete 3219/3960 dataset=erdos_renyi perturbation=edge_deletion alpha=0.1 seed=4 workflow=native_netlsd status=success
2026-06-18 15:50:38,192 INFO row_complete 3220/3960 dataset=erdos_renyi perturbation=edge_deletion alpha=0.1 seed=4 workflow=diversity_curves_shortest_path status=success
2026-06-18 15:55:35,945 INFO row_complete 3221/3960 dataset=erdos_renyi perturbation=edge_deletion alpha=0.2 seed=4 workflow=structural_statistics_mmd status=success
2026-06-18 15:55:35,946 INFO row_complete 3222/3960 dataset=erdos_renyi perturbation=edge_deletion alpha=0.2 seed=4 workflow=wl_subtree_kernel_mmd status=success
2026-06-18 15:55:35,947 INFO row_complete 3223/3960 dataset=erdos_renyi perturbation=edge_deletion alpha=0.2 seed=4 workflow=native_netlsd status=success
2026-06-18 15:55:35,948 INFO row_complete 3224/3960 dataset=erdos_renyi perturbation=edge_deletion alpha=0.2 seed=4 workflow=diversity_curves_shortest_path status=success
2026-06-18 16:00:20,304 INFO row_complete 3225/3960 dataset=erdos_renyi perturbation=edge_deletion alpha=0.3 seed=4 workflow=structural_statistics_mmd status=success
2026-06-18 16:00:20,305 INFO row_complete 3226/3960 dataset=erdos_renyi perturbation=edge_deletion alpha=0.3 seed=4 workflow=wl_subtree_kernel_mmd status=success
2026-06-18 16:00:20,306 INFO row_complete 3227/3960 dataset=erdos_renyi perturbation=edge_deletion alpha=0.3 seed=4 workflow=native_netlsd status=success
2026-06-18 16:00:20,307 INFO row_complete 3228/3960 dataset=erdos_renyi perturbation=edge_deletion alpha=0.3 seed=4 workflow=diversity_curves_shortest_path status=success
2026-06-18 16:04:51,023 INFO row_complete 3229/3960 dataset=erdos_renyi perturbation=edge_deletion alpha=0.4 seed=4 workflow=structural_statistics_mmd status=success
2026-06-18 16:04:51,024 INFO row_complete 3230/3960 dataset=erdos_renyi perturbation=edge_deletion alpha=0.4 seed=4 workflow=wl_subtree_kernel_mmd status=success
2026-06-18 16:04:51,025 INFO row_complete 3231/3960 dataset=erdos_renyi perturbation=edge_deletion alpha=0.4 seed=4 workflow=native_netlsd status=success
2026-06-18 16:04:51,026 INFO row_complete 3232/3960 dataset=erdos_renyi perturbation=edge_deletion alpha=0.4 seed=4 workflow=diversity_curves_shortest_path status=success
2026-06-18 16:09:09,390 INFO row_complete 3233/3960 dataset=erdos_renyi perturbation=edge_deletion alpha=0.5 seed=4 workflow=structural_statistics_mmd status=success
2026-06-18 16:09:09,391 INFO row_complete 3234/3960 dataset=erdos_renyi perturbation=edge_deletion alpha=0.5 seed=4 workflow=wl_subtree_kernel_mmd status=success
2026-06-18 16:09:09,392 INFO row_complete 3235/3960 dataset=erdos_renyi perturbation=edge_deletion alpha=0.5 seed=4 workflow=native_netlsd status=success
2026-06-18 16:09:09,393 INFO row_complete 3236/3960 dataset=erdos_renyi perturbation=edge_deletion alpha=0.5 seed=4 workflow=diversity_curves_shortest_path status=success
2026-06-18 16:13:15,917 INFO row_complete 3237/3960 dataset=erdos_renyi perturbation=edge_deletion alpha=0.6 seed=4 workflow=structural_statistics_mmd status=success
2026-06-18 16:13:15,918 INFO row_complete 3238/3960 dataset=erdos_renyi perturbation=edge_deletion alpha=0.6 seed=4 workflow=wl_subtree_kernel_mmd status=success
2026-06-18 16:13:15,919 INFO row_complete 3239/3960 dataset=erdos_renyi perturbation=edge_deletion alpha=0.6 seed=4 workflow=native_netlsd status=success
2026-06-18 16:13:15,920 INFO row_complete 3240/3960 dataset=erdos_renyi perturbation=edge_deletion alpha=0.6 seed=4 workflow=diversity_curves_shortest_path status=success
2026-06-18 16:17:09,604 INFO row_complete 3241/3960 dataset=erdos_renyi perturbation=edge_deletion alpha=0.7 seed=4 workflow=structural_statistics_mmd status=success
2026-06-18 16:17:09,605 INFO row_complete 3242/3960 dataset=erdos_renyi perturbation=edge_deletion alpha=0.7 seed=4 workflow=wl_subtree_kernel_mmd status=success
2026-06-18 16:17:09,606 INFO row_complete 3243/3960 dataset=erdos_renyi perturbation=edge_deletion alpha=0.7 seed=4 workflow=native_netlsd status=success
2026-06-18 16:17:09,607 INFO row_complete 3244/3960 dataset=erdos_renyi perturbation=edge_deletion alpha=0.7 seed=4 workflow=diversity_curves_shortest_path status=success
2026-06-18 16:20:33,173 INFO row_complete 3245/3960 dataset=erdos_renyi perturbation=edge_deletion alpha=0.8 seed=4 workflow=structural_statistics_mmd status=success
2026-06-18 16:20:33,174 INFO row_complete 3246/3960 dataset=erdos_renyi perturbation=edge_deletion alpha=0.8 seed=4 workflow=wl_subtree_kernel_mmd status=success
2026-06-18 16:20:33,175 INFO row_complete 3247/3960 dataset=erdos_renyi perturbation=edge_deletion alpha=0.8 seed=4 workflow=native_netlsd status=success
2026-06-18 16:20:33,176 INFO row_complete 3248/3960 dataset=erdos_renyi perturbation=edge_deletion alpha=0.8 seed=4 workflow=diversity_curves_shortest_path status=success
2026-06-18 16:23:28,193 INFO row_complete 3249/3960 dataset=erdos_renyi perturbation=edge_deletion alpha=0.9 seed=4 workflow=structural_statistics_mmd status=success
2026-06-18 16:23:28,194 INFO row_complete 3250/3960 dataset=erdos_renyi perturbation=edge_deletion alpha=0.9 seed=4 workflow=wl_subtree_kernel_mmd status=success
2026-06-18 16:23:28,195 INFO row_complete 3251/3960 dataset=erdos_renyi perturbation=edge_deletion alpha=0.9 seed=4 workflow=native_netlsd status=success
2026-06-18 16:23:28,196 INFO row_complete 3252/3960 dataset=erdos_renyi perturbation=edge_deletion alpha=0.9 seed=4 workflow=diversity_curves_shortest_path status=success
2026-06-18 16:26:16,525 INFO row_complete 3253/3960 dataset=erdos_renyi perturbation=edge_deletion alpha=1.0 seed=4 workflow=structural_statistics_mmd status=success
2026-06-18 16:26:16,526 INFO row_complete 3254/3960 dataset=erdos_renyi perturbation=edge_deletion alpha=1.0 seed=4 workflow=wl_subtree_kernel_mmd status=success
2026-06-18 16:26:16,527 INFO row_complete 3255/3960 dataset=erdos_renyi perturbation=edge_deletion alpha=1.0 seed=4 workflow=native_netlsd status=success
2026-06-18 16:26:16,528 INFO row_complete 3256/3960 dataset=erdos_renyi perturbation=edge_deletion alpha=1.0 seed=4 workflow=diversity_curves_shortest_path status=success
2026-06-18 16:31:41,986 INFO row_complete 3257/3960 dataset=erdos_renyi perturbation=triangle_insertion alpha=0.0 seed=4 workflow=structural_statistics_mmd status=success
2026-06-18 16:31:41,988 INFO row_complete 3258/3960 dataset=erdos_renyi perturbation=triangle_insertion alpha=0.0 seed=4 workflow=wl_subtree_kernel_mmd status=success
2026-06-18 16:31:41,989 INFO row_complete 3259/3960 dataset=erdos_renyi perturbation=triangle_insertion alpha=0.0 seed=4 workflow=native_netlsd status=success
2026-06-18 16:31:41,990 INFO row_complete 3260/3960 dataset=erdos_renyi perturbation=triangle_insertion alpha=0.0 seed=4 workflow=diversity_curves_shortest_path status=success
2026-06-18 16:37:19,462 INFO row_complete 3261/3960 dataset=erdos_renyi perturbation=triangle_insertion alpha=0.1 seed=4 workflow=structural_statistics_mmd status=success
2026-06-18 16:37:19,464 INFO row_complete 3262/3960 dataset=erdos_renyi perturbation=triangle_insertion alpha=0.1 seed=4 workflow=wl_subtree_kernel_mmd status=success
2026-06-18 16:37:19,465 INFO row_complete 3263/3960 dataset=erdos_renyi perturbation=triangle_insertion alpha=0.1 seed=4 workflow=native_netlsd status=success
2026-06-18 16:37:19,465 INFO row_complete 3264/3960 dataset=erdos_renyi perturbation=triangle_insertion alpha=0.1 seed=4 workflow=diversity_curves_shortest_path status=success
2026-06-18 16:43:13,018 INFO row_complete 3265/3960 dataset=erdos_renyi perturbation=triangle_insertion alpha=0.2 seed=4 workflow=structural_statistics_mmd status=success
2026-06-18 16:43:13,019 INFO row_complete 3266/3960 dataset=erdos_renyi perturbation=triangle_insertion alpha=0.2 seed=4 workflow=wl_subtree_kernel_mmd status=success
2026-06-18 16:43:13,020 INFO row_complete 3267/3960 dataset=erdos_renyi perturbation=triangle_insertion alpha=0.2 seed=4 workflow=native_netlsd status=success
2026-06-18 16:43:13,021 INFO row_complete 3268/3960 dataset=erdos_renyi perturbation=triangle_insertion alpha=0.2 seed=4 workflow=diversity_curves_shortest_path status=success
2026-06-18 16:49:19,914 INFO row_complete 3269/3960 dataset=erdos_renyi perturbation=triangle_insertion alpha=0.3 seed=4 workflow=structural_statistics_mmd status=success
2026-06-18 16:49:19,915 INFO row_complete 3270/3960 dataset=erdos_renyi perturbation=triangle_insertion alpha=0.3 seed=4 workflow=wl_subtree_kernel_mmd status=success
2026-06-18 16:49:19,916 INFO row_complete 3271/3960 dataset=erdos_renyi perturbation=triangle_insertion alpha=0.3 seed=4 workflow=native_netlsd status=success
2026-06-18 16:49:19,917 INFO row_complete 3272/3960 dataset=erdos_renyi perturbation=triangle_insertion alpha=0.3 seed=4 workflow=diversity_curves_shortest_path status=success
2026-06-18 16:55:46,424 INFO row_complete 3273/3960 dataset=erdos_renyi perturbation=triangle_insertion alpha=0.4 seed=4 workflow=structural_statistics_mmd status=success
2026-06-18 16:55:46,424 INFO row_complete 3274/3960 dataset=erdos_renyi perturbation=triangle_insertion alpha=0.4 seed=4 workflow=wl_subtree_kernel_mmd status=success
2026-06-18 16:55:46,425 INFO row_complete 3275/3960 dataset=erdos_renyi perturbation=triangle_insertion alpha=0.4 seed=4 workflow=native_netlsd status=success
2026-06-18 16:55:46,426 INFO row_complete 3276/3960 dataset=erdos_renyi perturbation=triangle_insertion alpha=0.4 seed=4 workflow=diversity_curves_shortest_path status=success
2026-06-18 17:02:27,972 INFO row_complete 3277/3960 dataset=erdos_renyi perturbation=triangle_insertion alpha=0.5 seed=4 workflow=structural_statistics_mmd status=success
2026-06-18 17:02:27,973 INFO row_complete 3278/3960 dataset=erdos_renyi perturbation=triangle_insertion alpha=0.5 seed=4 workflow=wl_subtree_kernel_mmd status=success
2026-06-18 17:02:27,974 INFO row_complete 3279/3960 dataset=erdos_renyi perturbation=triangle_insertion alpha=0.5 seed=4 workflow=native_netlsd status=success
2026-06-18 17:02:27,975 INFO row_complete 3280/3960 dataset=erdos_renyi perturbation=triangle_insertion alpha=0.5 seed=4 workflow=diversity_curves_shortest_path status=success
2026-06-18 17:09:30,635 INFO row_complete 3281/3960 dataset=erdos_renyi perturbation=triangle_insertion alpha=0.6 seed=4 workflow=structural_statistics_mmd status=success
2026-06-18 17:09:30,636 INFO row_complete 3282/3960 dataset=erdos_renyi perturbation=triangle_insertion alpha=0.6 seed=4 workflow=wl_subtree_kernel_mmd status=success
2026-06-18 17:09:30,637 INFO row_complete 3283/3960 dataset=erdos_renyi perturbation=triangle_insertion alpha=0.6 seed=4 workflow=native_netlsd status=success
2026-06-18 17:09:30,638 INFO row_complete 3284/3960 dataset=erdos_renyi perturbation=triangle_insertion alpha=0.6 seed=4 workflow=diversity_curves_shortest_path status=success
2026-06-18 17:16:57,924 INFO row_complete 3285/3960 dataset=erdos_renyi perturbation=triangle_insertion alpha=0.7 seed=4 workflow=structural_statistics_mmd status=success
2026-06-18 17:16:57,925 INFO row_complete 3286/3960 dataset=erdos_renyi perturbation=triangle_insertion alpha=0.7 seed=4 workflow=wl_subtree_kernel_mmd status=success
2026-06-18 17:16:57,926 INFO row_complete 3287/3960 dataset=erdos_renyi perturbation=triangle_insertion alpha=0.7 seed=4 workflow=native_netlsd status=success
2026-06-18 17:16:57,927 INFO row_complete 3288/3960 dataset=erdos_renyi perturbation=triangle_insertion alpha=0.7 seed=4 workflow=diversity_curves_shortest_path status=success
2026-06-18 17:24:43,308 INFO row_complete 3289/3960 dataset=erdos_renyi perturbation=triangle_insertion alpha=0.8 seed=4 workflow=structural_statistics_mmd status=success
2026-06-18 17:24:43,309 INFO row_complete 3290/3960 dataset=erdos_renyi perturbation=triangle_insertion alpha=0.8 seed=4 workflow=wl_subtree_kernel_mmd status=success
2026-06-18 17:24:43,310 INFO row_complete 3291/3960 dataset=erdos_renyi perturbation=triangle_insertion alpha=0.8 seed=4 workflow=native_netlsd status=success
2026-06-18 17:24:43,310 INFO row_complete 3292/3960 dataset=erdos_renyi perturbation=triangle_insertion alpha=0.8 seed=4 workflow=diversity_curves_shortest_path status=success
2026-06-18 17:32:52,782 INFO row_complete 3293/3960 dataset=erdos_renyi perturbation=triangle_insertion alpha=0.9 seed=4 workflow=structural_statistics_mmd status=success
2026-06-18 17:32:52,783 INFO row_complete 3294/3960 dataset=erdos_renyi perturbation=triangle_insertion alpha=0.9 seed=4 workflow=wl_subtree_kernel_mmd status=success
2026-06-18 17:32:52,784 INFO row_complete 3295/3960 dataset=erdos_renyi perturbation=triangle_insertion alpha=0.9 seed=4 workflow=native_netlsd status=success
2026-06-18 17:32:52,785 INFO row_complete 3296/3960 dataset=erdos_renyi perturbation=triangle_insertion alpha=0.9 seed=4 workflow=diversity_curves_shortest_path status=success
2026-06-18 17:41:26,410 INFO row_complete 3297/3960 dataset=erdos_renyi perturbation=triangle_insertion alpha=1.0 seed=4 workflow=structural_statistics_mmd status=success
2026-06-18 17:41:26,411 INFO row_complete 3298/3960 dataset=erdos_renyi perturbation=triangle_insertion alpha=1.0 seed=4 workflow=wl_subtree_kernel_mmd status=success
2026-06-18 17:41:26,411 INFO row_complete 3299/3960 dataset=erdos_renyi perturbation=triangle_insertion alpha=1.0 seed=4 workflow=native_netlsd status=success
2026-06-18 17:41:26,412 INFO row_complete 3300/3960 dataset=erdos_renyi perturbation=triangle_insertion alpha=1.0 seed=4 workflow=diversity_curves_shortest_path status=success
2026-06-18 17:46:54,845 INFO row_complete 3301/3960 dataset=erdos_renyi perturbation=triangle_deletion alpha=0.0 seed=4 workflow=structural_statistics_mmd status=success
2026-06-18 17:46:54,846 INFO row_complete 3302/3960 dataset=erdos_renyi perturbation=triangle_deletion alpha=0.0 seed=4 workflow=wl_subtree_kernel_mmd status=success
2026-06-18 17:46:54,847 INFO row_complete 3303/3960 dataset=erdos_renyi perturbation=triangle_deletion alpha=0.0 seed=4 workflow=native_netlsd status=success
2026-06-18 17:46:54,848 INFO row_complete 3304/3960 dataset=erdos_renyi perturbation=triangle_deletion alpha=0.0 seed=4 workflow=diversity_curves_shortest_path status=success
2026-06-18 17:52:10,546 INFO row_complete 3305/3960 dataset=erdos_renyi perturbation=triangle_deletion alpha=0.1 seed=4 workflow=structural_statistics_mmd status=success
2026-06-18 17:52:10,547 INFO row_complete 3306/3960 dataset=erdos_renyi perturbation=triangle_deletion alpha=0.1 seed=4 workflow=wl_subtree_kernel_mmd status=success
2026-06-18 17:52:10,548 INFO row_complete 3307/3960 dataset=erdos_renyi perturbation=triangle_deletion alpha=0.1 seed=4 workflow=native_netlsd status=success
2026-06-18 17:52:10,549 INFO row_complete 3308/3960 dataset=erdos_renyi perturbation=triangle_deletion alpha=0.1 seed=4 workflow=diversity_curves_shortest_path status=success
2026-06-18 17:57:12,440 INFO row_complete 3309/3960 dataset=erdos_renyi perturbation=triangle_deletion alpha=0.2 seed=4 workflow=structural_statistics_mmd status=success
2026-06-18 17:57:12,441 INFO row_complete 3310/3960 dataset=erdos_renyi perturbation=triangle_deletion alpha=0.2 seed=4 workflow=wl_subtree_kernel_mmd status=success
2026-06-18 17:57:12,442 INFO row_complete 3311/3960 dataset=erdos_renyi perturbation=triangle_deletion alpha=0.2 seed=4 workflow=native_netlsd status=success
2026-06-18 17:57:12,443 INFO row_complete 3312/3960 dataset=erdos_renyi perturbation=triangle_deletion alpha=0.2 seed=4 workflow=diversity_curves_shortest_path status=success
2026-06-18 18:02:00,212 INFO row_complete 3313/3960 dataset=erdos_renyi perturbation=triangle_deletion alpha=0.3 seed=4 workflow=structural_statistics_mmd status=success
2026-06-18 18:02:00,213 INFO row_complete 3314/3960 dataset=erdos_renyi perturbation=triangle_deletion alpha=0.3 seed=4 workflow=wl_subtree_kernel_mmd status=success
2026-06-18 18:02:00,214 INFO row_complete 3315/3960 dataset=erdos_renyi perturbation=triangle_deletion alpha=0.3 seed=4 workflow=native_netlsd status=success
2026-06-18 18:02:00,214 INFO row_complete 3316/3960 dataset=erdos_renyi perturbation=triangle_deletion alpha=0.3 seed=4 workflow=diversity_curves_shortest_path status=success
2026-06-18 18:06:35,534 INFO row_complete 3317/3960 dataset=erdos_renyi perturbation=triangle_deletion alpha=0.4 seed=4 workflow=structural_statistics_mmd status=success
2026-06-18 18:06:35,535 INFO row_complete 3318/3960 dataset=erdos_renyi perturbation=triangle_deletion alpha=0.4 seed=4 workflow=wl_subtree_kernel_mmd status=success
2026-06-18 18:06:35,536 INFO row_complete 3319/3960 dataset=erdos_renyi perturbation=triangle_deletion alpha=0.4 seed=4 workflow=native_netlsd status=success
2026-06-18 18:06:35,536 INFO row_complete 3320/3960 dataset=erdos_renyi perturbation=triangle_deletion alpha=0.4 seed=4 workflow=diversity_curves_shortest_path status=success
2026-06-18 18:11:00,722 INFO row_complete 3321/3960 dataset=erdos_renyi perturbation=triangle_deletion alpha=0.5 seed=4 workflow=structural_statistics_mmd status=success
2026-06-18 18:11:00,723 INFO row_complete 3322/3960 dataset=erdos_renyi perturbation=triangle_deletion alpha=0.5 seed=4 workflow=wl_subtree_kernel_mmd status=success
2026-06-18 18:11:00,724 INFO row_complete 3323/3960 dataset=erdos_renyi perturbation=triangle_deletion alpha=0.5 seed=4 workflow=native_netlsd status=success
2026-06-18 18:11:00,725 INFO row_complete 3324/3960 dataset=erdos_renyi perturbation=triangle_deletion alpha=0.5 seed=4 workflow=diversity_curves_shortest_path status=success
2026-06-18 18:15:22,581 INFO row_complete 3325/3960 dataset=erdos_renyi perturbation=triangle_deletion alpha=0.6 seed=4 workflow=structural_statistics_mmd status=success
2026-06-18 18:15:22,582 INFO row_complete 3326/3960 dataset=erdos_renyi perturbation=triangle_deletion alpha=0.6 seed=4 workflow=wl_subtree_kernel_mmd status=success
2026-06-18 18:15:22,583 INFO row_complete 3327/3960 dataset=erdos_renyi perturbation=triangle_deletion alpha=0.6 seed=4 workflow=native_netlsd status=success
2026-06-18 18:15:22,584 INFO row_complete 3328/3960 dataset=erdos_renyi perturbation=triangle_deletion alpha=0.6 seed=4 workflow=diversity_curves_shortest_path status=success
2026-06-18 18:19:44,293 INFO row_complete 3329/3960 dataset=erdos_renyi perturbation=triangle_deletion alpha=0.7 seed=4 workflow=structural_statistics_mmd status=success
2026-06-18 18:19:44,294 INFO row_complete 3330/3960 dataset=erdos_renyi perturbation=triangle_deletion alpha=0.7 seed=4 workflow=wl_subtree_kernel_mmd status=success
2026-06-18 18:19:44,295 INFO row_complete 3331/3960 dataset=erdos_renyi perturbation=triangle_deletion alpha=0.7 seed=4 workflow=native_netlsd status=success
2026-06-18 18:19:44,295 INFO row_complete 3332/3960 dataset=erdos_renyi perturbation=triangle_deletion alpha=0.7 seed=4 workflow=diversity_curves_shortest_path status=success
2026-06-18 18:24:04,777 INFO row_complete 3333/3960 dataset=erdos_renyi perturbation=triangle_deletion alpha=0.8 seed=4 workflow=structural_statistics_mmd status=success
2026-06-18 18:24:04,778 INFO row_complete 3334/3960 dataset=erdos_renyi perturbation=triangle_deletion alpha=0.8 seed=4 workflow=wl_subtree_kernel_mmd status=success
2026-06-18 18:24:04,779 INFO row_complete 3335/3960 dataset=erdos_renyi perturbation=triangle_deletion alpha=0.8 seed=4 workflow=native_netlsd status=success
2026-06-18 18:24:04,780 INFO row_complete 3336/3960 dataset=erdos_renyi perturbation=triangle_deletion alpha=0.8 seed=4 workflow=diversity_curves_shortest_path status=success
2026-06-18 18:28:28,720 INFO row_complete 3337/3960 dataset=erdos_renyi perturbation=triangle_deletion alpha=0.9 seed=4 workflow=structural_statistics_mmd status=success
2026-06-18 18:28:28,721 INFO row_complete 3338/3960 dataset=erdos_renyi perturbation=triangle_deletion alpha=0.9 seed=4 workflow=wl_subtree_kernel_mmd status=success
2026-06-18 18:28:28,722 INFO row_complete 3339/3960 dataset=erdos_renyi perturbation=triangle_deletion alpha=0.9 seed=4 workflow=native_netlsd status=success
2026-06-18 18:28:28,723 INFO row_complete 3340/3960 dataset=erdos_renyi perturbation=triangle_deletion alpha=0.9 seed=4 workflow=diversity_curves_shortest_path status=success
2026-06-18 18:32:49,768 INFO row_complete 3341/3960 dataset=erdos_renyi perturbation=triangle_deletion alpha=1.0 seed=4 workflow=structural_statistics_mmd status=success
2026-06-18 18:32:49,770 INFO row_complete 3342/3960 dataset=erdos_renyi perturbation=triangle_deletion alpha=1.0 seed=4 workflow=wl_subtree_kernel_mmd status=success
2026-06-18 18:32:49,771 INFO row_complete 3343/3960 dataset=erdos_renyi perturbation=triangle_deletion alpha=1.0 seed=4 workflow=native_netlsd status=success
2026-06-18 18:32:49,771 INFO row_complete 3344/3960 dataset=erdos_renyi perturbation=triangle_deletion alpha=1.0 seed=4 workflow=diversity_curves_shortest_path status=success
2026-06-18 18:32:49,791 INFO row_complete 3345/3960 dataset=erdos_renyi perturbation=community_weakening alpha=0.0 seed=4 workflow=structural_statistics_mmd status=skipped
2026-06-18 18:32:49,792 INFO row_complete 3346/3960 dataset=erdos_renyi perturbation=community_weakening alpha=0.0 seed=4 workflow=wl_subtree_kernel_mmd status=skipped
2026-06-18 18:32:49,793 INFO row_complete 3347/3960 dataset=erdos_renyi perturbation=community_weakening alpha=0.0 seed=4 workflow=native_netlsd status=skipped
2026-06-18 18:32:49,794 INFO row_complete 3348/3960 dataset=erdos_renyi perturbation=community_weakening alpha=0.0 seed=4 workflow=diversity_curves_shortest_path status=skipped
2026-06-18 18:32:49,818 INFO row_complete 3349/3960 dataset=erdos_renyi perturbation=community_weakening alpha=0.1 seed=4 workflow=structural_statistics_mmd status=skipped
2026-06-18 18:32:49,819 INFO row_complete 3350/3960 dataset=erdos_renyi perturbation=community_weakening alpha=0.1 seed=4 workflow=wl_subtree_kernel_mmd status=skipped
2026-06-18 18:32:49,820 INFO row_complete 3351/3960 dataset=erdos_renyi perturbation=community_weakening alpha=0.1 seed=4 workflow=native_netlsd status=skipped
2026-06-18 18:32:49,821 INFO row_complete 3352/3960 dataset=erdos_renyi perturbation=community_weakening alpha=0.1 seed=4 workflow=diversity_curves_shortest_path status=skipped
2026-06-18 18:32:49,845 INFO row_complete 3353/3960 dataset=erdos_renyi perturbation=community_weakening alpha=0.2 seed=4 workflow=structural_statistics_mmd status=skipped
2026-06-18 18:32:49,846 INFO row_complete 3354/3960 dataset=erdos_renyi perturbation=community_weakening alpha=0.2 seed=4 workflow=wl_subtree_kernel_mmd status=skipped
2026-06-18 18:32:49,846 INFO row_complete 3355/3960 dataset=erdos_renyi perturbation=community_weakening alpha=0.2 seed=4 workflow=native_netlsd status=skipped
2026-06-18 18:32:49,847 INFO row_complete 3356/3960 dataset=erdos_renyi perturbation=community_weakening alpha=0.2 seed=4 workflow=diversity_curves_shortest_path status=skipped
2026-06-18 18:32:49,881 INFO row_complete 3357/3960 dataset=erdos_renyi perturbation=community_weakening alpha=0.3 seed=4 workflow=structural_statistics_mmd status=skipped
2026-06-18 18:32:49,882 INFO row_complete 3358/3960 dataset=erdos_renyi perturbation=community_weakening alpha=0.3 seed=4 workflow=wl_subtree_kernel_mmd status=skipped
2026-06-18 18:32:49,883 INFO row_complete 3359/3960 dataset=erdos_renyi perturbation=community_weakening alpha=0.3 seed=4 workflow=native_netlsd status=skipped
2026-06-18 18:32:49,883 INFO row_complete 3360/3960 dataset=erdos_renyi perturbation=community_weakening alpha=0.3 seed=4 workflow=diversity_curves_shortest_path status=skipped
2026-06-18 18:32:49,903 INFO row_complete 3361/3960 dataset=erdos_renyi perturbation=community_weakening alpha=0.4 seed=4 workflow=structural_statistics_mmd status=skipped
2026-06-18 18:32:49,904 INFO row_complete 3362/3960 dataset=erdos_renyi perturbation=community_weakening alpha=0.4 seed=4 workflow=wl_subtree_kernel_mmd status=skipped
2026-06-18 18:32:49,905 INFO row_complete 3363/3960 dataset=erdos_renyi perturbation=community_weakening alpha=0.4 seed=4 workflow=native_netlsd status=skipped
2026-06-18 18:32:49,906 INFO row_complete 3364/3960 dataset=erdos_renyi perturbation=community_weakening alpha=0.4 seed=4 workflow=diversity_curves_shortest_path status=skipped
2026-06-18 18:32:49,926 INFO row_complete 3365/3960 dataset=erdos_renyi perturbation=community_weakening alpha=0.5 seed=4 workflow=structural_statistics_mmd status=skipped
2026-06-18 18:32:49,927 INFO row_complete 3366/3960 dataset=erdos_renyi perturbation=community_weakening alpha=0.5 seed=4 workflow=wl_subtree_kernel_mmd status=skipped
2026-06-18 18:32:49,928 INFO row_complete 3367/3960 dataset=erdos_renyi perturbation=community_weakening alpha=0.5 seed=4 workflow=native_netlsd status=skipped
2026-06-18 18:32:49,929 INFO row_complete 3368/3960 dataset=erdos_renyi perturbation=community_weakening alpha=0.5 seed=4 workflow=diversity_curves_shortest_path status=skipped
2026-06-18 18:32:49,949 INFO row_complete 3369/3960 dataset=erdos_renyi perturbation=community_weakening alpha=0.6 seed=4 workflow=structural_statistics_mmd status=skipped
2026-06-18 18:32:49,950 INFO row_complete 3370/3960 dataset=erdos_renyi perturbation=community_weakening alpha=0.6 seed=4 workflow=wl_subtree_kernel_mmd status=skipped
2026-06-18 18:32:49,951 INFO row_complete 3371/3960 dataset=erdos_renyi perturbation=community_weakening alpha=0.6 seed=4 workflow=native_netlsd status=skipped
2026-06-18 18:32:49,952 INFO row_complete 3372/3960 dataset=erdos_renyi perturbation=community_weakening alpha=0.6 seed=4 workflow=diversity_curves_shortest_path status=skipped
2026-06-18 18:32:49,974 INFO row_complete 3373/3960 dataset=erdos_renyi perturbation=community_weakening alpha=0.7 seed=4 workflow=structural_statistics_mmd status=skipped
2026-06-18 18:32:49,975 INFO row_complete 3374/3960 dataset=erdos_renyi perturbation=community_weakening alpha=0.7 seed=4 workflow=wl_subtree_kernel_mmd status=skipped
2026-06-18 18:32:49,975 INFO row_complete 3375/3960 dataset=erdos_renyi perturbation=community_weakening alpha=0.7 seed=4 workflow=native_netlsd status=skipped
2026-06-18 18:32:49,976 INFO row_complete 3376/3960 dataset=erdos_renyi perturbation=community_weakening alpha=0.7 seed=4 workflow=diversity_curves_shortest_path status=skipped
2026-06-18 18:32:49,996 INFO row_complete 3377/3960 dataset=erdos_renyi perturbation=community_weakening alpha=0.8 seed=4 workflow=structural_statistics_mmd status=skipped
2026-06-18 18:32:49,997 INFO row_complete 3378/3960 dataset=erdos_renyi perturbation=community_weakening alpha=0.8 seed=4 workflow=wl_subtree_kernel_mmd status=skipped
2026-06-18 18:32:49,997 INFO row_complete 3379/3960 dataset=erdos_renyi perturbation=community_weakening alpha=0.8 seed=4 workflow=native_netlsd status=skipped
2026-06-18 18:32:49,998 INFO row_complete 3380/3960 dataset=erdos_renyi perturbation=community_weakening alpha=0.8 seed=4 workflow=diversity_curves_shortest_path status=skipped
2026-06-18 18:32:50,019 INFO row_complete 3381/3960 dataset=erdos_renyi perturbation=community_weakening alpha=0.9 seed=4 workflow=structural_statistics_mmd status=skipped
2026-06-18 18:32:50,020 INFO row_complete 3382/3960 dataset=erdos_renyi perturbation=community_weakening alpha=0.9 seed=4 workflow=wl_subtree_kernel_mmd status=skipped
2026-06-18 18:32:50,020 INFO row_complete 3383/3960 dataset=erdos_renyi perturbation=community_weakening alpha=0.9 seed=4 workflow=native_netlsd status=skipped
2026-06-18 18:32:50,021 INFO row_complete 3384/3960 dataset=erdos_renyi perturbation=community_weakening alpha=0.9 seed=4 workflow=diversity_curves_shortest_path status=skipped
2026-06-18 18:32:50,043 INFO row_complete 3385/3960 dataset=erdos_renyi perturbation=community_weakening alpha=1.0 seed=4 workflow=structural_statistics_mmd status=skipped
2026-06-18 18:32:50,044 INFO row_complete 3386/3960 dataset=erdos_renyi perturbation=community_weakening alpha=1.0 seed=4 workflow=wl_subtree_kernel_mmd status=skipped
2026-06-18 18:32:50,045 INFO row_complete 3387/3960 dataset=erdos_renyi perturbation=community_weakening alpha=1.0 seed=4 workflow=native_netlsd status=skipped
2026-06-18 18:32:50,045 INFO row_complete 3388/3960 dataset=erdos_renyi perturbation=community_weakening alpha=1.0 seed=4 workflow=diversity_curves_shortest_path status=skipped
2026-06-18 18:38:21,928 INFO row_complete 3389/3960 dataset=erdos_renyi perturbation=hub_modification alpha=0.0 seed=4 workflow=structural_statistics_mmd status=success
2026-06-18 18:38:21,929 INFO row_complete 3390/3960 dataset=erdos_renyi perturbation=hub_modification alpha=0.0 seed=4 workflow=wl_subtree_kernel_mmd status=success
2026-06-18 18:38:21,930 INFO row_complete 3391/3960 dataset=erdos_renyi perturbation=hub_modification alpha=0.0 seed=4 workflow=native_netlsd status=success
2026-06-18 18:38:21,930 INFO row_complete 3392/3960 dataset=erdos_renyi perturbation=hub_modification alpha=0.0 seed=4 workflow=diversity_curves_shortest_path status=success
2026-06-18 18:43:46,423 INFO row_complete 3393/3960 dataset=erdos_renyi perturbation=hub_modification alpha=0.1 seed=4 workflow=structural_statistics_mmd status=success
2026-06-18 18:43:46,423 INFO row_complete 3394/3960 dataset=erdos_renyi perturbation=hub_modification alpha=0.1 seed=4 workflow=wl_subtree_kernel_mmd status=success
2026-06-18 18:43:46,424 INFO row_complete 3395/3960 dataset=erdos_renyi perturbation=hub_modification alpha=0.1 seed=4 workflow=native_netlsd status=success
2026-06-18 18:43:46,425 INFO row_complete 3396/3960 dataset=erdos_renyi perturbation=hub_modification alpha=0.1 seed=4 workflow=diversity_curves_shortest_path status=success
2026-06-18 18:49:08,520 INFO row_complete 3397/3960 dataset=erdos_renyi perturbation=hub_modification alpha=0.2 seed=4 workflow=structural_statistics_mmd status=success
2026-06-18 18:49:08,521 INFO row_complete 3398/3960 dataset=erdos_renyi perturbation=hub_modification alpha=0.2 seed=4 workflow=wl_subtree_kernel_mmd status=success
2026-06-18 18:49:08,522 INFO row_complete 3399/3960 dataset=erdos_renyi perturbation=hub_modification alpha=0.2 seed=4 workflow=native_netlsd status=success
2026-06-18 18:49:08,522 INFO row_complete 3400/3960 dataset=erdos_renyi perturbation=hub_modification alpha=0.2 seed=4 workflow=diversity_curves_shortest_path status=success
2026-06-18 18:54:32,740 INFO row_complete 3401/3960 dataset=erdos_renyi perturbation=hub_modification alpha=0.3 seed=4 workflow=structural_statistics_mmd status=success
2026-06-18 18:54:32,741 INFO row_complete 3402/3960 dataset=erdos_renyi perturbation=hub_modification alpha=0.3 seed=4 workflow=wl_subtree_kernel_mmd status=success
2026-06-18 18:54:32,742 INFO row_complete 3403/3960 dataset=erdos_renyi perturbation=hub_modification alpha=0.3 seed=4 workflow=native_netlsd status=success
2026-06-18 18:54:32,743 INFO row_complete 3404/3960 dataset=erdos_renyi perturbation=hub_modification alpha=0.3 seed=4 workflow=diversity_curves_shortest_path status=success
2026-06-18 18:59:56,993 INFO row_complete 3405/3960 dataset=erdos_renyi perturbation=hub_modification alpha=0.4 seed=4 workflow=structural_statistics_mmd status=success
2026-06-18 18:59:56,994 INFO row_complete 3406/3960 dataset=erdos_renyi perturbation=hub_modification alpha=0.4 seed=4 workflow=wl_subtree_kernel_mmd status=success
2026-06-18 18:59:56,995 INFO row_complete 3407/3960 dataset=erdos_renyi perturbation=hub_modification alpha=0.4 seed=4 workflow=native_netlsd status=success
2026-06-18 18:59:56,996 INFO row_complete 3408/3960 dataset=erdos_renyi perturbation=hub_modification alpha=0.4 seed=4 workflow=diversity_curves_shortest_path status=success
2026-06-18 19:05:20,558 INFO row_complete 3409/3960 dataset=erdos_renyi perturbation=hub_modification alpha=0.5 seed=4 workflow=structural_statistics_mmd status=success
2026-06-18 19:05:20,559 INFO row_complete 3410/3960 dataset=erdos_renyi perturbation=hub_modification alpha=0.5 seed=4 workflow=wl_subtree_kernel_mmd status=success
2026-06-18 19:05:20,560 INFO row_complete 3411/3960 dataset=erdos_renyi perturbation=hub_modification alpha=0.5 seed=4 workflow=native_netlsd status=success
2026-06-18 19:05:20,560 INFO row_complete 3412/3960 dataset=erdos_renyi perturbation=hub_modification alpha=0.5 seed=4 workflow=diversity_curves_shortest_path status=success
2026-06-18 19:10:45,227 INFO row_complete 3413/3960 dataset=erdos_renyi perturbation=hub_modification alpha=0.6 seed=4 workflow=structural_statistics_mmd status=success
2026-06-18 19:10:45,228 INFO row_complete 3414/3960 dataset=erdos_renyi perturbation=hub_modification alpha=0.6 seed=4 workflow=wl_subtree_kernel_mmd status=success
2026-06-18 19:10:45,229 INFO row_complete 3415/3960 dataset=erdos_renyi perturbation=hub_modification alpha=0.6 seed=4 workflow=native_netlsd status=success
2026-06-18 19:10:45,230 INFO row_complete 3416/3960 dataset=erdos_renyi perturbation=hub_modification alpha=0.6 seed=4 workflow=diversity_curves_shortest_path status=success
2026-06-18 19:16:09,169 INFO row_complete 3417/3960 dataset=erdos_renyi perturbation=hub_modification alpha=0.7 seed=4 workflow=structural_statistics_mmd status=success
2026-06-18 19:16:09,170 INFO row_complete 3418/3960 dataset=erdos_renyi perturbation=hub_modification alpha=0.7 seed=4 workflow=wl_subtree_kernel_mmd status=success
2026-06-18 19:16:09,170 INFO row_complete 3419/3960 dataset=erdos_renyi perturbation=hub_modification alpha=0.7 seed=4 workflow=native_netlsd status=success
2026-06-18 19:16:09,171 INFO row_complete 3420/3960 dataset=erdos_renyi perturbation=hub_modification alpha=0.7 seed=4 workflow=diversity_curves_shortest_path status=success
2026-06-18 19:21:33,414 INFO row_complete 3421/3960 dataset=erdos_renyi perturbation=hub_modification alpha=0.8 seed=4 workflow=structural_statistics_mmd status=success
2026-06-18 19:21:33,415 INFO row_complete 3422/3960 dataset=erdos_renyi perturbation=hub_modification alpha=0.8 seed=4 workflow=wl_subtree_kernel_mmd status=success
2026-06-18 19:21:33,415 INFO row_complete 3423/3960 dataset=erdos_renyi perturbation=hub_modification alpha=0.8 seed=4 workflow=native_netlsd status=success
2026-06-18 19:21:33,416 INFO row_complete 3424/3960 dataset=erdos_renyi perturbation=hub_modification alpha=0.8 seed=4 workflow=diversity_curves_shortest_path status=success
2026-06-18 19:26:58,435 INFO row_complete 3425/3960 dataset=erdos_renyi perturbation=hub_modification alpha=0.9 seed=4 workflow=structural_statistics_mmd status=success
2026-06-18 19:26:58,436 INFO row_complete 3426/3960 dataset=erdos_renyi perturbation=hub_modification alpha=0.9 seed=4 workflow=wl_subtree_kernel_mmd status=success
2026-06-18 19:26:58,437 INFO row_complete 3427/3960 dataset=erdos_renyi perturbation=hub_modification alpha=0.9 seed=4 workflow=native_netlsd status=success
2026-06-18 19:26:58,438 INFO row_complete 3428/3960 dataset=erdos_renyi perturbation=hub_modification alpha=0.9 seed=4 workflow=diversity_curves_shortest_path status=success
2026-06-18 19:32:39,625 INFO row_complete 3429/3960 dataset=erdos_renyi perturbation=hub_modification alpha=1.0 seed=4 workflow=structural_statistics_mmd status=success
2026-06-18 19:32:39,626 INFO row_complete 3430/3960 dataset=erdos_renyi perturbation=hub_modification alpha=1.0 seed=4 workflow=wl_subtree_kernel_mmd status=success
2026-06-18 19:32:39,627 INFO row_complete 3431/3960 dataset=erdos_renyi perturbation=hub_modification alpha=1.0 seed=4 workflow=native_netlsd status=success
2026-06-18 19:32:39,627 INFO row_complete 3432/3960 dataset=erdos_renyi perturbation=hub_modification alpha=1.0 seed=4 workflow=diversity_curves_shortest_path status=success
2026-06-18 19:37:19,096 INFO row_complete 3433/3960 dataset=stochastic_block_model perturbation=edge_insertion alpha=0.0 seed=4 workflow=structural_statistics_mmd status=success
2026-06-18 19:37:19,098 INFO row_complete 3434/3960 dataset=stochastic_block_model perturbation=edge_insertion alpha=0.0 seed=4 workflow=wl_subtree_kernel_mmd status=success
2026-06-18 19:37:19,099 INFO row_complete 3435/3960 dataset=stochastic_block_model perturbation=edge_insertion alpha=0.0 seed=4 workflow=native_netlsd status=success
2026-06-18 19:37:19,099 INFO row_complete 3436/3960 dataset=stochastic_block_model perturbation=edge_insertion alpha=0.0 seed=4 workflow=diversity_curves_shortest_path status=success
2026-06-18 19:42:07,834 INFO row_complete 3437/3960 dataset=stochastic_block_model perturbation=edge_insertion alpha=0.1 seed=4 workflow=structural_statistics_mmd status=success
2026-06-18 19:42:07,835 INFO row_complete 3438/3960 dataset=stochastic_block_model perturbation=edge_insertion alpha=0.1 seed=4 workflow=wl_subtree_kernel_mmd status=success
2026-06-18 19:42:07,836 INFO row_complete 3439/3960 dataset=stochastic_block_model perturbation=edge_insertion alpha=0.1 seed=4 workflow=native_netlsd status=success
2026-06-18 19:42:07,837 INFO row_complete 3440/3960 dataset=stochastic_block_model perturbation=edge_insertion alpha=0.1 seed=4 workflow=diversity_curves_shortest_path status=success
2026-06-18 19:47:17,098 INFO row_complete 3441/3960 dataset=stochastic_block_model perturbation=edge_insertion alpha=0.2 seed=4 workflow=structural_statistics_mmd status=success
2026-06-18 19:47:17,099 INFO row_complete 3442/3960 dataset=stochastic_block_model perturbation=edge_insertion alpha=0.2 seed=4 workflow=wl_subtree_kernel_mmd status=success
2026-06-18 19:47:17,100 INFO row_complete 3443/3960 dataset=stochastic_block_model perturbation=edge_insertion alpha=0.2 seed=4 workflow=native_netlsd status=success
2026-06-18 19:47:17,100 INFO row_complete 3444/3960 dataset=stochastic_block_model perturbation=edge_insertion alpha=0.2 seed=4 workflow=diversity_curves_shortest_path status=success
2026-06-18 19:52:29,338 INFO row_complete 3445/3960 dataset=stochastic_block_model perturbation=edge_insertion alpha=0.3 seed=4 workflow=structural_statistics_mmd status=success
2026-06-18 19:52:29,339 INFO row_complete 3446/3960 dataset=stochastic_block_model perturbation=edge_insertion alpha=0.3 seed=4 workflow=wl_subtree_kernel_mmd status=success
2026-06-18 19:52:29,340 INFO row_complete 3447/3960 dataset=stochastic_block_model perturbation=edge_insertion alpha=0.3 seed=4 workflow=native_netlsd status=success
2026-06-18 19:52:29,341 INFO row_complete 3448/3960 dataset=stochastic_block_model perturbation=edge_insertion alpha=0.3 seed=4 workflow=diversity_curves_shortest_path status=success
2026-06-18 19:57:57,081 INFO row_complete 3449/3960 dataset=stochastic_block_model perturbation=edge_insertion alpha=0.4 seed=4 workflow=structural_statistics_mmd status=success
2026-06-18 19:57:57,082 INFO row_complete 3450/3960 dataset=stochastic_block_model perturbation=edge_insertion alpha=0.4 seed=4 workflow=wl_subtree_kernel_mmd status=success
2026-06-18 19:57:57,082 INFO row_complete 3451/3960 dataset=stochastic_block_model perturbation=edge_insertion alpha=0.4 seed=4 workflow=native_netlsd status=success
2026-06-18 19:57:57,083 INFO row_complete 3452/3960 dataset=stochastic_block_model perturbation=edge_insertion alpha=0.4 seed=4 workflow=diversity_curves_shortest_path status=success
2026-06-18 20:03:42,866 INFO row_complete 3453/3960 dataset=stochastic_block_model perturbation=edge_insertion alpha=0.5 seed=4 workflow=structural_statistics_mmd status=success
2026-06-18 20:03:42,867 INFO row_complete 3454/3960 dataset=stochastic_block_model perturbation=edge_insertion alpha=0.5 seed=4 workflow=wl_subtree_kernel_mmd status=success
2026-06-18 20:03:42,868 INFO row_complete 3455/3960 dataset=stochastic_block_model perturbation=edge_insertion alpha=0.5 seed=4 workflow=native_netlsd status=success
2026-06-18 20:03:42,868 INFO row_complete 3456/3960 dataset=stochastic_block_model perturbation=edge_insertion alpha=0.5 seed=4 workflow=diversity_curves_shortest_path status=success
2026-06-18 20:09:42,277 INFO row_complete 3457/3960 dataset=stochastic_block_model perturbation=edge_insertion alpha=0.6 seed=4 workflow=structural_statistics_mmd status=success
2026-06-18 20:09:42,278 INFO row_complete 3458/3960 dataset=stochastic_block_model perturbation=edge_insertion alpha=0.6 seed=4 workflow=wl_subtree_kernel_mmd status=success
2026-06-18 20:09:42,279 INFO row_complete 3459/3960 dataset=stochastic_block_model perturbation=edge_insertion alpha=0.6 seed=4 workflow=native_netlsd status=success
2026-06-18 20:09:42,279 INFO row_complete 3460/3960 dataset=stochastic_block_model perturbation=edge_insertion alpha=0.6 seed=4 workflow=diversity_curves_shortest_path status=success
2026-06-18 20:15:33,942 INFO row_complete 3461/3960 dataset=stochastic_block_model perturbation=edge_insertion alpha=0.7 seed=4 workflow=structural_statistics_mmd status=success
2026-06-18 20:15:33,943 INFO row_complete 3462/3960 dataset=stochastic_block_model perturbation=edge_insertion alpha=0.7 seed=4 workflow=wl_subtree_kernel_mmd status=success
2026-06-18 20:15:33,944 INFO row_complete 3463/3960 dataset=stochastic_block_model perturbation=edge_insertion alpha=0.7 seed=4 workflow=native_netlsd status=success
2026-06-18 20:15:33,944 INFO row_complete 3464/3960 dataset=stochastic_block_model perturbation=edge_insertion alpha=0.7 seed=4 workflow=diversity_curves_shortest_path status=success
2026-06-18 20:21:38,528 INFO row_complete 3465/3960 dataset=stochastic_block_model perturbation=edge_insertion alpha=0.8 seed=4 workflow=structural_statistics_mmd status=success
2026-06-18 20:21:38,529 INFO row_complete 3466/3960 dataset=stochastic_block_model perturbation=edge_insertion alpha=0.8 seed=4 workflow=wl_subtree_kernel_mmd status=success
2026-06-18 20:21:38,530 INFO row_complete 3467/3960 dataset=stochastic_block_model perturbation=edge_insertion alpha=0.8 seed=4 workflow=native_netlsd status=success
2026-06-18 20:21:38,531 INFO row_complete 3468/3960 dataset=stochastic_block_model perturbation=edge_insertion alpha=0.8 seed=4 workflow=diversity_curves_shortest_path status=success
2026-06-18 20:28:24,430 INFO row_complete 3469/3960 dataset=stochastic_block_model perturbation=edge_insertion alpha=0.9 seed=4 workflow=structural_statistics_mmd status=success
2026-06-18 20:28:24,431 INFO row_complete 3470/3960 dataset=stochastic_block_model perturbation=edge_insertion alpha=0.9 seed=4 workflow=wl_subtree_kernel_mmd status=success
2026-06-18 20:28:24,432 INFO row_complete 3471/3960 dataset=stochastic_block_model perturbation=edge_insertion alpha=0.9 seed=4 workflow=native_netlsd status=success
2026-06-18 20:28:24,432 INFO row_complete 3472/3960 dataset=stochastic_block_model perturbation=edge_insertion alpha=0.9 seed=4 workflow=diversity_curves_shortest_path status=success
2026-06-18 20:35:36,737 INFO row_complete 3473/3960 dataset=stochastic_block_model perturbation=edge_insertion alpha=1.0 seed=4 workflow=structural_statistics_mmd status=success
2026-06-18 20:35:36,738 INFO row_complete 3474/3960 dataset=stochastic_block_model perturbation=edge_insertion alpha=1.0 seed=4 workflow=wl_subtree_kernel_mmd status=success
2026-06-18 20:35:36,739 INFO row_complete 3475/3960 dataset=stochastic_block_model perturbation=edge_insertion alpha=1.0 seed=4 workflow=native_netlsd status=success
2026-06-18 20:35:36,740 INFO row_complete 3476/3960 dataset=stochastic_block_model perturbation=edge_insertion alpha=1.0 seed=4 workflow=diversity_curves_shortest_path status=success
2026-06-18 20:40:15,845 INFO row_complete 3477/3960 dataset=stochastic_block_model perturbation=edge_deletion alpha=0.0 seed=4 workflow=structural_statistics_mmd status=success
2026-06-18 20:40:15,846 INFO row_complete 3478/3960 dataset=stochastic_block_model perturbation=edge_deletion alpha=0.0 seed=4 workflow=wl_subtree_kernel_mmd status=success
2026-06-18 20:40:15,847 INFO row_complete 3479/3960 dataset=stochastic_block_model perturbation=edge_deletion alpha=0.0 seed=4 workflow=native_netlsd status=success
2026-06-18 20:40:15,848 INFO row_complete 3480/3960 dataset=stochastic_block_model perturbation=edge_deletion alpha=0.0 seed=4 workflow=diversity_curves_shortest_path status=success
2026-06-18 20:44:41,447 INFO row_complete 3481/3960 dataset=stochastic_block_model perturbation=edge_deletion alpha=0.1 seed=4 workflow=structural_statistics_mmd status=success
2026-06-18 20:44:41,449 INFO row_complete 3482/3960 dataset=stochastic_block_model perturbation=edge_deletion alpha=0.1 seed=4 workflow=wl_subtree_kernel_mmd status=success
2026-06-18 20:44:41,449 INFO row_complete 3483/3960 dataset=stochastic_block_model perturbation=edge_deletion alpha=0.1 seed=4 workflow=native_netlsd status=success
2026-06-18 20:44:41,450 INFO row_complete 3484/3960 dataset=stochastic_block_model perturbation=edge_deletion alpha=0.1 seed=4 workflow=diversity_curves_shortest_path status=success
2026-06-18 20:49:06,461 INFO row_complete 3485/3960 dataset=stochastic_block_model perturbation=edge_deletion alpha=0.2 seed=4 workflow=structural_statistics_mmd status=success
2026-06-18 20:49:06,462 INFO row_complete 3486/3960 dataset=stochastic_block_model perturbation=edge_deletion alpha=0.2 seed=4 workflow=wl_subtree_kernel_mmd status=success
2026-06-18 20:49:06,463 INFO row_complete 3487/3960 dataset=stochastic_block_model perturbation=edge_deletion alpha=0.2 seed=4 workflow=native_netlsd status=success
2026-06-18 20:49:06,464 INFO row_complete 3488/3960 dataset=stochastic_block_model perturbation=edge_deletion alpha=0.2 seed=4 workflow=diversity_curves_shortest_path status=success
2026-06-18 20:53:20,058 INFO row_complete 3489/3960 dataset=stochastic_block_model perturbation=edge_deletion alpha=0.3 seed=4 workflow=structural_statistics_mmd status=success
2026-06-18 20:53:20,059 INFO row_complete 3490/3960 dataset=stochastic_block_model perturbation=edge_deletion alpha=0.3 seed=4 workflow=wl_subtree_kernel_mmd status=success
2026-06-18 20:53:20,060 INFO row_complete 3491/3960 dataset=stochastic_block_model perturbation=edge_deletion alpha=0.3 seed=4 workflow=native_netlsd status=success
2026-06-18 20:53:20,061 INFO row_complete 3492/3960 dataset=stochastic_block_model perturbation=edge_deletion alpha=0.3 seed=4 workflow=diversity_curves_shortest_path status=success
2026-06-18 20:57:18,317 INFO row_complete 3493/3960 dataset=stochastic_block_model perturbation=edge_deletion alpha=0.4 seed=4 workflow=structural_statistics_mmd status=success
2026-06-18 20:57:18,318 INFO row_complete 3494/3960 dataset=stochastic_block_model perturbation=edge_deletion alpha=0.4 seed=4 workflow=wl_subtree_kernel_mmd status=success
2026-06-18 20:57:18,319 INFO row_complete 3495/3960 dataset=stochastic_block_model perturbation=edge_deletion alpha=0.4 seed=4 workflow=native_netlsd status=success
2026-06-18 20:57:18,320 INFO row_complete 3496/3960 dataset=stochastic_block_model perturbation=edge_deletion alpha=0.4 seed=4 workflow=diversity_curves_shortest_path status=success
2026-06-18 21:01:06,634 INFO row_complete 3497/3960 dataset=stochastic_block_model perturbation=edge_deletion alpha=0.5 seed=4 workflow=structural_statistics_mmd status=success
2026-06-18 21:01:06,636 INFO row_complete 3498/3960 dataset=stochastic_block_model perturbation=edge_deletion alpha=0.5 seed=4 workflow=wl_subtree_kernel_mmd status=success
2026-06-18 21:01:06,636 INFO row_complete 3499/3960 dataset=stochastic_block_model perturbation=edge_deletion alpha=0.5 seed=4 workflow=native_netlsd status=success
2026-06-18 21:01:06,637 INFO row_complete 3500/3960 dataset=stochastic_block_model perturbation=edge_deletion alpha=0.5 seed=4 workflow=diversity_curves_shortest_path status=success
2026-06-18 21:04:40,856 INFO row_complete 3501/3960 dataset=stochastic_block_model perturbation=edge_deletion alpha=0.6 seed=4 workflow=structural_statistics_mmd status=success
2026-06-18 21:04:40,874 INFO row_complete 3502/3960 dataset=stochastic_block_model perturbation=edge_deletion alpha=0.6 seed=4 workflow=wl_subtree_kernel_mmd status=success
2026-06-18 21:04:40,893 INFO row_complete 3503/3960 dataset=stochastic_block_model perturbation=edge_deletion alpha=0.6 seed=4 workflow=native_netlsd status=success
2026-06-18 21:04:40,912 INFO row_complete 3504/3960 dataset=stochastic_block_model perturbation=edge_deletion alpha=0.6 seed=4 workflow=diversity_curves_shortest_path status=success
2026-06-18 21:07:59,524 INFO row_complete 3505/3960 dataset=stochastic_block_model perturbation=edge_deletion alpha=0.7 seed=4 workflow=structural_statistics_mmd status=success
2026-06-18 21:07:59,525 INFO row_complete 3506/3960 dataset=stochastic_block_model perturbation=edge_deletion alpha=0.7 seed=4 workflow=wl_subtree_kernel_mmd status=success
2026-06-18 21:07:59,526 INFO row_complete 3507/3960 dataset=stochastic_block_model perturbation=edge_deletion alpha=0.7 seed=4 workflow=native_netlsd status=success
2026-06-18 21:07:59,527 INFO row_complete 3508/3960 dataset=stochastic_block_model perturbation=edge_deletion alpha=0.7 seed=4 workflow=diversity_curves_shortest_path status=success
2026-06-18 21:10:46,793 INFO row_complete 3509/3960 dataset=stochastic_block_model perturbation=edge_deletion alpha=0.8 seed=4 workflow=structural_statistics_mmd status=success
2026-06-18 21:10:46,795 INFO row_complete 3510/3960 dataset=stochastic_block_model perturbation=edge_deletion alpha=0.8 seed=4 workflow=wl_subtree_kernel_mmd status=success
2026-06-18 21:10:46,796 INFO row_complete 3511/3960 dataset=stochastic_block_model perturbation=edge_deletion alpha=0.8 seed=4 workflow=native_netlsd status=success
2026-06-18 21:10:46,796 INFO row_complete 3512/3960 dataset=stochastic_block_model perturbation=edge_deletion alpha=0.8 seed=4 workflow=diversity_curves_shortest_path status=success
2026-06-18 21:13:15,781 INFO row_complete 3513/3960 dataset=stochastic_block_model perturbation=edge_deletion alpha=0.9 seed=4 workflow=structural_statistics_mmd status=success
2026-06-18 21:13:15,782 INFO row_complete 3514/3960 dataset=stochastic_block_model perturbation=edge_deletion alpha=0.9 seed=4 workflow=wl_subtree_kernel_mmd status=success
2026-06-18 21:13:15,783 INFO row_complete 3515/3960 dataset=stochastic_block_model perturbation=edge_deletion alpha=0.9 seed=4 workflow=native_netlsd status=success
2026-06-18 21:13:15,784 INFO row_complete 3516/3960 dataset=stochastic_block_model perturbation=edge_deletion alpha=0.9 seed=4 workflow=diversity_curves_shortest_path status=success
2026-06-18 21:15:36,154 INFO row_complete 3517/3960 dataset=stochastic_block_model perturbation=edge_deletion alpha=1.0 seed=4 workflow=structural_statistics_mmd status=success
2026-06-18 21:15:36,155 INFO row_complete 3518/3960 dataset=stochastic_block_model perturbation=edge_deletion alpha=1.0 seed=4 workflow=wl_subtree_kernel_mmd status=success
2026-06-18 21:15:36,156 INFO row_complete 3519/3960 dataset=stochastic_block_model perturbation=edge_deletion alpha=1.0 seed=4 workflow=native_netlsd status=success
2026-06-18 21:15:36,157 INFO row_complete 3520/3960 dataset=stochastic_block_model perturbation=edge_deletion alpha=1.0 seed=4 workflow=diversity_curves_shortest_path status=success
2026-06-18 21:19:59,930 INFO row_complete 3521/3960 dataset=stochastic_block_model perturbation=triangle_insertion alpha=0.0 seed=4 workflow=structural_statistics_mmd status=success
2026-06-18 21:19:59,931 INFO row_complete 3522/3960 dataset=stochastic_block_model perturbation=triangle_insertion alpha=0.0 seed=4 workflow=wl_subtree_kernel_mmd status=success
2026-06-18 21:19:59,932 INFO row_complete 3523/3960 dataset=stochastic_block_model perturbation=triangle_insertion alpha=0.0 seed=4 workflow=native_netlsd status=success
2026-06-18 21:19:59,932 INFO row_complete 3524/3960 dataset=stochastic_block_model perturbation=triangle_insertion alpha=0.0 seed=4 workflow=diversity_curves_shortest_path status=success
2026-06-18 21:24:33,437 INFO row_complete 3525/3960 dataset=stochastic_block_model perturbation=triangle_insertion alpha=0.1 seed=4 workflow=structural_statistics_mmd status=success
2026-06-18 21:24:33,438 INFO row_complete 3526/3960 dataset=stochastic_block_model perturbation=triangle_insertion alpha=0.1 seed=4 workflow=wl_subtree_kernel_mmd status=success
2026-06-18 21:24:33,439 INFO row_complete 3527/3960 dataset=stochastic_block_model perturbation=triangle_insertion alpha=0.1 seed=4 workflow=native_netlsd status=success
2026-06-18 21:24:33,440 INFO row_complete 3528/3960 dataset=stochastic_block_model perturbation=triangle_insertion alpha=0.1 seed=4 workflow=diversity_curves_shortest_path status=success
2026-06-18 21:29:14,001 INFO row_complete 3529/3960 dataset=stochastic_block_model perturbation=triangle_insertion alpha=0.2 seed=4 workflow=structural_statistics_mmd status=success
2026-06-18 21:29:14,004 INFO row_complete 3530/3960 dataset=stochastic_block_model perturbation=triangle_insertion alpha=0.2 seed=4 workflow=wl_subtree_kernel_mmd status=success
2026-06-18 21:29:14,005 INFO row_complete 3531/3960 dataset=stochastic_block_model perturbation=triangle_insertion alpha=0.2 seed=4 workflow=native_netlsd status=success
2026-06-18 21:29:14,005 INFO row_complete 3532/3960 dataset=stochastic_block_model perturbation=triangle_insertion alpha=0.2 seed=4 workflow=diversity_curves_shortest_path status=success
2026-06-18 21:34:16,185 INFO row_complete 3533/3960 dataset=stochastic_block_model perturbation=triangle_insertion alpha=0.3 seed=4 workflow=structural_statistics_mmd status=success
2026-06-18 21:34:16,186 INFO row_complete 3534/3960 dataset=stochastic_block_model perturbation=triangle_insertion alpha=0.3 seed=4 workflow=wl_subtree_kernel_mmd status=success
2026-06-18 21:34:16,187 INFO row_complete 3535/3960 dataset=stochastic_block_model perturbation=triangle_insertion alpha=0.3 seed=4 workflow=native_netlsd status=success
2026-06-18 21:34:16,187 INFO row_complete 3536/3960 dataset=stochastic_block_model perturbation=triangle_insertion alpha=0.3 seed=4 workflow=diversity_curves_shortest_path status=success
2026-06-18 21:39:36,805 INFO row_complete 3537/3960 dataset=stochastic_block_model perturbation=triangle_insertion alpha=0.4 seed=4 workflow=structural_statistics_mmd status=success
2026-06-18 21:39:36,806 INFO row_complete 3538/3960 dataset=stochastic_block_model perturbation=triangle_insertion alpha=0.4 seed=4 workflow=wl_subtree_kernel_mmd status=success
2026-06-18 21:39:36,807 INFO row_complete 3539/3960 dataset=stochastic_block_model perturbation=triangle_insertion alpha=0.4 seed=4 workflow=native_netlsd status=success
2026-06-18 21:39:36,808 INFO row_complete 3540/3960 dataset=stochastic_block_model perturbation=triangle_insertion alpha=0.4 seed=4 workflow=diversity_curves_shortest_path status=success
2026-06-18 21:45:08,560 INFO row_complete 3541/3960 dataset=stochastic_block_model perturbation=triangle_insertion alpha=0.5 seed=4 workflow=structural_statistics_mmd status=success
2026-06-18 21:45:08,561 INFO row_complete 3542/3960 dataset=stochastic_block_model perturbation=triangle_insertion alpha=0.5 seed=4 workflow=wl_subtree_kernel_mmd status=success
2026-06-18 21:45:08,562 INFO row_complete 3543/3960 dataset=stochastic_block_model perturbation=triangle_insertion alpha=0.5 seed=4 workflow=native_netlsd status=success
2026-06-18 21:45:08,563 INFO row_complete 3544/3960 dataset=stochastic_block_model perturbation=triangle_insertion alpha=0.5 seed=4 workflow=diversity_curves_shortest_path status=success
2026-06-18 21:50:34,379 INFO row_complete 3545/3960 dataset=stochastic_block_model perturbation=triangle_insertion alpha=0.6 seed=4 workflow=structural_statistics_mmd status=success
2026-06-18 21:50:34,380 INFO row_complete 3546/3960 dataset=stochastic_block_model perturbation=triangle_insertion alpha=0.6 seed=4 workflow=wl_subtree_kernel_mmd status=success
2026-06-18 21:50:34,381 INFO row_complete 3547/3960 dataset=stochastic_block_model perturbation=triangle_insertion alpha=0.6 seed=4 workflow=native_netlsd status=success
2026-06-18 21:50:34,382 INFO row_complete 3548/3960 dataset=stochastic_block_model perturbation=triangle_insertion alpha=0.6 seed=4 workflow=diversity_curves_shortest_path status=success
2026-06-18 21:56:21,459 INFO row_complete 3549/3960 dataset=stochastic_block_model perturbation=triangle_insertion alpha=0.7 seed=4 workflow=structural_statistics_mmd status=success
2026-06-18 21:56:21,461 INFO row_complete 3550/3960 dataset=stochastic_block_model perturbation=triangle_insertion alpha=0.7 seed=4 workflow=wl_subtree_kernel_mmd status=success
2026-06-18 21:56:21,462 INFO row_complete 3551/3960 dataset=stochastic_block_model perturbation=triangle_insertion alpha=0.7 seed=4 workflow=native_netlsd status=success
2026-06-18 21:56:21,463 INFO row_complete 3552/3960 dataset=stochastic_block_model perturbation=triangle_insertion alpha=0.7 seed=4 workflow=diversity_curves_shortest_path status=success
2026-06-18 22:02:28,978 INFO row_complete 3553/3960 dataset=stochastic_block_model perturbation=triangle_insertion alpha=0.8 seed=4 workflow=structural_statistics_mmd status=success
2026-06-18 22:02:28,979 INFO row_complete 3554/3960 dataset=stochastic_block_model perturbation=triangle_insertion alpha=0.8 seed=4 workflow=wl_subtree_kernel_mmd status=success
2026-06-18 22:02:28,980 INFO row_complete 3555/3960 dataset=stochastic_block_model perturbation=triangle_insertion alpha=0.8 seed=4 workflow=native_netlsd status=success
2026-06-18 22:02:28,981 INFO row_complete 3556/3960 dataset=stochastic_block_model perturbation=triangle_insertion alpha=0.8 seed=4 workflow=diversity_curves_shortest_path status=success
2026-06-18 22:17:48,869 INFO run_start result_path=outputs/full_fidelity_experiment/results/results.csv resume=True rerun_failed=False completed=3556 total=3960 device=cpu
2026-06-18 22:17:48,870 INFO grid_skip_completed dataset=erdos_renyi perturbation=edge_insertion alpha=0.0 seed=0
2026-06-18 22:17:48,870 INFO grid_skip_completed dataset=erdos_renyi perturbation=edge_insertion alpha=0.1 seed=0
2026-06-18 22:17:48,870 INFO grid_skip_completed dataset=erdos_renyi perturbation=edge_insertion alpha=0.2 seed=0
2026-06-18 22:17:48,870 INFO grid_skip_completed dataset=erdos_renyi perturbation=edge_insertion alpha=0.3 seed=0
2026-06-18 22:17:48,870 INFO grid_skip_completed dataset=erdos_renyi perturbation=edge_insertion alpha=0.4 seed=0
2026-06-18 22:17:48,870 INFO grid_skip_completed dataset=erdos_renyi perturbation=edge_insertion alpha=0.5 seed=0
2026-06-18 22:17:48,870 INFO grid_skip_completed dataset=erdos_renyi perturbation=edge_insertion alpha=0.6 seed=0
2026-06-18 22:17:48,870 INFO grid_skip_completed dataset=erdos_renyi perturbation=edge_insertion alpha=0.7 seed=0
2026-06-18 22:17:48,870 INFO grid_skip_completed dataset=erdos_renyi perturbation=edge_insertion alpha=0.8 seed=0
2026-06-18 22:17:48,870 INFO grid_skip_completed dataset=erdos_renyi perturbation=edge_insertion alpha=0.9 seed=0
2026-06-18 22:17:48,870 INFO grid_skip_completed dataset=erdos_renyi perturbation=edge_insertion alpha=1.0 seed=0
2026-06-18 22:17:48,870 INFO grid_skip_completed dataset=erdos_renyi perturbation=edge_deletion alpha=0.0 seed=0
2026-06-18 22:17:48,870 INFO grid_skip_completed dataset=erdos_renyi perturbation=edge_deletion alpha=0.1 seed=0
2026-06-18 22:17:48,871 INFO grid_skip_completed dataset=erdos_renyi perturbation=edge_deletion alpha=0.2 seed=0
2026-06-18 22:17:48,871 INFO grid_skip_completed dataset=erdos_renyi perturbation=edge_deletion alpha=0.3 seed=0
2026-06-18 22:17:48,871 INFO grid_skip_completed dataset=erdos_renyi perturbation=edge_deletion alpha=0.4 seed=0
2026-06-18 22:17:48,871 INFO grid_skip_completed dataset=erdos_renyi perturbation=edge_deletion alpha=0.5 seed=0
2026-06-18 22:17:48,871 INFO grid_skip_completed dataset=erdos_renyi perturbation=edge_deletion alpha=0.6 seed=0
2026-06-18 22:17:48,871 INFO grid_skip_completed dataset=erdos_renyi perturbation=edge_deletion alpha=0.7 seed=0
2026-06-18 22:17:48,871 INFO grid_skip_completed dataset=erdos_renyi perturbation=edge_deletion alpha=0.8 seed=0
2026-06-18 22:17:48,871 INFO grid_skip_completed dataset=erdos_renyi perturbation=edge_deletion alpha=0.9 seed=0
2026-06-18 22:17:48,871 INFO grid_skip_completed dataset=erdos_renyi perturbation=edge_deletion alpha=1.0 seed=0
2026-06-18 22:17:48,871 INFO grid_skip_completed dataset=erdos_renyi perturbation=triangle_insertion alpha=0.0 seed=0
2026-06-18 22:17:48,871 INFO grid_skip_completed dataset=erdos_renyi perturbation=triangle_insertion alpha=0.1 seed=0
2026-06-18 22:17:48,871 INFO grid_skip_completed dataset=erdos_renyi perturbation=triangle_insertion alpha=0.2 seed=0
2026-06-18 22:17:48,871 INFO grid_skip_completed dataset=erdos_renyi perturbation=triangle_insertion alpha=0.3 seed=0
2026-06-18 22:17:48,871 INFO grid_skip_completed dataset=erdos_renyi perturbation=triangle_insertion alpha=0.4 seed=0
2026-06-18 22:17:48,871 INFO grid_skip_completed dataset=erdos_renyi perturbation=triangle_insertion alpha=0.5 seed=0
2026-06-18 22:17:48,871 INFO grid_skip_completed dataset=erdos_renyi perturbation=triangle_insertion alpha=0.6 seed=0
2026-06-18 22:17:48,871 INFO grid_skip_completed dataset=erdos_renyi perturbation=triangle_insertion alpha=0.7 seed=0
2026-06-18 22:17:48,871 INFO grid_skip_completed dataset=erdos_renyi perturbation=triangle_insertion alpha=0.8 seed=0
2026-06-18 22:17:48,872 INFO grid_skip_completed dataset=erdos_renyi perturbation=triangle_insertion alpha=0.9 seed=0
2026-06-18 22:17:48,872 INFO grid_skip_completed dataset=erdos_renyi perturbation=triangle_insertion alpha=1.0 seed=0
2026-06-18 22:17:48,872 INFO grid_skip_completed dataset=erdos_renyi perturbation=triangle_deletion alpha=0.0 seed=0
2026-06-18 22:17:48,872 INFO grid_skip_completed dataset=erdos_renyi perturbation=triangle_deletion alpha=0.1 seed=0
2026-06-18 22:17:48,872 INFO grid_skip_completed dataset=erdos_renyi perturbation=triangle_deletion alpha=0.2 seed=0
2026-06-18 22:17:48,872 INFO grid_skip_completed dataset=erdos_renyi perturbation=triangle_deletion alpha=0.3 seed=0
2026-06-18 22:17:48,872 INFO grid_skip_completed dataset=erdos_renyi perturbation=triangle_deletion alpha=0.4 seed=0
2026-06-18 22:17:48,872 INFO grid_skip_completed dataset=erdos_renyi perturbation=triangle_deletion alpha=0.5 seed=0
2026-06-18 22:17:48,872 INFO grid_skip_completed dataset=erdos_renyi perturbation=triangle_deletion alpha=0.6 seed=0
2026-06-18 22:17:48,872 INFO grid_skip_completed dataset=erdos_renyi perturbation=triangle_deletion alpha=0.7 seed=0
2026-06-18 22:17:48,872 INFO grid_skip_completed dataset=erdos_renyi perturbation=triangle_deletion alpha=0.8 seed=0
2026-06-18 22:17:48,872 INFO grid_skip_completed dataset=erdos_renyi perturbation=triangle_deletion alpha=0.9 seed=0
2026-06-18 22:17:48,872 INFO grid_skip_completed dataset=erdos_renyi perturbation=triangle_deletion alpha=1.0 seed=0
2026-06-18 22:17:48,872 INFO grid_skip_completed dataset=erdos_renyi perturbation=community_weakening alpha=0.0 seed=0
2026-06-18 22:17:48,872 INFO grid_skip_completed dataset=erdos_renyi perturbation=community_weakening alpha=0.1 seed=0
2026-06-18 22:17:48,872 INFO grid_skip_completed dataset=erdos_renyi perturbation=community_weakening alpha=0.2 seed=0
2026-06-18 22:17:48,872 INFO grid_skip_completed dataset=erdos_renyi perturbation=community_weakening alpha=0.3 seed=0
2026-06-18 22:17:48,872 INFO grid_skip_completed dataset=erdos_renyi perturbation=community_weakening alpha=0.4 seed=0
2026-06-18 22:17:48,872 INFO grid_skip_completed dataset=erdos_renyi perturbation=community_weakening alpha=0.5 seed=0
2026-06-18 22:17:48,872 INFO grid_skip_completed dataset=erdos_renyi perturbation=community_weakening alpha=0.6 seed=0
2026-06-18 22:17:48,873 INFO grid_skip_completed dataset=erdos_renyi perturbation=community_weakening alpha=0.7 seed=0
2026-06-18 22:17:48,873 INFO grid_skip_completed dataset=erdos_renyi perturbation=community_weakening alpha=0.8 seed=0
2026-06-18 22:17:48,873 INFO grid_skip_completed dataset=erdos_renyi perturbation=community_weakening alpha=0.9 seed=0
2026-06-18 22:17:48,873 INFO grid_skip_completed dataset=erdos_renyi perturbation=community_weakening alpha=1.0 seed=0
2026-06-18 22:17:48,873 INFO grid_skip_completed dataset=erdos_renyi perturbation=hub_modification alpha=0.0 seed=0
2026-06-18 22:17:48,873 INFO grid_skip_completed dataset=erdos_renyi perturbation=hub_modification alpha=0.1 seed=0
2026-06-18 22:17:48,873 INFO grid_skip_completed dataset=erdos_renyi perturbation=hub_modification alpha=0.2 seed=0
2026-06-18 22:17:48,873 INFO grid_skip_completed dataset=erdos_renyi perturbation=hub_modification alpha=0.3 seed=0
2026-06-18 22:17:48,873 INFO grid_skip_completed dataset=erdos_renyi perturbation=hub_modification alpha=0.4 seed=0
2026-06-18 22:17:48,873 INFO grid_skip_completed dataset=erdos_renyi perturbation=hub_modification alpha=0.5 seed=0
2026-06-18 22:17:48,873 INFO grid_skip_completed dataset=erdos_renyi perturbation=hub_modification alpha=0.6 seed=0
2026-06-18 22:17:48,873 INFO grid_skip_completed dataset=erdos_renyi perturbation=hub_modification alpha=0.7 seed=0
2026-06-18 22:17:48,873 INFO grid_skip_completed dataset=erdos_renyi perturbation=hub_modification alpha=0.8 seed=0
2026-06-18 22:17:48,873 INFO grid_skip_completed dataset=erdos_renyi perturbation=hub_modification alpha=0.9 seed=0
2026-06-18 22:17:48,873 INFO grid_skip_completed dataset=erdos_renyi perturbation=hub_modification alpha=1.0 seed=0
2026-06-18 22:17:48,873 INFO grid_skip_completed dataset=stochastic_block_model perturbation=edge_insertion alpha=0.0 seed=0
2026-06-18 22:17:48,873 INFO grid_skip_completed dataset=stochastic_block_model perturbation=edge_insertion alpha=0.1 seed=0
2026-06-18 22:17:48,873 INFO grid_skip_completed dataset=stochastic_block_model perturbation=edge_insertion alpha=0.2 seed=0
2026-06-18 22:17:48,873 INFO grid_skip_completed dataset=stochastic_block_model perturbation=edge_insertion alpha=0.3 seed=0
2026-06-18 22:17:48,873 INFO grid_skip_completed dataset=stochastic_block_model perturbation=edge_insertion alpha=0.4 seed=0
2026-06-18 22:17:48,874 INFO grid_skip_completed dataset=stochastic_block_model perturbation=edge_insertion alpha=0.5 seed=0
2026-06-18 22:17:48,874 INFO grid_skip_completed dataset=stochastic_block_model perturbation=edge_insertion alpha=0.6 seed=0
2026-06-18 22:17:48,874 INFO grid_skip_completed dataset=stochastic_block_model perturbation=edge_insertion alpha=0.7 seed=0
2026-06-18 22:17:48,874 INFO grid_skip_completed dataset=stochastic_block_model perturbation=edge_insertion alpha=0.8 seed=0
2026-06-18 22:17:48,874 INFO grid_skip_completed dataset=stochastic_block_model perturbation=edge_insertion alpha=0.9 seed=0
2026-06-18 22:17:48,874 INFO grid_skip_completed dataset=stochastic_block_model perturbation=edge_insertion alpha=1.0 seed=0
2026-06-18 22:17:48,874 INFO grid_skip_completed dataset=stochastic_block_model perturbation=edge_deletion alpha=0.0 seed=0
2026-06-18 22:17:48,874 INFO grid_skip_completed dataset=stochastic_block_model perturbation=edge_deletion alpha=0.1 seed=0
2026-06-18 22:17:48,874 INFO grid_skip_completed dataset=stochastic_block_model perturbation=edge_deletion alpha=0.2 seed=0
2026-06-18 22:17:48,874 INFO grid_skip_completed dataset=stochastic_block_model perturbation=edge_deletion alpha=0.3 seed=0
2026-06-18 22:17:48,874 INFO grid_skip_completed dataset=stochastic_block_model perturbation=edge_deletion alpha=0.4 seed=0
2026-06-18 22:17:48,874 INFO grid_skip_completed dataset=stochastic_block_model perturbation=edge_deletion alpha=0.5 seed=0
2026-06-18 22:17:48,874 INFO grid_skip_completed dataset=stochastic_block_model perturbation=edge_deletion alpha=0.6 seed=0
2026-06-18 22:17:48,874 INFO grid_skip_completed dataset=stochastic_block_model perturbation=edge_deletion alpha=0.7 seed=0
2026-06-18 22:17:48,874 INFO grid_skip_completed dataset=stochastic_block_model perturbation=edge_deletion alpha=0.8 seed=0
2026-06-18 22:17:48,874 INFO grid_skip_completed dataset=stochastic_block_model perturbation=edge_deletion alpha=0.9 seed=0
2026-06-18 22:17:48,874 INFO grid_skip_completed dataset=stochastic_block_model perturbation=edge_deletion alpha=1.0 seed=0
2026-06-18 22:17:48,874 INFO grid_skip_completed dataset=stochastic_block_model perturbation=triangle_insertion alpha=0.0 seed=0
2026-06-18 22:17:48,874 INFO grid_skip_completed dataset=stochastic_block_model perturbation=triangle_insertion alpha=0.1 seed=0
2026-06-18 22:17:48,875 INFO grid_skip_completed dataset=stochastic_block_model perturbation=triangle_insertion alpha=0.2 seed=0
2026-06-18 22:17:48,875 INFO grid_skip_completed dataset=stochastic_block_model perturbation=triangle_insertion alpha=0.3 seed=0
2026-06-18 22:17:48,875 INFO grid_skip_completed dataset=stochastic_block_model perturbation=triangle_insertion alpha=0.4 seed=0
2026-06-18 22:17:48,875 INFO grid_skip_completed dataset=stochastic_block_model perturbation=triangle_insertion alpha=0.5 seed=0
2026-06-18 22:17:48,875 INFO grid_skip_completed dataset=stochastic_block_model perturbation=triangle_insertion alpha=0.6 seed=0
2026-06-18 22:17:48,875 INFO grid_skip_completed dataset=stochastic_block_model perturbation=triangle_insertion alpha=0.7 seed=0
2026-06-18 22:17:48,875 INFO grid_skip_completed dataset=stochastic_block_model perturbation=triangle_insertion alpha=0.8 seed=0
2026-06-18 22:17:48,875 INFO grid_skip_completed dataset=stochastic_block_model perturbation=triangle_insertion alpha=0.9 seed=0
2026-06-18 22:17:48,875 INFO grid_skip_completed dataset=stochastic_block_model perturbation=triangle_insertion alpha=1.0 seed=0
2026-06-18 22:17:48,875 INFO grid_skip_completed dataset=stochastic_block_model perturbation=triangle_deletion alpha=0.0 seed=0
2026-06-18 22:17:48,875 INFO grid_skip_completed dataset=stochastic_block_model perturbation=triangle_deletion alpha=0.1 seed=0
2026-06-18 22:17:48,875 INFO grid_skip_completed dataset=stochastic_block_model perturbation=triangle_deletion alpha=0.2 seed=0
2026-06-18 22:17:48,875 INFO grid_skip_completed dataset=stochastic_block_model perturbation=triangle_deletion alpha=0.3 seed=0
2026-06-18 22:17:48,875 INFO grid_skip_completed dataset=stochastic_block_model perturbation=triangle_deletion alpha=0.4 seed=0
2026-06-18 22:17:48,875 INFO grid_skip_completed dataset=stochastic_block_model perturbation=triangle_deletion alpha=0.5 seed=0
2026-06-18 22:17:48,875 INFO grid_skip_completed dataset=stochastic_block_model perturbation=triangle_deletion alpha=0.6 seed=0
2026-06-18 22:17:48,875 INFO grid_skip_completed dataset=stochastic_block_model perturbation=triangle_deletion alpha=0.7 seed=0
2026-06-18 22:17:48,875 INFO grid_skip_completed dataset=stochastic_block_model perturbation=triangle_deletion alpha=0.8 seed=0
2026-06-18 22:17:48,876 INFO grid_skip_completed dataset=stochastic_block_model perturbation=triangle_deletion alpha=0.9 seed=0
2026-06-18 22:17:48,876 INFO grid_skip_completed dataset=stochastic_block_model perturbation=triangle_deletion alpha=1.0 seed=0
2026-06-18 22:17:48,876 INFO grid_skip_completed dataset=stochastic_block_model perturbation=community_weakening alpha=0.0 seed=0
2026-06-18 22:17:48,876 INFO grid_skip_completed dataset=stochastic_block_model perturbation=community_weakening alpha=0.1 seed=0
2026-06-18 22:17:48,876 INFO grid_skip_completed dataset=stochastic_block_model perturbation=community_weakening alpha=0.2 seed=0
2026-06-18 22:17:48,876 INFO grid_skip_completed dataset=stochastic_block_model perturbation=community_weakening alpha=0.3 seed=0
2026-06-18 22:17:48,876 INFO grid_skip_completed dataset=stochastic_block_model perturbation=community_weakening alpha=0.4 seed=0
2026-06-18 22:17:48,876 INFO grid_skip_completed dataset=stochastic_block_model perturbation=community_weakening alpha=0.5 seed=0
2026-06-18 22:17:48,876 INFO grid_skip_completed dataset=stochastic_block_model perturbation=community_weakening alpha=0.6 seed=0
2026-06-18 22:17:48,876 INFO grid_skip_completed dataset=stochastic_block_model perturbation=community_weakening alpha=0.7 seed=0
2026-06-18 22:17:48,876 INFO grid_skip_completed dataset=stochastic_block_model perturbation=community_weakening alpha=0.8 seed=0
2026-06-18 22:17:48,876 INFO grid_skip_completed dataset=stochastic_block_model perturbation=community_weakening alpha=0.9 seed=0
2026-06-18 22:17:48,876 INFO grid_skip_completed dataset=stochastic_block_model perturbation=community_weakening alpha=1.0 seed=0
2026-06-18 22:17:48,876 INFO grid_skip_completed dataset=stochastic_block_model perturbation=hub_modification alpha=0.0 seed=0
2026-06-18 22:17:48,876 INFO grid_skip_completed dataset=stochastic_block_model perturbation=hub_modification alpha=0.1 seed=0
2026-06-18 22:17:48,876 INFO grid_skip_completed dataset=stochastic_block_model perturbation=hub_modification alpha=0.2 seed=0
2026-06-18 22:17:48,876 INFO grid_skip_completed dataset=stochastic_block_model perturbation=hub_modification alpha=0.3 seed=0
2026-06-18 22:17:48,876 INFO grid_skip_completed dataset=stochastic_block_model perturbation=hub_modification alpha=0.4 seed=0
2026-06-18 22:17:48,876 INFO grid_skip_completed dataset=stochastic_block_model perturbation=hub_modification alpha=0.5 seed=0
2026-06-18 22:17:48,877 INFO grid_skip_completed dataset=stochastic_block_model perturbation=hub_modification alpha=0.6 seed=0
2026-06-18 22:17:48,877 INFO grid_skip_completed dataset=stochastic_block_model perturbation=hub_modification alpha=0.7 seed=0
2026-06-18 22:17:48,877 INFO grid_skip_completed dataset=stochastic_block_model perturbation=hub_modification alpha=0.8 seed=0
2026-06-18 22:17:48,877 INFO grid_skip_completed dataset=stochastic_block_model perturbation=hub_modification alpha=0.9 seed=0
2026-06-18 22:17:48,877 INFO grid_skip_completed dataset=stochastic_block_model perturbation=hub_modification alpha=1.0 seed=0
2026-06-18 22:17:48,877 INFO grid_skip_completed dataset=barabasi_albert perturbation=edge_insertion alpha=0.0 seed=0
2026-06-18 22:17:48,877 INFO grid_skip_completed dataset=barabasi_albert perturbation=edge_insertion alpha=0.1 seed=0
2026-06-18 22:17:48,877 INFO grid_skip_completed dataset=barabasi_albert perturbation=edge_insertion alpha=0.2 seed=0
2026-06-18 22:17:48,877 INFO grid_skip_completed dataset=barabasi_albert perturbation=edge_insertion alpha=0.3 seed=0
2026-06-18 22:17:48,877 INFO grid_skip_completed dataset=barabasi_albert perturbation=edge_insertion alpha=0.4 seed=0
2026-06-18 22:17:48,877 INFO grid_skip_completed dataset=barabasi_albert perturbation=edge_insertion alpha=0.5 seed=0
2026-06-18 22:17:48,877 INFO grid_skip_completed dataset=barabasi_albert perturbation=edge_insertion alpha=0.6 seed=0
2026-06-18 22:17:48,877 INFO grid_skip_completed dataset=barabasi_albert perturbation=edge_insertion alpha=0.7 seed=0
2026-06-18 22:17:48,877 INFO grid_skip_completed dataset=barabasi_albert perturbation=edge_insertion alpha=0.8 seed=0
2026-06-18 22:17:48,877 INFO grid_skip_completed dataset=barabasi_albert perturbation=edge_insertion alpha=0.9 seed=0
2026-06-18 22:17:48,877 INFO grid_skip_completed dataset=barabasi_albert perturbation=edge_insertion alpha=1.0 seed=0
2026-06-18 22:17:48,877 INFO grid_skip_completed dataset=barabasi_albert perturbation=edge_deletion alpha=0.0 seed=0
2026-06-18 22:17:48,877 INFO grid_skip_completed dataset=barabasi_albert perturbation=edge_deletion alpha=0.1 seed=0
2026-06-18 22:17:48,878 INFO grid_skip_completed dataset=barabasi_albert perturbation=edge_deletion alpha=0.2 seed=0
2026-06-18 22:17:48,878 INFO grid_skip_completed dataset=barabasi_albert perturbation=edge_deletion alpha=0.3 seed=0
2026-06-18 22:17:48,878 INFO grid_skip_completed dataset=barabasi_albert perturbation=edge_deletion alpha=0.4 seed=0
2026-06-18 22:17:48,878 INFO grid_skip_completed dataset=barabasi_albert perturbation=edge_deletion alpha=0.5 seed=0
2026-06-18 22:17:48,878 INFO grid_skip_completed dataset=barabasi_albert perturbation=edge_deletion alpha=0.6 seed=0
2026-06-18 22:17:48,878 INFO grid_skip_completed dataset=barabasi_albert perturbation=edge_deletion alpha=0.7 seed=0
2026-06-18 22:17:48,878 INFO grid_skip_completed dataset=barabasi_albert perturbation=edge_deletion alpha=0.8 seed=0
2026-06-18 22:17:48,878 INFO grid_skip_completed dataset=barabasi_albert perturbation=edge_deletion alpha=0.9 seed=0
2026-06-18 22:17:48,878 INFO grid_skip_completed dataset=barabasi_albert perturbation=edge_deletion alpha=1.0 seed=0
2026-06-18 22:17:48,878 INFO grid_skip_completed dataset=barabasi_albert perturbation=triangle_insertion alpha=0.0 seed=0
2026-06-18 22:17:48,878 INFO grid_skip_completed dataset=barabasi_albert perturbation=triangle_insertion alpha=0.1 seed=0
2026-06-18 22:17:48,878 INFO grid_skip_completed dataset=barabasi_albert perturbation=triangle_insertion alpha=0.2 seed=0
2026-06-18 22:17:48,878 INFO grid_skip_completed dataset=barabasi_albert perturbation=triangle_insertion alpha=0.3 seed=0
2026-06-18 22:17:48,878 INFO grid_skip_completed dataset=barabasi_albert perturbation=triangle_insertion alpha=0.4 seed=0
2026-06-18 22:17:48,878 INFO grid_skip_completed dataset=barabasi_albert perturbation=triangle_insertion alpha=0.5 seed=0
2026-06-18 22:17:48,878 INFO grid_skip_completed dataset=barabasi_albert perturbation=triangle_insertion alpha=0.6 seed=0
2026-06-18 22:17:48,878 INFO grid_skip_completed dataset=barabasi_albert perturbation=triangle_insertion alpha=0.7 seed=0
2026-06-18 22:17:48,878 INFO grid_skip_completed dataset=barabasi_albert perturbation=triangle_insertion alpha=0.8 seed=0
2026-06-18 22:17:48,878 INFO grid_skip_completed dataset=barabasi_albert perturbation=triangle_insertion alpha=0.9 seed=0
2026-06-18 22:17:48,879 INFO grid_skip_completed dataset=barabasi_albert perturbation=triangle_insertion alpha=1.0 seed=0
2026-06-18 22:17:48,879 INFO grid_skip_completed dataset=barabasi_albert perturbation=triangle_deletion alpha=0.0 seed=0
2026-06-18 22:17:48,879 INFO grid_skip_completed dataset=barabasi_albert perturbation=triangle_deletion alpha=0.1 seed=0
2026-06-18 22:17:48,879 INFO grid_skip_completed dataset=barabasi_albert perturbation=triangle_deletion alpha=0.2 seed=0
2026-06-18 22:17:48,879 INFO grid_skip_completed dataset=barabasi_albert perturbation=triangle_deletion alpha=0.3 seed=0
2026-06-18 22:17:48,879 INFO grid_skip_completed dataset=barabasi_albert perturbation=triangle_deletion alpha=0.4 seed=0
2026-06-18 22:17:48,879 INFO grid_skip_completed dataset=barabasi_albert perturbation=triangle_deletion alpha=0.5 seed=0
2026-06-18 22:17:48,879 INFO grid_skip_completed dataset=barabasi_albert perturbation=triangle_deletion alpha=0.6 seed=0
2026-06-18 22:17:48,879 INFO grid_skip_completed dataset=barabasi_albert perturbation=triangle_deletion alpha=0.7 seed=0
2026-06-18 22:17:48,879 INFO grid_skip_completed dataset=barabasi_albert perturbation=triangle_deletion alpha=0.8 seed=0
2026-06-18 22:17:48,879 INFO grid_skip_completed dataset=barabasi_albert perturbation=triangle_deletion alpha=0.9 seed=0
2026-06-18 22:17:48,879 INFO grid_skip_completed dataset=barabasi_albert perturbation=triangle_deletion alpha=1.0 seed=0
2026-06-18 22:17:48,879 INFO grid_skip_completed dataset=barabasi_albert perturbation=community_weakening alpha=0.0 seed=0
2026-06-18 22:17:48,879 INFO grid_skip_completed dataset=barabasi_albert perturbation=community_weakening alpha=0.1 seed=0
2026-06-18 22:17:48,879 INFO grid_skip_completed dataset=barabasi_albert perturbation=community_weakening alpha=0.2 seed=0
2026-06-18 22:17:48,879 INFO grid_skip_completed dataset=barabasi_albert perturbation=community_weakening alpha=0.3 seed=0
2026-06-18 22:17:48,879 INFO grid_skip_completed dataset=barabasi_albert perturbation=community_weakening alpha=0.4 seed=0
2026-06-18 22:17:48,879 INFO grid_skip_completed dataset=barabasi_albert perturbation=community_weakening alpha=0.5 seed=0
2026-06-18 22:17:48,879 INFO grid_skip_completed dataset=barabasi_albert perturbation=community_weakening alpha=0.6 seed=0
2026-06-18 22:17:48,879 INFO grid_skip_completed dataset=barabasi_albert perturbation=community_weakening alpha=0.7 seed=0
2026-06-18 22:17:48,880 INFO grid_skip_completed dataset=barabasi_albert perturbation=community_weakening alpha=0.8 seed=0
2026-06-18 22:17:48,880 INFO grid_skip_completed dataset=barabasi_albert perturbation=community_weakening alpha=0.9 seed=0
2026-06-18 22:17:48,880 INFO grid_skip_completed dataset=barabasi_albert perturbation=community_weakening alpha=1.0 seed=0
2026-06-18 22:17:48,880 INFO grid_skip_completed dataset=barabasi_albert perturbation=hub_modification alpha=0.0 seed=0
2026-06-18 22:17:48,880 INFO grid_skip_completed dataset=barabasi_albert perturbation=hub_modification alpha=0.1 seed=0
2026-06-18 22:17:48,880 INFO grid_skip_completed dataset=barabasi_albert perturbation=hub_modification alpha=0.2 seed=0
2026-06-18 22:17:48,880 INFO grid_skip_completed dataset=barabasi_albert perturbation=hub_modification alpha=0.3 seed=0
2026-06-18 22:17:48,880 INFO grid_skip_completed dataset=barabasi_albert perturbation=hub_modification alpha=0.4 seed=0
2026-06-18 22:17:48,880 INFO grid_skip_completed dataset=barabasi_albert perturbation=hub_modification alpha=0.5 seed=0
2026-06-18 22:17:48,880 INFO grid_skip_completed dataset=barabasi_albert perturbation=hub_modification alpha=0.6 seed=0
2026-06-18 22:17:48,880 INFO grid_skip_completed dataset=barabasi_albert perturbation=hub_modification alpha=0.7 seed=0
2026-06-18 22:17:48,880 INFO grid_skip_completed dataset=barabasi_albert perturbation=hub_modification alpha=0.8 seed=0
2026-06-18 22:17:48,880 INFO grid_skip_completed dataset=barabasi_albert perturbation=hub_modification alpha=0.9 seed=0
2026-06-18 22:17:48,880 INFO grid_skip_completed dataset=barabasi_albert perturbation=hub_modification alpha=1.0 seed=0
2026-06-18 22:17:48,880 INFO grid_skip_completed dataset=erdos_renyi perturbation=edge_insertion alpha=0.0 seed=1
2026-06-18 22:17:48,880 INFO grid_skip_completed dataset=erdos_renyi perturbation=edge_insertion alpha=0.1 seed=1
2026-06-18 22:17:48,880 INFO grid_skip_completed dataset=erdos_renyi perturbation=edge_insertion alpha=0.2 seed=1
2026-06-18 22:17:48,880 INFO grid_skip_completed dataset=erdos_renyi perturbation=edge_insertion alpha=0.3 seed=1
2026-06-18 22:17:48,880 INFO grid_skip_completed dataset=erdos_renyi perturbation=edge_insertion alpha=0.4 seed=1
2026-06-18 22:17:48,881 INFO grid_skip_completed dataset=erdos_renyi perturbation=edge_insertion alpha=0.5 seed=1
2026-06-18 22:17:48,881 INFO grid_skip_completed dataset=erdos_renyi perturbation=edge_insertion alpha=0.6 seed=1
2026-06-18 22:17:48,881 INFO grid_skip_completed dataset=erdos_renyi perturbation=edge_insertion alpha=0.7 seed=1
2026-06-18 22:17:48,881 INFO grid_skip_completed dataset=erdos_renyi perturbation=edge_insertion alpha=0.8 seed=1
2026-06-18 22:17:48,881 INFO grid_skip_completed dataset=erdos_renyi perturbation=edge_insertion alpha=0.9 seed=1
2026-06-18 22:17:48,881 INFO grid_skip_completed dataset=erdos_renyi perturbation=edge_insertion alpha=1.0 seed=1
2026-06-18 22:17:48,881 INFO grid_skip_completed dataset=erdos_renyi perturbation=edge_deletion alpha=0.0 seed=1
2026-06-18 22:17:48,881 INFO grid_skip_completed dataset=erdos_renyi perturbation=edge_deletion alpha=0.1 seed=1
2026-06-18 22:17:48,881 INFO grid_skip_completed dataset=erdos_renyi perturbation=edge_deletion alpha=0.2 seed=1
2026-06-18 22:17:48,881 INFO grid_skip_completed dataset=erdos_renyi perturbation=edge_deletion alpha=0.3 seed=1
2026-06-18 22:17:48,881 INFO grid_skip_completed dataset=erdos_renyi perturbation=edge_deletion alpha=0.4 seed=1
2026-06-18 22:17:48,881 INFO grid_skip_completed dataset=erdos_renyi perturbation=edge_deletion alpha=0.5 seed=1
2026-06-18 22:17:48,881 INFO grid_skip_completed dataset=erdos_renyi perturbation=edge_deletion alpha=0.6 seed=1
2026-06-18 22:17:48,881 INFO grid_skip_completed dataset=erdos_renyi perturbation=edge_deletion alpha=0.7 seed=1
2026-06-18 22:17:48,881 INFO grid_skip_completed dataset=erdos_renyi perturbation=edge_deletion alpha=0.8 seed=1
2026-06-18 22:17:48,881 INFO grid_skip_completed dataset=erdos_renyi perturbation=edge_deletion alpha=0.9 seed=1
2026-06-18 22:17:48,881 INFO grid_skip_completed dataset=erdos_renyi perturbation=edge_deletion alpha=1.0 seed=1
2026-06-18 22:17:48,881 INFO grid_skip_completed dataset=erdos_renyi perturbation=triangle_insertion alpha=0.0 seed=1
2026-06-18 22:17:48,881 INFO grid_skip_completed dataset=erdos_renyi perturbation=triangle_insertion alpha=0.1 seed=1
2026-06-18 22:17:48,882 INFO grid_skip_completed dataset=erdos_renyi perturbation=triangle_insertion alpha=0.2 seed=1
2026-06-18 22:17:48,882 INFO grid_skip_completed dataset=erdos_renyi perturbation=triangle_insertion alpha=0.3 seed=1
2026-06-18 22:17:48,882 INFO grid_skip_completed dataset=erdos_renyi perturbation=triangle_insertion alpha=0.4 seed=1
2026-06-18 22:17:48,882 INFO grid_skip_completed dataset=erdos_renyi perturbation=triangle_insertion alpha=0.5 seed=1
2026-06-18 22:17:48,882 INFO grid_skip_completed dataset=erdos_renyi perturbation=triangle_insertion alpha=0.6 seed=1
2026-06-18 22:17:48,882 INFO grid_skip_completed dataset=erdos_renyi perturbation=triangle_insertion alpha=0.7 seed=1
2026-06-18 22:17:48,882 INFO grid_skip_completed dataset=erdos_renyi perturbation=triangle_insertion alpha=0.8 seed=1
2026-06-18 22:17:48,882 INFO grid_skip_completed dataset=erdos_renyi perturbation=triangle_insertion alpha=0.9 seed=1
2026-06-18 22:17:48,882 INFO grid_skip_completed dataset=erdos_renyi perturbation=triangle_insertion alpha=1.0 seed=1
2026-06-18 22:17:48,882 INFO grid_skip_completed dataset=erdos_renyi perturbation=triangle_deletion alpha=0.0 seed=1
2026-06-18 22:17:48,882 INFO grid_skip_completed dataset=erdos_renyi perturbation=triangle_deletion alpha=0.1 seed=1
2026-06-18 22:17:48,882 INFO grid_skip_completed dataset=erdos_renyi perturbation=triangle_deletion alpha=0.2 seed=1
2026-06-18 22:17:48,882 INFO grid_skip_completed dataset=erdos_renyi perturbation=triangle_deletion alpha=0.3 seed=1
2026-06-18 22:17:48,882 INFO grid_skip_completed dataset=erdos_renyi perturbation=triangle_deletion alpha=0.4 seed=1
2026-06-18 22:17:48,882 INFO grid_skip_completed dataset=erdos_renyi perturbation=triangle_deletion alpha=0.5 seed=1
2026-06-18 22:17:48,882 INFO grid_skip_completed dataset=erdos_renyi perturbation=triangle_deletion alpha=0.6 seed=1
2026-06-18 22:17:48,882 INFO grid_skip_completed dataset=erdos_renyi perturbation=triangle_deletion alpha=0.7 seed=1
2026-06-18 22:17:48,882 INFO grid_skip_completed dataset=erdos_renyi perturbation=triangle_deletion alpha=0.8 seed=1
2026-06-18 22:17:48,882 INFO grid_skip_completed dataset=erdos_renyi perturbation=triangle_deletion alpha=0.9 seed=1
2026-06-18 22:17:48,882 INFO grid_skip_completed dataset=erdos_renyi perturbation=triangle_deletion alpha=1.0 seed=1
2026-06-18 22:17:48,883 INFO grid_skip_completed dataset=erdos_renyi perturbation=community_weakening alpha=0.0 seed=1
2026-06-18 22:17:48,883 INFO grid_skip_completed dataset=erdos_renyi perturbation=community_weakening alpha=0.1 seed=1
2026-06-18 22:17:48,883 INFO grid_skip_completed dataset=erdos_renyi perturbation=community_weakening alpha=0.2 seed=1
2026-06-18 22:17:48,883 INFO grid_skip_completed dataset=erdos_renyi perturbation=community_weakening alpha=0.3 seed=1
2026-06-18 22:17:48,883 INFO grid_skip_completed dataset=erdos_renyi perturbation=community_weakening alpha=0.4 seed=1
2026-06-18 22:17:48,883 INFO grid_skip_completed dataset=erdos_renyi perturbation=community_weakening alpha=0.5 seed=1
2026-06-18 22:17:48,883 INFO grid_skip_completed dataset=erdos_renyi perturbation=community_weakening alpha=0.6 seed=1
2026-06-18 22:17:48,883 INFO grid_skip_completed dataset=erdos_renyi perturbation=community_weakening alpha=0.7 seed=1
2026-06-18 22:17:48,883 INFO grid_skip_completed dataset=erdos_renyi perturbation=community_weakening alpha=0.8 seed=1
2026-06-18 22:17:48,883 INFO grid_skip_completed dataset=erdos_renyi perturbation=community_weakening alpha=0.9 seed=1
2026-06-18 22:17:48,883 INFO grid_skip_completed dataset=erdos_renyi perturbation=community_weakening alpha=1.0 seed=1
2026-06-18 22:17:48,883 INFO grid_skip_completed dataset=erdos_renyi perturbation=hub_modification alpha=0.0 seed=1
2026-06-18 22:17:48,883 INFO grid_skip_completed dataset=erdos_renyi perturbation=hub_modification alpha=0.1 seed=1
2026-06-18 22:17:48,883 INFO grid_skip_completed dataset=erdos_renyi perturbation=hub_modification alpha=0.2 seed=1
2026-06-18 22:17:48,883 INFO grid_skip_completed dataset=erdos_renyi perturbation=hub_modification alpha=0.3 seed=1
2026-06-18 22:17:48,883 INFO grid_skip_completed dataset=erdos_renyi perturbation=hub_modification alpha=0.4 seed=1
2026-06-18 22:17:48,883 INFO grid_skip_completed dataset=erdos_renyi perturbation=hub_modification alpha=0.5 seed=1
2026-06-18 22:17:48,883 INFO grid_skip_completed dataset=erdos_renyi perturbation=hub_modification alpha=0.6 seed=1
2026-06-18 22:17:48,883 INFO grid_skip_completed dataset=erdos_renyi perturbation=hub_modification alpha=0.7 seed=1
2026-06-18 22:17:48,884 INFO grid_skip_completed dataset=erdos_renyi perturbation=hub_modification alpha=0.8 seed=1
2026-06-18 22:17:48,884 INFO grid_skip_completed dataset=erdos_renyi perturbation=hub_modification alpha=0.9 seed=1
2026-06-18 22:17:48,884 INFO grid_skip_completed dataset=erdos_renyi perturbation=hub_modification alpha=1.0 seed=1
2026-06-18 22:17:48,884 INFO grid_skip_completed dataset=stochastic_block_model perturbation=edge_insertion alpha=0.0 seed=1
2026-06-18 22:17:48,884 INFO grid_skip_completed dataset=stochastic_block_model perturbation=edge_insertion alpha=0.1 seed=1
2026-06-18 22:17:48,884 INFO grid_skip_completed dataset=stochastic_block_model perturbation=edge_insertion alpha=0.2 seed=1
2026-06-18 22:17:48,884 INFO grid_skip_completed dataset=stochastic_block_model perturbation=edge_insertion alpha=0.3 seed=1
2026-06-18 22:17:48,884 INFO grid_skip_completed dataset=stochastic_block_model perturbation=edge_insertion alpha=0.4 seed=1
2026-06-18 22:17:48,884 INFO grid_skip_completed dataset=stochastic_block_model perturbation=edge_insertion alpha=0.5 seed=1
2026-06-18 22:17:48,884 INFO grid_skip_completed dataset=stochastic_block_model perturbation=edge_insertion alpha=0.6 seed=1
2026-06-18 22:17:48,884 INFO grid_skip_completed dataset=stochastic_block_model perturbation=edge_insertion alpha=0.7 seed=1
2026-06-18 22:17:48,884 INFO grid_skip_completed dataset=stochastic_block_model perturbation=edge_insertion alpha=0.8 seed=1
2026-06-18 22:17:48,884 INFO grid_skip_completed dataset=stochastic_block_model perturbation=edge_insertion alpha=0.9 seed=1
2026-06-18 22:17:48,884 INFO grid_skip_completed dataset=stochastic_block_model perturbation=edge_insertion alpha=1.0 seed=1
2026-06-18 22:17:48,884 INFO grid_skip_completed dataset=stochastic_block_model perturbation=edge_deletion alpha=0.0 seed=1
2026-06-18 22:17:48,884 INFO grid_skip_completed dataset=stochastic_block_model perturbation=edge_deletion alpha=0.1 seed=1
2026-06-18 22:17:48,884 INFO grid_skip_completed dataset=stochastic_block_model perturbation=edge_deletion alpha=0.2 seed=1
2026-06-18 22:17:48,884 INFO grid_skip_completed dataset=stochastic_block_model perturbation=edge_deletion alpha=0.3 seed=1
2026-06-18 22:17:48,884 INFO grid_skip_completed dataset=stochastic_block_model perturbation=edge_deletion alpha=0.4 seed=1
2026-06-18 22:17:48,885 INFO grid_skip_completed dataset=stochastic_block_model perturbation=edge_deletion alpha=0.5 seed=1
2026-06-18 22:17:48,885 INFO grid_skip_completed dataset=stochastic_block_model perturbation=edge_deletion alpha=0.6 seed=1
2026-06-18 22:17:48,885 INFO grid_skip_completed dataset=stochastic_block_model perturbation=edge_deletion alpha=0.7 seed=1
2026-06-18 22:17:48,885 INFO grid_skip_completed dataset=stochastic_block_model perturbation=edge_deletion alpha=0.8 seed=1
2026-06-18 22:17:48,885 INFO grid_skip_completed dataset=stochastic_block_model perturbation=edge_deletion alpha=0.9 seed=1
2026-06-18 22:17:48,885 INFO grid_skip_completed dataset=stochastic_block_model perturbation=edge_deletion alpha=1.0 seed=1
2026-06-18 22:17:48,885 INFO grid_skip_completed dataset=stochastic_block_model perturbation=triangle_insertion alpha=0.0 seed=1
2026-06-18 22:17:48,885 INFO grid_skip_completed dataset=stochastic_block_model perturbation=triangle_insertion alpha=0.1 seed=1
2026-06-18 22:17:48,885 INFO grid_skip_completed dataset=stochastic_block_model perturbation=triangle_insertion alpha=0.2 seed=1
2026-06-18 22:17:48,885 INFO grid_skip_completed dataset=stochastic_block_model perturbation=triangle_insertion alpha=0.3 seed=1
2026-06-18 22:17:48,885 INFO grid_skip_completed dataset=stochastic_block_model perturbation=triangle_insertion alpha=0.4 seed=1
2026-06-18 22:17:48,885 INFO grid_skip_completed dataset=stochastic_block_model perturbation=triangle_insertion alpha=0.5 seed=1
2026-06-18 22:17:48,885 INFO grid_skip_completed dataset=stochastic_block_model perturbation=triangle_insertion alpha=0.6 seed=1
2026-06-18 22:17:48,885 INFO grid_skip_completed dataset=stochastic_block_model perturbation=triangle_insertion alpha=0.7 seed=1
2026-06-18 22:17:48,885 INFO grid_skip_completed dataset=stochastic_block_model perturbation=triangle_insertion alpha=0.8 seed=1
2026-06-18 22:17:48,885 INFO grid_skip_completed dataset=stochastic_block_model perturbation=triangle_insertion alpha=0.9 seed=1
2026-06-18 22:17:48,885 INFO grid_skip_completed dataset=stochastic_block_model perturbation=triangle_insertion alpha=1.0 seed=1
2026-06-18 22:17:48,885 INFO grid_skip_completed dataset=stochastic_block_model perturbation=triangle_deletion alpha=0.0 seed=1
2026-06-18 22:17:48,885 INFO grid_skip_completed dataset=stochastic_block_model perturbation=triangle_deletion alpha=0.1 seed=1
2026-06-18 22:17:48,885 INFO grid_skip_completed dataset=stochastic_block_model perturbation=triangle_deletion alpha=0.2 seed=1
2026-06-18 22:17:48,886 INFO grid_skip_completed dataset=stochastic_block_model perturbation=triangle_deletion alpha=0.3 seed=1
2026-06-18 22:17:48,886 INFO grid_skip_completed dataset=stochastic_block_model perturbation=triangle_deletion alpha=0.4 seed=1
2026-06-18 22:17:48,886 INFO grid_skip_completed dataset=stochastic_block_model perturbation=triangle_deletion alpha=0.5 seed=1
2026-06-18 22:17:48,886 INFO grid_skip_completed dataset=stochastic_block_model perturbation=triangle_deletion alpha=0.6 seed=1
2026-06-18 22:17:48,886 INFO grid_skip_completed dataset=stochastic_block_model perturbation=triangle_deletion alpha=0.7 seed=1
2026-06-18 22:17:48,886 INFO grid_skip_completed dataset=stochastic_block_model perturbation=triangle_deletion alpha=0.8 seed=1
2026-06-18 22:17:48,886 INFO grid_skip_completed dataset=stochastic_block_model perturbation=triangle_deletion alpha=0.9 seed=1
2026-06-18 22:17:48,886 INFO grid_skip_completed dataset=stochastic_block_model perturbation=triangle_deletion alpha=1.0 seed=1
2026-06-18 22:17:48,886 INFO grid_skip_completed dataset=stochastic_block_model perturbation=community_weakening alpha=0.0 seed=1
2026-06-18 22:17:48,886 INFO grid_skip_completed dataset=stochastic_block_model perturbation=community_weakening alpha=0.1 seed=1
2026-06-18 22:17:48,886 INFO grid_skip_completed dataset=stochastic_block_model perturbation=community_weakening alpha=0.2 seed=1
2026-06-18 22:17:48,886 INFO grid_skip_completed dataset=stochastic_block_model perturbation=community_weakening alpha=0.3 seed=1
2026-06-18 22:17:48,886 INFO grid_skip_completed dataset=stochastic_block_model perturbation=community_weakening alpha=0.4 seed=1
2026-06-18 22:17:48,886 INFO grid_skip_completed dataset=stochastic_block_model perturbation=community_weakening alpha=0.5 seed=1
2026-06-18 22:17:48,886 INFO grid_skip_completed dataset=stochastic_block_model perturbation=community_weakening alpha=0.6 seed=1
2026-06-18 22:17:48,886 INFO grid_skip_completed dataset=stochastic_block_model perturbation=community_weakening alpha=0.7 seed=1
2026-06-18 22:17:48,886 INFO grid_skip_completed dataset=stochastic_block_model perturbation=community_weakening alpha=0.8 seed=1
2026-06-18 22:17:48,886 INFO grid_skip_completed dataset=stochastic_block_model perturbation=community_weakening alpha=0.9 seed=1
2026-06-18 22:17:48,886 INFO grid_skip_completed dataset=stochastic_block_model perturbation=community_weakening alpha=1.0 seed=1
2026-06-18 22:17:48,887 INFO grid_skip_completed dataset=stochastic_block_model perturbation=hub_modification alpha=0.0 seed=1
2026-06-18 22:17:48,887 INFO grid_skip_completed dataset=stochastic_block_model perturbation=hub_modification alpha=0.1 seed=1
2026-06-18 22:17:48,887 INFO grid_skip_completed dataset=stochastic_block_model perturbation=hub_modification alpha=0.2 seed=1
2026-06-18 22:17:48,887 INFO grid_skip_completed dataset=stochastic_block_model perturbation=hub_modification alpha=0.3 seed=1
2026-06-18 22:17:48,887 INFO grid_skip_completed dataset=stochastic_block_model perturbation=hub_modification alpha=0.4 seed=1
2026-06-18 22:17:48,887 INFO grid_skip_completed dataset=stochastic_block_model perturbation=hub_modification alpha=0.5 seed=1
2026-06-18 22:17:48,887 INFO grid_skip_completed dataset=stochastic_block_model perturbation=hub_modification alpha=0.6 seed=1
2026-06-18 22:17:48,887 INFO grid_skip_completed dataset=stochastic_block_model perturbation=hub_modification alpha=0.7 seed=1
2026-06-18 22:17:48,887 INFO grid_skip_completed dataset=stochastic_block_model perturbation=hub_modification alpha=0.8 seed=1
2026-06-18 22:17:48,887 INFO grid_skip_completed dataset=stochastic_block_model perturbation=hub_modification alpha=0.9 seed=1
2026-06-18 22:17:48,887 INFO grid_skip_completed dataset=stochastic_block_model perturbation=hub_modification alpha=1.0 seed=1
2026-06-18 22:17:48,887 INFO grid_skip_completed dataset=barabasi_albert perturbation=edge_insertion alpha=0.0 seed=1
2026-06-18 22:17:48,887 INFO grid_skip_completed dataset=barabasi_albert perturbation=edge_insertion alpha=0.1 seed=1
2026-06-18 22:17:48,887 INFO grid_skip_completed dataset=barabasi_albert perturbation=edge_insertion alpha=0.2 seed=1
2026-06-18 22:17:48,887 INFO grid_skip_completed dataset=barabasi_albert perturbation=edge_insertion alpha=0.3 seed=1
2026-06-18 22:17:48,887 INFO grid_skip_completed dataset=barabasi_albert perturbation=edge_insertion alpha=0.4 seed=1
2026-06-18 22:17:48,887 INFO grid_skip_completed dataset=barabasi_albert perturbation=edge_insertion alpha=0.5 seed=1
2026-06-18 22:17:48,887 INFO grid_skip_completed dataset=barabasi_albert perturbation=edge_insertion alpha=0.6 seed=1
2026-06-18 22:17:48,887 INFO grid_skip_completed dataset=barabasi_albert perturbation=edge_insertion alpha=0.7 seed=1
2026-06-18 22:17:48,888 INFO grid_skip_completed dataset=barabasi_albert perturbation=edge_insertion alpha=0.8 seed=1
2026-06-18 22:17:48,888 INFO grid_skip_completed dataset=barabasi_albert perturbation=edge_insertion alpha=0.9 seed=1
2026-06-18 22:17:48,888 INFO grid_skip_completed dataset=barabasi_albert perturbation=edge_insertion alpha=1.0 seed=1
2026-06-18 22:17:48,888 INFO grid_skip_completed dataset=barabasi_albert perturbation=edge_deletion alpha=0.0 seed=1
2026-06-18 22:17:48,888 INFO grid_skip_completed dataset=barabasi_albert perturbation=edge_deletion alpha=0.1 seed=1
2026-06-18 22:17:48,888 INFO grid_skip_completed dataset=barabasi_albert perturbation=edge_deletion alpha=0.2 seed=1
2026-06-18 22:17:48,888 INFO grid_skip_completed dataset=barabasi_albert perturbation=edge_deletion alpha=0.3 seed=1
2026-06-18 22:17:48,888 INFO grid_skip_completed dataset=barabasi_albert perturbation=edge_deletion alpha=0.4 seed=1
2026-06-18 22:17:48,888 INFO grid_skip_completed dataset=barabasi_albert perturbation=edge_deletion alpha=0.5 seed=1
2026-06-18 22:17:48,888 INFO grid_skip_completed dataset=barabasi_albert perturbation=edge_deletion alpha=0.6 seed=1
2026-06-18 22:17:48,888 INFO grid_skip_completed dataset=barabasi_albert perturbation=edge_deletion alpha=0.7 seed=1
2026-06-18 22:17:48,888 INFO grid_skip_completed dataset=barabasi_albert perturbation=edge_deletion alpha=0.8 seed=1
2026-06-18 22:17:48,888 INFO grid_skip_completed dataset=barabasi_albert perturbation=edge_deletion alpha=0.9 seed=1
2026-06-18 22:17:48,888 INFO grid_skip_completed dataset=barabasi_albert perturbation=edge_deletion alpha=1.0 seed=1
2026-06-18 22:17:48,888 INFO grid_skip_completed dataset=barabasi_albert perturbation=triangle_insertion alpha=0.0 seed=1
2026-06-18 22:17:48,888 INFO grid_skip_completed dataset=barabasi_albert perturbation=triangle_insertion alpha=0.1 seed=1
2026-06-18 22:17:48,888 INFO grid_skip_completed dataset=barabasi_albert perturbation=triangle_insertion alpha=0.2 seed=1
2026-06-18 22:17:48,889 INFO grid_skip_completed dataset=barabasi_albert perturbation=triangle_insertion alpha=0.3 seed=1
2026-06-18 22:17:48,889 INFO grid_skip_completed dataset=barabasi_albert perturbation=triangle_insertion alpha=0.4 seed=1
2026-06-18 22:17:48,889 INFO grid_skip_completed dataset=barabasi_albert perturbation=triangle_insertion alpha=0.5 seed=1
2026-06-18 22:17:48,889 INFO grid_skip_completed dataset=barabasi_albert perturbation=triangle_insertion alpha=0.6 seed=1
2026-06-18 22:17:48,889 INFO grid_skip_completed dataset=barabasi_albert perturbation=triangle_insertion alpha=0.7 seed=1
2026-06-18 22:17:48,889 INFO grid_skip_completed dataset=barabasi_albert perturbation=triangle_insertion alpha=0.8 seed=1
2026-06-18 22:17:48,889 INFO grid_skip_completed dataset=barabasi_albert perturbation=triangle_insertion alpha=0.9 seed=1
2026-06-18 22:17:48,889 INFO grid_skip_completed dataset=barabasi_albert perturbation=triangle_insertion alpha=1.0 seed=1
2026-06-18 22:17:48,889 INFO grid_skip_completed dataset=barabasi_albert perturbation=triangle_deletion alpha=0.0 seed=1
2026-06-18 22:17:48,889 INFO grid_skip_completed dataset=barabasi_albert perturbation=triangle_deletion alpha=0.1 seed=1
2026-06-18 22:17:48,889 INFO grid_skip_completed dataset=barabasi_albert perturbation=triangle_deletion alpha=0.2 seed=1
2026-06-18 22:17:48,889 INFO grid_skip_completed dataset=barabasi_albert perturbation=triangle_deletion alpha=0.3 seed=1
2026-06-18 22:17:48,889 INFO grid_skip_completed dataset=barabasi_albert perturbation=triangle_deletion alpha=0.4 seed=1
2026-06-18 22:17:48,889 INFO grid_skip_completed dataset=barabasi_albert perturbation=triangle_deletion alpha=0.5 seed=1
2026-06-18 22:17:48,889 INFO grid_skip_completed dataset=barabasi_albert perturbation=triangle_deletion alpha=0.6 seed=1
2026-06-18 22:17:48,889 INFO grid_skip_completed dataset=barabasi_albert perturbation=triangle_deletion alpha=0.7 seed=1
2026-06-18 22:17:48,889 INFO grid_skip_completed dataset=barabasi_albert perturbation=triangle_deletion alpha=0.8 seed=1
2026-06-18 22:17:48,889 INFO grid_skip_completed dataset=barabasi_albert perturbation=triangle_deletion alpha=0.9 seed=1
2026-06-18 22:17:48,890 INFO grid_skip_completed dataset=barabasi_albert perturbation=triangle_deletion alpha=1.0 seed=1
2026-06-18 22:17:48,890 INFO grid_skip_completed dataset=barabasi_albert perturbation=community_weakening alpha=0.0 seed=1
2026-06-18 22:17:48,890 INFO grid_skip_completed dataset=barabasi_albert perturbation=community_weakening alpha=0.1 seed=1
2026-06-18 22:17:48,890 INFO grid_skip_completed dataset=barabasi_albert perturbation=community_weakening alpha=0.2 seed=1
2026-06-18 22:17:48,890 INFO grid_skip_completed dataset=barabasi_albert perturbation=community_weakening alpha=0.3 seed=1
2026-06-18 22:17:48,890 INFO grid_skip_completed dataset=barabasi_albert perturbation=community_weakening alpha=0.4 seed=1
2026-06-18 22:17:48,890 INFO grid_skip_completed dataset=barabasi_albert perturbation=community_weakening alpha=0.5 seed=1
2026-06-18 22:17:48,890 INFO grid_skip_completed dataset=barabasi_albert perturbation=community_weakening alpha=0.6 seed=1
2026-06-18 22:17:48,890 INFO grid_skip_completed dataset=barabasi_albert perturbation=community_weakening alpha=0.7 seed=1
2026-06-18 22:17:48,890 INFO grid_skip_completed dataset=barabasi_albert perturbation=community_weakening alpha=0.8 seed=1
2026-06-18 22:17:48,890 INFO grid_skip_completed dataset=barabasi_albert perturbation=community_weakening alpha=0.9 seed=1
2026-06-18 22:17:48,890 INFO grid_skip_completed dataset=barabasi_albert perturbation=community_weakening alpha=1.0 seed=1
2026-06-18 22:17:48,890 INFO grid_skip_completed dataset=barabasi_albert perturbation=hub_modification alpha=0.0 seed=1
2026-06-18 22:17:48,890 INFO grid_skip_completed dataset=barabasi_albert perturbation=hub_modification alpha=0.1 seed=1
2026-06-18 22:17:48,890 INFO grid_skip_completed dataset=barabasi_albert perturbation=hub_modification alpha=0.2 seed=1
2026-06-18 22:17:48,890 INFO grid_skip_completed dataset=barabasi_albert perturbation=hub_modification alpha=0.3 seed=1
2026-06-18 22:17:48,890 INFO grid_skip_completed dataset=barabasi_albert perturbation=hub_modification alpha=0.4 seed=1
2026-06-18 22:17:48,890 INFO grid_skip_completed dataset=barabasi_albert perturbation=hub_modification alpha=0.5 seed=1
2026-06-18 22:17:48,890 INFO grid_skip_completed dataset=barabasi_albert perturbation=hub_modification alpha=0.6 seed=1
2026-06-18 22:17:48,891 INFO grid_skip_completed dataset=barabasi_albert perturbation=hub_modification alpha=0.7 seed=1
2026-06-18 22:17:48,891 INFO grid_skip_completed dataset=barabasi_albert perturbation=hub_modification alpha=0.8 seed=1
2026-06-18 22:17:48,891 INFO grid_skip_completed dataset=barabasi_albert perturbation=hub_modification alpha=0.9 seed=1
2026-06-18 22:17:48,891 INFO grid_skip_completed dataset=barabasi_albert perturbation=hub_modification alpha=1.0 seed=1
2026-06-18 22:17:48,891 INFO grid_skip_completed dataset=erdos_renyi perturbation=edge_insertion alpha=0.0 seed=2
2026-06-18 22:17:48,891 INFO grid_skip_completed dataset=erdos_renyi perturbation=edge_insertion alpha=0.1 seed=2
2026-06-18 22:17:48,891 INFO grid_skip_completed dataset=erdos_renyi perturbation=edge_insertion alpha=0.2 seed=2
2026-06-18 22:17:48,891 INFO grid_skip_completed dataset=erdos_renyi perturbation=edge_insertion alpha=0.3 seed=2
2026-06-18 22:17:48,891 INFO grid_skip_completed dataset=erdos_renyi perturbation=edge_insertion alpha=0.4 seed=2
2026-06-18 22:17:48,891 INFO grid_skip_completed dataset=erdos_renyi perturbation=edge_insertion alpha=0.5 seed=2
2026-06-18 22:17:48,891 INFO grid_skip_completed dataset=erdos_renyi perturbation=edge_insertion alpha=0.6 seed=2
2026-06-18 22:17:48,891 INFO grid_skip_completed dataset=erdos_renyi perturbation=edge_insertion alpha=0.7 seed=2
2026-06-18 22:17:48,891 INFO grid_skip_completed dataset=erdos_renyi perturbation=edge_insertion alpha=0.8 seed=2
2026-06-18 22:17:48,891 INFO grid_skip_completed dataset=erdos_renyi perturbation=edge_insertion alpha=0.9 seed=2
2026-06-18 22:17:48,891 INFO grid_skip_completed dataset=erdos_renyi perturbation=edge_insertion alpha=1.0 seed=2
2026-06-18 22:17:48,891 INFO grid_skip_completed dataset=erdos_renyi perturbation=edge_deletion alpha=0.0 seed=2
2026-06-18 22:17:48,891 INFO grid_skip_completed dataset=erdos_renyi perturbation=edge_deletion alpha=0.1 seed=2
2026-06-18 22:17:48,891 INFO grid_skip_completed dataset=erdos_renyi perturbation=edge_deletion alpha=0.2 seed=2
2026-06-18 22:17:48,892 INFO grid_skip_completed dataset=erdos_renyi perturbation=edge_deletion alpha=0.3 seed=2
2026-06-18 22:17:48,892 INFO grid_skip_completed dataset=erdos_renyi perturbation=edge_deletion alpha=0.4 seed=2
2026-06-18 22:17:48,892 INFO grid_skip_completed dataset=erdos_renyi perturbation=edge_deletion alpha=0.5 seed=2
2026-06-18 22:17:48,892 INFO grid_skip_completed dataset=erdos_renyi perturbation=edge_deletion alpha=0.6 seed=2
2026-06-18 22:17:48,892 INFO grid_skip_completed dataset=erdos_renyi perturbation=edge_deletion alpha=0.7 seed=2
2026-06-18 22:17:48,892 INFO grid_skip_completed dataset=erdos_renyi perturbation=edge_deletion alpha=0.8 seed=2
2026-06-18 22:17:48,892 INFO grid_skip_completed dataset=erdos_renyi perturbation=edge_deletion alpha=0.9 seed=2
2026-06-18 22:17:48,892 INFO grid_skip_completed dataset=erdos_renyi perturbation=edge_deletion alpha=1.0 seed=2
2026-06-18 22:17:48,892 INFO grid_skip_completed dataset=erdos_renyi perturbation=triangle_insertion alpha=0.0 seed=2
2026-06-18 22:17:48,892 INFO grid_skip_completed dataset=erdos_renyi perturbation=triangle_insertion alpha=0.1 seed=2
2026-06-18 22:17:48,892 INFO grid_skip_completed dataset=erdos_renyi perturbation=triangle_insertion alpha=0.2 seed=2
2026-06-18 22:17:48,892 INFO grid_skip_completed dataset=erdos_renyi perturbation=triangle_insertion alpha=0.3 seed=2
2026-06-18 22:17:48,892 INFO grid_skip_completed dataset=erdos_renyi perturbation=triangle_insertion alpha=0.4 seed=2
2026-06-18 22:17:48,892 INFO grid_skip_completed dataset=erdos_renyi perturbation=triangle_insertion alpha=0.5 seed=2
2026-06-18 22:17:48,892 INFO grid_skip_completed dataset=erdos_renyi perturbation=triangle_insertion alpha=0.6 seed=2
2026-06-18 22:17:48,892 INFO grid_skip_completed dataset=erdos_renyi perturbation=triangle_insertion alpha=0.7 seed=2
2026-06-18 22:17:48,892 INFO grid_skip_completed dataset=erdos_renyi perturbation=triangle_insertion alpha=0.8 seed=2
2026-06-18 22:17:48,892 INFO grid_skip_completed dataset=erdos_renyi perturbation=triangle_insertion alpha=0.9 seed=2
2026-06-18 22:17:48,893 INFO grid_skip_completed dataset=erdos_renyi perturbation=triangle_insertion alpha=1.0 seed=2
2026-06-18 22:17:48,893 INFO grid_skip_completed dataset=erdos_renyi perturbation=triangle_deletion alpha=0.0 seed=2
2026-06-18 22:17:48,893 INFO grid_skip_completed dataset=erdos_renyi perturbation=triangle_deletion alpha=0.1 seed=2
2026-06-18 22:17:48,893 INFO grid_skip_completed dataset=erdos_renyi perturbation=triangle_deletion alpha=0.2 seed=2
2026-06-18 22:17:48,893 INFO grid_skip_completed dataset=erdos_renyi perturbation=triangle_deletion alpha=0.3 seed=2
2026-06-18 22:17:48,893 INFO grid_skip_completed dataset=erdos_renyi perturbation=triangle_deletion alpha=0.4 seed=2
2026-06-18 22:17:48,893 INFO grid_skip_completed dataset=erdos_renyi perturbation=triangle_deletion alpha=0.5 seed=2
2026-06-18 22:17:48,893 INFO grid_skip_completed dataset=erdos_renyi perturbation=triangle_deletion alpha=0.6 seed=2
2026-06-18 22:17:48,893 INFO grid_skip_completed dataset=erdos_renyi perturbation=triangle_deletion alpha=0.7 seed=2
2026-06-18 22:17:48,893 INFO grid_skip_completed dataset=erdos_renyi perturbation=triangle_deletion alpha=0.8 seed=2
2026-06-18 22:17:48,893 INFO grid_skip_completed dataset=erdos_renyi perturbation=triangle_deletion alpha=0.9 seed=2
2026-06-18 22:17:48,893 INFO grid_skip_completed dataset=erdos_renyi perturbation=triangle_deletion alpha=1.0 seed=2
2026-06-18 22:17:48,893 INFO grid_skip_completed dataset=erdos_renyi perturbation=community_weakening alpha=0.0 seed=2
2026-06-18 22:17:48,893 INFO grid_skip_completed dataset=erdos_renyi perturbation=community_weakening alpha=0.1 seed=2
2026-06-18 22:17:48,893 INFO grid_skip_completed dataset=erdos_renyi perturbation=community_weakening alpha=0.2 seed=2
2026-06-18 22:17:48,893 INFO grid_skip_completed dataset=erdos_renyi perturbation=community_weakening alpha=0.3 seed=2
2026-06-18 22:17:48,893 INFO grid_skip_completed dataset=erdos_renyi perturbation=community_weakening alpha=0.4 seed=2
2026-06-18 22:17:48,893 INFO grid_skip_completed dataset=erdos_renyi perturbation=community_weakening alpha=0.5 seed=2
2026-06-18 22:17:48,894 INFO grid_skip_completed dataset=erdos_renyi perturbation=community_weakening alpha=0.6 seed=2
2026-06-18 22:17:48,894 INFO grid_skip_completed dataset=erdos_renyi perturbation=community_weakening alpha=0.7 seed=2
2026-06-18 22:17:48,894 INFO grid_skip_completed dataset=erdos_renyi perturbation=community_weakening alpha=0.8 seed=2
2026-06-18 22:17:48,894 INFO grid_skip_completed dataset=erdos_renyi perturbation=community_weakening alpha=0.9 seed=2
2026-06-18 22:17:48,894 INFO grid_skip_completed dataset=erdos_renyi perturbation=community_weakening alpha=1.0 seed=2
2026-06-18 22:17:48,894 INFO grid_skip_completed dataset=erdos_renyi perturbation=hub_modification alpha=0.0 seed=2
2026-06-18 22:17:48,894 INFO grid_skip_completed dataset=erdos_renyi perturbation=hub_modification alpha=0.1 seed=2
2026-06-18 22:17:48,894 INFO grid_skip_completed dataset=erdos_renyi perturbation=hub_modification alpha=0.2 seed=2
2026-06-18 22:17:48,894 INFO grid_skip_completed dataset=erdos_renyi perturbation=hub_modification alpha=0.3 seed=2
2026-06-18 22:17:48,894 INFO grid_skip_completed dataset=erdos_renyi perturbation=hub_modification alpha=0.4 seed=2
2026-06-18 22:17:48,894 INFO grid_skip_completed dataset=erdos_renyi perturbation=hub_modification alpha=0.5 seed=2
2026-06-18 22:17:48,894 INFO grid_skip_completed dataset=erdos_renyi perturbation=hub_modification alpha=0.6 seed=2
2026-06-18 22:17:48,894 INFO grid_skip_completed dataset=erdos_renyi perturbation=hub_modification alpha=0.7 seed=2
2026-06-18 22:17:48,894 INFO grid_skip_completed dataset=erdos_renyi perturbation=hub_modification alpha=0.8 seed=2
2026-06-18 22:17:48,894 INFO grid_skip_completed dataset=erdos_renyi perturbation=hub_modification alpha=0.9 seed=2
2026-06-18 22:17:48,894 INFO grid_skip_completed dataset=erdos_renyi perturbation=hub_modification alpha=1.0 seed=2
2026-06-18 22:17:48,894 INFO grid_skip_completed dataset=stochastic_block_model perturbation=edge_insertion alpha=0.0 seed=2
2026-06-18 22:17:48,894 INFO grid_skip_completed dataset=stochastic_block_model perturbation=edge_insertion alpha=0.1 seed=2
2026-06-18 22:17:48,894 INFO grid_skip_completed dataset=stochastic_block_model perturbation=edge_insertion alpha=0.2 seed=2
2026-06-18 22:17:48,895 INFO grid_skip_completed dataset=stochastic_block_model perturbation=edge_insertion alpha=0.3 seed=2
2026-06-18 22:17:48,895 INFO grid_skip_completed dataset=stochastic_block_model perturbation=edge_insertion alpha=0.4 seed=2
2026-06-18 22:17:48,895 INFO grid_skip_completed dataset=stochastic_block_model perturbation=edge_insertion alpha=0.5 seed=2
2026-06-18 22:17:48,895 INFO grid_skip_completed dataset=stochastic_block_model perturbation=edge_insertion alpha=0.6 seed=2
2026-06-18 22:17:48,895 INFO grid_skip_completed dataset=stochastic_block_model perturbation=edge_insertion alpha=0.7 seed=2
2026-06-18 22:17:48,895 INFO grid_skip_completed dataset=stochastic_block_model perturbation=edge_insertion alpha=0.8 seed=2
2026-06-18 22:17:48,895 INFO grid_skip_completed dataset=stochastic_block_model perturbation=edge_insertion alpha=0.9 seed=2
2026-06-18 22:17:48,895 INFO grid_skip_completed dataset=stochastic_block_model perturbation=edge_insertion alpha=1.0 seed=2
2026-06-18 22:17:48,895 INFO grid_skip_completed dataset=stochastic_block_model perturbation=edge_deletion alpha=0.0 seed=2
2026-06-18 22:17:48,895 INFO grid_skip_completed dataset=stochastic_block_model perturbation=edge_deletion alpha=0.1 seed=2
2026-06-18 22:17:48,895 INFO grid_skip_completed dataset=stochastic_block_model perturbation=edge_deletion alpha=0.2 seed=2
2026-06-18 22:17:48,895 INFO grid_skip_completed dataset=stochastic_block_model perturbation=edge_deletion alpha=0.3 seed=2
2026-06-18 22:17:48,895 INFO grid_skip_completed dataset=stochastic_block_model perturbation=edge_deletion alpha=0.4 seed=2
2026-06-18 22:17:48,895 INFO grid_skip_completed dataset=stochastic_block_model perturbation=edge_deletion alpha=0.5 seed=2
2026-06-18 22:17:48,895 INFO grid_skip_completed dataset=stochastic_block_model perturbation=edge_deletion alpha=0.6 seed=2
2026-06-18 22:17:48,895 INFO grid_skip_completed dataset=stochastic_block_model perturbation=edge_deletion alpha=0.7 seed=2
2026-06-18 22:17:48,895 INFO grid_skip_completed dataset=stochastic_block_model perturbation=edge_deletion alpha=0.8 seed=2
2026-06-18 22:17:48,895 INFO grid_skip_completed dataset=stochastic_block_model perturbation=edge_deletion alpha=0.9 seed=2
2026-06-18 22:17:48,895 INFO grid_skip_completed dataset=stochastic_block_model perturbation=edge_deletion alpha=1.0 seed=2
2026-06-18 22:17:48,896 INFO grid_skip_completed dataset=stochastic_block_model perturbation=triangle_insertion alpha=0.0 seed=2
2026-06-18 22:17:48,896 INFO grid_skip_completed dataset=stochastic_block_model perturbation=triangle_insertion alpha=0.1 seed=2
2026-06-18 22:17:48,896 INFO grid_skip_completed dataset=stochastic_block_model perturbation=triangle_insertion alpha=0.2 seed=2
2026-06-18 22:17:48,896 INFO grid_skip_completed dataset=stochastic_block_model perturbation=triangle_insertion alpha=0.3 seed=2
2026-06-18 22:17:48,896 INFO grid_skip_completed dataset=stochastic_block_model perturbation=triangle_insertion alpha=0.4 seed=2
2026-06-18 22:17:48,896 INFO grid_skip_completed dataset=stochastic_block_model perturbation=triangle_insertion alpha=0.5 seed=2
2026-06-18 22:17:48,896 INFO grid_skip_completed dataset=stochastic_block_model perturbation=triangle_insertion alpha=0.6 seed=2
2026-06-18 22:17:48,896 INFO grid_skip_completed dataset=stochastic_block_model perturbation=triangle_insertion alpha=0.7 seed=2
2026-06-18 22:17:48,896 INFO grid_skip_completed dataset=stochastic_block_model perturbation=triangle_insertion alpha=0.8 seed=2
2026-06-18 22:17:48,896 INFO grid_skip_completed dataset=stochastic_block_model perturbation=triangle_insertion alpha=0.9 seed=2
2026-06-18 22:17:48,896 INFO grid_skip_completed dataset=stochastic_block_model perturbation=triangle_insertion alpha=1.0 seed=2
2026-06-18 22:17:48,896 INFO grid_skip_completed dataset=stochastic_block_model perturbation=triangle_deletion alpha=0.0 seed=2
2026-06-18 22:17:48,896 INFO grid_skip_completed dataset=stochastic_block_model perturbation=triangle_deletion alpha=0.1 seed=2
2026-06-18 22:17:48,896 INFO grid_skip_completed dataset=stochastic_block_model perturbation=triangle_deletion alpha=0.2 seed=2
2026-06-18 22:17:48,896 INFO grid_skip_completed dataset=stochastic_block_model perturbation=triangle_deletion alpha=0.3 seed=2
2026-06-18 22:17:48,896 INFO grid_skip_completed dataset=stochastic_block_model perturbation=triangle_deletion alpha=0.4 seed=2
2026-06-18 22:17:48,896 INFO grid_skip_completed dataset=stochastic_block_model perturbation=triangle_deletion alpha=0.5 seed=2
2026-06-18 22:17:48,896 INFO grid_skip_completed dataset=stochastic_block_model perturbation=triangle_deletion alpha=0.6 seed=2
2026-06-18 22:17:48,896 INFO grid_skip_completed dataset=stochastic_block_model perturbation=triangle_deletion alpha=0.7 seed=2
2026-06-18 22:17:48,897 INFO grid_skip_completed dataset=stochastic_block_model perturbation=triangle_deletion alpha=0.8 seed=2
2026-06-18 22:17:48,897 INFO grid_skip_completed dataset=stochastic_block_model perturbation=triangle_deletion alpha=0.9 seed=2
2026-06-18 22:17:48,897 INFO grid_skip_completed dataset=stochastic_block_model perturbation=triangle_deletion alpha=1.0 seed=2
2026-06-18 22:17:48,897 INFO grid_skip_completed dataset=stochastic_block_model perturbation=community_weakening alpha=0.0 seed=2
2026-06-18 22:17:48,897 INFO grid_skip_completed dataset=stochastic_block_model perturbation=community_weakening alpha=0.1 seed=2
2026-06-18 22:17:48,897 INFO grid_skip_completed dataset=stochastic_block_model perturbation=community_weakening alpha=0.2 seed=2
2026-06-18 22:17:48,897 INFO grid_skip_completed dataset=stochastic_block_model perturbation=community_weakening alpha=0.3 seed=2
2026-06-18 22:17:48,897 INFO grid_skip_completed dataset=stochastic_block_model perturbation=community_weakening alpha=0.4 seed=2
2026-06-18 22:17:48,897 INFO grid_skip_completed dataset=stochastic_block_model perturbation=community_weakening alpha=0.5 seed=2
2026-06-18 22:17:48,897 INFO grid_skip_completed dataset=stochastic_block_model perturbation=community_weakening alpha=0.6 seed=2
2026-06-18 22:17:48,897 INFO grid_skip_completed dataset=stochastic_block_model perturbation=community_weakening alpha=0.7 seed=2
2026-06-18 22:17:48,897 INFO grid_skip_completed dataset=stochastic_block_model perturbation=community_weakening alpha=0.8 seed=2
2026-06-18 22:17:48,897 INFO grid_skip_completed dataset=stochastic_block_model perturbation=community_weakening alpha=0.9 seed=2
2026-06-18 22:17:48,897 INFO grid_skip_completed dataset=stochastic_block_model perturbation=community_weakening alpha=1.0 seed=2
2026-06-18 22:17:48,897 INFO grid_skip_completed dataset=stochastic_block_model perturbation=hub_modification alpha=0.0 seed=2
2026-06-18 22:17:48,897 INFO grid_skip_completed dataset=stochastic_block_model perturbation=hub_modification alpha=0.1 seed=2
2026-06-18 22:17:48,897 INFO grid_skip_completed dataset=stochastic_block_model perturbation=hub_modification alpha=0.2 seed=2
2026-06-18 22:17:48,897 INFO grid_skip_completed dataset=stochastic_block_model perturbation=hub_modification alpha=0.3 seed=2
2026-06-18 22:17:48,897 INFO grid_skip_completed dataset=stochastic_block_model perturbation=hub_modification alpha=0.4 seed=2
2026-06-18 22:17:48,898 INFO grid_skip_completed dataset=stochastic_block_model perturbation=hub_modification alpha=0.5 seed=2
2026-06-18 22:17:48,898 INFO grid_skip_completed dataset=stochastic_block_model perturbation=hub_modification alpha=0.6 seed=2
2026-06-18 22:17:48,898 INFO grid_skip_completed dataset=stochastic_block_model perturbation=hub_modification alpha=0.7 seed=2
2026-06-18 22:17:48,898 INFO grid_skip_completed dataset=stochastic_block_model perturbation=hub_modification alpha=0.8 seed=2
2026-06-18 22:17:48,898 INFO grid_skip_completed dataset=stochastic_block_model perturbation=hub_modification alpha=0.9 seed=2
2026-06-18 22:17:48,898 INFO grid_skip_completed dataset=stochastic_block_model perturbation=hub_modification alpha=1.0 seed=2
2026-06-18 22:17:48,898 INFO grid_skip_completed dataset=barabasi_albert perturbation=edge_insertion alpha=0.0 seed=2
2026-06-18 22:17:48,898 INFO grid_skip_completed dataset=barabasi_albert perturbation=edge_insertion alpha=0.1 seed=2
2026-06-18 22:17:48,898 INFO grid_skip_completed dataset=barabasi_albert perturbation=edge_insertion alpha=0.2 seed=2
2026-06-18 22:17:48,898 INFO grid_skip_completed dataset=barabasi_albert perturbation=edge_insertion alpha=0.3 seed=2
2026-06-18 22:17:48,898 INFO grid_skip_completed dataset=barabasi_albert perturbation=edge_insertion alpha=0.4 seed=2
2026-06-18 22:17:48,898 INFO grid_skip_completed dataset=barabasi_albert perturbation=edge_insertion alpha=0.5 seed=2
2026-06-18 22:17:48,898 INFO grid_skip_completed dataset=barabasi_albert perturbation=edge_insertion alpha=0.6 seed=2
2026-06-18 22:17:48,898 INFO grid_skip_completed dataset=barabasi_albert perturbation=edge_insertion alpha=0.7 seed=2
2026-06-18 22:17:48,898 INFO grid_skip_completed dataset=barabasi_albert perturbation=edge_insertion alpha=0.8 seed=2
2026-06-18 22:17:48,898 INFO grid_skip_completed dataset=barabasi_albert perturbation=edge_insertion alpha=0.9 seed=2
2026-06-18 22:17:48,898 INFO grid_skip_completed dataset=barabasi_albert perturbation=edge_insertion alpha=1.0 seed=2
2026-06-18 22:17:48,898 INFO grid_skip_completed dataset=barabasi_albert perturbation=edge_deletion alpha=0.0 seed=2
2026-06-18 22:17:48,898 INFO grid_skip_completed dataset=barabasi_albert perturbation=edge_deletion alpha=0.1 seed=2
2026-06-18 22:17:48,898 INFO grid_skip_completed dataset=barabasi_albert perturbation=edge_deletion alpha=0.2 seed=2
2026-06-18 22:17:48,899 INFO grid_skip_completed dataset=barabasi_albert perturbation=edge_deletion alpha=0.3 seed=2
2026-06-18 22:17:48,899 INFO grid_skip_completed dataset=barabasi_albert perturbation=edge_deletion alpha=0.4 seed=2
2026-06-18 22:17:48,899 INFO grid_skip_completed dataset=barabasi_albert perturbation=edge_deletion alpha=0.5 seed=2
2026-06-18 22:17:48,899 INFO grid_skip_completed dataset=barabasi_albert perturbation=edge_deletion alpha=0.6 seed=2
2026-06-18 22:17:48,899 INFO grid_skip_completed dataset=barabasi_albert perturbation=edge_deletion alpha=0.7 seed=2
2026-06-18 22:17:48,899 INFO grid_skip_completed dataset=barabasi_albert perturbation=edge_deletion alpha=0.8 seed=2
2026-06-18 22:17:48,899 INFO grid_skip_completed dataset=barabasi_albert perturbation=edge_deletion alpha=0.9 seed=2
2026-06-18 22:17:48,899 INFO grid_skip_completed dataset=barabasi_albert perturbation=edge_deletion alpha=1.0 seed=2
2026-06-18 22:17:48,899 INFO grid_skip_completed dataset=barabasi_albert perturbation=triangle_insertion alpha=0.0 seed=2
2026-06-18 22:17:48,899 INFO grid_skip_completed dataset=barabasi_albert perturbation=triangle_insertion alpha=0.1 seed=2
2026-06-18 22:17:48,899 INFO grid_skip_completed dataset=barabasi_albert perturbation=triangle_insertion alpha=0.2 seed=2
2026-06-18 22:17:48,899 INFO grid_skip_completed dataset=barabasi_albert perturbation=triangle_insertion alpha=0.3 seed=2
2026-06-18 22:17:48,899 INFO grid_skip_completed dataset=barabasi_albert perturbation=triangle_insertion alpha=0.4 seed=2
2026-06-18 22:17:48,899 INFO grid_skip_completed dataset=barabasi_albert perturbation=triangle_insertion alpha=0.5 seed=2
2026-06-18 22:17:48,899 INFO grid_skip_completed dataset=barabasi_albert perturbation=triangle_insertion alpha=0.6 seed=2
2026-06-18 22:17:48,899 INFO grid_skip_completed dataset=barabasi_albert perturbation=triangle_insertion alpha=0.7 seed=2
2026-06-18 22:17:48,899 INFO grid_skip_completed dataset=barabasi_albert perturbation=triangle_insertion alpha=0.8 seed=2
2026-06-18 22:17:48,899 INFO grid_skip_completed dataset=barabasi_albert perturbation=triangle_insertion alpha=0.9 seed=2
2026-06-18 22:17:48,899 INFO grid_skip_completed dataset=barabasi_albert perturbation=triangle_insertion alpha=1.0 seed=2
2026-06-18 22:17:48,900 INFO grid_skip_completed dataset=barabasi_albert perturbation=triangle_deletion alpha=0.0 seed=2
2026-06-18 22:17:48,900 INFO grid_skip_completed dataset=barabasi_albert perturbation=triangle_deletion alpha=0.1 seed=2
2026-06-18 22:17:48,900 INFO grid_skip_completed dataset=barabasi_albert perturbation=triangle_deletion alpha=0.2 seed=2
2026-06-18 22:17:48,900 INFO grid_skip_completed dataset=barabasi_albert perturbation=triangle_deletion alpha=0.3 seed=2
2026-06-18 22:17:48,900 INFO grid_skip_completed dataset=barabasi_albert perturbation=triangle_deletion alpha=0.4 seed=2
2026-06-18 22:17:48,900 INFO grid_skip_completed dataset=barabasi_albert perturbation=triangle_deletion alpha=0.5 seed=2
2026-06-18 22:17:48,900 INFO grid_skip_completed dataset=barabasi_albert perturbation=triangle_deletion alpha=0.6 seed=2
2026-06-18 22:17:48,900 INFO grid_skip_completed dataset=barabasi_albert perturbation=triangle_deletion alpha=0.7 seed=2
2026-06-18 22:17:48,900 INFO grid_skip_completed dataset=barabasi_albert perturbation=triangle_deletion alpha=0.8 seed=2
2026-06-18 22:17:48,900 INFO grid_skip_completed dataset=barabasi_albert perturbation=triangle_deletion alpha=0.9 seed=2
2026-06-18 22:17:48,900 INFO grid_skip_completed dataset=barabasi_albert perturbation=triangle_deletion alpha=1.0 seed=2
2026-06-18 22:17:48,900 INFO grid_skip_completed dataset=barabasi_albert perturbation=community_weakening alpha=0.0 seed=2
2026-06-18 22:17:48,900 INFO grid_skip_completed dataset=barabasi_albert perturbation=community_weakening alpha=0.1 seed=2
2026-06-18 22:17:48,900 INFO grid_skip_completed dataset=barabasi_albert perturbation=community_weakening alpha=0.2 seed=2
2026-06-18 22:17:48,900 INFO grid_skip_completed dataset=barabasi_albert perturbation=community_weakening alpha=0.3 seed=2
2026-06-18 22:17:48,900 INFO grid_skip_completed dataset=barabasi_albert perturbation=community_weakening alpha=0.4 seed=2
2026-06-18 22:17:48,900 INFO grid_skip_completed dataset=barabasi_albert perturbation=community_weakening alpha=0.5 seed=2
2026-06-18 22:17:48,900 INFO grid_skip_completed dataset=barabasi_albert perturbation=community_weakening alpha=0.6 seed=2
2026-06-18 22:17:48,900 INFO grid_skip_completed dataset=barabasi_albert perturbation=community_weakening alpha=0.7 seed=2
2026-06-18 22:17:48,901 INFO grid_skip_completed dataset=barabasi_albert perturbation=community_weakening alpha=0.8 seed=2
2026-06-18 22:17:48,901 INFO grid_skip_completed dataset=barabasi_albert perturbation=community_weakening alpha=0.9 seed=2
2026-06-18 22:17:48,901 INFO grid_skip_completed dataset=barabasi_albert perturbation=community_weakening alpha=1.0 seed=2
2026-06-18 22:17:48,901 INFO grid_skip_completed dataset=barabasi_albert perturbation=hub_modification alpha=0.0 seed=2
2026-06-18 22:17:48,901 INFO grid_skip_completed dataset=barabasi_albert perturbation=hub_modification alpha=0.1 seed=2
2026-06-18 22:17:48,901 INFO grid_skip_completed dataset=barabasi_albert perturbation=hub_modification alpha=0.2 seed=2
2026-06-18 22:17:48,901 INFO grid_skip_completed dataset=barabasi_albert perturbation=hub_modification alpha=0.3 seed=2
2026-06-18 22:17:48,901 INFO grid_skip_completed dataset=barabasi_albert perturbation=hub_modification alpha=0.4 seed=2
2026-06-18 22:17:48,901 INFO grid_skip_completed dataset=barabasi_albert perturbation=hub_modification alpha=0.5 seed=2
2026-06-18 22:17:48,901 INFO grid_skip_completed dataset=barabasi_albert perturbation=hub_modification alpha=0.6 seed=2
2026-06-18 22:17:48,901 INFO grid_skip_completed dataset=barabasi_albert perturbation=hub_modification alpha=0.7 seed=2
2026-06-18 22:17:48,901 INFO grid_skip_completed dataset=barabasi_albert perturbation=hub_modification alpha=0.8 seed=2
2026-06-18 22:17:48,901 INFO grid_skip_completed dataset=barabasi_albert perturbation=hub_modification alpha=0.9 seed=2
2026-06-18 22:17:48,901 INFO grid_skip_completed dataset=barabasi_albert perturbation=hub_modification alpha=1.0 seed=2
2026-06-18 22:17:48,901 INFO grid_skip_completed dataset=erdos_renyi perturbation=edge_insertion alpha=0.0 seed=3
2026-06-18 22:17:48,901 INFO grid_skip_completed dataset=erdos_renyi perturbation=edge_insertion alpha=0.1 seed=3
2026-06-18 22:17:48,901 INFO grid_skip_completed dataset=erdos_renyi perturbation=edge_insertion alpha=0.2 seed=3
2026-06-18 22:17:48,901 INFO grid_skip_completed dataset=erdos_renyi perturbation=edge_insertion alpha=0.3 seed=3
2026-06-18 22:17:48,901 INFO grid_skip_completed dataset=erdos_renyi perturbation=edge_insertion alpha=0.4 seed=3
2026-06-18 22:17:48,902 INFO grid_skip_completed dataset=erdos_renyi perturbation=edge_insertion alpha=0.5 seed=3
2026-06-18 22:17:48,902 INFO grid_skip_completed dataset=erdos_renyi perturbation=edge_insertion alpha=0.6 seed=3
2026-06-18 22:17:48,902 INFO grid_skip_completed dataset=erdos_renyi perturbation=edge_insertion alpha=0.7 seed=3
2026-06-18 22:17:48,902 INFO grid_skip_completed dataset=erdos_renyi perturbation=edge_insertion alpha=0.8 seed=3
2026-06-18 22:17:48,902 INFO grid_skip_completed dataset=erdos_renyi perturbation=edge_insertion alpha=0.9 seed=3
2026-06-18 22:17:48,902 INFO grid_skip_completed dataset=erdos_renyi perturbation=edge_insertion alpha=1.0 seed=3
2026-06-18 22:17:48,902 INFO grid_skip_completed dataset=erdos_renyi perturbation=edge_deletion alpha=0.0 seed=3
2026-06-18 22:17:48,902 INFO grid_skip_completed dataset=erdos_renyi perturbation=edge_deletion alpha=0.1 seed=3
2026-06-18 22:17:48,902 INFO grid_skip_completed dataset=erdos_renyi perturbation=edge_deletion alpha=0.2 seed=3
2026-06-18 22:17:48,902 INFO grid_skip_completed dataset=erdos_renyi perturbation=edge_deletion alpha=0.3 seed=3
2026-06-18 22:17:48,902 INFO grid_skip_completed dataset=erdos_renyi perturbation=edge_deletion alpha=0.4 seed=3
2026-06-18 22:17:48,902 INFO grid_skip_completed dataset=erdos_renyi perturbation=edge_deletion alpha=0.5 seed=3
2026-06-18 22:17:48,902 INFO grid_skip_completed dataset=erdos_renyi perturbation=edge_deletion alpha=0.6 seed=3
2026-06-18 22:17:48,902 INFO grid_skip_completed dataset=erdos_renyi perturbation=edge_deletion alpha=0.7 seed=3
2026-06-18 22:17:48,902 INFO grid_skip_completed dataset=erdos_renyi perturbation=edge_deletion alpha=0.8 seed=3
2026-06-18 22:17:48,902 INFO grid_skip_completed dataset=erdos_renyi perturbation=edge_deletion alpha=0.9 seed=3
2026-06-18 22:17:48,902 INFO grid_skip_completed dataset=erdos_renyi perturbation=edge_deletion alpha=1.0 seed=3
2026-06-18 22:17:48,902 INFO grid_skip_completed dataset=erdos_renyi perturbation=triangle_insertion alpha=0.0 seed=3
2026-06-18 22:17:48,902 INFO grid_skip_completed dataset=erdos_renyi perturbation=triangle_insertion alpha=0.1 seed=3
2026-06-18 22:17:48,903 INFO grid_skip_completed dataset=erdos_renyi perturbation=triangle_insertion alpha=0.2 seed=3
2026-06-18 22:17:48,903 INFO grid_skip_completed dataset=erdos_renyi perturbation=triangle_insertion alpha=0.3 seed=3
2026-06-18 22:17:48,903 INFO grid_skip_completed dataset=erdos_renyi perturbation=triangle_insertion alpha=0.4 seed=3
2026-06-18 22:17:48,903 INFO grid_skip_completed dataset=erdos_renyi perturbation=triangle_insertion alpha=0.5 seed=3
2026-06-18 22:17:48,903 INFO grid_skip_completed dataset=erdos_renyi perturbation=triangle_insertion alpha=0.6 seed=3
2026-06-18 22:17:48,903 INFO grid_skip_completed dataset=erdos_renyi perturbation=triangle_insertion alpha=0.7 seed=3
2026-06-18 22:17:48,903 INFO grid_skip_completed dataset=erdos_renyi perturbation=triangle_insertion alpha=0.8 seed=3
2026-06-18 22:17:48,903 INFO grid_skip_completed dataset=erdos_renyi perturbation=triangle_insertion alpha=0.9 seed=3
2026-06-18 22:17:48,903 INFO grid_skip_completed dataset=erdos_renyi perturbation=triangle_insertion alpha=1.0 seed=3
2026-06-18 22:17:48,903 INFO grid_skip_completed dataset=erdos_renyi perturbation=triangle_deletion alpha=0.0 seed=3
2026-06-18 22:17:48,903 INFO grid_skip_completed dataset=erdos_renyi perturbation=triangle_deletion alpha=0.1 seed=3
2026-06-18 22:17:48,903 INFO grid_skip_completed dataset=erdos_renyi perturbation=triangle_deletion alpha=0.2 seed=3
2026-06-18 22:17:48,903 INFO grid_skip_completed dataset=erdos_renyi perturbation=triangle_deletion alpha=0.3 seed=3
2026-06-18 22:17:48,903 INFO grid_skip_completed dataset=erdos_renyi perturbation=triangle_deletion alpha=0.4 seed=3
2026-06-18 22:17:48,903 INFO grid_skip_completed dataset=erdos_renyi perturbation=triangle_deletion alpha=0.5 seed=3
2026-06-18 22:17:48,903 INFO grid_skip_completed dataset=erdos_renyi perturbation=triangle_deletion alpha=0.6 seed=3
2026-06-18 22:17:48,903 INFO grid_skip_completed dataset=erdos_renyi perturbation=triangle_deletion alpha=0.7 seed=3
2026-06-18 22:17:48,903 INFO grid_skip_completed dataset=erdos_renyi perturbation=triangle_deletion alpha=0.8 seed=3
2026-06-18 22:17:48,903 INFO grid_skip_completed dataset=erdos_renyi perturbation=triangle_deletion alpha=0.9 seed=3
2026-06-18 22:17:48,904 INFO grid_skip_completed dataset=erdos_renyi perturbation=triangle_deletion alpha=1.0 seed=3
2026-06-18 22:17:48,904 INFO grid_skip_completed dataset=erdos_renyi perturbation=community_weakening alpha=0.0 seed=3
2026-06-18 22:17:48,904 INFO grid_skip_completed dataset=erdos_renyi perturbation=community_weakening alpha=0.1 seed=3
2026-06-18 22:17:48,904 INFO grid_skip_completed dataset=erdos_renyi perturbation=community_weakening alpha=0.2 seed=3
2026-06-18 22:17:48,904 INFO grid_skip_completed dataset=erdos_renyi perturbation=community_weakening alpha=0.3 seed=3
2026-06-18 22:17:48,904 INFO grid_skip_completed dataset=erdos_renyi perturbation=community_weakening alpha=0.4 seed=3
2026-06-18 22:17:48,904 INFO grid_skip_completed dataset=erdos_renyi perturbation=community_weakening alpha=0.5 seed=3
2026-06-18 22:17:48,904 INFO grid_skip_completed dataset=erdos_renyi perturbation=community_weakening alpha=0.6 seed=3
2026-06-18 22:17:48,904 INFO grid_skip_completed dataset=erdos_renyi perturbation=community_weakening alpha=0.7 seed=3
2026-06-18 22:17:48,904 INFO grid_skip_completed dataset=erdos_renyi perturbation=community_weakening alpha=0.8 seed=3
2026-06-18 22:17:48,904 INFO grid_skip_completed dataset=erdos_renyi perturbation=community_weakening alpha=0.9 seed=3
2026-06-18 22:17:48,904 INFO grid_skip_completed dataset=erdos_renyi perturbation=community_weakening alpha=1.0 seed=3
2026-06-18 22:17:48,904 INFO grid_skip_completed dataset=erdos_renyi perturbation=hub_modification alpha=0.0 seed=3
2026-06-18 22:17:48,904 INFO grid_skip_completed dataset=erdos_renyi perturbation=hub_modification alpha=0.1 seed=3
2026-06-18 22:17:48,904 INFO grid_skip_completed dataset=erdos_renyi perturbation=hub_modification alpha=0.2 seed=3
2026-06-18 22:17:48,904 INFO grid_skip_completed dataset=erdos_renyi perturbation=hub_modification alpha=0.3 seed=3
2026-06-18 22:17:48,904 INFO grid_skip_completed dataset=erdos_renyi perturbation=hub_modification alpha=0.4 seed=3
2026-06-18 22:17:48,904 INFO grid_skip_completed dataset=erdos_renyi perturbation=hub_modification alpha=0.5 seed=3
2026-06-18 22:17:48,904 INFO grid_skip_completed dataset=erdos_renyi perturbation=hub_modification alpha=0.6 seed=3
2026-06-18 22:17:48,904 INFO grid_skip_completed dataset=erdos_renyi perturbation=hub_modification alpha=0.7 seed=3
2026-06-18 22:17:48,905 INFO grid_skip_completed dataset=erdos_renyi perturbation=hub_modification alpha=0.8 seed=3
2026-06-18 22:17:48,905 INFO grid_skip_completed dataset=erdos_renyi perturbation=hub_modification alpha=0.9 seed=3
2026-06-18 22:17:48,905 INFO grid_skip_completed dataset=erdos_renyi perturbation=hub_modification alpha=1.0 seed=3
2026-06-18 22:17:48,905 INFO grid_skip_completed dataset=stochastic_block_model perturbation=edge_insertion alpha=0.0 seed=3
2026-06-18 22:17:48,905 INFO grid_skip_completed dataset=stochastic_block_model perturbation=edge_insertion alpha=0.1 seed=3
2026-06-18 22:17:48,905 INFO grid_skip_completed dataset=stochastic_block_model perturbation=edge_insertion alpha=0.2 seed=3
2026-06-18 22:17:48,905 INFO grid_skip_completed dataset=stochastic_block_model perturbation=edge_insertion alpha=0.3 seed=3
2026-06-18 22:17:48,905 INFO grid_skip_completed dataset=stochastic_block_model perturbation=edge_insertion alpha=0.4 seed=3
2026-06-18 22:17:48,905 INFO grid_skip_completed dataset=stochastic_block_model perturbation=edge_insertion alpha=0.5 seed=3
2026-06-18 22:17:48,905 INFO grid_skip_completed dataset=stochastic_block_model perturbation=edge_insertion alpha=0.6 seed=3
2026-06-18 22:17:48,905 INFO grid_skip_completed dataset=stochastic_block_model perturbation=edge_insertion alpha=0.7 seed=3
2026-06-18 22:17:48,905 INFO grid_skip_completed dataset=stochastic_block_model perturbation=edge_insertion alpha=0.8 seed=3
2026-06-18 22:17:48,905 INFO grid_skip_completed dataset=stochastic_block_model perturbation=edge_insertion alpha=0.9 seed=3
2026-06-18 22:17:48,905 INFO grid_skip_completed dataset=stochastic_block_model perturbation=edge_insertion alpha=1.0 seed=3
2026-06-18 22:17:48,905 INFO grid_skip_completed dataset=stochastic_block_model perturbation=edge_deletion alpha=0.0 seed=3
2026-06-18 22:17:48,905 INFO grid_skip_completed dataset=stochastic_block_model perturbation=edge_deletion alpha=0.1 seed=3
2026-06-18 22:17:48,905 INFO grid_skip_completed dataset=stochastic_block_model perturbation=edge_deletion alpha=0.2 seed=3
2026-06-18 22:17:48,905 INFO grid_skip_completed dataset=stochastic_block_model perturbation=edge_deletion alpha=0.3 seed=3
2026-06-18 22:17:48,905 INFO grid_skip_completed dataset=stochastic_block_model perturbation=edge_deletion alpha=0.4 seed=3
2026-06-18 22:17:48,906 INFO grid_skip_completed dataset=stochastic_block_model perturbation=edge_deletion alpha=0.5 seed=3
2026-06-18 22:17:48,906 INFO grid_skip_completed dataset=stochastic_block_model perturbation=edge_deletion alpha=0.6 seed=3
2026-06-18 22:17:48,906 INFO grid_skip_completed dataset=stochastic_block_model perturbation=edge_deletion alpha=0.7 seed=3
2026-06-18 22:17:48,906 INFO grid_skip_completed dataset=stochastic_block_model perturbation=edge_deletion alpha=0.8 seed=3
2026-06-18 22:17:48,906 INFO grid_skip_completed dataset=stochastic_block_model perturbation=edge_deletion alpha=0.9 seed=3
2026-06-18 22:17:48,906 INFO grid_skip_completed dataset=stochastic_block_model perturbation=edge_deletion alpha=1.0 seed=3
2026-06-18 22:17:48,906 INFO grid_skip_completed dataset=stochastic_block_model perturbation=triangle_insertion alpha=0.0 seed=3
2026-06-18 22:17:48,906 INFO grid_skip_completed dataset=stochastic_block_model perturbation=triangle_insertion alpha=0.1 seed=3
2026-06-18 22:17:48,906 INFO grid_skip_completed dataset=stochastic_block_model perturbation=triangle_insertion alpha=0.2 seed=3
2026-06-18 22:17:48,906 INFO grid_skip_completed dataset=stochastic_block_model perturbation=triangle_insertion alpha=0.3 seed=3
2026-06-18 22:17:48,906 INFO grid_skip_completed dataset=stochastic_block_model perturbation=triangle_insertion alpha=0.4 seed=3
2026-06-18 22:17:48,906 INFO grid_skip_completed dataset=stochastic_block_model perturbation=triangle_insertion alpha=0.5 seed=3
2026-06-18 22:17:48,906 INFO grid_skip_completed dataset=stochastic_block_model perturbation=triangle_insertion alpha=0.6 seed=3
2026-06-18 22:17:48,906 INFO grid_skip_completed dataset=stochastic_block_model perturbation=triangle_insertion alpha=0.7 seed=3
2026-06-18 22:17:48,906 INFO grid_skip_completed dataset=stochastic_block_model perturbation=triangle_insertion alpha=0.8 seed=3
2026-06-18 22:17:48,906 INFO grid_skip_completed dataset=stochastic_block_model perturbation=triangle_insertion alpha=0.9 seed=3
2026-06-18 22:17:48,906 INFO grid_skip_completed dataset=stochastic_block_model perturbation=triangle_insertion alpha=1.0 seed=3
2026-06-18 22:17:48,906 INFO grid_skip_completed dataset=stochastic_block_model perturbation=triangle_deletion alpha=0.0 seed=3
2026-06-18 22:17:48,907 INFO grid_skip_completed dataset=stochastic_block_model perturbation=triangle_deletion alpha=0.1 seed=3
2026-06-18 22:17:48,907 INFO grid_skip_completed dataset=stochastic_block_model perturbation=triangle_deletion alpha=0.2 seed=3
2026-06-18 22:17:48,907 INFO grid_skip_completed dataset=stochastic_block_model perturbation=triangle_deletion alpha=0.3 seed=3
2026-06-18 22:17:48,907 INFO grid_skip_completed dataset=stochastic_block_model perturbation=triangle_deletion alpha=0.4 seed=3
2026-06-18 22:17:48,907 INFO grid_skip_completed dataset=stochastic_block_model perturbation=triangle_deletion alpha=0.5 seed=3
2026-06-18 22:17:48,907 INFO grid_skip_completed dataset=stochastic_block_model perturbation=triangle_deletion alpha=0.6 seed=3
2026-06-18 22:17:48,907 INFO grid_skip_completed dataset=stochastic_block_model perturbation=triangle_deletion alpha=0.7 seed=3
2026-06-18 22:17:48,907 INFO grid_skip_completed dataset=stochastic_block_model perturbation=triangle_deletion alpha=0.8 seed=3
2026-06-18 22:17:48,907 INFO grid_skip_completed dataset=stochastic_block_model perturbation=triangle_deletion alpha=0.9 seed=3
2026-06-18 22:17:48,907 INFO grid_skip_completed dataset=stochastic_block_model perturbation=triangle_deletion alpha=1.0 seed=3
2026-06-18 22:17:48,907 INFO grid_skip_completed dataset=stochastic_block_model perturbation=community_weakening alpha=0.0 seed=3
2026-06-18 22:17:48,907 INFO grid_skip_completed dataset=stochastic_block_model perturbation=community_weakening alpha=0.1 seed=3
2026-06-18 22:17:48,907 INFO grid_skip_completed dataset=stochastic_block_model perturbation=community_weakening alpha=0.2 seed=3
2026-06-18 22:17:48,907 INFO grid_skip_completed dataset=stochastic_block_model perturbation=community_weakening alpha=0.3 seed=3
2026-06-18 22:17:48,907 INFO grid_skip_completed dataset=stochastic_block_model perturbation=community_weakening alpha=0.4 seed=3
2026-06-18 22:17:48,907 INFO grid_skip_completed dataset=stochastic_block_model perturbation=community_weakening alpha=0.5 seed=3
2026-06-18 22:17:48,907 INFO grid_skip_completed dataset=stochastic_block_model perturbation=community_weakening alpha=0.6 seed=3
2026-06-18 22:17:48,907 INFO grid_skip_completed dataset=stochastic_block_model perturbation=community_weakening alpha=0.7 seed=3
2026-06-18 22:17:48,908 INFO grid_skip_completed dataset=stochastic_block_model perturbation=community_weakening alpha=0.8 seed=3
2026-06-18 22:17:48,908 INFO grid_skip_completed dataset=stochastic_block_model perturbation=community_weakening alpha=0.9 seed=3
2026-06-18 22:17:48,908 INFO grid_skip_completed dataset=stochastic_block_model perturbation=community_weakening alpha=1.0 seed=3
2026-06-18 22:17:48,908 INFO grid_skip_completed dataset=stochastic_block_model perturbation=hub_modification alpha=0.0 seed=3
2026-06-18 22:17:48,908 INFO grid_skip_completed dataset=stochastic_block_model perturbation=hub_modification alpha=0.1 seed=3
2026-06-18 22:17:48,908 INFO grid_skip_completed dataset=stochastic_block_model perturbation=hub_modification alpha=0.2 seed=3
2026-06-18 22:17:48,908 INFO grid_skip_completed dataset=stochastic_block_model perturbation=hub_modification alpha=0.3 seed=3
2026-06-18 22:17:48,908 INFO grid_skip_completed dataset=stochastic_block_model perturbation=hub_modification alpha=0.4 seed=3
2026-06-18 22:17:48,908 INFO grid_skip_completed dataset=stochastic_block_model perturbation=hub_modification alpha=0.5 seed=3
2026-06-18 22:17:48,908 INFO grid_skip_completed dataset=stochastic_block_model perturbation=hub_modification alpha=0.6 seed=3
2026-06-18 22:17:48,908 INFO grid_skip_completed dataset=stochastic_block_model perturbation=hub_modification alpha=0.7 seed=3
2026-06-18 22:17:48,908 INFO grid_skip_completed dataset=stochastic_block_model perturbation=hub_modification alpha=0.8 seed=3
2026-06-18 22:17:48,908 INFO grid_skip_completed dataset=stochastic_block_model perturbation=hub_modification alpha=0.9 seed=3
2026-06-18 22:17:48,908 INFO grid_skip_completed dataset=stochastic_block_model perturbation=hub_modification alpha=1.0 seed=3
2026-06-18 22:17:48,908 INFO grid_skip_completed dataset=barabasi_albert perturbation=edge_insertion alpha=0.0 seed=3
2026-06-18 22:17:48,908 INFO grid_skip_completed dataset=barabasi_albert perturbation=edge_insertion alpha=0.1 seed=3
2026-06-18 22:17:48,908 INFO grid_skip_completed dataset=barabasi_albert perturbation=edge_insertion alpha=0.2 seed=3
2026-06-18 22:17:48,909 INFO grid_skip_completed dataset=barabasi_albert perturbation=edge_insertion alpha=0.3 seed=3
2026-06-18 22:17:48,909 INFO grid_skip_completed dataset=barabasi_albert perturbation=edge_insertion alpha=0.4 seed=3
2026-06-18 22:17:48,909 INFO grid_skip_completed dataset=barabasi_albert perturbation=edge_insertion alpha=0.5 seed=3
2026-06-18 22:17:48,909 INFO grid_skip_completed dataset=barabasi_albert perturbation=edge_insertion alpha=0.6 seed=3
2026-06-18 22:17:48,909 INFO grid_skip_completed dataset=barabasi_albert perturbation=edge_insertion alpha=0.7 seed=3
2026-06-18 22:17:48,909 INFO grid_skip_completed dataset=barabasi_albert perturbation=edge_insertion alpha=0.8 seed=3
2026-06-18 22:17:48,909 INFO grid_skip_completed dataset=barabasi_albert perturbation=edge_insertion alpha=0.9 seed=3
2026-06-18 22:17:48,909 INFO grid_skip_completed dataset=barabasi_albert perturbation=edge_insertion alpha=1.0 seed=3
2026-06-18 22:17:48,909 INFO grid_skip_completed dataset=barabasi_albert perturbation=edge_deletion alpha=0.0 seed=3
2026-06-18 22:17:48,909 INFO grid_skip_completed dataset=barabasi_albert perturbation=edge_deletion alpha=0.1 seed=3
2026-06-18 22:17:48,909 INFO grid_skip_completed dataset=barabasi_albert perturbation=edge_deletion alpha=0.2 seed=3
2026-06-18 22:17:48,909 INFO grid_skip_completed dataset=barabasi_albert perturbation=edge_deletion alpha=0.3 seed=3
2026-06-18 22:17:48,909 INFO grid_skip_completed dataset=barabasi_albert perturbation=edge_deletion alpha=0.4 seed=3
2026-06-18 22:17:48,909 INFO grid_skip_completed dataset=barabasi_albert perturbation=edge_deletion alpha=0.5 seed=3
2026-06-18 22:17:48,909 INFO grid_skip_completed dataset=barabasi_albert perturbation=edge_deletion alpha=0.6 seed=3
2026-06-18 22:17:48,909 INFO grid_skip_completed dataset=barabasi_albert perturbation=edge_deletion alpha=0.7 seed=3
2026-06-18 22:17:48,909 INFO grid_skip_completed dataset=barabasi_albert perturbation=edge_deletion alpha=0.8 seed=3
2026-06-18 22:17:48,909 INFO grid_skip_completed dataset=barabasi_albert perturbation=edge_deletion alpha=0.9 seed=3
2026-06-18 22:17:48,910 INFO grid_skip_completed dataset=barabasi_albert perturbation=edge_deletion alpha=1.0 seed=3
2026-06-18 22:17:48,910 INFO grid_skip_completed dataset=barabasi_albert perturbation=triangle_insertion alpha=0.0 seed=3
2026-06-18 22:17:48,910 INFO grid_skip_completed dataset=barabasi_albert perturbation=triangle_insertion alpha=0.1 seed=3
2026-06-18 22:17:48,910 INFO grid_skip_completed dataset=barabasi_albert perturbation=triangle_insertion alpha=0.2 seed=3
2026-06-18 22:17:48,910 INFO grid_skip_completed dataset=barabasi_albert perturbation=triangle_insertion alpha=0.3 seed=3
2026-06-18 22:17:48,910 INFO grid_skip_completed dataset=barabasi_albert perturbation=triangle_insertion alpha=0.4 seed=3
2026-06-18 22:17:48,910 INFO grid_skip_completed dataset=barabasi_albert perturbation=triangle_insertion alpha=0.5 seed=3
2026-06-18 22:17:48,910 INFO grid_skip_completed dataset=barabasi_albert perturbation=triangle_insertion alpha=0.6 seed=3
2026-06-18 22:17:48,910 INFO grid_skip_completed dataset=barabasi_albert perturbation=triangle_insertion alpha=0.7 seed=3
2026-06-18 22:17:48,910 INFO grid_skip_completed dataset=barabasi_albert perturbation=triangle_insertion alpha=0.8 seed=3
2026-06-18 22:17:48,910 INFO grid_skip_completed dataset=barabasi_albert perturbation=triangle_insertion alpha=0.9 seed=3
2026-06-18 22:17:48,910 INFO grid_skip_completed dataset=barabasi_albert perturbation=triangle_insertion alpha=1.0 seed=3
2026-06-18 22:17:48,910 INFO grid_skip_completed dataset=barabasi_albert perturbation=triangle_deletion alpha=0.0 seed=3
2026-06-18 22:17:48,910 INFO grid_skip_completed dataset=barabasi_albert perturbation=triangle_deletion alpha=0.1 seed=3
2026-06-18 22:17:48,910 INFO grid_skip_completed dataset=barabasi_albert perturbation=triangle_deletion alpha=0.2 seed=3
2026-06-18 22:17:48,910 INFO grid_skip_completed dataset=barabasi_albert perturbation=triangle_deletion alpha=0.3 seed=3
2026-06-18 22:17:48,910 INFO grid_skip_completed dataset=barabasi_albert perturbation=triangle_deletion alpha=0.4 seed=3
2026-06-18 22:17:48,910 INFO grid_skip_completed dataset=barabasi_albert perturbation=triangle_deletion alpha=0.5 seed=3
2026-06-18 22:17:48,911 INFO grid_skip_completed dataset=barabasi_albert perturbation=triangle_deletion alpha=0.6 seed=3
2026-06-18 22:17:48,911 INFO grid_skip_completed dataset=barabasi_albert perturbation=triangle_deletion alpha=0.7 seed=3
2026-06-18 22:17:48,911 INFO grid_skip_completed dataset=barabasi_albert perturbation=triangle_deletion alpha=0.8 seed=3
2026-06-18 22:17:48,911 INFO grid_skip_completed dataset=barabasi_albert perturbation=triangle_deletion alpha=0.9 seed=3
2026-06-18 22:17:48,911 INFO grid_skip_completed dataset=barabasi_albert perturbation=triangle_deletion alpha=1.0 seed=3
2026-06-18 22:17:48,911 INFO grid_skip_completed dataset=barabasi_albert perturbation=community_weakening alpha=0.0 seed=3
2026-06-18 22:17:48,911 INFO grid_skip_completed dataset=barabasi_albert perturbation=community_weakening alpha=0.1 seed=3
2026-06-18 22:17:48,911 INFO grid_skip_completed dataset=barabasi_albert perturbation=community_weakening alpha=0.2 seed=3
2026-06-18 22:17:48,911 INFO grid_skip_completed dataset=barabasi_albert perturbation=community_weakening alpha=0.3 seed=3
2026-06-18 22:17:48,911 INFO grid_skip_completed dataset=barabasi_albert perturbation=community_weakening alpha=0.4 seed=3
2026-06-18 22:17:48,911 INFO grid_skip_completed dataset=barabasi_albert perturbation=community_weakening alpha=0.5 seed=3
2026-06-18 22:17:48,911 INFO grid_skip_completed dataset=barabasi_albert perturbation=community_weakening alpha=0.6 seed=3
2026-06-18 22:17:48,911 INFO grid_skip_completed dataset=barabasi_albert perturbation=community_weakening alpha=0.7 seed=3
2026-06-18 22:17:48,911 INFO grid_skip_completed dataset=barabasi_albert perturbation=community_weakening alpha=0.8 seed=3
2026-06-18 22:17:48,911 INFO grid_skip_completed dataset=barabasi_albert perturbation=community_weakening alpha=0.9 seed=3
2026-06-18 22:17:48,911 INFO grid_skip_completed dataset=barabasi_albert perturbation=community_weakening alpha=1.0 seed=3
2026-06-18 22:17:48,911 INFO grid_skip_completed dataset=barabasi_albert perturbation=hub_modification alpha=0.0 seed=3
2026-06-18 22:17:48,911 INFO grid_skip_completed dataset=barabasi_albert perturbation=hub_modification alpha=0.1 seed=3
2026-06-18 22:17:48,912 INFO grid_skip_completed dataset=barabasi_albert perturbation=hub_modification alpha=0.2 seed=3
2026-06-18 22:17:48,912 INFO grid_skip_completed dataset=barabasi_albert perturbation=hub_modification alpha=0.3 seed=3
2026-06-18 22:17:48,912 INFO grid_skip_completed dataset=barabasi_albert perturbation=hub_modification alpha=0.4 seed=3
2026-06-18 22:17:48,912 INFO grid_skip_completed dataset=barabasi_albert perturbation=hub_modification alpha=0.5 seed=3
2026-06-18 22:17:48,912 INFO grid_skip_completed dataset=barabasi_albert perturbation=hub_modification alpha=0.6 seed=3
2026-06-18 22:17:48,912 INFO grid_skip_completed dataset=barabasi_albert perturbation=hub_modification alpha=0.7 seed=3
2026-06-18 22:17:48,912 INFO grid_skip_completed dataset=barabasi_albert perturbation=hub_modification alpha=0.8 seed=3
2026-06-18 22:17:48,912 INFO grid_skip_completed dataset=barabasi_albert perturbation=hub_modification alpha=0.9 seed=3
2026-06-18 22:17:48,912 INFO grid_skip_completed dataset=barabasi_albert perturbation=hub_modification alpha=1.0 seed=3
2026-06-18 22:17:48,912 INFO grid_skip_completed dataset=erdos_renyi perturbation=edge_insertion alpha=0.0 seed=4
2026-06-18 22:17:48,912 INFO grid_skip_completed dataset=erdos_renyi perturbation=edge_insertion alpha=0.1 seed=4
2026-06-18 22:17:48,912 INFO grid_skip_completed dataset=erdos_renyi perturbation=edge_insertion alpha=0.2 seed=4
2026-06-18 22:17:48,912 INFO grid_skip_completed dataset=erdos_renyi perturbation=edge_insertion alpha=0.3 seed=4
2026-06-18 22:17:48,912 INFO grid_skip_completed dataset=erdos_renyi perturbation=edge_insertion alpha=0.4 seed=4
2026-06-18 22:17:48,912 INFO grid_skip_completed dataset=erdos_renyi perturbation=edge_insertion alpha=0.5 seed=4
2026-06-18 22:17:48,912 INFO grid_skip_completed dataset=erdos_renyi perturbation=edge_insertion alpha=0.6 seed=4
2026-06-18 22:17:48,912 INFO grid_skip_completed dataset=erdos_renyi perturbation=edge_insertion alpha=0.7 seed=4
2026-06-18 22:17:48,912 INFO grid_skip_completed dataset=erdos_renyi perturbation=edge_insertion alpha=0.8 seed=4
2026-06-18 22:17:48,913 INFO grid_skip_completed dataset=erdos_renyi perturbation=edge_insertion alpha=0.9 seed=4
2026-06-18 22:17:48,913 INFO grid_skip_completed dataset=erdos_renyi perturbation=edge_insertion alpha=1.0 seed=4
2026-06-18 22:17:48,913 INFO grid_skip_completed dataset=erdos_renyi perturbation=edge_deletion alpha=0.0 seed=4
2026-06-18 22:17:48,913 INFO grid_skip_completed dataset=erdos_renyi perturbation=edge_deletion alpha=0.1 seed=4
2026-06-18 22:17:48,913 INFO grid_skip_completed dataset=erdos_renyi perturbation=edge_deletion alpha=0.2 seed=4
2026-06-18 22:17:48,913 INFO grid_skip_completed dataset=erdos_renyi perturbation=edge_deletion alpha=0.3 seed=4
2026-06-18 22:17:48,913 INFO grid_skip_completed dataset=erdos_renyi perturbation=edge_deletion alpha=0.4 seed=4
2026-06-18 22:17:48,913 INFO grid_skip_completed dataset=erdos_renyi perturbation=edge_deletion alpha=0.5 seed=4
2026-06-18 22:17:48,913 INFO grid_skip_completed dataset=erdos_renyi perturbation=edge_deletion alpha=0.6 seed=4
2026-06-18 22:17:48,913 INFO grid_skip_completed dataset=erdos_renyi perturbation=edge_deletion alpha=0.7 seed=4
2026-06-18 22:17:48,913 INFO grid_skip_completed dataset=erdos_renyi perturbation=edge_deletion alpha=0.8 seed=4
2026-06-18 22:17:48,913 INFO grid_skip_completed dataset=erdos_renyi perturbation=edge_deletion alpha=0.9 seed=4
2026-06-18 22:17:48,913 INFO grid_skip_completed dataset=erdos_renyi perturbation=edge_deletion alpha=1.0 seed=4
2026-06-18 22:17:48,913 INFO grid_skip_completed dataset=erdos_renyi perturbation=triangle_insertion alpha=0.0 seed=4
2026-06-18 22:17:48,913 INFO grid_skip_completed dataset=erdos_renyi perturbation=triangle_insertion alpha=0.1 seed=4
2026-06-18 22:17:48,913 INFO grid_skip_completed dataset=erdos_renyi perturbation=triangle_insertion alpha=0.2 seed=4
2026-06-18 22:17:48,913 INFO grid_skip_completed dataset=erdos_renyi perturbation=triangle_insertion alpha=0.3 seed=4
2026-06-18 22:17:48,913 INFO grid_skip_completed dataset=erdos_renyi perturbation=triangle_insertion alpha=0.4 seed=4
2026-06-18 22:17:48,913 INFO grid_skip_completed dataset=erdos_renyi perturbation=triangle_insertion alpha=0.5 seed=4
2026-06-18 22:17:48,914 INFO grid_skip_completed dataset=erdos_renyi perturbation=triangle_insertion alpha=0.6 seed=4
2026-06-18 22:17:48,914 INFO grid_skip_completed dataset=erdos_renyi perturbation=triangle_insertion alpha=0.7 seed=4
2026-06-18 22:17:48,914 INFO grid_skip_completed dataset=erdos_renyi perturbation=triangle_insertion alpha=0.8 seed=4
2026-06-18 22:17:48,914 INFO grid_skip_completed dataset=erdos_renyi perturbation=triangle_insertion alpha=0.9 seed=4
2026-06-18 22:17:48,914 INFO grid_skip_completed dataset=erdos_renyi perturbation=triangle_insertion alpha=1.0 seed=4
2026-06-18 22:17:48,914 INFO grid_skip_completed dataset=erdos_renyi perturbation=triangle_deletion alpha=0.0 seed=4
2026-06-18 22:17:48,914 INFO grid_skip_completed dataset=erdos_renyi perturbation=triangle_deletion alpha=0.1 seed=4
2026-06-18 22:17:48,914 INFO grid_skip_completed dataset=erdos_renyi perturbation=triangle_deletion alpha=0.2 seed=4
2026-06-18 22:17:48,914 INFO grid_skip_completed dataset=erdos_renyi perturbation=triangle_deletion alpha=0.3 seed=4
2026-06-18 22:17:48,914 INFO grid_skip_completed dataset=erdos_renyi perturbation=triangle_deletion alpha=0.4 seed=4
2026-06-18 22:17:48,914 INFO grid_skip_completed dataset=erdos_renyi perturbation=triangle_deletion alpha=0.5 seed=4
2026-06-18 22:17:48,914 INFO grid_skip_completed dataset=erdos_renyi perturbation=triangle_deletion alpha=0.6 seed=4
2026-06-18 22:17:48,914 INFO grid_skip_completed dataset=erdos_renyi perturbation=triangle_deletion alpha=0.7 seed=4
2026-06-18 22:17:48,914 INFO grid_skip_completed dataset=erdos_renyi perturbation=triangle_deletion alpha=0.8 seed=4
2026-06-18 22:17:48,914 INFO grid_skip_completed dataset=erdos_renyi perturbation=triangle_deletion alpha=0.9 seed=4
2026-06-18 22:17:48,914 INFO grid_skip_completed dataset=erdos_renyi perturbation=triangle_deletion alpha=1.0 seed=4
2026-06-18 22:17:48,914 INFO grid_skip_completed dataset=erdos_renyi perturbation=community_weakening alpha=0.0 seed=4
2026-06-18 22:17:48,914 INFO grid_skip_completed dataset=erdos_renyi perturbation=community_weakening alpha=0.1 seed=4
2026-06-18 22:17:48,914 INFO grid_skip_completed dataset=erdos_renyi perturbation=community_weakening alpha=0.2 seed=4
2026-06-18 22:17:48,915 INFO grid_skip_completed dataset=erdos_renyi perturbation=community_weakening alpha=0.3 seed=4
2026-06-18 22:17:48,915 INFO grid_skip_completed dataset=erdos_renyi perturbation=community_weakening alpha=0.4 seed=4
2026-06-18 22:17:48,915 INFO grid_skip_completed dataset=erdos_renyi perturbation=community_weakening alpha=0.5 seed=4
2026-06-18 22:17:48,915 INFO grid_skip_completed dataset=erdos_renyi perturbation=community_weakening alpha=0.6 seed=4
2026-06-18 22:17:48,915 INFO grid_skip_completed dataset=erdos_renyi perturbation=community_weakening alpha=0.7 seed=4
2026-06-18 22:17:48,915 INFO grid_skip_completed dataset=erdos_renyi perturbation=community_weakening alpha=0.8 seed=4
2026-06-18 22:17:48,915 INFO grid_skip_completed dataset=erdos_renyi perturbation=community_weakening alpha=0.9 seed=4
2026-06-18 22:17:48,915 INFO grid_skip_completed dataset=erdos_renyi perturbation=community_weakening alpha=1.0 seed=4
2026-06-18 22:17:48,915 INFO grid_skip_completed dataset=erdos_renyi perturbation=hub_modification alpha=0.0 seed=4
2026-06-18 22:17:48,915 INFO grid_skip_completed dataset=erdos_renyi perturbation=hub_modification alpha=0.1 seed=4
2026-06-18 22:17:48,915 INFO grid_skip_completed dataset=erdos_renyi perturbation=hub_modification alpha=0.2 seed=4
2026-06-18 22:17:48,915 INFO grid_skip_completed dataset=erdos_renyi perturbation=hub_modification alpha=0.3 seed=4
2026-06-18 22:17:48,915 INFO grid_skip_completed dataset=erdos_renyi perturbation=hub_modification alpha=0.4 seed=4
2026-06-18 22:17:48,915 INFO grid_skip_completed dataset=erdos_renyi perturbation=hub_modification alpha=0.5 seed=4
2026-06-18 22:17:48,915 INFO grid_skip_completed dataset=erdos_renyi perturbation=hub_modification alpha=0.6 seed=4
2026-06-18 22:17:48,915 INFO grid_skip_completed dataset=erdos_renyi perturbation=hub_modification alpha=0.7 seed=4
2026-06-18 22:17:48,915 INFO grid_skip_completed dataset=erdos_renyi perturbation=hub_modification alpha=0.8 seed=4
2026-06-18 22:17:48,915 INFO grid_skip_completed dataset=erdos_renyi perturbation=hub_modification alpha=0.9 seed=4
2026-06-18 22:17:48,915 INFO grid_skip_completed dataset=erdos_renyi perturbation=hub_modification alpha=1.0 seed=4
2026-06-18 22:17:48,916 INFO grid_skip_completed dataset=stochastic_block_model perturbation=edge_insertion alpha=0.0 seed=4
2026-06-18 22:17:48,916 INFO grid_skip_completed dataset=stochastic_block_model perturbation=edge_insertion alpha=0.1 seed=4
2026-06-18 22:17:48,916 INFO grid_skip_completed dataset=stochastic_block_model perturbation=edge_insertion alpha=0.2 seed=4
2026-06-18 22:17:48,916 INFO grid_skip_completed dataset=stochastic_block_model perturbation=edge_insertion alpha=0.3 seed=4
2026-06-18 22:17:48,916 INFO grid_skip_completed dataset=stochastic_block_model perturbation=edge_insertion alpha=0.4 seed=4
2026-06-18 22:17:48,916 INFO grid_skip_completed dataset=stochastic_block_model perturbation=edge_insertion alpha=0.5 seed=4
2026-06-18 22:17:48,916 INFO grid_skip_completed dataset=stochastic_block_model perturbation=edge_insertion alpha=0.6 seed=4
2026-06-18 22:17:48,916 INFO grid_skip_completed dataset=stochastic_block_model perturbation=edge_insertion alpha=0.7 seed=4
2026-06-18 22:17:48,916 INFO grid_skip_completed dataset=stochastic_block_model perturbation=edge_insertion alpha=0.8 seed=4
2026-06-18 22:17:48,916 INFO grid_skip_completed dataset=stochastic_block_model perturbation=edge_insertion alpha=0.9 seed=4
2026-06-18 22:17:48,916 INFO grid_skip_completed dataset=stochastic_block_model perturbation=edge_insertion alpha=1.0 seed=4
2026-06-18 22:17:48,916 INFO grid_skip_completed dataset=stochastic_block_model perturbation=edge_deletion alpha=0.0 seed=4
2026-06-18 22:17:48,916 INFO grid_skip_completed dataset=stochastic_block_model perturbation=edge_deletion alpha=0.1 seed=4
2026-06-18 22:17:48,916 INFO grid_skip_completed dataset=stochastic_block_model perturbation=edge_deletion alpha=0.2 seed=4
2026-06-18 22:17:48,916 INFO grid_skip_completed dataset=stochastic_block_model perturbation=edge_deletion alpha=0.3 seed=4
2026-06-18 22:17:48,916 INFO grid_skip_completed dataset=stochastic_block_model perturbation=edge_deletion alpha=0.4 seed=4
2026-06-18 22:17:48,916 INFO grid_skip_completed dataset=stochastic_block_model perturbation=edge_deletion alpha=0.5 seed=4
2026-06-18 22:17:48,916 INFO grid_skip_completed dataset=stochastic_block_model perturbation=edge_deletion alpha=0.6 seed=4
2026-06-18 22:17:48,916 INFO grid_skip_completed dataset=stochastic_block_model perturbation=edge_deletion alpha=0.7 seed=4
2026-06-18 22:17:48,916 INFO grid_skip_completed dataset=stochastic_block_model perturbation=edge_deletion alpha=0.8 seed=4
2026-06-18 22:17:48,917 INFO grid_skip_completed dataset=stochastic_block_model perturbation=edge_deletion alpha=0.9 seed=4
2026-06-18 22:17:48,917 INFO grid_skip_completed dataset=stochastic_block_model perturbation=edge_deletion alpha=1.0 seed=4
2026-06-18 22:17:48,917 INFO grid_skip_completed dataset=stochastic_block_model perturbation=triangle_insertion alpha=0.0 seed=4
2026-06-18 22:17:48,917 INFO grid_skip_completed dataset=stochastic_block_model perturbation=triangle_insertion alpha=0.1 seed=4
2026-06-18 22:17:48,917 INFO grid_skip_completed dataset=stochastic_block_model perturbation=triangle_insertion alpha=0.2 seed=4
2026-06-18 22:17:48,917 INFO grid_skip_completed dataset=stochastic_block_model perturbation=triangle_insertion alpha=0.3 seed=4
2026-06-18 22:17:48,917 INFO grid_skip_completed dataset=stochastic_block_model perturbation=triangle_insertion alpha=0.4 seed=4
2026-06-18 22:17:48,917 INFO grid_skip_completed dataset=stochastic_block_model perturbation=triangle_insertion alpha=0.5 seed=4
2026-06-18 22:17:48,917 INFO grid_skip_completed dataset=stochastic_block_model perturbation=triangle_insertion alpha=0.6 seed=4
2026-06-18 22:17:48,917 INFO grid_skip_completed dataset=stochastic_block_model perturbation=triangle_insertion alpha=0.7 seed=4
2026-06-18 22:17:48,917 INFO grid_skip_completed dataset=stochastic_block_model perturbation=triangle_insertion alpha=0.8 seed=4
2026-06-18 22:23:50,446 INFO row_complete 3557/3960 dataset=stochastic_block_model perturbation=triangle_insertion alpha=0.9 seed=4 workflow=structural_statistics_mmd status=success
2026-06-18 22:23:50,447 INFO row_complete 3558/3960 dataset=stochastic_block_model perturbation=triangle_insertion alpha=0.9 seed=4 workflow=wl_subtree_kernel_mmd status=success
2026-06-18 22:23:50,448 INFO row_complete 3559/3960 dataset=stochastic_block_model perturbation=triangle_insertion alpha=0.9 seed=4 workflow=native_netlsd status=success
2026-06-18 22:23:50,449 INFO row_complete 3560/3960 dataset=stochastic_block_model perturbation=triangle_insertion alpha=0.9 seed=4 workflow=diversity_curves_shortest_path status=success
2026-06-18 22:30:09,931 INFO row_complete 3561/3960 dataset=stochastic_block_model perturbation=triangle_insertion alpha=1.0 seed=4 workflow=structural_statistics_mmd status=success
2026-06-18 22:30:09,932 INFO row_complete 3562/3960 dataset=stochastic_block_model perturbation=triangle_insertion alpha=1.0 seed=4 workflow=wl_subtree_kernel_mmd status=success
2026-06-18 22:30:09,933 INFO row_complete 3563/3960 dataset=stochastic_block_model perturbation=triangle_insertion alpha=1.0 seed=4 workflow=native_netlsd status=success
2026-06-18 22:30:09,934 INFO row_complete 3564/3960 dataset=stochastic_block_model perturbation=triangle_insertion alpha=1.0 seed=4 workflow=diversity_curves_shortest_path status=success
2026-06-18 22:34:29,817 INFO row_complete 3565/3960 dataset=stochastic_block_model perturbation=triangle_deletion alpha=0.0 seed=4 workflow=structural_statistics_mmd status=success
2026-06-18 22:34:29,818 INFO row_complete 3566/3960 dataset=stochastic_block_model perturbation=triangle_deletion alpha=0.0 seed=4 workflow=wl_subtree_kernel_mmd status=success
2026-06-18 22:34:29,819 INFO row_complete 3567/3960 dataset=stochastic_block_model perturbation=triangle_deletion alpha=0.0 seed=4 workflow=native_netlsd status=success
2026-06-18 22:34:29,819 INFO row_complete 3568/3960 dataset=stochastic_block_model perturbation=triangle_deletion alpha=0.0 seed=4 workflow=diversity_curves_shortest_path status=success
2026-06-18 22:38:45,507 INFO row_complete 3569/3960 dataset=stochastic_block_model perturbation=triangle_deletion alpha=0.1 seed=4 workflow=structural_statistics_mmd status=success
2026-06-18 22:38:45,509 INFO row_complete 3570/3960 dataset=stochastic_block_model perturbation=triangle_deletion alpha=0.1 seed=4 workflow=wl_subtree_kernel_mmd status=success
2026-06-18 22:38:45,510 INFO row_complete 3571/3960 dataset=stochastic_block_model perturbation=triangle_deletion alpha=0.1 seed=4 workflow=native_netlsd status=success
2026-06-18 22:38:45,510 INFO row_complete 3572/3960 dataset=stochastic_block_model perturbation=triangle_deletion alpha=0.1 seed=4 workflow=diversity_curves_shortest_path status=success
2026-06-18 22:42:50,801 INFO row_complete 3573/3960 dataset=stochastic_block_model perturbation=triangle_deletion alpha=0.2 seed=4 workflow=structural_statistics_mmd status=success
2026-06-18 22:42:50,802 INFO row_complete 3574/3960 dataset=stochastic_block_model perturbation=triangle_deletion alpha=0.2 seed=4 workflow=wl_subtree_kernel_mmd status=success
2026-06-18 22:42:50,803 INFO row_complete 3575/3960 dataset=stochastic_block_model perturbation=triangle_deletion alpha=0.2 seed=4 workflow=native_netlsd status=success
2026-06-18 22:42:50,803 INFO row_complete 3576/3960 dataset=stochastic_block_model perturbation=triangle_deletion alpha=0.2 seed=4 workflow=diversity_curves_shortest_path status=success
2026-06-18 22:46:49,062 INFO row_complete 3577/3960 dataset=stochastic_block_model perturbation=triangle_deletion alpha=0.3 seed=4 workflow=structural_statistics_mmd status=success
2026-06-18 22:46:49,063 INFO row_complete 3578/3960 dataset=stochastic_block_model perturbation=triangle_deletion alpha=0.3 seed=4 workflow=wl_subtree_kernel_mmd status=success
2026-06-18 22:46:49,064 INFO row_complete 3579/3960 dataset=stochastic_block_model perturbation=triangle_deletion alpha=0.3 seed=4 workflow=native_netlsd status=success
2026-06-18 22:46:49,065 INFO row_complete 3580/3960 dataset=stochastic_block_model perturbation=triangle_deletion alpha=0.3 seed=4 workflow=diversity_curves_shortest_path status=success
2026-06-18 22:50:35,131 INFO row_complete 3581/3960 dataset=stochastic_block_model perturbation=triangle_deletion alpha=0.4 seed=4 workflow=structural_statistics_mmd status=success
2026-06-18 22:50:35,132 INFO row_complete 3582/3960 dataset=stochastic_block_model perturbation=triangle_deletion alpha=0.4 seed=4 workflow=wl_subtree_kernel_mmd status=success
2026-06-18 22:50:35,133 INFO row_complete 3583/3960 dataset=stochastic_block_model perturbation=triangle_deletion alpha=0.4 seed=4 workflow=native_netlsd status=success
2026-06-18 22:50:35,134 INFO row_complete 3584/3960 dataset=stochastic_block_model perturbation=triangle_deletion alpha=0.4 seed=4 workflow=diversity_curves_shortest_path status=success
2026-06-18 22:54:12,739 INFO row_complete 3585/3960 dataset=stochastic_block_model perturbation=triangle_deletion alpha=0.5 seed=4 workflow=structural_statistics_mmd status=success
2026-06-18 22:54:12,740 INFO row_complete 3586/3960 dataset=stochastic_block_model perturbation=triangle_deletion alpha=0.5 seed=4 workflow=wl_subtree_kernel_mmd status=success
2026-06-18 22:54:12,741 INFO row_complete 3587/3960 dataset=stochastic_block_model perturbation=triangle_deletion alpha=0.5 seed=4 workflow=native_netlsd status=success
2026-06-18 22:54:12,741 INFO row_complete 3588/3960 dataset=stochastic_block_model perturbation=triangle_deletion alpha=0.5 seed=4 workflow=diversity_curves_shortest_path status=success
2026-06-18 22:57:47,580 INFO row_complete 3589/3960 dataset=stochastic_block_model perturbation=triangle_deletion alpha=0.6 seed=4 workflow=structural_statistics_mmd status=success
2026-06-18 22:57:47,581 INFO row_complete 3590/3960 dataset=stochastic_block_model perturbation=triangle_deletion alpha=0.6 seed=4 workflow=wl_subtree_kernel_mmd status=success
2026-06-18 22:57:47,582 INFO row_complete 3591/3960 dataset=stochastic_block_model perturbation=triangle_deletion alpha=0.6 seed=4 workflow=native_netlsd status=success
2026-06-18 22:57:47,582 INFO row_complete 3592/3960 dataset=stochastic_block_model perturbation=triangle_deletion alpha=0.6 seed=4 workflow=diversity_curves_shortest_path status=success
2026-06-18 23:01:20,546 INFO row_complete 3593/3960 dataset=stochastic_block_model perturbation=triangle_deletion alpha=0.7 seed=4 workflow=structural_statistics_mmd status=success
2026-06-18 23:01:20,547 INFO row_complete 3594/3960 dataset=stochastic_block_model perturbation=triangle_deletion alpha=0.7 seed=4 workflow=wl_subtree_kernel_mmd status=success
2026-06-18 23:01:20,547 INFO row_complete 3595/3960 dataset=stochastic_block_model perturbation=triangle_deletion alpha=0.7 seed=4 workflow=native_netlsd status=success
2026-06-18 23:01:20,548 INFO row_complete 3596/3960 dataset=stochastic_block_model perturbation=triangle_deletion alpha=0.7 seed=4 workflow=diversity_curves_shortest_path status=success
2026-06-18 23:04:53,714 INFO row_complete 3597/3960 dataset=stochastic_block_model perturbation=triangle_deletion alpha=0.8 seed=4 workflow=structural_statistics_mmd status=success
2026-06-18 23:04:53,715 INFO row_complete 3598/3960 dataset=stochastic_block_model perturbation=triangle_deletion alpha=0.8 seed=4 workflow=wl_subtree_kernel_mmd status=success
2026-06-18 23:04:53,716 INFO row_complete 3599/3960 dataset=stochastic_block_model perturbation=triangle_deletion alpha=0.8 seed=4 workflow=native_netlsd status=success
2026-06-18 23:04:53,717 INFO row_complete 3600/3960 dataset=stochastic_block_model perturbation=triangle_deletion alpha=0.8 seed=4 workflow=diversity_curves_shortest_path status=success
2026-06-18 23:08:27,109 INFO row_complete 3601/3960 dataset=stochastic_block_model perturbation=triangle_deletion alpha=0.9 seed=4 workflow=structural_statistics_mmd status=success
2026-06-18 23:08:27,110 INFO row_complete 3602/3960 dataset=stochastic_block_model perturbation=triangle_deletion alpha=0.9 seed=4 workflow=wl_subtree_kernel_mmd status=success
2026-06-18 23:08:27,111 INFO row_complete 3603/3960 dataset=stochastic_block_model perturbation=triangle_deletion alpha=0.9 seed=4 workflow=native_netlsd status=success
2026-06-18 23:08:27,111 INFO row_complete 3604/3960 dataset=stochastic_block_model perturbation=triangle_deletion alpha=0.9 seed=4 workflow=diversity_curves_shortest_path status=success
2026-06-18 23:12:00,730 INFO row_complete 3605/3960 dataset=stochastic_block_model perturbation=triangle_deletion alpha=1.0 seed=4 workflow=structural_statistics_mmd status=success
2026-06-18 23:12:00,731 INFO row_complete 3606/3960 dataset=stochastic_block_model perturbation=triangle_deletion alpha=1.0 seed=4 workflow=wl_subtree_kernel_mmd status=success
2026-06-18 23:12:00,732 INFO row_complete 3607/3960 dataset=stochastic_block_model perturbation=triangle_deletion alpha=1.0 seed=4 workflow=native_netlsd status=success
2026-06-18 23:12:00,732 INFO row_complete 3608/3960 dataset=stochastic_block_model perturbation=triangle_deletion alpha=1.0 seed=4 workflow=diversity_curves_shortest_path status=success
2026-06-18 23:16:20,373 INFO row_complete 3609/3960 dataset=stochastic_block_model perturbation=community_weakening alpha=0.0 seed=4 workflow=structural_statistics_mmd status=success
2026-06-18 23:16:20,374 INFO row_complete 3610/3960 dataset=stochastic_block_model perturbation=community_weakening alpha=0.0 seed=4 workflow=wl_subtree_kernel_mmd status=success
2026-06-18 23:16:20,375 INFO row_complete 3611/3960 dataset=stochastic_block_model perturbation=community_weakening alpha=0.0 seed=4 workflow=native_netlsd status=success
2026-06-18 23:16:20,376 INFO row_complete 3612/3960 dataset=stochastic_block_model perturbation=community_weakening alpha=0.0 seed=4 workflow=diversity_curves_shortest_path status=success
2026-06-18 23:20:42,352 INFO row_complete 3613/3960 dataset=stochastic_block_model perturbation=community_weakening alpha=0.1 seed=4 workflow=structural_statistics_mmd status=success
2026-06-18 23:20:42,353 INFO row_complete 3614/3960 dataset=stochastic_block_model perturbation=community_weakening alpha=0.1 seed=4 workflow=wl_subtree_kernel_mmd status=success
2026-06-18 23:20:42,354 INFO row_complete 3615/3960 dataset=stochastic_block_model perturbation=community_weakening alpha=0.1 seed=4 workflow=native_netlsd status=success
2026-06-18 23:20:42,354 INFO row_complete 3616/3960 dataset=stochastic_block_model perturbation=community_weakening alpha=0.1 seed=4 workflow=diversity_curves_shortest_path status=success
2026-06-18 23:25:06,900 INFO row_complete 3617/3960 dataset=stochastic_block_model perturbation=community_weakening alpha=0.2 seed=4 workflow=structural_statistics_mmd status=success
2026-06-18 23:25:06,902 INFO row_complete 3618/3960 dataset=stochastic_block_model perturbation=community_weakening alpha=0.2 seed=4 workflow=wl_subtree_kernel_mmd status=success
2026-06-18 23:25:06,902 INFO row_complete 3619/3960 dataset=stochastic_block_model perturbation=community_weakening alpha=0.2 seed=4 workflow=native_netlsd status=success
2026-06-18 23:25:06,903 INFO row_complete 3620/3960 dataset=stochastic_block_model perturbation=community_weakening alpha=0.2 seed=4 workflow=diversity_curves_shortest_path status=success
2026-06-18 23:29:34,089 INFO row_complete 3621/3960 dataset=stochastic_block_model perturbation=community_weakening alpha=0.3 seed=4 workflow=structural_statistics_mmd status=success
2026-06-18 23:29:34,090 INFO row_complete 3622/3960 dataset=stochastic_block_model perturbation=community_weakening alpha=0.3 seed=4 workflow=wl_subtree_kernel_mmd status=success
2026-06-18 23:29:34,091 INFO row_complete 3623/3960 dataset=stochastic_block_model perturbation=community_weakening alpha=0.3 seed=4 workflow=native_netlsd status=success
2026-06-18 23:29:34,091 INFO row_complete 3624/3960 dataset=stochastic_block_model perturbation=community_weakening alpha=0.3 seed=4 workflow=diversity_curves_shortest_path status=success
2026-06-18 23:34:02,829 INFO row_complete 3625/3960 dataset=stochastic_block_model perturbation=community_weakening alpha=0.4 seed=4 workflow=structural_statistics_mmd status=success
2026-06-18 23:34:02,830 INFO row_complete 3626/3960 dataset=stochastic_block_model perturbation=community_weakening alpha=0.4 seed=4 workflow=wl_subtree_kernel_mmd status=success
2026-06-18 23:34:02,831 INFO row_complete 3627/3960 dataset=stochastic_block_model perturbation=community_weakening alpha=0.4 seed=4 workflow=native_netlsd status=success
2026-06-18 23:34:02,832 INFO row_complete 3628/3960 dataset=stochastic_block_model perturbation=community_weakening alpha=0.4 seed=4 workflow=diversity_curves_shortest_path status=success
2026-06-18 23:38:31,356 INFO row_complete 3629/3960 dataset=stochastic_block_model perturbation=community_weakening alpha=0.5 seed=4 workflow=structural_statistics_mmd status=success
2026-06-18 23:38:31,357 INFO row_complete 3630/3960 dataset=stochastic_block_model perturbation=community_weakening alpha=0.5 seed=4 workflow=wl_subtree_kernel_mmd status=success
2026-06-18 23:38:31,358 INFO row_complete 3631/3960 dataset=stochastic_block_model perturbation=community_weakening alpha=0.5 seed=4 workflow=native_netlsd status=success
2026-06-18 23:38:31,359 INFO row_complete 3632/3960 dataset=stochastic_block_model perturbation=community_weakening alpha=0.5 seed=4 workflow=diversity_curves_shortest_path status=success
2026-06-18 23:43:00,432 INFO row_complete 3633/3960 dataset=stochastic_block_model perturbation=community_weakening alpha=0.6 seed=4 workflow=structural_statistics_mmd status=success
2026-06-18 23:43:00,433 INFO row_complete 3634/3960 dataset=stochastic_block_model perturbation=community_weakening alpha=0.6 seed=4 workflow=wl_subtree_kernel_mmd status=success
2026-06-18 23:43:00,434 INFO row_complete 3635/3960 dataset=stochastic_block_model perturbation=community_weakening alpha=0.6 seed=4 workflow=native_netlsd status=success
2026-06-18 23:43:00,434 INFO row_complete 3636/3960 dataset=stochastic_block_model perturbation=community_weakening alpha=0.6 seed=4 workflow=diversity_curves_shortest_path status=success
2026-06-18 23:47:30,218 INFO row_complete 3637/3960 dataset=stochastic_block_model perturbation=community_weakening alpha=0.7 seed=4 workflow=structural_statistics_mmd status=success
2026-06-18 23:47:30,219 INFO row_complete 3638/3960 dataset=stochastic_block_model perturbation=community_weakening alpha=0.7 seed=4 workflow=wl_subtree_kernel_mmd status=success
2026-06-18 23:47:30,220 INFO row_complete 3639/3960 dataset=stochastic_block_model perturbation=community_weakening alpha=0.7 seed=4 workflow=native_netlsd status=success
2026-06-18 23:47:30,221 INFO row_complete 3640/3960 dataset=stochastic_block_model perturbation=community_weakening alpha=0.7 seed=4 workflow=diversity_curves_shortest_path status=success
2026-06-18 23:52:00,432 INFO row_complete 3641/3960 dataset=stochastic_block_model perturbation=community_weakening alpha=0.8 seed=4 workflow=structural_statistics_mmd status=success
2026-06-18 23:52:00,433 INFO row_complete 3642/3960 dataset=stochastic_block_model perturbation=community_weakening alpha=0.8 seed=4 workflow=wl_subtree_kernel_mmd status=success
2026-06-18 23:52:00,434 INFO row_complete 3643/3960 dataset=stochastic_block_model perturbation=community_weakening alpha=0.8 seed=4 workflow=native_netlsd status=success
2026-06-18 23:52:00,435 INFO row_complete 3644/3960 dataset=stochastic_block_model perturbation=community_weakening alpha=0.8 seed=4 workflow=diversity_curves_shortest_path status=success
2026-06-18 23:56:29,854 INFO row_complete 3645/3960 dataset=stochastic_block_model perturbation=community_weakening alpha=0.9 seed=4 workflow=structural_statistics_mmd status=success
2026-06-18 23:56:29,855 INFO row_complete 3646/3960 dataset=stochastic_block_model perturbation=community_weakening alpha=0.9 seed=4 workflow=wl_subtree_kernel_mmd status=success
2026-06-18 23:56:29,856 INFO row_complete 3647/3960 dataset=stochastic_block_model perturbation=community_weakening alpha=0.9 seed=4 workflow=native_netlsd status=success
2026-06-18 23:56:29,856 INFO row_complete 3648/3960 dataset=stochastic_block_model perturbation=community_weakening alpha=0.9 seed=4 workflow=diversity_curves_shortest_path status=success
2026-06-19 00:00:59,611 INFO row_complete 3649/3960 dataset=stochastic_block_model perturbation=community_weakening alpha=1.0 seed=4 workflow=structural_statistics_mmd status=success
2026-06-19 00:00:59,612 INFO row_complete 3650/3960 dataset=stochastic_block_model perturbation=community_weakening alpha=1.0 seed=4 workflow=wl_subtree_kernel_mmd status=success
2026-06-19 00:00:59,613 INFO row_complete 3651/3960 dataset=stochastic_block_model perturbation=community_weakening alpha=1.0 seed=4 workflow=native_netlsd status=success
2026-06-19 00:00:59,614 INFO row_complete 3652/3960 dataset=stochastic_block_model perturbation=community_weakening alpha=1.0 seed=4 workflow=diversity_curves_shortest_path status=success
2026-06-19 00:05:25,339 INFO row_complete 3653/3960 dataset=stochastic_block_model perturbation=hub_modification alpha=0.0 seed=4 workflow=structural_statistics_mmd status=success
2026-06-19 00:05:25,340 INFO row_complete 3654/3960 dataset=stochastic_block_model perturbation=hub_modification alpha=0.0 seed=4 workflow=wl_subtree_kernel_mmd status=success
2026-06-19 00:05:25,341 INFO row_complete 3655/3960 dataset=stochastic_block_model perturbation=hub_modification alpha=0.0 seed=4 workflow=native_netlsd status=success
2026-06-19 00:05:25,342 INFO row_complete 3656/3960 dataset=stochastic_block_model perturbation=hub_modification alpha=0.0 seed=4 workflow=diversity_curves_shortest_path status=success
2026-06-19 00:09:52,710 INFO row_complete 3657/3960 dataset=stochastic_block_model perturbation=hub_modification alpha=0.1 seed=4 workflow=structural_statistics_mmd status=success
2026-06-19 00:09:52,712 INFO row_complete 3658/3960 dataset=stochastic_block_model perturbation=hub_modification alpha=0.1 seed=4 workflow=wl_subtree_kernel_mmd status=success
2026-06-19 00:09:52,712 INFO row_complete 3659/3960 dataset=stochastic_block_model perturbation=hub_modification alpha=0.1 seed=4 workflow=native_netlsd status=success
2026-06-19 00:09:52,713 INFO row_complete 3660/3960 dataset=stochastic_block_model perturbation=hub_modification alpha=0.1 seed=4 workflow=diversity_curves_shortest_path status=success
2026-06-19 00:14:20,191 INFO row_complete 3661/3960 dataset=stochastic_block_model perturbation=hub_modification alpha=0.2 seed=4 workflow=structural_statistics_mmd status=success
2026-06-19 00:14:20,192 INFO row_complete 3662/3960 dataset=stochastic_block_model perturbation=hub_modification alpha=0.2 seed=4 workflow=wl_subtree_kernel_mmd status=success
2026-06-19 00:14:20,193 INFO row_complete 3663/3960 dataset=stochastic_block_model perturbation=hub_modification alpha=0.2 seed=4 workflow=native_netlsd status=success
2026-06-19 00:14:20,193 INFO row_complete 3664/3960 dataset=stochastic_block_model perturbation=hub_modification alpha=0.2 seed=4 workflow=diversity_curves_shortest_path status=success
2026-06-19 00:18:47,907 INFO row_complete 3665/3960 dataset=stochastic_block_model perturbation=hub_modification alpha=0.3 seed=4 workflow=structural_statistics_mmd status=success
2026-06-19 00:18:47,908 INFO row_complete 3666/3960 dataset=stochastic_block_model perturbation=hub_modification alpha=0.3 seed=4 workflow=wl_subtree_kernel_mmd status=success
2026-06-19 00:18:47,909 INFO row_complete 3667/3960 dataset=stochastic_block_model perturbation=hub_modification alpha=0.3 seed=4 workflow=native_netlsd status=success
2026-06-19 00:18:47,910 INFO row_complete 3668/3960 dataset=stochastic_block_model perturbation=hub_modification alpha=0.3 seed=4 workflow=diversity_curves_shortest_path status=success
2026-06-19 00:23:15,482 INFO row_complete 3669/3960 dataset=stochastic_block_model perturbation=hub_modification alpha=0.4 seed=4 workflow=structural_statistics_mmd status=success
2026-06-19 00:23:15,483 INFO row_complete 3670/3960 dataset=stochastic_block_model perturbation=hub_modification alpha=0.4 seed=4 workflow=wl_subtree_kernel_mmd status=success
2026-06-19 00:23:15,484 INFO row_complete 3671/3960 dataset=stochastic_block_model perturbation=hub_modification alpha=0.4 seed=4 workflow=native_netlsd status=success
2026-06-19 00:23:15,485 INFO row_complete 3672/3960 dataset=stochastic_block_model perturbation=hub_modification alpha=0.4 seed=4 workflow=diversity_curves_shortest_path status=success
2026-06-19 00:27:42,207 INFO row_complete 3673/3960 dataset=stochastic_block_model perturbation=hub_modification alpha=0.5 seed=4 workflow=structural_statistics_mmd status=success
2026-06-19 00:27:42,208 INFO row_complete 3674/3960 dataset=stochastic_block_model perturbation=hub_modification alpha=0.5 seed=4 workflow=wl_subtree_kernel_mmd status=success
2026-06-19 00:27:42,209 INFO row_complete 3675/3960 dataset=stochastic_block_model perturbation=hub_modification alpha=0.5 seed=4 workflow=native_netlsd status=success
2026-06-19 00:27:42,210 INFO row_complete 3676/3960 dataset=stochastic_block_model perturbation=hub_modification alpha=0.5 seed=4 workflow=diversity_curves_shortest_path status=success
2026-06-19 00:32:10,135 INFO row_complete 3677/3960 dataset=stochastic_block_model perturbation=hub_modification alpha=0.6 seed=4 workflow=structural_statistics_mmd status=success
2026-06-19 00:32:10,136 INFO row_complete 3678/3960 dataset=stochastic_block_model perturbation=hub_modification alpha=0.6 seed=4 workflow=wl_subtree_kernel_mmd status=success
2026-06-19 00:32:10,137 INFO row_complete 3679/3960 dataset=stochastic_block_model perturbation=hub_modification alpha=0.6 seed=4 workflow=native_netlsd status=success
2026-06-19 00:32:10,138 INFO row_complete 3680/3960 dataset=stochastic_block_model perturbation=hub_modification alpha=0.6 seed=4 workflow=diversity_curves_shortest_path status=success
2026-06-19 00:36:38,112 INFO row_complete 3681/3960 dataset=stochastic_block_model perturbation=hub_modification alpha=0.7 seed=4 workflow=structural_statistics_mmd status=success
2026-06-19 00:36:38,113 INFO row_complete 3682/3960 dataset=stochastic_block_model perturbation=hub_modification alpha=0.7 seed=4 workflow=wl_subtree_kernel_mmd status=success
2026-06-19 00:36:38,114 INFO row_complete 3683/3960 dataset=stochastic_block_model perturbation=hub_modification alpha=0.7 seed=4 workflow=native_netlsd status=success
2026-06-19 00:36:38,115 INFO row_complete 3684/3960 dataset=stochastic_block_model perturbation=hub_modification alpha=0.7 seed=4 workflow=diversity_curves_shortest_path status=success
2026-06-19 00:41:05,208 INFO row_complete 3685/3960 dataset=stochastic_block_model perturbation=hub_modification alpha=0.8 seed=4 workflow=structural_statistics_mmd status=success
2026-06-19 00:41:05,209 INFO row_complete 3686/3960 dataset=stochastic_block_model perturbation=hub_modification alpha=0.8 seed=4 workflow=wl_subtree_kernel_mmd status=success
2026-06-19 00:41:05,210 INFO row_complete 3687/3960 dataset=stochastic_block_model perturbation=hub_modification alpha=0.8 seed=4 workflow=native_netlsd status=success
2026-06-19 00:41:05,211 INFO row_complete 3688/3960 dataset=stochastic_block_model perturbation=hub_modification alpha=0.8 seed=4 workflow=diversity_curves_shortest_path status=success
2026-06-19 00:45:31,886 INFO row_complete 3689/3960 dataset=stochastic_block_model perturbation=hub_modification alpha=0.9 seed=4 workflow=structural_statistics_mmd status=success
2026-06-19 00:45:31,887 INFO row_complete 3690/3960 dataset=stochastic_block_model perturbation=hub_modification alpha=0.9 seed=4 workflow=wl_subtree_kernel_mmd status=success
2026-06-19 00:45:31,888 INFO row_complete 3691/3960 dataset=stochastic_block_model perturbation=hub_modification alpha=0.9 seed=4 workflow=native_netlsd status=success
2026-06-19 00:45:31,889 INFO row_complete 3692/3960 dataset=stochastic_block_model perturbation=hub_modification alpha=0.9 seed=4 workflow=diversity_curves_shortest_path status=success
2026-06-19 00:49:59,584 INFO row_complete 3693/3960 dataset=stochastic_block_model perturbation=hub_modification alpha=1.0 seed=4 workflow=structural_statistics_mmd status=success
2026-06-19 00:49:59,585 INFO row_complete 3694/3960 dataset=stochastic_block_model perturbation=hub_modification alpha=1.0 seed=4 workflow=wl_subtree_kernel_mmd status=success
2026-06-19 00:49:59,586 INFO row_complete 3695/3960 dataset=stochastic_block_model perturbation=hub_modification alpha=1.0 seed=4 workflow=native_netlsd status=success
2026-06-19 00:49:59,587 INFO row_complete 3696/3960 dataset=stochastic_block_model perturbation=hub_modification alpha=1.0 seed=4 workflow=diversity_curves_shortest_path status=success
2026-06-19 00:53:49,423 INFO row_complete 3697/3960 dataset=barabasi_albert perturbation=edge_insertion alpha=0.0 seed=4 workflow=structural_statistics_mmd status=success
2026-06-19 00:53:49,424 INFO row_complete 3698/3960 dataset=barabasi_albert perturbation=edge_insertion alpha=0.0 seed=4 workflow=wl_subtree_kernel_mmd status=success
2026-06-19 00:53:49,425 INFO row_complete 3699/3960 dataset=barabasi_albert perturbation=edge_insertion alpha=0.0 seed=4 workflow=native_netlsd status=success
2026-06-19 00:53:49,426 INFO row_complete 3700/3960 dataset=barabasi_albert perturbation=edge_insertion alpha=0.0 seed=4 workflow=diversity_curves_shortest_path status=success
2026-06-19 00:57:47,067 INFO row_complete 3701/3960 dataset=barabasi_albert perturbation=edge_insertion alpha=0.1 seed=4 workflow=structural_statistics_mmd status=success
2026-06-19 00:57:47,068 INFO row_complete 3702/3960 dataset=barabasi_albert perturbation=edge_insertion alpha=0.1 seed=4 workflow=wl_subtree_kernel_mmd status=success
2026-06-19 00:57:47,069 INFO row_complete 3703/3960 dataset=barabasi_albert perturbation=edge_insertion alpha=0.1 seed=4 workflow=native_netlsd status=success
2026-06-19 00:57:47,070 INFO row_complete 3704/3960 dataset=barabasi_albert perturbation=edge_insertion alpha=0.1 seed=4 workflow=diversity_curves_shortest_path status=success
2026-06-19 01:01:55,123 INFO row_complete 3705/3960 dataset=barabasi_albert perturbation=edge_insertion alpha=0.2 seed=4 workflow=structural_statistics_mmd status=success
2026-06-19 01:01:55,125 INFO row_complete 3706/3960 dataset=barabasi_albert perturbation=edge_insertion alpha=0.2 seed=4 workflow=wl_subtree_kernel_mmd status=success
2026-06-19 01:01:55,126 INFO row_complete 3707/3960 dataset=barabasi_albert perturbation=edge_insertion alpha=0.2 seed=4 workflow=native_netlsd status=success
2026-06-19 01:01:55,126 INFO row_complete 3708/3960 dataset=barabasi_albert perturbation=edge_insertion alpha=0.2 seed=4 workflow=diversity_curves_shortest_path status=success
2026-06-19 01:06:11,908 INFO row_complete 3709/3960 dataset=barabasi_albert perturbation=edge_insertion alpha=0.3 seed=4 workflow=structural_statistics_mmd status=success
2026-06-19 01:06:11,909 INFO row_complete 3710/3960 dataset=barabasi_albert perturbation=edge_insertion alpha=0.3 seed=4 workflow=wl_subtree_kernel_mmd status=success
2026-06-19 01:06:11,910 INFO row_complete 3711/3960 dataset=barabasi_albert perturbation=edge_insertion alpha=0.3 seed=4 workflow=native_netlsd status=success
2026-06-19 01:06:11,911 INFO row_complete 3712/3960 dataset=barabasi_albert perturbation=edge_insertion alpha=0.3 seed=4 workflow=diversity_curves_shortest_path status=success
2026-06-19 01:10:36,869 INFO row_complete 3713/3960 dataset=barabasi_albert perturbation=edge_insertion alpha=0.4 seed=4 workflow=structural_statistics_mmd status=success
2026-06-19 01:10:36,870 INFO row_complete 3714/3960 dataset=barabasi_albert perturbation=edge_insertion alpha=0.4 seed=4 workflow=wl_subtree_kernel_mmd status=success
2026-06-19 01:10:36,871 INFO row_complete 3715/3960 dataset=barabasi_albert perturbation=edge_insertion alpha=0.4 seed=4 workflow=native_netlsd status=success
2026-06-19 01:10:36,872 INFO row_complete 3716/3960 dataset=barabasi_albert perturbation=edge_insertion alpha=0.4 seed=4 workflow=diversity_curves_shortest_path status=success
2026-06-19 01:15:12,338 INFO row_complete 3717/3960 dataset=barabasi_albert perturbation=edge_insertion alpha=0.5 seed=4 workflow=structural_statistics_mmd status=success
2026-06-19 01:15:12,340 INFO row_complete 3718/3960 dataset=barabasi_albert perturbation=edge_insertion alpha=0.5 seed=4 workflow=wl_subtree_kernel_mmd status=success
2026-06-19 01:15:12,341 INFO row_complete 3719/3960 dataset=barabasi_albert perturbation=edge_insertion alpha=0.5 seed=4 workflow=native_netlsd status=success
2026-06-19 01:15:12,341 INFO row_complete 3720/3960 dataset=barabasi_albert perturbation=edge_insertion alpha=0.5 seed=4 workflow=diversity_curves_shortest_path status=success
2026-06-19 01:19:58,094 INFO row_complete 3721/3960 dataset=barabasi_albert perturbation=edge_insertion alpha=0.6 seed=4 workflow=structural_statistics_mmd status=success
2026-06-19 01:19:58,095 INFO row_complete 3722/3960 dataset=barabasi_albert perturbation=edge_insertion alpha=0.6 seed=4 workflow=wl_subtree_kernel_mmd status=success
2026-06-19 01:19:58,096 INFO row_complete 3723/3960 dataset=barabasi_albert perturbation=edge_insertion alpha=0.6 seed=4 workflow=native_netlsd status=success
2026-06-19 01:19:58,096 INFO row_complete 3724/3960 dataset=barabasi_albert perturbation=edge_insertion alpha=0.6 seed=4 workflow=diversity_curves_shortest_path status=success
2026-06-19 01:24:54,613 INFO row_complete 3725/3960 dataset=barabasi_albert perturbation=edge_insertion alpha=0.7 seed=4 workflow=structural_statistics_mmd status=success
2026-06-19 01:24:54,614 INFO row_complete 3726/3960 dataset=barabasi_albert perturbation=edge_insertion alpha=0.7 seed=4 workflow=wl_subtree_kernel_mmd status=success
2026-06-19 01:24:54,615 INFO row_complete 3727/3960 dataset=barabasi_albert perturbation=edge_insertion alpha=0.7 seed=4 workflow=native_netlsd status=success
2026-06-19 01:24:54,615 INFO row_complete 3728/3960 dataset=barabasi_albert perturbation=edge_insertion alpha=0.7 seed=4 workflow=diversity_curves_shortest_path status=success
2026-06-19 01:30:00,734 INFO row_complete 3729/3960 dataset=barabasi_albert perturbation=edge_insertion alpha=0.8 seed=4 workflow=structural_statistics_mmd status=success
2026-06-19 01:30:00,735 INFO row_complete 3730/3960 dataset=barabasi_albert perturbation=edge_insertion alpha=0.8 seed=4 workflow=wl_subtree_kernel_mmd status=success
2026-06-19 01:30:00,736 INFO row_complete 3731/3960 dataset=barabasi_albert perturbation=edge_insertion alpha=0.8 seed=4 workflow=native_netlsd status=success
2026-06-19 01:30:00,737 INFO row_complete 3732/3960 dataset=barabasi_albert perturbation=edge_insertion alpha=0.8 seed=4 workflow=diversity_curves_shortest_path status=success
2026-06-19 01:35:19,074 INFO row_complete 3733/3960 dataset=barabasi_albert perturbation=edge_insertion alpha=0.9 seed=4 workflow=structural_statistics_mmd status=success
2026-06-19 01:35:19,075 INFO row_complete 3734/3960 dataset=barabasi_albert perturbation=edge_insertion alpha=0.9 seed=4 workflow=wl_subtree_kernel_mmd status=success
2026-06-19 01:35:19,076 INFO row_complete 3735/3960 dataset=barabasi_albert perturbation=edge_insertion alpha=0.9 seed=4 workflow=native_netlsd status=success
2026-06-19 01:35:19,077 INFO row_complete 3736/3960 dataset=barabasi_albert perturbation=edge_insertion alpha=0.9 seed=4 workflow=diversity_curves_shortest_path status=success
2026-06-19 01:40:52,457 INFO row_complete 3737/3960 dataset=barabasi_albert perturbation=edge_insertion alpha=1.0 seed=4 workflow=structural_statistics_mmd status=success
2026-06-19 01:40:52,458 INFO row_complete 3738/3960 dataset=barabasi_albert perturbation=edge_insertion alpha=1.0 seed=4 workflow=wl_subtree_kernel_mmd status=success
2026-06-19 01:40:52,460 INFO row_complete 3739/3960 dataset=barabasi_albert perturbation=edge_insertion alpha=1.0 seed=4 workflow=native_netlsd status=success
2026-06-19 01:40:52,460 INFO row_complete 3740/3960 dataset=barabasi_albert perturbation=edge_insertion alpha=1.0 seed=4 workflow=diversity_curves_shortest_path status=success
2026-06-19 01:44:42,433 INFO row_complete 3741/3960 dataset=barabasi_albert perturbation=edge_deletion alpha=0.0 seed=4 workflow=structural_statistics_mmd status=success
2026-06-19 01:44:42,434 INFO row_complete 3742/3960 dataset=barabasi_albert perturbation=edge_deletion alpha=0.0 seed=4 workflow=wl_subtree_kernel_mmd status=success
2026-06-19 01:44:42,435 INFO row_complete 3743/3960 dataset=barabasi_albert perturbation=edge_deletion alpha=0.0 seed=4 workflow=native_netlsd status=success
2026-06-19 01:44:42,436 INFO row_complete 3744/3960 dataset=barabasi_albert perturbation=edge_deletion alpha=0.0 seed=4 workflow=diversity_curves_shortest_path status=success
2026-06-19 01:48:25,380 INFO row_complete 3745/3960 dataset=barabasi_albert perturbation=edge_deletion alpha=0.1 seed=4 workflow=structural_statistics_mmd status=success
2026-06-19 01:48:25,381 INFO row_complete 3746/3960 dataset=barabasi_albert perturbation=edge_deletion alpha=0.1 seed=4 workflow=wl_subtree_kernel_mmd status=success
2026-06-19 01:48:25,382 INFO row_complete 3747/3960 dataset=barabasi_albert perturbation=edge_deletion alpha=0.1 seed=4 workflow=native_netlsd status=success
2026-06-19 01:48:25,383 INFO row_complete 3748/3960 dataset=barabasi_albert perturbation=edge_deletion alpha=0.1 seed=4 workflow=diversity_curves_shortest_path status=success
2026-06-19 01:51:59,387 INFO row_complete 3749/3960 dataset=barabasi_albert perturbation=edge_deletion alpha=0.2 seed=4 workflow=structural_statistics_mmd status=success
2026-06-19 01:51:59,389 INFO row_complete 3750/3960 dataset=barabasi_albert perturbation=edge_deletion alpha=0.2 seed=4 workflow=wl_subtree_kernel_mmd status=success
2026-06-19 01:51:59,389 INFO row_complete 3751/3960 dataset=barabasi_albert perturbation=edge_deletion alpha=0.2 seed=4 workflow=native_netlsd status=success
2026-06-19 01:51:59,390 INFO row_complete 3752/3960 dataset=barabasi_albert perturbation=edge_deletion alpha=0.2 seed=4 workflow=diversity_curves_shortest_path status=success
2026-06-19 01:55:25,900 INFO row_complete 3753/3960 dataset=barabasi_albert perturbation=edge_deletion alpha=0.3 seed=4 workflow=structural_statistics_mmd status=success
2026-06-19 01:55:25,901 INFO row_complete 3754/3960 dataset=barabasi_albert perturbation=edge_deletion alpha=0.3 seed=4 workflow=wl_subtree_kernel_mmd status=success
2026-06-19 01:55:25,902 INFO row_complete 3755/3960 dataset=barabasi_albert perturbation=edge_deletion alpha=0.3 seed=4 workflow=native_netlsd status=success
2026-06-19 01:55:25,902 INFO row_complete 3756/3960 dataset=barabasi_albert perturbation=edge_deletion alpha=0.3 seed=4 workflow=diversity_curves_shortest_path status=success
2026-06-19 01:58:44,768 INFO row_complete 3757/3960 dataset=barabasi_albert perturbation=edge_deletion alpha=0.4 seed=4 workflow=structural_statistics_mmd status=success
2026-06-19 01:58:44,769 INFO row_complete 3758/3960 dataset=barabasi_albert perturbation=edge_deletion alpha=0.4 seed=4 workflow=wl_subtree_kernel_mmd status=success
2026-06-19 01:58:44,769 INFO row_complete 3759/3960 dataset=barabasi_albert perturbation=edge_deletion alpha=0.4 seed=4 workflow=native_netlsd status=success
2026-06-19 01:58:44,770 INFO row_complete 3760/3960 dataset=barabasi_albert perturbation=edge_deletion alpha=0.4 seed=4 workflow=diversity_curves_shortest_path status=success
2026-06-19 02:01:55,460 INFO row_complete 3761/3960 dataset=barabasi_albert perturbation=edge_deletion alpha=0.5 seed=4 workflow=structural_statistics_mmd status=success
2026-06-19 02:01:55,461 INFO row_complete 3762/3960 dataset=barabasi_albert perturbation=edge_deletion alpha=0.5 seed=4 workflow=wl_subtree_kernel_mmd status=success
2026-06-19 02:01:55,462 INFO row_complete 3763/3960 dataset=barabasi_albert perturbation=edge_deletion alpha=0.5 seed=4 workflow=native_netlsd status=success
2026-06-19 02:01:55,463 INFO row_complete 3764/3960 dataset=barabasi_albert perturbation=edge_deletion alpha=0.5 seed=4 workflow=diversity_curves_shortest_path status=success
2026-06-19 02:04:54,821 INFO row_complete 3765/3960 dataset=barabasi_albert perturbation=edge_deletion alpha=0.6 seed=4 workflow=structural_statistics_mmd status=success
2026-06-19 02:04:54,822 INFO row_complete 3766/3960 dataset=barabasi_albert perturbation=edge_deletion alpha=0.6 seed=4 workflow=wl_subtree_kernel_mmd status=success
2026-06-19 02:04:54,823 INFO row_complete 3767/3960 dataset=barabasi_albert perturbation=edge_deletion alpha=0.6 seed=4 workflow=native_netlsd status=success
2026-06-19 02:04:54,824 INFO row_complete 3768/3960 dataset=barabasi_albert perturbation=edge_deletion alpha=0.6 seed=4 workflow=diversity_curves_shortest_path status=success
2026-06-19 02:07:33,869 INFO row_complete 3769/3960 dataset=barabasi_albert perturbation=edge_deletion alpha=0.7 seed=4 workflow=structural_statistics_mmd status=success
2026-06-19 02:07:33,871 INFO row_complete 3770/3960 dataset=barabasi_albert perturbation=edge_deletion alpha=0.7 seed=4 workflow=wl_subtree_kernel_mmd status=success
2026-06-19 02:07:33,872 INFO row_complete 3771/3960 dataset=barabasi_albert perturbation=edge_deletion alpha=0.7 seed=4 workflow=native_netlsd status=success
2026-06-19 02:07:33,872 INFO row_complete 3772/3960 dataset=barabasi_albert perturbation=edge_deletion alpha=0.7 seed=4 workflow=diversity_curves_shortest_path status=success
2026-06-19 02:09:48,813 INFO row_complete 3773/3960 dataset=barabasi_albert perturbation=edge_deletion alpha=0.8 seed=4 workflow=structural_statistics_mmd status=success
2026-06-19 02:09:48,814 INFO row_complete 3774/3960 dataset=barabasi_albert perturbation=edge_deletion alpha=0.8 seed=4 workflow=wl_subtree_kernel_mmd status=success
2026-06-19 02:09:48,814 INFO row_complete 3775/3960 dataset=barabasi_albert perturbation=edge_deletion alpha=0.8 seed=4 workflow=native_netlsd status=success
2026-06-19 02:09:48,815 INFO row_complete 3776/3960 dataset=barabasi_albert perturbation=edge_deletion alpha=0.8 seed=4 workflow=diversity_curves_shortest_path status=success
2026-06-19 02:11:52,373 INFO row_complete 3777/3960 dataset=barabasi_albert perturbation=edge_deletion alpha=0.9 seed=4 workflow=structural_statistics_mmd status=success
2026-06-19 02:11:52,374 INFO row_complete 3778/3960 dataset=barabasi_albert perturbation=edge_deletion alpha=0.9 seed=4 workflow=wl_subtree_kernel_mmd status=success
2026-06-19 02:11:52,375 INFO row_complete 3779/3960 dataset=barabasi_albert perturbation=edge_deletion alpha=0.9 seed=4 workflow=native_netlsd status=success
2026-06-19 02:11:52,375 INFO row_complete 3780/3960 dataset=barabasi_albert perturbation=edge_deletion alpha=0.9 seed=4 workflow=diversity_curves_shortest_path status=success
2026-06-19 02:13:52,694 INFO row_complete 3781/3960 dataset=barabasi_albert perturbation=edge_deletion alpha=1.0 seed=4 workflow=structural_statistics_mmd status=success
2026-06-19 02:13:52,696 INFO row_complete 3782/3960 dataset=barabasi_albert perturbation=edge_deletion alpha=1.0 seed=4 workflow=wl_subtree_kernel_mmd status=success
2026-06-19 02:13:52,696 INFO row_complete 3783/3960 dataset=barabasi_albert perturbation=edge_deletion alpha=1.0 seed=4 workflow=native_netlsd status=success
2026-06-19 02:13:52,697 INFO row_complete 3784/3960 dataset=barabasi_albert perturbation=edge_deletion alpha=1.0 seed=4 workflow=diversity_curves_shortest_path status=success
2026-06-19 02:17:42,728 INFO row_complete 3785/3960 dataset=barabasi_albert perturbation=triangle_insertion alpha=0.0 seed=4 workflow=structural_statistics_mmd status=success
2026-06-19 02:17:42,729 INFO row_complete 3786/3960 dataset=barabasi_albert perturbation=triangle_insertion alpha=0.0 seed=4 workflow=wl_subtree_kernel_mmd status=success
2026-06-19 02:17:42,730 INFO row_complete 3787/3960 dataset=barabasi_albert perturbation=triangle_insertion alpha=0.0 seed=4 workflow=native_netlsd status=success
2026-06-19 02:17:42,731 INFO row_complete 3788/3960 dataset=barabasi_albert perturbation=triangle_insertion alpha=0.0 seed=4 workflow=diversity_curves_shortest_path status=success
2026-06-19 02:21:39,418 INFO row_complete 3789/3960 dataset=barabasi_albert perturbation=triangle_insertion alpha=0.1 seed=4 workflow=structural_statistics_mmd status=success
2026-06-19 02:21:39,419 INFO row_complete 3790/3960 dataset=barabasi_albert perturbation=triangle_insertion alpha=0.1 seed=4 workflow=wl_subtree_kernel_mmd status=success
2026-06-19 02:21:39,419 INFO row_complete 3791/3960 dataset=barabasi_albert perturbation=triangle_insertion alpha=0.1 seed=4 workflow=native_netlsd status=success
2026-06-19 02:21:39,420 INFO row_complete 3792/3960 dataset=barabasi_albert perturbation=triangle_insertion alpha=0.1 seed=4 workflow=diversity_curves_shortest_path status=success
2026-06-19 02:25:43,028 INFO row_complete 3793/3960 dataset=barabasi_albert perturbation=triangle_insertion alpha=0.2 seed=4 workflow=structural_statistics_mmd status=success
2026-06-19 02:25:43,029 INFO row_complete 3794/3960 dataset=barabasi_albert perturbation=triangle_insertion alpha=0.2 seed=4 workflow=wl_subtree_kernel_mmd status=success
2026-06-19 02:25:43,029 INFO row_complete 3795/3960 dataset=barabasi_albert perturbation=triangle_insertion alpha=0.2 seed=4 workflow=native_netlsd status=success
2026-06-19 02:25:43,030 INFO row_complete 3796/3960 dataset=barabasi_albert perturbation=triangle_insertion alpha=0.2 seed=4 workflow=diversity_curves_shortest_path status=success
2026-06-19 02:29:55,934 INFO row_complete 3797/3960 dataset=barabasi_albert perturbation=triangle_insertion alpha=0.3 seed=4 workflow=structural_statistics_mmd status=success
2026-06-19 02:29:55,936 INFO row_complete 3798/3960 dataset=barabasi_albert perturbation=triangle_insertion alpha=0.3 seed=4 workflow=wl_subtree_kernel_mmd status=success
2026-06-19 02:29:55,937 INFO row_complete 3799/3960 dataset=barabasi_albert perturbation=triangle_insertion alpha=0.3 seed=4 workflow=native_netlsd status=success
2026-06-19 02:29:55,938 INFO row_complete 3800/3960 dataset=barabasi_albert perturbation=triangle_insertion alpha=0.3 seed=4 workflow=diversity_curves_shortest_path status=success
2026-06-19 02:34:15,614 INFO row_complete 3801/3960 dataset=barabasi_albert perturbation=triangle_insertion alpha=0.4 seed=4 workflow=structural_statistics_mmd status=success
2026-06-19 02:34:15,615 INFO row_complete 3802/3960 dataset=barabasi_albert perturbation=triangle_insertion alpha=0.4 seed=4 workflow=wl_subtree_kernel_mmd status=success
2026-06-19 02:34:15,616 INFO row_complete 3803/3960 dataset=barabasi_albert perturbation=triangle_insertion alpha=0.4 seed=4 workflow=native_netlsd status=success
2026-06-19 02:34:15,617 INFO row_complete 3804/3960 dataset=barabasi_albert perturbation=triangle_insertion alpha=0.4 seed=4 workflow=diversity_curves_shortest_path status=success
2026-06-19 02:38:43,445 INFO row_complete 3805/3960 dataset=barabasi_albert perturbation=triangle_insertion alpha=0.5 seed=4 workflow=structural_statistics_mmd status=success
2026-06-19 02:38:43,446 INFO row_complete 3806/3960 dataset=barabasi_albert perturbation=triangle_insertion alpha=0.5 seed=4 workflow=wl_subtree_kernel_mmd status=success
2026-06-19 02:38:43,447 INFO row_complete 3807/3960 dataset=barabasi_albert perturbation=triangle_insertion alpha=0.5 seed=4 workflow=native_netlsd status=success
2026-06-19 02:38:43,448 INFO row_complete 3808/3960 dataset=barabasi_albert perturbation=triangle_insertion alpha=0.5 seed=4 workflow=diversity_curves_shortest_path status=success
2026-06-19 02:43:22,093 INFO row_complete 3809/3960 dataset=barabasi_albert perturbation=triangle_insertion alpha=0.6 seed=4 workflow=structural_statistics_mmd status=success
2026-06-19 02:43:22,094 INFO row_complete 3810/3960 dataset=barabasi_albert perturbation=triangle_insertion alpha=0.6 seed=4 workflow=wl_subtree_kernel_mmd status=success
2026-06-19 02:43:22,095 INFO row_complete 3811/3960 dataset=barabasi_albert perturbation=triangle_insertion alpha=0.6 seed=4 workflow=native_netlsd status=success
2026-06-19 02:43:22,095 INFO row_complete 3812/3960 dataset=barabasi_albert perturbation=triangle_insertion alpha=0.6 seed=4 workflow=diversity_curves_shortest_path status=success
2026-06-19 02:48:07,521 INFO row_complete 3813/3960 dataset=barabasi_albert perturbation=triangle_insertion alpha=0.7 seed=4 workflow=structural_statistics_mmd status=success
2026-06-19 02:48:07,522 INFO row_complete 3814/3960 dataset=barabasi_albert perturbation=triangle_insertion alpha=0.7 seed=4 workflow=wl_subtree_kernel_mmd status=success
2026-06-19 02:48:07,522 INFO row_complete 3815/3960 dataset=barabasi_albert perturbation=triangle_insertion alpha=0.7 seed=4 workflow=native_netlsd status=success
2026-06-19 02:48:07,523 INFO row_complete 3816/3960 dataset=barabasi_albert perturbation=triangle_insertion alpha=0.7 seed=4 workflow=diversity_curves_shortest_path status=success
2026-06-19 02:53:03,395 INFO row_complete 3817/3960 dataset=barabasi_albert perturbation=triangle_insertion alpha=0.8 seed=4 workflow=structural_statistics_mmd status=success
2026-06-19 02:53:03,396 INFO row_complete 3818/3960 dataset=barabasi_albert perturbation=triangle_insertion alpha=0.8 seed=4 workflow=wl_subtree_kernel_mmd status=success
2026-06-19 02:53:03,397 INFO row_complete 3819/3960 dataset=barabasi_albert perturbation=triangle_insertion alpha=0.8 seed=4 workflow=native_netlsd status=success
2026-06-19 02:53:03,397 INFO row_complete 3820/3960 dataset=barabasi_albert perturbation=triangle_insertion alpha=0.8 seed=4 workflow=diversity_curves_shortest_path status=success
2026-06-19 02:58:12,132 INFO row_complete 3821/3960 dataset=barabasi_albert perturbation=triangle_insertion alpha=0.9 seed=4 workflow=structural_statistics_mmd status=success
2026-06-19 02:58:12,133 INFO row_complete 3822/3960 dataset=barabasi_albert perturbation=triangle_insertion alpha=0.9 seed=4 workflow=wl_subtree_kernel_mmd status=success
2026-06-19 02:58:12,134 INFO row_complete 3823/3960 dataset=barabasi_albert perturbation=triangle_insertion alpha=0.9 seed=4 workflow=native_netlsd status=success
2026-06-19 02:58:12,135 INFO row_complete 3824/3960 dataset=barabasi_albert perturbation=triangle_insertion alpha=0.9 seed=4 workflow=diversity_curves_shortest_path status=success
2026-06-19 03:03:30,688 INFO row_complete 3825/3960 dataset=barabasi_albert perturbation=triangle_insertion alpha=1.0 seed=4 workflow=structural_statistics_mmd status=success
2026-06-19 03:03:30,689 INFO row_complete 3826/3960 dataset=barabasi_albert perturbation=triangle_insertion alpha=1.0 seed=4 workflow=wl_subtree_kernel_mmd status=success
2026-06-19 03:03:30,690 INFO row_complete 3827/3960 dataset=barabasi_albert perturbation=triangle_insertion alpha=1.0 seed=4 workflow=native_netlsd status=success
2026-06-19 03:03:30,690 INFO row_complete 3828/3960 dataset=barabasi_albert perturbation=triangle_insertion alpha=1.0 seed=4 workflow=diversity_curves_shortest_path status=success
2026-06-19 03:07:21,277 INFO row_complete 3829/3960 dataset=barabasi_albert perturbation=triangle_deletion alpha=0.0 seed=4 workflow=structural_statistics_mmd status=success
2026-06-19 03:07:21,278 INFO row_complete 3830/3960 dataset=barabasi_albert perturbation=triangle_deletion alpha=0.0 seed=4 workflow=wl_subtree_kernel_mmd status=success
2026-06-19 03:07:21,279 INFO row_complete 3831/3960 dataset=barabasi_albert perturbation=triangle_deletion alpha=0.0 seed=4 workflow=native_netlsd status=success
2026-06-19 03:07:21,279 INFO row_complete 3832/3960 dataset=barabasi_albert perturbation=triangle_deletion alpha=0.0 seed=4 workflow=diversity_curves_shortest_path status=success
2026-06-19 03:11:06,117 INFO row_complete 3833/3960 dataset=barabasi_albert perturbation=triangle_deletion alpha=0.1 seed=4 workflow=structural_statistics_mmd status=success
2026-06-19 03:11:06,118 INFO row_complete 3834/3960 dataset=barabasi_albert perturbation=triangle_deletion alpha=0.1 seed=4 workflow=wl_subtree_kernel_mmd status=success
2026-06-19 03:11:06,119 INFO row_complete 3835/3960 dataset=barabasi_albert perturbation=triangle_deletion alpha=0.1 seed=4 workflow=native_netlsd status=success
2026-06-19 03:11:06,120 INFO row_complete 3836/3960 dataset=barabasi_albert perturbation=triangle_deletion alpha=0.1 seed=4 workflow=diversity_curves_shortest_path status=success
2026-06-19 03:14:43,294 INFO row_complete 3837/3960 dataset=barabasi_albert perturbation=triangle_deletion alpha=0.2 seed=4 workflow=structural_statistics_mmd status=success
2026-06-19 03:14:43,295 INFO row_complete 3838/3960 dataset=barabasi_albert perturbation=triangle_deletion alpha=0.2 seed=4 workflow=wl_subtree_kernel_mmd status=success
2026-06-19 03:14:43,296 INFO row_complete 3839/3960 dataset=barabasi_albert perturbation=triangle_deletion alpha=0.2 seed=4 workflow=native_netlsd status=success
2026-06-19 03:14:43,297 INFO row_complete 3840/3960 dataset=barabasi_albert perturbation=triangle_deletion alpha=0.2 seed=4 workflow=diversity_curves_shortest_path status=success
2026-06-19 03:18:11,610 INFO row_complete 3841/3960 dataset=barabasi_albert perturbation=triangle_deletion alpha=0.3 seed=4 workflow=structural_statistics_mmd status=success
2026-06-19 03:18:11,611 INFO row_complete 3842/3960 dataset=barabasi_albert perturbation=triangle_deletion alpha=0.3 seed=4 workflow=wl_subtree_kernel_mmd status=success
2026-06-19 03:18:11,612 INFO row_complete 3843/3960 dataset=barabasi_albert perturbation=triangle_deletion alpha=0.3 seed=4 workflow=native_netlsd status=success
2026-06-19 03:18:11,613 INFO row_complete 3844/3960 dataset=barabasi_albert perturbation=triangle_deletion alpha=0.3 seed=4 workflow=diversity_curves_shortest_path status=success
2026-06-19 03:21:33,492 INFO row_complete 3845/3960 dataset=barabasi_albert perturbation=triangle_deletion alpha=0.4 seed=4 workflow=structural_statistics_mmd status=success
2026-06-19 03:21:33,492 INFO row_complete 3846/3960 dataset=barabasi_albert perturbation=triangle_deletion alpha=0.4 seed=4 workflow=wl_subtree_kernel_mmd status=success
2026-06-19 03:21:33,493 INFO row_complete 3847/3960 dataset=barabasi_albert perturbation=triangle_deletion alpha=0.4 seed=4 workflow=native_netlsd status=success
2026-06-19 03:21:33,494 INFO row_complete 3848/3960 dataset=barabasi_albert perturbation=triangle_deletion alpha=0.4 seed=4 workflow=diversity_curves_shortest_path status=success
2026-06-19 03:24:50,643 INFO row_complete 3849/3960 dataset=barabasi_albert perturbation=triangle_deletion alpha=0.5 seed=4 workflow=structural_statistics_mmd status=success
2026-06-19 03:24:50,644 INFO row_complete 3850/3960 dataset=barabasi_albert perturbation=triangle_deletion alpha=0.5 seed=4 workflow=wl_subtree_kernel_mmd status=success
2026-06-19 03:24:50,645 INFO row_complete 3851/3960 dataset=barabasi_albert perturbation=triangle_deletion alpha=0.5 seed=4 workflow=native_netlsd status=success
2026-06-19 03:24:50,646 INFO row_complete 3852/3960 dataset=barabasi_albert perturbation=triangle_deletion alpha=0.5 seed=4 workflow=diversity_curves_shortest_path status=success
2026-06-19 03:28:07,229 INFO row_complete 3853/3960 dataset=barabasi_albert perturbation=triangle_deletion alpha=0.6 seed=4 workflow=structural_statistics_mmd status=success
2026-06-19 03:28:07,230 INFO row_complete 3854/3960 dataset=barabasi_albert perturbation=triangle_deletion alpha=0.6 seed=4 workflow=wl_subtree_kernel_mmd status=success
2026-06-19 03:28:07,230 INFO row_complete 3855/3960 dataset=barabasi_albert perturbation=triangle_deletion alpha=0.6 seed=4 workflow=native_netlsd status=success
2026-06-19 03:28:07,231 INFO row_complete 3856/3960 dataset=barabasi_albert perturbation=triangle_deletion alpha=0.6 seed=4 workflow=diversity_curves_shortest_path status=success
2026-06-19 03:31:23,651 INFO row_complete 3857/3960 dataset=barabasi_albert perturbation=triangle_deletion alpha=0.7 seed=4 workflow=structural_statistics_mmd status=success
2026-06-19 03:31:23,652 INFO row_complete 3858/3960 dataset=barabasi_albert perturbation=triangle_deletion alpha=0.7 seed=4 workflow=wl_subtree_kernel_mmd status=success
2026-06-19 03:31:23,653 INFO row_complete 3859/3960 dataset=barabasi_albert perturbation=triangle_deletion alpha=0.7 seed=4 workflow=native_netlsd status=success
2026-06-19 03:31:23,654 INFO row_complete 3860/3960 dataset=barabasi_albert perturbation=triangle_deletion alpha=0.7 seed=4 workflow=diversity_curves_shortest_path status=success
2026-06-19 03:34:40,427 INFO row_complete 3861/3960 dataset=barabasi_albert perturbation=triangle_deletion alpha=0.8 seed=4 workflow=structural_statistics_mmd status=success
2026-06-19 03:34:40,428 INFO row_complete 3862/3960 dataset=barabasi_albert perturbation=triangle_deletion alpha=0.8 seed=4 workflow=wl_subtree_kernel_mmd status=success
2026-06-19 03:34:40,429 INFO row_complete 3863/3960 dataset=barabasi_albert perturbation=triangle_deletion alpha=0.8 seed=4 workflow=native_netlsd status=success
2026-06-19 03:34:40,430 INFO row_complete 3864/3960 dataset=barabasi_albert perturbation=triangle_deletion alpha=0.8 seed=4 workflow=diversity_curves_shortest_path status=success
2026-06-19 03:37:57,320 INFO row_complete 3865/3960 dataset=barabasi_albert perturbation=triangle_deletion alpha=0.9 seed=4 workflow=structural_statistics_mmd status=success
2026-06-19 03:37:57,321 INFO row_complete 3866/3960 dataset=barabasi_albert perturbation=triangle_deletion alpha=0.9 seed=4 workflow=wl_subtree_kernel_mmd status=success
2026-06-19 03:37:57,322 INFO row_complete 3867/3960 dataset=barabasi_albert perturbation=triangle_deletion alpha=0.9 seed=4 workflow=native_netlsd status=success
2026-06-19 03:37:57,322 INFO row_complete 3868/3960 dataset=barabasi_albert perturbation=triangle_deletion alpha=0.9 seed=4 workflow=diversity_curves_shortest_path status=success
2026-06-19 03:41:14,557 INFO row_complete 3869/3960 dataset=barabasi_albert perturbation=triangle_deletion alpha=1.0 seed=4 workflow=structural_statistics_mmd status=success
2026-06-19 03:41:14,558 INFO row_complete 3870/3960 dataset=barabasi_albert perturbation=triangle_deletion alpha=1.0 seed=4 workflow=wl_subtree_kernel_mmd status=success
2026-06-19 03:41:14,559 INFO row_complete 3871/3960 dataset=barabasi_albert perturbation=triangle_deletion alpha=1.0 seed=4 workflow=native_netlsd status=success
2026-06-19 03:41:14,560 INFO row_complete 3872/3960 dataset=barabasi_albert perturbation=triangle_deletion alpha=1.0 seed=4 workflow=diversity_curves_shortest_path status=success
2026-06-19 03:41:14,573 INFO row_complete 3873/3960 dataset=barabasi_albert perturbation=community_weakening alpha=0.0 seed=4 workflow=structural_statistics_mmd status=skipped
2026-06-19 03:41:14,574 INFO row_complete 3874/3960 dataset=barabasi_albert perturbation=community_weakening alpha=0.0 seed=4 workflow=wl_subtree_kernel_mmd status=skipped
2026-06-19 03:41:14,575 INFO row_complete 3875/3960 dataset=barabasi_albert perturbation=community_weakening alpha=0.0 seed=4 workflow=native_netlsd status=skipped
2026-06-19 03:41:14,576 INFO row_complete 3876/3960 dataset=barabasi_albert perturbation=community_weakening alpha=0.0 seed=4 workflow=diversity_curves_shortest_path status=skipped
2026-06-19 03:41:14,592 INFO row_complete 3877/3960 dataset=barabasi_albert perturbation=community_weakening alpha=0.1 seed=4 workflow=structural_statistics_mmd status=skipped
2026-06-19 03:41:14,593 INFO row_complete 3878/3960 dataset=barabasi_albert perturbation=community_weakening alpha=0.1 seed=4 workflow=wl_subtree_kernel_mmd status=skipped
2026-06-19 03:41:14,594 INFO row_complete 3879/3960 dataset=barabasi_albert perturbation=community_weakening alpha=0.1 seed=4 workflow=native_netlsd status=skipped
2026-06-19 03:41:14,595 INFO row_complete 3880/3960 dataset=barabasi_albert perturbation=community_weakening alpha=0.1 seed=4 workflow=diversity_curves_shortest_path status=skipped
2026-06-19 03:41:14,616 INFO row_complete 3881/3960 dataset=barabasi_albert perturbation=community_weakening alpha=0.2 seed=4 workflow=structural_statistics_mmd status=skipped
2026-06-19 03:41:14,617 INFO row_complete 3882/3960 dataset=barabasi_albert perturbation=community_weakening alpha=0.2 seed=4 workflow=wl_subtree_kernel_mmd status=skipped
2026-06-19 03:41:14,618 INFO row_complete 3883/3960 dataset=barabasi_albert perturbation=community_weakening alpha=0.2 seed=4 workflow=native_netlsd status=skipped
2026-06-19 03:41:14,618 INFO row_complete 3884/3960 dataset=barabasi_albert perturbation=community_weakening alpha=0.2 seed=4 workflow=diversity_curves_shortest_path status=skipped
2026-06-19 03:41:14,634 INFO row_complete 3885/3960 dataset=barabasi_albert perturbation=community_weakening alpha=0.3 seed=4 workflow=structural_statistics_mmd status=skipped
2026-06-19 03:41:14,634 INFO row_complete 3886/3960 dataset=barabasi_albert perturbation=community_weakening alpha=0.3 seed=4 workflow=wl_subtree_kernel_mmd status=skipped
2026-06-19 03:41:14,635 INFO row_complete 3887/3960 dataset=barabasi_albert perturbation=community_weakening alpha=0.3 seed=4 workflow=native_netlsd status=skipped
2026-06-19 03:41:14,636 INFO row_complete 3888/3960 dataset=barabasi_albert perturbation=community_weakening alpha=0.3 seed=4 workflow=diversity_curves_shortest_path status=skipped
2026-06-19 03:41:14,651 INFO row_complete 3889/3960 dataset=barabasi_albert perturbation=community_weakening alpha=0.4 seed=4 workflow=structural_statistics_mmd status=skipped
2026-06-19 03:41:14,652 INFO row_complete 3890/3960 dataset=barabasi_albert perturbation=community_weakening alpha=0.4 seed=4 workflow=wl_subtree_kernel_mmd status=skipped
2026-06-19 03:41:14,653 INFO row_complete 3891/3960 dataset=barabasi_albert perturbation=community_weakening alpha=0.4 seed=4 workflow=native_netlsd status=skipped
2026-06-19 03:41:14,654 INFO row_complete 3892/3960 dataset=barabasi_albert perturbation=community_weakening alpha=0.4 seed=4 workflow=diversity_curves_shortest_path status=skipped
2026-06-19 03:41:14,670 INFO row_complete 3893/3960 dataset=barabasi_albert perturbation=community_weakening alpha=0.5 seed=4 workflow=structural_statistics_mmd status=skipped
2026-06-19 03:41:14,671 INFO row_complete 3894/3960 dataset=barabasi_albert perturbation=community_weakening alpha=0.5 seed=4 workflow=wl_subtree_kernel_mmd status=skipped
2026-06-19 03:41:14,672 INFO row_complete 3895/3960 dataset=barabasi_albert perturbation=community_weakening alpha=0.5 seed=4 workflow=native_netlsd status=skipped
2026-06-19 03:41:14,672 INFO row_complete 3896/3960 dataset=barabasi_albert perturbation=community_weakening alpha=0.5 seed=4 workflow=diversity_curves_shortest_path status=skipped
2026-06-19 03:41:14,688 INFO row_complete 3897/3960 dataset=barabasi_albert perturbation=community_weakening alpha=0.6 seed=4 workflow=structural_statistics_mmd status=skipped
2026-06-19 03:41:14,688 INFO row_complete 3898/3960 dataset=barabasi_albert perturbation=community_weakening alpha=0.6 seed=4 workflow=wl_subtree_kernel_mmd status=skipped
2026-06-19 03:41:14,689 INFO row_complete 3899/3960 dataset=barabasi_albert perturbation=community_weakening alpha=0.6 seed=4 workflow=native_netlsd status=skipped
2026-06-19 03:41:14,690 INFO row_complete 3900/3960 dataset=barabasi_albert perturbation=community_weakening alpha=0.6 seed=4 workflow=diversity_curves_shortest_path status=skipped
2026-06-19 03:41:14,704 INFO row_complete 3901/3960 dataset=barabasi_albert perturbation=community_weakening alpha=0.7 seed=4 workflow=structural_statistics_mmd status=skipped
2026-06-19 03:41:14,705 INFO row_complete 3902/3960 dataset=barabasi_albert perturbation=community_weakening alpha=0.7 seed=4 workflow=wl_subtree_kernel_mmd status=skipped
2026-06-19 03:41:14,706 INFO row_complete 3903/3960 dataset=barabasi_albert perturbation=community_weakening alpha=0.7 seed=4 workflow=native_netlsd status=skipped
2026-06-19 03:41:14,707 INFO row_complete 3904/3960 dataset=barabasi_albert perturbation=community_weakening alpha=0.7 seed=4 workflow=diversity_curves_shortest_path status=skipped
2026-06-19 03:41:14,721 INFO row_complete 3905/3960 dataset=barabasi_albert perturbation=community_weakening alpha=0.8 seed=4 workflow=structural_statistics_mmd status=skipped
2026-06-19 03:41:14,722 INFO row_complete 3906/3960 dataset=barabasi_albert perturbation=community_weakening alpha=0.8 seed=4 workflow=wl_subtree_kernel_mmd status=skipped
2026-06-19 03:41:14,723 INFO row_complete 3907/3960 dataset=barabasi_albert perturbation=community_weakening alpha=0.8 seed=4 workflow=native_netlsd status=skipped
2026-06-19 03:41:14,723 INFO row_complete 3908/3960 dataset=barabasi_albert perturbation=community_weakening alpha=0.8 seed=4 workflow=diversity_curves_shortest_path status=skipped
2026-06-19 03:41:14,739 INFO row_complete 3909/3960 dataset=barabasi_albert perturbation=community_weakening alpha=0.9 seed=4 workflow=structural_statistics_mmd status=skipped
2026-06-19 03:41:14,740 INFO row_complete 3910/3960 dataset=barabasi_albert perturbation=community_weakening alpha=0.9 seed=4 workflow=wl_subtree_kernel_mmd status=skipped
2026-06-19 03:41:14,741 INFO row_complete 3911/3960 dataset=barabasi_albert perturbation=community_weakening alpha=0.9 seed=4 workflow=native_netlsd status=skipped
2026-06-19 03:41:14,742 INFO row_complete 3912/3960 dataset=barabasi_albert perturbation=community_weakening alpha=0.9 seed=4 workflow=diversity_curves_shortest_path status=skipped
2026-06-19 03:41:14,756 INFO row_complete 3913/3960 dataset=barabasi_albert perturbation=community_weakening alpha=1.0 seed=4 workflow=structural_statistics_mmd status=skipped
2026-06-19 03:41:14,757 INFO row_complete 3914/3960 dataset=barabasi_albert perturbation=community_weakening alpha=1.0 seed=4 workflow=wl_subtree_kernel_mmd status=skipped
2026-06-19 03:41:14,757 INFO row_complete 3915/3960 dataset=barabasi_albert perturbation=community_weakening alpha=1.0 seed=4 workflow=native_netlsd status=skipped
2026-06-19 03:41:14,758 INFO row_complete 3916/3960 dataset=barabasi_albert perturbation=community_weakening alpha=1.0 seed=4 workflow=diversity_curves_shortest_path status=skipped
2026-06-19 03:45:04,998 INFO row_complete 3917/3960 dataset=barabasi_albert perturbation=hub_modification alpha=0.0 seed=4 workflow=structural_statistics_mmd status=success
2026-06-19 03:45:04,999 INFO row_complete 3918/3960 dataset=barabasi_albert perturbation=hub_modification alpha=0.0 seed=4 workflow=wl_subtree_kernel_mmd status=success
2026-06-19 03:45:05,000 INFO row_complete 3919/3960 dataset=barabasi_albert perturbation=hub_modification alpha=0.0 seed=4 workflow=native_netlsd status=success
2026-06-19 03:45:05,001 INFO row_complete 3920/3960 dataset=barabasi_albert perturbation=hub_modification alpha=0.0 seed=4 workflow=diversity_curves_shortest_path status=success
2026-06-19 03:48:55,557 INFO row_complete 3921/3960 dataset=barabasi_albert perturbation=hub_modification alpha=0.1 seed=4 workflow=structural_statistics_mmd status=success
2026-06-19 03:48:55,558 INFO row_complete 3922/3960 dataset=barabasi_albert perturbation=hub_modification alpha=0.1 seed=4 workflow=wl_subtree_kernel_mmd status=success
2026-06-19 03:48:55,559 INFO row_complete 3923/3960 dataset=barabasi_albert perturbation=hub_modification alpha=0.1 seed=4 workflow=native_netlsd status=success
2026-06-19 03:48:55,560 INFO row_complete 3924/3960 dataset=barabasi_albert perturbation=hub_modification alpha=0.1 seed=4 workflow=diversity_curves_shortest_path status=success
2026-06-19 03:52:44,991 INFO row_complete 3925/3960 dataset=barabasi_albert perturbation=hub_modification alpha=0.2 seed=4 workflow=structural_statistics_mmd status=success
2026-06-19 03:52:44,992 INFO row_complete 3926/3960 dataset=barabasi_albert perturbation=hub_modification alpha=0.2 seed=4 workflow=wl_subtree_kernel_mmd status=success
2026-06-19 03:52:44,993 INFO row_complete 3927/3960 dataset=barabasi_albert perturbation=hub_modification alpha=0.2 seed=4 workflow=native_netlsd status=success
2026-06-19 03:52:44,994 INFO row_complete 3928/3960 dataset=barabasi_albert perturbation=hub_modification alpha=0.2 seed=4 workflow=diversity_curves_shortest_path status=success
2026-06-19 03:56:34,386 INFO row_complete 3929/3960 dataset=barabasi_albert perturbation=hub_modification alpha=0.3 seed=4 workflow=structural_statistics_mmd status=success
2026-06-19 03:56:34,387 INFO row_complete 3930/3960 dataset=barabasi_albert perturbation=hub_modification alpha=0.3 seed=4 workflow=wl_subtree_kernel_mmd status=success
2026-06-19 03:56:34,388 INFO row_complete 3931/3960 dataset=barabasi_albert perturbation=hub_modification alpha=0.3 seed=4 workflow=native_netlsd status=success
2026-06-19 03:56:34,389 INFO row_complete 3932/3960 dataset=barabasi_albert perturbation=hub_modification alpha=0.3 seed=4 workflow=diversity_curves_shortest_path status=success
2026-06-19 04:00:23,173 INFO row_complete 3933/3960 dataset=barabasi_albert perturbation=hub_modification alpha=0.4 seed=4 workflow=structural_statistics_mmd status=success
2026-06-19 04:00:23,174 INFO row_complete 3934/3960 dataset=barabasi_albert perturbation=hub_modification alpha=0.4 seed=4 workflow=wl_subtree_kernel_mmd status=success
2026-06-19 04:00:23,175 INFO row_complete 3935/3960 dataset=barabasi_albert perturbation=hub_modification alpha=0.4 seed=4 workflow=native_netlsd status=success
2026-06-19 04:00:23,176 INFO row_complete 3936/3960 dataset=barabasi_albert perturbation=hub_modification alpha=0.4 seed=4 workflow=diversity_curves_shortest_path status=success
2026-06-19 04:04:12,471 INFO row_complete 3937/3960 dataset=barabasi_albert perturbation=hub_modification alpha=0.5 seed=4 workflow=structural_statistics_mmd status=success
2026-06-19 04:04:12,472 INFO row_complete 3938/3960 dataset=barabasi_albert perturbation=hub_modification alpha=0.5 seed=4 workflow=wl_subtree_kernel_mmd status=success
2026-06-19 04:04:12,473 INFO row_complete 3939/3960 dataset=barabasi_albert perturbation=hub_modification alpha=0.5 seed=4 workflow=native_netlsd status=success
2026-06-19 04:04:12,474 INFO row_complete 3940/3960 dataset=barabasi_albert perturbation=hub_modification alpha=0.5 seed=4 workflow=diversity_curves_shortest_path status=success
2026-06-19 04:08:01,778 INFO row_complete 3941/3960 dataset=barabasi_albert perturbation=hub_modification alpha=0.6 seed=4 workflow=structural_statistics_mmd status=success
2026-06-19 04:08:01,779 INFO row_complete 3942/3960 dataset=barabasi_albert perturbation=hub_modification alpha=0.6 seed=4 workflow=wl_subtree_kernel_mmd status=success
2026-06-19 04:08:01,780 INFO row_complete 3943/3960 dataset=barabasi_albert perturbation=hub_modification alpha=0.6 seed=4 workflow=native_netlsd status=success
2026-06-19 04:08:01,781 INFO row_complete 3944/3960 dataset=barabasi_albert perturbation=hub_modification alpha=0.6 seed=4 workflow=diversity_curves_shortest_path status=success
2026-06-19 04:11:51,090 INFO row_complete 3945/3960 dataset=barabasi_albert perturbation=hub_modification alpha=0.7 seed=4 workflow=structural_statistics_mmd status=success
2026-06-19 04:11:51,091 INFO row_complete 3946/3960 dataset=barabasi_albert perturbation=hub_modification alpha=0.7 seed=4 workflow=wl_subtree_kernel_mmd status=success
2026-06-19 04:11:51,092 INFO row_complete 3947/3960 dataset=barabasi_albert perturbation=hub_modification alpha=0.7 seed=4 workflow=native_netlsd status=success
2026-06-19 04:11:51,093 INFO row_complete 3948/3960 dataset=barabasi_albert perturbation=hub_modification alpha=0.7 seed=4 workflow=diversity_curves_shortest_path status=success
2026-06-19 04:15:39,785 INFO row_complete 3949/3960 dataset=barabasi_albert perturbation=hub_modification alpha=0.8 seed=4 workflow=structural_statistics_mmd status=success
2026-06-19 04:15:39,786 INFO row_complete 3950/3960 dataset=barabasi_albert perturbation=hub_modification alpha=0.8 seed=4 workflow=wl_subtree_kernel_mmd status=success
2026-06-19 04:15:39,787 INFO row_complete 3951/3960 dataset=barabasi_albert perturbation=hub_modification alpha=0.8 seed=4 workflow=native_netlsd status=success
2026-06-19 04:15:39,787 INFO row_complete 3952/3960 dataset=barabasi_albert perturbation=hub_modification alpha=0.8 seed=4 workflow=diversity_curves_shortest_path status=success
2026-06-19 04:19:28,533 INFO row_complete 3953/3960 dataset=barabasi_albert perturbation=hub_modification alpha=0.9 seed=4 workflow=structural_statistics_mmd status=success
2026-06-19 04:19:28,534 INFO row_complete 3954/3960 dataset=barabasi_albert perturbation=hub_modification alpha=0.9 seed=4 workflow=wl_subtree_kernel_mmd status=success
2026-06-19 04:19:28,535 INFO row_complete 3955/3960 dataset=barabasi_albert perturbation=hub_modification alpha=0.9 seed=4 workflow=native_netlsd status=success
2026-06-19 04:19:28,536 INFO row_complete 3956/3960 dataset=barabasi_albert perturbation=hub_modification alpha=0.9 seed=4 workflow=diversity_curves_shortest_path status=success
2026-06-19 04:23:17,129 INFO row_complete 3957/3960 dataset=barabasi_albert perturbation=hub_modification alpha=1.0 seed=4 workflow=structural_statistics_mmd status=success
2026-06-19 04:23:17,130 INFO row_complete 3958/3960 dataset=barabasi_albert perturbation=hub_modification alpha=1.0 seed=4 workflow=wl_subtree_kernel_mmd status=success
2026-06-19 04:23:17,131 INFO row_complete 3959/3960 dataset=barabasi_albert perturbation=hub_modification alpha=1.0 seed=4 workflow=native_netlsd status=success
2026-06-19 04:23:17,132 INFO row_complete 3960/3960 dataset=barabasi_albert perturbation=hub_modification alpha=1.0 seed=4 workflow=diversity_curves_shortest_path status=success
2026-06-19 04:23:17,132 INFO run_finish result_path=outputs/full_fidelity_experiment/results/results.csv rows_written=404 completed=3960 total=3960
